design_id,Ro_nm,Rc_nm,Rc_over_Ro,Lc_over_W,Lc_over_Rc,rTJ_nm,rTJ_over_W,rTJ_over_Ro,theta_center_negative_deg,theta_center_positive_deg,theta_outer_negative_deg,theta_outer_positive_deg,center_curvature_per_um,outer_curvature_per_um,sigma0_MPa,root_rate_per_contact_s,two_contact_characteristic_wait_s,surface_area_m2,GB_area_m2,total_interfacial_energy_J,center_volume_m3,outer_volume_each_m3,center_min_radius_over_W,resolution_margin,topology_margin_over_W,accessible_loading_direction_count,best_loading_coordinate,best_directional_dsigma_dq_MPa,best_directional_minus_dE_dq_fJ,best_directional_dlnGamma_dq,rank_score
Ro180_q0.55_L35W_r0.75_th160_kc+0_ko+0,180.0,99.00000000000003,0.55,34.65,1.3999999999999997,74.25000000000001,18.562500000000004,0.41250000000000003,160.0,160.0,160.0,160.0,0.0,0.0,39.790212242917484,0.07046022100111408,8.870253188534816,9.118390097883557e-13,3.463959329756278e-14,9.238692142908464e-13,4.064378946914033e-21,2.442902447431424e-20,18.562500000000007,2.8197080253484206,12.562500000000004,2,center_curvature,125.0,15.999788960040233,3.2083703193057644,15.174050637706964
Ro180_q0.55_L45W_r0.75_th160_kc+0_ko+0,180.0,99.00000000000003,0.55,44.550000000000004,1.7999999999999998,74.25000000000001,18.562500000000004,0.41250000000000003,160.0,160.0,160.0,160.0,0.0,0.0,39.790212242917484,0.07046022100111408,8.870253188534816,9.102921297965859e-13,3.463959329756278e-14,9.223223342990766e-13,4.064378946914033e-21,2.442902447431424e-20,18.562500000000004,2.8828583724895918,12.562500000000004,2,center_curvature,125.0,7.819949319668415,3.2083703193057644,15.174050637706964
Ro180_q0.55_L35W_r0.75_th160_kc+10_ko+10,180.0,99.00000000000003,0.55,34.65,1.3999999999999997,74.25000000000001,18.562500000000004,0.41250000000000003,160.0,160.0,160.0,160.0,10.0,10.0,29.790212242917484,0.053267796423127255,11.733167916978898,9.228873529971276e-13,3.463959329756278e-14,9.349175574996183e-13,4.064378946914033e-21,2.442902447431424e-20,18.562500000000004,2.8197080253484206,12.562500000000004,2,center_curvature,125.0,17.01756253136952,3.8313139289902765,15.104569485540072
Ro180_q0.55_L45W_r0.75_th160_kc+10_ko+10,180.0,99.00000000000003,0.55,44.550000000000004,1.7999999999999998,74.25000000000001,18.562500000000004,0.41250000000000003,160.0,160.0,160.0,160.0,10.0,10.0,29.790212242917484,0.053267796423127255,11.733167916978898,9.210696842606237e-13,3.463959329756278e-14,9.330998887631144e-13,4.064378946914033e-21,2.442902447431424e-20,18.562500000000004,2.8828583724895918,12.562500000000004,2,center_curvature,125.0,11.645851425695751,3.8313139289902765,15.104569485540072
Ro180_q0.55_L54W_r0.75_th160_kc+10_ko+10,180.0,99.00000000000003,0.55,54.45000000000001,2.2,74.25000000000001,18.562500000000004,0.41250000000000003,160.0,160.0,160.0,160.0,10.0,10.0,29.790212242917484,0.053267796423127255,11.733167916978898,9.286946751330335e-13,3.463959329756278e-14,9.407248796355242e-13,4.064378946914033e-21,2.442902447431424e-20,18.562500000000004,2.92233452268901,12.562500000000004,2,outer_curvature,125.0,281.4300547522806,3.8313139289902765,15.104569485540072
Ro150_q0.55_L45W_r0.75_th160_kc+10_ko+10,150.0,82.50000000000001,0.55,45.37500000000001,2.1999999999999997,61.875000000000014,15.468750000000004,0.41250000000000003,160.0,160.0,160.0,160.0,10.0,10.0,37.74825469150098,0.055671152247562264,11.226640275392676,6.436492925373465e-13,2.4055273123307485e-14,6.520036012196318e-13,2.3520711498345098e-21,1.4137166941154074e-20,15.468750000000004,2.435278768907508,9.468750000000004,2,outer_curvature,125.0,158.6765597716921,3.314397561539728,15.052034409737008
Ro150_q0.55_L37W_r0.75_th160_kc+10_ko+10,150.0,82.50000000000001,0.55,37.12500000000001,1.8,61.875000000000014,15.468750000000004,0.41250000000000003,160.0,160.0,160.0,160.0,10.0,10.0,37.74825469150098,0.055671152247562264,11.226640275392676,6.38293102813372e-13,2.4055273123307485e-14,6.466474114956572e-13,2.3520711498345098e-21,1.4137166941154074e-20,15.468750000000004,2.4023819770746595,9.468750000000004,2,center_curvature,125.0,6.37418642431694,3.314397561539728,14.986240826071311
Ro180_q0.45_L45W_r0.75_th160_kc+10_ko+10,180.0,81.00000000000001,0.45,44.550000000000004,2.2,60.750000000000014,15.187500000000002,0.3375,160.0,160.0,160.0,160.0,10.0,10.0,38.63248163023248,0.05594623039079951,11.171440785808203,9.046429762387463e-13,2.3188488075227973e-14,9.126962536329756e-13,2.2260948552218853e-21,2.442902447431424e-20,15.187500000000002,2.3910009731091897,9.187500000000002,2,outer_curvature,125.0,220.25672219645614,3.267412793607427,14.972281318723963
Ro150_q0.55_L37W_r0.75_th160_kc+0_ko+0,150.0,82.50000000000001,0.55,37.12500000000001,1.8,61.875000000000014,15.468750000000004,0.41250000000000003,160.0,160.0,160.0,160.0,0.0,0.0,47.74825469150098,0.07120227012163291,8.777810018308818,6.321473123601236e-13,2.4055273123307485e-14,6.405016210424089e-13,2.3520711498345098e-21,1.4137166941154074e-20,15.46875,2.4023819770746595,9.468750000000004,2,center_curvature,125.0,4.525439618916413,2.8646487321166703,14.960325957811083
Ro180_q0.45_L36W_r0.75_th160_kc+10_ko+10,180.0,81.00000000000001,0.45,36.45,1.8,60.750000000000014,15.187500000000002,0.3375,160.0,160.0,160.0,160.0,10.0,10.0,38.63248163023248,0.05594623039079951,11.171440785808203,8.994742710368363e-13,2.3188488075227973e-14,9.075275484310656e-13,2.2260948552218853e-21,2.442902447431424e-20,15.187500000000002,2.358702304764211,9.187500000000002,2,center_curvature,125.0,6.001282615792026,3.267412793607427,14.907683982034005
Ro150_q0.55_L29W_r0.75_th160_kc+10_ko+10,150.0,82.50000000000001,0.55,28.875,1.4,61.875000000000014,15.468750000000004,0.41250000000000003,160.0,160.0,160.0,160.0,10.0,10.0,37.74825469150098,0.055671152247562264,11.226640275392676,6.395294333103497e-13,2.4055273123307485e-14,6.478837419926349e-13,2.3520711498345098e-21,1.4137166941154074e-20,15.468750000000004,2.34975668779035,9.468750000000004,2,center_curvature,125.0,9.750668250508943,3.314397561539728,14.880990247502693
Ro180_q0.45_L36W_r0.75_th160_kc+0_ko+0,180.0,81.00000000000001,0.45,36.45,1.8,60.750000000000014,15.187500000000002,0.3375,160.0,160.0,160.0,160.0,0.0,0.0,48.63248163023248,0.07133045054055549,8.762036343015264,8.909809234930101e-13,2.3188488075227973e-14,8.990342008872395e-13,2.2260948552218853e-21,2.442902447431424e-20,15.187500000000002,2.358702304764211,9.187500000000002,2,center_curvature,125.0,4.28305876081507,2.831962939707111,14.869811878131474
Ro150_q0.55_L29W_r0.75_th160_kc+0_ko+0,150.0,82.50000000000001,0.55,28.875,1.4,61.875000000000014,15.468750000000004,0.41250000000000003,160.0,160.0,160.0,160.0,0.0,0.0,47.74825469150098,0.07120227012163291,8.777810018308818,6.332215345766304e-13,2.4055273123307485e-14,6.415758432589156e-13,2.3520711498345098e-21,1.4137166941154074e-20,15.46875,2.34975668779035,9.468750000000004,2,center_curvature,125.0,9.259138487654873,2.8646487321166703,14.855075379242464
Ro180_q0.45_L28W_r0.75_th160_kc+10_ko+10,180.0,81.00000000000001,0.45,28.35,1.4,60.750000000000014,15.187500000000002,0.3375,160.0,160.0,160.0,160.0,10.0,10.0,38.63248163023248,0.05594623039079951,11.171440785808203,9.006636770778591e-13,2.3188488075227973e-14,9.087169544720885e-13,2.2260948552218853e-21,2.442902447431424e-20,15.187500000000002,2.3070338389214347,9.187500000000002,2,center_curvature,125.0,9.220026824861455,3.267412793607427,14.804347050348452
Ro180_q0.55_L35W_r0.75_th160_kc-10_ko-10,180.0,99.00000000000003,0.55,34.65,1.3999999999999997,74.25000000000001,18.562500000000004,0.41250000000000003,160.0,160.0,160.0,160.0,-10.0,-10.0,49.79021224291748,0.08948134053752878,6.984696432189378,9.025767772966335e-13,3.463959329756278e-14,9.146069817991243e-13,4.064378946914033e-21,2.442902447431424e-20,18.562500000000004,2.8197080253484206,12.562500000000004,2,center_curvature,125.0,14.963573837756927,2.790544142177498,14.796939286437876
Ro180_q0.55_L45W_r0.75_th160_kc-10_ko-10,180.0,99.00000000000003,0.55,44.550000000000004,1.7999999999999998,74.25000000000001,18.562500000000004,0.41250000000000003,160.0,160.0,160.0,160.0,-10.0,-10.0,49.79021224291748,0.08948134053752878,6.984696432189378,9.014143284434982e-13,3.463959329756278e-14,9.13444532945989e-13,4.064378946914033e-21,2.442902447431424e-20,18.562500000000004,2.8828583724895918,12.562500000000004,2,center_curvature,125.0,3.9131225120130977,2.790544142177498,14.796939286437876
Ro180_q0.45_L28W_r0.75_th160_kc+0_ko+0,180.0,81.00000000000001,0.45,28.35,1.4,60.750000000000014,15.187500000000002,0.3375,160.0,160.0,160.0,160.0,0.0,0.0,48.63248163023248,0.07133045054055549,8.762036343015264,8.920164381982444e-13,2.3188488075227973e-14,9.000697155924737e-13,2.2260948552218853e-21,2.442902447431424e-20,15.187500000000005,2.3070338389214347,9.187500000000002,2,center_curvature,125.0,8.763221639868254,2.831962939707111,14.766474946445921
Ro180_q0.55_L54W_r0.60_th160_kc+10_ko+10,180.0,99.00000000000003,0.55,54.45000000000001,2.2,59.40000000000001,14.850000000000003,0.33000000000000007,160.0,160.0,160.0,160.0,10.0,10.0,39.73776530364685,0.05629231721677814,11.102758438476865,9.446809344734535e-13,2.2169339710440177e-14,9.523802653550476e-13,4.064378946914033e-21,2.442902447431424e-20,14.850000000000005,2.2570722186053334,8.850000000000003,2,center_curvature,125.0,16.791800539214528,3.2109869258717394,14.715498588147566
Ro180_q0.55_L54W_r0.60_th160_kc+0_ko+0,180.0,99.00000000000003,0.55,54.45000000000001,2.2,59.40000000000001,14.850000000000003,0.33000000000000007,160.0,160.0,160.0,160.0,0.0,0.0,49.73776530364685,0.07150127922245668,8.741102352245802,9.36023277757847e-13,2.2169339710440177e-14,9.43722608639441e-13,4.064378946914033e-21,2.442902447431424e-20,14.850000000000005,2.2570722186053334,8.850000000000003,2,center_curvature,125.0,12.424222079096896,2.7923878584797945,14.662364907659827
Ro150_q0.55_L37W_r0.75_th160_kc-10_ko-10,150.0,82.50000000000001,0.55,37.12500000000001,1.8,61.875000000000014,15.468750000000004,0.41250000000000003,160.0,160.0,160.0,160.0,-10.0,-10.0,57.74825469150098,0.08833539353318803,7.075306680613638,6.269175923712639e-13,2.4055273123307485e-14,6.352719010535492e-13,2.3520711498345098e-21,1.4137166941154074e-20,15.468750000000004,2.4023819770746595,9.468750000000004,2,center_curvature,125.00000000000186,2.6441334209446445,2.5417570141890167,14.619825290272047
Ro180_q0.55_L45W_r0.60_th160_kc+10_ko+10,180.0,99.00000000000003,0.55,44.550000000000004,1.7999999999999998,59.40000000000001,14.850000000000003,0.33000000000000007,160.0,160.0,160.0,160.0,10.0,10.0,39.73776530364685,0.05629231721677814,11.102758438476865,9.43031404659079e-13,2.2169339710440177e-14,9.50730735540673e-13,4.064378946914033e-21,2.442902447431424e-20,14.850000000000003,2.205721726177927,8.850000000000003,2,center_curvature,125.0,19.05530388702614,3.2109869258717394,14.612797603292755
Ro180_q0.55_L45W_r0.60_th160_kc+0_ko+0,180.0,99.00000000000003,0.55,44.550000000000004,1.7999999999999998,59.40000000000001,14.850000000000003,0.33000000000000007,160.0,160.0,160.0,160.0,0.0,0.0,49.73776530364685,0.07150127922245668,8.741102352245802,9.34230150106722e-13,2.2169339710440177e-14,9.419294809883162e-13,4.064378946914033e-21,2.442902447431424e-20,14.850000000000001,2.205721726177927,8.850000000000003,2,center_curvature,125.0,17.35487531303587,2.7923878584797945,14.559663922805015
Ro180_q0.45_L36W_r0.75_th160_kc-10_ko-10,180.0,81.00000000000001,0.45,36.45,1.8,60.750000000000014,15.187500000000002,0.3375,160.0,160.0,160.0,160.0,-10.0,-10.0,58.63248163023248,0.08829514764572027,7.0785316822593725,8.836057830846015e-13,2.3188488075227973e-14,8.916590604788308e-13,2.2260948552218853e-21,2.442902447431424e-20,15.187500000000002,2.358702304764211,9.187500000000002,2,center_curvature,125.0,2.5351269531189504,2.5174157411118614,14.533110945980296
Ro150_q0.55_L29W_r0.75_th160_kc-10_ko-10,150.0,82.50000000000001,0.55,28.875,1.4,61.875000000000014,15.468750000000004,0.41250000000000003,160.0,160.0,160.0,160.0,-10.0,-10.0,57.74825469150098,0.08833539353318803,7.075306680613638,6.277748920015234e-13,2.4055273123307485e-14,6.361292006838086e-13,2.3520711498345098e-21,1.4137166941154074e-20,15.468750000000004,2.34975668779035,9.468750000000004,2,center_curvature,125.00000000000186,8.760198655535417,2.5417570141890167,14.514574711703428
Ro180_q0.55_L35W_r0.60_th160_kc+10_ko+10,180.0,99.00000000000003,0.55,34.65,1.3999999999999997,59.40000000000001,14.850000000000003,0.33000000000000007,160.0,160.0,160.0,160.0,10.0,10.0,39.73776530364685,0.05629231721677814,11.102758438476865,9.522130642207283e-13,2.2169339710440177e-14,9.599123951023224e-13,4.064378946914033e-21,2.442902447431424e-20,14.850000000000007,2.12251956073773,8.850000000000003,2,center_curvature,125.0,16.109539022796447,3.2109869258717394,14.44639327241236
Ro180_q0.45_L28W_r0.75_th160_kc-10_ko-10,180.0,81.00000000000001,0.45,28.35,1.4,60.750000000000014,15.187500000000002,0.3375,160.0,160.0,160.0,160.0,-10.0,-10.0,58.63248163023248,0.08829514764572027,7.0785316822593725,8.844364704782962e-13,2.3188488075227973e-14,8.924897478725256e-13,2.2260948552218853e-21,2.442902447431424e-20,15.187500000000005,2.3070338389214347,9.187500000000002,2,center_curvature,125.0,8.299656061436625,2.5174157411118614,14.429774014294743
Ro180_q0.55_L35W_r0.60_th160_kc+0_ko+0,180.0,99.00000000000003,0.55,34.65,1.3999999999999997,59.40000000000001,14.850000000000003,0.33000000000000007,160.0,160.0,160.0,160.0,0.0,0.0,49.73776530364685,0.07150127922245668,8.741102352245802,9.435042855087346e-13,2.2169339710440177e-14,9.512036163903287e-13,4.064378946914033e-21,2.442902447431424e-20,14.850000000000003,2.12251956073773,8.850000000000003,2,center_curvature,125.0,15.682366837932173,2.7923878584797945,14.39325959192462
Ro180_q0.55_L54W_r0.60_th160_kc-10_ko-10,180.0,99.00000000000003,0.55,54.45000000000001,2.2,59.40000000000001,14.850000000000003,0.33000000000000007,160.0,160.0,160.0,160.0,-10.0,-10.0,59.737765303646846,0.08826470054723498,7.080973437003056,9.285332356379843e-13,2.2169339710440177e-14,9.362325665195784e-13,4.064378946914033e-21,2.442902447431424e-20,14.850000000000005,2.2570722186053334,8.850000000000003,2,center_curvature,125.0,7.945693473007909,2.4877849840380106,14.330339124611278
Ro180_q0.55_L45W_r0.60_th160_kc-10_ko-10,180.0,99.00000000000003,0.55,44.550000000000004,1.7999999999999998,59.40000000000001,14.850000000000003,0.33000000000000007,160.0,160.0,160.0,160.0,-10.0,-10.0,59.737765303646846,0.08826470054723498,7.080973437003056,9.264882152936632e-13,2.2169339710440177e-14,9.341875461752573e-13,4.064378946914033e-21,2.442902447431424e-20,14.850000000000005,2.205721726177927,8.850000000000003,2,center_curvature,125.0,15.621421941032278,2.4877849840380106,14.227638139756467
Ro150_q0.45_L30W_r0.75_th160_kc+10_ko+10,150.0,67.50000000000001,0.45,30.375000000000004,1.7999999999999998,50.625000000000014,12.656250000000002,0.3375,160.0,160.0,160.0,160.0,10.0,10.0,48.35897795627898,0.0590742087512232,10.579913183975718,6.235981542179841e-13,1.6103116718908314e-14,6.291907079639768e-13,1.2882493375126653e-21,1.4137166941154074e-20,12.656250000000002,1.965585253970176,6.656250000000002,2,center_curvature,125.0,3.308570291237102,2.841973355065086,14.221545187979494
Ro120_q0.55_L30W_r0.75_th160_kc+10_ko+10,120.0,66.00000000000001,0.55,29.700000000000003,1.8,49.50000000000001,12.375,0.4125,160.0,160.0,160.0,160.0,10.0,10.0,49.68531836437623,0.059514607338794254,10.501623516426989,4.076741907014315e-13,1.5395374798916786e-14,4.130209482580941e-13,1.2042604287152686e-21,7.238229473870886e-21,12.375,1.9219055816597275,6.375,2,center_curvature,125.0,3.075757142949344,2.7942346144085306,14.148278598160871
Ro150_q0.45_L24W_r0.75_th160_kc+10_ko+10,150.0,67.50000000000001,0.45,23.625,1.3999999999999997,50.625000000000014,12.656250000000002,0.3375,160.0,160.0,160.0,160.0,10.0,10.0,48.35897795627898,0.0590742087512232,10.579913183975718,6.244087470042447e-13,1.6103116718908314e-14,6.300013007502374e-13,1.2882493375126653e-21,1.4137166941154074e-20,12.656250000000004,1.9225281991011958,6.656250000000002,2,center_curvature,125.0,5.291865929119775,2.841973355065086,14.135431078241535
Ro150_q0.55_L45W_r0.60_th160_kc+10_ko+10,150.0,82.50000000000001,0.55,45.37500000000001,2.1999999999999997,49.50000000000001,12.375,0.33,160.0,160.0,160.0,160.0,10.0,10.0,49.68531836437623,0.059514607338794254,10.501623516426989,6.549703672508511e-13,1.5395374798916786e-14,6.603171248075136e-13,2.3520711498345098e-21,1.4137166941154074e-20,12.375000000000002,1.8808935155044442,6.375,2,center_curvature,125.0,9.300968292068212,2.7942346144085306,14.066254465850305
Ro120_q0.55_L23W_r0.75_th160_kc+10_ko+10,120.0,66.00000000000001,0.55,23.1,1.4,49.50000000000001,12.375,0.4125,160.0,160.0,160.0,160.0,10.0,10.0,49.68531836437623,0.059514607338794254,10.501623516426989,4.0844746628553784e-13,1.5395374798916786e-14,4.137942238422004e-13,1.2042604287152686e-21,7.238229473870886e-21,12.375,1.87980535023228,6.375,2,center_curvature,125.0,4.942301531522977,2.7942346144085306,14.064078135305977
Ro180_q0.55_L35W_r0.60_th160_kc-10_ko-10,180.0,99.00000000000003,0.55,34.65,1.3999999999999997,59.40000000000001,14.850000000000003,0.33000000000000007,160.0,160.0,160.0,160.0,-10.0,-10.0,59.737765303646846,0.08826470054723498,7.080973437003056,9.35803223164252e-13,2.2169339710440177e-14,9.43502554045846e-13,4.064378946914033e-21,2.442902447431424e-20,14.85,2.12251956073773,8.850000000000003,2,center_curvature,125.0,15.256186104661719,2.4877849840380106,14.061233808876072
Ro150_q0.45_L30W_r0.75_th160_kc+0_ko+0,150.0,67.50000000000001,0.45,30.375000000000004,1.7999999999999998,50.625000000000014,12.656250000000002,0.3375,160.0,160.0,160.0,160.0,0.0,0.0,58.35897795627898,0.07317452005980099,8.541224452025464,6.187367524257151e-13,1.6103116718908314e-14,6.243293061717078e-13,1.2882493375126653e-21,1.4137166941154074e-20,12.65625,1.965585253970176,6.656250000000002,2,center_curvature,125.0,2.4786241623948313,2.524883167829839,14.039415398345444
Ro180_q0.45_L45W_r0.60_th160_kc+10_ko+10,180.0,81.00000000000001,0.45,44.550000000000004,2.2,48.60000000000001,12.15,0.27,160.0,160.0,160.0,160.0,10.0,10.0,50.790602037790606,0.05988401928357105,10.436841205337503,9.146463816164502e-13,1.48406323681459e-14,9.19800479148757e-13,2.2260948552218853e-21,2.442902447431424e-20,12.150000000000002,1.8466954515861815,6.15,2,center_curvature,125.0,8.766883486802389,2.755947645981749,14.009679520246637
Ro180_q0.35_L28W_r0.75_th160_kc+10_ko+10,180.0,63.00000000000001,0.35,28.35,1.7999999999999998,47.25,11.8125,0.26249999999999996,160.0,160.0,160.0,160.0,10.0,10.0,52.52747638172748,0.0604688778659074,10.335895456601115,8.814841805989059e-13,1.4027603897360126e-14,8.863559163065261e-13,1.047394424336223e-21,2.442902447431424e-20,11.812499999999998,1.8345462370388304,5.8125,2,center_curvature,125.0,2.6453375412595994,2.6983422624509146,14.004096565786696
Ro180_q0.55_L35W_r0.75_th140_kc+0_ko+0,180.0,99.00000000000003,0.55,34.65,1.3999999999999997,74.25000000000001,18.562500000000004,0.41250000000000003,140.0,140.0,140.0,140.0,0.0,0.0,37.96737861761244,0.06719396025505991,9.301431224288281,9.013654839829825e-13,3.463959329756278e-14,9.133956884854733e-13,4.064378946914033e-21,2.442902447431424e-20,18.562500000000004,2.8197080253484206,12.562500000000004,2,center_curvature,125.0,14.58295713067918,3.3025952551115623,13.996045127200542
Ro180_q0.55_L45W_r0.75_th140_kc+0_ko+0,180.0,99.00000000000003,0.55,44.550000000000004,1.7999999999999998,74.25000000000001,18.562500000000004,0.41250000000000003,140.0,140.0,140.0,140.0,0.0,0.0,37.96737861761244,0.06719396025505991,9.301431224288281,9.015461515397181e-13,3.463959329756278e-14,9.135763560422088e-13,4.064378946914033e-21,2.442902447431424e-20,18.562500000000004,2.8828583724895918,12.562500000000004,2,outer_curvature,125.0,233.67346096523193,3.3025952551115623,13.996045127200542
Ro150_q0.55_L37W_r0.60_th160_kc+10_ko+10,150.0,82.50000000000001,0.55,37.12500000000001,1.8,49.50000000000001,12.375,0.33,160.0,160.0,160.0,160.0,10.0,10.0,49.68531836437623,0.059514607338794254,10.501623516426989,6.538133673222273e-13,1.5395374798916786e-14,6.591601248788899e-13,2.3520711498345098e-21,1.4137166941154074e-20,12.375,1.8381014384816057,6.375,2,center_curvature,125.0,10.864627868569125,2.7942346144085306,13.980670311804628
Ro150_q0.45_L24W_r0.75_th160_kc+0_ko+0,150.0,67.50000000000001,0.45,23.625,1.3999999999999997,50.625000000000014,12.656250000000002,0.3375,160.0,160.0,160.0,160.0,0.0,0.0,58.35897795627898,0.07317452005980099,8.541224452025464,6.194558598599056e-13,1.6103116718908314e-14,6.250484136058982e-13,1.2882493375126653e-21,1.4137166941154074e-20,12.656250000000004,1.9225281991011958,6.656250000000002,2,center_curvature,125.0,5.071309317285519,2.524883167829839,13.953301288607484
Ro120_q0.55_L30W_r0.75_th160_kc+0_ko+0,120.0,66.00000000000001,0.55,29.700000000000003,1.8,49.50000000000001,12.375,0.4125,160.0,160.0,160.0,160.0,0.0,0.0,59.68531836437623,0.07347715944907234,8.506044663215281,4.045742799095932e-13,1.5395374798916786e-14,4.0992103746625576e-13,1.2042604287152686e-21,7.238229473870886e-21,12.375000000000002,1.9219055816597275,6.375,2,center_curvature,125.0,2.3170275920124883,2.4891715655712687,13.94502009596251
Ro180_q0.45_L36W_r0.60_th160_kc+10_ko+10,180.0,81.00000000000001,0.45,36.45,1.8,48.60000000000001,12.15,0.27,160.0,160.0,160.0,160.0,10.0,10.0,50.790602037790606,0.05988401928357105,10.436841205337503,9.135299676025438e-13,1.48406323681459e-14,9.186840651348506e-13,2.2260948552218853e-21,2.442902447431424e-20,12.15,1.8046814123273949,6.15,2,center_curvature,125.0,10.268695501621963,2.755947645981749,13.925651441729064
Ro180_q0.35_L22W_r0.75_th160_kc+10_ko+10,180.0,63.00000000000001,0.35,22.049999999999997,1.3999999999999997,47.25,11.8125,0.26249999999999996,160.0,160.0,160.0,160.0,10.0,10.0,52.52747638172748,0.0604688778659074,10.335895456601115,8.821856430726478e-13,1.4027603897360126e-14,8.870573787802681e-13,1.047394424336223e-21,2.442902447431424e-20,11.8125,1.7943596524944487,5.8125,2,center_curvature,125.0,4.290594714888124,2.6983422624509146,13.923723396697934
Ro150_q0.55_L45W_r0.60_th160_kc+0_ko+0,150.0,82.50000000000001,0.55,45.37500000000001,2.1999999999999997,49.50000000000001,12.375,0.33,160.0,160.0,160.0,160.0,0.0,0.0,59.68531836437623,0.07347715944907234,8.506044663215281,6.500161651111182e-13,1.5395374798916786e-14,6.553629226677807e-13,2.3520711498345098e-21,1.4137166941154074e-20,12.375,1.8808935155044442,6.375,2,center_curvature,125.0,7.189951532012876,2.4891715655712687,13.862995963651944
Ro120_q0.55_L23W_r0.75_th160_kc+0_ko+0,120.0,66.00000000000001,0.55,23.1,1.4,49.50000000000001,12.375,0.4125,160.0,160.0,160.0,160.0,0.0,0.0,59.68531836437623,0.07347715944907234,8.506044663215281,4.052617821281575e-13,1.5395374798916786e-14,4.1060853968482004e-13,1.2042604287152686e-21,7.238229473870886e-21,12.375,1.87980535023228,6.375,2,center_curvature,125.0,4.74067947455398,2.4891715655712687,13.860819633107615
Ro150_q0.55_L29W_r0.60_th160_kc+10_ko+10,150.0,82.50000000000001,0.55,28.875,1.4,49.50000000000001,12.375,0.33,160.0,160.0,160.0,160.0,10.0,10.0,49.68531836437623,0.059514607338794254,10.501623516426989,6.602026720355125e-13,1.5395374798916786e-14,6.655494295921751e-13,2.3520711498345098e-21,1.4137166941154074e-20,12.375,1.7687663006147747,6.375,2,center_curvature,125.0,9.281392007186929,2.7942346144085306,13.842000036070965
Ro180_q0.45_L28W_r0.60_th160_kc+10_ko+10,180.0,81.00000000000001,0.45,28.35,1.4,48.60000000000001,12.15,0.27,160.0,160.0,160.0,160.0,10.0,10.0,50.790602037790606,0.05988401928357105,10.436841205337503,9.196901522071937e-13,1.48406323681459e-14,9.248442497395005e-13,2.2260948552218853e-21,2.442902447431424e-20,12.150000000000002,1.7366069133308697,6.15,2,center_curvature,125.0,8.780734534828428,2.755947645981749,13.789502443736014
Ro180_q0.45_L45W_r0.60_th160_kc+0_ko+0,180.0,81.00000000000001,0.45,44.550000000000004,2.2,48.60000000000001,12.15,0.27,160.0,160.0,160.0,160.0,0.0,0.0,60.790602037790606,0.07373718968749228,8.476048553638003,9.079802720376699e-13,1.48406323681459e-14,9.131343695699768e-13,2.2260948552218853e-21,2.442902447431424e-20,12.150000000000002,1.8466954515861815,6.15,2,center_curvature,125.0,6.804860308137693,2.4603473811861676,13.788600613899964
Ro150_q0.55_L37W_r0.75_th140_kc+0_ko+0,150.0,82.50000000000001,0.55,37.12500000000001,1.8,61.875000000000014,15.468750000000004,0.41250000000000003,140.0,140.0,140.0,140.0,0.0,0.0,45.560854341134934,0.06767119070901956,9.235835714601913,6.260737163462685e-13,2.4055273123307485e-14,6.344280250285537e-13,2.3520711498345098e-21,1.4137166941154074e-20,15.468750000000004,2.4023819770746595,9.468750000000004,2,outer_curvature,125.0,135.2277510421003,2.9497276884153933,13.787689979412587
Ro150_q0.55_L37W_r0.60_th160_kc+0_ko+0,150.0,82.50000000000001,0.55,37.12500000000001,1.8,49.50000000000001,12.375,0.33,160.0,160.0,160.0,160.0,0.0,0.0,59.68531836437623,0.07347715944907234,8.506044663215281,6.487709375756147e-13,1.5395374798916786e-14,6.541176951322773e-13,2.3520711498345098e-21,1.4137166941154074e-20,12.375,1.8381014384816057,6.375,2,center_curvature,125.0,10.04333305312664,2.4891715655712687,13.777411809606267
Ro180_q0.35_L28W_r0.75_th160_kc+0_ko+0,180.0,63.00000000000001,0.35,28.35,1.7999999999999998,47.25,11.8125,0.26249999999999996,160.0,160.0,160.0,160.0,0.0,0.0,62.52747638172748,0.07415942468080339,8.427789221533498,8.75249647712706e-13,1.4027603897360126e-14,8.801213834203262e-13,1.047394424336223e-21,2.442902447431424e-20,11.8125,1.8345462370388304,5.8125,2,center_curvature,125.0,2.0152137675445183,2.4166724182199673,13.75465031838436
Ro180_q0.55_L35W_r0.75_th140_kc+10_ko+10,180.0,99.00000000000003,0.55,34.65,1.3999999999999997,74.25000000000001,18.562500000000004,0.41250000000000003,140.0,140.0,140.0,140.0,10.0,10.0,27.967378617612443,0.05031925611392872,12.420692360493693,9.124834538945294e-13,3.463959329756278e-14,9.245136583970201e-13,4.064378946914033e-21,2.442902447431424e-20,18.562500000000004,2.8197080253484206,12.562500000000004,2,center_curvature,125.0,16.007967785390164,3.9810651879754744,13.745975077988604
Ro180_q0.55_L45W_r0.75_th140_kc+10_ko+10,180.0,99.00000000000003,0.55,44.550000000000004,1.7999999999999998,74.25000000000001,18.562500000000004,0.41250000000000003,140.0,140.0,140.0,140.0,10.0,10.0,27.967378617612443,0.05031925611392872,12.420692360493693,9.120752910688558e-13,3.463959329756278e-14,9.241054955713465e-13,4.064378946914033e-21,2.442902447431424e-20,18.562500000000004,2.8828583724895918,12.562500000000004,2,center_curvature,125.0,3.2123252375842783,3.9810651879754744,13.745975077988604
Ro150_q0.45_L30W_r0.75_th160_kc-10_ko-10,150.0,67.50000000000001,0.45,30.375000000000004,1.7999999999999998,50.625000000000014,12.656250000000002,0.3375,160.0,160.0,160.0,160.0,-10.0,-10.0,68.35897795627898,0.08865569246618031,7.0497447215633695,6.144145221260887e-13,1.6103116718908314e-14,6.200070758720813e-13,1.2882493375126653e-21,1.4137166941154074e-20,12.656250000000002,1.965585253970176,6.656250000000002,2,center_curvature,125.0,1.636729836624106,2.2829358647005193,13.741119452253026
Ro180_q0.45_L36W_r0.60_th160_kc+0_ko+0,180.0,81.00000000000001,0.45,36.45,1.8,48.60000000000001,12.15,0.27,160.0,160.0,160.0,160.0,0.0,0.0,60.790602037790606,0.07373718968749228,8.476048553638003,9.067799138579912e-13,1.48406323681459e-14,9.11934011390298e-13,2.2260948552218853e-21,2.442902447431424e-20,12.15,1.8046814123273949,6.15,2,center_curvature,125.0,9.505415039764573,2.4603473811861676,13.704572535382392
Ro180_q0.45_L36W_r0.75_th140_kc+0_ko+0,180.0,81.00000000000001,0.45,36.45,1.8,60.750000000000014,15.187500000000002,0.3375,140.0,140.0,140.0,140.0,0.0,0.0,46.40457386597077,0.06776917606310233,9.22248190560912,8.836040598567832e-13,2.3188488075227973e-14,8.916573372510126e-13,2.2260948552218853e-21,2.442902447431424e-20,15.187500000000002,2.358702304764211,9.187500000000002,2,outer_curvature,125.0,198.55218830374596,2.916169988929518,13.697659872993128
Ro150_q0.55_L29W_r0.75_th140_kc+0_ko+0,150.0,82.50000000000001,0.55,28.875,1.4,61.875000000000014,15.468750000000004,0.41250000000000003,140.0,140.0,140.0,140.0,0.0,0.0,45.560854341134934,0.06767119070901956,9.235835714601913,6.259482527652022e-13,2.4055273123307485e-14,6.343025614474874e-13,2.3520711498345098e-21,1.4137166941154074e-20,15.46875,2.34975668779035,9.468750000000004,2,center_curvature,125.0,8.439213905934272,2.9497276884153933,13.682439400843968
Ro180_q0.35_L22W_r0.75_th160_kc+0_ko+0,180.0,63.00000000000001,0.35,22.049999999999997,1.3999999999999997,47.25,11.8125,0.26249999999999996,160.0,160.0,160.0,160.0,0.0,0.0,62.52747638172748,0.07415942468080339,8.427789221533498,8.758760701887117e-13,1.4027603897360126e-14,8.807478058963319e-13,1.047394424336223e-21,2.442902447431424e-20,11.8125,1.7943596524944487,5.8125,2,center_curvature,125.0,4.123162419817396,2.4166724182199673,13.674277149295598
Ro150_q0.45_L24W_r0.75_th160_kc-10_ko-10,150.0,67.50000000000001,0.45,23.625,1.3999999999999997,50.625000000000014,12.656250000000002,0.3375,160.0,160.0,160.0,160.0,-10.0,-10.0,68.35897795627898,0.08865569246618031,7.0497447215633695,6.150175772034352e-13,1.6103116718908314e-14,6.206101309494279e-13,1.2882493375126653e-21,1.4137166941154074e-20,12.656250000000002,1.9225281991011958,6.656250000000002,2,center_curvature,125.0,4.8480361440017745,2.2829358647005193,13.655005342515066
Ro180_q0.55_L35W_r0.75_th120_kc+0_ko+0,180.0,99.00000000000003,0.55,34.65,1.3999999999999997,74.25000000000001,18.562500000000004,0.41250000000000003,120.0,120.0,120.0,120.0,0.0,0.0,34.99092540543186,0.06198932699463923,10.082380795230272,8.910450112281587e-13,3.463959329756278e-14,9.030752157306495e-13,4.064378946914033e-21,2.442902447431424e-20,18.562500000000004,2.8197080253484206,12.562500000000004,2,center_curvature,125.0,12.554523117747658,3.4726380616678654,13.65432903030168
Ro120_q0.55_L30W_r0.75_th160_kc-10_ko-10,120.0,66.00000000000001,0.55,29.700000000000003,1.8,49.50000000000001,12.375,0.4125,160.0,160.0,160.0,160.0,-10.0,-10.0,69.68531836437623,0.08879780409639658,7.038462339919085,4.018495600996531e-13,1.5395374798916786e-14,4.0719631765631563e-13,1.2042604287152686e-21,7.238229473870886e-21,12.375,1.9219055816597275,6.375,2,center_curvature,125.0,1.5476188896331433,2.2549887135525637,13.651503631303271
Ro150_q0.55_L29W_r0.60_th160_kc+0_ko+0,150.0,82.50000000000001,0.55,28.875,1.4,49.50000000000001,12.375,0.33,160.0,160.0,160.0,160.0,0.0,0.0,59.68531836437623,0.07347715944907234,8.506044663215281,6.55211309382568e-13,1.5395374798916786e-14,6.605580669392305e-13,2.3520711498345098e-21,1.4137166941154074e-20,12.375,1.7687663006147747,6.375,2,center_curvature,125.0,9.075443698552832,2.4891715655712687,13.638741533872604
Ro150_q0.55_L37W_r0.75_th140_kc+10_ko+10,150.0,82.50000000000001,0.55,37.12500000000001,1.8,61.875000000000014,15.468750000000004,0.41250000000000003,140.0,140.0,140.0,140.0,10.0,10.0,35.560854341134934,0.05247806874268703,11.909737057293967,6.320452915288148e-13,2.4055273123307485e-14,6.403996002111e-13,2.3520711498345098e-21,1.4137166941154074e-20,15.468750000000004,2.4023819770746595,9.468750000000004,2,center_curvature,125.0,1.3524655050368986,3.4383681683367584,13.619821036258188
Ro180_q0.45_L28W_r0.75_th140_kc+0_ko+0,180.0,81.00000000000001,0.45,28.35,1.4,60.750000000000014,15.187500000000002,0.3375,140.0,140.0,140.0,140.0,0.0,0.0,46.40457386597077,0.06776917606310233,9.22248190560912,8.834831171121916e-13,2.3188488075227973e-14,8.91536394506421e-13,2.2260948552218853e-21,2.442902447431424e-20,15.187500000000005,2.3070338389214347,9.187500000000002,2,center_curvature,125.0,7.987212093503591,2.916169988929518,13.594322941307578
Ro180_q0.55_L35W_r0.75_th140_kc-10_ko-10,180.0,99.00000000000003,0.55,34.65,1.3999999999999997,74.25000000000001,18.562500000000004,0.41250000000000003,140.0,140.0,140.0,140.0,-10.0,-10.0,47.96737861761244,0.08587225249567483,7.278253240550312,8.926329171995483e-13,3.463959329756278e-14,9.046631217020391e-13,4.064378946914033e-21,2.442902447431424e-20,18.562500000000004,2.8197080253484206,12.562500000000004,2,center_curvature,125.0,13.122619947633073,2.8564610901621323,13.591409530452946
Ro150_q0.55_L45W_r0.60_th160_kc-10_ko-10,150.0,82.50000000000001,0.55,45.37500000000001,2.1999999999999997,49.50000000000001,12.375,0.33,160.0,160.0,160.0,160.0,-10.0,-10.0,69.68531836437623,0.08879780409639658,7.038462339919085,6.456249695369235e-13,1.5395374798916786e-14,6.50971727093586e-13,2.3520711498345098e-21,1.4137166941154074e-20,12.375,1.8808935155044442,6.375,2,center_curvature,125.0,5.034305234154446,2.2549887135525637,13.569479498992706
Ro180_q0.45_L28W_r0.60_th160_kc+0_ko+0,180.0,81.00000000000001,0.45,28.35,1.4,48.60000000000001,12.15,0.27,160.0,160.0,160.0,160.0,0.0,0.0,60.790602037790606,0.07373718968749228,8.476048553638003,9.129882193750409e-13,1.48406323681459e-14,9.181423169073476e-13,2.2260948552218853e-21,2.442902447431424e-20,12.150000000000002,1.7366069133308697,6.15,2,center_curvature,125.0,8.589365383016151,2.4603473811861676,13.568423537389341
Ro120_q0.55_L23W_r0.75_th160_kc-10_ko-10,120.0,66.00000000000001,0.55,23.1,1.4,49.50000000000001,12.375,0.4125,160.0,160.0,160.0,160.0,-10.0,-10.0,69.68531836437623,0.08879780409639658,7.038462339919085,4.0242883369146156e-13,1.5395374798916786e-14,4.077755912481241e-13,1.2042604287152686e-21,7.238229473870886e-21,12.375,1.87980535023228,6.375,2,center_curvature,125.0,4.536629601845026,2.2549887135525637,13.567303168448376
Ro180_q0.45_L36W_r0.75_th140_kc+10_ko+10,180.0,81.00000000000001,0.45,36.45,1.8,60.750000000000014,15.187500000000002,0.3375,140.0,140.0,140.0,140.0,10.0,10.0,36.40457386597077,0.052724864112365794,11.85398977355384,8.922447119905363e-13,2.3188488075227973e-14,9.002979893847657e-13,2.2260948552218853e-21,2.442902447431424e-20,15.187500000000002,2.358702304764211,9.187500000000002,2,center_curvature,125.0,1.2363861853335771,3.3891767829886676,13.540359143467011
Ro150_q0.55_L29W_r0.75_th140_kc+10_ko+10,150.0,82.50000000000001,0.55,28.875,1.4,61.875000000000014,15.468750000000004,0.41250000000000003,140.0,140.0,140.0,140.0,10.0,10.0,35.560854341134934,0.05247806874268703,11.909737057293967,6.322680177517541e-13,2.4055273123307485e-14,6.406223264340393e-13,2.3520711498345098e-21,1.4137166941154074e-20,15.468750000000004,2.34975668779035,9.468750000000004,2,center_curvature,125.0,9.127777534052974,3.4383681683367584,13.514570457689569
Ro180_q0.45_L45W_r0.60_th160_kc-10_ko-10,180.0,81.00000000000001,0.45,44.550000000000004,2.2,48.60000000000001,12.15,0.27,160.0,160.0,160.0,160.0,-10.0,-10.0,70.7906020377906,0.08893016184965383,7.027986759504958,9.01986380810692e-13,1.48406323681459e-14,9.071404783429987e-13,2.2260948552218853e-21,2.442902447431424e-20,12.15,1.8466954515861815,6.15,2,center_curvature,125.0,4.80211686723772,2.232328799585126,13.498988255073355
Ro120_q0.45_L24W_r0.75_th160_kc+10_ko+10,120.0,54.00000000000001,0.45,24.3,1.8,40.50000000000001,10.125,0.3375,160.0,160.0,160.0,160.0,10.0,10.0,62.94872244534872,0.06408390074041974,9.752839524105198,3.9845303877113166e-13,1.0305994700101317e-14,4.0203227316856695e-13,6.595836608064845e-22,7.238229473870886e-21,10.125,1.5724682031761403,4.125,2,center_curvature,125.0,1.6095368642058439,2.406365035630631,13.49550431117332
Ro180_q0.55_L54W_r0.60_th140_kc+0_ko+0,180.0,99.00000000000003,0.55,54.45000000000001,2.2,59.40000000000001,14.850000000000003,0.33000000000000007,140.0,140.0,140.0,140.0,0.0,0.0,47.45922327201556,0.06790206040026556,9.204433507846188,9.282840031815188e-13,2.2169339710440177e-14,9.35983334063113e-13,4.064378946914033e-21,2.442902447431424e-20,14.850000000000003,2.2570722186053334,8.850000000000003,2,center_curvature,125.0,3.6284618846264722,2.8755386689233164,13.490790021122788
Ro180_q0.55_L54W_r0.45_th160_kc+10_ko+10,180.0,99.00000000000003,0.55,54.45000000000001,2.2,44.55000000000001,11.137500000000003,0.24750000000000003,160.0,160.0,160.0,160.0,10.0,10.0,56.31702040486247,0.061762898215408875,10.119343781766904,9.603259406909323e-13,1.2470253587122598e-14,9.646568143118289e-13,4.064378946914033e-21,2.442902447431424e-20,11.137500000000006,1.5538384930551827,5.137500000000003,2,center_curvature,125.0,18.0469592572789,2.5824175720421394,13.484089729003449
Ro150_q0.55_L37W_r0.60_th160_kc-10_ko-10,150.0,82.50000000000001,0.55,37.12500000000001,1.8,49.50000000000001,12.375,0.33,160.0,160.0,160.0,160.0,-10.0,-10.0,69.68531836437623,0.08879780409639658,7.038462339919085,6.442392814872803e-13,1.5395374798916786e-14,6.495860390439428e-13,2.3520711498345098e-21,1.4137166941154074e-20,12.375,1.8381014384816057,6.375,2,center_curvature,125.0,9.208767991566674,2.2549887135525637,13.48389534494703
Ro180_q0.35_L28W_r0.75_th160_kc-10_ko-10,180.0,63.00000000000001,0.35,28.35,1.7999999999999998,47.25,11.8125,0.26249999999999996,160.0,160.0,160.0,160.0,-10.0,-10.0,72.52747638172748,0.08916221472746691,7.009695776516701,8.695917839480805e-13,1.4027603897360126e-14,8.744635196557008e-13,1.047394424336223e-21,2.442902447431424e-20,11.8125,1.8345462370388304,5.8125,2,center_curvature,125.0,1.3766258180525561,2.197819500882825,13.471031629381
Ro180_q0.45_L28W_r0.75_th140_kc+10_ko+10,180.0,81.00000000000001,0.45,28.35,1.4,60.750000000000014,15.187500000000002,0.3375,140.0,140.0,140.0,140.0,10.0,10.0,36.40457386597077,0.052724864112365794,11.85398977355384,8.924539498809067e-13,2.3188488075227973e-14,9.005072272751361e-13,2.2260948552218853e-21,2.442902447431424e-20,15.187500000000002,2.3070338389214347,9.187500000000002,2,center_curvature,125.0,8.627162101644592,3.3891767829886676,13.43702221178146
Ro150_q0.45_L37W_r0.60_th160_kc+10_ko+10,150.0,67.50000000000001,0.45,37.12500000000001,2.2,40.50000000000001,10.125,0.27,160.0,160.0,160.0,160.0,10.0,10.0,62.94872244534872,0.06408390074041974,9.752839524105198,6.343673865387656e-13,1.0305994700101317e-14,6.379466209362009e-13,1.2882493375126653e-21,1.4137166941154074e-20,10.125,1.5389128763218178,4.125,2,center_curvature,125.0,4.88591386882544,2.406365035630631,13.428393657464675
Ro120_q0.45_L19W_r0.75_th160_kc+10_ko+10,120.0,54.00000000000001,0.45,18.9,1.4,40.50000000000001,10.125,0.3375,160.0,160.0,160.0,160.0,10.0,10.0,62.94872244534872,0.06408390074041974,9.752839524105198,3.98961354017295e-13,1.0305994700101317e-14,4.025405884147303e-13,6.595836608064845e-22,7.238229473870886e-21,10.125,1.5380225592809564,4.125,2,center_curvature,125.0,2.6869582118690727,2.406365035630631,13.426613023382952
Ro180_q0.45_L36W_r0.60_th160_kc-10_ko-10,180.0,81.00000000000001,0.45,36.45,1.8,48.60000000000001,12.15,0.27,160.0,160.0,160.0,160.0,-10.0,-10.0,70.7906020377906,0.08893016184965383,7.027986759504958,9.006535414013583e-13,1.48406323681459e-14,9.058076389336651e-13,2.2260948552218853e-21,2.442902447431424e-20,12.150000000000002,1.8046814123273949,6.15,2,center_curvature,125.0,8.73002776523401,2.232328799585126,13.414960176555782
Ro180_q0.35_L22W_r0.75_th160_kc-10_ko-10,180.0,63.00000000000001,0.35,22.049999999999997,1.3999999999999997,47.25,11.8125,0.26249999999999996,160.0,160.0,160.0,160.0,-10.0,-10.0,72.52747638172748,0.08916221472746691,7.009695776516701,8.701245234729629e-13,1.4027603897360126e-14,8.749962591805831e-13,1.047394424336223e-21,2.442902447431424e-20,11.8125,1.7943596524944487,5.8125,2,center_curvature,125.0,3.953806192054518,2.197819500882825,13.390658460292238
Ro180_q0.55_L45W_r0.60_th140_kc+0_ko+0,180.0,99.00000000000003,0.55,44.550000000000004,1.7999999999999998,59.40000000000001,14.850000000000003,0.33000000000000007,140.0,140.0,140.0,140.0,0.0,0.0,47.45922327201556,0.06790206040026556,9.204433507846188,9.254807260411413e-13,2.2169339710440177e-14,9.331800569227354e-13,4.064378946914033e-21,2.442902447431424e-20,14.850000000000003,2.205721726177927,8.850000000000003,2,center_curvature,125.0,14.906173873000945,2.8755386689233164,13.388089036267978
Ro150_q0.35_L24W_r0.75_th160_kc+10_ko+10,150.0,52.5,0.35,23.625,1.8,39.375,9.84375,0.26249999999999996,160.0,160.0,160.0,160.0,10.0,10.0,65.032971658073,0.06482751453154972,9.640968106155452,6.11392608123398e-13,9.741391595388976e-15,6.147757579203565e-13,6.0613103260198075e-22,1.4137166941154074e-20,9.84375,1.5287885308656919,3.84375,2,center_curvature,125.0,1.4704613625871337,2.35691250376846,13.385770682962473
Ro150_q0.45_L30W_r0.60_th160_kc+10_ko+10,150.0,67.50000000000001,0.45,30.375000000000004,1.7999999999999998,40.50000000000001,10.125,0.27,160.0,160.0,160.0,160.0,10.0,10.0,62.94872244534872,0.06408390074041974,9.752839524105198,6.335846891490211e-13,1.0305994700101317e-14,6.371639235464564e-13,1.2882493375126653e-21,1.4137166941154074e-20,10.125,1.5039011769394954,4.125,2,center_curvature,125.0,5.869379806230861,2.406365035630631,13.35837025870003
Ro150_q0.55_L29W_r0.75_th120_kc+0_ko+0,150.0,82.50000000000001,0.55,28.875,1.4,61.875000000000014,15.468750000000004,0.41250000000000003,120.0,120.0,120.0,120.0,0.0,0.0,41.98911048651822,0.06206785862591198,10.069624018558876,6.187812577973323e-13,2.4055273123307485e-14,6.271355664796176e-13,2.3520711498345098e-21,1.4137166941154074e-20,15.46875,2.34975668779035,9.468750000000004,2,center_curvature,125.0,7.265355705130288,3.1032885970851964,13.356355418083108
Ro180_q0.55_L54W_r0.60_th140_kc+10_ko+10,180.0,99.00000000000003,0.55,54.45000000000001,2.2,59.40000000000001,14.850000000000003,0.33000000000000007,140.0,140.0,140.0,140.0,10.0,10.0,37.45922327201556,0.05303532959384388,11.784597263491833,9.369893129938876e-13,2.2169339710440177e-14,9.446886438754818e-13,4.064378946914033e-21,2.442902447431424e-20,14.850000000000003,2.2570722186053334,8.850000000000003,2,center_curvature,125.0,9.686981322352663,3.3301294842774665,13.347033866556554
Ro150_q0.55_L29W_r0.60_th160_kc-10_ko-10,150.0,82.50000000000001,0.55,28.875,1.4,49.50000000000001,12.375,0.33,160.0,160.0,160.0,160.0,-10.0,-10.0,69.68531836437623,0.08879780409639658,7.038462339919085,6.507058355605762e-13,1.5395374798916786e-14,6.560525931172387e-13,2.3520711498345098e-21,1.4137166941154074e-20,12.375,1.7687663006147747,6.375,2,center_curvature,125.0,8.869894431332758,2.2549887135525637,13.345225069213367
Ro120_q0.55_L36W_r0.60_th160_kc+10_ko+10,120.0,66.00000000000001,0.55,36.300000000000004,2.2,39.6,9.9,0.33,160.0,160.0,160.0,160.0,10.0,10.0,64.6066479554703,0.0646748770216495,9.663721506432633,4.1851819654670713e-13,9.85303987130674e-15,4.2194012138297116e-13,1.2042604287152686e-21,7.238229473870886e-21,9.900000000000002,1.5047148124035554,3.9000000000000004,2,center_curvature,125.0,4.547853982365524,2.366824218398844,13.342173926093636
Ro180_q0.55_L45W_r0.45_th160_kc+10_ko+10,180.0,99.00000000000003,0.55,44.550000000000004,1.7999999999999998,44.55000000000001,11.137500000000003,0.24750000000000003,160.0,160.0,160.0,160.0,10.0,10.0,56.31702040486247,0.061762898215408875,10.119343781766904,9.627119723652082e-13,1.2470253587122598e-14,9.670428459861048e-13,4.064378946914033e-21,2.442902447431424e-20,11.137500000000001,1.478258230429763,5.137500000000003,2,center_curvature,125.0,16.545441910658855,2.5824175720421394,13.33292920375261
Ro150_q0.35_L18W_r0.75_th160_kc+10_ko+10,150.0,52.5,0.35,18.374999999999996,1.3999999999999997,39.375,9.84375,0.26249999999999996,160.0,160.0,160.0,160.0,10.0,10.0,65.032971658073,0.06482751453154972,9.640968106155452,6.118719406796844e-13,9.741391595388976e-15,6.152550904766429e-13,6.0613103260198075e-22,1.4137166941154074e-20,9.84375,1.495299710412041,3.84375,2,center_curvature,125.0,2.4669091685776654,2.35691250376846,13.318793042055171
Ro150_q0.55_L29W_r0.75_th140_kc-10_ko-10,150.0,82.50000000000001,0.55,28.875,1.4,61.875000000000014,15.468750000000004,0.41250000000000003,140.0,140.0,140.0,140.0,-10.0,-10.0,55.560854341134934,0.08444651068857988,7.4011346934731534,6.207786982459093e-13,2.4055273123307485e-14,6.291330069281945e-13,2.3520711498345098e-21,1.4137166941154074e-20,15.468750000000004,2.34975668779035,9.468750000000004,2,center_curvature,125.0,7.7364521485354985,2.604558756337916,13.315499196618216
Ro180_q0.45_L28W_r0.60_th160_kc-10_ko-10,180.0,81.00000000000001,0.45,28.35,1.4,48.60000000000001,12.15,0.27,160.0,160.0,160.0,160.0,-10.0,-10.0,70.7906020377906,0.08893016184965383,7.027986759504958,9.068868441269257e-13,1.48406323681459e-14,9.120409416592325e-13,2.2260948552218853e-21,2.442902447431424e-20,12.150000000000002,1.7366069133308697,6.15,2,center_curvature,125.0,8.398360336328675,2.232328799585126,13.278811178562732
Ro120_q0.55_L30W_r0.60_th160_kc+10_ko+10,120.0,66.00000000000001,0.55,29.700000000000003,1.8,39.6,9.9,0.33,160.0,160.0,160.0,160.0,10.0,10.0,64.6066479554703,0.0646748770216495,9.663721506432633,4.1776905801172427e-13,9.85303987130674e-15,4.211909828479883e-13,1.2042604287152686e-21,7.238229473870886e-21,9.899999999999999,1.4704811507852844,3.9000000000000004,2,center_curvature,125.0,5.47911011863798,2.366824218398844,13.273706602857095
Ro180_q0.45_L28W_r0.75_th120_kc+0_ko+0,180.0,81.00000000000001,0.45,28.35,1.4,60.750000000000014,15.187500000000002,0.3375,120.0,120.0,120.0,120.0,0.0,0.0,42.766686606638935,0.06212034773181723,10.061115605762831,8.745019491594751e-13,2.3188488075227973e-14,8.825552265537045e-13,2.2260948552218853e-21,2.442902447431424e-20,15.187500000000002,2.3070338389214347,9.187500000000002,2,center_curvature,125.0,6.876225736295666,3.068159669073367,13.272589371734245
Ro150_q0.45_L24W_r0.60_th160_kc+10_ko+10,150.0,67.50000000000001,0.45,23.625,1.3999999999999997,40.50000000000001,10.125,0.27,160.0,160.0,160.0,160.0,10.0,10.0,62.94872244534872,0.06408390074041974,9.752839524105198,6.378692652799757e-13,1.0305994700101317e-14,6.41448499677411e-13,1.2882493375126653e-21,1.4137166941154074e-20,10.125,1.4471724277757247,4.125,2,center_curvature,125.0,5.062966160596999,2.406365035630631,13.244912760372488
Ro180_q0.55_L45W_r0.60_th140_kc+10_ko+10,180.0,99.00000000000003,0.55,44.550000000000004,1.7999999999999998,59.40000000000001,14.850000000000003,0.33000000000000007,140.0,140.0,140.0,140.0,10.0,10.0,37.45922327201556,0.05303532959384388,11.784597263491833,9.345628973320265e-13,2.2169339710440177e-14,9.422622282136206e-13,4.064378946914033e-21,2.442902447431424e-20,14.850000000000001,2.205721726177927,8.850000000000003,2,center_curvature,125.0,17.265486377444628,3.3301294842774665,13.244332881701744
Ro180_q0.45_L28W_r0.75_th140_kc-10_ko-10,180.0,81.00000000000001,0.45,28.35,1.4,60.750000000000014,15.187500000000002,0.3375,140.0,140.0,140.0,140.0,-10.0,-10.0,56.40457386597077,0.08437453712303697,7.407448044291017,8.759377225675235e-13,2.3188488075227973e-14,8.839909999617529e-13,2.2260948552218853e-21,2.442902447431424e-20,15.187500000000002,2.3070338389214347,9.187500000000002,2,center_curvature,125.0,7.334308516007562,2.579883957468998,13.231316169043957
Ro180_q0.55_L35W_r0.75_th120_kc-10_ko-10,180.0,99.00000000000003,0.55,34.65,1.3999999999999997,74.25000000000001,18.562500000000004,0.41250000000000003,120.0,120.0,120.0,120.0,-10.0,-10.0,44.99092540543186,0.08011637951176882,7.801151322722835,8.832052962009806e-13,3.463959329756278e-14,8.952355007034714e-13,4.064378946914033e-21,2.442902447431424e-20,18.562500000000007,2.8197080253484206,12.562500000000004,2,center_curvature,125.0,9.956960682433731,2.972949892240173,13.230900831017792
Ro180_q0.55_L35W_r0.60_th140_kc+0_ko+0,180.0,99.00000000000003,0.55,34.65,1.3999999999999997,59.40000000000001,14.850000000000003,0.33000000000000007,140.0,140.0,140.0,140.0,0.0,0.0,47.45922327201556,0.06790206040026556,9.204433507846188,9.34303334778692e-13,2.2169339710440177e-14,9.42002665660286e-13,4.064378946914033e-21,2.442902447431424e-20,14.850000000000003,2.12251956073773,8.850000000000003,2,center_curvature,125.0,16.40944850934704,2.8755386689233164,13.221684705387581
Ro180_q0.55_L54W_r0.60_th120_kc+0_ko+0,180.0,99.00000000000003,0.55,54.45000000000001,2.2,59.40000000000001,14.850000000000003,0.33000000000000007,120.0,120.0,120.0,120.0,0.0,0.0,43.738656756789815,0.06219605373260457,10.04886905987672,9.208753591882267e-13,2.2169339710440177e-14,9.285746900698208e-13,4.064378946914033e-21,2.442902447431424e-20,14.850000000000003,2.2570722186053334,8.850000000000003,2,outer_curvature,125.0,209.3065436156541,3.025624950764083,13.175088723127237
Ro180_q0.55_L54W_r0.45_th160_kc+0_ko+0,180.0,99.00000000000003,0.55,54.45000000000001,2.2,44.55000000000001,11.137500000000003,0.24750000000000003,160.0,160.0,160.0,160.0,0.0,0.0,66.31702040486246,0.07513385470933952,8.318487084388995,9.539240006044638e-13,1.2470253587122598e-14,9.582548742253604e-13,4.064378946914033e-21,2.442902447431424e-20,11.137500000000003,1.5538384930551827,5.137500000000003,2,center_curvature,125.0,16.1906212264995,2.3276643953504816,13.171374402988164
Ro120_q0.45_L24W_r0.75_th160_kc+0_ko+0,120.0,54.00000000000001,0.45,24.3,1.8,40.50000000000001,10.125,0.3375,160.0,160.0,160.0,160.0,0.0,0.0,72.94872244534872,0.07699183988247443,8.117743399223118,3.959915215524363e-13,1.0305994700101317e-14,3.995707559498716e-13,6.595836608064845e-22,7.238229473870886e-21,10.125,1.5724682031761403,4.125,2,center_curvature,125.0,1.2690564903849404,2.1896446005432724,13.168485086196904
Ro180_q0.35_L35W_r0.60_th160_kc+10_ko+10,180.0,63.00000000000001,0.35,34.65,2.1999999999999997,37.800000000000004,9.45,0.20999999999999996,160.0,160.0,160.0,160.0,10.0,10.0,68.15934547715936,0.0659551145644947,9.476141526353338,8.899692925384389e-13,8.97766649431048e-15,8.930872033913158e-13,1.047394424336223e-21,2.442902447431424e-20,9.45,1.43631868456703,3.4499999999999993,2,center_curvature,125.0,3.9214835179102208,2.287215974003942,13.167865674404727
Ro120_q0.55_L23W_r0.60_th160_kc+10_ko+10,120.0,66.00000000000001,0.55,23.1,1.4,39.6,9.9,0.33,160.0,160.0,160.0,160.0,10.0,10.0,64.6066479554703,0.0646748770216495,9.663721506432633,4.218660071001946e-13,9.85303987130674e-15,4.2528793193645865e-13,1.2042604287152686e-21,7.238229473870886e-21,9.899999999999999,1.4150130404918198,3.9000000000000004,2,center_curvature,125.0,4.730961522041054,2.366824218398844,13.162770382270166
Ro180_q0.55_L54W_r0.60_th140_kc-10_ko-10,180.0,99.00000000000003,0.55,54.45000000000001,2.2,59.40000000000001,14.850000000000003,0.33000000000000007,140.0,140.0,140.0,140.0,-10.0,-10.0,57.45922327201556,0.08430425763851684,7.4136231965875306,9.21145814950366e-13,2.2169339710440177e-14,9.288451458319601e-13,4.064378946914033e-21,2.442902447431424e-20,14.850000000000001,2.2570722186053334,8.850000000000003,2,outer_curvature,125.0,161.18911788157075,2.5498404215351655,13.132627958871058
Ro180_q0.55_L35W_r0.75_th120_kc+10_ko+10,180.0,99.00000000000003,0.55,34.65,1.3999999999999997,74.25000000000001,18.562500000000004,0.41250000000000003,120.0,120.0,120.0,120.0,10.0,10.0,24.99092540543186,0.045620369976162804,13.700020414708826,9.028378670319988e-13,3.463959329756278e-14,9.148680715344895e-13,4.064378946914033e-21,2.442902447431424e-20,18.562500000000007,2.8197080253484206,12.562500000000004,2,center_curvature,125.0,15.061615544764855,4.261306166759127,13.130522405710435
Ro180_q0.35_L28W_r0.60_th160_kc+10_ko+10,180.0,63.00000000000001,0.35,28.35,1.7999999999999998,37.800000000000004,9.45,0.20999999999999996,160.0,160.0,160.0,160.0,10.0,10.0,68.15934547715936,0.0659551145644947,9.476141526353338,8.892851472031069e-13,8.97766649431048e-15,8.924030580559838e-13,1.047394424336223e-21,2.442902447431424e-20,9.449999999999998,1.4036410984768626,3.4499999999999993,2,center_curvature,125.0,4.752164926155059,2.287215974003942,13.102510502224392
Ro150_q0.45_L37W_r0.60_th160_kc+0_ko+0,150.0,67.50000000000001,0.45,37.12500000000001,2.2,40.50000000000001,10.125,0.27,160.0,160.0,160.0,160.0,0.0,0.0,72.94872244534872,0.07699183988247443,8.117743399223118,6.305418555797179e-13,1.0305994700101317e-14,6.341210899771531e-13,1.2882493375126653e-21,1.4137166941154074e-20,10.125,1.5389128763218178,4.125,2,center_curvature,125.0,3.938000869751675,2.1896446005432724,13.101374432488258
Ro120_q0.45_L19W_r0.75_th160_kc+0_ko+0,120.0,54.00000000000001,0.45,18.9,1.4,40.50000000000001,10.125,0.3375,160.0,160.0,160.0,160.0,0.0,0.0,72.94872244534872,0.07699183988247443,8.117743399223118,3.9645175031031823e-13,1.0305994700101317e-14,4.000309847077535e-13,6.595836608064845e-22,7.238229473870886e-21,10.125,1.5380225592809564,4.125,2,center_curvature,125.0,2.5965105790376306,2.1896446005432724,13.099593798406536
Ro180_q0.55_L35W_r0.60_th140_kc+10_ko+10,180.0,99.00000000000003,0.55,34.65,1.3999999999999997,59.40000000000001,14.850000000000003,0.33000000000000007,140.0,140.0,140.0,140.0,10.0,10.0,37.45922327201556,0.05303532959384388,11.784597263491833,9.434094442043354e-13,2.2169339710440177e-14,9.511087750859295e-13,4.064378946914033e-21,2.442902447431424e-20,14.850000000000003,2.12251956073773,8.850000000000003,2,center_curvature,125.0,16.968703118994494,3.3301294842774665,13.077928550821348
Ro180_q0.55_L45W_r0.60_th120_kc+0_ko+0,180.0,99.00000000000003,0.55,44.550000000000004,1.7999999999999998,59.40000000000001,14.850000000000003,0.33000000000000007,120.0,120.0,120.0,120.0,0.0,0.0,43.738656756789815,0.06219605373260457,10.04886905987672,9.164111223347814e-13,2.2169339710440177e-14,9.241104532163755e-13,4.064378946914033e-21,2.442902447431424e-20,14.850000000000005,2.205721726177927,8.850000000000003,2,center_curvature,125.0,10.954636417217671,3.025624950764083,13.072387738272425
Ro150_q0.35_L24W_r0.75_th160_kc+0_ko+0,150.0,52.5,0.35,23.625,1.8,39.375,9.84375,0.26249999999999996,160.0,160.0,160.0,160.0,0.0,0.0,75.032971658073,0.07761089783854644,8.052992780732732,6.078122553537534e-13,9.741391595388976e-15,6.111954051507119e-13,6.0613103260198075e-22,1.4137166941154074e-20,9.84375,1.5287885308656919,3.84375,2,center_curvature,125.0,1.1662122956008825,2.150260835187434,13.06817561787793
Ro150_q0.45_L30W_r0.60_th160_kc+0_ko+0,150.0,67.50000000000001,0.45,30.375000000000004,1.7999999999999998,40.50000000000001,10.125,0.27,160.0,160.0,160.0,160.0,0.0,0.0,72.94872244534872,0.07699183988247443,8.117743399223118,6.297082735104965e-13,1.0305994700101317e-14,6.332875079079318e-13,1.2882493375126653e-21,1.4137166941154074e-20,10.125,1.5039011769394954,4.125,2,center_curvature,125.0,5.500819780510932,2.1896446005432724,13.031351033723613
Ro180_q0.55_L45W_r0.60_th140_kc-10_ko-10,180.0,99.00000000000003,0.55,44.550000000000004,1.7999999999999998,59.40000000000001,14.850000000000003,0.33000000000000007,140.0,140.0,140.0,140.0,-10.0,-10.0,57.45922327201556,0.08430425763851684,7.4136231965875306,9.178164122594982e-13,2.2169339710440177e-14,9.255157431410923e-13,4.064378946914033e-21,2.442902447431424e-20,14.850000000000003,2.205721726177927,8.850000000000003,2,center_curvature,125.0,12.485894135963294,2.5498404215351655,13.029926974016245
Ro120_q0.55_L36W_r0.60_th160_kc+0_ko+0,120.0,66.00000000000001,0.55,36.300000000000004,2.2,39.6,9.9,0.33,160.0,160.0,160.0,160.0,0.0,0.0,74.6066479554703,0.07748301518867406,8.066283926588316,4.160103456715334e-13,9.85303987130674e-15,4.1943227050779743e-13,1.2042604287152686e-21,7.238229473870886e-21,9.899999999999999,1.5047148124035554,3.9000000000000004,2,center_curvature,125.0,3.6812586191240935,2.158175996581302,13.022686410124773
Ro180_q0.55_L45W_r0.45_th160_kc+0_ko+0,180.0,99.00000000000003,0.55,44.550000000000004,1.7999999999999998,44.55000000000001,11.137500000000003,0.24750000000000003,160.0,160.0,160.0,160.0,0.0,0.0,66.31702040486246,0.07513385470933952,8.318487084388995,9.56346959477244e-13,1.2470253587122598e-14,9.606778330981407e-13,4.064378946914033e-21,2.442902447431424e-20,11.137500000000006,1.478258230429763,5.137500000000003,2,center_curvature,125.0,15.850001223263385,2.3276643953504816,13.020213877737325
Ro150_q0.35_L18W_r0.75_th160_kc+0_ko+0,150.0,52.5,0.35,18.374999999999996,1.3999999999999997,39.375,9.84375,0.26249999999999996,160.0,160.0,160.0,160.0,0.0,0.0,75.032971658073,0.07761089783854644,8.052992780732732,6.082472709620909e-13,9.741391595388976e-15,6.116304207590494e-13,6.0613103260198075e-22,1.4137166941154074e-20,9.84375,1.495299710412041,3.84375,2,center_curvature,125.0,2.386089505028771,2.150260835187434,13.001197976970628
Ro180_q0.35_L22W_r0.60_th160_kc+10_ko+10,180.0,63.00000000000001,0.35,22.049999999999997,1.3999999999999997,37.800000000000004,9.45,0.20999999999999996,160.0,160.0,160.0,160.0,10.0,10.0,68.15934547715936,0.0659551145644947,9.476141526353338,8.930193411372626e-13,8.97766649431048e-15,8.961372519901395e-13,1.047394424336223e-21,2.442902447431424e-20,9.450000000000001,1.3506942659240098,3.4499999999999993,2,center_curvature,125.0,4.111372971212781,2.287215974003942,12.996616837118687
Ro150_q0.55_L29W_r0.75_th120_kc-10_ko-10,150.0,82.50000000000001,0.55,28.875,1.4,61.875000000000014,15.468750000000004,0.41250000000000003,120.0,120.0,120.0,120.0,-10.0,-10.0,51.98911048651822,0.0782675595742644,7.9854284891426435,6.140515341395618e-13,2.4055273123307485e-14,6.22405842821847e-13,2.3520711498345098e-21,1.4137166941154074e-20,15.468750000000004,2.34975668779035,9.468750000000004,2,center_curvature,125.0,6.016419647346734,2.715875822419278,12.967269639882455
Ro120_q0.55_L30W_r0.60_th160_kc+0_ko+0,120.0,66.00000000000001,0.55,29.700000000000003,1.8,39.6,9.9,0.33,160.0,160.0,160.0,160.0,0.0,0.0,74.6066479554703,0.07748301518867406,8.066283926588316,4.1521340004881123e-13,9.85303987130674e-15,4.1863532488507526e-13,1.2042604287152686e-21,7.238229473870886e-21,9.900000000000002,1.4704811507852844,3.9000000000000004,2,center_curvature,125.0,5.142187542058042,2.158175996581302,12.954219086888232
Ro150_q0.45_L24W_r0.60_th160_kc+0_ko+0,150.0,67.50000000000001,0.45,23.625,1.3999999999999997,40.50000000000001,10.125,0.27,160.0,160.0,160.0,160.0,0.0,0.0,72.94872244534872,0.07699183988247443,8.117743399223118,6.340195967862254e-13,1.0305994700101317e-14,6.375988311836607e-13,1.2882493375126653e-21,1.4137166941154074e-20,10.125000000000004,1.4471724277757247,4.125,2,center_curvature,125.0,4.970697532725138,2.1896446005432724,12.917893535396072
Ro120_q0.45_L24W_r0.75_th160_kc-10_ko-10,120.0,54.00000000000001,0.45,24.3,1.8,40.50000000000001,10.125,0.3375,160.0,160.0,160.0,160.0,-10.0,-10.0,82.94872244534872,0.09107223203054045,6.862684553403836,3.9375081927868694e-13,1.0305994700101317e-14,3.973300536761222e-13,6.595836608064845e-22,7.238229473870886e-21,10.125,1.5724682031761403,4.125,2,center_curvature,125.0,0.9246584521105151,2.0150666295207786,12.917473317033048
Ro180_q0.55_L35W_r0.60_th120_kc+0_ko+0,180.0,99.00000000000003,0.55,34.65,1.3999999999999997,59.40000000000001,14.850000000000003,0.33000000000000007,120.0,120.0,120.0,120.0,0.0,0.0,43.738656756789815,0.06219605373260457,10.04886905987672,9.243371039384226e-13,2.2169339710440177e-14,9.320364348200167e-13,4.064378946914033e-21,2.442902447431424e-20,14.850000000000007,2.12251956073773,8.850000000000003,2,center_curvature,125.0,18.554742556087035,3.025624950764083,12.90598340739203
Ro180_q0.55_L54W_r0.45_th160_kc-10_ko-10,180.0,99.00000000000003,0.55,54.45000000000001,2.2,44.55000000000001,11.137500000000003,0.24750000000000003,160.0,160.0,160.0,160.0,-10.0,-10.0,76.31702040486246,0.08976151925327598,6.962894625663209,9.480699998929433e-13,1.2470253587122598e-14,9.5240087351384e-13,4.064378946914033e-21,2.442902447431424e-20,11.137500000000001,1.5538384930551827,5.137500000000003,2,center_curvature,125.0,14.308031607825127,2.1268414929069834,12.900255911243006
Ro150_q0.55_L29W_r0.75_th120_kc+10_ko+10,150.0,82.50000000000001,0.55,28.875,1.4,61.875000000000014,15.468750000000004,0.41250000000000003,120.0,120.0,120.0,120.0,10.0,10.0,31.98911048651823,0.047415514186911804,13.181339709535829,6.254174924407103e-13,2.4055273123307485e-14,6.337718011229955e-13,2.3520711498345098e-21,1.4137166941154074e-20,15.468750000000004,2.34975668779035,9.468750000000004,2,center_curvature,125.00000000000092,8.477912104563428,3.668600805605493,12.887480396035103
Ro180_q0.45_L28W_r0.75_th120_kc-10_ko-10,180.0,81.00000000000001,0.45,28.35,1.4,60.750000000000014,15.187500000000002,0.3375,120.0,120.0,120.0,120.0,-10.0,-10.0,52.766686606638935,0.07814762122320898,7.997684257270545,8.669274476808661e-13,2.3188488075227973e-14,8.749807250750955e-13,2.2260948552218853e-21,2.442902447431424e-20,15.187500000000002,2.3070338389214347,9.187500000000002,2,center_curvature,125.0,5.715989831752885,2.690641482142375,12.884275095770203
Ro150_q0.45_L30W_r0.75_th140_kc+0_ko+0,150.0,67.50000000000001,0.45,30.375000000000004,1.7999999999999998,50.625000000000014,12.656250000000002,0.3375,140.0,140.0,140.0,140.0,0.0,0.0,55.68548863916492,0.06927213427368398,9.022386946109055,6.136139304555573e-13,1.6103116718908314e-14,6.1920648420155e-13,1.2882493375126653e-21,1.4137166941154074e-20,12.656250000000002,1.965585253970176,6.656250000000002,2,outer_curvature,125.0,114.9029246658975,2.600877014568681,12.871406779505048
Ro150_q0.55_L45W_r0.45_th160_kc+10_ko+10,150.0,82.50000000000001,0.55,45.37500000000001,2.1999999999999997,37.12500000000001,9.281250000000002,0.24750000000000003,160.0,160.0,160.0,160.0,10.0,10.0,69.58042448583497,0.06647238926200445,9.402400108359718,6.661258746648794e-13,8.659898324390695e-15,6.691334257905021e-13,2.3520711498345098e-21,1.4137166941154074e-20,9.281250000000004,1.294865410879319,3.2812500000000018,2,center_curvature,125.0,10.265750373947721,2.2571684715302354,12.87021084343058
Ro180_q0.35_L35W_r0.60_th160_kc+0_ko+0,180.0,63.00000000000001,0.35,34.65,2.1999999999999997,37.800000000000004,9.45,0.20999999999999996,160.0,160.0,160.0,160.0,0.0,0.0,78.15934547715936,0.07856753872565435,7.954939280742941,8.851514807573253e-13,8.97766649431048e-15,8.882693916102022e-13,1.047394424336223e-21,2.442902447431424e-20,9.450000000000001,1.43631868456703,3.4499999999999993,2,center_curvature,125.0,3.2017412749706176,2.0942996286850146,12.863625225282648
Ro180_q0.55_L35W_r0.60_th140_kc-10_ko-10,180.0,99.00000000000003,0.55,34.65,1.3999999999999997,59.40000000000001,14.850000000000003,0.33000000000000007,140.0,140.0,140.0,140.0,-10.0,-10.0,57.45922327201556,0.08430425763851684,7.4136231965875306,9.265419130748191e-13,2.2169339710440177e-14,9.342412439564132e-13,4.064378946914033e-21,2.442902447431424e-20,14.85,2.12251956073773,8.850000000000003,2,center_curvature,125.0,15.848152562037983,2.5498404215351655,12.863522643135852
Ro150_q0.45_L37W_r0.60_th160_kc-10_ko-10,150.0,67.50000000000001,0.45,37.12500000000001,2.2,40.50000000000001,10.125,0.27,160.0,160.0,160.0,160.0,-10.0,-10.0,82.94872244534872,0.09107223203054045,6.862684553403836,6.270404662314501e-13,1.0305994700101317e-14,6.306197006288854e-13,1.2882493375126653e-21,1.4137166941154074e-20,10.125,1.5389128763218178,4.125,2,center_curvature,125.0,2.9737131951732687,2.0150666295207786,12.850362663324402
Ro120_q0.45_L19W_r0.75_th160_kc-10_ko-10,120.0,54.00000000000001,0.45,18.9,1.4,40.50000000000001,10.125,0.3375,160.0,160.0,160.0,160.0,-10.0,-10.0,82.94872244534872,0.09107223203054045,6.862684553403836,3.9415289790665947e-13,1.0305994700101317e-14,3.9773213230409475e-13,6.595836608064845e-22,7.238229473870886e-21,10.125,1.5380225592809564,4.125,2,center_curvature,125.0,2.50517286087842,2.0150666295207786,12.84858202924268
Ro150_q0.45_L30W_r0.75_th140_kc+10_ko+10,150.0,67.50000000000001,0.45,30.375000000000004,1.7999999999999998,50.625000000000014,12.656250000000002,0.3375,140.0,140.0,140.0,140.0,10.0,10.0,45.68548863916492,0.05553027850432184,11.255120932832297,6.185427565442415e-13,1.6103116718908314e-14,6.241353102902342e-13,1.2882493375126653e-21,1.4137166941154074e-20,12.656250000000002,1.965585253970176,6.656250000000002,2,center_curvature,125.0,0.48795206723416923,2.944709700629211,12.843898302421536
Ro120_q0.55_L23W_r0.60_th160_kc+0_ko+0,120.0,66.00000000000001,0.55,23.1,1.4,39.6,9.9,0.33,160.0,160.0,160.0,160.0,0.0,0.0,74.6066479554703,0.07748301518867406,8.066283926588316,4.1933523800526123e-13,9.85303987130674e-15,4.2275716284152526e-13,1.2042604287152686e-21,7.238229473870886e-21,9.900000000000002,1.4150130404918198,3.9000000000000004,2,center_curvature,125.0,4.646627142901603,2.158175996581302,12.843282866301303
Ro150_q0.35_L24W_r0.75_th160_kc-10_ko-10,150.0,52.5,0.35,23.625,1.8,39.375,9.84375,0.26249999999999996,160.0,160.0,160.0,160.0,-10.0,-10.0,85.032971658073,0.09154314682182244,6.827381641320308,6.04509969688186e-13,9.741391595388976e-15,6.078931194851445e-13,6.0613103260198075e-22,1.4137166941154074e-20,9.84375,1.5287885308656919,3.84375,2,center_curvature,125.0,0.8585600735818303,1.9827922741866288,12.823053389995446
Ro180_q0.45_L28W_r0.75_th120_kc+10_ko+10,180.0,81.00000000000001,0.45,28.35,1.4,60.750000000000014,15.187500000000002,0.3375,120.0,120.0,120.0,120.0,10.0,10.0,32.766686606638935,0.04762004663182706,13.124724652879246,8.844478640565628e-13,2.3188488075227973e-14,8.925011414507922e-13,2.2260948552218853e-21,2.442902447431424e-20,15.187500000000002,2.3070338389214347,9.187500000000002,2,center_curvature,125.0,8.003269499401032,3.6151651972069487,12.80857973653456
Ro180_q0.45_L45W_r0.45_th160_kc+10_ko+10,180.0,81.00000000000001,0.45,44.550000000000004,2.2,36.45,9.1125,0.2025,160.0,160.0,160.0,160.0,10.0,10.0,71.05413605038747,0.06701188709940364,9.326703470876618,9.243949825795506e-13,8.34785570708207e-15,9.27294162441473e-13,2.2260948552218853e-21,2.442902447431424e-20,9.112499999999999,1.2713224034087858,3.1125000000000007,2,center_curvature,125.0,9.70057949443959,2.227007709215023,12.807985500992896
Ro180_q0.35_L28W_r0.60_th160_kc+0_ko+0,180.0,63.00000000000001,0.35,28.35,1.7999999999999998,37.800000000000004,9.45,0.20999999999999996,160.0,160.0,160.0,160.0,0.0,0.0,78.15934547715936,0.07856753872565435,7.954939280742941,8.844253381548036e-13,8.97766649431048e-15,8.875432490076805e-13,1.047394424336223e-21,2.442902447431424e-20,9.449999999999998,1.4036410984768626,3.4499999999999993,2,center_curvature,125.0,4.4723704280053775,2.0942996286850146,12.798270053102314
Ro150_q0.45_L24W_r0.75_th140_kc+0_ko+0,150.0,67.50000000000001,0.45,23.625,1.3999999999999997,50.625000000000014,12.656250000000002,0.3375,140.0,140.0,140.0,140.0,0.0,0.0,55.68548863916492,0.06927213427368398,9.022386946109055,6.1352994243848e-13,1.6103116718908314e-14,6.191224961844726e-13,1.2882493375126653e-21,1.4137166941154074e-20,12.65625,1.9225281991011958,6.656250000000002,2,center_curvature,125.0,4.622230175337803,2.600877014568681,12.785292669767088
Ro150_q0.45_L30W_r0.60_th160_kc-10_ko-10,150.0,67.50000000000001,0.45,30.375000000000004,1.7999999999999998,40.50000000000001,10.125,0.27,160.0,160.0,160.0,160.0,-10.0,-10.0,82.94872244534872,0.09107223203054045,6.862684553403836,6.261325901228277e-13,1.0305994700101317e-14,6.29711824520263e-13,1.2882493375126653e-21,1.4137166941154074e-20,10.125,1.5039011769394954,4.125,2,center_curvature,125.0,5.127394711481048,2.0150666295207786,12.780339264559757
Ro120_q0.55_L30W_r0.75_th140_kc+0_ko+0,120.0,66.00000000000001,0.55,29.700000000000003,1.8,49.50000000000001,12.375,0.4125,140.0,140.0,140.0,140.0,0.0,0.0,56.95106792641867,0.06952705726847358,8.989306099733357,4.006871784616117e-13,1.5395374798916786e-14,4.0603393601827425e-13,1.2042604287152686e-21,7.238229473870886e-21,12.375,1.9219055816597275,6.375,2,outer_curvature,125.0,69.23663093911064,2.5642074656406777,12.77743126560901
Ro120_q0.55_L36W_r0.60_th160_kc-10_ko-10,120.0,66.00000000000001,0.55,36.300000000000004,2.2,39.6,9.9,0.33,160.0,160.0,160.0,160.0,-10.0,-10.0,84.6066479554703,0.09144474243104479,6.834728639224831,4.137330753567103e-13,9.85303987130674e-15,4.171550001929743e-13,1.2042604287152686e-21,7.238229473870886e-21,9.9,1.5047148124035554,3.9000000000000004,2,center_curvature,125.0,2.800027999804482,1.989292087937744,12.776375352652076
Ro120_q0.55_L30W_r0.75_th140_kc+10_ko+10,120.0,66.00000000000001,0.55,29.700000000000003,1.8,49.50000000000001,12.375,0.4125,140.0,140.0,140.0,140.0,10.0,10.0,46.95106792641867,0.055925239607150026,11.17563383528345,4.0368226763739224e-13,1.5395374798916786e-14,4.090290251940548e-13,1.2042604287152686e-21,7.238229473870886e-21,12.375,1.9219055816597275,6.375,2,center_curvature,125.0,0.4324795288648903,2.8949379057880975,12.769177713091139
Ro180_q0.55_L35W_r0.45_th160_kc+0_ko+0,180.0,99.00000000000003,0.55,34.65,1.3999999999999997,44.55000000000001,11.137500000000003,0.24750000000000003,160.0,160.0,160.0,160.0,0.0,0.0,66.31702040486246,0.07513385470933952,8.318487084388995,9.697938124556281e-13,1.2470253587122598e-14,9.741246860765247e-13,4.064378946914033e-21,2.442902447431424e-20,11.137500000000001,1.3509731115807917,5.137500000000003,2,center_curvature,125.0,12.23227096881762,2.3276643953504816,12.765643640039382
Ro150_q0.45_L24W_r0.75_th140_kc+10_ko+10,150.0,67.50000000000001,0.45,23.625,1.3999999999999997,50.625000000000014,12.656250000000002,0.3375,140.0,140.0,140.0,140.0,10.0,10.0,45.68548863916492,0.05553027850432184,11.255120932832297,6.186531789660526e-13,1.6103116718908314e-14,6.242457327120452e-13,1.2882493375126653e-21,1.4137166941154074e-20,12.65625,1.9225281991011958,6.656250000000002,2,center_curvature,125.0,4.931347063585598,2.944709700629211,12.757784192683577
Ro150_q0.35_L18W_r0.75_th160_kc-10_ko-10,150.0,52.5,0.35,18.374999999999996,1.3999999999999997,39.375,9.84375,0.26249999999999996,160.0,160.0,160.0,160.0,-10.0,-10.0,85.032971658073,0.09154314682182244,6.827381641320308,6.048916770685094e-13,9.741391595388976e-15,6.082748268654679e-13,6.0613103260198075e-22,1.4137166941154074e-20,9.84375,1.495299710412041,3.84375,2,center_curvature,125.0,2.3044967059425097,1.9827922741866288,12.756075749088144
Ro180_q0.55_L45W_r0.45_th160_kc-10_ko-10,180.0,99.00000000000003,0.55,44.550000000000004,1.7999999999999998,44.55000000000001,11.137500000000003,0.24750000000000003,160.0,160.0,160.0,160.0,-10.0,-10.0,76.31702040486246,0.08976151925327598,6.962894625663209,9.50482928699072e-13,1.2470253587122598e-14,9.548138023199686e-13,4.064378946914033e-21,2.442902447431424e-20,11.137500000000006,1.478258230429763,5.137500000000003,2,center_curvature,125.0,15.15481652201421,2.1268414929069834,12.749095385992167
Ro150_q0.55_L37W_r0.45_th160_kc+10_ko+10,150.0,82.50000000000001,0.55,37.12500000000001,1.8,37.12500000000001,9.281250000000002,0.24750000000000003,160.0,160.0,160.0,160.0,10.0,10.0,69.58042448583497,0.06647238926200445,9.402400108359718,6.677893490113556e-13,8.659898324390695e-15,6.707969001369783e-13,2.3520711498345098e-21,1.4137166941154074e-20,9.28125,1.231881858691469,3.2812500000000018,2,center_curvature,125.0,9.507782197149629,2.2571684715302354,12.74424373905488
Ro180_q0.55_L54W_r0.60_th120_kc+10_ko+10,180.0,99.00000000000003,0.55,54.45000000000001,2.2,59.40000000000001,14.850000000000003,0.33000000000000007,120.0,120.0,120.0,120.0,10.0,10.0,33.738656756789815,0.04787724516822718,13.054218090533942,9.300499520838928e-13,2.2169339710440177e-14,9.377492829654869e-13,4.064378946914033e-21,2.442902447431424e-20,14.850000000000005,2.2570722186053334,8.850000000000003,2,outer_curvature,125.0,263.51906004530997,3.551083265135091,12.71688684906716
Ro120_q0.55_L30W_r0.60_th160_kc-10_ko-10,120.0,66.00000000000001,0.55,29.700000000000003,1.8,39.6,9.9,0.33,160.0,160.0,160.0,160.0,-10.0,-10.0,84.6066479554703,0.09144474243104479,6.834728639224831,4.128669255773302e-13,9.85303987130674e-15,4.162888504135942e-13,1.2042604287152686e-21,7.238229473870886e-21,9.900000000000002,1.4704811507852844,3.9000000000000004,2,center_curvature,125.0,4.8009170225236275,1.989292087937744,12.707908029415535
Ro150_q0.55_L45W_r0.60_th140_kc+0_ko+0,150.0,82.50000000000001,0.55,45.37500000000001,2.1999999999999997,49.50000000000001,12.375,0.33,140.0,140.0,140.0,140.0,0.0,0.0,56.95106792641867,0.06952705726847358,8.989306099733357,6.446416688760545e-13,1.5395374798916786e-14,6.49988426432717e-13,2.3520711498345098e-21,1.4137166941154074e-20,12.375,1.8808935155044442,6.375,2,center_curvature,125.0,2.099813131423407,2.5642074656406777,12.695407133298446
Ro120_q0.55_L23W_r0.75_th140_kc+0_ko+0,120.0,66.00000000000001,0.55,23.1,1.4,49.50000000000001,12.375,0.4125,140.0,140.0,140.0,140.0,0.0,0.0,56.95106792641867,0.06952705726847358,8.989306099733357,4.006068817697292e-13,1.5395374798916786e-14,4.0595363932639175e-13,1.2042604287152686e-21,7.238229473870886e-21,12.375,1.87980535023228,6.375,2,center_curvature,125.0,4.320878610473461,2.5642074656406777,12.693230802754115
Ro180_q0.35_L22W_r0.60_th160_kc+0_ko+0,180.0,63.00000000000001,0.35,22.049999999999997,1.3999999999999997,37.800000000000004,9.45,0.20999999999999996,160.0,160.0,160.0,160.0,0.0,0.0,78.15934547715936,0.07856753872565435,7.954939280742941,8.881809797638831e-13,8.97766649431048e-15,8.9129889061676e-13,1.047394424336223e-21,2.442902447431424e-20,9.449999999999998,1.3506942659240098,3.4499999999999993,2,center_curvature,125.0,4.041361187574591,2.0942996286850146,12.692376387996608
Ro150_q0.55_L45W_r0.60_th140_kc+10_ko+10,150.0,82.50000000000001,0.55,45.37500000000001,2.1999999999999997,49.50000000000001,12.375,0.33,140.0,140.0,140.0,140.0,10.0,10.0,46.95106792641867,0.055925239607150026,11.17563383528345,6.496045318430464e-13,1.5395374798916786e-14,6.549512893997089e-13,2.3520711498345098e-21,1.4137166941154074e-20,12.375,1.8808935155044442,6.375,2,center_curvature,125.0,5.027204092311118,2.8949379057880975,12.687153580780574
Ro120_q0.55_L23W_r0.75_th140_kc+10_ko+10,120.0,66.00000000000001,0.55,23.1,1.4,49.50000000000001,12.375,0.4125,140.0,140.0,140.0,140.0,10.0,10.0,46.95106792641867,0.055925239607150026,11.17563383528345,4.037840529755056e-13,1.5395374798916786e-14,4.091308105321682e-13,1.2042604287152686e-21,7.238229473870886e-21,12.375,1.87980535023228,6.375,2,center_curvature,125.0,4.603471753675147,2.8949379057880975,12.684977250236244
Ro180_q0.55_L45W_r0.60_th120_kc-10_ko-10,180.0,99.00000000000003,0.55,44.550000000000004,1.7999999999999998,59.40000000000001,14.850000000000003,0.33000000000000007,120.0,120.0,120.0,120.0,-10.0,-10.0,53.738656756789815,0.07801712867775615,8.011061296315008,9.087948178193814e-13,2.2169339710440177e-14,9.164941487009755e-13,4.064378946914033e-21,2.442902447431424e-20,14.850000000000003,2.205721726177927,8.850000000000003,2,center_curvature,125.0,6.711876302776296,2.659904145670855,12.684326278092081
Ro180_q0.45_L36W_r0.45_th160_kc+10_ko+10,180.0,81.00000000000001,0.45,36.45,1.8,36.45,9.1125,0.2025,160.0,160.0,160.0,160.0,10.0,10.0,71.05413605038747,0.06701188709940364,9.326703470876618,9.259990447051579e-13,8.34785570708207e-15,9.288982245670804e-13,2.2260948552218853e-21,2.442902447431424e-20,9.112499999999999,1.2094840067152604,3.1125000000000007,2,center_curvature,125.0,8.99277367958299,2.227007709215023,12.684308707605844
Ro150_q0.45_L24W_r0.60_th160_kc-10_ko-10,150.0,67.50000000000001,0.45,23.625,1.3999999999999997,40.50000000000001,10.125,0.27,160.0,160.0,160.0,160.0,-10.0,-10.0,82.94872244534872,0.09107223203054045,6.862684553403836,6.304595093836819e-13,1.0305994700101317e-14,6.340387437811172e-13,1.2882493375126653e-21,1.4137166941154074e-20,10.125000000000004,1.4471724277757247,4.125,2,center_curvature,125.0,4.87857537756742,2.0150666295207786,12.666881766232216
Ro180_q0.45_L45W_r0.60_th140_kc+10_ko+10,180.0,81.00000000000001,0.45,44.550000000000004,2.2,48.60000000000001,12.15,0.27,140.0,140.0,140.0,140.0,10.0,10.0,48.00571733246346,0.05625654504794126,11.10981841254882,9.086041459540197e-13,1.48406323681459e-14,9.137582434863264e-13,2.2260948552218853e-21,2.442902447431424e-20,12.15,1.8466954515861815,6.15,2,center_curvature,125.0,4.7080454881538225,2.8550345524323006,12.629359227049367
Ro120_q0.45_L30W_r0.60_th160_kc+10_ko+10,120.0,54.00000000000001,0.45,29.700000000000003,2.2,32.400000000000006,8.100000000000001,0.27,160.0,160.0,160.0,160.0,10.0,10.0,81.1859030566859,0.07080243329343057,8.82738023154906,4.0548896773531847e-13,6.595836608064845e-15,4.0777967774967707e-13,6.595836608064845e-22,7.238229473870886e-21,8.100000000000001,1.2311303010574544,2.1000000000000014,2,center_curvature,125.0,2.4052222861623367,2.0433749666324275,12.62773664842472
Ro180_q0.35_L35W_r0.60_th160_kc-10_ko-10,180.0,63.00000000000001,0.35,34.65,2.1999999999999997,37.800000000000004,9.45,0.20999999999999996,160.0,160.0,160.0,160.0,-10.0,-10.0,88.15934547715936,0.0922956851049803,6.771714184569987,8.806694055070096e-13,8.97766649431048e-15,8.837873163598865e-13,1.047394424336223e-21,2.442902447431424e-20,9.45,1.43631868456703,3.4499999999999993,2,center_curvature,125.0,2.4703996403900113,1.9366450427292792,12.626980206048056
Ro180_q0.35_L28W_r0.75_th140_kc+10_ko+10,180.0,63.00000000000001,0.35,28.35,1.7999999999999998,47.25,11.8125,0.26249999999999996,140.0,140.0,140.0,140.0,10.0,10.0,49.663023541962424,0.056781088681404704,11.007185922532019,8.760335082871783e-13,1.4027603897360126e-14,8.809052439947985e-13,1.047394424336223e-21,2.442902447431424e-20,11.8125,1.8345462370388304,5.8125,2,center_curvature,125.0,0.33497644387779135,2.7950205799811556,12.621846194225494
Ro180_q0.45_L45W_r0.60_th140_kc+0_ko+0,180.0,81.00000000000001,0.45,44.550000000000004,2.2,48.60000000000001,12.15,0.27,140.0,140.0,140.0,140.0,0.0,0.0,58.00571733246346,0.06974711406836075,8.960944239032216,9.016810445041577e-13,1.48406323681459e-14,9.068351420364645e-13,2.2260948552218853e-21,2.442902447431424e-20,12.150000000000002,1.8466954515861815,6.15,2,center_curvature,125.0,1.9873483901340232,2.534609619018191,12.621338633321692
Ro180_q0.55_L45W_r0.60_th120_kc+10_ko+10,180.0,99.00000000000003,0.55,44.550000000000004,1.7999999999999998,59.40000000000001,14.850000000000003,0.33000000000000007,120.0,120.0,120.0,120.0,10.0,10.0,33.738656756789815,0.04787724516822718,13.054218090533942,9.26392562568207e-13,2.2169339710440177e-14,9.34091893449801e-13,4.064378946914033e-21,2.442902447431424e-20,14.850000000000001,2.205721726177927,8.850000000000003,2,center_curvature,125.0,15.051165635771309,3.551083265135091,12.614185864212349
Ro150_q0.55_L37W_r0.60_th140_kc+0_ko+0,150.0,82.50000000000001,0.55,37.12500000000001,1.8,49.50000000000001,12.375,0.33,140.0,140.0,140.0,140.0,0.0,0.0,56.95106792641867,0.06952705726847358,8.989306099733357,6.426949486396811e-13,1.5395374798916786e-14,6.480417061963436e-13,2.3520711498345098e-21,1.4137166941154074e-20,12.375,1.8381014384816057,6.375,2,center_curvature,125.0,8.626262525032713,2.5642074656406777,12.609822979252769
Ro150_q0.55_L37W_r0.60_th140_kc+10_ko+10,150.0,82.50000000000001,0.55,37.12500000000001,1.8,49.50000000000001,12.375,0.33,140.0,140.0,140.0,140.0,10.0,10.0,46.95106792641867,0.055925239607150026,11.17563383528345,6.478830226028125e-13,1.5395374798916786e-14,6.532297801594751e-13,2.3520711498345098e-21,1.4137166941154074e-20,12.375,1.8381014384816057,6.375,2,center_curvature,125.0,9.766375695873158,2.8949379057880975,12.601569426734898
Ro120_q0.55_L23W_r0.60_th160_kc-10_ko-10,120.0,66.00000000000001,0.55,23.1,1.4,39.6,9.9,0.33,160.0,160.0,160.0,160.0,-10.0,-10.0,84.6066479554703,0.09144474243104479,6.834728639224831,4.170034599316436e-13,9.85303987130674e-15,4.2042538476790763e-13,1.2042604287152686e-21,7.238229473870886e-21,9.900000000000002,1.4150130404918198,3.9000000000000004,2,center_curvature,125.0,4.562423682322811,1.989292087937744,12.596971808828606
Ro180_q0.35_L28W_r0.75_th140_kc+0_ko+0,180.0,63.00000000000001,0.35,28.35,1.7999999999999998,47.25,11.8125,0.26249999999999996,140.0,140.0,140.0,140.0,0.0,0.0,59.663023541962424,0.07010615336963301,8.91505195991431,8.694586013217099e-13,1.4027603897360126e-14,8.743303370293302e-13,1.047394424336223e-21,2.442902447431424e-20,11.8125,1.8345462370388304,5.8125,2,outer_curvature,125.0,155.27213277035355,2.4897615693086905,12.587861748403405
Ro120_q0.35_L19W_r0.75_th160_kc+10_ko+10,120.0,42.00000000000001,0.35,18.9,1.7999999999999998,31.500000000000004,7.875000000000001,0.2625,160.0,160.0,160.0,160.0,10.0,10.0,83.79121457259123,0.071799343291793,8.704814993362767,3.908188381815089e-13,6.234490621048946e-15,3.9298405405156237e-13,3.103390886922143e-22,7.238229473870886e-21,7.875000000000001,1.2230308246925539,1.8750000000000009,2,center_curvature,125.0,0.7218708002688184,2.0018688724877665,12.587024648057662
Ro150_q0.55_L45W_r0.45_th160_kc+0_ko+0,150.0,82.50000000000001,0.55,45.37500000000001,2.1999999999999997,37.12500000000001,9.281250000000002,0.24750000000000003,160.0,160.0,160.0,160.0,0.0,0.0,79.58042448583497,0.07901286406637834,7.9101043530701585,6.624472226419115e-13,8.659898324390695e-15,6.654547737675342e-13,2.3520711498345098e-21,1.4137166941154074e-20,9.281250000000004,1.294865410879319,3.2812500000000018,2,center_curvature,125.0,9.369574401278703,2.070009920961624,12.57175169237267
Ro120_q0.45_L24W_r0.60_th160_kc+10_ko+10,120.0,54.00000000000001,0.45,24.3,1.8,32.400000000000006,8.100000000000001,0.27,160.0,160.0,160.0,160.0,10.0,10.0,81.1859030566859,0.07080243329343057,8.82738023154906,4.049827122122608e-13,6.595836608064845e-15,4.072734222266194e-13,6.595836608064845e-22,7.238229473870886e-21,8.100000000000001,1.2031209415515964,2.1000000000000014,2,center_curvature,125.0,2.967574539693124,2.0433749666324275,12.571717929413005
Ro180_q0.35_L28W_r0.60_th160_kc-10_ko-10,180.0,63.00000000000001,0.35,28.35,1.7999999999999998,37.800000000000004,9.45,0.20999999999999996,160.0,160.0,160.0,160.0,-10.0,-10.0,88.15934547715936,0.0922956851049803,6.771714184569987,8.798835013145397e-13,8.97766649431048e-15,8.830014121674166e-13,1.047394424336223e-21,2.442902447431424e-20,9.449999999999998,1.4036410984768626,3.4499999999999993,2,center_curvature,125.0,4.189130370153982,1.9366450427292792,12.561625033867722
Ro150_q0.45_L30W_r0.75_th140_kc-10_ko-10,150.0,67.50000000000001,0.45,30.375000000000004,1.7999999999999998,50.625000000000014,12.656250000000002,0.3375,140.0,140.0,140.0,140.0,-10.0,-10.0,65.68548863916492,0.08437817130884101,7.407129003926558,6.094057642349787e-13,1.6103116718908314e-14,6.149983179809714e-13,1.2882493375126653e-21,1.4137166941154074e-20,12.656250000000004,1.965585253970176,6.656250000000002,2,outer_curvature,125.0,97.92189324102031,2.3419375021385136,12.548355191068548
Ro180_q0.45_L36W_r0.60_th140_kc+10_ko+10,180.0,81.00000000000001,0.45,36.45,1.8,48.60000000000001,12.15,0.27,140.0,140.0,140.0,140.0,10.0,10.0,48.00571733246346,0.05625654504794126,11.10981841254882,9.06941334201203e-13,1.48406323681459e-14,9.120954317335098e-13,2.2260948552218853e-21,2.442902447431424e-20,12.150000000000002,1.8046814123273949,6.15,2,center_curvature,125.0,9.223870226252282,2.8550345524323006,12.545331148531794
Ro180_q0.35_L22W_r0.75_th140_kc+10_ko+10,180.0,63.00000000000001,0.35,22.049999999999997,1.3999999999999997,47.25,11.8125,0.26249999999999996,140.0,140.0,140.0,140.0,10.0,10.0,49.663023541962424,0.056781088681404704,11.007185922532019,8.761193121979483e-13,1.4027603897360126e-14,8.809910479055686e-13,1.047394424336223e-21,2.442902447431424e-20,11.812499999999998,1.7943596524944487,5.8125,2,center_curvature,125.0,3.9927400259604178,2.7950205799811556,12.541473025136732
Ro180_q0.45_L36W_r0.60_th140_kc+0_ko+0,180.0,81.00000000000001,0.45,36.45,1.8,48.60000000000001,12.15,0.27,140.0,140.0,140.0,140.0,0.0,0.0,58.00571733246346,0.06974711406836075,8.960944239032216,8.998044705506818e-13,1.48406323681459e-14,9.049585680829886e-13,2.2260948552218853e-21,2.442902447431424e-20,12.150000000000002,1.8046814123273949,6.15,2,center_curvature,125.0,8.164242585880274,2.534609619018191,12.537310554804119
Ro150_q0.35_L29W_r0.60_th160_kc+10_ko+10,150.0,52.5,0.35,28.875,2.2,31.499999999999996,7.874999999999999,0.20999999999999996,160.0,160.0,160.0,160.0,10.0,10.0,83.79121457259124,0.07179934329179298,8.704814993362767,6.174606862471979e-13,6.2344906210489436e-15,6.196259021172513e-13,6.0613103260198075e-22,1.4137166941154074e-20,7.875000000000001,1.1969322371391915,1.8749999999999991,2,center_curvature,125.0,2.2004434448749475,2.0018688724877665,12.534827472950937
Ro120_q0.35_L15W_r0.75_th160_kc+10_ko+10,120.0,42.00000000000001,0.35,14.699999999999998,1.3999999999999997,31.500000000000004,7.875000000000001,0.2625,160.0,160.0,160.0,160.0,10.0,10.0,83.79121457259123,0.071799343291793,8.704814993362767,3.9112039545956773e-13,6.234490621048946e-15,3.9328561132962115e-13,3.103390886922143e-22,7.238229473870886e-21,7.875000000000001,1.1962397683296326,1.8750000000000009,2,center_curvature,125.0,1.254812482797401,2.0018688724877665,12.533442535331819
Ro150_q0.55_L29W_r0.45_th160_kc+10_ko+10,150.0,82.50000000000001,0.55,28.875,1.4,37.12500000000001,9.281250000000002,0.24750000000000003,160.0,160.0,160.0,160.0,10.0,10.0,69.58042448583497,0.06647238926200445,9.402400108359718,6.770387110358533e-13,8.659898324390695e-15,6.80046262161476e-13,2.3520711498345098e-21,1.4137166941154074e-20,9.28125,1.1258109263173266,3.2812500000000018,2,center_curvature,125.0,7.164980292781577,2.2571684715302354,12.532101874306596
Ro180_q0.55_L35W_r0.60_th120_kc-10_ko-10,180.0,99.00000000000003,0.55,34.65,1.3999999999999997,59.40000000000001,14.850000000000003,0.33000000000000007,120.0,120.0,120.0,120.0,-10.0,-10.0,53.738656756789815,0.07801712867775615,8.011061296315008,9.163510957729722e-13,2.2169339710440177e-14,9.240504266545663e-13,4.064378946914033e-21,2.442902447431424e-20,14.850000000000003,2.12251956073773,8.850000000000003,2,center_curvature,125.0,17.618762463722163,2.659904145670855,12.517921947211686
Ro180_q0.45_L45W_r0.45_th160_kc+0_ko+0,180.0,81.00000000000001,0.45,44.550000000000004,2.2,36.45,9.1125,0.2025,160.0,160.0,160.0,160.0,0.0,0.0,81.05413605038747,0.07948126053629409,7.863488774370933,9.19552538896865e-13,8.34785570708207e-15,9.224517187587875e-13,2.2260948552218853e-21,2.442902447431424e-20,9.112500000000002,1.2713224034087858,3.1125000000000007,2,center_curvature,125.0,8.86774268028124,2.0455297355086444,12.515342561691758
Ro180_q0.35_L22W_r0.75_th140_kc+0_ko+0,180.0,63.00000000000001,0.35,22.049999999999997,1.3999999999999997,47.25,11.8125,0.26249999999999996,140.0,140.0,140.0,140.0,0.0,0.0,59.663023541962424,0.07010615336963301,8.91505195991431,8.693854384268335e-13,1.4027603897360126e-14,8.742571741344538e-13,1.047394424336223e-21,2.442902447431424e-20,11.8125,1.7943596524944487,5.8125,2,center_curvature,125.0,3.7580445535941083,2.4897615693086905,12.507488579314643
Ro150_q0.45_L24W_r0.75_th120_kc+0_ko+0,150.0,67.50000000000001,0.45,23.625,1.3999999999999997,50.625000000000014,12.656250000000002,0.3375,120.0,120.0,120.0,120.0,0.0,0.0,51.320023927966716,0.06310917298697397,9.903473146906917,6.072930202494612e-13,1.6103116718908314e-14,6.128855739954539e-13,1.2882493375126653e-21,1.4137166941154074e-20,12.656250000000002,1.9225281991011958,6.656250000000002,2,center_curvature,125.0,3.979299749798412,2.7380662781508747,12.496421594057
Ro180_q0.55_L35W_r0.45_th160_kc-10_ko-10,180.0,99.00000000000003,0.55,34.65,1.3999999999999997,44.55000000000001,11.137500000000003,0.24750000000000003,160.0,160.0,160.0,160.0,-10.0,-10.0,76.31702040486246,0.08976151925327598,6.962894625663209,9.640641213488155e-13,1.2470253587122598e-14,9.68394994969712e-13,4.064378946914033e-21,2.442902447431424e-20,11.137500000000001,1.3509731115807917,5.137500000000003,2,center_curvature,125.0,12.056075695508248,2.1268414929069834,12.494525148294224
Ro120_q0.45_L19W_r0.60_th160_kc+10_ko+10,120.0,54.00000000000001,0.45,18.9,1.4,32.400000000000006,8.100000000000001,0.27,160.0,160.0,160.0,160.0,10.0,10.0,81.1859030566859,0.07080243329343057,8.82738023154906,4.077288294051724e-13,6.595836608064845e-15,4.10019539419531e-13,6.595836608064845e-22,7.238229473870886e-21,8.100000000000003,1.1577379422205798,2.1000000000000014,2,center_curvature,125.0,2.58278264015221,2.0433749666324275,12.480951930750972
Ro150_q0.35_L24W_r0.60_th160_kc+10_ko+10,150.0,52.5,0.35,23.625,1.8,31.499999999999996,7.874999999999999,0.20999999999999996,160.0,160.0,160.0,160.0,10.0,10.0,83.79121457259124,0.07179934329179298,8.704814993362767,6.169815713586232e-13,6.2344906210489436e-15,6.191467872286766e-13,6.0613103260198075e-22,1.4137166941154074e-20,7.874999999999999,1.1697009153973852,1.8749999999999991,2,center_curvature,125.0,2.7232431747632004,2.0018688724877665,12.480364829467325
Ro180_q0.45_L28W_r0.45_th160_kc+10_ko+10,180.0,81.00000000000001,0.45,28.35,1.4,36.45,9.1125,0.2025,160.0,160.0,160.0,160.0,10.0,10.0,71.05413605038747,0.06701188709940364,9.326703470876618,9.349167648074225e-13,8.34785570708207e-15,9.37815944669345e-13,2.2260948552218853e-21,2.442902447431424e-20,9.112499999999994,1.1053416367479203,3.1125000000000007,2,center_curvature,125.0,6.779734518307068,2.227007709215023,12.476023967671164
Ro150_q0.55_L29W_r0.60_th140_kc+0_ko+0,150.0,82.50000000000001,0.55,28.875,1.4,49.50000000000001,12.375,0.33,140.0,140.0,140.0,140.0,0.0,0.0,56.95106792641867,0.06952705726847358,8.989306099733357,6.488217602629802e-13,1.5395374798916786e-14,6.541685178196427e-13,2.3520711498345098e-21,1.4137166941154074e-20,12.375,1.7687663006147747,6.375,2,center_curvature,125.0,9.496208778167016,2.5642074656406777,12.471152703519106
Ro150_q0.55_L29W_r0.60_th140_kc+10_ko+10,150.0,82.50000000000001,0.55,28.875,1.4,49.50000000000001,12.375,0.33,140.0,140.0,140.0,140.0,10.0,10.0,46.95106792641867,0.055925239607150026,11.17563383528345,6.540271472968202e-13,1.5395374798916786e-14,6.593739048534827e-13,2.3520711498345098e-21,1.4137166941154074e-20,12.375,1.7687663006147747,6.375,2,center_curvature,125.0,9.765955598411047,2.8949379057880975,12.462899151001235
Ro150_q0.45_L24W_r0.75_th140_kc-10_ko-10,150.0,67.50000000000001,0.45,23.625,1.3999999999999997,50.625000000000014,12.656250000000002,0.3375,140.0,140.0,140.0,140.0,-10.0,-10.0,65.68548863916492,0.08437817130884101,7.407129003926558,6.090939606142504e-13,1.6103116718908314e-14,6.146865143602431e-13,1.2882493375126653e-21,1.4137166941154074e-20,12.656250000000002,1.9225281991011958,6.656250000000002,2,center_curvature,125.0,4.30790724654949,2.3419375021385136,12.462241081330589
Ro120_q0.55_L30W_r0.75_th140_kc-10_ko-10,120.0,66.00000000000001,0.55,29.700000000000003,1.8,49.50000000000001,12.375,0.4125,140.0,140.0,140.0,140.0,-10.0,-10.0,66.95106792641867,0.08447052406084085,7.399030690869594,3.9819369567759927e-13,1.5395374798916786e-14,4.0354045323426183e-13,1.2042604287152686e-21,7.238229473870886e-21,12.375,1.9219055816597275,6.375,2,outer_curvature,125.0,57.69496168031184,2.3135470885700116,12.459376183836259
Ro180_q0.35_L22W_r0.60_th160_kc-10_ko-10,180.0,63.00000000000001,0.35,22.049999999999997,1.3999999999999997,37.800000000000004,9.45,0.20999999999999996,160.0,160.0,160.0,160.0,-10.0,-10.0,88.15934547715936,0.0922956851049803,6.771714184569987,8.836521287838537e-13,8.97766649431048e-15,8.867700396367306e-13,1.047394424336223e-21,2.442902447431424e-20,9.449999999999998,1.3506942659240098,3.4499999999999993,2,center_curvature,125.0,3.9714531731232547,1.9366450427292792,12.455731368762017
Ro180_q0.55_L35W_r0.60_th120_kc+10_ko+10,180.0,99.00000000000003,0.55,34.65,1.3999999999999997,59.40000000000001,14.850000000000003,0.33000000000000007,120.0,120.0,120.0,120.0,10.0,10.0,33.738656756789815,0.04787724516822718,13.054218090533942,9.34558596419102e-13,2.2169339710440177e-14,9.422579273006961e-13,4.064378946914033e-21,2.442902447431424e-20,14.850000000000003,2.12251956073773,8.850000000000003,2,center_curvature,125.0,19.47563620451494,3.551083265135091,12.447781533331954
Ro150_q0.55_L37W_r0.45_th160_kc+0_ko+0,150.0,82.50000000000001,0.55,37.12500000000001,1.8,37.12500000000001,9.281250000000002,0.24750000000000003,160.0,160.0,160.0,160.0,0.0,0.0,79.58042448583497,0.07901286406637834,7.9101043530701585,6.641298329702312e-13,8.659898324390695e-15,6.671373840958538e-13,2.3520711498345098e-21,1.4137166941154074e-20,9.28125,1.231881858691469,3.2812500000000018,2,center_curvature,125.0,9.172454391999322,2.070009920961624,12.44578458799697
Ro180_q0.45_L28W_r0.60_th140_kc+10_ko+10,180.0,81.00000000000001,0.45,28.35,1.4,48.60000000000001,12.15,0.27,140.0,140.0,140.0,140.0,10.0,10.0,48.00571733246346,0.05625654504794126,11.10981841254882,9.128640621207746e-13,1.48406323681459e-14,9.180181596530813e-13,2.2260948552218853e-21,2.442902447431424e-20,12.150000000000002,1.7366069133308697,6.15,2,center_curvature,125.0,9.23825593744172,2.8550345524323006,12.409182150538744
Ro150_q0.55_L45W_r0.60_th120_kc+0_ko+0,150.0,82.50000000000001,0.55,45.37500000000001,2.1999999999999997,49.50000000000001,12.375,0.33,120.0,120.0,120.0,120.0,0.0,0.0,52.48638810814779,0.06329217198070347,9.874838869339957,6.394967772140465e-13,1.5395374798916786e-14,6.44843534770709e-13,2.3520711498345098e-21,1.4137166941154074e-20,12.375,1.8808935155044442,6.375,2,outer_curvature,125.0,121.12659170690989,2.6996705157165124,12.407425371350104
Ro120_q0.55_L23W_r0.75_th120_kc+0_ko+0,120.0,66.00000000000001,0.55,23.1,1.4,49.50000000000001,12.375,0.4125,120.0,120.0,120.0,120.0,0.0,0.0,52.48638810814779,0.06329217198070347,9.874838869339957,3.960200049909608e-13,1.5395374798916786e-14,4.0136676254762335e-13,1.2042604287152686e-21,7.238229473870886e-21,12.375,1.87980535023228,6.375,2,center_curvature,125.0,3.719864918777317,2.6996705157165124,12.405249040805776
Ro180_q0.45_L28W_r0.60_th140_kc+0_ko+0,180.0,81.00000000000001,0.45,28.35,1.4,48.60000000000001,12.15,0.27,140.0,140.0,140.0,140.0,0.0,0.0,58.00571733246346,0.06974711406836075,8.960944239032216,9.057105144163148e-13,1.48406323681459e-14,9.108646119486216e-13,2.2260948552218853e-21,2.442902447431424e-20,12.150000000000002,1.7366069133308697,6.15,2,center_curvature,125.0,8.987594416111795,2.534609619018191,12.401161556811068
Ro150_q0.35_L18W_r0.60_th160_kc+10_ko+10,150.0,52.5,0.35,18.374999999999996,1.3999999999999997,31.499999999999996,7.874999999999999,0.20999999999999996,160.0,160.0,160.0,160.0,10.0,10.0,83.79121457259124,0.07179934329179298,8.704814993362767,6.195776478852219e-13,6.2344906210489436e-15,6.217428637552753e-13,6.0613103260198075e-22,1.4137166941154074e-20,7.874999999999999,1.1255785549366746,1.8749999999999991,2,center_curvature,125.0,2.3725087742904267,2.0018688724877665,12.392120108545903
Ro180_q0.45_L36W_r0.45_th160_kc+0_ko+0,180.0,81.00000000000001,0.45,36.45,1.8,36.45,9.1125,0.2025,160.0,160.0,160.0,160.0,0.0,0.0,81.05413605038747,0.07948126053629409,7.863488774370933,9.211745196298833e-13,8.34785570708207e-15,9.240736994918058e-13,2.2260948552218853e-21,2.442902447431424e-20,9.112500000000002,1.2094840067152604,3.1125000000000007,2,center_curvature,125.0,8.681180214121067,2.0455297355086444,12.391665768304707
Ro150_q0.55_L45W_r0.60_th140_kc-10_ko-10,150.0,82.50000000000001,0.55,45.37500000000001,2.1999999999999997,49.50000000000001,12.375,0.33,140.0,140.0,140.0,140.0,-10.0,-10.0,66.95106792641867,0.08447052406084085,7.399030690869594,6.404344143026097e-13,1.5395374798916786e-14,6.457811718592722e-13,2.3520711498345098e-21,1.4137166941154074e-20,12.375,1.8808935155044442,6.375,2,outer_curvature,125.0,96.52208856626173,2.3135470885700116,12.37735205152569
Ro120_q0.55_L23W_r0.75_th140_kc-10_ko-10,120.0,66.00000000000001,0.55,23.1,1.4,49.50000000000001,12.375,0.4125,140.0,140.0,140.0,140.0,-10.0,-10.0,66.95106792641867,0.08447052406084085,7.399030690869594,3.97900782951527e-13,1.5395374798916786e-14,4.0324754050818953e-13,1.2042604287152686e-21,7.238229473870886e-21,12.375,1.87980535023228,6.375,2,center_curvature,125.0,4.033632705787704,2.3135470885700116,12.375175720981364
Ro120_q0.45_L30W_r0.60_th160_kc+0_ko+0,120.0,54.00000000000001,0.45,29.700000000000003,2.2,32.400000000000006,8.100000000000001,0.27,160.0,160.0,160.0,160.0,0.0,0.0,91.1859030566859,0.08286569248941832,7.542325191813373,4.0354678757101924e-13,6.595836608064845e-15,4.0583749758537784e-13,6.595836608064845e-22,7.238229473870886e-21,8.1,1.2311303010574544,2.1000000000000014,2,center_curvature,125.0,2.0162577046544454,1.8943587390189975,12.370725640477582
Ro150_q0.55_L45W_r0.45_th160_kc-10_ko-10,150.0,82.50000000000001,0.55,45.37500000000001,2.1999999999999997,37.12500000000001,9.281250000000002,0.24750000000000003,160.0,160.0,160.0,160.0,-10.0,-10.0,89.58042448583497,0.09265481575747606,6.745466977517253,6.590327905857874e-13,8.659898324390695e-15,6.620403417114101e-13,2.3520711498345098e-21,1.4137166941154074e-20,9.281250000000004,1.294865410879319,3.2812500000000018,2,center_curvature,125.0,8.46285167094823,1.9165102556604197,12.338824217262088
Ro120_q0.35_L19W_r0.75_th160_kc+0_ko+0,120.0,42.00000000000001,0.35,18.9,1.7999999999999998,31.500000000000004,7.875000000000001,0.2625,160.0,160.0,160.0,160.0,0.0,0.0,93.79121457259123,0.0837779115219283,7.4602002920114625,3.8899984342640236e-13,6.234490621048946e-15,3.911650592964558e-13,3.103390886922143e-22,7.238229473870886e-21,7.875000000000001,1.2230308246925539,1.8750000000000009,2,center_curvature,125.0,0.5971009569921901,1.8596883371460038,12.3381017077874
Ro180_q0.45_L45W_r0.60_th120_kc+0_ko+0,180.0,81.00000000000001,0.45,44.550000000000004,2.2,48.60000000000001,12.15,0.27,120.0,120.0,120.0,120.0,0.0,0.0,53.45835825829868,0.06345197784471357,9.849968767397078,8.951325053629482e-13,1.48406323681459e-14,9.00286602895255e-13,2.2260948552218853e-21,2.442902447431424e-20,12.150000000000002,1.8466954515861815,6.15,2,outer_curvature,125.0,179.303646537888,2.6686785401563995,12.334055223125004
Ro150_q0.55_L37W_r0.60_th120_kc+0_ko+0,150.0,82.50000000000001,0.55,37.12500000000001,1.8,49.50000000000001,12.375,0.33,120.0,120.0,120.0,120.0,0.0,0.0,52.48638810814779,0.06329217198070347,9.874838869339957,6.363966127324873e-13,1.5395374798916786e-14,6.417433702891498e-13,2.3520711498345098e-21,1.4137166941154074e-20,12.375,1.8381014384816057,6.375,2,center_curvature,125.0,6.339499485092453,2.6996705157165124,12.321841217304428
Ro120_q0.45_L24W_r0.60_th160_kc+0_ko+0,120.0,54.00000000000001,0.45,24.3,1.8,32.400000000000006,8.100000000000001,0.27,160.0,160.0,160.0,160.0,0.0,0.0,91.1859030566859,0.08286569248941832,7.542325191813373,4.030132950467176e-13,6.595836608064845e-15,4.053040050610762e-13,6.595836608064845e-22,7.238229473870886e-21,8.100000000000001,1.2031209415515964,2.1000000000000014,2,center_curvature,125.0,2.8164201011834096,1.8943587390189975,12.314706921465866
Ro180_q0.45_L45W_r0.60_th140_kc-10_ko-10,180.0,81.00000000000001,0.45,44.550000000000004,2.2,48.60000000000001,12.15,0.27,140.0,140.0,140.0,140.0,-10.0,-10.0,68.00571733246346,0.08456122141831968,7.391094753801623,8.956635526434528e-13,1.48406323681459e-14,9.008176501757596e-13,2.2260948552218853e-21,2.442902447431424e-20,12.150000000000002,1.8466954515861815,6.15,2,outer_curvature,125.0,139.73654381161182,2.2905231546754834,12.30736873627557
Ro150_q0.55_L37W_r0.60_th140_kc-10_ko-10,150.0,82.50000000000001,0.55,37.12500000000001,1.8,49.50000000000001,12.375,0.33,140.0,140.0,140.0,140.0,-10.0,-10.0,66.95106792641867,0.08447052406084085,7.399030690869594,6.381904788067635e-13,1.5395374798916786e-14,6.435372363634261e-13,2.3520711498345098e-21,1.4137166941154074e-20,12.375,1.8381014384816057,6.375,2,center_curvature,125.0,7.461640004658251,2.3135470885700116,12.291767897480014
Ro180_q0.45_L45W_r0.45_th160_kc-10_ko-10,180.0,81.00000000000001,0.45,44.550000000000004,2.2,36.45,9.1125,0.2025,160.0,160.0,160.0,160.0,-10.0,-10.0,91.05413605038747,0.09303784213934425,6.717696645026736,9.150217820722843e-13,8.34785570708207e-15,9.179209619342068e-13,2.2260948552218853e-21,2.442902447431424e-20,9.112499999999999,1.2713224034087858,3.1125000000000007,2,center_curvature,125.0,8.025283904085553,1.8961536182064975,12.28618413582292
Ro150_q0.35_L29W_r0.60_th160_kc+0_ko+0,150.0,52.5,0.35,28.875,2.2,31.499999999999996,7.874999999999999,0.20999999999999996,160.0,160.0,160.0,160.0,0.0,0.0,93.79121457259124,0.08377791152192829,7.460200292011463,6.146885283036975e-13,6.2344906210489436e-15,6.168537441737509e-13,6.0613103260198075e-22,1.4137166941154074e-20,7.874999999999999,1.1969322371391915,1.8749999999999991,2,center_curvature,125.0,1.85286038978337,1.8596883371460038,12.285904532680675
Ro120_q0.35_L15W_r0.75_th160_kc+0_ko+0,120.0,42.00000000000001,0.35,14.699999999999998,1.3999999999999997,31.500000000000004,7.875000000000001,0.2625,160.0,160.0,160.0,160.0,0.0,0.0,93.79121457259123,0.0837779115219283,7.4602002920114625,3.892782534157382e-13,6.234490621048946e-15,3.914434692857917e-13,3.103390886922143e-22,7.238229473870886e-21,7.875000000000001,1.1962397683296326,1.8750000000000009,2,center_curvature,125.0,1.2216778859483657,1.8596883371460038,12.284519595061557
Ro180_q0.35_L28W_r0.75_th140_kc-10_ko-10,180.0,63.00000000000001,0.35,28.35,1.7999999999999998,47.25,11.8125,0.26249999999999996,140.0,140.0,140.0,140.0,-10.0,-10.0,69.66302354196243,0.08472745290304372,7.376593755452641,8.636594739341668e-13,1.4027603897360126e-14,8.68531209641787e-13,1.047394424336223e-21,2.442902447431424e-20,11.8125,1.8345462370388304,5.8125,2,outer_curvature,125.0,136.54543872750133,2.2554515827435395,12.280170107511072
Ro180_q0.45_L36W_r0.60_th120_kc+0_ko+0,180.0,81.00000000000001,0.45,36.45,1.8,48.60000000000001,12.15,0.27,120.0,120.0,120.0,120.0,0.0,0.0,53.45835825829868,0.06345197784471357,9.849968767397078,8.921440492875014e-13,1.48406323681459e-14,8.972981468198082e-13,2.2260948552218853e-21,2.442902447431424e-20,12.150000000000002,1.8046814123273949,6.15,2,center_curvature,125.0,5.999958445791477,2.6686785401563995,12.250027144607431
Ro150_q0.55_L29W_r0.45_th160_kc+0_ko+0,150.0,82.50000000000001,0.55,28.875,1.4,37.12500000000001,9.281250000000002,0.24750000000000003,160.0,160.0,160.0,160.0,0.0,0.0,79.58042448583497,0.07901286406637834,7.9101043530701585,6.734679253163311e-13,8.659898324390695e-15,6.764754764419538e-13,2.3520711498345098e-21,1.4137166941154074e-20,9.28125,1.1258109263173266,3.2812500000000018,2,center_curvature,125.0,7.078860321606282,2.070009920961624,12.233642723248686
Ro150_q0.35_L24W_r0.60_th160_kc+0_ko+0,150.0,52.5,0.35,23.625,1.8,31.499999999999996,7.874999999999999,0.20999999999999996,160.0,160.0,160.0,160.0,0.0,0.0,93.79121457259124,0.08377791152192829,7.460200292011463,6.141842626075018e-13,6.2344906210489436e-15,6.163494784775552e-13,6.0613103260198075e-22,1.4137166941154074e-20,7.874999999999999,1.1697009153973852,1.8749999999999991,2,center_curvature,125.0,2.5881775848213238,1.8596883371460038,12.231441889197063
Ro150_q0.45_L37W_r0.45_th160_kc+10_ko+10,150.0,67.50000000000001,0.45,37.12500000000001,2.2,30.375000000000007,7.593750000000001,0.2025,160.0,160.0,160.0,160.0,10.0,10.0,87.26496326046497,0.07314218220029767,8.545000725962158,6.413657248501058e-13,5.797122018806993e-15,6.433790441986632e-13,1.2882493375126653e-21,1.4137166941154074e-20,7.593750000000001,1.059435336173988,1.5937500000000009,2,center_curvature,125.0,5.533789760643056,1.9495809431049338,12.227870817540408
Ro120_q0.45_L19W_r0.60_th160_kc+0_ko+0,120.0,54.00000000000001,0.45,18.9,1.4,32.400000000000006,8.100000000000001,0.27,160.0,160.0,160.0,160.0,0.0,0.0,91.1859030566859,0.08286569248941832,7.542325191813373,4.057725419431841e-13,6.595836608064845e-15,4.080632519575427e-13,6.595836608064845e-22,7.238229473870886e-21,8.100000000000001,1.1577379422205798,2.1000000000000014,2,center_curvature,125.0,2.5449971254690817,1.8943587390189975,12.223940922803834
Ro180_q0.45_L36W_r0.60_th140_kc-10_ko-10,180.0,81.00000000000001,0.45,36.45,1.8,48.60000000000001,12.15,0.27,140.0,140.0,140.0,140.0,-10.0,-10.0,68.00571733246346,0.08456122141831968,7.391094753801623,8.935063061908794e-13,1.48406323681459e-14,8.986604037231861e-13,2.2260948552218853e-21,2.442902447431424e-20,12.150000000000002,1.8046814123273949,6.15,2,center_curvature,125.0,7.08225355913027,2.2905231546754834,12.223340657757998
Ro180_q0.35_L22W_r0.75_th120_kc+0_ko+0,180.0,63.00000000000001,0.35,22.049999999999997,1.3999999999999997,47.25,11.8125,0.26249999999999996,120.0,120.0,120.0,120.0,0.0,0.0,54.985739922821494,0.06371576878539811,9.809188712845486,8.620628208237946e-13,1.4027603897360126e-14,8.669345565314148e-13,1.047394424336223e-21,2.442902447431424e-20,11.8125,1.7943596524944487,5.8125,2,center_curvature,125.0,3.235318661263289,2.621716613045777,12.22122761403122
Ro150_q0.55_L37W_r0.45_th160_kc-10_ko-10,150.0,82.50000000000001,0.55,37.12500000000001,1.8,37.12500000000001,9.281250000000002,0.24750000000000003,160.0,160.0,160.0,160.0,-10.0,-10.0,89.58042448583497,0.09265481575747606,6.745466977517253,6.607118928989286e-13,8.659898324390695e-15,6.637194440245513e-13,2.3520711498345098e-21,1.4137166941154074e-20,9.281250000000004,1.231881858691469,3.2812500000000018,2,center_curvature,125.0,8.837230734966784,1.9165102556604197,12.212857112886388
Ro120_q0.45_L24W_r0.75_th140_kc+10_ko+10,120.0,54.00000000000001,0.45,24.3,1.8,40.50000000000001,10.125,0.3375,140.0,140.0,140.0,140.0,10.0,10.0,59.606860798956156,0.06002378525754549,10.412538918002214,3.9519980731991845e-13,1.0305994700101317e-14,3.9877904171735374e-13,6.595836608064845e-22,7.238229473870886e-21,10.125,1.5724682031761403,4.125,2,center_curvature,125.0,0.13310910883615767,2.491249374526383,12.201456416936622
Ro180_q0.35_L22W_r0.75_th140_kc-10_ko-10,180.0,63.00000000000001,0.35,22.049999999999997,1.3999999999999997,47.25,11.8125,0.26249999999999996,140.0,140.0,140.0,140.0,-10.0,-10.0,69.66302354196243,0.08472745290304372,7.376593755452641,8.634019936150264e-13,1.4027603897360126e-14,8.682737293226466e-13,1.047394424336223e-21,2.442902447431424e-20,11.8125,1.7943596524944487,5.8125,2,center_curvature,125.0,3.519661865486207,2.2554515827435395,12.19979693842231
Ro180_q0.45_L28W_r0.45_th160_kc+0_ko+0,180.0,81.00000000000001,0.45,28.35,1.4,36.45,9.1125,0.2025,160.0,160.0,160.0,160.0,0.0,0.0,81.05413605038747,0.07948126053629409,7.863488774370933,9.30176131954256e-13,8.34785570708207e-15,9.330753118161785e-13,2.2260948552218853e-21,2.442902447431424e-20,9.112499999999999,1.1053416367479203,3.1125000000000007,2,center_curvature,125.0,6.699718462465073,2.0455297355086444,12.183381028370027
Ro150_q0.55_L29W_r0.60_th120_kc+0_ko+0,150.0,82.50000000000001,0.55,28.875,1.4,49.50000000000001,12.375,0.33,120.0,120.0,120.0,120.0,0.0,0.0,52.48638810814779,0.06329217198070347,9.874838869339957,6.419007666239049e-13,1.5395374798916786e-14,6.472475241805674e-13,2.3520711498345098e-21,1.4137166941154074e-20,12.375000000000002,1.7687663006147747,6.375,2,center_curvature,125.0,10.737699349885009,2.6996705157165124,12.183170941570765
Ro120_q0.45_L30W_r0.60_th160_kc-10_ko-10,120.0,54.00000000000001,0.45,29.700000000000003,2.2,32.400000000000006,8.100000000000001,0.27,160.0,160.0,160.0,160.0,-10.0,-10.0,101.1859030566859,0.09593010418966613,6.515160233374654,4.017373629537963e-13,6.595836608064845e-15,4.040280729681549e-13,6.595836608064845e-22,7.238229473870886e-21,8.100000000000001,1.2311303010574544,2.1000000000000014,2,center_curvature,125.0,1.6219247553275555,1.7690347296097642,12.165292648789839
Ro180_q0.45_L36W_r0.45_th160_kc-10_ko-10,180.0,81.00000000000001,0.45,36.45,1.8,36.45,9.1125,0.2025,160.0,160.0,160.0,160.0,-10.0,-10.0,91.05413605038747,0.09303784213934425,6.717696645026736,9.166406399782838e-13,8.34785570708207e-15,9.195398198402063e-13,2.2260948552218853e-21,2.442902447431424e-20,9.112499999999999,1.2094840067152604,3.1125000000000007,2,center_curvature,125.0,8.369681862060249,1.8961536182064975,12.162507342435868
Ro120_q0.55_L36W_r0.45_th160_kc+10_ko+10,120.0,66.00000000000001,0.55,36.300000000000004,2.2,29.700000000000003,7.425000000000001,0.2475,160.0,160.0,160.0,160.0,10.0,10.0,89.47553060729372,0.07400469391334183,8.4454102429214,4.258362696126839e-13,5.542334927610043e-15,4.277611023330824e-13,1.2042604287152686e-21,7.238229473870886e-21,7.425,1.0358923287034552,1.4250000000000007,2,center_curvature,125.0,5.164693612442786,1.9179792524317563,12.160866705991191
Ro150_q0.55_L29W_r0.60_th140_kc-10_ko-10,150.0,82.50000000000001,0.55,28.875,1.4,49.50000000000001,12.375,0.33,140.0,140.0,140.0,140.0,-10.0,-10.0,66.95106792641867,0.08447052406084085,7.399030690869594,6.442646926258761e-13,1.5395374798916786e-14,6.496114501825387e-13,2.3520711498345098e-21,1.4137166941154074e-20,12.375,1.7687663006147747,6.375,2,center_curvature,125.0,9.225642151026818,2.3135470885700116,12.153097621746351
Ro150_q0.35_L18W_r0.60_th160_kc+0_ko+0,150.0,52.5,0.35,18.374999999999996,1.3999999999999997,31.499999999999996,7.874999999999999,0.20999999999999996,160.0,160.0,160.0,160.0,0.0,0.0,93.79121457259124,0.08377791152192829,7.460200292011463,6.167923470582515e-13,6.2344906210489436e-15,6.189575629283049e-13,6.0613103260198075e-22,1.4137166941154074e-20,7.874999999999999,1.1255785549366746,1.8749999999999991,2,center_curvature,125.0,2.33875067960385,1.8596883371460038,12.143197168275641
Ro120_q0.35_L19W_r0.75_th160_kc-10_ko-10,120.0,42.00000000000001,0.35,18.9,1.7999999999999998,31.500000000000004,7.875000000000001,0.2625,160.0,160.0,160.0,160.0,-10.0,-10.0,103.79121457259123,0.09673841742635209,6.460721775563661,3.8729473358987904e-13,6.234490621048946e-15,3.8945994945993246e-13,3.103390886922143e-22,7.238229473870886e-21,7.875000000000001,1.2230308246925539,1.8750000000000009,2,center_curvature,125.0,0.4712155405759716,1.7395409513127902,12.13820600449784
Ro150_q0.35_L24W_r0.75_th140_kc+10_ko+10,150.0,52.5,0.35,23.625,1.8,39.375,9.84375,0.26249999999999996,140.0,140.0,140.0,140.0,10.0,10.0,61.59562825035491,0.06069090028500615,10.298084178435031,6.075586186211736e-13,9.741391595388976e-15,6.109417684181321e-13,6.0613103260198075e-22,1.4137166941154074e-20,9.843750000000002,1.5287885308656919,3.84375,2,center_curvature,125.0,0.11039221189088322,2.439864715106488,12.135444753194466
Ro150_q0.45_L37W_r0.60_th140_kc+10_ko+10,150.0,67.50000000000001,0.45,37.12500000000001,2.2,40.50000000000001,10.125,0.27,140.0,140.0,140.0,140.0,10.0,10.0,59.606860798956156,0.06002378525754549,10.412538918002214,6.301306102213946e-13,1.0305994700101317e-14,6.337098446188299e-13,1.2882493375126653e-21,1.4137166941154074e-20,10.125,1.5389128763218178,4.125,2,center_curvature,125.0,2.46417390519249,2.491249374526383,12.134345763227977
Ro120_q0.45_L19W_r0.75_th140_kc+10_ko+10,120.0,54.00000000000001,0.45,18.9,1.4,40.50000000000001,10.125,0.3375,140.0,140.0,140.0,140.0,10.0,10.0,59.606860798956156,0.06002378525754549,10.412538918002214,3.952473012098075e-13,1.0305994700101317e-14,3.988265356072428e-13,6.595836608064845e-22,7.238229473870886e-21,10.125,1.5380225592809564,4.125,2,center_curvature,125.0,2.493402546265455,2.491249374526383,12.132565129146254
Ro150_q0.45_L24W_r0.75_th120_kc-10_ko-10,150.0,67.50000000000001,0.45,23.625,1.3999999999999997,50.625000000000014,12.656250000000002,0.3375,120.0,120.0,120.0,120.0,-10.0,-10.0,61.32002392796671,0.07761192201449611,8.052886512503381,6.027932026942883e-13,1.6103116718908314e-14,6.08385756440281e-13,1.2882493375126653e-21,1.4137166941154074e-20,12.65625,1.9225281991011958,6.656250000000002,2,center_curvature,124.99999999999814,3.42114026200216,2.4468296431914283,12.126304267176293
Ro150_q0.45_L30W_r0.45_th160_kc+10_ko+10,150.0,67.50000000000001,0.45,30.375000000000004,1.7999999999999998,30.375000000000007,7.593750000000001,0.2025,160.0,160.0,160.0,160.0,10.0,10.0,87.26496326046497,0.07314218220029767,8.545000725962158,6.424827342631897e-13,5.797122018806993e-15,6.444960536117471e-13,1.2882493375126653e-21,1.4137166941154074e-20,7.593750000000001,1.0079033389293839,1.5937500000000009,2,center_curvature,125.0,5.174082082822445,1.9495809431049338,12.1248068230512
Ro180_q0.45_L28W_r0.60_th120_kc+0_ko+0,180.0,81.00000000000001,0.45,28.35,1.4,48.60000000000001,12.15,0.27,120.0,120.0,120.0,120.0,0.0,0.0,53.45835825829868,0.06345197784471357,9.849968767397078,8.974498716833275e-13,1.48406323681459e-14,9.026039692156342e-13,2.2260948552218853e-21,2.442902447431424e-20,12.150000000000002,1.7366069133308697,6.15,2,center_curvature,125.0,10.162591163123812,2.6686785401563995,12.11387814661438
Ro150_q0.45_L24W_r0.75_th120_kc+10_ko+10,150.0,67.50000000000001,0.45,23.625,1.3999999999999997,50.625000000000014,12.656250000000002,0.3375,120.0,120.0,120.0,120.0,10.0,10.0,41.32002392796672,0.04994208224606596,12.51449623026546,6.129362312025353e-13,1.6103116718908314e-14,6.18528784948528e-13,1.2882493375126653e-21,1.4137166941154074e-20,12.65625,1.9225281991011958,6.656250000000002,2,center_curvature,125.0,4.524114711248876,3.1343385691259273,12.113873596549727
Ro120_q0.45_L24W_r0.60_th160_kc-10_ko-10,120.0,54.00000000000001,0.45,24.3,1.8,32.400000000000006,8.100000000000001,0.27,160.0,160.0,160.0,160.0,-10.0,-10.0,101.1859030566859,0.09593010418966613,6.515160233374654,4.0116704421396896e-13,6.595836608064845e-15,4.0345775422832756e-13,6.595836608064845e-22,7.238229473870886e-21,8.100000000000001,1.2031209415515964,2.1000000000000014,2,center_curvature,125.0,2.6636715962206554,1.7690347296097642,12.109273929778123
Ro180_q0.55_L54W_r0.45_th140_kc+10_ko+10,180.0,99.00000000000003,0.55,54.45000000000001,2.2,44.55000000000001,11.137500000000003,0.24750000000000003,140.0,140.0,140.0,140.0,10.0,10.0,53.278964362687404,0.057941738193798685,10.786697456495906,9.539825775608391e-13,1.2470253587122598e-14,9.583134511817357e-13,4.064378946914033e-21,2.442902447431424e-20,11.137500000000001,1.5538384930551827,5.137500000000003,2,center_curvature,125.0,16.51168071424693,2.674332081822328,12.097571490654808
Ro180_q0.45_L28W_r0.60_th140_kc-10_ko-10,180.0,81.00000000000001,0.45,28.35,1.4,48.60000000000001,12.15,0.27,140.0,140.0,140.0,140.0,-10.0,-10.0,68.00571733246346,0.08456122141831968,7.391094753801623,8.993628784134185e-13,1.48406323681459e-14,9.045169759457253e-13,2.2260948552218853e-21,2.442902447431424e-20,12.150000000000002,1.7366069133308697,6.15,2,center_curvature,125.0,8.736184996432097,2.2905231546754834,12.087191659764947
Ro150_q0.35_L29W_r0.60_th160_kc-10_ko-10,150.0,52.5,0.35,28.875,2.2,31.499999999999996,7.874999999999999,0.20999999999999996,160.0,160.0,160.0,160.0,-10.0,-10.0,103.79121457259124,0.09673841742635207,6.460721775563662,6.120782791865564e-13,6.2344906210489436e-15,6.142434950566098e-13,6.0613103260198075e-22,1.4137166941154074e-20,7.874999999999999,1.1969322371391915,1.8749999999999991,2,center_curvature,125.0,1.500614055950051,1.7395409513127902,12.086008829391115
Ro120_q0.35_L15W_r0.75_th160_kc-10_ko-10,120.0,42.00000000000001,0.35,14.699999999999998,1.3999999999999997,31.500000000000004,7.875000000000001,0.2625,160.0,160.0,160.0,160.0,-10.0,-10.0,103.79121457259123,0.09673841742635209,6.460721775563661,3.8754631324157175e-13,6.234490621048946e-15,3.8971152911162516e-13,3.103390886922143e-22,7.238229473870886e-21,7.875000000000001,1.1962397683296326,1.8750000000000009,2,center_curvature,125.0,1.1882899613764213,1.7395409513127902,12.084623891771997
Ro120_q0.55_L36W_r0.60_th140_kc+10_ko+10,120.0,66.00000000000001,0.55,36.300000000000004,2.2,39.6,9.9,0.33,140.0,140.0,140.0,140.0,10.0,10.0,61.18883490802334,0.0605539633845389,10.321372294510779,4.1507324357826104e-13,9.85303987130674e-15,4.1849516841452507e-13,1.2042604287152686e-21,7.238229473870886e-21,9.9,1.5047148124035554,3.9000000000000004,2,center_curvature,125.0,2.2764242128236702,2.450162225363428,12.08291533545524
Ro150_q0.35_L18W_r0.75_th140_kc+10_ko+10,150.0,52.5,0.35,18.374999999999996,1.3999999999999997,39.375,9.84375,0.26249999999999996,140.0,140.0,140.0,140.0,10.0,10.0,61.59562825035491,0.06069090028500615,10.298084178435031,6.076010267553269e-13,9.741391595388976e-15,6.109841765522854e-13,6.0613103260198075e-22,1.4137166941154074e-20,9.84375,1.495299710412041,3.84375,2,center_curvature,125.0,2.2881206006432557,2.439864715106488,12.068467112287163
Ro150_q0.45_L30W_r0.60_th140_kc+10_ko+10,150.0,67.50000000000001,0.45,30.375000000000004,1.7999999999999998,40.50000000000001,10.125,0.27,140.0,140.0,140.0,140.0,10.0,10.0,59.606860798956156,0.06002378525754549,10.412538918002214,6.289543374346407e-13,1.0305994700101317e-14,6.325335718320759e-13,1.2882493375126653e-21,1.4137166941154074e-20,10.125,1.5039011769394954,4.125,2,center_curvature,125.0,5.236549721588004,2.491249374526383,12.06432236446333
Ro150_q0.55_L45W_r0.60_th120_kc+10_ko+10,150.0,82.50000000000001,0.55,45.37500000000001,2.1999999999999997,49.50000000000001,12.375,0.33,120.0,120.0,120.0,120.0,10.0,10.0,42.48638810814779,0.05026882849012667,12.433152288853451,6.446821941273677e-13,1.5395374798916786e-14,6.500289516840303e-13,2.3520711498345098e-21,1.4137166941154074e-20,12.375,1.8808935155044442,6.375,2,outer_curvature,125.0,147.31894988614172,3.080707199099919,12.041060109166166
Ro120_q0.55_L23W_r0.75_th120_kc-10_ko-10,120.0,66.00000000000001,0.55,23.1,1.4,49.50000000000001,12.375,0.4125,120.0,120.0,120.0,120.0,-10.0,-10.0,62.48638810814779,0.07762912196311207,8.051102269287401,3.934998183182079e-13,1.5395374798916786e-14,3.988465758748705e-13,1.2042604287152686e-21,7.238229473870886e-21,12.375,1.87980535023228,6.375,2,center_curvature,125.0,3.209828801812915,2.4176836194431672,12.040501720795264
Ro120_q0.55_L23W_r0.75_th120_kc+10_ko+10,120.0,66.00000000000001,0.55,23.1,1.4,49.50000000000001,12.375,0.4125,120.0,120.0,120.0,120.0,10.0,10.0,42.48638810814779,0.05026882849012667,12.433152288853451,3.993211303481351e-13,1.5395374798916786e-14,4.0466788790479765e-13,1.2042604287152686e-21,7.238229473870886e-21,12.375,1.87980535023228,6.375,2,center_curvature,125.0,4.21797430630596,3.080707199099919,12.038883778621837
Ro150_q0.35_L24W_r0.60_th160_kc-10_ko-10,150.0,52.5,0.35,23.625,1.8,31.499999999999996,7.874999999999999,0.20999999999999996,160.0,160.0,160.0,160.0,-10.0,-10.0,103.79121457259124,0.09673841742635207,6.460721775563662,6.115402952942047e-13,6.2344906210489436e-15,6.137055111642582e-13,6.0613103260198075e-22,1.4137166941154074e-20,7.874999999999999,1.1697009153973852,1.8749999999999991,2,center_curvature,125.0,2.4517273729909834,1.7395409513127902,12.031546185907503
Ro120_q0.45_L19W_r0.60_th160_kc-10_ko-10,120.0,54.00000000000001,0.45,18.9,1.4,32.400000000000006,8.100000000000001,0.27,160.0,160.0,160.0,160.0,-10.0,-10.0,101.1859030566859,0.09593010418966613,6.515160233374654,4.039348534056604e-13,6.595836608064845e-15,4.06225563420019e-13,6.595836608064845e-22,7.238229473870886e-21,8.100000000000003,1.1577379422205798,2.1000000000000014,2,center_curvature,125.0,2.507259646394495,1.7690347296097642,12.01850793111609
Ro120_q0.55_L30W_r0.60_th140_kc+10_ko+10,120.0,66.00000000000001,0.55,29.700000000000003,1.8,39.6,9.9,0.33,140.0,140.0,140.0,140.0,10.0,10.0,61.18883490802334,0.0605539633845389,10.321372294510779,4.139463051636733e-13,9.85303987130674e-15,4.1736822999993734e-13,1.2042604287152686e-21,7.238229473870886e-21,9.9,1.4704811507852844,3.9000000000000004,2,center_curvature,125.0,4.8846015763564425,2.450162225363428,12.014448012218697
Ro180_q0.55_L54W_r0.45_th140_kc+0_ko+0,180.0,99.00000000000003,0.55,54.45000000000001,2.2,44.55000000000001,11.137500000000003,0.24750000000000003,140.0,140.0,140.0,140.0,0.0,0.0,63.278964362687404,0.07094111797453248,8.810123350810061,9.472151341270037e-13,1.2470253587122598e-14,9.515460077479003e-13,4.064378946914033e-21,2.442902447431424e-20,11.137500000000006,1.5538384930551827,5.137500000000003,2,center_curvature,125.0,13.98216753716273,2.398359645943704,12.00546053861526
Ro120_q0.45_L24W_r0.75_th140_kc+0_ko+0,120.0,54.00000000000001,0.45,24.3,1.8,40.50000000000001,10.125,0.3375,140.0,140.0,140.0,140.0,0.0,0.0,69.60686079895615,0.0725499543336123,8.614753871877191,3.9271291549051036e-13,1.0305994700101317e-14,3.9629214988794565e-13,6.595836608064845e-22,7.238229473870886e-21,10.125,1.5724682031761403,4.125,2,outer_curvature,125.0,58.83031331266612,2.2566186236447905,12.003646063070605
Ro150_q0.55_L29W_r0.45_th160_kc-10_ko-10,150.0,82.50000000000001,0.55,28.875,1.4,37.12500000000001,9.281250000000002,0.24750000000000003,160.0,160.0,160.0,160.0,-10.0,-10.0,89.58042448583497,0.09265481575747606,6.745466977517253,6.701287298697132e-13,8.659898324390695e-15,6.731362809953359e-13,2.3520711498345098e-21,1.4137166941154074e-20,9.28125,1.1258109263173266,3.2812500000000018,2,center_curvature,125.0,6.993791416861879,1.9165102556604197,12.000715248138103
Ro150_q0.45_L37W_r0.45_th160_kc+0_ko+0,150.0,67.50000000000001,0.45,37.12500000000001,2.2,30.375000000000007,7.593750000000001,0.2025,160.0,160.0,160.0,160.0,0.0,0.0,97.26496326046497,0.08501826104289038,7.3513618407779155,6.38578152011612e-13,5.797122018806993e-15,6.405914713601694e-13,1.2882493375126653e-21,1.4137166941154074e-20,7.593750000000003,1.059435336173988,1.5937500000000009,2,center_curvature,125.0,5.131796241049997,1.8157511520984215,11.98914304050356
Ro180_q0.35_L35W_r0.60_th140_kc+10_ko+10,180.0,63.00000000000001,0.35,34.65,2.1999999999999997,37.800000000000004,9.45,0.20999999999999996,140.0,140.0,140.0,140.0,10.0,10.0,64.57877942745304,0.06170253774148325,10.129243024307671,8.854794864772733e-13,8.97766649431048e-15,8.885973973301502e-13,1.047394424336223e-21,2.442902447431424e-20,9.45,1.43631868456703,3.4499999999999993,2,center_curvature,125.0,1.9327424195964498,2.367475708545008,11.98287745920441
Ro180_q0.45_L45W_r0.60_th120_kc+10_ko+10,180.0,81.00000000000001,0.45,44.550000000000004,2.2,48.60000000000001,12.15,0.27,120.0,120.0,120.0,120.0,10.0,10.0,43.45835825829868,0.05054291155844564,12.365730044603326,9.027857466603861e-13,1.48406323681459e-14,9.079398441926929e-13,2.2260948552218853e-21,2.442902447431424e-20,12.15,1.8466954515861815,6.15,2,outer_curvature,125.0,212.051924588144,3.037738781204169,11.981434639515848
Ro150_q0.55_L37W_r0.60_th120_kc-10_ko-10,150.0,82.50000000000001,0.55,37.12500000000001,1.8,49.50000000000001,12.375,0.33,120.0,120.0,120.0,120.0,-10.0,-10.0,62.486388108147786,0.07762912196311207,8.051102269287401,6.318728310411967e-13,1.5395374798916786e-14,6.372195885978593e-13,2.3520711498345098e-21,1.4137166941154074e-20,12.375,1.8381014384816057,6.375,2,center_curvature,124.99999999999814,4.2993408375799795,2.4176836194431672,11.957093897293916
Ro150_q0.55_L37W_r0.60_th120_kc+10_ko+10,150.0,82.50000000000001,0.55,37.12500000000001,1.8,49.50000000000001,12.375,0.33,120.0,120.0,120.0,120.0,10.0,10.0,42.48638810814779,0.05026882849012667,12.433152288853451,6.420607577750419e-13,1.5395374798916786e-14,6.474075153317044e-13,2.3520711498345098e-21,1.4137166941154074e-20,12.375,1.8381014384816057,6.375,2,center_curvature,125.0,8.32081819263837,3.080707199099919,11.95547595512049
Ro180_q0.45_L28W_r0.45_th160_kc-10_ko-10,180.0,81.00000000000001,0.45,28.35,1.4,36.45,9.1125,0.2025,160.0,160.0,160.0,160.0,-10.0,-10.0,91.05413605038747,0.09303784213934425,6.717696645026736,9.25716865544797e-13,8.34785570708207e-15,9.286160454067195e-13,2.2260948552218853e-21,2.442902447431424e-20,9.112499999999994,1.1053416367479203,3.1125000000000007,2,center_curvature,125.0,6.620661338315913,1.8961536182064975,11.954222602501188
Ro150_q0.45_L24W_r0.60_th140_kc+10_ko+10,150.0,67.50000000000001,0.45,23.625,1.3999999999999997,40.50000000000001,10.125,0.27,140.0,140.0,140.0,140.0,10.0,10.0,59.606860798956156,0.06002378525754549,10.412538918002214,6.330669678666205e-13,1.0305994700101317e-14,6.366462022640558e-13,1.2882493375126653e-21,1.4137166941154074e-20,10.125000000000004,1.4471724277757247,4.125,2,center_curvature,125.0,5.32205531791911,2.491249374526383,11.950864866135788
Ro180_q0.55_L45W_r0.45_th140_kc+10_ko+10,180.0,99.00000000000003,0.55,44.550000000000004,1.7999999999999998,44.55000000000001,11.137500000000003,0.24750000000000003,140.0,140.0,140.0,140.0,10.0,10.0,53.278964362687404,0.057941738193798685,10.786697456495906,9.560747777543167e-13,1.2470253587122598e-14,9.604056513752133e-13,4.064378946914033e-21,2.442902447431424e-20,11.137500000000001,1.478258230429763,5.137500000000003,2,center_curvature,125.0,17.039894353083568,2.674332081822328,11.946410965403967
Ro150_q0.35_L18W_r0.60_th160_kc-10_ko-10,150.0,52.5,0.35,18.374999999999996,1.3999999999999997,31.499999999999996,7.874999999999999,0.20999999999999996,160.0,160.0,160.0,160.0,-10.0,-10.0,103.79121457259124,0.09673841742635207,6.460721775563662,6.141563070033296e-13,6.2344906210489436e-15,6.16321522873383e-13,6.0613103260198075e-22,1.4137166941154074e-20,7.874999999999999,1.1255785549366746,1.8749999999999991,2,center_curvature,125.0,2.3050343127561517,1.7395409513127902,11.943301464986082
Ro150_q0.45_L37W_r0.60_th140_kc+0_ko+0,150.0,67.50000000000001,0.45,37.12500000000001,2.2,40.50000000000001,10.125,0.27,140.0,140.0,140.0,140.0,0.0,0.0,69.60686079895615,0.0725499543336123,8.614753871877191,6.261673920141455e-13,1.0305994700101317e-14,6.297466264115808e-13,1.2882493375126653e-21,1.4137166941154074e-20,10.125000000000002,1.5389128763218178,4.125,2,center_curvature,125.0,1.1500891004457505,2.2566186236447905,11.936535409361959
Ro120_q0.45_L19W_r0.75_th140_kc+0_ko+0,120.0,54.00000000000001,0.45,18.9,1.4,40.50000000000001,10.125,0.3375,140.0,140.0,140.0,140.0,0.0,0.0,69.60686079895615,0.0725499543336123,8.614753871877191,3.926591631595807e-13,1.0305994700101317e-14,3.96238397557016e-13,6.595836608064845e-22,7.238229473870886e-21,10.125,1.5380225592809564,4.125,2,center_curvature,125.0,2.366582249641878,2.2566186236447905,11.934754775280236
Ro120_q0.55_L36W_r0.45_th160_kc+0_ko+0,120.0,66.00000000000001,0.55,36.300000000000004,2.2,29.700000000000003,7.425000000000001,0.2475,160.0,160.0,160.0,160.0,0.0,0.0,99.47553060729372,0.0858212344675036,7.282579933485548,4.2396622249077755e-13,5.542334927610043e-15,4.258910552111761e-13,1.2042604287152686e-21,7.238229473870886e-21,7.425000000000002,1.0358923287034552,1.4250000000000007,2,center_curvature,125.0,4.797222902898585,1.7890563015764416,11.92830064410402
Ro180_q0.35_L28W_r0.60_th140_kc+10_ko+10,180.0,63.00000000000001,0.35,28.35,1.7999999999999998,37.800000000000004,9.45,0.20999999999999996,140.0,140.0,140.0,140.0,10.0,10.0,64.57877942745304,0.06170253774148325,10.129243024307671,8.844483203684788e-13,8.97766649431048e-15,8.875662312213557e-13,1.047394424336223e-21,2.442902447431424e-20,9.450000000000001,1.4036410984768626,3.4499999999999993,2,center_curvature,125.0,4.229983813036963,2.367475708545008,11.917522287024074
Ro150_q0.35_L24W_r0.75_th140_kc+0_ko+0,150.0,52.5,0.35,23.625,1.8,39.375,9.84375,0.26249999999999996,140.0,140.0,140.0,140.0,0.0,0.0,71.5956282503549,0.07308940233531175,8.551171305693428,6.037906953607087e-13,9.741391595388976e-15,6.071738451576672e-13,6.0613103260198075e-22,1.4137166941154074e-20,9.84375,1.5287885308656919,3.84375,2,outer_curvature,125.0,89.85658622791176,2.216170810907414,11.903570205212954
Ro120_q0.55_L23W_r0.60_th140_kc+10_ko+10,120.0,66.00000000000001,0.55,23.1,1.4,39.6,9.9,0.33,140.0,140.0,140.0,140.0,10.0,10.0,61.18883490802334,0.0605539633845389,10.321372294510779,4.1787810663557905e-13,9.85303987130674e-15,4.213000314718431e-13,1.2042604287152686e-21,7.238229473870886e-21,9.900000000000002,1.4150130404918198,3.9000000000000004,2,center_curvature,125.0,4.972568251397596,2.450162225363428,11.903511791631768
Ro180_q0.45_L36W_r0.60_th120_kc+10_ko+10,180.0,81.00000000000001,0.45,36.45,1.8,48.60000000000001,12.15,0.27,120.0,120.0,120.0,120.0,10.0,10.0,43.45835825829868,0.05054291155844564,12.365730044603326,9.002513935749967e-13,1.48406323681459e-14,9.054054911073034e-13,2.2260948552218853e-21,2.442902447431424e-20,12.15,1.8046814123273949,6.15,2,center_curvature,125.0,7.841551487353319,3.037738781204169,11.897406560998276
Ro180_q0.35_L22W_r0.75_th120_kc+10_ko+10,180.0,63.00000000000001,0.35,22.049999999999997,1.3999999999999997,47.25,11.8125,0.26249999999999996,120.0,120.0,120.0,120.0,10.0,10.0,44.985739922821494,0.050976863068535626,12.260464108192012,8.698138404246352e-13,1.4027603897360126e-14,8.746855761322554e-13,1.047394424336223e-21,2.442902447431424e-20,11.812499999999998,1.7943596524944487,5.8125,2,center_curvature,125.0,3.649071920277697,2.9731632848530865,11.890649489655262
Ro180_q0.45_L36W_r0.60_th120_kc-10_ko-10,180.0,81.00000000000001,0.45,36.45,1.8,48.60000000000001,12.15,0.27,120.0,120.0,120.0,120.0,-10.0,-10.0,63.45835825829868,0.07765690592592957,8.048221758875318,8.854431506888301e-13,1.48406323681459e-14,8.905972482211369e-13,2.2260948552218853e-21,2.442902447431424e-20,12.15,1.8046814123273949,6.15,2,center_curvature,125.0,4.1046780826129785,2.394038329292414,11.889677742903078
Ro150_q0.45_L30W_r0.45_th160_kc+0_ko+0,150.0,67.50000000000001,0.45,30.375000000000004,1.7999999999999998,30.375000000000007,7.593750000000001,0.2025,160.0,160.0,160.0,160.0,0.0,0.0,97.26496326046497,0.08501826104289038,7.3513618407779155,6.397045275206524e-13,5.797122018806993e-15,6.417178468692097e-13,1.2882493375126653e-21,1.4137166941154074e-20,7.593749999999997,1.0079033389293839,1.5937500000000009,2,center_curvature,125.0,5.023831135252422,1.8157511520984215,11.886079046014352
Ro180_q0.35_L22W_r0.75_th120_kc-10_ko-10,180.0,63.00000000000001,0.35,22.049999999999997,1.3999999999999997,47.25,11.8125,0.26249999999999996,120.0,120.0,120.0,120.0,-10.0,-10.0,64.9857399228215,0.07772375238678825,8.04129987046585,8.555699310209349e-13,1.4027603897360126e-14,8.604416667285551e-13,1.047394424336223e-21,2.442902447431424e-20,11.8125,1.7943596524944487,5.8125,2,center_curvature,125.0,2.8121130903659046,2.3580055879319772,11.867649845555292
Ro150_q0.45_L30W_r0.60_th140_kc+0_ko+0,150.0,67.50000000000001,0.45,30.375000000000004,1.7999999999999998,40.50000000000001,10.125,0.27,140.0,140.0,140.0,140.0,0.0,0.0,69.60686079895615,0.0725499543336123,8.614753871877191,6.248642156575649e-13,1.0305994700101317e-14,6.284434500550002e-13,1.2882493375126653e-21,1.4137166941154074e-20,10.125,1.5039011769394954,4.125,2,center_curvature,125.0,4.724679071089217,2.2566186236447905,11.866512010597312
Ro120_q0.55_L36W_r0.60_th140_kc+0_ko+0,120.0,66.00000000000001,0.55,36.300000000000004,2.2,39.6,9.9,0.33,140.0,140.0,140.0,140.0,0.0,0.0,71.18883490802334,0.07297785371521331,8.564242001950099,4.1257066808222575e-13,9.85303987130674e-15,4.159925929184898e-13,1.2042604287152686e-21,7.238229473870886e-21,9.900000000000002,1.5047148124035554,3.9000000000000004,2,center_curvature,125.0,1.0751080097265198,2.2242999018953213,11.858036907540015
Ro180_q0.55_L45W_r0.45_th140_kc+0_ko+0,180.0,99.00000000000003,0.55,44.550000000000004,1.7999999999999998,44.55000000000001,11.137500000000003,0.24750000000000003,140.0,140.0,140.0,140.0,0.0,0.0,63.278964362687404,0.07094111797453248,8.810123350810061,9.492541075167178e-13,1.2470253587122598e-14,9.535849811376144e-13,4.064378946914033e-21,2.442902447431424e-20,11.137500000000006,1.478258230429763,5.137500000000003,2,center_curvature,125.0,16.122900948788477,2.398359645943704,11.854300013364423
Ro150_q0.35_L18W_r0.75_th140_kc+0_ko+0,150.0,52.5,0.35,18.374999999999996,1.3999999999999997,39.375,9.84375,0.26249999999999996,140.0,140.0,140.0,140.0,0.0,0.0,71.5956282503549,0.07308940233531175,8.551171305693428,6.037398877948223e-13,9.741391595388976e-15,6.071230375917808e-13,6.0613103260198075e-22,1.4137166941154074e-20,9.84375,1.495299710412041,3.84375,2,center_curvature,125.0,2.1747945735707046,2.216170810907414,11.83659256430565
Ro150_q0.55_L29W_r0.60_th120_kc-10_ko-10,150.0,82.50000000000001,0.55,28.875,1.4,49.50000000000001,12.375,0.33,120.0,120.0,120.0,120.0,-10.0,-10.0,62.486388108147786,0.07762912196311207,8.051102269287401,6.371694429085294e-13,1.5395374798916786e-14,6.42516200465192e-13,2.3520711498345098e-21,1.4137166941154074e-20,12.375,1.7687663006147747,6.375,2,center_curvature,124.99999999999814,10.287035341091777,2.4176836194431672,11.818423621560253
Ro150_q0.55_L29W_r0.60_th120_kc+10_ko+10,150.0,82.50000000000001,0.55,28.875,1.4,49.50000000000001,12.375,0.33,120.0,120.0,120.0,120.0,10.0,10.0,42.48638810814779,0.05026882849012667,12.433152288853451,6.477099284582081e-13,1.5395374798916786e-14,6.530566860148707e-13,2.3520711498345098e-21,1.4137166941154074e-20,12.375,1.7687663006147747,6.375,2,center_curvature,125.0,11.182300637282758,3.080707199099919,11.816805679386826
Ro180_q0.35_L22W_r0.60_th140_kc+10_ko+10,180.0,63.00000000000001,0.35,22.049999999999997,1.3999999999999997,37.800000000000004,9.45,0.20999999999999996,140.0,140.0,140.0,140.0,10.0,10.0,64.57877942745304,0.06170253774148325,10.129243024307671,8.88030649854893e-13,8.97766649431048e-15,8.911485607077699e-13,1.047394424336223e-21,2.442902447431424e-20,9.450000000000001,1.3506942659240098,3.4499999999999993,2,center_curvature,125.0,4.320480056676453,2.367475708545008,11.81162862191837
Ro150_q0.45_L37W_r0.45_th160_kc-10_ko-10,150.0,67.50000000000001,0.45,37.12500000000001,2.2,30.375000000000007,7.593750000000001,0.2025,160.0,160.0,160.0,160.0,-10.0,-10.0,107.26496326046497,0.09785221903275788,6.387182694250085,6.359408923384617e-13,5.797122018806993e-15,6.379542116870191e-13,1.2882493375126653e-21,1.4137166941154074e-20,7.593750000000001,1.059435336173988,1.5937500000000009,2,center_curvature,125.0,4.725936647547362,1.701983839171639,11.796307211197993
Ro120_q0.55_L30W_r0.60_th140_kc+0_ko+0,120.0,66.00000000000001,0.55,29.700000000000003,1.8,39.6,9.9,0.33,140.0,140.0,140.0,140.0,0.0,0.0,71.18883490802334,0.07297785371521331,8.564242001950099,4.1132476713094676e-13,9.85303987130674e-15,4.147466919672108e-13,1.2042604287152686e-21,7.238229473870886e-21,9.9,1.4704811507852844,3.9000000000000004,2,center_curvature,125.0,4.416648296544798,2.2242999018953213,11.789569584303472
Ro180_q0.45_L28W_r0.60_th120_kc+10_ko+10,180.0,81.00000000000001,0.45,28.35,1.4,48.60000000000001,12.15,0.27,120.0,120.0,120.0,120.0,10.0,10.0,43.45835825829868,0.05054291155844564,12.365730044603326,9.056949916606233e-13,1.48406323681459e-14,9.108490891929301e-13,2.2260948552218853e-21,2.442902447431424e-20,12.150000000000002,1.7366069133308697,6.15,2,center_curvature,125.0,10.57577195842632,3.037738781204169,11.761257563005225
Ro180_q0.45_L28W_r0.60_th120_kc-10_ko-10,180.0,81.00000000000001,0.45,28.35,1.4,48.60000000000001,12.15,0.27,120.0,120.0,120.0,120.0,-10.0,-10.0,63.45835825829868,0.07765690592592957,8.048221758875318,8.905530968986197e-13,1.48406323681459e-14,8.957071944309265e-13,2.2260948552218853e-21,2.442902447431424e-20,12.150000000000002,1.7366069133308697,6.15,2,center_curvature,125.0,9.743879135541103,2.394038329292414,11.753528744910028
Ro150_q0.45_L24W_r0.60_th140_kc+0_ko+0,150.0,67.50000000000001,0.45,23.625,1.3999999999999997,40.50000000000001,10.125,0.27,140.0,140.0,140.0,140.0,0.0,0.0,69.60686079895615,0.0725499543336123,8.614753871877191,6.28965635008699e-13,1.0305994700101317e-14,6.325448694061343e-13,1.2882493375126653e-21,1.4137166941154074e-20,10.125,1.4471724277757247,4.125,2,center_curvature,125.0,5.201154231007301,2.2566186236447905,11.75305451226977
Ro120_q0.55_L36W_r0.45_th160_kc-10_ko-10,120.0,66.00000000000001,0.55,36.300000000000004,2.2,29.700000000000003,7.425000000000001,0.2475,160.0,160.0,160.0,160.0,-10.0,-10.0,109.47553060729372,0.09858119936416655,6.339951268914895,4.222043911679754e-13,5.542334927610043e-15,4.241292238883739e-13,1.2042604287152686e-21,7.238229473870886e-21,7.425000000000002,1.0358923287034552,1.4250000000000007,2,center_curvature,125.0,4.426297080370403,1.679067470117701,11.73977491118989
Ro120_q0.45_L24W_r0.75_th140_kc-10_ko-10,120.0,54.00000000000001,0.45,24.3,1.8,40.50000000000001,10.125,0.3375,140.0,140.0,140.0,140.0,-10.0,-10.0,79.60686079895615,0.08623359130656783,7.247755666096189,3.9052115190360956e-13,1.0305994700101317e-14,3.9410038630104485e-13,6.595836608064845e-22,7.238229473870886e-21,10.125,1.5724682031761403,4.125,2,outer_curvature,125.0,51.88583566756181,2.0695645194752643,11.730246421914405
Ro180_q0.55_L54W_r0.45_th120_kc+0_ko+0,180.0,99.00000000000003,0.55,54.45000000000001,2.2,44.55000000000001,11.137500000000003,0.24750000000000003,120.0,120.0,120.0,120.0,0.0,0.0,58.31820900905309,0.06434056014983558,9.713934702223714,9.397785591602391e-13,1.2470253587122598e-14,9.441094327811357e-13,4.064378946914033e-21,2.442902447431424e-20,11.137500000000006,1.5538384930551827,5.137500000000003,2,center_curvature,125.0,10.385329865145618,2.526000966687647,11.721134493028332
Ro150_q0.55_L45W_r0.45_th140_kc+10_ko+10,150.0,82.50000000000001,0.55,45.37500000000001,2.1999999999999997,37.12500000000001,9.281250000000002,0.24750000000000003,140.0,140.0,140.0,140.0,10.0,10.0,65.93475723522488,0.062166627373399085,10.053625657476726,6.61669391088985e-13,8.659898324390695e-15,6.646769422146077e-13,2.3520711498345098e-21,1.4137166941154074e-20,9.28125,1.294865410879319,3.2812500000000018,2,center_curvature,125.0,9.313379768780461,2.336278255284263,11.714821780050293
Ro180_q0.55_L54W_r0.45_th140_kc-10_ko-10,180.0,99.00000000000003,0.55,54.45000000000001,2.2,44.55000000000001,11.137500000000003,0.24750000000000003,140.0,140.0,140.0,140.0,-10.0,-10.0,73.2789643626874,0.08518165561457282,7.337260534450982,9.411879261900788e-13,1.2470253587122598e-14,9.455187998109754e-13,4.064378946914033e-21,2.442902447431424e-20,11.137500000000006,1.5538384930551827,5.137500000000003,2,center_curvature,125.0,11.398642568864398,2.1832873738594216,11.710887975343446
Ro180_q0.35_L35W_r0.60_th140_kc+0_ko+0,180.0,63.00000000000001,0.35,34.65,2.1999999999999997,37.800000000000004,9.45,0.20999999999999996,140.0,140.0,140.0,140.0,0.0,0.0,74.57877942745304,0.07392547708164197,8.454460149235983,8.803181368782675e-13,8.97766649431048e-15,8.834360477311444e-13,1.047394424336223e-21,2.442902447431424e-20,9.450000000000001,1.43631868456703,3.4499999999999993,2,center_curvature,125.0,0.9350658030048583,2.158695877102268,11.69928828132414
Ro150_q0.45_L30W_r0.45_th160_kc-10_ko-10,150.0,67.50000000000001,0.45,30.375000000000004,1.7999999999999998,30.375000000000007,7.593750000000001,0.2025,160.0,160.0,160.0,160.0,-10.0,-10.0,107.26496326046497,0.09785221903275788,6.387182694250085,6.370664870343324e-13,5.797122018806993e-15,6.390798063828897e-13,1.2882493375126653e-21,1.4137166941154074e-20,7.593750000000004,1.0079033389293839,1.5937500000000009,2,center_curvature,125.0,4.873618723802676,1.701983839171639,11.693243216708785
Ro180_q0.55_L35W_r0.45_th140_kc+10_ko+10,180.0,99.00000000000003,0.55,34.65,1.3999999999999997,44.55000000000001,11.137500000000003,0.24750000000000003,140.0,140.0,140.0,140.0,10.0,10.0,53.278964362687404,0.057941738193798685,10.786697456495906,9.693802050973593e-13,1.2470253587122598e-14,9.73711078718256e-13,4.064378946914033e-21,2.442902447431424e-20,11.137500000000001,1.3509731115807917,5.137500000000003,2,center_curvature,125.0,13.569270679001843,2.674332081822328,11.691840727706026
Ro120_q0.55_L23W_r0.60_th140_kc+0_ko+0,120.0,66.00000000000001,0.55,23.1,1.4,39.6,9.9,0.33,140.0,140.0,140.0,140.0,0.0,0.0,71.18883490802334,0.07297785371521331,8.564242001950099,4.1524592656985813e-13,9.85303987130674e-15,4.1866785140612217e-13,1.2042604287152686e-21,7.238229473870886e-21,9.900000000000002,1.4150130404918198,3.9000000000000004,2,center_curvature,125.0,4.862058957288653,2.2242999018953213,11.678633363716543
Ro180_q0.45_L45W_r0.45_th140_kc+10_ko+10,180.0,81.00000000000001,0.45,44.550000000000004,2.2,36.45,9.1125,0.2025,140.0,140.0,140.0,140.0,10.0,10.0,67.34095644328461,0.06265066052031658,9.975952285408432,9.194816770398345e-13,8.34785570708207e-15,9.22380856901757e-13,2.2260948552218853e-21,2.442902447431424e-20,9.112500000000004,1.2713224034087858,3.1125000000000007,2,center_curvature,125.0,8.793701259934732,2.3049696542774,11.673594146242145
Ro150_q0.45_L37W_r0.60_th140_kc-10_ko-10,150.0,67.50000000000001,0.45,37.12500000000001,2.2,40.50000000000001,10.125,0.27,140.0,140.0,140.0,140.0,-10.0,-10.0,79.60686079895615,0.08623359130656783,7.247755666096189,6.22640824820996e-13,1.0305994700101317e-14,6.262200592184313e-13,1.2882493375126653e-21,1.4137166941154074e-20,10.125,1.5389128763218178,4.125,2,outer_curvature,125.0,82.82498324800297,2.0695645194752643,11.663135768205759
Ro120_q0.45_L19W_r0.75_th140_kc-10_ko-10,120.0,54.00000000000001,0.45,18.9,1.4,40.50000000000001,10.125,0.3375,140.0,140.0,140.0,140.0,-10.0,-10.0,79.60686079895615,0.08623359130656783,7.247755666096189,3.903524681462603e-13,1.0305994700101317e-14,3.939317025436956e-13,6.595836608064845e-22,7.238229473870886e-21,10.124999999999998,1.5380225592809564,4.125,2,center_curvature,125.0,2.238055959597392,2.0695645194752643,11.661355134124037
Ro150_q0.45_L37W_r0.60_th120_kc+0_ko+0,150.0,67.50000000000001,0.45,37.12500000000001,2.2,40.50000000000001,10.125,0.27,120.0,120.0,120.0,120.0,0.0,0.0,64.1500299099584,0.0655740648377775,9.531207216544777,6.216197953919944e-13,1.0305994700101317e-14,6.251990297894297e-13,1.2882493375126653e-21,1.4137166941154074e-20,10.125,1.5389128763218178,4.125,2,outer_curvature,125.0,103.76377058240973,2.3775545225143135,11.654737762425816
Ro120_q0.45_L19W_r0.75_th120_kc+0_ko+0,120.0,54.00000000000001,0.45,18.9,1.4,40.50000000000001,10.125,0.3375,120.0,120.0,120.0,120.0,0.0,0.0,64.1500299099584,0.0655740648377775,9.531207216544777,3.8866753295965534e-13,1.0305994700101317e-14,3.9224676735709063e-13,6.595836608064845e-22,7.238229473870886e-21,10.125,1.5380225592809564,4.125,2,center_curvature,125.0,2.0374024977032352,2.3775545225143135,11.652957128344093
Ro150_q0.35_L24W_r0.75_th140_kc-10_ko-10,150.0,52.5,0.35,23.625,1.8,39.375,9.84375,0.26249999999999996,140.0,140.0,140.0,140.0,-10.0,-10.0,81.5956282503549,0.08662191744878815,7.215263970224476,6.003968171969443e-13,9.741391595388976e-15,6.037799669939028e-13,6.0613103260198075e-22,1.4137166941154074e-20,9.84375,1.5287885308656919,3.84375,2,outer_curvature,125.0,80.84451113469666,2.036709735683151,11.636388738119162
Ro180_q0.35_L28W_r0.60_th140_kc+0_ko+0,180.0,63.00000000000001,0.35,28.35,1.7999999999999998,37.800000000000004,9.45,0.20999999999999996,140.0,140.0,140.0,140.0,0.0,0.0,74.57877942745304,0.07392547708164197,8.454460149235983,8.791829254743127e-13,8.97766649431048e-15,8.823008363271896e-13,1.047394424336223e-21,2.442902447431424e-20,9.449999999999998,1.4036410984768626,3.4499999999999993,2,center_curvature,125.0,3.8413394655872,2.158695877102268,11.633933109143808
Ro180_q0.55_L35W_r0.45_th140_kc+0_ko+0,180.0,99.00000000000003,0.55,34.65,1.3999999999999997,44.55000000000001,11.137500000000003,0.24750000000000003,140.0,140.0,140.0,140.0,0.0,0.0,63.278964362687404,0.07094111797453248,8.810123350810061,9.62684495003445e-13,1.2470253587122598e-14,9.670153686243417e-13,4.064378946914033e-21,2.442902447431424e-20,11.137500000000001,1.3509731115807917,5.137500000000003,2,center_curvature,125.0,13.346775825093976,2.398359645943704,11.599729775666479
Ro150_q0.45_L30W_r0.60_th140_kc-10_ko-10,150.0,67.50000000000001,0.45,30.375000000000004,1.7999999999999998,40.50000000000001,10.125,0.27,140.0,140.0,140.0,140.0,-10.0,-10.0,79.60686079895615,0.08623359130656783,7.247755666096189,6.211784708350262e-13,1.0305994700101317e-14,6.247577052324615e-13,1.2882493375126653e-21,1.4137166941154074e-20,10.125,1.5039011769394954,4.125,2,center_curvature,125.0,4.203819920726235,2.0695645194752643,11.593112369441112
Ro150_q0.55_L37W_r0.45_th140_kc+10_ko+10,150.0,82.50000000000001,0.55,37.12500000000001,1.8,37.12500000000001,9.281250000000002,0.24750000000000003,140.0,140.0,140.0,140.0,10.0,10.0,65.93475723522488,0.062166627373399085,10.053625657476726,6.631192481078359e-13,8.659898324390695e-15,6.661267992334586e-13,2.3520711498345098e-21,1.4137166941154074e-20,9.28125,1.231881858691469,3.2812500000000018,2,center_curvature,125.0,9.772780193212203,2.336278255284263,11.588854675674593
Ro150_q0.45_L30W_r0.60_th120_kc+0_ko+0,150.0,67.50000000000001,0.45,30.375000000000004,1.7999999999999998,40.50000000000001,10.125,0.27,120.0,120.0,120.0,120.0,0.0,0.0,64.1500299099584,0.0655740648377775,9.531207216544777,6.19544478672934e-13,1.0305994700101317e-14,6.231237130703693e-13,1.2882493375126653e-21,1.4137166941154074e-20,10.125,1.5039011769394954,4.125,2,center_curvature,125.0,3.47220214093027,2.3775545225143135,11.58471436366117
Ro120_q0.55_L36W_r0.60_th120_kc+0_ko+0,120.0,66.00000000000001,0.55,36.300000000000004,2.2,39.6,9.9,0.33,120.0,120.0,120.0,120.0,0.0,0.0,65.60798513518473,0.06590667435056967,9.48310631902788,4.0927793741725364e-13,9.85303987130674e-15,4.1269986225351767e-13,1.2042604287152686e-21,7.238229473870886e-21,9.9,1.5047148124035554,3.9000000000000004,2,outer_curvature,125.0,62.01686520925398,2.343703958266441,11.576721455085911
Ro180_q0.55_L45W_r0.45_th120_kc+0_ko+0,180.0,99.00000000000003,0.55,44.550000000000004,1.7999999999999998,44.55000000000001,11.137500000000003,0.24750000000000003,120.0,120.0,120.0,120.0,0.0,0.0,58.31820900905309,0.06434056014983558,9.713934702223714,9.411355919750528e-13,1.2470253587122598e-14,9.454664655959494e-13,4.064378946914033e-21,2.442902447431424e-20,11.137500000000003,1.478258230429763,5.137500000000003,2,center_curvature,125.0,17.373781513210968,2.526000966687647,11.569973967777493
Ro150_q0.35_L18W_r0.75_th140_kc-10_ko-10,150.0,52.5,0.35,18.374999999999996,1.3999999999999997,39.375,9.84375,0.26249999999999996,140.0,140.0,140.0,140.0,-10.0,-10.0,81.5956282503549,0.08662191744878815,7.215263970224476,6.002405668982641e-13,9.741391595388976e-15,6.036237166952226e-13,6.0613103260198075e-22,1.4137166941154074e-20,9.843749999999998,1.495299710412041,3.84375,2,center_curvature,125.0,2.059986687014427,2.036709735683151,11.569411097211862
Ro180_q0.55_L45W_r0.45_th140_kc-10_ko-10,180.0,99.00000000000003,0.55,44.550000000000004,1.7999999999999998,44.55000000000001,11.137500000000003,0.24750000000000003,140.0,140.0,140.0,140.0,-10.0,-10.0,73.2789643626874,0.08518165561457282,7.337260534450982,9.43108234082542e-13,1.2470253587122598e-14,9.474391077034387e-13,4.064378946914033e-21,2.442902447431424e-20,11.137500000000001,1.478258230429763,5.137500000000003,2,center_curvature,125.0,15.199505481389766,2.1832873738594216,11.559727450092605
Ro150_q0.35_L18W_r0.75_th120_kc+0_ko+0,150.0,52.5,0.35,18.374999999999996,1.3999999999999997,39.375,9.84375,0.26249999999999996,120.0,120.0,120.0,120.0,0.0,0.0,65.9828879073858,0.06599362719347557,9.470611429913802,5.986547366825763e-13,9.741391595388976e-15,6.020378864795348e-13,6.0613103260198075e-22,1.4137166941154074e-20,9.84375,1.495299710412041,3.84375,2,center_curvature,125.0,1.8722915889068235,2.335189384738645,11.555392273280066
Ro180_q0.45_L36W_r0.45_th140_kc+10_ko+10,180.0,81.00000000000001,0.45,36.45,1.8,36.45,9.1125,0.2025,140.0,140.0,140.0,140.0,10.0,10.0,67.34095644328461,0.06265066052031658,9.975952285408432,9.20878964301058e-13,8.34785570708207e-15,9.237781441629805e-13,2.2260948552218853e-21,2.442902447431424e-20,9.112499999999999,1.2094840067152604,3.1125000000000007,2,center_curvature,125.0,9.24175540756953,2.3049696542774,11.549917352855093
Ro180_q0.35_L22W_r0.60_th140_kc+0_ko+0,180.0,63.00000000000001,0.35,22.049999999999997,1.3999999999999997,37.800000000000004,9.45,0.20999999999999996,140.0,140.0,140.0,140.0,0.0,0.0,74.57877942745304,0.07392547708164197,8.454460149235983,8.827557174424117e-13,8.97766649431048e-15,8.858736282952887e-13,1.047394424336223e-21,2.442902447431424e-20,9.449999999999998,1.3506942659240098,3.4499999999999993,2,center_curvature,125.0,4.228731038255241,2.158695877102268,11.5280394440381
Ro120_q0.55_L30W_r0.60_th140_kc-10_ko-10,120.0,66.00000000000001,0.55,29.700000000000003,1.8,39.6,9.9,0.33,140.0,140.0,140.0,140.0,-10.0,-10.0,81.18883490802334,0.08654045482601828,7.222055872672563,4.0898317865383307e-13,9.85303987130674e-15,4.124051034900971e-13,1.2042604287152686e-21,7.238229473870886e-21,9.899999999999999,1.4704811507852844,3.9000000000000004,2,center_curvature,125.0,3.940661651818431,2.043327084927493,11.521132358447964
Ro120_q0.55_L30W_r0.60_th120_kc+0_ko+0,120.0,66.00000000000001,0.55,29.700000000000003,1.8,39.6,9.9,0.33,120.0,120.0,120.0,120.0,0.0,0.0,65.60798513518473,0.06590667435056967,9.48310631902788,4.072938321490558e-13,9.85303987130674e-15,4.107157569853198e-13,1.2042604287152686e-21,7.238229473870886e-21,9.9,1.4704811507852844,3.9000000000000004,2,center_curvature,125.0,3.245828268006347,2.343703958266441,11.50825413184937
Ro120_q0.45_L30W_r0.60_th140_kc+10_ko+10,120.0,54.00000000000001,0.45,29.700000000000003,2.2,32.400000000000006,8.100000000000001,0.27,140.0,140.0,140.0,140.0,10.0,10.0,77.00857599869519,0.06605151588043755,9.462311222823972,4.0275414167793957e-13,6.595836608064845e-15,4.0504485169229817e-13,6.595836608064845e-22,7.238229473870886e-21,8.100000000000001,1.2311303010574544,2.1000000000000014,2,center_curvature,125.0,1.1279055702435503,2.1144830049654173,11.490481729022587
Ro150_q0.45_L24W_r0.60_th140_kc-10_ko-10,150.0,67.50000000000001,0.45,23.625,1.3999999999999997,40.50000000000001,10.125,0.27,140.0,140.0,140.0,140.0,-10.0,-10.0,79.60686079895615,0.08623359130656783,7.247755666096189,6.252528676773712e-13,1.0305994700101317e-14,6.288321020748065e-13,1.2882493375126653e-21,1.4137166941154074e-20,10.125000000000004,1.4471724277757247,4.125,2,center_curvature,125.0,5.079952718120124,2.0695645194752643,11.47965487111357
Ro150_q0.45_L24W_r0.60_th120_kc+0_ko+0,150.0,67.50000000000001,0.45,23.625,1.3999999999999997,40.50000000000001,10.125,0.27,120.0,120.0,120.0,120.0,0.0,0.0,64.1500299099584,0.0655740648377775,9.531207216544777,6.232290775589243e-13,1.0305994700101317e-14,6.268083119563595e-13,1.2882493375126653e-21,1.4137166941154074e-20,10.125,1.4471724277757247,4.125,2,center_curvature,125.0,5.88112955284189,2.3775545225143135,11.471256865333629
Ro150_q0.45_L37W_r0.60_th120_kc+10_ko+10,150.0,67.50000000000001,0.45,37.12500000000001,2.2,40.50000000000001,10.125,0.27,120.0,120.0,120.0,120.0,10.0,10.0,54.15002990995841,0.053660051435838754,11.647398451477661,6.259769711812919e-13,1.0305994700101317e-14,6.295562055787272e-13,1.2882493375126653e-21,1.4137166941154074e-20,10.125,1.5389128763218178,4.125,2,outer_curvature,125.0,119.59329823028624,2.6471553926139535,11.4656179650637
Ro120_q0.45_L19W_r0.75_th120_kc+10_ko+10,120.0,54.00000000000001,0.45,18.9,1.4,40.50000000000001,10.125,0.3375,120.0,120.0,120.0,120.0,10.0,10.0,54.15002990995841,0.053660051435838754,11.647398451477661,3.91499103874767e-13,1.0305994700101317e-14,3.950783382722023e-13,6.595836608064845e-22,7.238229473870886e-21,10.125,1.5380225592809564,4.125,2,center_curvature,125.0,2.261092276243905,2.6471553926139535,11.463837330981978
Ro120_q0.35_L19W_r0.75_th140_kc+10_ko+10,120.0,42.00000000000001,0.35,18.9,1.7999999999999998,31.500000000000004,7.875000000000001,0.2625,140.0,140.0,140.0,140.0,10.0,10.0,79.49453531294364,0.06694589778907428,9.33589690542624,3.883362470301765e-13,6.234490621048946e-15,3.9050146290022994e-13,3.103390886922143e-22,7.238229473870886e-21,7.875000000000001,1.2230308246925539,1.8750000000000009,2,center_curvature,125.0,0.013733173627548226,2.071458595025999,11.448999912813242
Ro180_q0.55_L54W_r0.45_th120_kc+10_ko+10,180.0,99.00000000000003,0.55,54.45000000000001,2.2,44.55000000000001,11.137500000000003,0.24750000000000003,120.0,120.0,120.0,120.0,10.0,10.0,48.31820900905309,0.05193712762573017,12.03378062229165,9.474534676998265e-13,1.2470253587122598e-14,9.517843413207231e-13,4.064378946914033e-21,2.442902447431424e-20,11.137500000000003,1.5538384930551827,5.137500000000003,2,center_curvature,125.0,14.703485255691302,2.8434731004223224,11.440335636606955
Ro120_q0.45_L24W_r0.60_th140_kc+10_ko+10,120.0,54.00000000000001,0.45,24.3,1.8,32.400000000000006,8.100000000000001,0.27,140.0,140.0,140.0,140.0,10.0,10.0,77.00857599869519,0.06605151588043755,9.462311222823972,4.019867242978682e-13,6.595836608064845e-15,4.042774343122268e-13,6.595836608064845e-22,7.238229473870886e-21,8.1,1.2031209415515964,2.1000000000000014,2,center_curvature,125.0,2.6290545027659613,2.1144830049654173,11.434463010010873
Ro180_q0.35_L35W_r0.60_th120_kc+0_ko+0,180.0,63.00000000000001,0.35,34.65,2.1999999999999997,37.800000000000004,9.45,0.20999999999999996,120.0,120.0,120.0,120.0,0.0,0.0,68.73217490352687,0.06664818402595048,9.377599842129934,8.748282211698686e-13,8.97766649431048e-15,8.779461320227455e-13,1.047394424336223e-21,2.442902447431424e-20,9.450000000000001,1.43631868456703,3.4499999999999993,2,outer_curvature,125.0,142.28365892714498,2.274986857924155,11.418827904033272
Ro120_q0.55_L36W_r0.60_th120_kc+10_ko+10,120.0,66.00000000000001,0.55,36.300000000000004,2.2,39.6,9.9,0.33,120.0,120.0,120.0,120.0,10.0,10.0,55.60798513518474,0.05409885358650546,11.552925035659193,4.118692612052486e-13,9.85303987130674e-15,4.1529118604151263e-13,1.2042604287152686e-21,7.238229473870886e-21,9.9,1.5047148124035554,3.9000000000000004,2,outer_curvature,125.0,72.76660252787048,2.6031649785213107,11.41126350604851
Ro120_q0.55_L23W_r0.60_th140_kc-10_ko-10,120.0,66.00000000000001,0.55,23.1,1.4,39.6,9.9,0.33,140.0,140.0,140.0,140.0,-10.0,-10.0,81.18883490802334,0.08654045482601828,7.222055872672563,4.128792439782103e-13,9.85303987130674e-15,4.163011688144743e-13,1.2042604287152686e-21,7.238229473870886e-21,9.900000000000002,1.4150130404918198,3.9000000000000004,2,center_curvature,125.0,4.751281179116405,2.043327084927493,11.410196137861035
Ro150_q0.55_L45W_r0.45_th140_kc+0_ko+0,150.0,82.50000000000001,0.55,45.37500000000001,2.1999999999999997,37.12500000000001,9.281250000000002,0.24750000000000003,140.0,140.0,140.0,140.0,0.0,0.0,75.93475723522488,0.074315546531027,8.41008415028019,6.577882875883106e-13,8.659898324390695e-15,6.607958387139333e-13,2.3520711498345098e-21,1.4137166941154074e-20,9.281250000000002,1.294865410879319,3.2812500000000018,2,center_curvature,125.0,8.091536124551412,2.133748460677154,11.407506534157559
Ro120_q0.55_L23W_r0.60_th120_kc+0_ko+0,120.0,66.00000000000001,0.55,23.1,1.4,39.6,9.9,0.33,120.0,120.0,120.0,120.0,0.0,0.0,65.60798513518473,0.06590667435056967,9.48310631902788,4.10816490639563e-13,9.85303987130674e-15,4.1423841547582704e-13,1.2042604287152686e-21,7.238229473870886e-21,9.900000000000002,1.4150130404918198,3.9000000000000004,2,center_curvature,125.0,5.497702532727285,2.343703958266441,11.39731791126244
Ro150_q0.35_L29W_r0.60_th140_kc+10_ko+10,150.0,52.5,0.35,28.875,2.2,31.499999999999996,7.874999999999999,0.20999999999999996,140.0,140.0,140.0,140.0,10.0,10.0,79.49453531294365,0.06694589778907427,9.335896905426242,6.142971802036472e-13,6.2344906210489436e-15,6.164623960737006e-13,6.0613103260198075e-22,1.4137166941154074e-20,7.874999999999999,1.1969322371391915,1.8749999999999991,2,center_curvature,125.0,1.0228192465451935,2.071458595025888,11.396802737706516
Ro150_q0.35_L18W_r0.75_th120_kc+10_ko+10,150.0,52.5,0.35,18.374999999999996,1.3999999999999997,39.375,9.84375,0.26249999999999996,120.0,120.0,120.0,120.0,10.0,10.0,55.9828879073858,0.05421219382676005,11.528771589602956,6.030808316385586e-13,9.741391595388976e-15,6.064639814355171e-13,6.0613103260198075e-22,1.4137166941154074e-20,9.84375,1.495299710412041,3.84375,2,outer_curvature,125.00000000000186,116.02275540616019,2.592143571421346,11.396060189753628
Ro150_q0.45_L30W_r0.60_th120_kc+10_ko+10,150.0,67.50000000000001,0.45,30.375000000000004,1.7999999999999998,40.50000000000001,10.125,0.27,120.0,120.0,120.0,120.0,10.0,10.0,54.15002990995841,0.053660051435838754,11.647398451477661,6.241697332598691e-13,1.0305994700101317e-14,6.277489676573043e-13,1.2882493375126653e-21,1.4137166941154074e-20,10.125000000000002,1.5039011769394954,4.125,2,center_curvature,125.0,4.362438665995475,2.6471553926139535,11.395594566299055
Ro120_q0.35_L15W_r0.75_th140_kc+10_ko+10,120.0,42.00000000000001,0.35,14.699999999999998,1.3999999999999997,31.500000000000004,7.875000000000001,0.2625,140.0,140.0,140.0,140.0,10.0,10.0,79.49453531294364,0.06694589778907428,9.33589690542624,3.883520820783094e-13,6.234490621048946e-15,3.9051729794836286e-13,3.103390886922143e-22,7.238229473870886e-21,7.875000000000001,1.1962397683296326,1.8750000000000009,2,center_curvature,125.0,1.1599723754221078,2.071458595025999,11.395417800087397
Ro180_q0.55_L54W_r0.45_th120_kc-10_ko-10,180.0,99.00000000000003,0.55,54.45000000000001,2.2,44.55000000000001,11.137500000000003,0.24750000000000003,120.0,120.0,120.0,120.0,-10.0,-10.0,68.31820900905309,0.07795892988155062,8.01704180585359,9.333512377357741e-13,1.2470253587122598e-14,9.376821113566707e-13,4.064378946914033e-21,2.442902447431424e-20,11.137500000000003,1.5538384930551827,5.137500000000003,2,center_curvature,125.0,5.924309543736972,2.2838083555338784,11.381755913754308
Ro150_q0.55_L29W_r0.45_th140_kc+10_ko+10,150.0,82.50000000000001,0.55,28.875,1.4,37.12500000000001,9.281250000000002,0.24750000000000003,140.0,140.0,140.0,140.0,10.0,10.0,65.93475723522488,0.062166627373399085,10.053625657476726,6.723749292076082e-13,8.659898324390695e-15,6.753824803332309e-13,2.3520711498345098e-21,1.4137166941154074e-20,9.281249999999995,1.1258109263173266,3.2812500000000018,2,center_curvature,125.0,7.8310124220575705,2.336278255284263,11.376712810926307
Ro180_q0.35_L28W_r0.60_th140_kc-10_ko-10,180.0,63.00000000000001,0.35,28.35,1.7999999999999998,37.800000000000004,9.45,0.20999999999999996,140.0,140.0,140.0,140.0,-10.0,-10.0,84.57877942745304,0.08724945462318331,7.163368558568954,8.743519868283402e-13,8.97766649431048e-15,8.774698976812171e-13,1.047394424336223e-21,2.442902447431424e-20,9.449999999999998,1.4036410984768626,3.4499999999999993,2,center_curvature,125.0,3.446328645938752,1.989718769259241,11.375714791010402
Ro180_q0.35_L28W_r0.60_th120_kc+0_ko+0,180.0,63.00000000000001,0.35,28.35,1.7999999999999998,37.800000000000004,9.45,0.20999999999999996,120.0,120.0,120.0,120.0,0.0,0.0,68.73217490352687,0.06664818402595048,9.377599842129934,8.730203897168207e-13,8.97766649431048e-15,8.761383005696976e-13,1.047394424336223e-21,2.442902447431424e-20,9.45,1.4036410984768626,3.4499999999999993,2,center_curvature,125.0,2.823029885310433,2.274986857924155,11.353472731852937
Ro180_q0.45_L45W_r0.45_th140_kc+0_ko+0,180.0,81.00000000000001,0.45,44.550000000000004,2.2,36.45,9.1125,0.2025,140.0,140.0,140.0,140.0,0.0,0.0,77.34095644328461,0.07472634337065953,8.363850976888552,9.14258192590764e-13,8.34785570708207e-15,9.171573724526866e-13,2.2260948552218853e-21,2.442902447431424e-20,9.1125,1.2713224034087858,3.1125000000000007,2,center_curvature,125.0,7.658155947145202,2.108604977188122,11.351173884538166
Ro120_q0.45_L19W_r0.60_th140_kc+10_ko+10,120.0,54.00000000000001,0.45,18.9,1.4,32.400000000000006,8.100000000000001,0.27,140.0,140.0,140.0,140.0,10.0,10.0,77.00857599869519,0.06605151588043755,9.462311222823972,4.0461817170702206e-13,6.595836608064845e-15,4.0690888172138066e-13,6.595836608064845e-22,7.238229473870886e-21,8.100000000000003,1.1577379422205798,2.1000000000000014,2,center_curvature,125.0,2.712520600428007,2.1144830049654173,11.34369701134884
Ro120_q0.55_L30W_r0.60_th120_kc+10_ko+10,120.0,66.00000000000001,0.55,29.700000000000003,1.8,39.6,9.9,0.33,120.0,120.0,120.0,120.0,10.0,10.0,55.60798513518474,0.05409885358650546,11.552925035659193,4.1013630612709476e-13,9.85303987130674e-15,4.135582309633588e-13,1.2042604287152686e-21,7.238229473870886e-21,9.899999999999999,1.4704811507852844,3.9000000000000004,2,center_curvature,125.0,4.059747647474349,2.6031649785213107,11.342796182811968
Ro150_q0.35_L24W_r0.60_th140_kc+10_ko+10,150.0,52.5,0.35,23.625,1.8,31.499999999999996,7.874999999999999,0.20999999999999996,140.0,140.0,140.0,140.0,10.0,10.0,79.49453531294365,0.06694589778907427,9.335896905426242,6.135702236400875e-13,6.2344906210489436e-15,6.157354395101409e-13,6.0613103260198075e-22,1.4137166941154074e-20,7.874999999999999,1.1697009153973852,1.8749999999999991,2,center_curvature,125.0,2.410670538466841,2.071458595025888,11.342340094222905
Ro180_q0.45_L28W_r0.45_th140_kc+10_ko+10,180.0,81.00000000000001,0.45,28.35,1.4,36.45,9.1125,0.2025,140.0,140.0,140.0,140.0,10.0,10.0,67.34095644328461,0.06265066052031658,9.975952285408432,9.29802494091023e-13,8.34785570708207e-15,9.327016739529455e-13,2.2260948552218853e-21,2.442902447431424e-20,9.112499999999999,1.1053416367479203,3.1125000000000007,2,center_curvature,125.0,7.409731486809442,2.3049696542774,11.341632612920414
Ro120_q0.45_L19W_r0.75_th120_kc-10_ko-10,120.0,54.00000000000001,0.45,18.9,1.4,40.50000000000001,10.125,0.3375,120.0,120.0,120.0,120.0,-10.0,-10.0,74.1500299099584,0.07862048776385852,7.949581817365799,3.8630421918727e-13,1.0305994700101317e-14,3.898834535847053e-13,6.595836608064845e-22,7.238229473870886e-21,10.125,1.5380225592809564,4.125,2,outer_curvature,125.0,51.342833330857935,2.1667327014763815,11.336632048508298
Ro180_q0.55_L35W_r0.45_th120_kc+0_ko+0,180.0,99.00000000000003,0.55,34.65,1.3999999999999997,44.55000000000001,11.137500000000003,0.24750000000000003,120.0,120.0,120.0,120.0,0.0,0.0,58.31820900905309,0.06434056014983558,9.713934702223714,9.54407207447584e-13,1.2470253587122598e-14,9.587380810684806e-13,4.064378946914033e-21,2.442902447431424e-20,11.137500000000006,1.3509731115807917,5.137500000000003,2,center_curvature,125.0,16.039828897296495,2.526000966687647,11.31540373007955
Ro180_q0.55_L35W_r0.45_th140_kc-10_ko-10,180.0,99.00000000000003,0.55,34.65,1.3999999999999997,44.55000000000001,11.137500000000003,0.24750000000000003,140.0,140.0,140.0,140.0,-10.0,-10.0,73.2789643626874,0.08518165561457282,7.337260534450982,9.566356326066497e-13,1.2470253587122598e-14,9.609665062275463e-13,4.064378946914033e-21,2.442902447431424e-20,11.137500000000001,1.3509731115807917,5.137500000000003,2,center_curvature,125.0,13.126814995876684,2.1832873738594216,11.305157212394665
Ro180_q0.35_L35W_r0.60_th120_kc+10_ko+10,180.0,63.00000000000001,0.35,34.65,2.1999999999999997,37.800000000000004,9.45,0.20999999999999996,120.0,120.0,120.0,120.0,10.0,10.0,58.73217490352687,0.05504955845060034,11.3534062323289,8.807773174687092e-13,8.97766649431048e-15,8.838952283215861e-13,1.047394424336223e-21,2.442902447431424e-20,9.450000000000001,1.43631868456703,3.4499999999999993,2,outer_curvature,125.0,159.69843082118695,2.5147073713327472,11.304893806026495
Ro180_q0.55_L45W_r0.45_th120_kc+10_ko+10,180.0,99.00000000000003,0.55,44.550000000000004,1.7999999999999998,44.55000000000001,11.137500000000003,0.24750000000000003,120.0,120.0,120.0,120.0,10.0,10.0,48.31820900905309,0.05193712762573017,12.03378062229165,9.490337343981973e-13,1.2470253587122598e-14,9.533646080190939e-13,4.064378946914033e-21,2.442902447431424e-20,11.137500000000006,1.478258230429763,5.137500000000003,2,center_curvature,125.0,18.894942417609094,2.8434731004223224,11.289175111356116
Ro150_q0.45_L24W_r0.60_th120_kc+10_ko+10,150.0,67.50000000000001,0.45,23.625,1.3999999999999997,40.50000000000001,10.125,0.27,120.0,120.0,120.0,120.0,10.0,10.0,54.15002990995841,0.053660051435838754,11.647398451477661,6.279368085320088e-13,1.0305994700101317e-14,6.315160429294441e-13,1.2882493375126653e-21,1.4137166941154074e-20,10.125,1.4471724277757247,4.125,2,center_curvature,125.0,6.080576899701096,2.6471553926139535,11.282137067971513
Ro150_q0.55_L37W_r0.45_th140_kc+0_ko+0,150.0,82.50000000000001,0.55,37.12500000000001,1.8,37.12500000000001,9.281250000000002,0.24750000000000003,140.0,140.0,140.0,140.0,0.0,0.0,75.93475723522488,0.074315546531027,8.41008415028019,6.592042413311675e-13,8.659898324390695e-15,6.622117924567901e-13,2.3520711498345098e-21,1.4137166941154074e-20,9.281250000000004,1.231881858691469,3.2812500000000018,2,center_curvature,125.0,9.3303829649578,2.133748460677154,11.281539429781859
Ro180_q0.35_L22W_r0.60_th140_kc-10_ko-10,180.0,63.00000000000001,0.35,22.049999999999997,1.3999999999999997,37.800000000000004,9.45,0.20999999999999996,140.0,140.0,140.0,140.0,-10.0,-10.0,84.57877942745304,0.08724945462318331,7.163368558568954,8.779032431286862e-13,8.97766649431048e-15,8.810211539815631e-13,1.047394424336223e-21,2.442902447431424e-20,9.450000000000001,1.3506942659240098,3.4499999999999993,2,center_curvature,125.0,4.136769272958864,1.989718769259241,11.269821125904695
Ro150_q0.45_L30W_r0.60_th120_kc-10_ko-10,150.0,67.50000000000001,0.45,30.375000000000004,1.7999999999999998,40.50000000000001,10.125,0.27,120.0,120.0,120.0,120.0,-10.0,-10.0,74.1500299099584,0.07862048776385852,7.949581817365799,6.155973261792842e-13,1.0305994700101317e-14,6.191765605767195e-13,1.2882493375126653e-21,1.4137166941154074e-20,10.125,1.5039011769394954,4.125,2,center_curvature,125.0,2.5603719424071962,2.1667327014763815,11.268389283825375
Ro150_q0.35_L18W_r0.60_th140_kc+10_ko+10,150.0,52.5,0.35,18.374999999999996,1.3999999999999997,31.499999999999996,7.874999999999999,0.20999999999999996,140.0,140.0,140.0,140.0,10.0,10.0,79.49453531294365,0.06694589778907427,9.335896905426242,6.160574199850571e-13,6.2344906210489436e-15,6.182226358551105e-13,6.0613103260198075e-22,1.4137166941154074e-20,7.874999999999999,1.1255785549366746,1.8749999999999991,2,center_curvature,125.0,2.4914346294786447,2.071458595025888,11.254095373301482
Ro180_q0.35_L22W_r0.60_th120_kc+0_ko+0,180.0,63.00000000000001,0.35,22.049999999999997,1.3999999999999997,37.800000000000004,9.45,0.20999999999999996,120.0,120.0,120.0,120.0,0.0,0.0,68.73217490352687,0.06664818402595048,9.377599842129934,8.762300847463942e-13,8.97766649431048e-15,8.793479955992711e-13,1.047394424336223e-21,2.442902447431424e-20,9.45,1.3506942659240098,3.4499999999999993,2,center_curvature,125.0,4.781576243116757,2.274986857924155,11.247579066747232
Ro150_q0.35_L18W_r0.75_th120_kc-10_ko-10,150.0,52.5,0.35,18.374999999999996,1.3999999999999997,39.375,9.84375,0.26249999999999996,120.0,120.0,120.0,120.0,-10.0,-10.0,75.98288790738579,0.07888428961074243,7.922997127616749,5.948352318407457e-13,9.741391595388976e-15,5.982183816377042e-13,6.0613103260198075e-22,1.4137166941154074e-20,9.84375,1.495299710412041,3.84375,2,center_curvature,125.0,1.668586935311023,2.132875805584966,11.245869412820657
Ro180_q0.35_L28W_r0.60_th120_kc+10_ko+10,180.0,63.00000000000001,0.35,28.35,1.7999999999999998,37.800000000000004,9.45,0.20999999999999996,120.0,120.0,120.0,120.0,10.0,10.0,58.73217490352687,0.05504955845060034,11.3534062323289,8.791888766535775e-13,8.97766649431048e-15,8.823067875064544e-13,1.047394424336223e-21,2.442902447431424e-20,9.45,1.4036410984768626,3.4499999999999993,2,center_curvature,125.0,3.499110649525508,2.5147073713327472,11.239538633846161
Ro120_q0.55_L23W_r0.60_th120_kc+10_ko+10,120.0,66.00000000000001,0.55,23.1,1.4,39.6,9.9,0.33,120.0,120.0,120.0,120.0,10.0,10.0,55.60798513518474,0.05409885358650546,11.552925035659193,4.137363495786326e-13,9.85303987130674e-15,4.171582744148966e-13,1.2042604287152686e-21,7.238229473870886e-21,9.900000000000002,1.4150130404918198,3.9000000000000004,2,center_curvature,125.0,5.68002306851403,2.6031649785213107,11.23185996222504
Ro180_q0.55_L45W_r0.45_th120_kc-10_ko-10,180.0,99.00000000000003,0.55,44.550000000000004,1.7999999999999998,44.55000000000001,11.137500000000003,0.24750000000000003,120.0,120.0,120.0,120.0,-10.0,-10.0,68.31820900905309,0.07795892988155062,8.01704180585359,9.343709582370166e-13,1.2470253587122598e-14,9.387018318579132e-13,4.064378946914033e-21,2.442902447431424e-20,11.137500000000006,1.478258230429763,5.137500000000003,2,center_curvature,125.0,15.820030799153493,2.2838083555338784,11.230595388503469
Ro180_q0.45_L36W_r0.45_th140_kc+0_ko+0,180.0,81.00000000000001,0.45,36.45,1.8,36.45,9.1125,0.2025,140.0,140.0,140.0,140.0,0.0,0.0,77.34095644328461,0.07472634337065953,8.363850976888552,9.1562312519049e-13,8.34785570708207e-15,9.185223050524124e-13,2.2260948552218853e-21,2.442902447431424e-20,9.112500000000002,1.2094840067152604,3.1125000000000007,2,center_curvature,125.0,8.830650213527754,2.108604977188122,11.227497091151115
Ro120_q0.45_L30W_r0.60_th140_kc+0_ko+0,120.0,54.00000000000001,0.45,29.700000000000003,2.2,32.400000000000006,8.100000000000001,0.27,140.0,140.0,140.0,140.0,0.0,0.0,87.00857599869519,0.07770667443036117,8.043067144252966,4.0074713089008767e-13,6.595836608064845e-15,4.0303784090444627e-13,6.595836608064845e-22,7.238229473870886e-21,8.100000000000001,1.2311303010574544,2.1000000000000014,2,center_curvature,125.0,0.5888469710578039,1.9533277163540363,11.206632913308386
Ro120_q0.55_L30W_r0.60_th120_kc-10_ko-10,120.0,66.00000000000001,0.55,29.700000000000003,1.8,39.6,9.9,0.33,120.0,120.0,120.0,120.0,-10.0,-10.0,75.60798513518473,0.07882836862956027,7.9286177154962445,4.049183733647782e-13,9.85303987130674e-15,4.0834029820104224e-13,1.2042604287152686e-21,7.238229473870886e-21,9.9,1.4704811507852844,3.9000000000000004,2,center_curvature,125.0,2.41260861764383,2.1396961890189914,11.197356411143042
Ro120_q0.35_L19W_r0.75_th140_kc+0_ko+0,120.0,42.00000000000001,0.35,18.9,1.7999999999999998,31.500000000000004,7.875000000000001,0.2625,140.0,140.0,140.0,140.0,0.0,0.0,89.49453531294364,0.07851271662462242,7.9604938775484095,3.8642604503096717e-13,6.234490621048946e-15,3.885912609010206e-13,3.103390886922143e-22,7.238229473870886e-21,7.875000000000001,1.2230308246925539,1.8750000000000009,2,outer_curvature,125.0,46.006583900084095,1.9177128982638125,11.173919307237675
Ro150_q0.45_L24W_r0.60_th120_kc-10_ko-10,150.0,67.50000000000001,0.45,23.625,1.3999999999999997,40.50000000000001,10.125,0.27,120.0,120.0,120.0,120.0,-10.0,-10.0,74.1500299099584,0.07862048776385852,7.949581817365799,6.191714294078081e-13,1.0305994700101317e-14,6.227506638052434e-13,1.2882493375126653e-21,1.4137166941154074e-20,10.125,1.4471724277757247,4.125,2,center_curvature,125.0,5.679459372101256,2.1667327014763815,11.154931785497833
Ro150_q0.55_L45W_r0.45_th140_kc-10_ko-10,150.0,82.50000000000001,0.55,45.37500000000001,2.1999999999999997,37.12500000000001,9.281250000000002,0.24750000000000003,140.0,140.0,140.0,140.0,-10.0,-10.0,85.93475723522488,0.08755132495410489,7.13866980685478,6.542641001244815e-13,8.659898324390695e-15,6.572716512501042e-13,2.3520711498345098e-21,1.4137166941154074e-20,9.281250000000002,1.294865410879319,3.2812500000000018,2,center_curvature,125.0,6.8479771660275235,1.969210783096642,11.153223665472478
Ro120_q0.45_L24W_r0.60_th140_kc+0_ko+0,120.0,54.00000000000001,0.45,24.3,1.8,32.400000000000006,8.100000000000001,0.27,140.0,140.0,140.0,140.0,0.0,0.0,87.00857599869519,0.07770667443036117,8.043067144252966,3.9991309802187615e-13,6.595836608064845e-15,4.0220380803623476e-13,6.595836608064845e-22,7.238229473870886e-21,8.100000000000001,1.2031209415515964,2.1000000000000014,2,center_curvature,125.0,2.419036375057847,1.9533277163540363,11.150614194296669
Ro180_q0.35_L22W_r0.60_th120_kc+10_ko+10,180.0,63.00000000000001,0.35,22.049999999999997,1.3999999999999997,37.800000000000004,9.45,0.20999999999999996,120.0,120.0,120.0,120.0,10.0,10.0,58.73217490352687,0.05504955845060034,11.3534062323289,8.824663738533952e-13,8.97766649431048e-15,8.855842847062721e-13,1.047394424336223e-21,2.442902447431424e-20,9.449999999999998,1.3506942659240098,3.4499999999999993,2,center_curvature,125.0,4.932972749906126,2.5147073713327472,11.133644968740455
Ro150_q0.55_L45W_r0.45_th120_kc+0_ko+0,150.0,82.50000000000001,0.55,45.37500000000001,2.1999999999999997,37.12500000000001,9.281250000000002,0.24750000000000003,120.0,120.0,120.0,120.0,0.0,0.0,69.98185081086372,0.06695508164973879,9.334616351743906,6.526239994173743e-13,8.659898324390695e-15,6.55631550542997e-13,2.3520711498345098e-21,1.4137166941154074e-20,9.281250000000002,1.294865410879319,3.2812500000000018,2,center_curvature,125.0,6.0100394325347475,2.2488543194878474,11.127324658580644
Ro150_q0.35_L29W_r0.60_th140_kc+0_ko+0,150.0,52.5,0.35,28.875,2.2,31.499999999999996,7.874999999999999,0.20999999999999996,140.0,140.0,140.0,140.0,0.0,0.0,89.49453531294365,0.0785127166246224,7.960493877548411,6.11332039500334e-13,6.2344906210489436e-15,6.134972553703874e-13,6.0613103260198075e-22,1.4137166941154074e-20,7.874999999999999,1.1969322371391915,1.8749999999999991,2,center_curvature,125.0,0.5411269617704586,1.9177128982638125,11.121722132130952
Ro120_q0.35_L15W_r0.75_th140_kc+0_ko+0,120.0,42.00000000000001,0.35,14.699999999999998,1.3999999999999997,31.500000000000004,7.875000000000001,0.2625,140.0,140.0,140.0,140.0,0.0,0.0,89.49453531294364,0.07851271662462242,7.9604938775484095,3.863935281887998e-13,6.234490621048946e-15,3.885587440588532e-13,3.103390886922143e-22,7.238229473870886e-21,7.875000000000001,1.1962397683296326,1.8750000000000009,2,center_curvature,125.0,1.1134949354671293,1.9177128982638125,11.12033719451183
Ro180_q0.45_L45W_r0.45_th140_kc-10_ko-10,180.0,81.00000000000001,0.45,44.550000000000004,2.2,36.45,9.1125,0.2025,140.0,140.0,140.0,140.0,-10.0,-10.0,87.34095644328461,0.08787467973658453,7.112401454816298,9.094617275577408e-13,8.34785570708207e-15,9.123609074196634e-13,2.2260948552218853e-21,2.442902447431424e-20,9.112500000000002,1.2713224034087858,3.1125000000000007,2,center_curvature,125.0,6.502798259687544,1.9484737231714178,11.100883980123715
Ro150_q0.45_L37W_r0.45_th140_kc+10_ko+10,150.0,67.50000000000001,0.45,37.12500000000001,2.2,30.375000000000007,7.593750000000001,0.2025,140.0,140.0,140.0,140.0,10.0,10.0,82.80914773194154,0.0681505774259416,9.170868738114212,6.379041613896671e-13,5.797122018806993e-15,6.399174807382244e-13,1.2882493375126653e-21,1.4137166941154074e-20,7.593750000000003,1.059435336173988,1.5937500000000009,2,center_curvature,125.0,4.980163463351321,2.017273439575362,11.088803302313703
Ro120_q0.55_L23W_r0.60_th120_kc-10_ko-10,120.0,66.00000000000001,0.55,23.1,1.4,39.6,9.9,0.33,120.0,120.0,120.0,120.0,-10.0,-10.0,75.60798513518473,0.07882836862956027,7.9286177154962445,4.0833803641639934e-13,9.85303987130674e-15,4.1175996125266337e-13,1.2042604287152686e-21,7.238229473870886e-21,9.9,1.4150130404918198,3.9000000000000004,2,center_curvature,125.0,5.313395412902677,2.1396961890189914,11.086420190556113
Ro180_q0.45_L45W_r0.45_th120_kc+0_ko+0,180.0,81.00000000000001,0.45,44.550000000000004,2.2,36.45,9.1125,0.2025,120.0,120.0,120.0,120.0,0.0,0.0,71.2778110110649,0.06727919154683204,9.289647893062847,9.080627585424142e-13,8.34785570708207e-15,9.109619384043367e-13,2.2260948552218853e-21,2.442902447431424e-20,9.1125,1.2713224034087858,3.1125000000000007,2,center_curvature,125.0,5.688144165742357,2.2225156467480245,11.071244951903367
Ro150_q0.55_L29W_r0.45_th140_kc+0_ko+0,150.0,82.50000000000001,0.55,28.875,1.4,37.12500000000001,9.281250000000002,0.24750000000000003,140.0,140.0,140.0,140.0,0.0,0.0,75.93475723522488,0.074315546531027,8.41008415028019,6.685308993080615e-13,8.659898324390695e-15,6.715384504336842e-13,2.3520711498345098e-21,1.4137166941154074e-20,9.281249999999995,1.1258109263173266,3.2812500000000018,2,center_curvature,125.0,7.723828415808895,2.133748460677154,11.069397565033576
Ro150_q0.35_L24W_r0.60_th140_kc+0_ko+0,150.0,52.5,0.35,23.625,1.8,31.499999999999996,7.874999999999999,0.20999999999999996,140.0,140.0,140.0,140.0,0.0,0.0,89.49453531294365,0.0785127166246224,7.960493877548411,6.105436982475878e-13,6.2344906210489436e-15,6.127089141176413e-13,6.0613103260198075e-22,1.4137166941154074e-20,7.874999999999999,1.1697009153973852,1.8749999999999991,2,center_curvature,125.0,2.222997845170149,1.9177128982638125,11.067259488647338
Ro120_q0.45_L19W_r0.60_th140_kc+0_ko+0,120.0,54.00000000000001,0.45,18.9,1.4,32.400000000000006,8.100000000000001,0.27,140.0,140.0,140.0,140.0,0.0,0.0,87.00857599869519,0.07770667443036117,8.043067144252966,4.025380064066019e-13,6.595836608064845e-15,4.048287164209605e-13,6.595836608064845e-22,7.238229473870886e-21,8.1,1.1577379422205798,2.1000000000000014,2,center_curvature,125.0,2.6629909893216848,1.9533277163540363,11.059848195634636
Ro180_q0.35_L28W_r0.60_th120_kc-10_ko-10,180.0,63.00000000000001,0.35,28.35,1.7999999999999998,37.800000000000004,9.45,0.20999999999999996,120.0,120.0,120.0,120.0,-10.0,-10.0,78.73217490352687,0.079323414400855,7.879136377584667,8.675907470179519e-13,8.97766649431048e-15,8.707086578708288e-13,1.047394424336223e-21,2.442902447431424e-20,9.450000000000001,1.4036410984768626,3.4499999999999993,2,center_curvature,125.0,2.1316517723554855,2.0844257775545216,11.053780038943884
Ro180_q0.55_L35W_r0.45_th120_kc+10_ko+10,180.0,99.00000000000003,0.55,34.65,1.3999999999999997,44.55000000000001,11.137500000000003,0.24750000000000003,120.0,120.0,120.0,120.0,10.0,10.0,48.31820900905309,0.05193712762573017,12.03378062229165,9.622283704094375e-13,1.2470253587122598e-14,9.66559244030334e-13,4.064378946914033e-21,2.442902447431424e-20,11.137500000000006,1.3509731115807917,5.137500000000003,2,center_curvature,125.0,16.38498388673698,2.8434731004223224,11.034604873658173
Ro150_q0.55_L45W_r0.45_th120_kc+10_ko+10,150.0,82.50000000000001,0.55,45.37500000000001,2.1999999999999997,37.12500000000001,9.281250000000002,0.24750000000000003,120.0,120.0,120.0,120.0,10.0,10.0,59.98185081086372,0.05543372663275272,11.274724575899649,6.570066080851131e-13,8.659898324390695e-15,6.600141592107358e-13,2.3520711498345098e-21,1.4137166941154074e-20,9.281250000000002,1.294865410879319,3.2812500000000018,2,center_curvature,125.0,8.097916088291061,2.4813568822681376,11.034280640479949
Ro150_q0.55_L37W_r0.45_th140_kc-10_ko-10,150.0,82.50000000000001,0.55,37.12500000000001,1.8,37.12500000000001,9.281250000000002,0.24750000000000003,140.0,140.0,140.0,140.0,-10.0,-10.0,85.93475723522488,0.08755132495410489,7.13866980685478,6.556145946784958e-13,8.659898324390695e-15,6.586221458041185e-13,2.3520711498345098e-21,1.4137166941154074e-20,9.281250000000004,1.231881858691469,3.2812500000000018,2,center_curvature,125.0,8.885413326773236,1.969210783096642,11.027256561096777
Ro120_q0.55_L36W_r0.45_th140_kc+10_ko+10,120.0,66.00000000000001,0.55,36.300000000000004,2.2,29.700000000000003,7.425000000000001,0.2475,140.0,140.0,140.0,140.0,10.0,10.0,84.91844654403113,0.06892430883470634,9.067918279730153,4.229535493525478e-13,5.542334927610043e-15,4.2487838207294634e-13,1.2042604287152686e-21,7.238229473870886e-21,7.425000000000002,1.0358923287034552,1.4250000000000007,2,center_curvature,125.0,4.6441604017101135,1.9845333070929172,11.021127195695826
Ro180_q0.45_L28W_r0.45_th140_kc+0_ko+0,180.0,81.00000000000001,0.45,28.35,1.4,36.45,9.1125,0.2025,140.0,140.0,140.0,140.0,0.0,0.0,77.34095644328461,0.07472634337065953,8.363850976888552,9.246137151609439e-13,8.34785570708207e-15,9.275128950228664e-13,2.2260948552218853e-21,2.442902447431424e-20,9.112499999999999,1.1053416367479203,3.1125000000000007,2,center_curvature,125.0,7.310142240490882,2.108604977188122,11.019212351216435
Ro120_q0.45_L30W_r0.60_th120_kc+10_ko+10,120.0,54.00000000000001,0.45,29.700000000000003,2.2,32.400000000000006,8.100000000000001,0.27,120.0,120.0,120.0,120.0,10.0,10.0,70.187537387448,0.05864995328093067,10.656444976286302,4.000306860084079e-13,6.595836608064845e-15,4.023213960227665e-13,6.595836608064845e-22,7.238229473870886e-21,8.100000000000001,1.2311303010574544,2.1000000000000014,2,outer_curvature,125.0,59.626734178512145,2.244623147968916,11.009729673577915
Ro150_q0.55_L37W_r0.45_th120_kc+0_ko+0,150.0,82.50000000000001,0.55,37.12500000000001,1.8,37.12500000000001,9.281250000000002,0.24750000000000003,120.0,120.0,120.0,120.0,0.0,0.0,69.98185081086372,0.06695508164973879,9.334616351743906,6.535663833165506e-13,8.659898324390695e-15,6.565739344421732e-13,2.3520711498345098e-21,1.4137166941154074e-20,9.281250000000005,1.231881858691469,3.2812500000000018,2,center_curvature,125.0,10.054274112700549,2.2488543194878474,11.001357554204944
Ro180_q0.45_L45W_r0.45_th120_kc+10_ko+10,180.0,81.00000000000001,0.45,44.550000000000004,2.2,36.45,9.1125,0.2025,120.0,120.0,120.0,120.0,10.0,10.0,61.2778110110649,0.055834418685192684,11.193812252687612,9.141416645356054e-13,8.34785570708207e-15,9.17040844397528e-13,2.2260948552218853e-21,2.442902447431424e-20,9.1125,1.2713224034087858,3.1125000000000007,2,center_curvature,125.0,7.628728732099287,2.4479007550537446,11.000016771216963
Ro150_q0.45_L30W_r0.45_th140_kc+10_ko+10,150.0,67.50000000000001,0.45,30.375000000000004,1.7999999999999998,30.375000000000007,7.593750000000001,0.2025,140.0,140.0,140.0,140.0,10.0,10.0,82.80914773194154,0.0681505774259416,9.170868738114212,6.388721488320498e-13,5.797122018806993e-15,6.408854681806071e-13,1.2882493375126653e-21,1.4137166941154074e-20,7.593749999999997,1.0079033389293839,1.5937500000000009,2,center_curvature,125.0,5.30865630965852,2.017273439575362,10.985739307824495
Ro120_q0.45_L30W_r0.60_th140_kc-10_ko-10,120.0,54.00000000000001,0.45,29.700000000000003,2.2,32.400000000000006,8.100000000000001,0.27,140.0,140.0,140.0,140.0,-10.0,-10.0,97.00857599869519,0.09034874029439219,6.917639338008488,3.989189446983314e-13,6.595836608064845e-15,4.0120965471269e-13,6.595836608064845e-22,7.238229473870886e-21,8.100000000000001,1.2311303010574544,2.1000000000000014,2,center_curvature,125.0,0.044034567914810294,1.818909170053118,10.98154735205949
Ro150_q0.35_L18W_r0.60_th140_kc+0_ko+0,150.0,52.5,0.35,18.374999999999996,1.3999999999999997,31.499999999999996,7.874999999999999,0.20999999999999996,140.0,140.0,140.0,140.0,0.0,0.0,89.49453531294365,0.0785127166246224,7.960493877548411,6.1302480378099e-13,6.2344906210489436e-15,6.151900196510434e-13,6.0613103260198075e-22,1.4137166941154074e-20,7.874999999999999,1.1255785549366746,1.8749999999999991,2,center_curvature,125.0,2.447182329479023,1.9177128982638125,10.979014767725918
Ro180_q0.45_L36W_r0.45_th140_kc-10_ko-10,180.0,81.00000000000001,0.45,36.45,1.8,36.45,9.1125,0.2025,140.0,140.0,140.0,140.0,-10.0,-10.0,87.34095644328461,0.08787467973658453,7.112401454816298,9.107649828835921e-13,8.34785570708207e-15,9.136641627455147e-13,2.2260948552218853e-21,2.442902447431424e-20,9.112500000000002,1.2094840067152604,3.1125000000000007,2,center_curvature,125.0,8.417198146882862,1.9484737231714178,10.977207186736663
Ro180_q0.55_L35W_r0.45_th120_kc-10_ko-10,180.0,99.00000000000003,0.55,34.65,1.3999999999999997,44.55000000000001,11.137500000000003,0.24750000000000003,120.0,120.0,120.0,120.0,-10.0,-10.0,68.31820900905309,0.07795892988155062,8.01704180585359,9.476718580500115e-13,1.2470253587122598e-14,9.52002731670908e-13,4.064378946914033e-21,2.442902447431424e-20,11.137500000000006,1.3509731115807917,5.137500000000003,2,center_curvature,125.0,15.696087512014502,2.2838083555338784,10.976025150805526
Ro150_q0.35_L29W_r0.60_th120_kc+10_ko+10,150.0,52.5,0.35,28.875,2.2,31.499999999999996,7.874999999999999,0.20999999999999996,120.0,120.0,120.0,120.0,10.0,10.0,72.47860988423227,0.05939041546476507,10.5235835632569,6.10925687970853e-13,6.2344906210489436e-15,6.130909038409064e-13,6.0613103260198075e-22,1.4137166941154074e-20,7.874999999999999,1.1969322371391915,1.8749999999999991,2,outer_curvature,125.0,90.76598751815408,2.198772649035341,10.96502833562409
Ro120_q0.35_L15W_r0.75_th120_kc+10_ko+10,120.0,42.00000000000001,0.35,14.699999999999998,1.3999999999999997,31.500000000000004,7.875000000000001,0.2625,120.0,120.0,120.0,120.0,10.0,10.0,72.47860988423224,0.059390415464765076,10.523583563256897,3.8537465713900157e-13,6.234490621048946e-15,3.8753987300905504e-13,3.103390886922143e-22,7.238229473870886e-21,7.875000000000001,1.1962397683296326,1.8750000000000009,2,center_curvature,125.0,1.0406474761188087,2.198772649035341,10.963643398004972
Ro120_q0.35_L19W_r0.75_th140_kc-10_ko-10,120.0,42.00000000000001,0.35,18.9,1.7999999999999998,31.500000000000004,7.875000000000001,0.2625,140.0,140.0,140.0,140.0,-10.0,-10.0,99.49453531294364,0.09104728166637051,6.864565185924182,3.846690259440642e-13,6.234490621048946e-15,3.8683424181411767e-13,3.103390886922143e-22,7.238229473870886e-21,7.875000000000001,1.2230308246925539,1.8750000000000009,2,outer_curvature,125.0,42.322750155846336,1.7888308574098843,10.954733568912829
Ro120_q0.45_L24W_r0.60_th120_kc+10_ko+10,120.0,54.00000000000001,0.45,24.3,1.8,32.400000000000006,8.100000000000001,0.27,120.0,120.0,120.0,120.0,10.0,10.0,70.187537387448,0.05864995328093067,10.656444976286302,3.988424457214377e-13,6.595836608064845e-15,4.011331557357963e-13,6.595836608064845e-22,7.238229473870886e-21,8.100000000000001,1.2031209415515964,2.1000000000000014,2,center_curvature,125.0,2.1432833026189075,2.244623147968916,10.9537109545662
Ro180_q0.35_L22W_r0.60_th120_kc-10_ko-10,180.0,63.00000000000001,0.35,22.049999999999997,1.3999999999999997,37.800000000000004,9.45,0.20999999999999996,120.0,120.0,120.0,120.0,-10.0,-10.0,78.73217490352687,0.079323414400855,7.879136377584667,8.707113778578094e-13,8.97766649431048e-15,8.738292887106863e-13,1.047394424336223e-21,2.442902447431424e-20,9.45,1.3506942659240098,3.4499999999999993,2,center_curvature,125.0,4.62860543322554,2.0844257775545216,10.947886373838179
Ro180_q0.45_L36W_r0.45_th120_kc+0_ko+0,180.0,81.00000000000001,0.45,36.45,1.8,36.45,9.1125,0.2025,120.0,120.0,120.0,120.0,0.0,0.0,71.2778110110649,0.06727919154683204,9.289647893062847,9.089711854680332e-13,8.34785570708207e-15,9.118703653299558e-13,2.2260948552218853e-21,2.442902447431424e-20,9.112500000000002,1.2094840067152604,3.1125000000000007,2,center_curvature,125.0,9.51577009693067,2.2225156467480245,10.947568158516315
Ro120_q0.45_L30W_r0.60_th120_kc+0_ko+0,120.0,54.00000000000001,0.45,29.700000000000003,2.2,32.400000000000006,8.100000000000001,0.27,120.0,120.0,120.0,120.0,0.0,0.0,80.187537387448,0.06965173252972502,8.973215414753264,3.9783666905019916e-13,6.595836608064845e-15,4.0012737906455776e-13,6.595836608064845e-22,7.238229473870886e-21,8.100000000000001,1.2311303010574544,2.1000000000000014,2,outer_curvature,125.0,53.1270865370275,2.059839450237466,10.927574251538786
Ro120_q0.45_L24W_r0.60_th140_kc-10_ko-10,120.0,54.00000000000001,0.45,24.3,1.8,32.400000000000006,8.100000000000001,0.27,140.0,140.0,140.0,140.0,-10.0,-10.0,97.00857599869519,0.09034874029439219,6.917639338008488,3.980050747550584e-13,6.595836608064845e-15,4.00295784769417e-13,6.595836608064845e-22,7.238229473870886e-21,8.100000000000001,1.2031209415515964,2.1000000000000014,2,center_curvature,125.0,2.206072370131414,1.818909170053118,10.925528633047776
Ro150_q0.35_L24W_r0.60_th120_kc+10_ko+10,150.0,52.5,0.35,23.625,1.8,31.499999999999996,7.874999999999999,0.20999999999999996,120.0,120.0,120.0,120.0,10.0,10.0,72.47860988423227,0.05939041546476507,10.5235835632569,6.097991455402405e-13,6.2344906210489436e-15,6.119643614102939e-13,6.0613103260198075e-22,1.4137166941154074e-20,7.874999999999999,1.1697009153973852,1.8749999999999991,2,center_curvature,125.0,1.960348405430164,2.198772649035341,10.910565692140477
Ro150_q0.55_L37W_r0.45_th120_kc+10_ko+10,150.0,82.50000000000001,0.55,37.12500000000001,1.8,37.12500000000001,9.281250000000002,0.24750000000000003,120.0,120.0,120.0,120.0,10.0,10.0,59.98185081086372,0.05543372663275272,11.274724575899649,6.580835502469236e-13,8.659898324390695e-15,6.610911013725463e-13,2.3520711498345098e-21,1.4137166941154074e-20,9.281250000000004,1.231881858691469,3.2812500000000018,2,center_curvature,125.0,10.788948394835016,2.4813568822681376,10.908313536104249
Ro150_q0.35_L29W_r0.60_th140_kc-10_ko-10,150.0,52.5,0.35,28.875,2.2,31.499999999999996,7.874999999999999,0.20999999999999996,140.0,140.0,140.0,140.0,-10.0,-10.0,99.49453531294365,0.0910472816663705,6.8645651859241825,6.085882049337169e-13,6.2344906210489436e-15,6.107534208037703e-13,6.0613103260198075e-22,1.4137166941154074e-20,7.874999999999999,1.1969322371391915,1.8749999999999991,2,center_curvature,125.0,0.05443620479300531,1.7888308574098843,10.902536393806106
Ro120_q0.35_L15W_r0.75_th140_kc-10_ko-10,120.0,42.00000000000001,0.35,14.699999999999998,1.3999999999999997,31.500000000000004,7.875000000000001,0.2625,140.0,140.0,140.0,140.0,-10.0,-10.0,99.49453531294364,0.09104728166637051,6.864565185924182,3.8458314847632343e-13,6.234490621048946e-15,3.867483643463769e-13,3.103390886922143e-22,7.238229473870886e-21,7.875000000000002,1.1962397683296326,1.8750000000000009,2,center_curvature,125.0,1.0665319063885474,1.7888308574098843,10.901151456186987
Ro180_q0.45_L36W_r0.45_th120_kc+10_ko+10,180.0,81.00000000000001,0.45,36.45,1.8,36.45,9.1125,0.2025,120.0,120.0,120.0,120.0,10.0,10.0,61.2778110110649,0.055834418685192684,11.193812252687612,9.151779061099602e-13,8.34785570708207e-15,9.180770859718828e-13,2.2260948552218853e-21,2.442902447431424e-20,9.112500000000002,1.2094840067152604,3.1125000000000007,2,center_curvature,125.0,10.19854707611734,2.4479007550537446,10.876339977829911
Ro120_q0.45_L24W_r0.60_th120_kc+0_ko+0,120.0,54.00000000000001,0.45,24.3,1.8,32.400000000000006,8.100000000000001,0.27,120.0,120.0,120.0,120.0,0.0,0.0,80.187537387448,0.06965173252972502,8.973215414753264,3.965084663500006e-13,6.595836608064845e-15,3.987991763643592e-13,6.595836608064845e-22,7.238229473870886e-21,8.100000000000001,1.2031209415515964,2.1000000000000014,2,center_curvature,125.0,1.7777691576734636,2.059839450237466,10.87155553252707
Ro120_q0.45_L19W_r0.60_th120_kc+10_ko+10,120.0,54.00000000000001,0.45,18.9,1.4,32.400000000000006,8.100000000000001,0.27,120.0,120.0,120.0,120.0,10.0,10.0,70.187537387448,0.05864995328093067,10.656444976286302,4.012442276801289e-13,6.595836608064845e-15,4.035349376944875e-13,6.595836608064845e-22,7.238229473870886e-21,8.1,1.1577379422205798,2.1000000000000014,2,center_curvature,125.0,3.092912235291102,2.244623147968916,10.862944955904167
Ro150_q0.35_L24W_r0.60_th140_kc-10_ko-10,150.0,52.5,0.35,23.625,1.8,31.499999999999996,7.874999999999999,0.20999999999999996,140.0,140.0,140.0,140.0,-10.0,-10.0,99.49453531294365,0.0910472816663705,6.8645651859241825,6.07726666199158e-13,6.2344906210489436e-15,6.098918820692114e-13,6.0613103260198075e-22,1.4137166941154074e-20,7.874999999999999,1.1697009153973852,1.8749999999999991,2,center_curvature,125.0,2.0327662719806727,1.7888308574098843,10.848073750322492
Ro150_q0.35_L29W_r0.60_th120_kc+0_ko+0,150.0,52.5,0.35,28.875,2.2,31.499999999999996,7.874999999999999,0.20999999999999996,120.0,120.0,120.0,120.0,0.0,0.0,82.47860988423227,0.07029819116952479,8.890698175900518,6.07519598032934e-13,6.2344906210489436e-15,6.096848139029874e-13,6.0613103260198075e-22,1.4137166941154074e-20,7.874999999999999,1.1969322371391915,1.8749999999999991,2,outer_curvature,125.0,82.34013725563145,2.022522945251737,10.842674675931711
Ro120_q0.35_L15W_r0.75_th120_kc+0_ko+0,120.0,42.00000000000001,0.35,14.699999999999998,1.3999999999999997,31.500000000000004,7.875000000000001,0.2625,120.0,120.0,120.0,120.0,0.0,0.0,82.47860988423223,0.07029819116952479,8.890698175900518,3.83139031477613e-13,6.234490621048946e-15,3.853042473476665e-13,3.103390886922143e-22,7.238229473870886e-21,7.875000000000002,1.1962397683296326,1.8750000000000009,2,center_curvature,125.0,0.9586135854952589,2.0225229452508486,10.841289738312593
Ro120_q0.45_L19W_r0.60_th140_kc-10_ko-10,120.0,54.00000000000001,0.45,18.9,1.4,32.400000000000006,8.100000000000001,0.27,140.0,140.0,140.0,140.0,-10.0,-10.0,97.00857599869519,0.09034874029439219,6.917639338008488,4.006169679183744e-13,6.595836608064845e-15,4.02907677932733e-13,6.595836608064845e-22,7.238229473870886e-21,8.100000000000003,1.1577379422205798,2.1000000000000014,2,center_curvature,125.0,2.6133629714903726,1.818909170053118,10.834762634385743
Ro150_q0.55_L45W_r0.45_th120_kc-10_ko-10,150.0,82.50000000000001,0.55,45.37500000000001,2.1999999999999997,37.12500000000001,9.281250000000002,0.24750000000000003,120.0,120.0,120.0,120.0,-10.0,-10.0,79.98185081086372,0.07953900117524611,7.857780343795802,6.488429186467701e-13,8.659898324390695e-15,6.518504697723928e-13,2.3520711498345098e-21,1.4137166941154074e-20,9.281250000000004,1.294865410879319,3.2812500000000018,2,center_curvature,125.0,3.8646661212781894,2.0632715685486858,10.831957456991024
Ro150_q0.45_L37W_r0.45_th140_kc+0_ko+0,150.0,67.50000000000001,0.45,37.12500000000001,2.2,30.375000000000007,7.593750000000001,0.2025,140.0,140.0,140.0,140.0,0.0,0.0,92.80914773194154,0.07961006769399884,7.850765840350036,6.349015226324754e-13,5.797122018806993e-15,6.369148419810328e-13,1.2882493375126653e-21,1.4137166941154074e-20,7.593750000000001,1.059435336173988,1.5937500000000009,2,center_curvature,125.0,4.43180467123396,1.8725773298653436,10.824782722760869
Ro150_q0.35_L18W_r0.60_th120_kc+10_ko+10,150.0,52.5,0.35,18.374999999999996,1.3999999999999997,31.499999999999996,7.874999999999999,0.20999999999999996,120.0,120.0,120.0,120.0,10.0,10.0,72.47860988423227,0.05939041546476507,10.5235835632569,6.120683469657741e-13,6.2344906210489436e-15,6.142335628358275e-13,6.0613103260198075e-22,1.4137166941154074e-20,7.874999999999999,1.1255785549366746,1.8749999999999991,2,center_curvature,125.0,2.8401834660684786,2.198772649035341,10.822320971219057
Ro150_q0.55_L29W_r0.45_th140_kc-10_ko-10,150.0,82.50000000000001,0.55,28.875,1.4,37.12500000000001,9.281250000000002,0.24750000000000003,140.0,140.0,140.0,140.0,-10.0,-10.0,85.93475723522488,0.08755132495410489,7.13866980685478,6.649987523914185e-13,8.659898324390695e-15,6.680063035170412e-13,2.3520711498345098e-21,1.4137166941154074e-20,9.28125,1.1258109263173266,3.2812500000000018,2,center_curvature,125.0,7.617662725894205,1.969210783096642,10.815114696348495
Ro150_q0.55_L29W_r0.45_th120_kc+0_ko+0,150.0,82.50000000000001,0.55,28.875,1.4,37.12500000000001,9.281250000000002,0.24750000000000003,120.0,120.0,120.0,120.0,0.0,0.0,69.98185081086372,0.06695508164973879,9.334616351743906,6.627827829502528e-13,8.659898324390695e-15,6.657903340758755e-13,2.3520711498345098e-21,1.4137166941154074e-20,9.28125,1.1258109263173266,3.2812500000000018,2,center_curvature,125.0,9.282308285738598,2.2488543194878474,10.78921568945666
Ro150_q0.35_L24W_r0.60_th120_kc+0_ko+0,150.0,52.5,0.35,23.625,1.8,31.499999999999996,7.874999999999999,0.20999999999999996,120.0,120.0,120.0,120.0,0.0,0.0,82.47860988423227,0.07029819116952479,8.890698175900518,6.062641595238728e-13,6.2344906210489436e-15,6.084293753939262e-13,6.0613103260198075e-22,1.4137166941154074e-20,7.874999999999999,1.1697009153973852,1.8749999999999991,2,center_curvature,125.0,1.6336989792070007,2.022522945251737,10.788212032448099
Ro120_q0.45_L19W_r0.60_th120_kc+0_ko+0,120.0,54.00000000000001,0.45,18.9,1.4,32.400000000000006,8.100000000000001,0.27,120.0,120.0,120.0,120.0,0.0,0.0,80.187537387448,0.06965173252972502,8.973215414753264,3.988666096370343e-13,6.595836608064845e-15,4.011573196513929e-13,6.595836608064845e-22,7.238229473870886e-21,8.100000000000001,1.1577379422205798,2.1000000000000014,2,center_curvature,125.0,3.011138501754955,2.059839450237466,10.780789533865038
Ro180_q0.45_L45W_r0.45_th120_kc-10_ko-10,180.0,81.00000000000001,0.45,44.550000000000004,2.2,36.45,9.1125,0.2025,120.0,120.0,120.0,120.0,-10.0,-10.0,81.2778110110649,0.07977245502162542,7.834784573579559,9.027121641519843e-13,8.34785570708207e-15,9.05611344013907e-13,2.2260948552218853e-21,2.442902447431424e-20,9.112499999999999,1.2713224034087858,3.1125000000000007,2,center_curvature,125.0,3.6950971005959135,2.0418752571282894,10.780272288006708
Ro180_q0.45_L28W_r0.45_th140_kc-10_ko-10,180.0,81.00000000000001,0.45,28.35,1.4,36.45,9.1125,0.2025,140.0,140.0,140.0,140.0,-10.0,-10.0,87.34095644328461,0.08787467973658453,7.112401454816298,9.198101097468765e-13,8.34785570708207e-15,9.22709289608799e-13,2.2260948552218853e-21,2.442902447431424e-20,9.112500000000004,1.1053416367479203,3.1125000000000007,2,center_curvature,125.0,7.211482038058538,1.9484737231714178,10.768922446801984
Ro120_q0.55_L36W_r0.45_th140_kc+0_ko+0,120.0,66.00000000000001,0.55,36.300000000000004,2.2,29.700000000000003,7.425000000000001,0.2475,140.0,140.0,140.0,140.0,0.0,0.0,94.91844654403113,0.08032119438376911,7.781258792216077,4.2098450405655356e-13,5.542334927610043e-15,4.229093367769521e-13,1.2042604287152686e-21,7.238229473870886e-21,7.425,1.0358923287034552,1.4250000000000007,2,center_curvature,125.0,4.142868165103598,1.8451535064194502,10.76379529819301
Ro150_q0.35_L18W_r0.60_th140_kc-10_ko-10,150.0,52.5,0.35,18.374999999999996,1.3999999999999997,31.499999999999996,7.874999999999999,0.20999999999999996,140.0,140.0,140.0,140.0,-10.0,-10.0,99.49453531294365,0.0910472816663705,6.8645651859241825,6.101958948847096e-13,6.2344906210489436e-15,6.12361110754763e-13,6.0613103260198075e-22,1.4137166941154074e-20,7.874999999999997,1.1255785549366746,1.8749999999999991,2,center_curvature,125.0,2.4028445549488167,1.7888308574098843,10.759829029401072
Ro180_q0.45_L28W_r0.45_th120_kc+0_ko+0,180.0,81.00000000000001,0.45,28.35,1.4,36.45,9.1125,0.2025,120.0,120.0,120.0,120.0,0.0,0.0,71.2778110110649,0.06727919154683204,9.289647893062847,9.17855490040554e-13,8.34785570708207e-15,9.207546699024766e-13,2.2260948552218853e-21,2.442902447431424e-20,9.112499999999994,1.1053416367479203,3.1125000000000007,2,center_curvature,125.0,8.785150356487009,2.2225156467480245,10.739283418581635
Ro150_q0.45_L37W_r0.45_th120_kc+10_ko+10,150.0,67.50000000000001,0.45,37.12500000000001,2.2,30.375000000000007,7.593750000000001,0.2025,120.0,120.0,120.0,120.0,10.0,10.0,75.53337321327787,0.060387742413791363,10.34978250581632,6.340827897007799e-13,5.797122018806993e-15,6.360961090493373e-13,1.2882493375126653e-21,1.4137166941154074e-20,7.593750000000001,1.059435336173988,1.5937500000000009,2,center_curvature,125.0,4.229624422725533,2.1410598950453164,10.721948996062524
Ro150_q0.45_L30W_r0.45_th140_kc+0_ko+0,150.0,67.50000000000001,0.45,30.375000000000004,1.7999999999999998,30.375000000000007,7.593750000000001,0.2025,140.0,140.0,140.0,140.0,0.0,0.0,92.80914773194154,0.07961006769399884,7.850765840350036,6.358493924933962e-13,5.797122018806993e-15,6.378627118419536e-13,1.2882493375126653e-21,1.4137166941154074e-20,7.593750000000001,1.0079033389293839,1.5937500000000009,2,center_curvature,125.0,5.110330157500554,1.8725773298653436,10.72171872827166
Ro150_q0.55_L37W_r0.45_th120_kc-10_ko-10,150.0,82.50000000000001,0.55,37.12500000000001,1.8,37.12500000000001,9.281250000000002,0.24750000000000003,120.0,120.0,120.0,120.0,-10.0,-10.0,79.98185081086372,0.07953900117524611,7.857780343795802,6.495957306240197e-13,8.659898324390695e-15,6.526032817496424e-13,2.3520711498345098e-21,1.4137166941154074e-20,9.281250000000004,1.231881858691469,3.2812500000000018,2,center_curvature,125.0,9.30649854934158,2.0632715685486858,10.705990352615324
Ro150_q0.35_L18W_r0.60_th120_kc+0_ko+0,150.0,52.5,0.35,18.374999999999996,1.3999999999999997,31.499999999999996,7.874999999999999,0.20999999999999996,120.0,120.0,120.0,120.0,0.0,0.0,82.47860988423227,0.07029819116952479,8.890698175900518,6.084931144055212e-13,6.2344906210489436e-15,6.106583302755746e-13,6.0613103260198075e-22,1.4137166941154074e-20,7.874999999999999,1.1255785549366746,1.8749999999999991,2,center_curvature,125.0,2.767115997427416,2.022522945251737,10.699967311526677
Ro150_q0.55_L29W_r0.45_th120_kc+10_ko+10,150.0,82.50000000000001,0.55,28.875,1.4,37.12500000000001,9.281250000000002,0.24750000000000003,120.0,120.0,120.0,120.0,10.0,10.0,59.98185081086372,0.05543372663275272,11.274724575899649,6.672576634557602e-13,8.659898324390695e-15,6.702652145813829e-13,2.3520711498345098e-21,1.4137166941154074e-20,9.281249999999995,1.1258109263173266,3.2812500000000018,2,center_curvature,125.0,9.448670432502091,2.4813568822681376,10.696171671355964
Ro120_q0.55_L36W_r0.45_th120_kc+10_ko+10,120.0,66.00000000000001,0.55,36.300000000000004,2.2,29.700000000000003,7.425000000000001,0.2475,120.0,120.0,120.0,120.0,10.0,10.0,77.47731351357965,0.06102826666517948,10.24115601101616,4.1989299923694336e-13,5.542334927610043e-15,4.218178319573419e-13,1.2042604287152686e-21,7.238229473870886e-21,7.425000000000002,1.0358923287034552,1.4250000000000007,2,center_curvature,125.0,3.9345927826468983,2.1062050092721663,10.695359757165878
Ro180_q0.45_L28W_r0.45_th120_kc+10_ko+10,180.0,81.00000000000001,0.45,28.35,1.4,36.45,9.1125,0.2025,120.0,120.0,120.0,120.0,10.0,10.0,61.2778110110649,0.055834418685192684,11.193812252687612,9.240223840102172e-13,8.34785570708207e-15,9.269215638721397e-13,2.2260948552218853e-21,2.442902447431424e-20,9.112499999999999,1.1053416367479203,3.1125000000000007,2,center_curvature,125.0,8.939732117004237,2.4479007550537446,10.668055237895231
Ro180_q0.45_L36W_r0.45_th120_kc-10_ko-10,180.0,81.00000000000001,0.45,36.45,1.8,36.45,9.1125,0.2025,120.0,120.0,120.0,120.0,-10.0,-10.0,81.2778110110649,0.07977245502162542,7.834784573579559,9.034416560397648e-13,8.34785570708207e-15,9.063408359016875e-13,2.2260948552218853e-21,2.442902447431424e-20,9.112500000000002,1.2094840067152604,3.1125000000000007,2,center_curvature,125.0,8.821040020765011,2.0418752571282894,10.656595494619657
Ro150_q0.45_L30W_r0.45_th120_kc+10_ko+10,150.0,67.50000000000001,0.45,30.375000000000004,1.7999999999999998,30.375000000000007,7.593750000000001,0.2025,120.0,120.0,120.0,120.0,10.0,10.0,75.53337321327787,0.060387742413791363,10.34978250581632,6.347900262428906e-13,5.797122018806993e-15,6.36803345591448e-13,1.2882493375126653e-21,1.4137166941154074e-20,7.593750000000001,1.0079033389293839,1.5937500000000009,2,center_curvature,125.0,5.836498039756333,2.1410598950453164,10.618885001573316
Ro150_q0.45_L37W_r0.45_th140_kc-10_ko-10,150.0,67.50000000000001,0.45,37.12500000000001,2.2,30.375000000000007,7.593750000000001,0.2025,140.0,140.0,140.0,140.0,-10.0,-10.0,102.80914773194154,0.09201330558333706,6.792495889998576,6.321047956862758e-13,5.797122018806993e-15,6.341181150348331e-13,1.2882493375126653e-21,1.4137166941154074e-20,7.593750000000003,1.059435336173988,1.5937500000000009,2,center_curvature,125.0,3.8754814714870967,1.7505201787449964,10.613128732690576
Ro120_q0.45_L24W_r0.60_th120_kc-10_ko-10,120.0,54.00000000000001,0.45,24.3,1.8,32.400000000000006,8.100000000000001,0.27,120.0,120.0,120.0,120.0,-10.0,-10.0,90.187537387448,0.08161691171500289,7.657726650849397,3.9445218363189025e-13,6.595836608064845e-15,3.9674289364624885e-13,6.595836608064845e-22,7.238229473870886e-21,8.100000000000001,1.2031209415515964,2.1000000000000014,2,center_curvature,125.0,1.4051743836537434,1.9080607296055874,10.608457779746296
Ro120_q0.35_L15W_r0.75_th120_kc-10_ko-10,120.0,42.00000000000001,0.35,14.699999999999998,1.3999999999999997,31.500000000000004,7.875000000000001,0.2625,120.0,120.0,120.0,120.0,-10.0,-10.0,92.47860988423223,0.08215032151136627,7.608004308461841,3.8115181580708847e-13,6.234490621048946e-15,3.833170316771419e-13,3.103390886922143e-22,7.238229473870886e-21,7.875000000000001,1.1962397683296326,1.8750000000000009,2,center_curvature,125.0,0.8753343971787044,1.8769638158966373,10.584750964824858
Ro120_q0.55_L36W_r0.45_th140_kc-10_ko-10,120.0,66.00000000000001,0.55,36.300000000000004,2.2,29.700000000000003,7.425000000000001,0.2475,140.0,140.0,140.0,140.0,-10.0,-10.0,104.91844654403113,0.09264740498503796,6.746006540614214,4.191616297194656e-13,5.542334927610043e-15,4.210864624398641e-13,1.2042604287152686e-21,7.238229473870886e-21,7.424999999999999,1.0358923287034552,1.4250000000000007,2,center_curvature,125.0,3.634457787231363,1.7271389487136801,10.55674484787264
Ro150_q0.45_L37W_r0.45_th120_kc+0_ko+0,150.0,67.50000000000001,0.45,37.12500000000001,2.2,30.375000000000007,7.593750000000001,0.2025,120.0,120.0,120.0,120.0,0.0,0.0,85.53337321327787,0.07118069036657008,8.7804711752772,6.305991378778407e-13,5.797122018806993e-15,6.32612457226398e-13,1.2882493375126653e-21,1.4137166941154074e-20,7.593749999999999,1.059435336173988,1.5937500000000009,2,center_curvature,125.0,3.291753973380934,1.9752280951487178,10.54563547387664
Ro150_q0.35_L24W_r0.60_th120_kc-10_ko-10,150.0,52.5,0.35,23.625,1.8,31.499999999999996,7.874999999999999,0.20999999999999996,120.0,120.0,120.0,120.0,-10.0,-10.0,92.47860988423227,0.08215032151136627,7.608004308461841,6.030854260908105e-13,6.2344906210489436e-15,6.052506419608639e-13,6.0613103260198075e-22,1.4137166941154074e-20,7.874999999999999,1.1697009153973852,1.8749999999999991,2,center_curvature,125.0,1.300898799356145,1.8769638158966373,10.531673258960364
Ro120_q0.45_L19W_r0.60_th120_kc-10_ko-10,120.0,54.00000000000001,0.45,18.9,1.4,32.400000000000006,8.100000000000001,0.27,120.0,120.0,120.0,120.0,-10.0,-10.0,90.187537387448,0.08161691171500289,7.657726650849397,3.9675521151211737e-13,6.595836608064845e-15,3.9904592152647597e-13,6.595836608064845e-22,7.238229473870886e-21,8.100000000000001,1.1577379422205798,2.1000000000000014,2,center_curvature,125.0,2.928636401875721,1.9080607296055874,10.517691781084263
Ro150_q0.45_L30W_r0.45_th140_kc-10_ko-10,150.0,67.50000000000001,0.45,30.375000000000004,1.7999999999999998,30.375000000000007,7.593750000000001,0.2025,140.0,140.0,140.0,140.0,-10.0,-10.0,102.80914773194154,0.09201330558333706,6.792495889998576,6.330184076769534e-13,5.797122018806993e-15,6.350317270255107e-13,1.2882493375126653e-21,1.4137166941154074e-20,7.593750000000001,1.0079033389293839,1.5937500000000009,2,center_curvature,125.0,4.911060956259676,1.7505201787449964,10.510064738201368
Ro150_q0.55_L29W_r0.45_th120_kc-10_ko-10,150.0,82.50000000000001,0.55,28.875,1.4,37.12500000000001,9.281250000000002,0.24750000000000003,120.0,120.0,120.0,120.0,-10.0,-10.0,79.98185081086372,0.07953900117524611,7.857780343795802,6.588314192568838e-13,8.659898324390695e-15,6.618389703825065e-13,2.3520711498345098e-21,1.4137166941154074e-20,9.281249999999995,1.1258109263173266,3.2812500000000018,2,center_curvature,125.0,9.116513793084106,2.0632715685486858,10.493848487867037
Ro120_q0.55_L36W_r0.45_th120_kc+0_ko+0,120.0,66.00000000000001,0.55,36.300000000000004,2.2,29.700000000000003,7.425000000000001,0.2475,120.0,120.0,120.0,120.0,0.0,0.0,87.47731351357965,0.07175386446522404,8.710332253991842,4.1767935962750453e-13,5.542334927610043e-15,4.1960419234790306e-13,1.2042604287152686e-21,7.238229473870886e-21,7.425000000000002,1.0358923287034552,1.4250000000000007,2,center_curvature,125.0,3.0771446195802734,1.9464907946460386,10.484521674678504
Ro180_q0.45_L28W_r0.45_th120_kc-10_ko-10,180.0,81.00000000000001,0.45,28.35,1.4,36.45,9.1125,0.2025,120.0,120.0,120.0,120.0,-10.0,-10.0,81.2778110110649,0.07977245502162542,7.834784573579559,9.123444176157082e-13,8.34785570708207e-15,9.152435974776308e-13,2.2260948552218853e-21,2.442902447431424e-20,9.112499999999999,1.1053416367479203,3.1125000000000007,2,center_curvature,125.0,8.631086454906526,2.0418752571282894,10.448310754684977
Ro150_q0.35_L18W_r0.60_th120_kc-10_ko-10,150.0,52.5,0.35,18.374999999999996,1.3999999999999997,31.499999999999996,7.874999999999999,0.20999999999999996,120.0,120.0,120.0,120.0,-10.0,-10.0,92.47860988423227,0.08215032151136627,7.608004308461841,6.052638807267273e-13,6.2344906210489436e-15,6.074290965967807e-13,6.0613103260198075e-22,1.4137166941154074e-20,7.875000000000001,1.1255785549366746,1.8749999999999991,2,center_curvature,125.0,2.6934158592858974,1.8769638158966373,10.443428538038942
Ro150_q0.45_L30W_r0.45_th120_kc+0_ko+0,150.0,67.50000000000001,0.45,30.375000000000004,1.7999999999999998,30.375000000000007,7.593750000000001,0.2025,120.0,120.0,120.0,120.0,0.0,0.0,85.53337321327787,0.07118069036657008,8.7804711752772,6.312299899095205e-13,5.797122018806993e-15,6.332433092580779e-13,1.2882493375126653e-21,1.4137166941154074e-20,7.593750000000001,1.0079033389293839,1.5937500000000009,2,center_curvature,125.0,5.5068122799824994,1.9752280951487178,10.442571479387432
Ro120_q0.55_L36W_r0.60_th140_kc-10_ko-10,120.0,66.00000000000001,0.55,36.300000000000004,2.2,39.6,9.9,0.33,140.0,140.0,140.0,140.0,-10.0,-10.0,81.18883490802334,0.08654045482601828,7.222055872672563,4.1037754219493883e-13,9.85303987130674e-15,4.1379946703120286e-13,1.2042604287152686e-21,7.238229473870886e-21,9.9,1.5047148124035554,3.9000000000000004,1,outer_curvature,125.0,51.07295167902547,2.043327084927493,10.389599681684508
Ro150_q0.45_L37W_r0.45_th120_kc-10_ko-10,150.0,67.50000000000001,0.45,37.12500000000001,2.2,30.375000000000007,7.593750000000001,0.2025,120.0,120.0,120.0,120.0,-10.0,-10.0,95.53337321327787,0.0828941248090854,7.539738207495961,6.274666682567629e-13,5.797122018806993e-15,6.294799876053203e-13,1.2882493375126653e-21,1.4137166941154074e-20,7.593750000000001,1.059435336173988,1.5937500000000009,2,center_curvature,125.0,2.332779758242209,1.8373384881112953,10.297488880320394
Ro120_q0.55_L36W_r0.45_th120_kc-10_ko-10,120.0,66.00000000000001,0.55,36.300000000000004,2.2,29.700000000000003,7.425000000000001,0.2475,120.0,120.0,120.0,120.0,-10.0,-10.0,97.47731351357965,0.08338559703620962,7.495299214906359,4.1571206392027783e-13,5.542334927610043e-15,4.1763689664067635e-13,1.2042604287152686e-21,7.238229473870886e-21,7.425000000000001,1.0358923287034552,1.4250000000000007,2,center_curvature,125.0,2.200833817742606,1.813145462993937,10.241515066861407
Ro180_q0.35_L35W_r0.60_th140_kc-10_ko-10,180.0,63.00000000000001,0.35,34.65,2.1999999999999997,37.800000000000004,9.45,0.20999999999999996,140.0,140.0,140.0,140.0,-10.0,-10.0,84.57877942745304,0.08724945462318331,7.163368558568954,8.756157356136716e-13,8.97766649431048e-15,8.787336464665485e-13,1.047394424336223e-21,2.442902447431424e-20,9.450000000000001,1.43631868456703,3.4499999999999993,1,outer_curvature,125.0,111.78301686609846,1.989718769259241,10.241069963190736
Ro150_q0.45_L30W_r0.45_th120_kc-10_ko-10,150.0,67.50000000000001,0.45,30.375000000000004,1.7999999999999998,30.375000000000007,7.593750000000001,0.2025,120.0,120.0,120.0,120.0,-10.0,-10.0,95.53337321327787,0.0828941248090854,7.539738207495961,6.279964831230699e-13,5.797122018806993e-15,6.300098024716272e-13,1.2882493375126653e-21,1.4137166941154074e-20,7.593750000000003,1.0079033389293839,1.5937500000000009,2,center_curvature,125.0,5.172321814433349,1.8373384881112953,10.194424885831186
