design_id,coordinate,dE_dq_J,dsigma_dq_Pa,drTJ_dq_m,dlnGamma_dq,energy_lowering_direction,directional_minus_dE_dq_J,directional_dsigma_dq_Pa,directional_drTJ_dq_m,directional_dlnGamma_dq,accessible_loading
Ro120_q0.35_L15W_r0.75_th120_kc-10_ko-10,center_outer_exchange,3.63725528702899e-14,0.0,0.0,0.0,-1.0,3.63725528702899e-14,-0.0,-0.0,-0.0,False
Ro120_q0.35_L15W_r0.75_th120_kc-10_ko-10,tj_radius,-2.8249828691912865e-14,-82478664.86998275,3.150002100000411e-08,-0.23847342904959046,1.0,2.8249828691912865e-14,-82478664.86998275,3.150002100000411e-08,-0.23847342904959046,False
Ro120_q0.35_L15W_r0.75_th120_kc-10_ko-10,center_curvature,8.753343971787044e-16,-125000000.0,0.0,-1.8769638158966373,-1.0,8.753343971787044e-16,125000000.0,-0.0,1.8769638158966373,True
Ro120_q0.35_L15W_r0.75_th120_kc-10_ko-10,outer_curvature,4.5648906264497155e-14,-125000000.0,0.0,-1.8769638158966373,-1.0,4.5648906264497155e-14,125000000.0,-0.0,1.8769638158966373,True
Ro120_q0.35_L15W_r0.75_th120_kc-10_ko-10,center_angle,7.84368850619393e-16,11904759.920638055,0.0,0.1787582323810044,-1.0,7.84368850619393e-16,-11904759.920638055,-0.0,-0.1787582323810044,False
Ro120_q0.35_L15W_r0.75_th120_kc-10_ko-10,outer_angle,9.793328952319255e-15,11904759.920638055,0.0,0.1787582323810044,-1.0,9.793328952319255e-15,-11904759.920638055,-0.0,-0.1787582323810044,False
Ro120_q0.35_L15W_r0.75_th120_kc-10_ko-10,gb_spacing,-4.895250499040319e-15,0.0,0.0,0.0,1.0,4.895250499040319e-15,0.0,0.0,0.0,False
Ro120_q0.35_L15W_r0.75_th120_kc+0_ko+0,center_outer_exchange,3.682870647048848e-14,0.0,0.0,0.0,-1.0,3.682870647048848e-14,-0.0,-0.0,-0.0,False
Ro120_q0.35_L15W_r0.75_th120_kc+0_ko+0,tj_radius,-2.6985005676031888e-14,-82478664.86998275,3.150002100000411e-08,-0.33451702573694675,1.0,2.6985005676031888e-14,-82478664.86998275,3.150002100000411e-08,-0.33451702573694675,False
Ro120_q0.35_L15W_r0.75_th120_kc+0_ko+0,center_curvature,9.586135854952589e-16,-125000000.0,0.0,-2.0225229452508486,-1.0,9.586135854952589e-16,125000000.0,-0.0,2.0225229452508486,True
Ro120_q0.35_L15W_r0.75_th120_kc+0_ko+0,outer_curvature,5.185133903649949e-14,-125000000.0,0.0,-2.0225229452508486,-1.0,5.185133903649949e-14,125000000.0,-0.0,2.0225229452508486,True
Ro120_q0.35_L15W_r0.75_th120_kc+0_ko+0,center_angle,8.155102714942718e-16,11904759.920638055,0.0,0.19262093372152123,-1.0,8.155102714942718e-16,-11904759.920638055,-0.0,-0.19262093372152123,False
Ro120_q0.35_L15W_r0.75_th120_kc+0_ko+0,outer_angle,9.169404358118296e-15,11904759.920638055,0.0,0.19262093372152123,-1.0,9.169404358118296e-15,-11904759.920638055,-0.0,-0.19262093372152123,False
Ro120_q0.35_L15W_r0.75_th120_kc+0_ko+0,gb_spacing,-5.09764623829671e-15,0.0,0.0,0.0,1.0,5.09764623829671e-15,0.0,0.0,0.0,False
Ro120_q0.35_L15W_r0.75_th120_kc+10_ko+10,center_outer_exchange,3.725282542364419e-14,0.0,0.0,0.0,-1.0,3.725282542364419e-14,-0.0,-0.0,-0.0,False
Ro120_q0.35_L15W_r0.75_th120_kc+10_ko+10,tj_radius,-2.5092710127728497e-14,-82478664.86998275,3.150002100000411e-08,-0.4508108964195179,1.0,2.5092710127728497e-14,-82478664.86998275,3.150002100000411e-08,-0.4508108964195179,False
Ro120_q0.35_L15W_r0.75_th120_kc+10_ko+10,center_curvature,1.0406474761188088e-15,-125000000.0,0.0,-2.198772649035341,-1.0,1.0406474761188088e-15,125000000.0,-0.0,2.198772649035341,True
Ro120_q0.35_L15W_r0.75_th120_kc+10_ko+10,outer_curvature,5.790850239486462e-14,-125000000.0,0.0,-2.198772649035341,-1.0,5.790850239486462e-14,125000000.0,-0.0,2.198772649035341,True
Ro120_q0.35_L15W_r0.75_th120_kc+10_ko+10,center_angle,8.400240520031954e-16,11904759.920638055,0.0,0.20940650719047937,-1.0,8.400240520031954e-16,-11904759.920638055,-0.0,-0.20940650719047937,False
Ro120_q0.35_L15W_r0.75_th120_kc+10_ko+10,outer_angle,8.095802624609888e-15,11904759.920638055,0.0,0.20940650719047937,-1.0,8.095802624609888e-15,-11904759.920638055,-0.0,-0.20940650719047937,False
Ro120_q0.35_L15W_r0.75_th120_kc+10_ko+10,gb_spacing,-5.279253694627778e-15,0.0,0.0,0.0,1.0,5.279253694627778e-15,0.0,0.0,0.0,False
Ro120_q0.35_L15W_r0.75_th140_kc-10_ko-10,center_outer_exchange,3.960793638447716e-14,0.0,0.0,0.0,-1.0,3.960793638447716e-14,-0.0,-0.0,-0.0,False
Ro120_q0.35_L15W_r0.75_th140_kc-10_ko-10,tj_radius,-2.7721297613011965e-14,-89494594.97597814,3.150002100000411e-08,-0.28072334194229054,1.0,2.7721297613011965e-14,-89494594.97597814,3.150002100000411e-08,-0.28072334194229054,False
Ro120_q0.35_L15W_r0.75_th140_kc-10_ko-10,center_curvature,1.0665319063885475e-15,-125000000.0,0.0,-1.7888308574098843,-1.0,1.0665319063885475e-15,125000000.0,-0.0,1.7888308574098843,True
Ro120_q0.35_L15W_r0.75_th140_kc-10_ko-10,outer_curvature,4.232275015584634e-14,-125000000.0,0.0,-1.7888308574098843,-1.0,4.232275015584634e-14,125000000.0,-0.0,1.7888308574098843,True
Ro120_q0.35_L15W_r0.75_th140_kc-10_ko-10,center_angle,9.911640441220848e-16,8143335.388630629,0.0,0.1165362873924991,-1.0,9.911640441220848e-16,-8143335.388630629,-0.0,-0.1165362873924991,False
Ro120_q0.35_L15W_r0.75_th140_kc-10_ko-10,outer_angle,8.11477505911169e-15,8143335.388630629,0.0,0.1165362873924991,-1.0,8.11477505911169e-15,-8143335.388630629,-0.0,-0.1165362873924991,False
Ro120_q0.35_L15W_r0.75_th140_kc-10_ko-10,gb_spacing,-6.2568956948452456e-15,0.0,0.0,0.0,1.0,6.2568956948452456e-15,0.0,0.0,0.0,False
Ro120_q0.35_L15W_r0.75_th140_kc+0_ko+0,center_outer_exchange,3.9855898085096723e-14,0.0,0.0,0.0,-1.0,3.9855898085096723e-14,-0.0,-0.0,-0.0,False
Ro120_q0.35_L15W_r0.75_th140_kc+0_ko+0,tj_radius,-2.6116715373140988e-14,-89494594.97597814,3.150002100000411e-08,-0.37299682193692174,1.0,2.6116715373140988e-14,-89494594.97597814,3.150002100000411e-08,-0.37299682193692174,False
Ro120_q0.35_L15W_r0.75_th140_kc+0_ko+0,center_curvature,1.1134949354671293e-15,-125000000.0,0.0,-1.9177128982638125,-1.0,1.1134949354671293e-15,125000000.0,-0.0,1.9177128982638125,True
Ro120_q0.35_L15W_r0.75_th140_kc+0_ko+0,outer_curvature,4.600658390005885e-14,-125000000.0,0.0,-1.9177128982638125,-1.0,4.600658390005885e-14,125000000.0,-0.0,1.9177128982638125,True
Ro120_q0.35_L15W_r0.75_th140_kc+0_ko+0,center_angle,1.0047580955530528e-15,8143335.388630629,0.0,0.12493248848421956,-1.0,1.0047580955530528e-15,-8143335.388630629,-0.0,-0.12493248848421956,False
Ro120_q0.35_L15W_r0.75_th140_kc+0_ko+0,outer_angle,7.720093185474016e-15,8143335.388630629,0.0,0.12493248848421956,-1.0,7.720093185474016e-15,-8143335.388630629,-0.0,-0.12493248848421956,False
Ro120_q0.35_L15W_r0.75_th140_kc+0_ko+0,gb_spacing,-6.336812529075246e-15,0.0,0.0,0.0,1.0,6.336812529075246e-15,0.0,0.0,0.0,False
Ro120_q0.35_L15W_r0.75_th140_kc+10_ko+10,center_outer_exchange,4.0086088918826036e-14,0.0,0.0,0.0,-1.0,4.0086088918826036e-14,-0.0,-0.0,-0.0,False
Ro120_q0.35_L15W_r0.75_th140_kc+10_ko+10,tj_radius,-2.4131687276980297e-14,-89494594.97597814,3.150002100000411e-08,-0.4830714083036147,1.0,2.4131687276980297e-14,-89494594.97597814,3.150002100000411e-08,-0.4830714083036147,False
Ro120_q0.35_L15W_r0.75_th140_kc+10_ko+10,center_curvature,1.1599723754221078e-15,-125000000.0,0.0,-2.071458595025999,-1.0,1.1599723754221078e-15,125000000.0,-0.0,2.071458595025999,True
Ro120_q0.35_L15W_r0.75_th140_kc+10_ko+10,outer_curvature,4.964039230979152e-14,-125000000.0,0.0,-2.071458595025999,-1.0,4.964039230979152e-14,125000000.0,-0.0,2.071458595025999,True
Ro120_q0.35_L15W_r0.75_th140_kc+10_ko+10,center_angle,1.0159490982958006e-15,8143335.388630629,0.0,0.13494845592987303,-1.0,1.0159490982958006e-15,-8143335.388630629,-0.0,-0.13494845592987303,False
Ro120_q0.35_L15W_r0.75_th140_kc+10_ko+10,outer_angle,7.157970076838476e-15,8143335.388630629,0.0,0.13494845592987303,-1.0,7.157970076838476e-15,-8143335.388630629,-0.0,-0.13494845592987303,False
Ro120_q0.35_L15W_r0.75_th140_kc+10_ko+10,gb_spacing,-6.40513430199312e-15,0.0,0.0,0.0,1.0,6.40513430199312e-15,0.0,0.0,0.0,False
Ro120_q0.35_L15W_r0.75_th160_kc-10_ko-10,center_outer_exchange,4.1734118657020355e-14,0.0,0.0,0.0,-1.0,4.1734118657020355e-14,-0.0,-0.0,-0.0,False
Ro120_q0.35_L15W_r0.75_th160_kc-10_ko-10,tj_radius,-2.611799068701668e-14,-93791277.10007876,3.150002100000411e-08,-0.30522800172450015,1.0,2.611799068701668e-14,-93791277.10007876,3.150002100000411e-08,-0.30522800172450015,False
Ro120_q0.35_L15W_r0.75_th160_kc-10_ko-10,center_curvature,1.1882899613764213e-15,-125000000.0,0.0,-1.7395409513127902,-1.0,1.1882899613764213e-15,125000000.0,-0.0,1.7395409513127902,True
Ro120_q0.35_L15W_r0.75_th160_kc-10_ko-10,outer_curvature,4.07238537889996e-14,-125000000.0,0.0,-1.7395409513127902,-1.0,4.07238537889996e-14,125000000.0,-0.0,1.7395409513127902,True
Ro120_q0.35_L15W_r0.75_th160_kc-10_ko-10,center_angle,1.1266588173609221e-15,4134479.7315634787,0.0,0.05753672504749119,-1.0,1.1266588173609221e-15,-4134479.7315634787,-0.0,-0.05753672504749119,False
Ro120_q0.35_L15W_r0.75_th160_kc-10_ko-10,outer_angle,6.806290192769683e-15,4134479.7315634787,0.0,0.05753672504749119,-1.0,6.806290192769683e-15,-4134479.7315634787,-0.0,-0.05753672504749119,False
Ro120_q0.35_L15W_r0.75_th160_kc-10_ko-10,gb_spacing,-7.015652206346782e-15,0.0,0.0,0.0,1.0,7.015652206346782e-15,0.0,0.0,0.0,False
Ro120_q0.35_L15W_r0.75_th160_kc+0_ko+0,center_outer_exchange,4.188019022956145e-14,0.0,0.0,0.0,-1.0,4.188019022956145e-14,-0.0,-0.0,-0.0,False
Ro120_q0.35_L15W_r0.75_th160_kc+0_ko+0,tj_radius,-2.4314358256297712e-14,-93791277.10007876,3.150002100000411e-08,-0.3953777751246612,1.0,2.4314358256297712e-14,-93791277.10007876,3.150002100000411e-08,-0.3953777751246612,False
Ro120_q0.35_L15W_r0.75_th160_kc+0_ko+0,center_curvature,1.2216778859483656e-15,-125000000.0,0.0,-1.8596883371460038,-1.0,1.2216778859483656e-15,125000000.0,-0.0,1.8596883371460038,True
Ro120_q0.35_L15W_r0.75_th160_kc+0_ko+0,outer_curvature,4.345847791312961e-14,-125000000.0,0.0,-1.8596883371460038,-1.0,4.345847791312961e-14,125000000.0,-0.0,1.8596883371460038,True
Ro120_q0.35_L15W_r0.75_th160_kc+0_ko+0,center_angle,1.1411215308410397e-15,4134479.7315634787,0.0,0.06151068481496935,-1.0,1.1411215308410397e-15,-4134479.7315634787,-0.0,-0.06151068481496935,False
Ro120_q0.35_L15W_r0.75_th160_kc+0_ko+0,outer_angle,6.7293210098115136e-15,4134479.7315634787,0.0,0.06151068481496935,-1.0,6.7293210098115136e-15,-4134479.7315634787,-0.0,-0.06151068481496935,False
Ro120_q0.35_L15W_r0.75_th160_kc+0_ko+0,gb_spacing,-7.033267284365898e-15,0.0,0.0,0.0,1.0,7.033267284365898e-15,0.0,0.0,0.0,False
Ro120_q0.35_L15W_r0.75_th160_kc+10_ko+10,center_outer_exchange,4.2014244228202246e-14,0.0,0.0,0.0,-1.0,4.2014244228202246e-14,-0.0,-0.0,-0.0,False
Ro120_q0.35_L15W_r0.75_th160_kc+10_ko+10,tj_radius,-2.2223014281544185e-14,-93791277.10007876,3.150002100000411e-08,-0.5020595221457702,1.0,2.2223014281544185e-14,-93791277.10007876,3.150002100000411e-08,-0.5020595221457702,False
Ro120_q0.35_L15W_r0.75_th160_kc+10_ko+10,center_curvature,1.2548124827974009e-15,-125000000.0,0.0,-2.0018688724877665,-1.0,1.2548124827974009e-15,125000000.0,-0.0,2.0018688724877665,True
Ro120_q0.35_L15W_r0.75_th160_kc+10_ko+10,outer_curvature,4.616846711010668e-14,-125000000.0,0.0,-2.0018688724877665,-1.0,4.616846711010668e-14,125000000.0,-0.0,2.0018688724877665,True
Ro120_q0.35_L15W_r0.75_th160_kc+10_ko+10,center_angle,1.1546860708467039e-15,4134479.7315634787,0.0,0.06621340196943937,-1.0,1.1546860708467039e-15,-4134479.7315634787,-0.0,-0.06621340196943937,False
Ro120_q0.35_L15W_r0.75_th160_kc+10_ko+10,outer_angle,6.591085926976819e-15,4134479.7315634787,0.0,0.06621340196943937,-1.0,6.591085926976819e-15,-4134479.7315634787,-0.0,-0.06621340196943937,False
Ro120_q0.35_L15W_r0.75_th160_kc+10_ko+10,gb_spacing,-7.042910667725476e-15,0.0,0.0,0.0,1.0,7.042910667725476e-15,0.0,0.0,0.0,False
Ro120_q0.35_L19W_r0.75_th140_kc-10_ko-10,center_outer_exchange,1.5918528810445815e-14,0.0,0.0,0.0,-1.0,1.5918528810445815e-14,-0.0,-0.0,-0.0,False
Ro120_q0.35_L19W_r0.75_th140_kc-10_ko-10,tj_radius,-1.6356866806139548e-14,-89494594.97597814,3.150002100000411e-08,-0.28072334194229054,1.0,1.6356866806139548e-14,-89494594.97597814,3.150002100000411e-08,-0.28072334194229054,False
Ro120_q0.35_L19W_r0.75_th140_kc-10_ko-10,center_curvature,-3.3009557417529916e-16,-125000000.0,0.0,-1.7888308574098843,1.0,3.3009557417529916e-16,-125000000.0,0.0,-1.7888308574098843,False
Ro120_q0.35_L19W_r0.75_th140_kc-10_ko-10,outer_curvature,4.232275015584634e-14,-125000000.0,0.0,-1.7888308574098843,-1.0,4.232275015584634e-14,125000000.0,-0.0,1.7888308574098843,True
Ro120_q0.35_L19W_r0.75_th140_kc-10_ko-10,center_angle,-2.136838153598721e-16,8143335.388630629,0.0,0.1165362873924991,1.0,2.136838153598721e-16,8143335.388630629,0.0,0.1165362873924991,True
Ro120_q0.35_L19W_r0.75_th140_kc-10_ko-10,outer_angle,8.11477505911169e-15,8143335.388630629,0.0,0.1165362873924991,-1.0,8.11477505911169e-15,-8143335.388630629,-0.0,-0.1165362873924991,False
Ro120_q0.35_L19W_r0.75_th140_kc-10_ko-10,gb_spacing,6.296147822716318e-15,0.0,0.0,0.0,-1.0,6.296147822716318e-15,-0.0,-0.0,-0.0,False
Ro120_q0.35_L19W_r0.75_th140_kc+0_ko+0,center_outer_exchange,1.661365825874123e-14,0.0,0.0,0.0,-1.0,1.661365825874123e-14,-0.0,-0.0,-0.0,False
Ro120_q0.35_L19W_r0.75_th140_kc+0_ko+0,tj_radius,-1.509365777808742e-14,-89494594.97597814,3.150002100000411e-08,-0.37299682193692174,1.0,1.509365777808742e-14,-89494594.97597814,3.150002100000411e-08,-0.37299682193692174,False
Ro120_q0.35_L19W_r0.75_th140_kc+0_ko+0,center_curvature,-1.5789801190640625e-16,-125000000.0,0.0,-1.9177128982638125,1.0,1.5789801190640625e-16,-125000000.0,0.0,-1.9177128982638125,False
Ro120_q0.35_L19W_r0.75_th140_kc+0_ko+0,outer_curvature,4.6006583900084096e-14,-125000000.0,0.0,-1.9177128982638125,-1.0,4.6006583900084096e-14,125000000.0,-0.0,1.9177128982638125,True
Ro120_q0.35_L19W_r0.75_th140_kc+0_ko+0,center_angle,-1.0116413151140493e-16,8143335.388630629,0.0,0.12493248848421956,1.0,1.0116413151140493e-16,8143335.388630629,0.0,0.12493248848421956,True
Ro120_q0.35_L19W_r0.75_th140_kc+0_ko+0,outer_angle,7.720093185474016e-15,8143335.388630629,0.0,0.12493248848421956,-1.0,7.720093185474016e-15,-8143335.388630629,-0.0,-0.12493248848421956,False
Ro120_q0.35_L19W_r0.75_th140_kc+0_ko+0,gb_spacing,5.947819963831148e-15,0.0,0.0,0.0,-1.0,5.947819963831148e-15,-0.0,-0.0,-0.0,False
Ro120_q0.35_L19W_r0.75_th140_kc+10_ko+10,center_outer_exchange,1.7283274834241745e-14,0.0,0.0,0.0,-1.0,1.7283274834241745e-14,-0.0,-0.0,-0.0,False
Ro120_q0.35_L19W_r0.75_th140_kc+10_ko+10,tj_radius,-1.3438372629799543e-14,-89494594.97597814,3.150002100000411e-08,-0.4830714083036147,1.0,1.3438372629799543e-14,-89494594.97597814,3.150002100000411e-08,-0.4830714083036147,False
Ro120_q0.35_L19W_r0.75_th140_kc+10_ko+10,center_curvature,1.3733173627548227e-17,-125000000.0,0.0,-2.071458595025999,-1.0,1.3733173627548227e-17,125000000.0,-0.0,2.071458595025999,True
Ro120_q0.35_L19W_r0.75_th140_kc+10_ko+10,outer_curvature,4.964039230981676e-14,-125000000.0,0.0,-2.071458595025999,-1.0,4.964039230981676e-14,125000000.0,-0.0,2.071458595025999,True
Ro120_q0.35_L19W_r0.75_th140_kc+10_ko+10,center_angle,3.490251284702127e-18,8143335.388630629,0.0,0.13494845592987303,-1.0,3.490251284702127e-18,-8143335.388630629,-0.0,-0.13494845592987303,False
Ro120_q0.35_L19W_r0.75_th140_kc+10_ko+10,outer_angle,7.157970076838476e-15,8143335.388630629,0.0,0.13494845592987303,-1.0,7.157970076838476e-15,-8143335.388630629,-0.0,-0.13494845592987303,False
Ro120_q0.35_L19W_r0.75_th140_kc+10_ko+10,gb_spacing,5.6272330457712085e-15,0.0,0.0,0.0,-1.0,5.6272330457712085e-15,-0.0,-0.0,-0.0,False
Ro120_q0.35_L19W_r0.75_th160_kc-10_ko-10,center_outer_exchange,2.0109797351783175e-14,0.0,0.0,0.0,-1.0,2.0109797351783175e-14,-0.0,-0.0,-0.0,False
Ro120_q0.35_L19W_r0.75_th160_kc-10_ko-10,tj_radius,-1.6464299879176772e-14,-93791277.10007876,3.150002100000411e-08,-0.30522800172450015,1.0,1.6464299879176772e-14,-93791277.10007876,3.150002100000411e-08,-0.30522800172450015,False
Ro120_q0.35_L19W_r0.75_th160_kc-10_ko-10,center_curvature,4.712155405759716e-16,-125000000.0,0.0,-1.7395409513127902,-1.0,4.712155405759716e-16,125000000.0,-0.0,1.7395409513127902,True
Ro120_q0.35_L19W_r0.75_th160_kc-10_ko-10,outer_curvature,4.07238537889996e-14,-125000000.0,0.0,-1.7395409513127902,-1.0,4.07238537889996e-14,125000000.0,-0.0,1.7395409513127902,True
Ro120_q0.35_L19W_r0.75_th160_kc-10_ko-10,center_angle,3.603031239915543e-16,4134479.7315634787,0.0,0.05753672504749119,-1.0,3.603031239915543e-16,-4134479.7315634787,-0.0,-0.05753672504749119,False
Ro120_q0.35_L19W_r0.75_th160_kc-10_ko-10,outer_angle,6.806290192769683e-15,4134479.7315634787,0.0,0.05753672504749119,-1.0,6.806290192769683e-15,-4134479.7315634787,-0.0,-0.05753672504749119,False
Ro120_q0.35_L19W_r0.75_th160_kc-10_ko-10,gb_spacing,4.480786054909257e-15,0.0,0.0,0.0,-1.0,4.480786054909257e-15,-0.0,-0.0,-0.0,False
Ro120_q0.35_L19W_r0.75_th160_kc+0_ko+0,center_outer_exchange,2.0611749707460236e-14,0.0,0.0,0.0,-1.0,2.0611749707460236e-14,-0.0,-0.0,-0.0,False
Ro120_q0.35_L19W_r0.75_th160_kc+0_ko+0,tj_radius,-1.4910266778373346e-14,-93791277.10007876,3.150002100000411e-08,-0.3953777751246612,1.0,1.4910266778373346e-14,-93791277.10007876,3.150002100000411e-08,-0.3953777751246612,False
Ro120_q0.35_L19W_r0.75_th160_kc+0_ko+0,center_curvature,5.971009569921901e-16,-125000000.0,0.0,-1.8596883371460038,-1.0,5.971009569921901e-16,125000000.0,-0.0,1.8596883371460038,True
Ro120_q0.35_L19W_r0.75_th160_kc+0_ko+0,outer_curvature,4.3458477913104366e-14,-125000000.0,0.0,-1.8596883371460038,-1.0,4.3458477913104366e-14,125000000.0,-0.0,1.8596883371460038,True
Ro120_q0.35_L19W_r0.75_th160_kc+0_ko+0,center_angle,4.3345002595279327e-16,4134479.7315634787,0.0,0.06151068481496935,-1.0,4.3345002595279327e-16,-4134479.7315634787,-0.0,-0.06151068481496935,False
Ro120_q0.35_L19W_r0.75_th160_kc+0_ko+0,outer_angle,6.7293210098115136e-15,4134479.7315634787,0.0,0.06151068481496935,-1.0,6.7293210098115136e-15,-4134479.7315634787,-0.0,-0.06151068481496935,False
Ro120_q0.35_L19W_r0.75_th160_kc+0_ko+0,gb_spacing,4.274526061676954e-15,0.0,0.0,0.0,-1.0,4.274526061676954e-15,-0.0,-0.0,-0.0,False
Ro120_q0.35_L19W_r0.75_th160_kc+10_ko+10,center_outer_exchange,2.1090821352106373e-14,0.0,0.0,0.0,-1.0,2.1090821352106373e-14,-0.0,-0.0,-0.0,False
Ro120_q0.35_L19W_r0.75_th160_kc+10_ko+10,tj_radius,-1.3057045990442475e-14,-93791277.10007876,3.150002100000411e-08,-0.5020595221457702,1.0,1.3057045990442475e-14,-93791277.10007876,3.150002100000411e-08,-0.5020595221457702,False
Ro120_q0.35_L19W_r0.75_th160_kc+10_ko+10,center_curvature,7.218708002688184e-16,-125000000.0,0.0,-2.0018688724877665,-1.0,7.218708002688184e-16,125000000.0,-0.0,2.0018688724877665,True
Ro120_q0.35_L19W_r0.75_th160_kc+10_ko+10,outer_curvature,4.616846711013192e-14,-125000000.0,0.0,-2.0018688724877665,-1.0,4.616846711013192e-14,125000000.0,-0.0,2.0018688724877665,True
Ro120_q0.35_L19W_r0.75_th160_kc+10_ko+10,center_angle,5.032480524185008e-16,4134479.7315634787,0.0,0.06621340196943937,-1.0,5.032480524185008e-16,-4134479.7315634787,-0.0,-0.06621340196943937,False
Ro120_q0.35_L19W_r0.75_th160_kc+10_ko+10,outer_angle,6.591085926951575e-15,4134479.7315634787,0.0,0.06621340196943937,-1.0,6.591085926951575e-15,-4134479.7315634787,-0.0,-0.06621340196943937,False
Ro120_q0.35_L19W_r0.75_th160_kc+10_ko+10,gb_spacing,4.09035741160416e-15,0.0,0.0,0.0,-1.0,4.09035741160416e-15,-0.0,-0.0,-0.0,False
Ro120_q0.45_L19W_r0.60_th120_kc-10_ko-10,center_outer_exchange,7.21305985545494e-14,0.0,0.0,0.0,-1.0,7.21305985545494e-14,-0.0,-0.0,-0.0,False
Ro120_q0.45_L19W_r0.60_th120_kc-10_ko-10,tj_radius,-3.649808508911688e-14,-80187590.84581211,3.2400021600003566e-08,-0.22401997096332948,1.0,3.649808508911688e-14,-80187590.84581211,3.2400021600003566e-08,-0.22401997096332948,False
Ro120_q0.45_L19W_r0.60_th120_kc-10_ko-10,center_curvature,2.928636401875721e-15,-125000000.0,0.0,-1.9080607296055874,-1.0,2.928636401875721e-15,125000000.0,-0.0,1.9080607296055874,True
Ro120_q0.45_L19W_r0.60_th120_kc-10_ko-10,outer_curvature,4.647518490102635e-14,-125000000.0,0.0,-1.9080607296055874,-1.0,4.647518490102635e-14,125000000.0,-0.0,1.9080607296055874,True
Ro120_q0.45_L19W_r0.60_th120_kc-10_ko-10,center_angle,2.0605366300349047e-15,11574072.145059705,0.0,0.17667205513038908,-1.0,2.0605366300349047e-15,-11574072.145059705,-0.0,-0.17667205513038908,False
Ro120_q0.45_L19W_r0.60_th120_kc-10_ko-10,outer_angle,9.91041677420746e-15,11574072.145059705,0.0,0.17667205513038908,-1.0,9.91041677420746e-15,-11574072.145059705,-0.0,-0.17667205513038908,False
Ro120_q0.45_L19W_r0.60_th120_kc-10_ko-10,gb_spacing,-1.8828842412449223e-14,0.0,0.0,0.0,1.0,1.8828842412449223e-14,0.0,0.0,0.0,False
Ro120_q0.45_L19W_r0.60_th120_kc+0_ko+0,center_outer_exchange,7.229365976643443e-14,0.0,0.0,0.0,-1.0,7.229365976643443e-14,-0.0,-0.0,-0.0,False
Ro120_q0.45_L19W_r0.60_th120_kc+0_ko+0,tj_radius,-3.502106853396288e-14,-80187590.84581211,3.2400021600003566e-08,-0.32138550856730674,1.0,3.502106853396288e-14,-80187590.84581211,3.2400021600003566e-08,-0.32138550856730674,False
Ro120_q0.45_L19W_r0.60_th120_kc+0_ko+0,center_curvature,3.011138501754955e-15,-125000000.0,0.0,-2.059839450237466,-1.0,3.011138501754955e-15,125000000.0,-0.0,2.059839450237466,True
Ro120_q0.45_L19W_r0.60_th120_kc+0_ko+0,outer_curvature,5.312708653706537e-14,-125000000.0,0.0,-2.059839450237466,-1.0,5.312708653706537e-14,125000000.0,-0.0,2.059839450237466,True
Ro120_q0.45_L19W_r0.60_th120_kc+0_ko+0,center_angle,2.0088238661138387e-15,11574072.145059705,0.0,0.19072556226262805,-1.0,2.0088238661138387e-15,-11574072.145059705,-0.0,-0.19072556226262805,False
Ro120_q0.45_L19W_r0.60_th120_kc+0_ko+0,outer_angle,9.317943354537419e-15,11574072.145059705,0.0,0.19072556226262805,-1.0,9.317943354537419e-15,-11574072.145059705,-0.0,-0.19072556226262805,False
Ro120_q0.45_L19W_r0.60_th120_kc+0_ko+0,gb_spacing,-1.882809812193271e-14,0.0,0.0,0.0,1.0,1.882809812193271e-14,0.0,0.0,0.0,False
Ro120_q0.45_L19W_r0.60_th120_kc+10_ko+10,center_outer_exchange,7.241754732476614e-14,0.0,0.0,0.0,-1.0,7.241754732476614e-14,-0.0,-0.0,-0.0,False
Ro120_q0.45_L19W_r0.60_th120_kc+10_ko+10,tj_radius,-3.2875482899417906e-14,-80187590.84581211,3.2400021600003566e-08,-0.4399234663411411,1.0,3.2875482899417906e-14,-80187590.84581211,3.2400021600003566e-08,-0.4399234663411411,False
Ro120_q0.45_L19W_r0.60_th120_kc+10_ko+10,center_curvature,3.092912235291102e-15,-125000000.0,0.0,-2.244623147968916,-1.0,3.092912235291102e-15,125000000.0,-0.0,2.244623147968916,True
Ro120_q0.45_L19W_r0.60_th120_kc+10_ko+10,outer_curvature,5.962673417851214e-14,-125000000.0,0.0,-2.244623147968916,-1.0,5.962673417851214e-14,125000000.0,-0.0,2.244623147968916,True
Ro120_q0.45_L19W_r0.60_th120_kc+10_ko+10,center_angle,1.951097218418626e-15,11574072.145059705,0.0,0.2078350417056285,-1.0,1.951097218418626e-15,-11574072.145059705,-0.0,-0.2078350417056285,False
Ro120_q0.45_L19W_r0.60_th120_kc+10_ko+10,outer_angle,8.244065395476058e-15,11574072.145059705,0.0,0.2078350417056285,-1.0,8.244065395476058e-15,-11574072.145059705,-0.0,-0.2078350417056285,False
Ro120_q0.45_L19W_r0.60_th120_kc+10_ko+10,gb_spacing,-1.8806135184288074e-14,0.0,0.0,0.0,1.0,1.8806135184288074e-14,0.0,0.0,0.0,False
Ro120_q0.45_L19W_r0.60_th140_kc-10_ko-10,center_outer_exchange,7.367832795069591e-14,0.0,0.0,0.0,-1.0,7.367832795069591e-14,-0.0,-0.0,-0.0,False
Ro120_q0.45_L19W_r0.60_th140_kc-10_ko-10,tj_radius,-3.4594923484001365e-14,-87008634.00442153,3.2400021600003566e-08,-0.26608417414886176,1.0,3.4594923484001365e-14,-87008634.00442153,3.2400021600003566e-08,-0.26608417414886176,False
Ro120_q0.45_L19W_r0.60_th140_kc-10_ko-10,center_curvature,2.6133629714903726e-15,-125000000.0,0.0,-1.818909170053118,-1.0,2.6133629714903726e-15,125000000.0,-0.0,1.818909170053118,True
Ro120_q0.45_L19W_r0.60_th140_kc-10_ko-10,outer_curvature,4.340505486786792e-14,-125000000.0,0.0,-1.818909170053118,-1.0,4.340505486786792e-14,125000000.0,-0.0,1.818909170053118,True
Ro120_q0.45_L19W_r0.60_th140_kc-10_ko-10,center_angle,1.9195442333478196e-15,7917131.627831608,0.0,0.11520423189015361,-1.0,1.9195442333478196e-15,-7917131.627831608,-0.0,-0.11520423189015361,False
Ro120_q0.45_L19W_r0.60_th140_kc-10_ko-10,outer_angle,8.288907829343691e-15,7917131.627831608,0.0,0.11520423189015361,-1.0,8.288907829343691e-15,-7917131.627831608,-0.0,-0.11520423189015361,False
Ro120_q0.45_L19W_r0.60_th140_kc-10_ko-10,gb_spacing,-1.923858195375381e-14,0.0,0.0,0.0,1.0,1.923858195375381e-14,0.0,0.0,0.0,False
Ro120_q0.45_L19W_r0.60_th140_kc+0_ko+0,center_outer_exchange,7.372518876218237e-14,0.0,0.0,0.0,-1.0,7.372518876218237e-14,-0.0,-0.0,-0.0,False
Ro120_q0.45_L19W_r0.60_th140_kc+0_ko+0,tj_radius,-3.281491857605453e-14,-87008634.00442153,3.2400021600003566e-08,-0.3596482473712248,1.0,3.281491857605453e-14,-87008634.00442153,3.2400021600003566e-08,-0.3596482473712248,False
Ro120_q0.45_L19W_r0.60_th140_kc+0_ko+0,center_curvature,2.6629909893216847e-15,-125000000.0,0.0,-1.9533277163540363,-1.0,2.6629909893216847e-15,125000000.0,-0.0,1.9533277163540363,True
Ro120_q0.45_L19W_r0.60_th140_kc+0_ko+0,outer_curvature,4.736061110400525e-14,-125000000.0,0.0,-1.9533277163540363,-1.0,4.736061110400525e-14,125000000.0,-0.0,1.9533277163540363,True
Ro120_q0.45_L19W_r0.60_th140_kc+0_ko+0,center_angle,1.8946654006518686e-15,7917131.627831608,0.0,0.12371786739162616,-1.0,1.8946654006518686e-15,-7917131.627831608,-0.0,-0.12371786739162616,False
Ro120_q0.45_L19W_r0.60_th140_kc+0_ko+0,outer_angle,7.906602557117459e-15,7917131.627831608,0.0,0.12371786739162616,-1.0,7.906602557117459e-15,-7917131.627831608,-0.0,-0.12371786739162616,False
Ro120_q0.45_L19W_r0.60_th140_kc+0_ko+0,gb_spacing,-1.9173615942115294e-14,0.0,0.0,0.0,1.0,1.9173615942115294e-14,0.0,0.0,0.0,False
Ro120_q0.45_L19W_r0.60_th140_kc+10_ko+10,center_outer_exchange,7.375009487936823e-14,0.0,0.0,0.0,-1.0,7.375009487936823e-14,-0.0,-0.0,-0.0,False
Ro120_q0.45_L19W_r0.60_th140_kc+10_ko+10,tj_radius,-3.062920454155547e-14,-87008634.00442153,3.2400021600003566e-08,-0.4718227218405424,1.0,3.062920454155547e-14,-87008634.00442153,3.2400021600003566e-08,-0.4718227218405424,False
Ro120_q0.45_L19W_r0.60_th140_kc+10_ko+10,center_curvature,2.7125206004280068e-15,-125000000.0,0.0,-2.1144830049654173,-1.0,2.7125206004280068e-15,125000000.0,-0.0,2.1144830049654173,True
Ro120_q0.45_L19W_r0.60_th140_kc+10_ko+10,outer_curvature,5.1264891704269177e-14,-125000000.0,0.0,-2.1144830049654173,-1.0,5.1264891704269177e-14,125000000.0,-0.0,2.1144830049654173,True
Ro120_q0.45_L19W_r0.60_th140_kc+10_ko+10,center_angle,1.8676230801308764e-15,7917131.627831608,0.0,0.133924908970795,-1.0,1.8676230801308764e-15,-7917131.627831608,-0.0,-0.133924908970795,False
Ro120_q0.45_L19W_r0.60_th140_kc+10_ko+10,outer_angle,7.345004264313569e-15,7917131.627831608,0.0,0.133924908970795,-1.0,7.345004264313569e-15,-7917131.627831608,-0.0,-0.133924908970795,False
Ro120_q0.45_L19W_r0.60_th140_kc+10_ko+10,gb_spacing,-1.9096542363728308e-14,0.0,0.0,0.0,1.0,1.9096542363728308e-14,0.0,0.0,0.0,False
Ro120_q0.45_L19W_r0.60_th160_kc-10_ko-10,center_outer_exchange,7.467635662696066e-14,0.0,0.0,0.0,-1.0,7.467635662696066e-14,-0.0,-0.0,-0.0,False
Ro120_q0.45_L19W_r0.60_th160_kc-10_ko-10,tj_radius,-3.197802214241501e-14,-91185963.84729818,3.2400021600003566e-08,-0.29048691918776015,1.0,3.197802214241501e-14,-91185963.84729818,3.2400021600003566e-08,-0.29048691918776015,False
Ro120_q0.45_L19W_r0.60_th160_kc-10_ko-10,center_curvature,2.507259646394495e-15,-125000000.0,0.0,-1.7690347296097642,-1.0,2.507259646394495e-15,125000000.0,-0.0,1.7690347296097642,True
Ro120_q0.45_L19W_r0.60_th160_kc-10_ko-10,outer_curvature,4.194382371408272e-14,-125000000.0,0.0,-1.7690347296097642,-1.0,4.194382371408272e-14,125000000.0,-0.0,1.7690347296097642,True
Ro120_q0.45_L19W_r0.60_th160_kc-10_ko-10,center_angle,1.8763434778919075e-15,4019633.0723538995,0.0,0.05688691232297316,-1.0,1.8763434778919075e-15,-4019633.0723538995,-0.0,-0.05688691232297316,False
Ro120_q0.45_L19W_r0.60_th160_kc-10_ko-10,outer_angle,7.003107697456764e-15,4019633.0723538995,0.0,0.05688691232297316,-1.0,7.003107697456764e-15,-4019633.0723538995,-0.0,-0.05688691232297316,False
Ro120_q0.45_L19W_r0.60_th160_kc-10_ko-10,gb_spacing,-1.933950626622364e-14,0.0,0.0,0.0,1.0,1.933950626622364e-14,0.0,0.0,0.0,False
Ro120_q0.45_L19W_r0.60_th160_kc+0_ko+0,center_outer_exchange,7.466659380205783e-14,0.0,0.0,0.0,-1.0,7.466659380205783e-14,-0.0,-0.0,-0.0,False
Ro120_q0.45_L19W_r0.60_th160_kc+0_ko+0,tj_radius,-3.0013832030130354e-14,-91185963.84729818,3.2400021600003566e-08,-0.3819087752030548,1.0,3.0013832030130354e-14,-91185963.84729818,3.2400021600003566e-08,-0.3819087752030548,False
Ro120_q0.45_L19W_r0.60_th160_kc+0_ko+0,center_curvature,2.544997125469082e-15,-125000000.0,0.0,-1.8943587390189975,-1.0,2.544997125469082e-15,125000000.0,-0.0,1.8943587390189975,True
Ro120_q0.45_L19W_r0.60_th160_kc+0_ko+0,outer_curvature,4.488369141276959e-14,-125000000.0,0.0,-1.8943587390189975,-1.0,4.488369141276959e-14,125000000.0,-0.0,1.8943587390189975,True
Ro120_q0.45_L19W_r0.60_th160_kc+0_ko+0,center_angle,1.8752480480694075e-15,4019633.0723538995,0.0,0.06091694772347722,-1.0,1.8752480480694075e-15,-4019633.0723538995,-0.0,-0.06091694772347722,False
Ro120_q0.45_L19W_r0.60_th160_kc+0_ko+0,outer_angle,6.939446594662768e-15,4019633.0723538995,0.0,0.06091694772347722,-1.0,6.939446594662768e-15,-4019633.0723538995,-0.0,-0.06091694772347722,False
Ro120_q0.45_L19W_r0.60_th160_kc+0_ko+0,gb_spacing,-1.9239345853863056e-14,0.0,0.0,0.0,1.0,1.9239345853863056e-14,0.0,0.0,0.0,False
Ro120_q0.45_L19W_r0.60_th160_kc+10_ko+10,center_outer_exchange,7.464136320399063e-14,0.0,0.0,0.0,-1.0,7.464136320399063e-14,-0.0,-0.0,-0.0,False
Ro120_q0.45_L19W_r0.60_th160_kc+10_ko+10,tj_radius,-2.774250183958604e-14,-91185963.84729818,3.2400021600003566e-08,-0.49061363050784124,1.0,2.774250183958604e-14,-91185963.84729818,3.2400021600003566e-08,-0.49061363050784124,False
Ro120_q0.45_L19W_r0.60_th160_kc+10_ko+10,center_curvature,2.58278264015221e-15,-125000000.0,0.0,-2.0433749666324275,-1.0,2.58278264015221e-15,125000000.0,-0.0,2.0433749666324275,True
Ro120_q0.45_L19W_r0.60_th160_kc+10_ko+10,outer_curvature,4.779946003185638e-14,-125000000.0,0.0,-2.0433749666324275,-1.0,4.779946003185638e-14,125000000.0,-0.0,2.0433749666324275,True
Ro120_q0.45_L19W_r0.60_th160_kc+10_ko+10,center_angle,1.8734203181889634e-15,4019633.0723538995,0.0,0.06570884699375057,-1.0,1.8734203181889634e-15,-4019633.0723538995,-0.0,-0.06570884699375057,False
Ro120_q0.45_L19W_r0.60_th160_kc+10_ko+10,outer_angle,6.810368342000291e-15,4019633.0723538995,0.0,0.06570884699375057,-1.0,6.810368342000291e-15,-4019633.0723538995,-0.0,-0.06570884699375057,False
Ro120_q0.45_L19W_r0.60_th160_kc+10_ko+10,gb_spacing,-1.9130427563596683e-14,0.0,0.0,0.0,1.0,1.9130427563596683e-14,0.0,0.0,0.0,False
Ro120_q0.45_L19W_r0.75_th120_kc-10_ko-10,center_outer_exchange,5.242875904966417e-14,0.0,0.0,0.0,-1.0,5.242875904966417e-14,-0.0,-0.0,-0.0,False
Ro120_q0.45_L19W_r0.75_th120_kc-10_ko-10,tj_radius,-4.364056186830657e-14,-64150072.676654905,4.0500027000005285e-08,-0.111965673384673,1.0,4.364056186830657e-14,-64150072.676654905,4.0500027000005285e-08,-0.111965673384673,False
Ro120_q0.45_L19W_r0.75_th120_kc-10_ko-10,center_curvature,1.8093385504957405e-15,-124999999.99999627,0.0,-2.166732701474494,-1.0,1.8093385504957405e-15,124999999.99999627,-0.0,2.166732701474494,True
Ro120_q0.45_L19W_r0.75_th120_kc-10_ko-10,outer_curvature,5.134283333085793e-14,-125000000.0,0.0,-2.1667327014763815,-1.0,5.134283333085793e-14,125000000.0,-0.0,2.1667327014763815,True
Ro120_q0.45_L19W_r0.75_th120_kc-10_ko-10,center_angle,1.279853977741106e-15,9259257.716048509,0.0,0.1604984085039618,-1.0,1.279853977741106e-15,-9259257.716048509,-0.0,-0.1604984085039618,False
Ro120_q0.45_L19W_r0.75_th120_kc-10_ko-10,outer_angle,1.0520070735364311e-14,9259257.716048509,0.0,0.1604984085039618,-1.0,1.0520070735364311e-14,-9259257.716048509,-0.0,-0.1604984085039618,False
Ro120_q0.45_L19W_r0.75_th120_kc-10_ko-10,gb_spacing,-7.990172143422176e-15,0.0,0.0,0.0,1.0,7.990172143422176e-15,0.0,0.0,0.0,False
Ro120_q0.45_L19W_r0.75_th120_kc+0_ko+0,center_outer_exchange,5.3343341164123206e-14,0.0,0.0,0.0,-1.0,5.3343341164123206e-14,-0.0,-0.0,-0.0,False
Ro120_q0.45_L19W_r0.75_th120_kc+0_ko+0,tj_radius,-4.311431232327271e-14,-64150072.67665304,4.0500027000005285e-08,-0.22015853539547603,1.0,4.311431232327271e-14,-64150072.67665304,4.0500027000005285e-08,-0.22015853539547603,False
Ro120_q0.45_L19W_r0.75_th120_kc+0_ko+0,center_curvature,2.0374024977032353e-15,-125000000.0,0.0,-2.3775545225143135,-1.0,2.0374024977032353e-15,125000000.0,-0.0,2.3775545225143135,True
Ro120_q0.45_L19W_r0.75_th120_kc+0_ko+0,outer_curvature,6.293590701426732e-14,-125000000.0,0.0,-2.3775545225143135,-1.0,6.293590701426732e-14,125000000.0,-0.0,2.3775545225143135,True
Ro120_q0.45_L19W_r0.75_th120_kc+0_ko+0,center_angle,1.3480884079795541e-15,9259257.716050372,0.0,0.17611470579559363,-1.0,1.3480884079795541e-15,-9259257.716050372,-0.0,-0.17611470579559363,False
Ro120_q0.45_L19W_r0.75_th120_kc+0_ko+0,outer_angle,1.0397476140629753e-14,9259257.716050372,0.0,0.17611470579559363,-1.0,1.0397476140629753e-14,-9259257.716050372,-0.0,-0.17611470579559363,False
Ro120_q0.45_L19W_r0.75_th120_kc+0_ko+0,gb_spacing,-8.426721332692758e-15,0.0,0.0,0.0,1.0,8.426721332692758e-15,0.0,0.0,0.0,False
Ro120_q0.45_L19W_r0.75_th120_kc+10_ko+10,center_outer_exchange,5.4160801535267614e-14,0.0,0.0,0.0,-1.0,5.4160801535267614e-14,-0.0,-0.0,-0.0,False
Ro120_q0.45_L19W_r0.75_th120_kc+10_ko+10,tj_radius,-4.1391493102084474e-14,-64150072.67665304,4.0500027000005285e-08,-0.358516155568811,1.0,4.1391493102084474e-14,-64150072.67665304,4.0500027000005285e-08,-0.358516155568811,False
Ro120_q0.45_L19W_r0.75_th120_kc+10_ko+10,center_curvature,2.2610922762439053e-15,-125000000.0,0.0,-2.6471553926139535,-1.0,2.2610922762439053e-15,125000000.0,-0.0,2.6471553926139535,True
Ro120_q0.45_L19W_r0.75_th120_kc+10_ko+10,outer_curvature,7.431081104219734e-14,-125000000.0,0.0,-2.6471553926139535,-1.0,7.431081104219734e-14,125000000.0,-0.0,2.6471553926139535,True
Ro120_q0.45_L19W_r0.75_th120_kc+10_ko+10,center_angle,1.398212019684988e-15,9259257.716050372,0.0,0.19608490600298012,-1.0,1.398212019684988e-15,-9259257.716050372,-0.0,-0.19608490600298012,False
Ro120_q0.45_L19W_r0.75_th120_kc+10_ko+10,outer_angle,9.445082839770166e-15,9259257.716050372,0.0,0.19608490600298012,-1.0,9.445082839770166e-15,-9259257.716050372,-0.0,-0.19608490600298012,False
Ro120_q0.45_L19W_r0.75_th120_kc+10_ko+10,gb_spacing,-8.80646693687212e-15,0.0,0.0,0.0,1.0,8.80646693687212e-15,0.0,0.0,0.0,False
Ro120_q0.45_L19W_r0.75_th140_kc-10_ko-10,center_outer_exchange,5.778103852587509e-14,0.0,0.0,0.0,-1.0,5.778103852587509e-14,-0.0,-0.0,-0.0,False
Ro120_q0.45_L19W_r0.75_th140_kc-10_ko-10,tj_radius,-4.468270077646482e-14,-69606907.2035402,4.0500027000005285e-08,-0.15244524819957306,1.0,4.468270077646482e-14,-69606907.2035402,4.0500027000005285e-08,-0.15244524819957306,False
Ro120_q0.45_L19W_r0.75_th140_kc-10_ko-10,center_curvature,2.238055959597392e-15,-125000000.0,0.0,-2.0695645194752643,-1.0,2.238055959597392e-15,125000000.0,-0.0,2.0695645194752643,True
Ro120_q0.45_L19W_r0.75_th140_kc-10_ko-10,outer_curvature,5.188583566756181e-14,-125000000.0,0.0,-2.0695645194752643,-1.0,5.188583566756181e-14,125000000.0,-0.0,2.0695645194752643,True
Ro120_q0.45_L19W_r0.75_th140_kc-10_ko-10,center_angle,1.6312942559627161e-15,6333705.302264541,0.0,0.10486393408826178,-1.0,1.6312942559627161e-15,-6333705.302264541,-0.0,-0.10486393408826178,False
Ro120_q0.45_L19W_r0.75_th140_kc-10_ko-10,outer_angle,9.638701734190924e-15,6333705.302264541,0.0,0.10486393408826178,-1.0,9.638701734190924e-15,-6333705.302264541,-0.0,-0.10486393408826178,False
Ro120_q0.45_L19W_r0.75_th140_kc-10_ko-10,gb_spacing,-1.0301725022627563e-14,0.0,0.0,0.0,1.0,1.0301725022627563e-14,0.0,0.0,0.0,False
Ro120_q0.45_L19W_r0.75_th140_kc+0_ko+0,center_outer_exchange,5.825673948063615e-14,0.0,0.0,0.0,-1.0,5.825673948063615e-14,-0.0,-0.0,-0.0,False
Ro120_q0.45_L19W_r0.75_th140_kc+0_ko+0,tj_radius,-4.3145495875832764e-14,-69606907.2035402,4.0500027000005285e-08,-0.2566064589938355,1.0,4.3145495875832764e-14,-69606907.2035402,4.0500027000005285e-08,-0.2566064589938355,False
Ro120_q0.45_L19W_r0.75_th140_kc+0_ko+0,center_curvature,2.366582249641878e-15,-125000000.0,0.0,-2.2566186236447905,-1.0,2.366582249641878e-15,125000000.0,-0.0,2.2566186236447905,True
Ro120_q0.45_L19W_r0.75_th140_kc+0_ko+0,outer_curvature,5.883031331269136e-14,-125000000.0,0.0,-2.2566186236447905,-1.0,5.883031331269136e-14,125000000.0,-0.0,2.2566186236447905,True
Ro120_q0.45_L19W_r0.75_th140_kc+0_ko+0,center_angle,1.6609266477599803e-15,6333705.302264541,0.0,0.11434183051939328,-1.0,1.6609266477599803e-15,-6333705.302264541,-0.0,-0.11434183051939328,False
Ro120_q0.45_L19W_r0.75_th140_kc+0_ko+0,outer_angle,9.456662030879575e-15,6333705.302264541,0.0,0.11434183051939328,-1.0,9.456662030879575e-15,-6333705.302264541,-0.0,-0.11434183051939328,False
Ro120_q0.45_L19W_r0.75_th140_kc+0_ko+0,gb_spacing,-1.0475139078728212e-14,0.0,0.0,0.0,1.0,1.0475139078728212e-14,0.0,0.0,0.0,False
Ro120_q0.45_L19W_r0.75_th140_kc+10_ko+10,center_outer_exchange,5.867788072433207e-14,0.0,0.0,0.0,-1.0,5.867788072433207e-14,-0.0,-0.0,-0.0,False
Ro120_q0.45_L19W_r0.75_th140_kc+10_ko+10,tj_radius,-4.0884704190997826e-14,-69606907.2035402,4.0500027000005285e-08,-0.38726047162673805,1.0,4.0884704190997826e-14,-69606907.2035402,4.0500027000005285e-08,-0.38726047162673805,False
Ro120_q0.45_L19W_r0.75_th140_kc+10_ko+10,center_curvature,2.4934025462654553e-15,-125000000.0,0.0,-2.491249374526383,-1.0,2.4934025462654553e-15,125000000.0,-0.0,2.491249374526383,True
Ro120_q0.45_L19W_r0.75_th140_kc+10_ko+10,outer_curvature,6.570770429287342e-14,-125000000.0,0.0,-2.491249374526383,-1.0,6.570770429287342e-14,125000000.0,-0.0,2.491249374526383,True
Ro120_q0.45_L19W_r0.75_th140_kc+10_ko+10,center_angle,1.6839922421396428e-15,6333705.302264541,0.0,0.126230371918723,-1.0,1.6839922421396428e-15,-6333705.302264541,-0.0,-0.126230371918723,False
Ro120_q0.45_L19W_r0.75_th140_kc+10_ko+10,outer_angle,8.964030565332549e-15,6333705.302264541,0.0,0.126230371918723,-1.0,8.964030565332549e-15,-6333705.302264541,-0.0,-0.126230371918723,False
Ro120_q0.45_L19W_r0.75_th140_kc+10_ko+10,gb_spacing,-1.0616868358237608e-14,0.0,0.0,0.0,1.0,1.0616868358237608e-14,0.0,0.0,0.0,False
Ro120_q0.45_L19W_r0.75_th160_kc-10_ko-10,center_outer_exchange,6.127160357524386e-14,0.0,0.0,0.0,-1.0,6.127160357524386e-14,-0.0,-0.0,-0.0,False
Ro120_q0.45_L19W_r0.75_th160_kc-10_ko-10,tj_radius,-4.34911006173547e-14,-72948771.07784152,4.0500027000005285e-08,-0.17597053067885948,1.0,4.34911006173547e-14,-72948771.07784152,4.0500027000005285e-08,-0.17597053067885948,False
Ro120_q0.45_L19W_r0.75_th160_kc-10_ko-10,center_curvature,2.5051728608784202e-15,-125000000.0,0.0,-2.0150666295207786,-1.0,2.5051728608784202e-15,125000000.0,-0.0,2.0150666295207786,True
Ro120_q0.45_L19W_r0.75_th160_kc-10_ko-10,outer_curvature,5.2322500536190704e-14,-125000000.0,0.0,-2.0150666295207786,-1.0,5.2322500536190704e-14,125000000.0,-0.0,2.0150666295207786,True
Ro120_q0.45_L19W_r0.75_th160_kc-10_ko-10,center_angle,1.855329183893858e-15,3215706.4578831196,0.0,0.05183882949644225,-1.0,1.855329183893858e-15,-3215706.4578831196,-0.0,-0.05183882949644225,False
Ro120_q0.45_L19W_r0.75_th160_kc-10_ko-10,outer_angle,8.670973983945599e-15,3215706.4578831196,0.0,0.05183882949644225,-1.0,8.670973983945599e-15,-3215706.4578831196,-0.0,-0.05183882949644225,False
Ro120_q0.45_L19W_r0.75_th160_kc-10_ko-10,gb_spacing,-1.1586536219677261e-14,0.0,0.0,0.0,1.0,1.1586536219677261e-14,0.0,0.0,0.0,False
Ro120_q0.45_L19W_r0.75_th160_kc+0_ko+0,center_outer_exchange,6.153260435493854e-14,0.0,0.0,0.0,-1.0,6.153260435493854e-14,-0.0,-0.0,-0.0,False
Ro120_q0.45_L19W_r0.75_th160_kc+0_ko+0,tj_radius,-4.140197626451867e-14,-72948771.07784152,4.0500027000005285e-08,-0.27785175152617025,1.0,4.140197626451867e-14,-72948771.07784152,4.0500027000005285e-08,-0.27785175152617025,False
Ro120_q0.45_L19W_r0.75_th160_kc+0_ko+0,center_curvature,2.5965105790376307e-15,-125000000.0,0.0,-2.1896446005432724,-1.0,2.5965105790376307e-15,125000000.0,-0.0,2.1896446005432724,True
Ro120_q0.45_L19W_r0.75_th160_kc+0_ko+0,outer_curvature,5.751309293997086e-14,-125000000.0,0.0,-2.1896446005432724,-1.0,5.751309293997086e-14,125000000.0,-0.0,2.1896446005432724,True
Ro120_q0.45_L19W_r0.75_th160_kc+0_ko+0,center_angle,1.8863437550895183e-15,3215706.4578831196,0.0,0.056329932076160105,-1.0,1.8863437550895183e-15,-3215706.4578831196,-0.0,-0.056329932076160105,False
Ro120_q0.45_L19W_r0.75_th160_kc+0_ko+0,outer_angle,8.779094022479343e-15,3215706.4578831196,0.0,0.056329932076160105,-1.0,8.779094022479343e-15,-3215706.4578831196,-0.0,-0.056329932076160105,False
Ro120_q0.45_L19W_r0.75_th160_kc+0_ko+0,gb_spacing,-1.162642142931381e-14,0.0,0.0,0.0,1.0,1.162642142931381e-14,0.0,0.0,0.0,False
Ro120_q0.45_L19W_r0.75_th160_kc+10_ko+10,center_outer_exchange,6.175599440642198e-14,0.0,0.0,0.0,-1.0,6.175599440642198e-14,-0.0,-0.0,-0.0,False
Ro120_q0.45_L19W_r0.75_th160_kc+10_ko+10,tj_radius,-3.877020624995523e-14,-72948771.07784152,4.0500027000005285e-08,-0.40432647717858483,1.0,3.877020624995523e-14,-72948771.07784152,4.0500027000005285e-08,-0.40432647717858483,False
Ro120_q0.45_L19W_r0.75_th160_kc+10_ko+10,center_curvature,2.6869582118690727e-15,-125000000.0,0.0,-2.406365035630631,-1.0,2.6869582118690727e-15,125000000.0,-0.0,2.406365035630631,True
Ro120_q0.45_L19W_r0.75_th160_kc+10_ko+10,outer_curvature,6.26810391773493e-14,-125000000.0,0.0,-2.406365035630631,-1.0,6.26810391773493e-14,125000000.0,-0.0,2.406365035630631,True
Ro120_q0.45_L19W_r0.75_th160_kc+10_ko+10,center_angle,1.9149038729591282e-15,3215706.4578831196,0.0,0.061905157945685296,-1.0,1.9149038729591282e-15,-3215706.4578831196,-0.0,-0.061905157945685296,False
Ro120_q0.45_L19W_r0.75_th160_kc+10_ko+10,outer_angle,8.775173027758002e-15,3215706.4578831196,0.0,0.061905157945685296,-1.0,8.775173027758002e-15,-3215706.4578831196,-0.0,-0.061905157945685296,False
Ro120_q0.45_L19W_r0.75_th160_kc+10_ko+10,gb_spacing,-1.1644522918979707e-14,0.0,0.0,0.0,1.0,1.1644522918979707e-14,0.0,0.0,0.0,False
Ro120_q0.45_L24W_r0.60_th120_kc-10_ko-10,center_outer_exchange,3.8940126724768417e-14,0.0,0.0,0.0,-1.0,3.8940126724768417e-14,-0.0,-0.0,-0.0,False
Ro120_q0.45_L24W_r0.60_th120_kc-10_ko-10,tj_radius,-2.7146691042112335e-14,-80187590.84581211,3.2400021600003566e-08,-0.22401997096332948,1.0,2.7146691042112335e-14,-80187590.84581211,3.2400021600003566e-08,-0.22401997096332948,False
Ro120_q0.45_L24W_r0.60_th120_kc-10_ko-10,center_curvature,1.4051743836537433e-15,-125000000.0,0.0,-1.9080607296055874,-1.0,1.4051743836537433e-15,125000000.0,-0.0,1.9080607296055874,True
Ro120_q0.45_L24W_r0.60_th120_kc-10_ko-10,outer_curvature,4.647518490100111e-14,-125000000.0,0.0,-1.9080607296055874,-1.0,4.647518490100111e-14,125000000.0,-0.0,1.9080607296055874,True
Ro120_q0.45_L24W_r0.60_th120_kc-10_ko-10,center_angle,8.309927645506917e-16,11574072.145059705,0.0,0.17667205513038908,-1.0,8.309927645506917e-16,-11574072.145059705,-0.0,-0.17667205513038908,False
Ro120_q0.45_L24W_r0.60_th120_kc-10_ko-10,outer_angle,9.91041677420746e-15,11574072.145059705,0.0,0.17667205513038908,-1.0,9.91041677420746e-15,-11574072.145059705,-0.0,-0.17667205513038908,False
Ro120_q0.45_L24W_r0.60_th120_kc-10_ko-10,gb_spacing,4.651528235350012e-16,0.0,0.0,0.0,-1.0,4.651528235350012e-16,-0.0,-0.0,-0.0,False
Ro120_q0.45_L24W_r0.60_th120_kc+0_ko+0,center_outer_exchange,3.9875775396989656e-14,0.0,0.0,0.0,-1.0,3.9875775396989656e-14,-0.0,-0.0,-0.0,False
Ro120_q0.45_L24W_r0.60_th120_kc+0_ko+0,tj_radius,-2.6099649896836946e-14,-80187590.84581211,3.2400021600003566e-08,-0.32138550856730674,1.0,2.6099649896836946e-14,-80187590.84581211,3.2400021600003566e-08,-0.32138550856730674,False
Ro120_q0.45_L24W_r0.60_th120_kc+0_ko+0,center_curvature,1.7777691576734637e-15,-125000000.0,0.0,-2.059839450237466,-1.0,1.7777691576734637e-15,125000000.0,-0.0,2.059839450237466,True
Ro120_q0.45_L24W_r0.60_th120_kc+0_ko+0,outer_curvature,5.312708653701488e-14,-125000000.0,0.0,-2.059839450237466,-1.0,5.312708653701488e-14,125000000.0,-0.0,2.059839450237466,True
Ro120_q0.45_L24W_r0.60_th120_kc+0_ko+0,center_angle,9.569361436137048e-16,11574072.145059705,0.0,0.19072556226262805,-1.0,9.569361436137048e-16,-11574072.145059705,-0.0,-0.19072556226262805,False
Ro120_q0.45_L24W_r0.60_th120_kc+0_ko+0,outer_angle,9.317943354537419e-15,11574072.145059705,0.0,0.19072556226262805,-1.0,9.317943354537419e-15,-11574072.145059705,-0.0,-0.19072556226262805,False
Ro120_q0.45_L24W_r0.60_th120_kc+0_ko+0,gb_spacing,-4.7904494078310527e-17,0.0,0.0,0.0,1.0,4.7904494078310527e-17,0.0,0.0,0.0,False
Ro120_q0.45_L24W_r0.60_th120_kc+10_ko+10,center_outer_exchange,4.0720245400341737e-14,0.0,0.0,0.0,-1.0,4.0720245400341737e-14,-0.0,-0.0,-0.0,False
Ro120_q0.45_L24W_r0.60_th120_kc+10_ko+10,tj_radius,-2.434257236995455e-14,-80187590.84581211,3.2400021600003566e-08,-0.4399234663411411,1.0,2.434257236995455e-14,-80187590.84581211,3.2400021600003566e-08,-0.4399234663411411,False
Ro120_q0.45_L24W_r0.60_th120_kc+10_ko+10,center_curvature,2.1432833026189076e-15,-125000000.0,0.0,-2.244623147968916,-1.0,2.1432833026189076e-15,125000000.0,-0.0,2.244623147968916,True
Ro120_q0.45_L24W_r0.60_th120_kc+10_ko+10,outer_curvature,5.962673417851214e-14,-125000000.0,0.0,-2.244623147968916,-1.0,5.962673417851214e-14,125000000.0,-0.0,2.244623147968916,True
Ro120_q0.45_L24W_r0.60_th120_kc+10_ko+10,center_angle,1.0540272449706883e-15,11574072.145059705,0.0,0.2078350417056285,-1.0,1.0540272449706883e-15,-11574072.145059705,-0.0,-0.2078350417056285,False
Ro120_q0.45_L24W_r0.60_th120_kc+10_ko+10,outer_angle,8.244065395476058e-15,11574072.145059705,0.0,0.2078350417056285,-1.0,8.244065395476058e-15,-11574072.145059705,-0.0,-0.2078350417056285,False
Ro120_q0.45_L24W_r0.60_th120_kc+10_ko+10,gb_spacing,-4.832953550337118e-16,0.0,0.0,0.0,1.0,4.832953550337118e-16,0.0,0.0,0.0,False
Ro120_q0.45_L24W_r0.60_th140_kc-10_ko-10,center_outer_exchange,4.323585821457451e-14,0.0,0.0,0.0,-1.0,4.323585821457451e-14,-0.0,-0.0,-0.0,False
Ro120_q0.45_L24W_r0.60_th140_kc-10_ko-10,tj_radius,-2.689020423137327e-14,-87008634.00442153,3.2400021600003566e-08,-0.26608417414886176,1.0,2.689020423137327e-14,-87008634.00442153,3.2400021600003566e-08,-0.26608417414886176,False
Ro120_q0.45_L24W_r0.60_th140_kc-10_ko-10,center_curvature,2.2060723701314143e-15,-125000000.0,0.0,-1.818909170053118,-1.0,2.2060723701314143e-15,125000000.0,-0.0,1.818909170053118,True
Ro120_q0.45_L24W_r0.60_th140_kc-10_ko-10,outer_curvature,4.340505486788054e-14,-125000000.0,0.0,-1.818909170053118,-1.0,4.340505486788054e-14,125000000.0,-0.0,1.818909170053118,True
Ro120_q0.45_L24W_r0.60_th140_kc-10_ko-10,center_angle,1.302692419736706e-15,7917131.627831608,0.0,0.11520423189015361,-1.0,1.302692419736706e-15,-7917131.627831608,-0.0,-0.11520423189015361,False
Ro120_q0.45_L24W_r0.60_th140_kc-10_ko-10,outer_angle,8.288907829343691e-15,7917131.627831608,0.0,0.11520423189015361,-1.0,8.288907829343691e-15,-7917131.627831608,-0.0,-0.11520423189015361,False
Ro120_q0.45_L24W_r0.60_th140_kc-10_ko-10,gb_spacing,-1.7083582650251595e-15,0.0,0.0,0.0,1.0,1.7083582650251595e-15,0.0,0.0,0.0,False
Ro120_q0.45_L24W_r0.60_th140_kc+0_ko+0,center_outer_exchange,4.375182108388427e-14,0.0,0.0,0.0,-1.0,4.375182108388427e-14,-0.0,-0.0,-0.0,False
Ro120_q0.45_L24W_r0.60_th140_kc+0_ko+0,tj_radius,-2.5340863465848137e-14,-87008634.00442153,3.2400021600003566e-08,-0.3596482473712248,1.0,2.5340863465848137e-14,-87008634.00442153,3.2400021600003566e-08,-0.3596482473712248,False
Ro120_q0.45_L24W_r0.60_th140_kc+0_ko+0,center_curvature,2.419036375057847e-15,-125000000.0,0.0,-1.9533277163540363,-1.0,2.419036375057847e-15,125000000.0,-0.0,1.9533277163540363,True
Ro120_q0.45_L24W_r0.60_th140_kc+0_ko+0,outer_curvature,4.736061110400525e-14,-125000000.0,0.0,-1.9533277163540363,-1.0,4.736061110400525e-14,125000000.0,-0.0,1.9533277163540363,True
Ro120_q0.45_L24W_r0.60_th140_kc+0_ko+0,center_angle,1.3587575477169273e-15,7917131.627831608,0.0,0.12371786739162616,-1.0,1.3587575477169273e-15,-7917131.627831608,-0.0,-0.12371786739162616,False
Ro120_q0.45_L24W_r0.60_th140_kc+0_ko+0,outer_angle,7.90660255713008e-15,7917131.627831608,0.0,0.12371786739162616,-1.0,7.90660255713008e-15,-7917131.627831608,-0.0,-0.12371786739162616,False
Ro120_q0.45_L24W_r0.60_th140_kc+0_ko+0,gb_spacing,-1.924160448345033e-15,0.0,0.0,0.0,1.0,1.924160448345033e-15,0.0,0.0,0.0,False
Ro120_q0.45_L24W_r0.60_th140_kc+10_ko+10,center_outer_exchange,4.4215749091155454e-14,0.0,0.0,0.0,-1.0,4.4215749091155454e-14,-0.0,-0.0,-0.0,False
Ro120_q0.45_L24W_r0.60_th140_kc+10_ko+10,tj_radius,-2.3362323431869973e-14,-87008634.00442153,3.2400021600003566e-08,-0.4718227218405424,1.0,2.3362323431869973e-14,-87008634.00442153,3.2400021600003566e-08,-0.4718227218405424,False
Ro120_q0.45_L24W_r0.60_th140_kc+10_ko+10,center_curvature,2.6290545027659613e-15,-125000000.0,0.0,-2.1144830049654173,-1.0,2.6290545027659613e-15,125000000.0,-0.0,2.1144830049654173,True
Ro120_q0.45_L24W_r0.60_th140_kc+10_ko+10,outer_curvature,5.1264891704269177e-14,-125000000.0,0.0,-2.1144830049654173,-1.0,5.1264891704269177e-14,125000000.0,-0.0,2.1144830049654173,True
Ro120_q0.45_L24W_r0.60_th140_kc+10_ko+10,center_angle,1.4042073959745048e-15,7917131.627831608,0.0,0.133924908970795,-1.0,1.4042073959745048e-15,-7917131.627831608,-0.0,-0.133924908970795,False
Ro120_q0.45_L24W_r0.60_th140_kc+10_ko+10,outer_angle,7.345004264313569e-15,7917131.627831608,0.0,0.133924908970795,-1.0,7.345004264313569e-15,-7917131.627831608,-0.0,-0.133924908970795,False
Ro120_q0.45_L24W_r0.60_th140_kc+10_ko+10,gb_spacing,-2.095358430155579e-15,0.0,0.0,0.0,1.0,2.095358430155579e-15,0.0,0.0,0.0,False
Ro120_q0.45_L24W_r0.60_th160_kc-10_ko-10,center_outer_exchange,4.6030599845546134e-14,0.0,0.0,0.0,-1.0,4.6030599845546134e-14,-0.0,-0.0,-0.0,False
Ro120_q0.45_L24W_r0.60_th160_kc-10_ko-10,tj_radius,-2.5277569073098625e-14,-91185963.84729818,3.2400021600003566e-08,-0.29048691918776015,1.0,2.5277569073098625e-14,-91185963.84729818,3.2400021600003566e-08,-0.29048691918776015,False
Ro120_q0.45_L24W_r0.60_th160_kc-10_ko-10,center_curvature,2.6636715962206556e-15,-125000000.0,0.0,-1.7690347296097642,-1.0,2.6636715962206556e-15,125000000.0,-0.0,1.7690347296097642,True
Ro120_q0.45_L24W_r0.60_th160_kc-10_ko-10,outer_curvature,4.194382371408272e-14,-125000000.0,0.0,-1.7690347296097642,-1.0,4.194382371408272e-14,125000000.0,-0.0,1.7690347296097642,True
Ro120_q0.45_L24W_r0.60_th160_kc-10_ko-10,center_angle,1.5691970431804025e-15,4019633.0723538995,0.0,0.05688691232297316,-1.0,1.5691970431804025e-15,-4019633.0723538995,-0.0,-0.05688691232297316,False
Ro120_q0.45_L24W_r0.60_th160_kc-10_ko-10,outer_angle,7.0031076974693854e-15,4019633.0723538995,0.0,0.05688691232297316,-1.0,7.0031076974693854e-15,-4019633.0723538995,-0.0,-0.05688691232297316,False
Ro120_q0.45_L24W_r0.60_th160_kc-10_ko-10,gb_spacing,-2.9361396791970016e-15,0.0,0.0,0.0,1.0,2.9361396791970016e-15,0.0,0.0,0.0,False
Ro120_q0.45_L24W_r0.60_th160_kc+0_ko+0,center_outer_exchange,4.633950517028585e-14,0.0,0.0,0.0,-1.0,4.633950517028585e-14,-0.0,-0.0,-0.0,False
Ro120_q0.45_L24W_r0.60_th160_kc+0_ko+0,tj_radius,-2.3444137412950665e-14,-91185963.84729818,3.2400021600003566e-08,-0.3819087752030548,1.0,2.3444137412950665e-14,-91185963.84729818,3.2400021600003566e-08,-0.3819087752030548,False
Ro120_q0.45_L24W_r0.60_th160_kc+0_ko+0,center_curvature,2.8164201011834098e-15,-125000000.0,0.0,-1.8943587390189975,-1.0,2.8164201011834098e-15,125000000.0,-0.0,1.8943587390189975,True
Ro120_q0.45_L24W_r0.60_th160_kc+0_ko+0,outer_curvature,4.488369141276959e-14,-125000000.0,0.0,-1.8943587390189975,-1.0,4.488369141276959e-14,125000000.0,-0.0,1.8943587390189975,True
Ro120_q0.45_L24W_r0.60_th160_kc+0_ko+0,center_angle,1.6167990000643702e-15,4019633.0723538995,0.0,0.06091694772347722,-1.0,1.6167990000643702e-15,-4019633.0723538995,-0.0,-0.06091694772347722,False
Ro120_q0.45_L24W_r0.60_th160_kc+0_ko+0,outer_angle,6.939446594662768e-15,4019633.0723538995,0.0,0.06091694772347722,-1.0,6.939446594662768e-15,-4019633.0723538995,-0.0,-0.06091694772347722,False
Ro120_q0.45_L24W_r0.60_th160_kc+0_ko+0,gb_spacing,-3.0005119657697436e-15,0.0,0.0,0.0,1.0,3.0005119657697436e-15,0.0,0.0,0.0,False
Ro120_q0.45_L24W_r0.60_th160_kc+10_ko+10,center_outer_exchange,4.6612602203769425e-14,0.0,0.0,0.0,-1.0,4.6612602203769425e-14,-0.0,-0.0,-0.0,False
Ro120_q0.45_L24W_r0.60_th160_kc+10_ko+10,tj_radius,-2.1287591166188495e-14,-91185963.84729818,3.2400021600003566e-08,-0.49061363050784124,1.0,2.1287591166188495e-14,-91185963.84729818,3.2400021600003566e-08,-0.49061363050784124,False
Ro120_q0.45_L24W_r0.60_th160_kc+10_ko+10,center_curvature,2.967574539693124e-15,-125000000.0,0.0,-2.0433749666324275,-1.0,2.967574539693124e-15,125000000.0,-0.0,2.0433749666324275,True
Ro120_q0.45_L24W_r0.60_th160_kc+10_ko+10,outer_curvature,4.7799460031831135e-14,-125000000.0,0.0,-2.0433749666324275,-1.0,4.7799460031831135e-14,125000000.0,-0.0,2.0433749666324275,True
Ro120_q0.45_L24W_r0.60_th160_kc+10_ko+10,center_angle,1.6604357520511091e-15,4019633.0723538995,0.0,0.06570884699375057,-1.0,1.6604357520511091e-15,-4019633.0723538995,-0.0,-0.06570884699375057,False
Ro120_q0.45_L24W_r0.60_th160_kc+10_ko+10,outer_angle,6.810368341975047e-15,4019633.0723538995,0.0,0.06570884699375057,-1.0,6.810368341975047e-15,-4019633.0723538995,-0.0,-0.06570884699375057,False
Ro120_q0.45_L24W_r0.60_th160_kc+10_ko+10,gb_spacing,-3.033489762819241e-15,0.0,0.0,0.0,1.0,3.033489762819241e-15,0.0,0.0,0.0,False
Ro120_q0.45_L24W_r0.75_th140_kc-10_ko-10,center_outer_exchange,1.8407847557785077e-14,0.0,0.0,0.0,-1.0,1.8407847557785077e-14,-0.0,-0.0,-0.0,False
Ro120_q0.45_L24W_r0.75_th140_kc-10_ko-10,tj_radius,-2.573206775156434e-14,-69606907.2035402,4.0500027000005285e-08,-0.15244524819957306,1.0,2.573206775156434e-14,-69606907.2035402,4.0500027000005285e-08,-0.15244524819957306,False
Ro120_q0.45_L24W_r0.75_th140_kc-10_ko-10,center_curvature,-8.062788248370517e-16,-125000000.0,0.0,-2.0695645194752643,1.0,8.062788248370517e-16,-125000000.0,0.0,-2.0695645194752643,False
Ro120_q0.45_L24W_r0.75_th140_kc-10_ko-10,outer_curvature,5.188583566756181e-14,-125000000.0,0.0,-2.0695645194752643,-1.0,5.188583566756181e-14,125000000.0,-0.0,2.0695645194752643,True
Ro120_q0.45_L24W_r0.75_th140_kc-10_ko-10,center_angle,-4.087326230766705e-16,6333705.302264541,0.0,0.10486393408826178,1.0,4.087326230766705e-16,6333705.302264541,0.0,0.10486393408826178,True
Ro120_q0.45_L24W_r0.75_th140_kc-10_ko-10,outer_angle,9.638701734190924e-15,6333705.302264541,0.0,0.10486393408826178,-1.0,9.638701734190924e-15,-6333705.302264541,-0.0,-0.10486393408826178,False
Ro120_q0.45_L24W_r0.75_th140_kc-10_ko-10,gb_spacing,1.0580726807176336e-14,0.0,0.0,0.0,-1.0,1.0580726807176336e-14,-0.0,-0.0,-0.0,False
Ro120_q0.45_L24W_r0.75_th140_kc+0_ko+0,center_outer_exchange,1.9835894053431494e-14,0.0,0.0,0.0,-1.0,1.9835894053431494e-14,-0.0,-0.0,-0.0,False
Ro120_q0.45_L24W_r0.75_th140_kc+0_ko+0,tj_radius,-2.4923706790101056e-14,-69606907.2035402,4.0500027000005285e-08,-0.2566064589938355,1.0,2.4923706790101056e-14,-69606907.2035402,4.0500027000005285e-08,-0.2566064589938355,False
Ro120_q0.45_L24W_r0.75_th140_kc+0_ko+0,center_curvature,-3.355911464842191e-16,-125000000.0,0.0,-2.2566186236447905,1.0,3.355911464842191e-16,-125000000.0,0.0,-2.2566186236447905,False
Ro120_q0.45_L24W_r0.75_th140_kc+0_ko+0,outer_curvature,5.883031331266612e-14,-125000000.0,0.0,-2.2566186236447905,-1.0,5.883031331266612e-14,125000000.0,-0.0,2.2566186236447905,True
Ro120_q0.45_L24W_r0.75_th140_kc+0_ko+0,center_angle,-1.672305031385092e-16,6333705.302264541,0.0,0.11434183051939328,1.0,1.672305031385092e-16,6333705.302264541,0.0,0.11434183051939328,True
Ro120_q0.45_L24W_r0.75_th140_kc+0_ko+0,outer_angle,9.456662030879575e-15,6333705.302264541,0.0,0.11434183051939328,-1.0,9.456662030879575e-15,-6333705.302264541,-0.0,-0.11434183051939328,False
Ro120_q0.45_L24W_r0.75_th140_kc+0_ko+0,gb_spacing,9.832110552466132e-15,0.0,0.0,0.0,-1.0,9.832110552466132e-15,-0.0,-0.0,-0.0,False
Ro120_q0.45_L24W_r0.75_th140_kc+10_ko+10,center_outer_exchange,2.118824863538598e-14,0.0,0.0,0.0,-1.0,2.118824863538598e-14,-0.0,-0.0,-0.0,False
Ro120_q0.45_L24W_r0.75_th140_kc+10_ko+10,tj_radius,-2.3359994790902605e-14,-69606907.2035402,4.0500027000005285e-08,-0.38726047162673805,1.0,2.3359994790902605e-14,-69606907.2035402,4.0500027000005285e-08,-0.38726047162673805,False
Ro120_q0.45_L24W_r0.75_th140_kc+10_ko+10,center_curvature,1.3310910883615768e-16,-125000000.0,0.0,-2.491249374526383,-1.0,1.3310910883615768e-16,125000000.0,-0.0,2.491249374526383,True
Ro120_q0.45_L24W_r0.75_th140_kc+10_ko+10,outer_curvature,6.570770429287342e-14,-125000000.0,0.0,-2.491249374526383,-1.0,6.570770429287342e-14,125000000.0,-0.0,2.491249374526383,True
Ro120_q0.45_L24W_r0.75_th140_kc+10_ko+10,center_angle,5.278351243154324e-17,6333705.302264541,0.0,0.126230371918723,-1.0,5.278351243154324e-17,-6333705.302264541,-0.0,-0.126230371918723,False
Ro120_q0.45_L24W_r0.75_th140_kc+10_ko+10,outer_angle,8.964030565357792e-15,6333705.302264541,0.0,0.126230371918723,-1.0,8.964030565357792e-15,-6333705.302264541,-0.0,-0.126230371918723,False
Ro120_q0.45_L24W_r0.75_th140_kc+10_ko+10,gb_spacing,9.159282202037046e-15,0.0,0.0,0.0,-1.0,9.159282202037046e-15,-0.0,-0.0,-0.0,False
Ro120_q0.45_L24W_r0.75_th160_kc-10_ko-10,center_outer_exchange,2.535402576553939e-14,0.0,0.0,0.0,-1.0,2.535402576553939e-14,-0.0,-0.0,-0.0,False
Ro120_q0.45_L24W_r0.75_th160_kc-10_ko-10,tj_radius,-2.7411649483300726e-14,-72948771.07784152,4.0500027000005285e-08,-0.17597053067885948,1.0,2.7411649483300726e-14,-72948771.07784152,4.0500027000005285e-08,-0.17597053067885948,False
Ro120_q0.45_L24W_r0.75_th160_kc-10_ko-10,center_curvature,9.246584521105151e-16,-125000000.0,0.0,-2.0150666295207786,-1.0,9.246584521105151e-16,125000000.0,-0.0,2.0150666295207786,True
Ro120_q0.45_L24W_r0.75_th160_kc-10_ko-10,outer_curvature,5.2322500536190704e-14,-125000000.0,0.0,-2.0150666295207786,-1.0,5.2322500536190704e-14,125000000.0,-0.0,2.0150666295207786,True
Ro120_q0.45_L24W_r0.75_th160_kc-10_ko-10,center_angle,5.60046606773334e-16,3215706.4578831196,0.0,0.05183882949644225,-1.0,5.60046606773334e-16,-3215706.4578831196,-0.0,-0.05183882949644225,False
Ro120_q0.45_L24W_r0.75_th160_kc-10_ko-10,outer_angle,8.670973983970842e-15,3215706.4578831196,0.0,0.05183882949644225,-1.0,8.670973983970842e-15,-3215706.4578831196,-0.0,-0.05183882949644225,False
Ro120_q0.45_L24W_r0.75_th160_kc-10_ko-10,gb_spacing,7.511133111800475e-15,0.0,0.0,0.0,-1.0,7.511133111800475e-15,-0.0,-0.0,-0.0,False
Ro120_q0.45_L24W_r0.75_th160_kc+0_ko+0,center_outer_exchange,2.6374570022443525e-14,0.0,0.0,0.0,-1.0,2.6374570022443525e-14,-0.0,-0.0,-0.0,False
Ro120_q0.45_L24W_r0.75_th160_kc+0_ko+0,tj_radius,-2.5856437290795114e-14,-72948771.07784152,4.0500027000005285e-08,-0.27785175152617025,1.0,2.5856437290795114e-14,-72948771.07784152,4.0500027000005285e-08,-0.27785175152617025,False
Ro120_q0.45_L24W_r0.75_th160_kc+0_ko+0,center_curvature,1.2690564903849405e-15,-125000000.0,0.0,-2.1896446005432724,-1.0,1.2690564903849405e-15,125000000.0,-0.0,2.1896446005432724,True
Ro120_q0.45_L24W_r0.75_th160_kc+0_ko+0,outer_curvature,5.751309293997086e-14,-125000000.0,0.0,-2.1896446005432724,-1.0,5.751309293997086e-14,125000000.0,-0.0,2.1896446005432724,True
Ro120_q0.45_L24W_r0.75_th160_kc+0_ko+0,center_angle,7.165194306605221e-16,3215706.4578831196,0.0,0.056329932076160105,-1.0,7.165194306605221e-16,-3215706.4578831196,-0.0,-0.056329932076160105,False
Ro120_q0.45_L24W_r0.75_th160_kc+0_ko+0,outer_angle,8.779094022517208e-15,3215706.4578831196,0.0,0.056329932076160105,-1.0,8.779094022517208e-15,-3215706.4578831196,-0.0,-0.056329932076160105,False
Ro120_q0.45_L24W_r0.75_th160_kc+0_ko+0,gb_spacing,7.0660532856004e-15,0.0,0.0,0.0,-1.0,7.0660532856004e-15,-0.0,-0.0,-0.0,False
Ro120_q0.45_L24W_r0.75_th160_kc+10_ko+10,center_outer_exchange,2.7327834045932676e-14,0.0,0.0,0.0,-1.0,2.7327834045932676e-14,-0.0,-0.0,-0.0,False
Ro120_q0.45_L24W_r0.75_th160_kc+10_ko+10,tj_radius,-2.3727229623513568e-14,-72948771.07784152,4.0500027000005285e-08,-0.40432647717858483,1.0,2.3727229623513568e-14,-72948771.07784152,4.0500027000005285e-08,-0.40432647717858483,False
Ro120_q0.45_L24W_r0.75_th160_kc+10_ko+10,center_curvature,1.6095368642058438e-15,-125000000.0,0.0,-2.406365035630631,-1.0,1.6095368642058438e-15,125000000.0,-0.0,2.406365035630631,True
Ro120_q0.45_L24W_r0.75_th160_kc+10_ko+10,outer_curvature,6.26810391773493e-14,-125000000.0,0.0,-2.406365035630631,-1.0,6.26810391773493e-14,125000000.0,-0.0,2.406365035630631,True
Ro120_q0.45_L24W_r0.75_th160_kc+10_ko+10,center_angle,8.638425836353059e-16,3215706.4578831196,0.0,0.061905157945685296,-1.0,8.638425836353059e-16,-3215706.4578831196,-0.0,-0.061905157945685296,False
Ro120_q0.45_L24W_r0.75_th160_kc+10_ko+10,outer_angle,8.775173027758002e-15,3215706.4578831196,0.0,0.061905157945685296,-1.0,8.775173027758002e-15,-3215706.4578831196,-0.0,-0.061905157945685296,False
Ro120_q0.45_L24W_r0.75_th160_kc+10_ko+10,gb_spacing,6.681331289119513e-15,0.0,0.0,0.0,-1.0,6.681331289119513e-15,-0.0,-0.0,-0.0,False
Ro120_q0.45_L30W_r0.60_th120_kc+0_ko+0,center_outer_exchange,2.103115030547382e-14,0.0,0.0,0.0,-1.0,2.103115030547382e-14,-0.0,-0.0,-0.0,False
Ro120_q0.45_L30W_r0.60_th120_kc+0_ko+0,tj_radius,-1.7272785636415778e-14,-80187590.84581211,3.2400021600003566e-08,-0.32138550856730674,1.0,1.7272785636415778e-14,-80187590.84581211,3.2400021600003566e-08,-0.32138550856730674,False
Ro120_q0.45_L30W_r0.60_th120_kc+0_ko+0,center_curvature,-1.9912694120679103e-15,-125000000.0,0.0,-2.059839450237466,1.0,1.9912694120679103e-15,-125000000.0,0.0,-2.059839450237466,False
Ro120_q0.45_L30W_r0.60_th120_kc+0_ko+0,outer_curvature,5.3127086537027503e-14,-125000000.0,0.0,-2.059839450237466,-1.0,5.3127086537027503e-14,125000000.0,-0.0,2.059839450237466,True
Ro120_q0.45_L30W_r0.60_th120_kc+0_ko+0,center_angle,-8.670641131382027e-16,11574072.145059705,0.0,0.19072556226262805,1.0,8.670641131382027e-16,11574072.145059705,0.0,0.19072556226262805,True
Ro120_q0.45_L30W_r0.60_th120_kc+0_ko+0,outer_angle,9.317943354537419e-15,11574072.145059705,0.0,0.19072556226262805,-1.0,9.317943354537419e-15,-11574072.145059705,-0.0,-0.19072556226262805,False
Ro120_q0.45_L30W_r0.60_th120_kc+0_ko+0,gb_spacing,1.2626432673165837e-14,0.0,0.0,0.0,-1.0,1.2626432673165837e-14,-0.0,-0.0,-0.0,False
Ro120_q0.45_L30W_r0.60_th120_kc+10_ko+10,center_outer_exchange,2.2527406341800007e-14,0.0,0.0,0.0,-1.0,2.2527406341800007e-14,-0.0,-0.0,-0.0,False
Ro120_q0.45_L30W_r0.60_th120_kc+10_ko+10,tj_radius,-1.605825734601556e-14,-80187590.84581211,3.2400021600003566e-08,-0.4399234663411411,1.0,1.605825734601556e-14,-80187590.84581211,3.2400021600003566e-08,-0.4399234663411411,False
Ro120_q0.45_L30W_r0.60_th120_kc+10_ko+10,center_curvature,-1.085252395832348e-15,-125000000.0,0.0,-2.244623147968916,1.0,1.085252395832348e-15,-125000000.0,0.0,-2.244623147968916,False
Ro120_q0.45_L30W_r0.60_th120_kc+10_ko+10,outer_curvature,5.962673417851214e-14,-125000000.0,0.0,-2.244623147968916,-1.0,5.962673417851214e-14,125000000.0,-0.0,2.244623147968916,True
Ro120_q0.45_L30W_r0.60_th120_kc+10_ko+10,center_angle,-4.746916119533738e-16,11574072.145059705,0.0,0.2078350417056285,1.0,4.746916119533738e-16,11574072.145059705,0.0,0.2078350417056285,True
Ro120_q0.45_L30W_r0.60_th120_kc+10_ko+10,outer_angle,8.244065395450814e-15,11574072.145059705,0.0,0.2078350417056285,-1.0,8.244065395450814e-15,-11574072.145059705,-0.0,-0.2078350417056285,False
Ro120_q0.45_L30W_r0.60_th120_kc+10_ko+10,gb_spacing,1.1672712689815272e-14,0.0,0.0,0.0,-1.0,1.1672712689815272e-14,-0.0,-0.0,-0.0,False
Ro120_q0.45_L30W_r0.60_th140_kc-10_ko-10,center_outer_exchange,2.5443133863543416e-14,0.0,0.0,0.0,-1.0,2.5443133863543416e-14,-0.0,-0.0,-0.0,False
Ro120_q0.45_L30W_r0.60_th140_kc-10_ko-10,tj_radius,-1.9184106093958085e-14,-87008634.00442153,3.2400021600003566e-08,-0.26608417414886176,1.0,1.9184106093958085e-14,-87008634.00442153,3.2400021600003566e-08,-0.26608417414886176,False
Ro120_q0.45_L30W_r0.60_th140_kc-10_ko-10,center_curvature,4.4034567914810293e-17,-125000000.0,0.0,-1.818909170053118,-1.0,4.4034567914810293e-17,125000000.0,-0.0,1.818909170053118,True
Ro120_q0.45_L30W_r0.60_th140_kc-10_ko-10,outer_curvature,4.340505486786792e-14,-125000000.0,0.0,-1.818909170053118,-1.0,4.340505486786792e-14,125000000.0,-0.0,1.818909170053118,True
Ro120_q0.45_L30W_r0.60_th140_kc-10_ko-10,center_angle,5.5484650817296794e-17,7917131.627831608,0.0,0.11520423189015361,-1.0,5.5484650817296794e-17,-7917131.627831608,-0.0,-0.11520423189015361,False
Ro120_q0.45_L30W_r0.60_th140_kc-10_ko-10,outer_angle,8.288907829368935e-15,7917131.627831608,0.0,0.11520423189015361,-1.0,8.288907829368935e-15,-7917131.627831608,-0.0,-0.11520423189015361,False
Ro120_q0.45_L30W_r0.60_th140_kc-10_ko-10,gb_spacing,1.0292596459790203e-14,0.0,0.0,0.0,-1.0,1.0292596459790203e-14,-0.0,-0.0,-0.0,False
Ro120_q0.45_L30W_r0.60_th140_kc+0_ko+0,center_outer_exchange,2.6457161271279087e-14,0.0,0.0,0.0,-1.0,2.6457161271279087e-14,-0.0,-0.0,-0.0,False
Ro120_q0.45_L30W_r0.60_th140_kc+0_ko+0,tj_radius,-1.8008334806933368e-14,-87008634.00442153,3.2400021600003566e-08,-0.3596482473712248,1.0,1.8008334806933368e-14,-87008634.00442153,3.2400021600003566e-08,-0.3596482473712248,False
Ro120_q0.45_L30W_r0.60_th140_kc+0_ko+0,center_curvature,5.888469710578039e-16,-125000000.0,0.0,-1.9533277163540363,-1.0,5.888469710578039e-16,125000000.0,-0.0,1.9533277163540363,True
Ro120_q0.45_L30W_r0.60_th140_kc+0_ko+0,outer_curvature,4.736061110400525e-14,-125000000.0,0.0,-1.9533277163540363,-1.0,4.736061110400525e-14,125000000.0,-0.0,1.9533277163540363,True
Ro120_q0.45_L30W_r0.60_th140_kc+0_ko+0,center_angle,2.741358322186209e-16,7917131.627831608,0.0,0.12371786739162616,-1.0,2.741358322186209e-16,-7917131.627831608,-0.0,-0.12371786739162616,False
Ro120_q0.45_L30W_r0.60_th140_kc+0_ko+0,outer_angle,7.906602557117459e-15,7917131.627831608,0.0,0.12371786739162616,-1.0,7.906602557117459e-15,-7917131.627831608,-0.0,-0.12371786739162616,False
Ro120_q0.45_L30W_r0.60_th140_kc+0_ko+0,gb_spacing,9.706125459624897e-15,0.0,0.0,0.0,-1.0,9.706125459624897e-15,-0.0,-0.0,-0.0,False
Ro120_q0.45_L30W_r0.60_th140_kc+10_ko+10,center_outer_exchange,2.7394264854536276e-14,0.0,0.0,0.0,-1.0,2.7394264854536276e-14,-0.0,-0.0,-0.0,False
Ro120_q0.45_L30W_r0.60_th140_kc+10_ko+10,tj_radius,-1.6369513826709028e-14,-87008634.00442153,3.2400021600003566e-08,-0.4718227218405424,1.0,1.6369513826709028e-14,-87008634.00442153,3.2400021600003566e-08,-0.4718227218405424,False
Ro120_q0.45_L30W_r0.60_th140_kc+10_ko+10,center_curvature,1.1279055702435504e-15,-125000000.0,0.0,-2.1144830049654173,-1.0,1.1279055702435504e-15,125000000.0,-0.0,2.1144830049654173,True
Ro120_q0.45_L30W_r0.60_th140_kc+10_ko+10,outer_curvature,5.1264891704269177e-14,-125000000.0,0.0,-2.1144830049654173,-1.0,5.1264891704269177e-14,125000000.0,-0.0,2.1144830049654173,True
Ro120_q0.45_L30W_r0.60_th140_kc+10_ko+10,center_angle,4.667875280629105e-16,7917131.627831608,0.0,0.133924908970795,-1.0,4.667875280629105e-16,-7917131.627831608,-0.0,-0.133924908970795,False
Ro120_q0.45_L30W_r0.60_th140_kc+10_ko+10,outer_angle,7.34500426432619e-15,7917131.627831608,0.0,0.133924908970795,-1.0,7.34500426432619e-15,-7917131.627831608,-0.0,-0.133924908970795,False
Ro120_q0.45_L30W_r0.60_th140_kc+10_ko+10,gb_spacing,9.208177436800348e-15,0.0,0.0,0.0,-1.0,9.208177436800348e-15,-0.0,-0.0,-0.0,False
Ro120_q0.45_L30W_r0.60_th160_kc-10_ko-10,center_outer_exchange,2.958133563021914e-14,0.0,0.0,0.0,-1.0,2.958133563021914e-14,-0.0,-0.0,-0.0,False
Ro120_q0.45_L30W_r0.60_th160_kc-10_ko-10,tj_radius,-1.8748923338296013e-14,-91185963.84729818,3.2400021600003566e-08,-0.29048691918776015,1.0,1.8748923338296013e-14,-91185963.84729818,3.2400021600003566e-08,-0.29048691918776015,False
Ro120_q0.45_L30W_r0.60_th160_kc-10_ko-10,center_curvature,1.6219247553275556e-15,-125000000.0,0.0,-1.7690347296097642,-1.0,1.6219247553275556e-15,125000000.0,-0.0,1.7690347296097642,True
Ro120_q0.45_L30W_r0.60_th160_kc-10_ko-10,outer_curvature,4.194382371410796e-14,-125000000.0,0.0,-1.7690347296097642,-1.0,4.194382371410796e-14,125000000.0,-0.0,1.7690347296097642,True
Ro120_q0.45_L30W_r0.60_th160_kc-10_ko-10,center_angle,8.011926101602005e-16,4019633.0723538995,0.0,0.05688691232297316,-1.0,8.011926101602005e-16,-4019633.0723538995,-0.0,-0.05688691232297316,False
Ro120_q0.45_L30W_r0.60_th160_kc-10_ko-10,outer_angle,7.0031076974693854e-15,4019633.0723538995,0.0,0.05688691232297316,-1.0,7.0031076974693854e-15,-4019633.0723538995,-0.0,-0.05688691232297316,False
Ro120_q0.45_L30W_r0.60_th160_kc-10_ko-10,gb_spacing,8.166832374428797e-15,0.0,0.0,0.0,-1.0,8.166832374428797e-15,-0.0,-0.0,-0.0,False
Ro120_q0.45_L30W_r0.60_th160_kc+0_ko+0,center_outer_exchange,3.026704799308277e-14,0.0,0.0,0.0,-1.0,3.026704799308277e-14,-0.0,-0.0,-0.0,False
Ro120_q0.45_L30W_r0.60_th160_kc+0_ko+0,tj_radius,-1.7159718277881656e-14,-91185963.84729818,3.2400021600003566e-08,-0.3819087752030548,1.0,1.7159718277881656e-14,-91185963.84729818,3.2400021600003566e-08,-0.3819087752030548,False
Ro120_q0.45_L30W_r0.60_th160_kc+0_ko+0,center_curvature,2.0162577046544456e-15,-125000000.0,0.0,-1.8943587390189975,-1.0,2.0162577046544456e-15,125000000.0,-0.0,1.8943587390189975,True
Ro120_q0.45_L30W_r0.60_th160_kc+0_ko+0,outer_curvature,4.488369141276959e-14,-125000000.0,0.0,-1.8943587390189975,-1.0,4.488369141276959e-14,125000000.0,-0.0,1.8943587390189975,True
Ro120_q0.45_L30W_r0.60_th160_kc+0_ko+0,center_angle,9.427271926008964e-16,4019633.0723538995,0.0,0.06091694772347722,-1.0,9.427271926008964e-16,-4019633.0723538995,-0.0,-0.06091694772347722,False
Ro120_q0.45_L30W_r0.60_th160_kc+0_ko+0,outer_angle,6.939446594662768e-15,4019633.0723538995,0.0,0.06091694772347722,-1.0,6.939446594662768e-15,-4019633.0723538995,-0.0,-0.06091694772347722,False
Ro120_q0.45_L30W_r0.60_th160_kc+0_ko+0,gb_spacing,7.854545686263519e-15,0.0,0.0,0.0,-1.0,7.854545686263519e-15,-0.0,-0.0,-0.0,False
Ro120_q0.45_L30W_r0.60_th160_kc+10_ko+10,center_outer_exchange,3.089297162583232e-14,0.0,0.0,0.0,-1.0,3.089297162583232e-14,-0.0,-0.0,-0.0,False
Ro120_q0.45_L30W_r0.60_th160_kc+10_ko+10,tj_radius,-1.5220057205010857e-14,-91185963.84729818,3.2400021600003566e-08,-0.49061363050784124,1.0,1.5220057205010857e-14,-91185963.84729818,3.2400021600003566e-08,-0.49061363050784124,False
Ro120_q0.45_L30W_r0.60_th160_kc+10_ko+10,center_curvature,2.4052222861623365e-15,-125000000.0,0.0,-2.0433749666324275,-1.0,2.4052222861623365e-15,125000000.0,-0.0,2.0433749666324275,True
Ro120_q0.45_L30W_r0.60_th160_kc+10_ko+10,outer_curvature,4.7799460031869e-14,-125000000.0,0.0,-2.0433749666324275,-1.0,4.7799460031869e-14,125000000.0,-0.0,2.0433749666324275,True
Ro120_q0.45_L30W_r0.60_th160_kc+10_ko+10,center_angle,1.0738146801862626e-15,4019633.0723538995,0.0,0.06570884699375057,-1.0,1.0738146801862626e-15,-4019633.0723538995,-0.0,-0.06570884699375057,False
Ro120_q0.45_L30W_r0.60_th160_kc+10_ko+10,outer_angle,6.810368341987669e-15,4019633.0723538995,0.0,0.06570884699375057,-1.0,6.810368341987669e-15,-4019633.0723538995,-0.0,-0.06570884699375057,False
Ro120_q0.45_L30W_r0.60_th160_kc+10_ko+10,gb_spacing,7.608647861124732e-15,0.0,0.0,0.0,-1.0,7.608647861124732e-15,-0.0,-0.0,-0.0,False
Ro120_q0.55_L23W_r0.60_th120_kc-10_ko-10,center_outer_exchange,9.652319148328299e-14,0.0,0.0,0.0,-1.0,9.652319148328299e-14,-0.0,-0.0,-0.0,False
Ro120_q0.55_L23W_r0.60_th120_kc-10_ko-10,tj_radius,-5.227061936682419e-14,-65608028.873853385,3.960002640000583e-08,-0.12304723541356477,1.0,5.227061936682419e-14,-65608028.873853385,3.960002640000583e-08,-0.12304723541356477,False
Ro120_q0.55_L23W_r0.60_th120_kc-10_ko-10,center_curvature,5.3133954129026776e-15,-125000000.0,0.0,-2.1396961890189914,-1.0,5.3133954129026776e-15,125000000.0,-0.0,2.1396961890189914,True
Ro120_q0.55_L23W_r0.60_th120_kc-10_ko-10,outer_curvature,5.105603385394328e-14,-125000000.0,0.0,-2.1396961890189914,-1.0,5.105603385394328e-14,125000000.0,-0.0,2.1396961890189914,True
Ro120_q0.55_L23W_r0.60_th120_kc-10_ko-10,center_angle,3.09400963182588e-15,9469695.39141655,0.0,0.16209789438470512,-1.0,3.09400963182588e-15,-9469695.39141655,-0.0,-0.16209789438470512,False
Ro120_q0.55_L23W_r0.60_th120_kc-10_ko-10,outer_angle,1.0496043005014548e-14,9469695.39141655,0.0,0.16209789438470512,-1.0,1.0496043005014548e-14,-9469695.39141655,-0.0,-0.16209789438470512,False
Ro120_q0.55_L23W_r0.60_th120_kc-10_ko-10,gb_spacing,-2.8122914061421597e-14,0.0,0.0,0.0,1.0,2.8122914061421597e-14,0.0,0.0,0.0,False
Ro120_q0.55_L23W_r0.60_th120_kc+0_ko+0,center_outer_exchange,9.673431032194075e-14,0.0,0.0,0.0,-1.0,9.673431032194075e-14,-0.0,-0.0,-0.0,False
Ro120_q0.55_L23W_r0.60_th120_kc+0_ko+0,tj_radius,-5.1173675416440984e-14,-65608028.87385152,3.960002640000583e-08,-0.2301226466844275,1.0,5.1173675416440984e-14,-65608028.87385152,3.960002640000583e-08,-0.2301226466844275,False
Ro120_q0.55_L23W_r0.60_th120_kc+0_ko+0,center_curvature,5.497702532727285e-15,-125000000.0,0.0,-2.343703958266441,-1.0,5.497702532727285e-15,125000000.0,-0.0,2.343703958266441,True
Ro120_q0.55_L23W_r0.60_th120_kc+0_ko+0,outer_curvature,6.201686520922873e-14,-125000000.0,0.0,-2.343703958266441,-1.0,6.201686520922873e-14,125000000.0,-0.0,2.343703958266441,True
Ro120_q0.55_L23W_r0.60_th120_kc+0_ko+0,center_angle,3.0008356518579497e-15,9469695.391414687,0.0,0.1775529014979016,-1.0,3.0008356518579497e-15,-9469695.391414687,-0.0,-0.1775529014979016,False
Ro120_q0.55_L23W_r0.60_th120_kc+0_ko+0,outer_angle,1.0303413972008105e-14,9469695.391414687,0.0,0.1775529014979016,-1.0,1.0303413972008105e-14,-9469695.391414687,-0.0,-0.1775529014979016,False
Ro120_q0.55_L23W_r0.60_th120_kc+0_ko+0,gb_spacing,-2.8125924354976708e-14,0.0,0.0,0.0,1.0,2.8125924354976708e-14,0.0,0.0,0.0,False
Ro120_q0.55_L23W_r0.60_th120_kc+10_ko+10,center_outer_exchange,9.684431125848186e-14,0.0,0.0,0.0,-1.0,9.684431125848186e-14,-0.0,-0.0,-0.0,False
Ro120_q0.55_L23W_r0.60_th120_kc+10_ko+10,tj_radius,-4.896019243039513e-14,-65608028.87385152,3.960002640000583e-08,-0.36630285705141485,1.0,4.896019243039513e-14,-65608028.87385152,3.960002640000583e-08,-0.36630285705141485,False
Ro120_q0.55_L23W_r0.60_th120_kc+10_ko+10,center_curvature,5.68002306851403e-15,-125000000.0,0.0,-2.6031649785213107,-1.0,5.68002306851403e-15,125000000.0,-0.0,2.6031649785213107,True
Ro120_q0.55_L23W_r0.60_th120_kc+10_ko+10,outer_curvature,7.27666025278831e-14,-125000000.0,0.0,-2.6031649785213107,-1.0,7.27666025278831e-14,125000000.0,-0.0,2.6031649785213107,True
Ro120_q0.55_L23W_r0.60_th120_kc+10_ko+10,center_angle,2.8942400591420454e-15,9469695.391414687,0.0,0.19720881981299954,-1.0,2.8942400591420454e-15,-9469695.391414687,-0.0,-0.19720881981299954,False
Ro120_q0.55_L23W_r0.60_th120_kc+10_ko+10,outer_angle,9.325498348456307e-15,9469695.391414687,0.0,0.19720881981299954,-1.0,9.325498348456307e-15,-9469695.391414687,-0.0,-0.19720881981299954,False
Ro120_q0.55_L23W_r0.60_th120_kc+10_ko+10,gb_spacing,-2.8081581398223578e-14,0.0,0.0,0.0,1.0,2.8081581398223578e-14,0.0,0.0,0.0,False
Ro120_q0.55_L23W_r0.60_th140_kc-10_ko-10,center_outer_exchange,9.873045650762979e-14,0.0,0.0,0.0,-1.0,9.873045650762979e-14,-0.0,-0.0,-0.0,False
Ro120_q0.55_L23W_r0.60_th140_kc-10_ko-10,tj_radius,-5.0859263876737344e-14,-71188882.36725703,3.960002640000583e-08,-0.16369478120414893,1.0,5.0859263876737344e-14,-71188882.36725703,3.960002640000583e-08,-0.16369478120414893,False
Ro120_q0.55_L23W_r0.60_th140_kc-10_ko-10,center_curvature,4.751281179116405e-15,-125000000.0,0.0,-2.043327084927493,-1.0,4.751281179116405e-15,125000000.0,-0.0,2.043327084927493,True
Ro120_q0.55_L23W_r0.60_th140_kc-10_ko-10,outer_curvature,5.1072951679025475e-14,-125000000.0,0.0,-2.043327084927493,-1.0,5.1072951679025475e-14,125000000.0,-0.0,2.043327084927493,True
Ro120_q0.55_L23W_r0.60_th140_kc-10_ko-10,center_angle,2.875282434500308e-15,6477653.150044382,0.0,0.10588755798657257,-1.0,2.875282434500308e-15,-6477653.150044382,-0.0,-0.10588755798657257,False
Ro120_q0.55_L23W_r0.60_th140_kc-10_ko-10,outer_angle,9.510941485653321e-15,6477653.150044382,0.0,0.10588755798657257,-1.0,9.510941485653321e-15,-6477653.150044382,-0.0,-0.10588755798657257,False
Ro120_q0.55_L23W_r0.60_th140_kc-10_ko-10,gb_spacing,-2.8758206030409745e-14,0.0,0.0,0.0,1.0,2.8758206030409745e-14,0.0,0.0,0.0,False
Ro120_q0.55_L23W_r0.60_th140_kc+0_ko+0,center_outer_exchange,9.87375293168963e-14,0.0,0.0,0.0,-1.0,9.87375293168963e-14,-0.0,-0.0,-0.0,False
Ro120_q0.55_L23W_r0.60_th140_kc+0_ko+0,tj_radius,-4.8996204048479625e-14,-71188882.36725703,3.960002640000583e-08,-0.26675999254910376,1.0,4.8996204048479625e-14,-71188882.36725703,3.960002640000583e-08,-0.26675999254910376,False
Ro120_q0.55_L23W_r0.60_th140_kc+0_ko+0,center_curvature,4.862058957288653e-15,-125000000.0,0.0,-2.2242999018953213,-1.0,4.862058957288653e-15,125000000.0,-0.0,2.2242999018953213,True
Ro120_q0.55_L23W_r0.60_th140_kc+0_ko+0,outer_curvature,5.76345885214223e-14,-125000000.0,0.0,-2.2242999018953213,-1.0,5.76345885214223e-14,125000000.0,-0.0,2.2242999018953213,True
Ro120_q0.55_L23W_r0.60_th140_kc+0_ko+0,center_angle,2.8303026355385638e-15,6477653.150044382,0.0,0.11526572659459333,-1.0,2.8303026355385638e-15,-6477653.150044382,-0.0,-0.11526572659459333,False
Ro120_q0.55_L23W_r0.60_th140_kc+0_ko+0,outer_angle,9.298127894590113e-15,6477653.150044382,0.0,0.11526572659459333,-1.0,9.298127894590113e-15,-6477653.150044382,-0.0,-0.11526572659459333,False
Ro120_q0.55_L23W_r0.60_th140_kc+0_ko+0,gb_spacing,-2.8642068259218303e-14,0.0,0.0,0.0,1.0,2.8642068259218303e-14,0.0,0.0,0.0,False
Ro120_q0.55_L23W_r0.60_th140_kc+10_ko+10,center_outer_exchange,9.868703722428618e-14,0.0,0.0,0.0,-1.0,9.868703722428618e-14,-0.0,-0.0,-0.0,False
Ro120_q0.55_L23W_r0.60_th140_kc+10_ko+10,tj_radius,-4.645684920826384e-14,-71188882.36725703,3.960002640000583e-08,-0.39538981089692893,1.0,4.645684920826384e-14,-71188882.36725703,3.960002640000583e-08,-0.39538981089692893,False
Ro120_q0.55_L23W_r0.60_th140_kc+10_ko+10,center_curvature,4.972568251397596e-15,-125000000.0,0.0,-2.450162225363428,-1.0,4.972568251397596e-15,125000000.0,-0.0,2.450162225363428,True
Ro120_q0.55_L23W_r0.60_th140_kc+10_ko+10,outer_curvature,6.41313910289565e-14,-125000000.0,0.0,-2.450162225363428,-1.0,6.41313910289565e-14,125000000.0,-0.0,2.450162225363428,True
Ro120_q0.55_L23W_r0.60_th140_kc+10_ko+10,center_angle,2.7804945872540978e-15,6477653.150044382,0.0,0.1269700814549024,-1.0,2.7804945872540978e-15,-6477653.150044382,-0.0,-0.1269700814549024,False
Ro120_q0.55_L23W_r0.60_th140_kc+10_ko+10,outer_angle,8.79162731775577e-15,6477653.150044382,0.0,0.1269700814549024,-1.0,8.79162731775577e-15,-6477653.150044382,-0.0,-0.1269700814549024,False
Ro120_q0.55_L23W_r0.60_th140_kc+10_ko+10,gb_spacing,-2.849891103402129e-14,0.0,0.0,0.0,1.0,2.849891103402129e-14,0.0,0.0,0.0,False
Ro120_q0.55_L23W_r0.60_th160_kc-10_ko-10,center_outer_exchange,1.0013122199545767e-13,0.0,0.0,0.0,-1.0,1.0013122199545767e-13,-0.0,-0.0,-0.0,False
Ro120_q0.55_L23W_r0.60_th160_kc-10_ko-10,tj_radius,-4.804832502668003e-14,-74606697.69324735,3.960002640000583e-08,-0.1873136062110481,1.0,4.804832502668003e-14,-74606697.69324735,3.960002640000583e-08,-0.1873136062110481,False
Ro120_q0.55_L23W_r0.60_th160_kc-10_ko-10,center_curvature,4.562423682322811e-15,-125000000.0,0.0,-1.989292087937744,-1.0,4.562423682322811e-15,125000000.0,-0.0,1.989292087937744,True
Ro120_q0.55_L23W_r0.60_th160_kc-10_ko-10,outer_curvature,5.123592660544353e-14,-125000000.0,0.0,-1.989292087937744,-1.0,5.123592660544353e-14,125000000.0,-0.0,1.989292087937744,True
Ro120_q0.55_L23W_r0.60_th160_kc-10_ko-10,center_angle,2.8031466045929687e-15,3288790.6955629587,0.0,0.05233885211464173,-1.0,2.8031466045929687e-15,-3288790.6955629587,-0.0,-0.05233885211464173,False
Ro120_q0.55_L23W_r0.60_th160_kc-10_ko-10,outer_angle,8.497053107318943e-15,3288790.6955629587,0.0,0.05233885211464173,-1.0,8.497053107318943e-15,-3288790.6955629587,-0.0,-0.05233885211464173,False
Ro120_q0.55_L23W_r0.60_th160_kc-10_ko-10,gb_spacing,-2.8921343971159954e-14,0.0,0.0,0.0,1.0,2.8921343971159954e-14,0.0,0.0,0.0,False
Ro120_q0.55_L23W_r0.60_th160_kc+0_ko+0,center_outer_exchange,1.0003887050699947e-13,0.0,0.0,0.0,-1.0,1.0003887050699947e-13,-0.0,-0.0,-0.0,False
Ro120_q0.55_L23W_r0.60_th160_kc+0_ko+0,tj_radius,-4.575416894862792e-14,-74606697.69324735,3.960002640000583e-08,-0.28811184244703636,1.0,4.575416894862792e-14,-74606697.69324735,3.960002640000583e-08,-0.28811184244703636,False
Ro120_q0.55_L23W_r0.60_th160_kc+0_ko+0,center_curvature,4.646627142901603e-15,-125000000.0,0.0,-2.158175996581302,-1.0,4.646627142901603e-15,125000000.0,-0.0,2.158175996581302,True
Ro120_q0.55_L23W_r0.60_th160_kc+0_ko+0,outer_curvature,5.613888747160097e-14,-125000000.0,0.0,-2.158175996581302,-1.0,5.613888747160097e-14,125000000.0,-0.0,2.158175996581302,True
Ro120_q0.55_L23W_r0.60_th160_kc+0_ko+0,center_angle,2.8012964668471437e-15,3288790.6955629587,0.0,0.05678221482696699,-1.0,2.8012964668471437e-15,-3288790.6955629587,-0.0,-0.05678221482696699,False
Ro120_q0.55_L23W_r0.60_th160_kc+0_ko+0,outer_angle,8.581164015681865e-15,3288790.6955629587,0.0,0.05678221482696699,-1.0,8.581164015681865e-15,-3288790.6955629587,-0.0,-0.05678221482696699,False
Ro120_q0.55_L23W_r0.60_th160_kc+0_ko+0,gb_spacing,-2.874025738664631e-14,0.0,0.0,0.0,1.0,2.874025738664631e-14,0.0,0.0,0.0,False
Ro120_q0.55_L23W_r0.60_th160_kc+10_ko+10,center_outer_exchange,9.990518843942542e-14,0.0,0.0,0.0,-1.0,9.990518843942542e-14,-0.0,-0.0,-0.0,False
Ro120_q0.55_L23W_r0.60_th160_kc+10_ko+10,tj_radius,-4.2951218936162117e-14,-74606697.69324735,3.960002640000583e-08,-0.41264316264233436,1.0,4.2951218936162117e-14,-74606697.69324735,3.960002640000583e-08,-0.41264316264233436,False
Ro120_q0.55_L23W_r0.60_th160_kc+10_ko+10,center_curvature,4.730961522041054e-15,-125000000.0,0.0,-2.366824218398844,-1.0,4.730961522041054e-15,125000000.0,-0.0,2.366824218398844,True
Ro120_q0.55_L23W_r0.60_th160_kc+10_ko+10,outer_curvature,6.101954968204136e-14,-125000000.0,0.0,-2.366824218398844,-1.0,6.101954968204136e-14,125000000.0,-0.0,2.366824218398844,True
Ro120_q0.55_L23W_r0.60_th160_kc+10_ko+10,center_angle,2.7978120541933692e-15,3288790.6955629587,0.0,0.06227177203044221,-1.0,2.7978120541933692e-15,-3288790.6955629587,-0.0,-0.06227177203044221,False
Ro120_q0.55_L23W_r0.60_th160_kc+10_ko+10,outer_angle,8.559304932231732e-15,3288790.6955629587,0.0,0.06227177203044221,-1.0,8.559304932231732e-15,-3288790.6955629587,-0.0,-0.06227177203044221,False
Ro120_q0.55_L23W_r0.60_th160_kc+10_ko+10,gb_spacing,-2.853962690497714e-14,0.0,0.0,0.0,1.0,2.853962690497714e-14,0.0,0.0,0.0,False
Ro120_q0.55_L23W_r0.75_th120_kc-10_ko-10,center_outer_exchange,6.701878041639577e-14,0.0,0.0,0.0,-1.0,6.701878041639577e-14,-0.0,-0.0,-0.0,False
Ro120_q0.55_L23W_r0.75_th120_kc-10_ko-10,tj_radius,-6.005852648115252e-14,-52486423.0990801,4.950003300000646e-08,-0.01516121469824494,1.0,6.005852648115252e-14,-52486423.0990801,4.950003300000646e-08,-0.01516121469824494,False
Ro120_q0.55_L23W_r0.75_th120_kc-10_ko-10,center_curvature,3.209828801812915e-15,-125000000.0,0.0,-2.4176836194431672,-1.0,3.209828801812915e-15,125000000.0,-0.0,2.4176836194431672,True
Ro120_q0.55_L23W_r0.75_th120_kc-10_ko-10,outer_curvature,4.9947143354315924e-14,-125000000.0,0.0,-2.4176836194431672,-1.0,4.9947143354315924e-14,125000000.0,-0.0,2.4176836194431672,True
Ro120_q0.55_L23W_r0.75_th120_kc-10_ko-10,center_angle,1.885474950250234e-15,7575756.3131302595,0.0,0.1465258870236852,-1.0,1.885474950250234e-15,-7575756.3131302595,-0.0,-0.1465258870236852,False
Ro120_q0.55_L23W_r0.75_th120_kc-10_ko-10,outer_angle,1.003264308982164e-14,7575756.3131302595,0.0,0.1465258870236852,-1.0,1.003264308982164e-14,-7575756.3131302595,-0.0,-0.1465258870236852,False
Ro120_q0.55_L23W_r0.75_th120_kc-10_ko-10,gb_spacing,-1.1779330121861348e-14,0.0,0.0,0.0,1.0,1.1779330121861348e-14,0.0,0.0,0.0,False
Ro120_q0.55_L23W_r0.75_th120_kc+0_ko+0,center_outer_exchange,6.85804435987613e-14,0.0,0.0,0.0,-1.0,6.85804435987613e-14,-0.0,-0.0,-0.0,False
Ro120_q0.55_L23W_r0.75_th120_kc+0_ko+0,tj_radius,-6.128825286294837e-14,-52486423.0990801,4.950003300000646e-08,-0.13356349534032752,1.0,6.128825286294837e-14,-52486423.0990801,4.950003300000646e-08,-0.13356349534032752,False
Ro120_q0.55_L23W_r0.75_th120_kc+0_ko+0,center_curvature,3.719864918777317e-15,-125000000.0,0.0,-2.6996705157165124,-1.0,3.719864918777317e-15,125000000.0,-0.0,2.6996705157165124,True
Ro120_q0.55_L23W_r0.75_th120_kc+0_ko+0,outer_curvature,6.909095567990061e-14,-125000000.0,0.0,-2.6996705157165124,-1.0,6.909095567990061e-14,125000000.0,-0.0,2.6996705157165124,True
Ro120_q0.55_L23W_r0.75_th120_kc+0_ko+0,center_angle,2.0138110785830016e-15,7575756.3131302595,0.0,0.16361578747758898,-1.0,2.0138110785830016e-15,-7575756.3131302595,-0.0,-0.16361578747758898,False
Ro120_q0.55_L23W_r0.75_th120_kc+0_ko+0,outer_angle,1.0889374939494151e-14,7575756.3131302595,0.0,0.16361578747758898,-1.0,1.0889374939494151e-14,-7575756.3131302595,-0.0,-0.16361578747758898,False
Ro120_q0.55_L23W_r0.75_th120_kc+0_ko+0,gb_spacing,-1.2588065200697285e-14,0.0,0.0,0.0,1.0,1.2588065200697285e-14,0.0,0.0,0.0,False
Ro120_q0.55_L23W_r0.75_th120_kc+10_ko+10,center_outer_exchange,6.9901593676881e-14,0.0,0.0,0.0,-1.0,6.9901593676881e-14,-0.0,-0.0,-0.0,False
Ro120_q0.55_L23W_r0.75_th120_kc+10_ko+10,tj_radius,-6.049845046016345e-14,-52486423.0990801,4.950003300000646e-08,-0.2935544769002707,1.0,6.049845046016345e-14,-52486423.0990801,4.950003300000646e-08,-0.2935544769002707,False
Ro120_q0.55_L23W_r0.75_th120_kc+10_ko+10,center_curvature,4.21797430630596e-15,-125000000.0,0.0,-3.080707199099919,-1.0,4.21797430630596e-15,125000000.0,-0.0,3.080707199099919,True
Ro120_q0.55_L23W_r0.75_th120_kc+10_ko+10,outer_curvature,8.798311534930498e-14,-125000000.0,0.0,-3.080707199099919,-1.0,8.798311534930498e-14,125000000.0,-0.0,3.080707199099919,True
Ro120_q0.55_L23W_r0.75_th120_kc+10_ko+10,center_angle,2.1017324162733192e-15,7575756.3131302595,0.0,0.18670849275892465,-1.0,2.1017324162733192e-15,-7575756.3131302595,-0.0,-0.18670849275892465,False
Ro120_q0.55_L23W_r0.75_th120_kc+10_ko+10,outer_angle,1.0388296844342664e-14,7575756.3131302595,0.0,0.18670849275892465,-1.0,1.0388296844342664e-14,-7575756.3131302595,-0.0,-0.18670849275892465,False
Ro120_q0.55_L23W_r0.75_th120_kc+10_ko+10,gb_spacing,-1.3270049544487562e-14,0.0,0.0,0.0,1.0,1.3270049544487562e-14,0.0,0.0,0.0,False
Ro120_q0.55_L23W_r0.75_th140_kc-10_ko-10,center_outer_exchange,7.495398842523744e-14,0.0,0.0,0.0,-1.0,7.495398842523744e-14,-0.0,-0.0,-0.0,False
Ro120_q0.55_L23W_r0.75_th140_kc-10_ko-10,tj_radius,-6.40560748524779e-14,-56951105.89380562,4.950003300000646e-08,-0.054069429644032496,1.0,6.40560748524779e-14,-56951105.89380562,4.950003300000646e-08,-0.054069429644032496,False
Ro120_q0.55_L23W_r0.75_th140_kc-10_ko-10,center_curvature,4.033632705787704e-15,-125000000.0,0.0,-2.3135470885700116,-1.0,4.033632705787704e-15,125000000.0,-0.0,2.3135470885700116,True
Ro120_q0.55_L23W_r0.75_th140_kc-10_ko-10,outer_curvature,5.769496168029922e-14,-125000000.0,0.0,-2.3135470885700116,-1.0,5.769496168029922e-14,125000000.0,-0.0,2.3135470885700116,True
Ro120_q0.55_L23W_r0.75_th140_kc-10_ko-10,center_angle,2.425678765999392e-15,5182122.520035133,0.0,0.09591246579798707,-1.0,2.425678765999392e-15,-5182122.520035133,-0.0,-0.09591246579798707,False
Ro120_q0.55_L23W_r0.75_th140_kc-10_ko-10,outer_angle,1.052197703717931e-14,5182122.520035133,0.0,0.09591246579798707,-1.0,1.052197703717931e-14,-5182122.520035133,-0.0,-0.09591246579798707,False
Ro120_q0.55_L23W_r0.75_th140_kc-10_ko-10,gb_spacing,-1.5324908258593027e-14,0.0,0.0,0.0,1.0,1.5324908258593027e-14,0.0,0.0,0.0,False
Ro120_q0.55_L23W_r0.75_th140_kc+0_ko+0,center_outer_exchange,7.571950082343398e-14,0.0,0.0,0.0,-1.0,7.571950082343398e-14,-0.0,-0.0,-0.0,False
Ro120_q0.55_L23W_r0.75_th140_kc+0_ko+0,tj_radius,-6.317183771809545e-14,-56951105.89380562,4.950003300000646e-08,-0.16827118898310456,1.0,6.317183771809545e-14,-56951105.89380562,4.950003300000646e-08,-0.16827118898310456,False
Ro120_q0.55_L23W_r0.75_th140_kc+0_ko+0,center_curvature,4.3208786104734605e-15,-125000000.0,0.0,-2.5642074656406777,-1.0,4.3208786104734605e-15,125000000.0,-0.0,2.5642074656406777,True
Ro120_q0.55_L23W_r0.75_th140_kc+0_ko+0,outer_curvature,6.923663093911064e-14,-125000000.0,0.0,-2.5642074656406777,-1.0,6.923663093911064e-14,125000000.0,-0.0,2.5642074656406777,True
Ro120_q0.55_L23W_r0.75_th140_kc+0_ko+0,center_angle,2.4811373380091734e-15,5182122.520035133,0.0,0.10630397772004585,-1.0,2.4811373380091734e-15,-5182122.520035133,-0.0,-0.10630397772004585,False
Ro120_q0.55_L23W_r0.75_th140_kc+0_ko+0,outer_angle,1.078393484765186e-14,5182122.520035133,0.0,0.10630397772004585,-1.0,1.078393484765186e-14,-5182122.520035133,-0.0,-0.10630397772004585,False
Ro120_q0.55_L23W_r0.75_th140_kc+0_ko+0,gb_spacing,-1.56480472657534e-14,0.0,0.0,0.0,1.0,1.56480472657534e-14,0.0,0.0,0.0,False
Ro120_q0.55_L23W_r0.75_th140_kc+10_ko+10,center_outer_exchange,7.634899882898246e-14,0.0,0.0,0.0,-1.0,7.634899882898246e-14,-0.0,-0.0,-0.0,False
Ro120_q0.55_L23W_r0.75_th140_kc+10_ko+10,tj_radius,-6.106202236853582e-14,-56951105.89380562,4.950003300000646e-08,-0.3189525093987289,1.0,6.106202236853582e-14,-56951105.89380562,4.950003300000646e-08,-0.3189525093987289,False
Ro120_q0.55_L23W_r0.75_th140_kc+10_ko+10,center_curvature,4.603471753675147e-15,-125000000.0,0.0,-2.8949379057880975,-1.0,4.603471753675147e-15,125000000.0,-0.0,2.8949379057880975,True
Ro120_q0.55_L23W_r0.75_th140_kc+10_ko+10,outer_curvature,8.068358975849152e-14,-125000000.0,0.0,-2.8949379057880975,-1.0,8.068358975849152e-14,125000000.0,-0.0,2.8949379057880975,True
Ro120_q0.55_L23W_r0.75_th140_kc+10_ko+10,center_angle,2.5219414178894554e-15,5182122.520035133,0.0,0.12001485414536717,-1.0,2.5219414178894554e-15,-5182122.520035133,-0.0,-0.12001485414536717,False
Ro120_q0.55_L23W_r0.75_th140_kc+10_ko+10,outer_angle,1.0531209703920361e-14,5182122.520035133,0.0,0.12001485414536717,-1.0,1.0531209703920361e-14,-5182122.520035133,-0.0,-0.12001485414536717,False
Ro120_q0.55_L23W_r0.75_th140_kc+10_ko+10,gb_spacing,-1.590048113259209e-14,0.0,0.0,0.0,1.0,1.590048113259209e-14,0.0,0.0,0.0,False
Ro120_q0.55_L23W_r0.75_th160_kc-10_ko-10,center_outer_exchange,8.007829652764869e-14,0.0,0.0,0.0,-1.0,8.007829652764869e-14,-0.0,-0.0,-0.0,False
Ro120_q0.55_L23W_r0.75_th160_kc-10_ko-10,tj_radius,-6.410340074596085e-14,-59685358.1545949,4.950003300000646e-08,-0.07671549590371196,1.0,6.410340074596085e-14,-59685358.1545949,4.950003300000646e-08,-0.07671549590371196,False
Ro120_q0.55_L23W_r0.75_th160_kc-10_ko-10,center_curvature,4.5366296018450255e-15,-125000000.0,0.0,-2.2549887135525637,-1.0,4.5366296018450255e-15,125000000.0,-0.0,2.2549887135525637,True
Ro120_q0.55_L23W_r0.75_th160_kc-10_ko-10,outer_curvature,6.186264757967308e-14,-125000000.0,0.0,-2.2549887135525637,-1.0,6.186264757967308e-14,125000000.0,-0.0,2.2549887135525637,True
Ro120_q0.55_L23W_r0.75_th160_kc-10_ko-10,center_angle,2.7607399387638187e-15,2631032.556451857,0.0,0.04746349393780491,-1.0,2.7607399387638187e-15,-2631032.556451857,-0.0,-0.04746349393780491,False
Ro120_q0.55_L23W_r0.75_th160_kc-10_ko-10,outer_angle,1.0186646176802273e-14,2631032.556451857,0.0,0.04746349393780491,-1.0,1.0186646176802273e-14,-2631032.556451857,-0.0,-0.04746349393780491,False
Ro120_q0.55_L23W_r0.75_th160_kc-10_ko-10,gb_spacing,-1.7290562788634175e-14,0.0,0.0,0.0,1.0,1.7290562788634175e-14,0.0,0.0,0.0,False
Ro120_q0.55_L23W_r0.75_th160_kc+0_ko+0,center_outer_exchange,8.045480615569452e-14,0.0,0.0,0.0,-1.0,8.045480615569452e-14,-0.0,-0.0,-0.0,False
Ro120_q0.55_L23W_r0.75_th160_kc+0_ko+0,tj_radius,-6.208901165687569e-14,-59685358.1545949,4.950003300000646e-08,-0.18853259955198265,1.0,6.208901165687569e-14,-59685358.1545949,4.950003300000646e-08,-0.18853259955198265,False
Ro120_q0.55_L23W_r0.75_th160_kc+0_ko+0,center_curvature,4.74067947455398e-15,-125000000.0,0.0,-2.4891715655712687,-1.0,4.74067947455398e-15,125000000.0,-0.0,2.4891715655712687,True
Ro120_q0.55_L23W_r0.75_th160_kc+0_ko+0,outer_curvature,7.049902275517722e-14,-125000000.0,0.0,-2.4891715655712687,-1.0,7.049902275517722e-14,125000000.0,-0.0,2.4891715655712687,True
Ro120_q0.55_L23W_r0.75_th160_kc+0_ko+0,center_angle,2.8178715354001165e-15,2631032.5564499944,0.0,0.05239258769940136,-1.0,2.8178715354001165e-15,-2631032.5564499944,-0.0,-0.05239258769940136,False
Ro120_q0.55_L23W_r0.75_th160_kc+0_ko+0,outer_angle,1.0612303377307564e-14,2631032.5564499944,0.0,0.05239258769940136,-1.0,1.0612303377307564e-14,-2631032.5564499944,-0.0,-0.05239258769940136,False
Ro120_q0.55_L23W_r0.75_th160_kc+0_ko+0,gb_spacing,-1.736786411045768e-14,0.0,0.0,0.0,1.0,1.736786411045768e-14,0.0,0.0,0.0,False
Ro120_q0.55_L23W_r0.75_th160_kc+10_ko+10,center_outer_exchange,8.073628609853662e-14,0.0,0.0,0.0,-1.0,8.073628609853662e-14,-0.0,-0.0,-0.0,False
Ro120_q0.55_L23W_r0.75_th160_kc+10_ko+10,tj_radius,-5.91621980273377e-14,-59685358.1545949,4.950003300000646e-08,-0.3341928867188759,1.0,5.91621980273377e-14,-59685358.1545949,4.950003300000646e-08,-0.3341928867188759,False
Ro120_q0.55_L23W_r0.75_th160_kc+10_ko+10,center_curvature,4.942301531522978e-15,-125000000.0,0.0,-2.7942346144085306,-1.0,4.942301531522978e-15,125000000.0,-0.0,2.7942346144085306,True
Ro120_q0.55_L23W_r0.75_th160_kc+10_ko+10,outer_curvature,7.909690490677144e-14,-125000000.0,0.0,-2.7942346144085306,-1.0,7.909690490677144e-14,125000000.0,-0.0,2.7942346144085306,True
Ro120_q0.55_L23W_r0.75_th160_kc+10_ko+10,center_angle,2.869525708917812e-15,2631032.5564499944,0.0,0.058813546171876396,-1.0,2.869525708917812e-15,-2631032.5564499944,-0.0,-0.058813546171876396,False
Ro120_q0.55_L23W_r0.75_th160_kc+10_ko+10,outer_angle,1.0851033040558238e-14,2631032.5564499944,0.0,0.058813546171876396,-1.0,1.0851033040558238e-14,-2631032.5564499944,-0.0,-0.058813546171876396,False
Ro120_q0.55_L23W_r0.75_th160_kc+10_ko+10,gb_spacing,-1.739655414420156e-14,0.0,0.0,0.0,1.0,1.739655414420156e-14,0.0,0.0,0.0,False
Ro120_q0.55_L30W_r0.60_th120_kc-10_ko-10,center_outer_exchange,4.6675350739343564e-14,0.0,0.0,0.0,-1.0,4.6675350739343564e-14,-0.0,-0.0,-0.0,False
Ro120_q0.55_L30W_r0.60_th120_kc-10_ko-10,tj_radius,-3.815003170054354e-14,-65608028.873853385,3.960002640000583e-08,-0.12304723541356477,1.0,3.815003170054354e-14,-65608028.873853385,3.960002640000583e-08,-0.12304723541356477,False
Ro120_q0.55_L30W_r0.60_th120_kc-10_ko-10,center_curvature,2.41260861764383e-15,-125000000.0,0.0,-2.1396961890189914,-1.0,2.41260861764383e-15,125000000.0,-0.0,2.1396961890189914,True
Ro120_q0.55_L30W_r0.60_th120_kc-10_ko-10,outer_curvature,5.105603385394328e-14,-125000000.0,0.0,-2.1396961890189914,-1.0,5.105603385394328e-14,125000000.0,-0.0,2.1396961890189914,True
Ro120_q0.55_L30W_r0.60_th120_kc-10_ko-10,center_angle,1.193580649405751e-15,9469695.39141655,0.0,0.16209789438470512,-1.0,1.193580649405751e-15,-9469695.39141655,-0.0,-0.16209789438470512,False
Ro120_q0.55_L30W_r0.60_th120_kc-10_ko-10,outer_angle,1.0496043005039791e-14,9469695.39141655,0.0,0.16209789438470512,-1.0,1.0496043005039791e-14,-9469695.39141655,-0.0,-0.16209789438470512,False
Ro120_q0.55_L30W_r0.60_th120_kc-10_ko-10,gb_spacing,8.811036257521641e-16,0.0,0.0,0.0,-1.0,8.811036257521641e-16,-0.0,-0.0,-0.0,False
Ro120_q0.55_L30W_r0.60_th120_kc+0_ko+0,center_outer_exchange,4.8307594165142025e-14,0.0,0.0,0.0,-1.0,4.8307594165142025e-14,-0.0,-0.0,-0.0,False
Ro120_q0.55_L30W_r0.60_th120_kc+0_ko+0,tj_radius,-3.7846617946177195e-14,-65608028.87385152,3.960002640000583e-08,-0.2301226466844275,1.0,3.7846617946177195e-14,-65608028.87385152,3.960002640000583e-08,-0.2301226466844275,False
Ro120_q0.55_L30W_r0.60_th120_kc+0_ko+0,center_curvature,3.245828268006347e-15,-125000000.0,0.0,-2.343703958266441,-1.0,3.245828268006347e-15,125000000.0,-0.0,2.343703958266441,True
Ro120_q0.55_L30W_r0.60_th120_kc+0_ko+0,outer_curvature,6.201686520922873e-14,-125000000.0,0.0,-2.343703958266441,-1.0,6.201686520922873e-14,125000000.0,-0.0,2.343703958266441,True
Ro120_q0.55_L30W_r0.60_th120_kc+0_ko+0,center_angle,1.429497202192581e-15,9469695.391414687,0.0,0.1775529014979016,-1.0,1.429497202192581e-15,-9469695.391414687,-0.0,-0.1775529014979016,False
Ro120_q0.55_L30W_r0.60_th120_kc+0_ko+0,outer_angle,1.0303413972008105e-14,9469695.391414687,0.0,0.1775529014979016,-1.0,1.0303413972008105e-14,-9469695.391414687,-0.0,-0.1775529014979016,False
Ro120_q0.55_L30W_r0.60_th120_kc+0_ko+0,gb_spacing,-7.156103437308961e-17,0.0,0.0,0.0,1.0,7.156103437308961e-17,0.0,0.0,0.0,False
Ro120_q0.55_L30W_r0.60_th120_kc+10_ko+10,center_outer_exchange,4.972271349560503e-14,0.0,0.0,0.0,-1.0,4.972271349560503e-14,-0.0,-0.0,-0.0,False
Ro120_q0.55_L30W_r0.60_th120_kc+10_ko+10,tj_radius,-3.633415107238815e-14,-65608028.87385152,3.960002640000583e-08,-0.36630285705141485,1.0,3.633415107238815e-14,-65608028.87385152,3.960002640000583e-08,-0.36630285705141485,False
Ro120_q0.55_L30W_r0.60_th120_kc+10_ko+10,center_curvature,4.059747647474348e-15,-125000000.0,0.0,-2.6031649785213107,-1.0,4.059747647474348e-15,125000000.0,-0.0,2.6031649785213107,True
Ro120_q0.55_L30W_r0.60_th120_kc+10_ko+10,outer_curvature,7.27666025278831e-14,-125000000.0,0.0,-2.6031649785213107,-1.0,7.27666025278831e-14,125000000.0,-0.0,2.6031649785213107,True
Ro120_q0.55_L30W_r0.60_th120_kc+10_ko+10,center_angle,1.601032424551842e-15,9469695.391414687,0.0,0.19720881981299954,-1.0,1.601032424551842e-15,-9469695.391414687,-0.0,-0.19720881981299954,False
Ro120_q0.55_L30W_r0.60_th120_kc+10_ko+10,outer_angle,9.325498348468929e-15,9469695.391414687,0.0,0.19720881981299954,-1.0,9.325498348468929e-15,-9469695.391414687,-0.0,-0.19720881981299954,False
Ro120_q0.55_L30W_r0.60_th120_kc+10_ko+10,gb_spacing,-8.509315539643119e-16,0.0,0.0,0.0,1.0,8.509315539643119e-16,0.0,0.0,0.0,False
Ro120_q0.55_L30W_r0.60_th140_kc-10_ko-10,center_outer_exchange,5.3092746120745475e-14,0.0,0.0,0.0,-1.0,5.3092746120745475e-14,-0.0,-0.0,-0.0,False
Ro120_q0.55_L30W_r0.60_th140_kc-10_ko-10,tj_radius,-3.9268327494025415e-14,-71188882.36725703,3.960002640000583e-08,-0.16369478120414893,1.0,3.9268327494025415e-14,-71188882.36725703,3.960002640000583e-08,-0.16369478120414893,False
Ro120_q0.55_L30W_r0.60_th140_kc-10_ko-10,center_curvature,3.940661651818431e-15,-125000000.0,0.0,-2.043327084927493,-1.0,3.940661651818431e-15,125000000.0,-0.0,2.043327084927493,True
Ro120_q0.55_L30W_r0.60_th140_kc-10_ko-10,outer_curvature,5.1072951679012853e-14,-125000000.0,0.0,-2.043327084927493,-1.0,5.1072951679012853e-14,125000000.0,-0.0,2.043327084927493,True
Ro120_q0.55_L30W_r0.60_th140_kc-10_ko-10,center_angle,1.9251936317914528e-15,6477653.150044382,0.0,0.10588755798657257,-1.0,1.9251936317914528e-15,-6477653.150044382,-0.0,-0.10588755798657257,False
Ro120_q0.55_L30W_r0.60_th140_kc-10_ko-10,outer_angle,9.510941485653321e-15,6477653.150044382,0.0,0.10588755798657257,-1.0,9.510941485653321e-15,-6477653.150044382,-0.0,-0.10588755798657257,False
Ro120_q0.55_L30W_r0.60_th140_kc-10_ko-10,gb_spacing,-2.4711828805035105e-15,0.0,0.0,0.0,1.0,2.4711828805035105e-15,0.0,0.0,0.0,False
Ro120_q0.55_L30W_r0.60_th140_kc+0_ko+0,center_outer_exchange,5.396249858761095e-14,0.0,0.0,0.0,-1.0,5.396249858761095e-14,-0.0,-0.0,-0.0,False
Ro120_q0.55_L30W_r0.60_th140_kc+0_ko+0,tj_radius,-3.783125752582438e-14,-71188882.36725703,3.960002640000583e-08,-0.26675999254910376,1.0,3.783125752582438e-14,-71188882.36725703,3.960002640000583e-08,-0.26675999254910376,False
Ro120_q0.55_L30W_r0.60_th140_kc+0_ko+0,center_curvature,4.416648296544798e-15,-125000000.0,0.0,-2.2242999018953213,-1.0,4.416648296544798e-15,125000000.0,-0.0,2.2242999018953213,True
Ro120_q0.55_L30W_r0.60_th140_kc+0_ko+0,outer_curvature,5.763458852144754e-14,-125000000.0,0.0,-2.2242999018953213,-1.0,5.763458852144754e-14,125000000.0,-0.0,2.2242999018953213,True
Ro120_q0.55_L30W_r0.60_th140_kc+0_ko+0,center_angle,2.0297489293285954e-15,6477653.150044382,0.0,0.11526572659459333,-1.0,2.0297489293285954e-15,-6477653.150044382,-0.0,-0.11526572659459333,False
Ro120_q0.55_L30W_r0.60_th140_kc+0_ko+0,outer_angle,9.298127894577491e-15,6477653.150044382,0.0,0.11526572659459333,-1.0,9.298127894577491e-15,-6477653.150044382,-0.0,-0.11526572659459333,False
Ro120_q0.55_L30W_r0.60_th140_kc+0_ko+0,gb_spacing,-2.874363138890153e-15,0.0,0.0,0.0,1.0,2.874363138890153e-15,0.0,0.0,0.0,False
Ro120_q0.55_L30W_r0.60_th140_kc+10_ko+10,center_outer_exchange,5.470757018600088e-14,0.0,0.0,0.0,-1.0,5.470757018600088e-14,-0.0,-0.0,-0.0,False
Ro120_q0.55_L30W_r0.60_th140_kc+10_ko+10,tj_radius,-3.566547725282983e-14,-71188882.36725703,3.960002640000583e-08,-0.39538981089692893,1.0,3.566547725282983e-14,-71188882.36725703,3.960002640000583e-08,-0.39538981089692893,False
Ro120_q0.55_L30W_r0.60_th140_kc+10_ko+10,center_curvature,4.884601576356443e-15,-125000000.0,0.0,-2.450162225363428,-1.0,4.884601576356443e-15,125000000.0,-0.0,2.450162225363428,True
Ro120_q0.55_L30W_r0.60_th140_kc+10_ko+10,outer_curvature,6.41313910289565e-14,-125000000.0,0.0,-2.450162225363428,-1.0,6.41313910289565e-14,125000000.0,-0.0,2.450162225363428,True
Ro120_q0.55_L30W_r0.60_th140_kc+10_ko+10,center_angle,2.1106154243561242e-15,6477653.150044382,0.0,0.1269700814549024,-1.0,2.1106154243561242e-15,-6477653.150044382,-0.0,-0.1269700814549024,False
Ro120_q0.55_L30W_r0.60_th140_kc+10_ko+10,outer_angle,8.79162731775577e-15,6477653.150044382,0.0,0.1269700814549024,-1.0,8.79162731775577e-15,-6477653.150044382,-0.0,-0.1269700814549024,False
Ro120_q0.55_L30W_r0.60_th140_kc+10_ko+10,gb_spacing,-3.178010239385115e-15,0.0,0.0,0.0,1.0,3.178010239385115e-15,0.0,0.0,0.0,False
Ro120_q0.55_L30W_r0.60_th160_kc-10_ko-10,center_outer_exchange,5.722941123456776e-14,0.0,0.0,0.0,-1.0,5.722941123456776e-14,-0.0,-0.0,-0.0,False
Ro120_q0.55_L30W_r0.60_th160_kc-10_ko-10,tj_radius,-3.7992296100822294e-14,-74606697.69324735,3.960002640000583e-08,-0.1873136062110481,1.0,3.7992296100822294e-14,-74606697.69324735,3.960002640000583e-08,-0.1873136062110481,False
Ro120_q0.55_L30W_r0.60_th160_kc-10_ko-10,center_curvature,4.800917022523627e-15,-125000000.0,0.0,-1.989292087937744,-1.0,4.800917022523627e-15,125000000.0,-0.0,1.989292087937744,True
Ro120_q0.55_L30W_r0.60_th160_kc-10_ko-10,outer_curvature,5.123592660545615e-14,-125000000.0,0.0,-1.989292087937744,-1.0,5.123592660545615e-14,125000000.0,-0.0,1.989292087937744,True
Ro120_q0.55_L30W_r0.60_th160_kc-10_ko-10,center_angle,2.3274899142688043e-15,3288790.6955629587,0.0,0.05233885211464173,-1.0,2.3274899142688043e-15,-3288790.6955629587,-0.0,-0.05233885211464173,False
Ro120_q0.55_L30W_r0.60_th160_kc-10_ko-10,outer_angle,8.497053107344187e-15,3288790.6955629587,0.0,0.05233885211464173,-1.0,8.497053107344187e-15,-3288790.6955629587,-0.0,-0.05233885211464173,False
Ro120_q0.55_L30W_r0.60_th160_kc-10_ko-10,gb_spacing,-4.3582621356620795e-15,0.0,0.0,0.0,1.0,4.3582621356620795e-15,0.0,0.0,0.0,False
Ro120_q0.55_L30W_r0.60_th160_kc+0_ko+0,center_outer_exchange,5.772309613113416e-14,0.0,0.0,0.0,-1.0,5.772309613113416e-14,-0.0,-0.0,-0.0,False
Ro120_q0.55_L30W_r0.60_th160_kc+0_ko+0,tj_radius,-3.594018069336566e-14,-74606697.69324735,3.960002640000583e-08,-0.28811184244703636,1.0,3.594018069336566e-14,-74606697.69324735,3.960002640000583e-08,-0.28811184244703636,False
Ro120_q0.55_L30W_r0.60_th160_kc+0_ko+0,center_curvature,5.1421875420580416e-15,-125000000.0,0.0,-2.158175996581302,-1.0,5.1421875420580416e-15,125000000.0,-0.0,2.158175996581302,True
Ro120_q0.55_L30W_r0.60_th160_kc+0_ko+0,outer_curvature,5.613888747160097e-14,-125000000.0,0.0,-2.158175996581302,-1.0,5.613888747160097e-14,125000000.0,-0.0,2.158175996581302,True
Ro120_q0.55_L30W_r0.60_th160_kc+0_ko+0,center_angle,2.4152182593348484e-15,3288790.6955629587,0.0,0.05678221482696699,-1.0,2.4152182593348484e-15,-3288790.6955629587,-0.0,-0.05678221482696699,False
Ro120_q0.55_L30W_r0.60_th160_kc+0_ko+0,outer_angle,8.581164015681865e-15,3288790.6955629587,0.0,0.05678221482696699,-1.0,8.581164015681865e-15,-3288790.6955629587,-0.0,-0.05678221482696699,False
Ro120_q0.55_L30W_r0.60_th160_kc+0_ko+0,gb_spacing,-4.482246269842037e-15,0.0,0.0,0.0,1.0,4.482246269842037e-15,0.0,0.0,0.0,False
Ro120_q0.55_L30W_r0.60_th160_kc+10_ko+10,center_outer_exchange,5.813006248211062e-14,0.0,0.0,0.0,-1.0,5.813006248211062e-14,-0.0,-0.0,-0.0,False
Ro120_q0.55_L30W_r0.60_th160_kc+10_ko+10,tj_radius,-3.334362461919239e-14,-74606697.69324735,3.960002640000583e-08,-0.41264316264233436,1.0,3.334362461919239e-14,-74606697.69324735,3.960002640000583e-08,-0.41264316264233436,False
Ro120_q0.55_L30W_r0.60_th160_kc+10_ko+10,center_curvature,5.4791101186379796e-15,-125000000.0,0.0,-2.366824218398844,-1.0,5.4791101186379796e-15,125000000.0,-0.0,2.366824218398844,True
Ro120_q0.55_L30W_r0.60_th160_kc+10_ko+10,outer_curvature,6.101954968206661e-14,-125000000.0,0.0,-2.366824218398844,-1.0,6.101954968206661e-14,125000000.0,-0.0,2.366824218398844,True
Ro120_q0.55_L30W_r0.60_th160_kc+10_ko+10,center_angle,2.494097727994428e-15,3288790.6955629587,0.0,0.06227177203044221,-1.0,2.494097727994428e-15,-3288790.6955629587,-0.0,-0.06227177203044221,False
Ro120_q0.55_L30W_r0.60_th160_kc+10_ko+10,outer_angle,8.559304932231732e-15,3288790.6955629587,0.0,0.06227177203044221,-1.0,8.559304932231732e-15,-3288790.6955629587,-0.0,-0.06227177203044221,False
Ro120_q0.55_L30W_r0.60_th160_kc+10_ko+10,gb_spacing,-4.536172813301009e-15,0.0,0.0,0.0,1.0,4.536172813301009e-15,0.0,0.0,0.0,False
Ro120_q0.55_L30W_r0.75_th140_kc-10_ko-10,tj_radius,-3.549924080262024e-14,-56951105.89380562,4.950003300000646e-08,-0.054069429644032496,1.0,3.549924080262024e-14,-56951105.89380562,4.950003300000646e-08,-0.054069429644032496,False
Ro120_q0.55_L30W_r0.75_th140_kc-10_ko-10,center_curvature,-1.6633302545073375e-15,-125000000.0,0.0,-2.3135470885700116,1.0,1.6633302545073375e-15,-125000000.0,0.0,-2.3135470885700116,False
Ro120_q0.55_L30W_r0.75_th140_kc-10_ko-10,outer_curvature,5.769496168031184e-14,-125000000.0,0.0,-2.3135470885700116,-1.0,5.769496168031184e-14,125000000.0,-0.0,2.3135470885700116,True
Ro120_q0.55_L30W_r0.75_th140_kc-10_ko-10,center_angle,-6.950318819912784e-16,5182122.520035133,0.0,0.09591246579798707,1.0,6.950318819912784e-16,5182122.520035133,0.0,0.09591246579798707,True
Ro120_q0.55_L30W_r0.75_th140_kc-10_ko-10,outer_angle,1.052197703717931e-14,5182122.520035133,0.0,0.09591246579798707,-1.0,1.052197703717931e-14,-5182122.520035133,-0.0,-0.09591246579798707,False
Ro120_q0.55_L30W_r0.75_th140_kc-10_ko-10,gb_spacing,1.606936226982143e-14,0.0,0.0,0.0,-1.0,1.606936226982143e-14,-0.0,-0.0,-0.0,False
Ro120_q0.55_L30W_r0.75_th140_kc+0_ko+0,center_outer_exchange,1.8325398395104775e-14,0.0,0.0,0.0,-1.0,1.8325398395104775e-14,-0.0,-0.0,-0.0,False
Ro120_q0.55_L30W_r0.75_th140_kc+0_ko+0,tj_radius,-3.595163426901607e-14,-56951105.89380562,4.950003300000646e-08,-0.16827118898310456,1.0,3.595163426901607e-14,-56951105.89380562,4.950003300000646e-08,-0.16827118898310456,False
Ro120_q0.55_L30W_r0.75_th140_kc+0_ko+0,center_curvature,-6.127192893847559e-16,-125000000.0,0.0,-2.5642074656406777,1.0,6.127192893847559e-16,-125000000.0,0.0,-2.5642074656406777,False
Ro120_q0.55_L30W_r0.75_th140_kc+0_ko+0,outer_curvature,6.923663093911064e-14,-125000000.0,0.0,-2.5642074656406777,-1.0,6.923663093911064e-14,125000000.0,-0.0,2.5642074656406777,True
Ro120_q0.55_L30W_r0.75_th140_kc+0_ko+0,center_angle,-2.49813467647146e-16,5182122.520035133,0.0,0.10630397772004585,1.0,2.49813467647146e-16,5182122.520035133,0.0,0.10630397772004585,True
Ro120_q0.55_L30W_r0.75_th140_kc+0_ko+0,outer_angle,1.0783934847639238e-14,5182122.520035133,0.0,0.10630397772004585,-1.0,1.0783934847639238e-14,-5182122.520035133,-0.0,-0.10630397772004585,False
Ro120_q0.55_L30W_r0.75_th140_kc+0_ko+0,gb_spacing,1.468747378821884e-14,0.0,0.0,0.0,-1.0,1.468747378821884e-14,-0.0,-0.0,-0.0,False
Ro120_q0.55_L30W_r0.75_th140_kc+10_ko+10,center_outer_exchange,2.0649956952648524e-14,0.0,0.0,0.0,-1.0,2.0649956952648524e-14,-0.0,-0.0,-0.0,False
Ro120_q0.55_L30W_r0.75_th140_kc+10_ko+10,tj_radius,-3.510761360858537e-14,-56951105.89380562,4.950003300000646e-08,-0.3189525093987289,1.0,3.510761360858537e-14,-56951105.89380562,4.950003300000646e-08,-0.3189525093987289,False
Ro120_q0.55_L30W_r0.75_th140_kc+10_ko+10,center_curvature,4.3247952886489026e-16,-125000000.0,0.0,-2.8949379057880975,-1.0,4.3247952886489026e-16,125000000.0,-0.0,2.8949379057880975,True
Ro120_q0.55_L30W_r0.75_th140_kc+10_ko+10,outer_curvature,8.068358975849152e-14,-125000000.0,0.0,-2.8949379057880975,-1.0,8.068358975849152e-14,125000000.0,-0.0,2.8949379057880975,True
Ro120_q0.55_L30W_r0.75_th140_kc+10_ko+10,center_angle,1.4746693927044543e-16,5182122.520035133,0.0,0.12001485414536717,-1.0,1.4746693927044543e-16,-5182122.520035133,-0.0,-0.12001485414536717,False
Ro120_q0.55_L30W_r0.75_th140_kc+10_ko+10,outer_angle,1.0531209703932983e-14,5182122.520035133,0.0,0.12001485414536717,-1.0,1.0531209703932983e-14,-5182122.520035133,-0.0,-0.12001485414536717,False
Ro120_q0.55_L30W_r0.75_th140_kc+10_ko+10,gb_spacing,1.347465926401856e-14,0.0,0.0,0.0,-1.0,1.347465926401856e-14,-0.0,-0.0,-0.0,False
Ro120_q0.55_L30W_r0.75_th160_kc-10_ko-10,center_outer_exchange,2.616578840031488e-14,0.0,0.0,0.0,-1.0,2.616578840031488e-14,-0.0,-0.0,-0.0,False
Ro120_q0.55_L30W_r0.75_th160_kc-10_ko-10,tj_radius,-3.990002545359868e-14,-59685358.1545949,4.950003300000646e-08,-0.07671549590371196,1.0,3.990002545359868e-14,-59685358.1545949,4.950003300000646e-08,-0.07671549590371196,False
Ro120_q0.55_L30W_r0.75_th160_kc-10_ko-10,center_curvature,1.5476188896331433e-15,-125000000.0,0.0,-2.2549887135525637,-1.0,1.5476188896331433e-15,125000000.0,-0.0,2.2549887135525637,True
Ro120_q0.55_L30W_r0.75_th160_kc-10_ko-10,outer_curvature,6.186264757967308e-14,-125000000.0,0.0,-2.2549887135525637,-1.0,6.186264757967308e-14,125000000.0,-0.0,2.2549887135525637,True
Ro120_q0.55_L30W_r0.75_th160_kc-10_ko-10,center_angle,7.828319062155887e-16,2631032.556451857,0.0,0.04746349393780491,-1.0,7.828319062155887e-16,-2631032.556451857,-0.0,-0.04746349393780491,False
Ro120_q0.55_L30W_r0.75_th160_kc-10_ko-10,outer_angle,1.0186646176789652e-14,2631032.556451857,0.0,0.04746349393780491,-1.0,1.0186646176789652e-14,-2631032.556451857,-0.0,-0.04746349393780491,False
Ro120_q0.55_L30W_r0.75_th160_kc-10_ko-10,gb_spacing,1.1380314083324441e-14,0.0,0.0,0.0,-1.0,1.1380314083324441e-14,-0.0,-0.0,-0.0,False
Ro120_q0.55_L30W_r0.75_th160_kc+0_ko+0,center_outer_exchange,2.7934779560317695e-14,0.0,0.0,0.0,-1.0,2.7934779560317695e-14,-0.0,-0.0,-0.0,False
Ro120_q0.55_L30W_r0.75_th160_kc+0_ko+0,tj_radius,-3.88666633134347e-14,-59685358.1545949,4.950003300000646e-08,-0.18853259955198265,1.0,3.88666633134347e-14,-59685358.1545949,4.950003300000646e-08,-0.18853259955198265,False
Ro120_q0.55_L30W_r0.75_th160_kc+0_ko+0,center_curvature,2.3170275920124884e-15,-125000000.0,0.0,-2.4891715655712687,-1.0,2.3170275920124884e-15,125000000.0,-0.0,2.4891715655712687,True
Ro120_q0.55_L30W_r0.75_th160_kc+0_ko+0,outer_curvature,7.049902275516459e-14,-125000000.0,0.0,-2.4891715655712687,-1.0,7.049902275516459e-14,125000000.0,-0.0,2.4891715655712687,True
Ro120_q0.55_L30W_r0.75_th160_kc+0_ko+0,center_angle,1.0703561865357167e-15,2631032.5564499944,0.0,0.05239258769940136,-1.0,1.0703561865357167e-15,-2631032.5564499944,-0.0,-0.05239258769940136,False
Ro120_q0.55_L30W_r0.75_th160_kc+0_ko+0,outer_angle,1.0612303377307564e-14,2631032.5564499944,0.0,0.05239258769940136,-1.0,1.0612303377307564e-14,-2631032.5564499944,-0.0,-0.05239258769940136,False
Ro120_q0.55_L30W_r0.75_th160_kc+0_ko+0,gb_spacing,1.0555462315542574e-14,0.0,0.0,0.0,-1.0,1.0555462315542574e-14,-0.0,-0.0,-0.0,False
Ro120_q0.55_L30W_r0.75_th160_kc+10_ko+10,center_outer_exchange,2.954257540285116e-14,0.0,0.0,0.0,-1.0,2.954257540285116e-14,-0.0,-0.0,-0.0,False
Ro120_q0.55_L30W_r0.75_th160_kc+10_ko+10,tj_radius,-3.6850946864296463e-14,-59685358.1545949,4.950003300000646e-08,-0.3341928867188759,1.0,3.6850946864296463e-14,-59685358.1545949,4.950003300000646e-08,-0.3341928867188759,False
Ro120_q0.55_L30W_r0.75_th160_kc+10_ko+10,center_curvature,3.075757142949344e-15,-125000000.0,0.0,-2.7942346144085306,-1.0,3.075757142949344e-15,125000000.0,-0.0,2.7942346144085306,True
Ro120_q0.55_L30W_r0.75_th160_kc+10_ko+10,outer_curvature,7.909690490678406e-14,-125000000.0,0.0,-2.7942346144085306,-1.0,7.909690490678406e-14,125000000.0,-0.0,2.7942346144085306,True
Ro120_q0.55_L30W_r0.75_th160_kc+10_ko+10,center_angle,1.3374669916132653e-15,2631032.5564499944,0.0,0.058813546171876396,-1.0,1.3374669916132653e-15,-2631032.5564499944,-0.0,-0.058813546171876396,False
Ro120_q0.55_L30W_r0.75_th160_kc+10_ko+10,outer_angle,1.0851033040558238e-14,2631032.5564499944,0.0,0.058813546171876396,-1.0,1.0851033040558238e-14,-2631032.5564499944,-0.0,-0.058813546171876396,False
Ro120_q0.55_L30W_r0.75_th160_kc+10_ko+10,gb_spacing,9.865274500027416e-15,0.0,0.0,0.0,-1.0,9.865274500027416e-15,-0.0,-0.0,-0.0,False
Ro120_q0.55_L36W_r0.45_th120_kc-10_ko-10,center_outer_exchange,4.139961053423979e-14,0.0,0.0,0.0,-1.0,4.139961053423979e-14,-0.0,-0.0,-0.0,False
Ro120_q0.55_L36W_r0.45_th120_kc-10_ko-10,tj_radius,-2.243130423920954e-14,-87477371.83180079,2.9700019800004372e-08,-0.26887136287034874,1.0,2.243130423920954e-14,-87477371.83180079,2.9700019800004372e-08,-0.26887136287034874,False
Ro120_q0.55_L36W_r0.45_th120_kc-10_ko-10,center_curvature,2.200833817742606e-15,-125000000.0,0.0,-1.813145462993937,-1.0,2.200833817742606e-15,125000000.0,-0.0,1.813145462993937,True
Ro120_q0.55_L36W_r0.45_th120_kc-10_ko-10,outer_curvature,4.385016503735659e-14,-125000000.0,0.0,-1.813145462993937,-1.0,4.385016503735659e-14,125000000.0,-0.0,1.813145462993937,True
Ro120_q0.55_L36W_r0.45_th120_kc-10_ko-10,center_angle,9.381975071000446e-16,12626260.521885008,0.0,0.18314579678868625,-1.0,9.381975071000446e-16,-12626260.521885008,-0.0,-0.18314579678868625,False
Ro120_q0.55_L36W_r0.45_th120_kc-10_ko-10,outer_angle,9.533677685292883e-15,12626260.521885008,0.0,0.18314579678868625,-1.0,9.533677685292883e-15,-12626260.521885008,-0.0,-0.18314579678868625,False
Ro120_q0.55_L36W_r0.45_th120_kc-10_ko-10,gb_spacing,6.449198333383113e-15,0.0,0.0,0.0,-1.0,6.449198333383113e-15,-0.0,-0.0,-0.0,False
Ro120_q0.55_L36W_r0.45_th120_kc+0_ko+0,center_outer_exchange,4.260192532866469e-14,0.0,0.0,0.0,-1.0,4.260192532866469e-14,-0.0,-0.0,-0.0,False
Ro120_q0.55_L36W_r0.45_th120_kc+0_ko+0,tj_radius,-2.1322885873023285e-14,-87477371.83180079,2.9700019800004372e-08,-0.36218844268220973,1.0,2.1322885873023285e-14,-87477371.83180079,2.9700019800004372e-08,-0.36218844268220973,False
Ro120_q0.55_L36W_r0.45_th120_kc+0_ko+0,center_curvature,3.0771446195802732e-15,-125000000.0,0.0,-1.9464907946460386,-1.0,3.0771446195802732e-15,125000000.0,-0.0,1.9464907946460386,True
Ro120_q0.55_L36W_r0.45_th120_kc+0_ko+0,outer_curvature,4.9209653745763154e-14,-125000000.0,0.0,-1.9464907946460386,-1.0,4.9209653745763154e-14,125000000.0,-0.0,1.9464907946460386,True
Ro120_q0.55_L36W_r0.45_th120_kc+0_ko+0,center_angle,1.158459955908675e-15,12626260.521885008,0.0,0.1966149592016464,-1.0,1.158459955908675e-15,-12626260.521885008,-0.0,-0.1966149592016464,False
Ro120_q0.55_L36W_r0.45_th120_kc+0_ko+0,outer_angle,8.858094741142648e-15,12626260.521885008,0.0,0.1966149592016464,-1.0,8.858094741142648e-15,-12626260.521885008,-0.0,-0.1966149592016464,False
Ro120_q0.55_L36W_r0.45_th120_kc+0_ko+0,gb_spacing,5.623886703983309e-15,0.0,0.0,0.0,-1.0,5.623886703983309e-15,-0.0,-0.0,-0.0,False
Ro120_q0.55_L36W_r0.45_th120_kc+10_ko+10,center_outer_exchange,4.364776208026273e-14,0.0,0.0,0.0,-1.0,4.364776208026273e-14,-0.0,-0.0,-0.0,False
Ro120_q0.55_L36W_r0.45_th120_kc+10_ko+10,tj_radius,-1.9582540737274678e-14,-87477371.83180079,2.9700019800004372e-08,-0.47395875335298765,1.0,1.9582540737274678e-14,-87477371.83180079,2.9700019800004372e-08,-0.47395875335298765,False
Ro120_q0.55_L36W_r0.45_th120_kc+10_ko+10,center_curvature,3.934592782646898e-15,-125000000.0,0.0,-2.1062050092721663,-1.0,3.934592782646898e-15,125000000.0,-0.0,2.1062050092721663,True
Ro120_q0.55_L36W_r0.45_th120_kc+10_ko+10,outer_curvature,5.44373494486192e-14,-125000000.0,0.0,-2.1062050092721663,-1.0,5.44373494486192e-14,125000000.0,-0.0,2.1062050092721663,True
Ro120_q0.55_L36W_r0.45_th120_kc+10_ko+10,center_angle,1.312369627268333e-15,12626260.521885008,0.0,0.2127476132098849,-1.0,1.312369627268333e-15,-12626260.521885008,-0.0,-0.2127476132098849,False
Ro120_q0.55_L36W_r0.45_th120_kc+10_ko+10,outer_angle,7.792346414027302e-15,12626260.521885008,0.0,0.2127476132098849,-1.0,7.792346414027302e-15,-12626260.521885008,-0.0,-0.2127476132098849,False
Ro120_q0.55_L36W_r0.45_th120_kc+10_ko+10,gb_spacing,4.962787722689001e-15,0.0,0.0,0.0,-1.0,4.962787722689001e-15,-0.0,-0.0,-0.0,False
Ro120_q0.55_L36W_r0.45_th140_kc-10_ko-10,center_outer_exchange,4.5531994557762415e-14,0.0,0.0,0.0,-1.0,4.5531994557762415e-14,-0.0,-0.0,-0.0,False
Ro120_q0.55_L36W_r0.45_th140_kc-10_ko-10,tj_radius,-2.155841055833503e-14,-94918509.82300937,2.9700019800004372e-08,-0.3114975206160997,1.0,2.155841055833503e-14,-94918509.82300937,2.9700019800004372e-08,-0.3114975206160997,False
Ro120_q0.55_L36W_r0.45_th140_kc-10_ko-10,center_curvature,3.634457787231363e-15,-125000000.0,0.0,-1.7271389487136801,-1.0,3.634457787231363e-15,125000000.0,-0.0,1.7271389487136801,True
Ro120_q0.55_L36W_r0.45_th140_kc-10_ko-10,outer_curvature,4.0090998426375577e-14,-125000000.0,0.0,-1.7271389487136801,-1.0,4.0090998426375577e-14,125000000.0,-0.0,1.7271389487136801,True
Ro120_q0.55_L36W_r0.45_th140_kc-10_ko-10,center_angle,1.517112119713232e-15,8636870.866727084,0.0,0.11933650901507775,-1.0,1.517112119713232e-15,-8636870.866727084,-0.0,-0.11933650901507775,False
Ro120_q0.55_L36W_r0.45_th140_kc-10_ko-10,outer_angle,7.754835682783662e-15,8636870.866727084,0.0,0.11933650901507775,-1.0,7.754835682783662e-15,-8636870.866727084,-0.0,-0.11933650901507775,False
Ro120_q0.55_L36W_r0.45_th140_kc-10_ko-10,gb_spacing,3.821821818314722e-15,0.0,0.0,0.0,-1.0,3.821821818314722e-15,-0.0,-0.0,-0.0,False
Ro120_q0.55_L36W_r0.45_th140_kc+0_ko+0,center_outer_exchange,4.619430765311601e-14,0.0,0.0,0.0,-1.0,4.619430765311601e-14,-0.0,-0.0,-0.0,False
Ro120_q0.55_L36W_r0.45_th140_kc+0_ko+0,tj_radius,-2.0010485797983308e-14,-94918509.82300937,2.9700019800004372e-08,-0.4011112189642452,1.0,2.0010485797983308e-14,-94918509.82300937,2.9700019800004372e-08,-0.4011112189642452,False
Ro120_q0.55_L36W_r0.45_th140_kc+0_ko+0,center_curvature,4.1428681651035985e-15,-125000000.0,0.0,-1.8451535064194502,-1.0,4.1428681651035985e-15,125000000.0,-0.0,1.8451535064194502,True
Ro120_q0.55_L36W_r0.45_th140_kc+0_ko+0,outer_curvature,4.32652481626953e-14,-125000000.0,0.0,-1.8451535064194502,-1.0,4.32652481626953e-14,125000000.0,-0.0,1.8451535064194502,True
Ro120_q0.55_L36W_r0.45_th140_kc+0_ko+0,center_angle,1.6129645094191365e-15,8636870.866727084,0.0,0.1274906897075212,-1.0,1.6129645094191365e-15,-8636870.866727084,-0.0,-0.1274906897075212,False
Ro120_q0.55_L36W_r0.45_th140_kc+0_ko+0,outer_angle,7.340729368263329e-15,8636870.866727084,0.0,0.1274906897075212,-1.0,7.340729368263329e-15,-8636870.866727084,-0.0,-0.1274906897075212,False
Ro120_q0.55_L36W_r0.45_th140_kc+0_ko+0,gb_spacing,3.4572786971259646e-15,0.0,0.0,0.0,-1.0,3.4572786971259646e-15,-0.0,-0.0,-0.0,False
Ro120_q0.55_L36W_r0.45_th140_kc+10_ko+10,center_outer_exchange,4.6767550439162234e-14,0.0,0.0,0.0,-1.0,4.6767550439162234e-14,-0.0,-0.0,-0.0,False
Ro120_q0.55_L36W_r0.45_th140_kc+10_ko+10,tj_radius,-1.8082224984065092e-14,-94918509.82300937,2.9700019800004372e-08,-0.5069484165621807,1.0,1.8082224984065092e-14,-94918509.82300937,2.9700019800004372e-08,-0.5069484165621807,False
Ro120_q0.55_L36W_r0.45_th140_kc+10_ko+10,center_curvature,4.644160401710113e-15,-125000000.0,0.0,-1.9845333070929172,-1.0,4.644160401710113e-15,125000000.0,-0.0,1.9845333070929172,True
Ro120_q0.55_L36W_r0.45_th140_kc+10_ko+10,outer_curvature,4.639180087719757e-14,-125000000.0,0.0,-1.9845333070929172,-1.0,4.639180087719757e-14,125000000.0,-0.0,1.9845333070929172,True
Ro120_q0.55_L36W_r0.45_th140_kc+10_ko+10,center_angle,1.6844801920399455e-15,8636870.866727084,0.0,0.13712108641961152,-1.0,1.6844801920399455e-15,-8636870.866727084,-0.0,-0.13712108641961152,False
Ro120_q0.55_L36W_r0.45_th140_kc+10_ko+10,outer_angle,6.781374118442646e-15,8636870.866727084,0.0,0.13712108641961152,-1.0,6.781374118442646e-15,-8636870.866727084,-0.0,-0.13712108641961152,False
Ro120_q0.55_L36W_r0.45_th140_kc+10_ko+10,gb_spacing,3.187774346369935e-15,0.0,0.0,0.0,-1.0,3.187774346369935e-15,-0.0,-0.0,-0.0,False
Ro120_q0.55_L36W_r0.45_th160_kc-10_ko-10,center_outer_exchange,4.8187641825223893e-14,0.0,0.0,0.0,-1.0,4.8187641825223893e-14,-0.0,-0.0,-0.0,False
Ro120_q0.55_L36W_r0.45_th160_kc-10_ko-10,tj_radius,-1.9562213690680482e-14,-99475596.92432731,2.9700019800004372e-08,-0.3362078488929887,1.0,1.9562213690680482e-14,-99475596.92432731,2.9700019800004372e-08,-0.3362078488929887,False
Ro120_q0.55_L36W_r0.45_th160_kc-10_ko-10,center_curvature,4.4262970803704024e-15,-125000000.0,0.0,-1.679067470117701,-1.0,4.4262970803704024e-15,125000000.0,-0.0,1.679067470117701,True
Ro120_q0.55_L36W_r0.45_th160_kc-10_ko-10,outer_curvature,3.8256650033153227e-14,-125000000.0,0.0,-1.679067470117701,-1.0,3.8256650033153227e-14,125000000.0,-0.0,1.679067470117701,True
Ro120_q0.55_L36W_r0.45_th160_kc-10_ko-10,center_angle,1.8004572335666332e-15,4385054.26074937,0.0,0.05890237095407258,-1.0,1.8004572335666332e-15,-4385054.26074937,-0.0,-0.05890237095407258,False
Ro120_q0.55_L36W_r0.45_th160_kc-10_ko-10,outer_angle,6.407927052234679e-15,4385054.26074937,0.0,0.05890237095407258,-1.0,6.407927052234679e-15,-4385054.26074937,-0.0,-0.05890237095407258,False
Ro120_q0.55_L36W_r0.45_th160_kc-10_ko-10,gb_spacing,2.2982354828716013e-15,0.0,0.0,0.0,-1.0,2.2982354828716013e-15,-0.0,-0.0,-0.0,False
Ro120_q0.55_L36W_r0.45_th160_kc+0_ko+0,center_outer_exchange,4.858842041238705e-14,0.0,0.0,0.0,-1.0,4.858842041238705e-14,-0.0,-0.0,-0.0,False
Ro120_q0.55_L36W_r0.45_th160_kc+0_ko+0,tj_radius,-1.7764323517734034e-14,-99475596.92432731,2.9700019800004372e-08,-0.42373709868070986,1.0,1.7764323517734034e-14,-99475596.92432731,2.9700019800004372e-08,-0.42373709868070986,False
Ro120_q0.55_L36W_r0.45_th160_kc+0_ko+0,center_curvature,4.797222902898585e-15,-125000000.0,0.0,-1.7890563015764416,-1.0,4.797222902898585e-15,125000000.0,-0.0,1.7890563015764416,True
Ro120_q0.55_L36W_r0.45_th160_kc+0_ko+0,outer_curvature,4.0606098281337535e-14,-125000000.0,0.0,-1.7890563015764416,-1.0,4.0606098281337535e-14,125000000.0,-0.0,1.7890563015764416,True
Ro120_q0.55_L36W_r0.45_th160_kc+0_ko+0,center_angle,1.8801786138884705e-15,4385054.26074937,0.0,0.06276081344136486,-1.0,1.8801786138884705e-15,-4385054.26074937,-0.0,-0.06276081344136486,False
Ro120_q0.55_L36W_r0.45_th160_kc+0_ko+0,outer_angle,6.3075320337642216e-15,4385054.26074937,0.0,0.06276081344136486,-1.0,6.3075320337642216e-15,-4385054.26074937,-0.0,-0.06276081344136486,False
Ro120_q0.55_L36W_r0.45_th160_kc+0_ko+0,gb_spacing,2.16289632938474e-15,0.0,0.0,0.0,-1.0,2.16289632938474e-15,-0.0,-0.0,-0.0,False
Ro120_q0.55_L36W_r0.45_th160_kc+10_ko+10,center_outer_exchange,4.8927402202128353e-14,0.0,0.0,0.0,-1.0,4.8927402202128353e-14,-0.0,-0.0,-0.0,False
Ro120_q0.55_L36W_r0.45_th160_kc+10_ko+10,tj_radius,-1.5680938632198138e-14,-99475596.92432731,2.9700019800004372e-08,-0.526334079821722,1.0,1.5680938632198138e-14,-99475596.92432731,2.9700019800004372e-08,-0.526334079821722,False
Ro120_q0.55_L36W_r0.45_th160_kc+10_ko+10,center_curvature,5.164693612442786e-15,-125000000.0,0.0,-1.9179792524317563,-1.0,5.164693612442786e-15,125000000.0,-0.0,1.9179792524317563,True
Ro120_q0.55_L36W_r0.45_th160_kc+10_ko+10,outer_curvature,4.292982691579695e-14,-125000000.0,0.0,-1.9179792524317563,-1.0,4.292982691579695e-14,125000000.0,-0.0,1.9179792524317563,True
Ro120_q0.55_L36W_r0.45_th160_kc+10_ko+10,center_angle,1.9510240844493892e-15,4385054.26074937,0.0,0.0672834670378819,-1.0,1.9510240844493892e-15,-4385054.26074937,-0.0,-0.0672834670378819,False
Ro120_q0.55_L36W_r0.45_th160_kc+10_ko+10,outer_angle,6.153622735314891e-15,4385054.26074937,0.0,0.0672834670378819,-1.0,6.153622735314891e-15,-4385054.26074937,-0.0,-0.0672834670378819,False
Ro120_q0.55_L36W_r0.45_th160_kc+10_ko+10,gb_spacing,2.0955798477985393e-15,0.0,0.0,0.0,-1.0,2.0955798477985393e-15,-0.0,-0.0,-0.0,False
Ro120_q0.55_L36W_r0.60_th120_kc+0_ko+0,center_outer_exchange,2.015698137408493e-14,0.0,0.0,0.0,-1.0,2.015698137408493e-14,-0.0,-0.0,-0.0,False
Ro120_q0.55_L36W_r0.60_th120_kc+0_ko+0,tj_radius,-2.4660808371912322e-14,-65608028.87385152,3.960002640000583e-08,-0.2301226466844275,1.0,2.4660808371912322e-14,-65608028.87385152,3.960002640000583e-08,-0.2301226466844275,False
Ro120_q0.55_L36W_r0.60_th120_kc+0_ko+0,center_curvature,-3.6356379437064444e-15,-125000000.0,0.0,-2.343703958266441,1.0,3.6356379437064444e-15,-125000000.0,0.0,-2.343703958266441,False
Ro120_q0.55_L36W_r0.60_th120_kc+0_ko+0,outer_curvature,6.201686520925398e-14,-125000000.0,0.0,-2.343703958266441,-1.0,6.201686520925398e-14,125000000.0,-0.0,2.343703958266441,True
Ro120_q0.55_L36W_r0.60_th120_kc+0_ko+0,center_angle,-1.2952439220905092e-15,9469695.391414687,0.0,0.1775529014979016,1.0,1.2952439220905092e-15,9469695.391414687,0.0,0.1775529014979016,True
Ro120_q0.55_L36W_r0.60_th120_kc+0_ko+0,outer_angle,1.0303413972033349e-14,9469695.391414687,0.0,0.1775529014979016,-1.0,1.0303413972033349e-14,-9469695.391414687,-0.0,-0.1775529014979016,False
Ro120_q0.55_L36W_r0.60_th120_kc+0_ko+0,gb_spacing,1.886170806727911e-14,0.0,0.0,0.0,-1.0,1.886170806727911e-14,-0.0,-0.0,-0.0,False
Ro120_q0.55_L36W_r0.60_th120_kc+10_ko+10,center_outer_exchange,2.2758100745708583e-14,0.0,0.0,0.0,-1.0,2.2758100745708583e-14,-0.0,-0.0,-0.0,False
Ro120_q0.55_L36W_r0.60_th120_kc+10_ko+10,tj_radius,-2.4129816238636156e-14,-65608028.87385152,3.960002640000583e-08,-0.36630285705141485,1.0,2.4129816238636156e-14,-65608028.87385152,3.960002640000583e-08,-0.36630285705141485,False
Ro120_q0.55_L36W_r0.60_th120_kc+10_ko+10,center_curvature,-1.6150122497661475e-15,-125000000.0,0.0,-2.6031649785213107,1.0,1.6150122497661475e-15,-125000000.0,0.0,-2.6031649785213107,False
Ro120_q0.55_L36W_r0.60_th120_kc+10_ko+10,outer_curvature,7.276660252787047e-14,-125000000.0,0.0,-2.6031649785213107,-1.0,7.276660252787047e-14,125000000.0,-0.0,2.6031649785213107,True
Ro120_q0.55_L36W_r0.60_th120_kc+10_ko+10,center_angle,-5.919463059686166e-16,9469695.391414687,0.0,0.19720881981299954,1.0,5.919463059686166e-16,9469695.391414687,0.0,0.19720881981299954,True
Ro120_q0.55_L36W_r0.60_th120_kc+10_ko+10,outer_angle,9.325498348456307e-15,9469695.391414687,0.0,0.19720881981299954,-1.0,9.325498348456307e-15,-9469695.391414687,-0.0,-0.19720881981299954,False
Ro120_q0.55_L36W_r0.60_th120_kc+10_ko+10,gb_spacing,1.714847411426951e-14,0.0,0.0,0.0,-1.0,1.714847411426951e-14,-0.0,-0.0,-0.0,False
Ro120_q0.55_L36W_r0.60_th140_kc-10_ko-10,center_outer_exchange,2.6343592274176826e-14,0.0,0.0,0.0,-1.0,2.6343592274176826e-14,-0.0,-0.0,-0.0,False
Ro120_q0.55_L36W_r0.60_th140_kc-10_ko-10,tj_radius,-2.7626087434981622e-14,-71188882.36725703,3.960002640000583e-08,-0.16369478120414893,1.0,2.7626087434981622e-14,-71188882.36725703,3.960002640000583e-08,-0.16369478120414893,False
Ro120_q0.55_L36W_r0.60_th140_kc-10_ko-10,center_curvature,-1.41883454547821e-16,-125000000.0,0.0,-2.043327084927493,1.0,1.41883454547821e-16,-125000000.0,0.0,-2.043327084927493,False
Ro120_q0.55_L36W_r0.60_th140_kc-10_ko-10,outer_curvature,5.1072951679025475e-14,-125000000.0,0.0,-2.043327084927493,-1.0,5.1072951679025475e-14,125000000.0,-0.0,2.043327084927493,True
Ro120_q0.55_L36W_r0.60_th140_kc-10_ko-10,center_angle,5.035590266632407e-18,6477653.150044382,0.0,0.10588755798657257,-1.0,5.035590266632407e-18,-6477653.150044382,-0.0,-0.10588755798657257,False
Ro120_q0.55_L36W_r0.60_th140_kc-10_ko-10,outer_angle,9.510941485653321e-15,6477653.150044382,0.0,0.10588755798657257,-1.0,9.510941485653321e-15,-6477653.150044382,-0.0,-0.10588755798657257,False
Ro120_q0.55_L36W_r0.60_th140_kc-10_ko-10,gb_spacing,1.558792607199048e-14,0.0,0.0,0.0,-1.0,1.558792607199048e-14,-0.0,-0.0,-0.0,False
Ro120_q0.55_L36W_r0.60_th140_kc+0_ko+0,center_outer_exchange,2.8127266028033695e-14,0.0,0.0,0.0,-1.0,2.8127266028033695e-14,-0.0,-0.0,-0.0,False
Ro120_q0.55_L36W_r0.60_th140_kc+0_ko+0,tj_radius,-2.6877727060016153e-14,-71188882.36725703,3.960002640000583e-08,-0.26675999254910376,1.0,2.6877727060016153e-14,-71188882.36725703,3.960002640000583e-08,-0.26675999254910376,False
Ro120_q0.55_L36W_r0.60_th140_kc+0_ko+0,center_curvature,1.0751080097265199e-15,-125000000.0,0.0,-2.2242999018953213,-1.0,1.0751080097265199e-15,125000000.0,-0.0,2.2242999018953213,True
Ro120_q0.55_L36W_r0.60_th140_kc+0_ko+0,outer_curvature,5.763458852144754e-14,-125000000.0,0.0,-2.2242999018953213,-1.0,5.763458852144754e-14,125000000.0,-0.0,2.2242999018953213,True
Ro120_q0.55_L36W_r0.60_th140_kc+0_ko+0,center_angle,4.0951155184444154e-16,6477653.150044382,0.0,0.11526572659459333,-1.0,4.0951155184444154e-16,-6477653.150044382,-0.0,-0.11526572659459333,False
Ro120_q0.55_L36W_r0.60_th140_kc+0_ko+0,outer_angle,9.298127894577491e-15,6477653.150044382,0.0,0.11526572659459333,-1.0,9.298127894577491e-15,-6477653.150044382,-0.0,-0.11526572659459333,False
Ro120_q0.55_L36W_r0.60_th140_kc+0_ko+0,gb_spacing,1.449927383473241e-14,0.0,0.0,0.0,-1.0,1.449927383473241e-14,-0.0,-0.0,-0.0,False
Ro120_q0.55_L36W_r0.60_th140_kc+10_ko+10,center_outer_exchange,2.973078811014846e-14,0.0,0.0,0.0,-1.0,2.973078811014846e-14,-0.0,-0.0,-0.0,False
Ro120_q0.55_L36W_r0.60_th140_kc+10_ko+10,tj_radius,-2.532516343037431e-14,-71188882.36725703,3.960002640000583e-08,-0.39538981089692893,1.0,2.532516343037431e-14,-71188882.36725703,3.960002640000583e-08,-0.39538981089692893,False
Ro120_q0.55_L36W_r0.60_th140_kc+10_ko+10,center_curvature,2.27642421282367e-15,-125000000.0,0.0,-2.450162225363428,-1.0,2.27642421282367e-15,125000000.0,-0.0,2.450162225363428,True
Ro120_q0.55_L36W_r0.60_th140_kc+10_ko+10,outer_curvature,6.413139102893126e-14,-125000000.0,0.0,-2.450162225363428,-1.0,6.413139102893126e-14,125000000.0,-0.0,2.450162225363428,True
Ro120_q0.55_L36W_r0.60_th140_kc+10_ko+10,center_angle,7.559830079009645e-16,6477653.150044382,0.0,0.1269700814549024,-1.0,7.559830079009645e-16,-6477653.150044382,-0.0,-0.1269700814549024,False
Ro120_q0.55_L36W_r0.60_th140_kc+10_ko+10,outer_angle,8.791627317781013e-15,6477653.150044382,0.0,0.1269700814549024,-1.0,8.791627317781013e-15,-6477653.150044382,-0.0,-0.1269700814549024,False
Ro120_q0.55_L36W_r0.60_th140_kc+10_ko+10,gb_spacing,1.3608110826625435e-14,0.0,0.0,0.0,-1.0,1.3608110826625435e-14,-0.0,-0.0,-0.0,False
Ro120_q0.55_L36W_r0.60_th160_kc-10_ko-10,center_outer_exchange,3.252719843377689e-14,0.0,0.0,0.0,-1.0,3.252719843377689e-14,-0.0,-0.0,-0.0,False
Ro120_q0.55_L36W_r0.60_th160_kc-10_ko-10,tj_radius,-2.8153007708798194e-14,-74606697.69324735,3.960002640000583e-08,-0.1873136062110481,1.0,2.8153007708798194e-14,-74606697.69324735,3.960002640000583e-08,-0.1873136062110481,False
Ro120_q0.55_L36W_r0.60_th160_kc-10_ko-10,center_curvature,2.800027999804482e-15,-125000000.0,0.0,-1.989292087937744,-1.0,2.800027999804482e-15,125000000.0,-0.0,1.989292087937744,True
Ro120_q0.55_L36W_r0.60_th160_kc-10_ko-10,outer_curvature,5.123592660545615e-14,-125000000.0,0.0,-1.989292087937744,-1.0,5.123592660545615e-14,125000000.0,-0.0,1.989292087937744,True
Ro120_q0.55_L36W_r0.60_th160_kc-10_ko-10,center_angle,1.147734876845444e-15,3288790.6955629587,0.0,0.05233885211464173,-1.0,1.147734876845444e-15,-3288790.6955629587,-0.0,-0.05233885211464173,False
Ro120_q0.55_L36W_r0.60_th160_kc-10_ko-10,outer_angle,8.497053107344187e-15,3288790.6955629587,0.0,0.05233885211464173,-1.0,8.497053107344187e-15,-3288790.6955629587,-0.0,-0.05233885211464173,False
Ro120_q0.55_L36W_r0.60_th160_kc-10_ko-10,gb_spacing,1.2317070498111138e-14,0.0,0.0,0.0,-1.0,1.2317070498111138e-14,-0.0,-0.0,-0.0,False
Ro120_q0.55_L36W_r0.60_th160_kc+0_ko+0,center_outer_exchange,3.3713623063946453e-14,0.0,0.0,0.0,-1.0,3.3713623063946453e-14,-0.0,-0.0,-0.0,False
Ro120_q0.55_L36W_r0.60_th160_kc+0_ko+0,tj_radius,-2.6552344701472136e-14,-74606697.69324735,3.960002640000583e-08,-0.28811184244703636,1.0,2.6552344701472136e-14,-74606697.69324735,3.960002640000583e-08,-0.28811184244703636,False
Ro120_q0.55_L36W_r0.60_th160_kc+0_ko+0,center_curvature,3.6812586191240935e-15,-125000000.0,0.0,-2.158175996581302,-1.0,3.6812586191240935e-15,125000000.0,-0.0,2.158175996581302,True
Ro120_q0.55_L36W_r0.60_th160_kc+0_ko+0,outer_curvature,5.613888747160097e-14,-125000000.0,0.0,-2.158175996581302,-1.0,5.613888747160097e-14,125000000.0,-0.0,2.158175996581302,True
Ro120_q0.55_L36W_r0.60_th160_kc+0_ko+0,center_angle,1.4082714852425353e-15,3288790.6955629587,0.0,0.05678221482696699,-1.0,1.4082714852425353e-15,-3288790.6955629587,-0.0,-0.05678221482696699,False
Ro120_q0.55_L36W_r0.60_th160_kc+0_ko+0,outer_angle,8.581164015681865e-15,3288790.6955629587,0.0,0.05678221482696699,-1.0,8.581164015681865e-15,-3288790.6955629587,-0.0,-0.05678221482696699,False
Ro120_q0.55_L36W_r0.60_th160_kc+0_ko+0,gb_spacing,1.1733333679455607e-14,0.0,0.0,0.0,-1.0,1.1733333679455607e-14,-0.0,-0.0,-0.0,False
Ro120_q0.55_L36W_r0.60_th160_kc+10_ko+10,center_outer_exchange,3.475984919550764e-14,0.0,0.0,0.0,-1.0,3.475984919550764e-14,-0.0,-0.0,-0.0,False
Ro120_q0.55_L36W_r0.60_th160_kc+10_ko+10,tj_radius,-2.434624800411996e-14,-74606697.69324735,3.960002640000583e-08,-0.41264316264233436,1.0,2.434624800411996e-14,-74606697.69324735,3.960002640000583e-08,-0.41264316264233436,False
Ro120_q0.55_L36W_r0.60_th160_kc+10_ko+10,center_curvature,4.547853982365524e-15,-125000000.0,0.0,-2.366824218398844,-1.0,4.547853982365524e-15,125000000.0,-0.0,2.366824218398844,True
Ro120_q0.55_L36W_r0.60_th160_kc+10_ko+10,outer_curvature,6.101954968206661e-14,-125000000.0,0.0,-2.366824218398844,-1.0,6.101954968206661e-14,125000000.0,-0.0,2.366824218398844,True
Ro120_q0.55_L36W_r0.60_th160_kc+10_ko+10,center_angle,1.6454984654544784e-15,3288790.6955629587,0.0,0.06227177203044221,-1.0,1.6454984654544784e-15,-3288790.6955629587,-0.0,-0.06227177203044221,False
Ro120_q0.55_L36W_r0.60_th160_kc+10_ko+10,outer_angle,8.55930493228222e-15,3288790.6955629587,0.0,0.06227177203044221,-1.0,8.55930493228222e-15,-3288790.6955629587,-0.0,-0.06227177203044221,False
Ro120_q0.55_L36W_r0.60_th160_kc+10_ko+10,gb_spacing,1.1297723409776738e-14,0.0,0.0,0.0,-1.0,1.1297723409776738e-14,-0.0,-0.0,-0.0,False
Ro150_q0.35_L18W_r0.60_th120_kc-10_ko-10,center_outer_exchange,7.529888398115899e-14,0.0,0.0,0.0,-1.0,7.529888398115899e-14,-0.0,-0.0,-0.0,False
Ro150_q0.35_L18W_r0.60_th120_kc-10_ko-10,tj_radius,-3.637885156568007e-14,-82478664.86998275,3.150002100000411e-08,-0.23847342904959046,1.0,3.637885156568007e-14,-82478664.86998275,3.150002100000411e-08,-0.23847342904959046,False
Ro150_q0.35_L18W_r0.60_th120_kc-10_ko-10,center_curvature,2.6934158592858973e-15,-125000000.0,0.0,-1.8769638158966373,-1.0,2.6934158592858973e-15,125000000.0,-0.0,1.8769638158966373,True
Ro150_q0.35_L18W_r0.60_th120_kc-10_ko-10,outer_curvature,7.360625034834117e-14,-125000000.0,0.0,-1.8769638158966373,-1.0,7.360625034834117e-14,125000000.0,-0.0,1.8769638158966373,True
Ro150_q0.35_L18W_r0.60_th120_kc-10_ko-10,center_angle,1.9463725328255125e-15,11904759.92063433,0.0,0.1787582323810044,-1.0,1.9463725328255125e-15,-11904759.92063433,-0.0,-0.1787582323810044,False
Ro150_q0.35_L18W_r0.60_th120_kc-10_ko-10,outer_angle,1.3898121225287189e-14,11904759.92063433,0.0,0.1787582323810044,-1.0,1.3898121225287189e-14,-11904759.92063433,-0.0,-0.1787582323810044,False
Ro150_q0.35_L18W_r0.60_th120_kc-10_ko-10,gb_spacing,-1.7797578910228157e-14,0.0,0.0,0.0,1.0,1.7797578910228157e-14,0.0,0.0,0.0,False
Ro150_q0.35_L18W_r0.60_th120_kc+0_ko+0,center_outer_exchange,7.549352132816579e-14,0.0,0.0,0.0,-1.0,7.549352132816579e-14,-0.0,-0.0,-0.0,False
Ro150_q0.35_L18W_r0.60_th120_kc+0_ko+0,tj_radius,-3.361395109665101e-14,-82478664.86998275,3.150002100000411e-08,-0.3345170257368357,1.0,3.361395109665101e-14,-82478664.86998275,3.150002100000411e-08,-0.3345170257368357,False
Ro150_q0.35_L18W_r0.60_th120_kc+0_ko+0,center_curvature,2.7671159974274163e-15,-125000000.0,0.0,-2.022522945251737,-1.0,2.7671159974274163e-15,125000000.0,-0.0,2.022522945251737,True
Ro150_q0.35_L18W_r0.60_th120_kc+0_ko+0,outer_curvature,8.234013725563145e-14,-125000000.0,0.0,-2.022522945251737,-1.0,8.234013725563145e-14,125000000.0,-0.0,2.022522945251737,True
Ro150_q0.35_L18W_r0.60_th120_kc+0_ko+0,center_angle,1.8987725586456112e-15,11904759.92063433,0.0,0.19262093372152123,-1.0,1.8987725586456112e-15,-11904759.92063433,-0.0,-0.19262093372152123,False
Ro150_q0.35_L18W_r0.60_th120_kc+0_ko+0,outer_angle,1.251209663858509e-14,11904759.92063433,0.0,0.19262093372152123,-1.0,1.251209663858509e-14,-11904759.92063433,-0.0,-0.19262093372152123,False
Ro150_q0.35_L18W_r0.60_th120_kc+0_ko+0,gb_spacing,-1.779662052422512e-14,0.0,0.0,0.0,1.0,1.779662052422512e-14,0.0,0.0,0.0,False
Ro150_q0.35_L18W_r0.60_th120_kc+10_ko+10,center_outer_exchange,7.565824841429063e-14,0.0,0.0,0.0,-1.0,7.565824841429063e-14,-0.0,-0.0,-0.0,False
Ro150_q0.35_L18W_r0.60_th120_kc+10_ko+10,tj_radius,-2.99802045935415e-14,-82478664.86998275,3.150002100000411e-08,-0.4508108964195179,1.0,2.99802045935415e-14,-82478664.86998275,3.150002100000411e-08,-0.4508108964195179,False
Ro150_q0.35_L18W_r0.60_th120_kc+10_ko+10,center_curvature,2.8401834660684787e-15,-125000000.0,0.0,-2.198772649035341,-1.0,2.8401834660684787e-15,125000000.0,-0.0,2.198772649035341,True
Ro150_q0.35_L18W_r0.60_th120_kc+10_ko+10,outer_curvature,9.076598751815408e-14,-125000000.0,0.0,-2.198772649035341,-1.0,9.076598751815408e-14,125000000.0,-0.0,2.198772649035341,True
Ro150_q0.35_L18W_r0.60_th120_kc+10_ko+10,center_angle,1.8457996471352076e-15,11904759.92063433,0.0,0.20940650719047937,-1.0,1.8457996471352076e-15,-11904759.92063433,-0.0,-0.20940650719047937,False
Ro150_q0.35_L18W_r0.60_th120_kc+10_ko+10,outer_angle,1.0483184006450539e-14,11904759.92063433,0.0,0.20940650719047937,-1.0,1.0483184006450539e-14,-11904759.92063433,-0.0,-0.20940650719047937,False
Ro150_q0.35_L18W_r0.60_th120_kc+10_ko+10,gb_spacing,-1.7776704842630006e-14,0.0,0.0,0.0,1.0,1.7776704842630006e-14,0.0,0.0,0.0,False
Ro150_q0.35_L18W_r0.60_th140_kc-10_ko-10,center_outer_exchange,7.682704439911898e-14,0.0,0.0,0.0,-1.0,7.682704439911898e-14,-0.0,-0.0,-0.0,False
Ro150_q0.35_L18W_r0.60_th140_kc-10_ko-10,tj_radius,-3.34852513413315e-14,-89494594.97597814,3.150002100000411e-08,-0.2807233419405142,1.0,3.34852513413315e-14,-89494594.97597814,3.150002100000411e-08,-0.2807233419405142,False
Ro150_q0.35_L18W_r0.60_th140_kc-10_ko-10,center_curvature,2.4028445549488165e-15,-125000000.0,0.0,-1.7888308574098843,-1.0,2.4028445549488165e-15,125000000.0,-0.0,1.7888308574098843,True
Ro150_q0.35_L18W_r0.60_th140_kc-10_ko-10,outer_curvature,6.572905228176179e-14,-125000000.0,0.0,-1.7888308574098843,-1.0,6.572905228176179e-14,125000000.0,-0.0,1.7888308574098843,True
Ro150_q0.35_L18W_r0.60_th140_kc-10_ko-10,center_angle,1.813758677163918e-15,8143335.388626903,0.0,0.1165362873924991,-1.0,1.813758677163918e-15,-8143335.388626903,-0.0,-0.1165362873924991,False
Ro150_q0.35_L18W_r0.60_th140_kc-10_ko-10,outer_angle,1.076604735234683e-14,8143335.388626903,0.0,0.1165362873924991,-1.0,1.076604735234683e-14,-8143335.388626903,-0.0,-0.1165362873924991,False
Ro150_q0.35_L18W_r0.60_th140_kc-10_ko-10,gb_spacing,-1.8183066338344406e-14,0.0,0.0,0.0,1.0,1.8183066338344406e-14,0.0,0.0,0.0,False
Ro150_q0.35_L18W_r0.60_th140_kc+0_ko+0,center_outer_exchange,7.690889766238041e-14,0.0,0.0,0.0,-1.0,7.690889766238041e-14,-0.0,-0.0,-0.0,False
Ro150_q0.35_L18W_r0.60_th140_kc+0_ko+0,tj_radius,-3.062199024546603e-14,-89494594.97597814,3.150002100000411e-08,-0.37299682193692174,1.0,3.062199024546603e-14,-89494594.97597814,3.150002100000411e-08,-0.37299682193692174,False
Ro150_q0.35_L18W_r0.60_th140_kc+0_ko+0,center_curvature,2.447182329479023e-15,-125000000.0,0.0,-1.9177128982638125,-1.0,2.447182329479023e-15,125000000.0,-0.0,1.9177128982638125,True
Ro150_q0.35_L18W_r0.60_th140_kc+0_ko+0,outer_curvature,7.084334380171276e-14,-125000000.0,0.0,-1.9177128982638125,-1.0,7.084334380171276e-14,125000000.0,-0.0,1.9177128982638125,True
Ro150_q0.35_L18W_r0.60_th140_kc+0_ko+0,center_angle,1.790868144903076e-15,8143335.388626903,0.0,0.12493248848421956,-1.0,1.790868144903076e-15,-8143335.388626903,-0.0,-0.12493248848421956,False
Ro150_q0.35_L18W_r0.60_th140_kc+0_ko+0,outer_angle,9.943502622216722e-15,8143335.388626903,0.0,0.12493248848421956,-1.0,9.943502622216722e-15,-8143335.388626903,-0.0,-0.12493248848421956,False
Ro150_q0.35_L18W_r0.60_th140_kc+0_ko+0,gb_spacing,-1.8123209513201627e-14,0.0,0.0,0.0,1.0,1.8123209513201627e-14,0.0,0.0,0.0,False
Ro150_q0.35_L18W_r0.60_th140_kc+10_ko+10,center_outer_exchange,7.69743582295754e-14,0.0,0.0,0.0,-1.0,7.69743582295754e-14,-0.0,-0.0,-0.0,False
Ro150_q0.35_L18W_r0.60_th140_kc+10_ko+10,tj_radius,-2.7231285749755508e-14,-89494594.97597814,3.150002100000411e-08,-0.4830714083036147,1.0,2.7231285749755508e-14,-89494594.97597814,3.150002100000411e-08,-0.4830714083036147,False
Ro150_q0.35_L18W_r0.60_th140_kc+10_ko+10,center_curvature,2.4914346294786445e-15,-125000000.0,0.0,-2.071458595025888,-1.0,2.4914346294786445e-15,125000000.0,-0.0,2.071458595025888,True
Ro150_q0.35_L18W_r0.60_th140_kc+10_ko+10,outer_curvature,7.582862940192958e-14,-125000000.0,0.0,-2.071458595025888,-1.0,7.582862940192958e-14,125000000.0,-0.0,2.071458595025888,True
Ro150_q0.35_L18W_r0.60_th140_kc+10_ko+10,center_angle,1.766044697437083e-15,8143335.388626903,0.0,0.134948455929762,-1.0,1.766044697437083e-15,-8143335.388626903,-0.0,-0.134948455929762,False
Ro150_q0.35_L18W_r0.60_th140_kc+10_ko+10,outer_angle,8.881418133524332e-15,8143335.388626903,0.0,0.134948455929762,-1.0,8.881418133524332e-15,-8143335.388626903,-0.0,-0.134948455929762,False
Ro150_q0.35_L18W_r0.60_th140_kc+10_ko+10,gb_spacing,-1.8052535436228154e-14,0.0,0.0,0.0,1.0,1.8052535436228154e-14,0.0,0.0,0.0,False
Ro150_q0.35_L18W_r0.60_th160_kc-10_ko-10,center_outer_exchange,7.781871642743157e-14,0.0,0.0,0.0,-1.0,7.781871642743157e-14,-0.0,-0.0,-0.0,False
Ro150_q0.35_L18W_r0.60_th160_kc-10_ko-10,tj_radius,-3.01497027490185e-14,-93791277.10007876,3.150002100000411e-08,-0.30522800172438913,1.0,3.01497027490185e-14,-93791277.10007876,3.150002100000411e-08,-0.30522800172438913,False
Ro150_q0.35_L18W_r0.60_th160_kc-10_ko-10,center_curvature,2.3050343127561517e-15,-125000000.0,0.0,-1.7395409513127902,-1.0,2.3050343127561517e-15,125000000.0,-0.0,1.7395409513127902,True
Ro150_q0.35_L18W_r0.60_th160_kc-10_ko-10,outer_curvature,6.170169814916339e-14,-125000000.0,0.0,-1.7395409513127902,-1.0,6.170169814916339e-14,125000000.0,-0.0,1.7395409513127902,True
Ro150_q0.35_L18W_r0.60_th160_kc-10_ko-10,center_angle,1.7735306278080318e-15,4134479.7315634787,0.0,0.05753672504749119,-1.0,1.7735306278080318e-15,-4134479.7315634787,-0.0,-0.05753672504749119,False
Ro150_q0.35_L18W_r0.60_th160_kc-10_ko-10,outer_angle,8.47246941440988e-15,4134479.7315634787,0.0,0.05753672504749119,-1.0,8.47246941440988e-15,-4134479.7315634787,-0.0,-0.05753672504749119,False
Ro150_q0.35_L18W_r0.60_th160_kc-10_ko-10,gb_spacing,-1.8277494149322012e-14,0.0,0.0,0.0,1.0,1.8277494149322012e-14,0.0,0.0,0.0,False
Ro150_q0.35_L18W_r0.60_th160_kc+0_ko+0,center_outer_exchange,7.784569628015269e-14,0.0,0.0,0.0,-1.0,7.784569628015269e-14,-0.0,-0.0,-0.0,False
Ro150_q0.35_L18W_r0.60_th160_kc+0_ko+0,tj_radius,-2.720383241138472e-14,-93791277.10007876,3.150002100000411e-08,-0.3953777751245502,1.0,2.720383241138472e-14,-93791277.10007876,3.150002100000411e-08,-0.3953777751245502,False
Ro150_q0.35_L18W_r0.60_th160_kc+0_ko+0,center_curvature,2.33875067960385e-15,-125000000.0,0.0,-1.8596883371460038,-1.0,2.33875067960385e-15,125000000.0,-0.0,1.8596883371460038,True
Ro150_q0.35_L18W_r0.60_th160_kc+0_ko+0,outer_curvature,6.544209754891781e-14,-125000000.0,0.0,-1.8596883371460038,-1.0,6.544209754891781e-14,125000000.0,-0.0,1.8596883371460038,True
Ro150_q0.35_L18W_r0.60_th160_kc+0_ko+0,center_angle,1.7725145516118243e-15,4134479.7315634787,0.0,0.06151068481496935,-1.0,1.7725145516118243e-15,-4134479.7315634787,-0.0,-0.06151068481496935,False
Ro150_q0.35_L18W_r0.60_th160_kc+0_ko+0,outer_angle,8.205636701506892e-15,4134479.7315634787,0.0,0.06151068481496935,-1.0,8.205636701506892e-15,-4134479.7315634787,-0.0,-0.06151068481496935,False
Ro150_q0.35_L18W_r0.60_th160_kc+0_ko+0,gb_spacing,-1.8185338480677224e-14,0.0,0.0,0.0,1.0,1.8185338480677224e-14,0.0,0.0,0.0,False
Ro150_q0.35_L18W_r0.60_th160_kc+10_ko+10,center_outer_exchange,7.786142923096769e-14,0.0,0.0,0.0,-1.0,7.786142923096769e-14,-0.0,-0.0,-0.0,False
Ro150_q0.35_L18W_r0.60_th160_kc+10_ko+10,tj_radius,-2.3857758088554495e-14,-93791277.10007876,3.150002100000411e-08,-0.5020595221457702,1.0,2.3857758088554495e-14,-93791277.10007876,3.150002100000411e-08,-0.5020595221457702,False
Ro150_q0.35_L18W_r0.60_th160_kc+10_ko+10,center_curvature,2.3725087742904265e-15,-125000000.0,0.0,-2.0018688724877665,-1.0,2.3725087742904265e-15,125000000.0,-0.0,2.0018688724877665,True
Ro150_q0.35_L18W_r0.60_th160_kc+10_ko+10,outer_curvature,6.909745970019651e-14,-125000000.0,0.0,-2.0018688724877665,-1.0,6.909745970019651e-14,125000000.0,-0.0,2.0018688724877665,True
Ro150_q0.35_L18W_r0.60_th160_kc+10_ko+10,center_angle,1.7708442200302207e-15,4134479.7315634787,0.0,0.06621340196932834,-1.0,1.7708442200302207e-15,-4134479.7315634787,-0.0,-0.06621340196932834,False
Ro150_q0.35_L18W_r0.60_th160_kc+10_ko+10,outer_angle,7.848192337264552e-15,4134479.7315634787,0.0,0.06621340196932834,-1.0,7.848192337264552e-15,-4134479.7315634787,-0.0,-0.06621340196932834,False
Ro150_q0.35_L18W_r0.60_th160_kc+10_ko+10,gb_spacing,-1.808535825480017e-14,0.0,0.0,0.0,1.0,1.808535825480017e-14,0.0,0.0,0.0,False
Ro150_q0.35_L18W_r0.75_th120_kc-10_ko-10,center_outer_exchange,5.6645973672253004e-14,0.0,0.0,0.0,-1.0,5.6645973672253004e-14,-0.0,-0.0,-0.0,False
Ro150_q0.35_L18W_r0.75_th120_kc-10_ko-10,tj_radius,-4.447925069025213e-14,-65982931.8959862,3.9375026250005965e-08,-0.12586444510753747,1.0,4.447925069025213e-14,-65982931.8959862,3.9375026250005965e-08,-0.12586444510753747,False
Ro150_q0.35_L18W_r0.75_th120_kc-10_ko-10,center_curvature,1.668586935311023e-15,-125000000.0,0.0,-2.132875805584966,-1.0,1.668586935311023e-15,125000000.0,-0.0,2.132875805584966,True
Ro150_q0.35_L18W_r0.75_th120_kc-10_ko-10,outer_curvature,8.608006864930289e-14,-125000000.0,0.0,-2.132875805584966,-1.0,8.608006864930289e-14,125000000.0,-0.0,2.132875805584966,True
Ro150_q0.35_L18W_r0.75_th120_kc-10_ko-10,center_angle,1.2117657296509302e-15,9523807.936508209,0.0,0.16250452362331913,-1.0,1.2117657296509302e-15,-9523807.936508209,-0.0,-0.16250452362331913,False
Ro150_q0.35_L18W_r0.75_th120_kc-10_ko-10,outer_angle,1.543234842870258e-14,9523807.936508209,0.0,0.16250452362331913,-1.0,1.543234842870258e-14,-9523807.936508209,-0.0,-0.16250452362331913,False
Ro150_q0.35_L18W_r0.75_th120_kc-10_ko-10,gb_spacing,-7.564635248660418e-15,0.0,0.0,0.0,1.0,7.564635248660418e-15,0.0,0.0,0.0,False
Ro150_q0.35_L18W_r0.75_th120_kc+0_ko+0,center_outer_exchange,5.754485425705993e-14,0.0,0.0,0.0,-1.0,5.754485425705993e-14,-0.0,-0.0,-0.0,False
Ro150_q0.35_L18W_r0.75_th120_kc+0_ko+0,tj_radius,-4.216407111779927e-14,-65982931.8959862,3.9375026250005965e-08,-0.23265743253420013,1.0,4.216407111779927e-14,-65982931.8959862,3.9375026250005965e-08,-0.23265743253420013,False
Ro150_q0.35_L18W_r0.75_th120_kc+0_ko+0,center_curvature,1.8722915889068234e-15,-125000000.0,0.0,-2.335189384738645,-1.0,1.8722915889068234e-15,125000000.0,-0.0,2.335189384738645,True
Ro150_q0.35_L18W_r0.75_th120_kc+0_ko+0,outer_curvature,1.0127208018625222e-13,-125000000.0,0.0,-2.335189384738645,-1.0,1.0127208018625222e-13,125000000.0,-0.0,2.335189384738645,True
Ro150_q0.35_L18W_r0.75_th120_kc+0_ko+0,center_angle,1.2742347991956002e-15,9523807.936508209,0.0,0.17791876635253612,-1.0,1.2742347991956002e-15,-9523807.936508209,-0.0,-0.17791876635253612,False
Ro150_q0.35_L18W_r0.75_th120_kc+0_ko+0,outer_angle,1.432719428230627e-14,9523807.936508209,0.0,0.17791876635253612,-1.0,1.432719428230627e-14,-9523807.936508209,-0.0,-0.17791876635253612,False
Ro150_q0.35_L18W_r0.75_th120_kc+0_ko+0,gb_spacing,-7.965072247338609e-15,0.0,0.0,0.0,1.0,7.965072247338609e-15,0.0,0.0,0.0,False
Ro150_q0.35_L18W_r0.75_th120_kc+10_ko+10,center_outer_exchange,5.836552378651284e-14,0.0,0.0,0.0,-1.0,5.836552378651284e-14,-0.0,-0.0,-0.0,False
Ro150_q0.35_L18W_r0.75_th120_kc+10_ko+10,tj_radius,-3.8316588354746196e-14,-65982931.8959862,3.9375026250005965e-08,-0.3682925842513063,1.0,3.8316588354746196e-14,-65982931.8959862,3.9375026250005965e-08,-0.3682925842513063,False
Ro150_q0.35_L18W_r0.75_th120_kc+10_ko+10,center_curvature,2.072196649221058e-15,-125000000.0,0.0,-2.592143571421346,-1.0,2.072196649221058e-15,125000000.0,-0.0,2.592143571421346,True
Ro150_q0.35_L18W_r0.75_th120_kc+10_ko+10,outer_curvature,1.1602275540616018e-13,-125000000.00000186,0.0,-2.592143571421346,-1.0,1.1602275540616018e-13,125000000.00000186,-0.0,2.592143571421346,True
Ro150_q0.35_L18W_r0.75_th120_kc+10_ko+10,center_angle,1.3205230654335018e-15,9523807.936508209,0.0,0.19749601226326519,-1.0,1.3205230654335018e-15,-9523807.936508209,-0.0,-0.19749601226326519,False
Ro150_q0.35_L18W_r0.75_th120_kc+10_ko+10,outer_angle,1.2124024781479172e-14,9523807.936508209,0.0,0.19749601226326519,-1.0,1.2124024781479172e-14,-9523807.936508209,-0.0,-0.19749601226326519,False
Ro150_q0.35_L18W_r0.75_th120_kc+10_ko+10,gb_spacing,-8.314758690603174e-15,0.0,0.0,0.0,1.0,8.314758690603174e-15,0.0,0.0,0.0,False
Ro150_q0.35_L18W_r0.75_th140_kc-10_ko-10,center_outer_exchange,6.17861262255156e-14,0.0,0.0,0.0,-1.0,6.17861262255156e-14,-0.0,-0.0,-0.0,False
Ro150_q0.35_L18W_r0.75_th140_kc-10_ko-10,tj_radius,-4.3847969862617194e-14,-71595675.980784,3.9375026250005965e-08,-0.16655430289025386,1.0,4.3847969862617194e-14,-71595675.980784,3.9375026250005965e-08,-0.16655430289025386,False
Ro150_q0.35_L18W_r0.75_th140_kc-10_ko-10,center_curvature,2.059986687014427e-15,-125000000.0,0.0,-2.036709735683151,-1.0,2.059986687014427e-15,125000000.0,-0.0,2.036709735683151,True
Ro150_q0.35_L18W_r0.75_th140_kc-10_ko-10,outer_curvature,8.084451113467142e-14,-125000000.0,0.0,-2.036709735683151,-1.0,8.084451113467142e-14,125000000.0,-0.0,2.036709735683151,True
Ro150_q0.35_L18W_r0.75_th140_kc-10_ko-10,center_angle,1.5427886863840007e-15,6514668.310903013,0.0,0.10614775320838543,-1.0,1.5427886863840007e-15,-6514668.310903013,-0.0,-0.10614775320838543,False
Ro150_q0.35_L18W_r0.75_th140_kc-10_ko-10,outer_angle,1.2791592692100317e-14,6514668.310903013,0.0,0.10614775320838543,-1.0,1.2791592692100317e-14,-6514668.310903013,-0.0,-0.10614775320838543,False
Ro150_q0.35_L18W_r0.75_th140_kc-10_ko-10,gb_spacing,-9.742318631143721e-15,0.0,0.0,0.0,1.0,9.742318631143721e-15,0.0,0.0,0.0,False
Ro150_q0.35_L18W_r0.75_th140_kc+0_ko+0,center_outer_exchange,6.227484109802106e-14,0.0,0.0,0.0,-1.0,6.227484109802106e-14,-0.0,-0.0,-0.0,False
Ro150_q0.35_L18W_r0.75_th140_kc+0_ko+0,tj_radius,-4.080736800265827e-14,-71595675.980784,3.9375026250005965e-08,-0.26934259969413343,1.0,4.080736800265827e-14,-71595675.980784,3.9375026250005965e-08,-0.26934259969413343,False
Ro150_q0.35_L18W_r0.75_th140_kc+0_ko+0,center_curvature,2.1747945735707047e-15,-125000000.0,0.0,-2.216170810907414,-1.0,2.1747945735707047e-15,125000000.0,-0.0,2.216170810907414,True
Ro150_q0.35_L18W_r0.75_th140_kc+0_ko+0,outer_curvature,8.985658622793701e-14,-125000000.0,0.0,-2.216170810907414,-1.0,8.985658622793701e-14,125000000.0,-0.0,2.216170810907414,True
Ro150_q0.35_L18W_r0.75_th140_kc+0_ko+0,center_angle,1.5699345243253108e-15,6514668.310903013,0.0,0.11550072464583394,-1.0,1.5699345243253108e-15,-6514668.310903013,-0.0,-0.11550072464583394,False
Ro150_q0.35_L18W_r0.75_th140_kc+0_ko+0,outer_angle,1.2062644813956582e-14,6514668.310903013,0.0,0.11550072464583394,-1.0,1.2062644813956582e-14,-6514668.310903013,-0.0,-0.11550072464583394,False
Ro150_q0.35_L18W_r0.75_th140_kc+0_ko+0,gb_spacing,-9.901269576721093e-15,0.0,0.0,0.0,1.0,9.901269576721093e-15,0.0,0.0,0.0,False
Ro150_q0.35_L18W_r0.75_th140_kc+10_ko+10,center_outer_exchange,6.272016779928903e-14,0.0,0.0,0.0,-1.0,6.272016779928903e-14,-0.0,-0.0,-0.0,False
Ro150_q0.35_L18W_r0.75_th140_kc+10_ko+10,tj_radius,-3.683768451740295e-14,-71595675.980784,3.9375026250005965e-08,-0.3974654772184172,1.0,3.683768451740295e-14,-71595675.980784,3.9375026250005965e-08,-0.3974654772184172,False
Ro150_q0.35_L18W_r0.75_th140_kc+10_ko+10,center_curvature,2.288120600643256e-15,-125000000.0,0.0,-2.439864715106488,-1.0,2.288120600643256e-15,125000000.0,-0.0,2.439864715106488,True
Ro150_q0.35_L18W_r0.75_th140_kc+10_ko+10,outer_curvature,9.871628717333786e-14,-125000000.0,0.0,-2.439864715106488,-1.0,9.871628717333786e-14,125000000.0,-0.0,2.439864715106488,True
Ro150_q0.35_L18W_r0.75_th140_kc+10_ko+10,center_angle,1.5912133908861309e-15,6514668.310903013,0.0,0.12715895168480262,-1.0,1.5912133908861309e-15,-6514668.310903013,-0.0,-0.12715895168480262,False
Ro150_q0.35_L18W_r0.75_th140_kc+10_ko+10,outer_angle,1.092477940414389e-14,6514668.310903013,0.0,0.12715895168480262,-1.0,1.092477940414389e-14,-6514668.310903013,-0.0,-0.12715895168480262,False
Ro150_q0.35_L18W_r0.75_th140_kc+10_ko+10,gb_spacing,-1.0031912282742912e-14,0.0,0.0,0.0,1.0,1.0031912282742912e-14,0.0,0.0,0.0,False
Ro150_q0.35_L18W_r0.75_th160_kc-10_ko-10,center_outer_exchange,6.514951364882008e-14,0.0,0.0,0.0,-1.0,6.514951364882008e-14,-0.0,-0.0,-0.0,False
Ro150_q0.35_L18W_r0.75_th160_kc-10_ko-10,tj_radius,-4.1443703072058916e-14,-75033021.6800645,3.9375026250005965e-08,-0.19019667486508407,1.0,4.1443703072058916e-14,-75033021.6800645,3.9375026250005965e-08,-0.19019667486508407,False
Ro150_q0.35_L18W_r0.75_th160_kc-10_ko-10,center_curvature,2.3044967059425098e-15,-125000000.0,0.0,-1.9827922741866288,-1.0,2.3044967059425098e-15,125000000.0,-0.0,1.9827922741866288,True
Ro150_q0.35_L18W_r0.75_th160_kc-10_ko-10,outer_curvature,7.81944608727308e-14,-125000000.0,0.0,-1.9827922741866288,-1.0,7.81944608727308e-14,125000000.0,-0.0,1.9827922741866288,True
Ro150_q0.35_L18W_r0.75_th160_kc-10_ko-10,center_angle,1.7545329910052218e-15,3307583.785250783,0.0,0.052465942826707135,-1.0,1.7545329910052218e-15,-3307583.785250783,-0.0,-0.052465942826707135,False
Ro150_q0.35_L18W_r0.75_th160_kc-10_ko-10,outer_angle,1.0649682153717617e-14,3307583.785250783,0.0,0.052465942826707135,-1.0,1.0649682153717617e-14,-3307583.785250783,-0.0,-0.052465942826707135,False
Ro150_q0.35_L18W_r0.75_th160_kc-10_ko-10,gb_spacing,-1.0953108608820268e-14,0.0,0.0,0.0,1.0,1.0953108608820268e-14,0.0,0.0,0.0,False
Ro150_q0.35_L18W_r0.75_th160_kc+0_ko+0,center_outer_exchange,6.543779767749344e-14,0.0,0.0,0.0,-1.0,6.543779767749344e-14,-0.0,-0.0,-0.0,False
Ro150_q0.35_L18W_r0.75_th160_kc+0_ko+0,tj_radius,-3.799118516131282e-14,-75033021.6800645,3.9375026250005965e-08,-0.2907213318449342,1.0,3.799118516131282e-14,-75033021.6800645,3.9375026250005965e-08,-0.2907213318449342,False
Ro150_q0.35_L18W_r0.75_th160_kc+0_ko+0,center_curvature,2.3860895050287707e-15,-125000000.0,0.0,-2.150260835187434,-1.0,2.3860895050287707e-15,125000000.0,-0.0,2.150260835187434,True
Ro150_q0.35_L18W_r0.75_th160_kc+0_ko+0,outer_curvature,8.48798280856917e-14,-125000000.0,0.0,-2.150260835187434,-1.0,8.48798280856917e-14,125000000.0,-0.0,2.150260835187434,True
Ro150_q0.35_L18W_r0.75_th160_kc+0_ko+0,center_angle,1.7830023919911894e-15,3307583.785250783,0.0,0.05689724568369581,-1.0,1.7830023919911894e-15,-3307583.785250783,-0.0,-0.05689724568369581,False
Ro150_q0.35_L18W_r0.75_th160_kc+0_ko+0,outer_angle,1.0514564485450697e-14,3307583.785250783,0.0,0.05689724568369581,-1.0,1.0514564485450697e-14,-3307583.785250783,-0.0,-0.05689724568369581,False
Ro150_q0.35_L18W_r0.75_th160_kc+0_ko+0,gb_spacing,-1.098948013188167e-14,0.0,0.0,0.0,1.0,1.098948013188167e-14,0.0,0.0,0.0,False
Ro150_q0.35_L18W_r0.75_th160_kc+10_ko+10,center_outer_exchange,6.569673980745015e-14,0.0,0.0,0.0,-1.0,6.569673980745015e-14,-0.0,-0.0,-0.0,False
Ro150_q0.35_L18W_r0.75_th160_kc+10_ko+10,tj_radius,-3.383608712532429e-14,-75033021.6800645,3.9375026250005965e-08,-0.41476582394250894,1.0,3.383608712532429e-14,-75033021.6800645,3.9375026250005965e-08,-0.41476582394250894,False
Ro150_q0.35_L18W_r0.75_th160_kc+10_ko+10,center_curvature,2.4669091685776655e-15,-125000000.0,0.0,-2.35691250376846,-1.0,2.4669091685776655e-15,125000000.0,-0.0,2.35691250376846,True
Ro150_q0.35_L18W_r0.75_th160_kc+10_ko+10,outer_curvature,9.148975932106161e-14,-125000000.0,0.0,-2.35691250376846,-1.0,9.148975932106161e-14,125000000.0,-0.0,2.35691250376846,True
Ro150_q0.35_L18W_r0.75_th160_kc+10_ko+10,center_angle,1.8092789140249445e-15,3307583.785250783,0.0,0.06236534266435001,-1.0,1.8092789140249445e-15,-3307583.785250783,-0.0,-0.06236534266435001,False
Ro150_q0.35_L18W_r0.75_th160_kc+10_ko+10,outer_angle,1.0229779594599067e-14,3307583.785250783,0.0,0.06236534266435001,-1.0,1.0229779594599067e-14,-3307583.785250783,-0.0,-0.06236534266435001,False
Ro150_q0.35_L18W_r0.75_th160_kc+10_ko+10,gb_spacing,-1.1006389374169837e-14,0.0,0.0,0.0,1.0,1.1006389374169837e-14,0.0,0.0,0.0,False
Ro150_q0.35_L24W_r0.60_th120_kc-10_ko-10,center_outer_exchange,4.39476660164511e-14,0.0,0.0,0.0,-1.0,4.39476660164511e-14,-0.0,-0.0,-0.0,False
Ro150_q0.35_L24W_r0.60_th120_kc-10_ko-10,tj_radius,-2.7551586766271335e-14,-82478664.86998275,3.150002100000411e-08,-0.23847342904959046,1.0,2.7551586766271335e-14,-82478664.86998275,3.150002100000411e-08,-0.23847342904959046,False
Ro150_q0.35_L24W_r0.60_th120_kc-10_ko-10,center_curvature,1.3008987993561449e-15,-125000000.0,0.0,-1.8769638158966373,-1.0,1.3008987993561449e-15,125000000.0,-0.0,1.8769638158966373,True
Ro150_q0.35_L24W_r0.60_th120_kc-10_ko-10,outer_curvature,7.360625034831592e-14,-125000000.0,0.0,-1.8769638158966373,-1.0,7.360625034831592e-14,125000000.0,-0.0,1.8769638158966373,True
Ro150_q0.35_L24W_r0.60_th120_kc-10_ko-10,center_angle,7.891492986063296e-16,11904759.92063433,0.0,0.1787582323810044,-1.0,7.891492986063296e-16,-11904759.92063433,-0.0,-0.1787582323810044,False
Ro150_q0.35_L24W_r0.60_th120_kc-10_ko-10,outer_angle,1.3898121225287189e-14,11904759.92063433,0.0,0.1787582323810044,-1.0,1.3898121225287189e-14,-11904759.92063433,-0.0,-0.1787582323810044,False
Ro150_q0.35_L24W_r0.60_th120_kc-10_ko-10,gb_spacing,4.2519792383087054e-16,0.0,0.0,0.0,-1.0,4.2519792383087054e-16,-0.0,-0.0,-0.0,False
Ro150_q0.35_L24W_r0.60_th120_kc+0_ko+0,center_outer_exchange,4.4851616735150476e-14,0.0,0.0,0.0,-1.0,4.4851616735150476e-14,-0.0,-0.0,-0.0,False
Ro150_q0.35_L24W_r0.60_th120_kc+0_ko+0,tj_radius,-2.518128301759877e-14,-82478664.86998275,3.150002100000411e-08,-0.3345170257368357,1.0,2.518128301759877e-14,-82478664.86998275,3.150002100000411e-08,-0.3345170257368357,False
Ro150_q0.35_L24W_r0.60_th120_kc+0_ko+0,center_curvature,1.6336989792070006e-15,-125000000.0,0.0,-2.022522945251737,-1.0,1.6336989792070006e-15,125000000.0,-0.0,2.022522945251737,True
Ro150_q0.35_L24W_r0.60_th120_kc+0_ko+0,outer_curvature,8.234013725563145e-14,-125000000.0,0.0,-2.022522945251737,-1.0,8.234013725563145e-14,125000000.0,-0.0,2.022522945251737,True
Ro150_q0.35_L24W_r0.60_th120_kc+0_ko+0,center_angle,9.045114011964842e-16,11904759.92063433,0.0,0.19262093372152123,-1.0,9.045114011964842e-16,-11904759.92063433,-0.0,-0.19262093372152123,False
Ro150_q0.35_L24W_r0.60_th120_kc+0_ko+0,outer_angle,1.251209663858509e-14,11904759.92063433,0.0,0.19262093372152123,-1.0,1.251209663858509e-14,-11904759.92063433,-0.0,-0.19262093372152123,False
Ro150_q0.35_L24W_r0.60_th120_kc+0_ko+0,gb_spacing,-4.528009662415318e-17,0.0,0.0,0.0,1.0,4.528009662415318e-17,0.0,0.0,0.0,False
Ro150_q0.35_L24W_r0.60_th120_kc+10_ko+10,center_outer_exchange,4.5679192221357104e-14,0.0,0.0,0.0,-1.0,4.5679192221357104e-14,-0.0,-0.0,-0.0,False
Ro150_q0.35_L24W_r0.60_th120_kc+10_ko+10,tj_radius,-2.1905084029628208e-14,-82478664.86998275,3.150002100000411e-08,-0.4508108964195179,1.0,2.1905084029628208e-14,-82478664.86998275,3.150002100000411e-08,-0.4508108964195179,False
Ro150_q0.35_L24W_r0.60_th120_kc+10_ko+10,center_curvature,1.960348405430164e-15,-125000000.0,0.0,-2.198772649035341,-1.0,1.960348405430164e-15,125000000.0,-0.0,2.198772649035341,True
Ro150_q0.35_L24W_r0.60_th120_kc+10_ko+10,outer_curvature,9.076598751815408e-14,-125000000.0,0.0,-2.198772649035341,-1.0,9.076598751815408e-14,125000000.0,-0.0,2.198772649035341,True
Ro150_q0.35_L24W_r0.60_th120_kc+10_ko+10,center_angle,9.94095778604229e-16,11904759.92063433,0.0,0.20940650719047937,-1.0,9.94095778604229e-16,-11904759.92063433,-0.0,-0.20940650719047937,False
Ro150_q0.35_L24W_r0.60_th120_kc+10_ko+10,outer_angle,1.0483184006450539e-14,11904759.92063433,0.0,0.20940650719047937,-1.0,1.0483184006450539e-14,-11904759.92063433,-0.0,-0.20940650719047937,False
Ro150_q0.35_L24W_r0.60_th120_kc+10_ko+10,gb_spacing,-4.463674207215504e-16,0.0,0.0,0.0,1.0,4.463674207215504e-16,0.0,0.0,0.0,False
Ro150_q0.35_L24W_r0.60_th140_kc-10_ko-10,center_outer_exchange,4.8065039511403335e-14,0.0,0.0,0.0,-1.0,4.8065039511403335e-14,-0.0,-0.0,-0.0,False
Ro150_q0.35_L24W_r0.60_th140_kc-10_ko-10,tj_radius,-2.620898769611306e-14,-89494594.97597814,3.150002100000411e-08,-0.2807233419405142,1.0,2.620898769611306e-14,-89494594.97597814,3.150002100000411e-08,-0.2807233419405142,False
Ro150_q0.35_L24W_r0.60_th140_kc-10_ko-10,center_curvature,2.0327662719806727e-15,-125000000.0,0.0,-1.7888308574098843,-1.0,2.0327662719806727e-15,125000000.0,-0.0,1.7888308574098843,True
Ro150_q0.35_L24W_r0.60_th140_kc-10_ko-10,outer_curvature,6.572905228178703e-14,-125000000.0,0.0,-1.7888308574098843,-1.0,6.572905228178703e-14,125000000.0,-0.0,1.7888308574098843,True
Ro150_q0.35_L24W_r0.60_th140_kc-10_ko-10,center_angle,1.2329354757459255e-15,8143335.388626903,0.0,0.1165362873924991,-1.0,1.2329354757459255e-15,-8143335.388626903,-0.0,-0.1165362873924991,False
Ro150_q0.35_L24W_r0.60_th140_kc-10_ko-10,outer_angle,1.076604735234683e-14,8143335.388626903,0.0,0.1165362873924991,-1.0,1.076604735234683e-14,-8143335.388626903,-0.0,-0.1165362873924991,False
Ro150_q0.35_L24W_r0.60_th140_kc-10_ko-10,gb_spacing,-1.6210098997673632e-15,0.0,0.0,0.0,1.0,1.6210098997673632e-15,0.0,0.0,0.0,False
Ro150_q0.35_L24W_r0.60_th140_kc+0_ko+0,center_outer_exchange,4.857758947878001e-14,0.0,0.0,0.0,-1.0,4.857758947878001e-14,-0.0,-0.0,-0.0,False
Ro150_q0.35_L24W_r0.60_th140_kc+0_ko+0,tj_radius,-2.355739340131698e-14,-89494594.97597814,3.150002100000411e-08,-0.37299682193692174,1.0,2.355739340131698e-14,-89494594.97597814,3.150002100000411e-08,-0.37299682193692174,False
Ro150_q0.35_L24W_r0.60_th140_kc+0_ko+0,center_curvature,2.222997845170149e-15,-125000000.0,0.0,-1.9177128982638125,-1.0,2.222997845170149e-15,125000000.0,-0.0,1.9177128982638125,True
Ro150_q0.35_L24W_r0.60_th140_kc+0_ko+0,outer_curvature,7.084334380171276e-14,-125000000.0,0.0,-1.9177128982638125,-1.0,7.084334380171276e-14,125000000.0,-0.0,1.9177128982638125,True
Ro150_q0.35_L24W_r0.60_th140_kc+0_ko+0,center_angle,1.2843194413309792e-15,8143335.388626903,0.0,0.12493248848421956,-1.0,1.2843194413309792e-15,-8143335.388626903,-0.0,-0.12493248848421956,False
Ro150_q0.35_L24W_r0.60_th140_kc+0_ko+0,outer_angle,9.943502622191478e-15,8143335.388626903,0.0,0.12493248848421956,-1.0,9.943502622191478e-15,-8143335.388626903,-0.0,-0.12493248848421956,False
Ro150_q0.35_L24W_r0.60_th140_kc+0_ko+0,gb_spacing,-1.8187473373758577e-15,0.0,0.0,0.0,1.0,1.8187473373758577e-15,0.0,0.0,0.0,False
Ro150_q0.35_L24W_r0.60_th140_kc+10_ko+10,center_outer_exchange,4.9046871745970113e-14,0.0,0.0,0.0,-1.0,4.9046871745970113e-14,-0.0,-0.0,-0.0,False
Ro150_q0.35_L24W_r0.60_th140_kc+10_ko+10,tj_radius,-2.0357368678007844e-14,-89494594.97597814,3.150002100000411e-08,-0.4830714083036147,1.0,2.0357368678007844e-14,-89494594.97597814,3.150002100000411e-08,-0.4830714083036147,False
Ro150_q0.35_L24W_r0.60_th140_kc+10_ko+10,center_curvature,2.410670538466841e-15,-125000000.0,0.0,-2.071458595025888,-1.0,2.410670538466841e-15,125000000.0,-0.0,2.071458595025888,True
Ro150_q0.35_L24W_r0.60_th140_kc+10_ko+10,outer_curvature,7.582862940190434e-14,-125000000.0,0.0,-2.071458595025888,-1.0,7.582862940190434e-14,125000000.0,-0.0,2.071458595025888,True
Ro150_q0.35_L24W_r0.60_th140_kc+10_ko+10,center_angle,1.3262193882520292e-15,8143335.388626903,0.0,0.134948455929762,-1.0,1.3262193882520292e-15,-8143335.388626903,-0.0,-0.134948455929762,False
Ro150_q0.35_L24W_r0.60_th140_kc+10_ko+10,outer_angle,8.881418133524332e-15,8143335.388626903,0.0,0.134948455929762,-1.0,8.881418133524332e-15,-8143335.388626903,-0.0,-0.134948455929762,False
Ro150_q0.35_L24W_r0.60_th140_kc+10_ko+10,gb_spacing,-1.9766338041199003e-15,0.0,0.0,0.0,1.0,1.9766338041199003e-15,0.0,0.0,0.0,False
Ro150_q0.35_L24W_r0.60_th160_kc-10_ko-10,center_outer_exchange,5.0750918934186714e-14,0.0,0.0,0.0,-1.0,5.0750918934186714e-14,-0.0,-0.0,-0.0,False
Ro150_q0.35_L24W_r0.60_th160_kc-10_ko-10,tj_radius,-2.3819967556413087e-14,-93791277.10007876,3.150002100000411e-08,-0.30522800172438913,1.0,2.3819967556413087e-14,-93791277.10007876,3.150002100000411e-08,-0.30522800172438913,False
Ro150_q0.35_L24W_r0.60_th160_kc-10_ko-10,center_curvature,2.4517273729909833e-15,-125000000.0,0.0,-1.7395409513127902,-1.0,2.4517273729909833e-15,125000000.0,-0.0,1.7395409513127902,True
Ro150_q0.35_L24W_r0.60_th160_kc-10_ko-10,outer_curvature,6.170169814913814e-14,-125000000.0,0.0,-1.7395409513127902,-1.0,6.170169814913814e-14,125000000.0,-0.0,1.7395409513127902,True
Ro150_q0.35_L24W_r0.60_th160_kc-10_ko-10,center_angle,1.4845313898681437e-15,4134479.7315634787,0.0,0.05753672504749119,-1.0,1.4845313898681437e-15,-4134479.7315634787,-0.0,-0.05753672504749119,False
Ro150_q0.35_L24W_r0.60_th160_kc-10_ko-10,outer_angle,8.472469414384637e-15,4134479.7315634787,0.0,0.05753672504749119,-1.0,8.472469414384637e-15,-4134479.7315634787,-0.0,-0.05753672504749119,False
Ro150_q0.35_L24W_r0.60_th160_kc-10_ko-10,gb_spacing,-2.7773819553164885e-15,0.0,0.0,0.0,1.0,2.7773819553164885e-15,0.0,0.0,0.0,False
Ro150_q0.35_L24W_r0.60_th160_kc+0_ko+0,center_outer_exchange,5.1070477473101985e-14,0.0,0.0,0.0,-1.0,5.1070477473101985e-14,-0.0,-0.0,-0.0,False
Ro150_q0.35_L24W_r0.60_th160_kc+0_ko+0,tj_radius,-2.099405161969437e-14,-93791277.10007876,3.150002100000411e-08,-0.3953777751245502,1.0,2.099405161969437e-14,-93791277.10007876,3.150002100000411e-08,-0.3953777751245502,False
Ro150_q0.35_L24W_r0.60_th160_kc+0_ko+0,center_curvature,2.5881775848213236e-15,-125000000.0,0.0,-1.8596883371460038,-1.0,2.5881775848213236e-15,125000000.0,-0.0,1.8596883371460038,True
Ro150_q0.35_L24W_r0.60_th160_kc+0_ko+0,outer_curvature,6.544209754889256e-14,-125000000.0,0.0,-1.8596883371460038,-1.0,6.544209754889256e-14,125000000.0,-0.0,1.8596883371460038,True
Ro150_q0.35_L24W_r0.60_th160_kc+0_ko+0,center_angle,1.5282243634793485e-15,4134479.7315634787,0.0,0.06151068481496935,-1.0,1.5282243634793485e-15,-4134479.7315634787,-0.0,-0.06151068481496935,False
Ro150_q0.35_L24W_r0.60_th160_kc+0_ko+0,outer_angle,8.205636701481648e-15,4134479.7315634787,0.0,0.06151068481496935,-1.0,8.205636701481648e-15,-4134479.7315634787,-0.0,-0.06151068481496935,False
Ro150_q0.35_L24W_r0.60_th160_kc+0_ko+0,gb_spacing,-2.836132066442213e-15,0.0,0.0,0.0,1.0,2.836132066442213e-15,0.0,0.0,0.0,False
Ro150_q0.35_L24W_r0.60_th160_kc+10_ko+10,center_outer_exchange,5.13606161103304e-14,0.0,0.0,0.0,-1.0,5.13606161103304e-14,-0.0,-0.0,-0.0,False
Ro150_q0.35_L24W_r0.60_th160_kc+10_ko+10,tj_radius,-1.7753659507864464e-14,-93791277.10007876,3.150002100000411e-08,-0.5020595221457702,1.0,1.7753659507864464e-14,-93791277.10007876,3.150002100000411e-08,-0.5020595221457702,False
Ro150_q0.35_L24W_r0.60_th160_kc+10_ko+10,center_curvature,2.7232431747632004e-15,-125000000.0,0.0,-2.0018688724877665,-1.0,2.7232431747632004e-15,125000000.0,-0.0,2.0018688724877665,True
Ro150_q0.35_L24W_r0.60_th160_kc+10_ko+10,outer_curvature,6.909745970019651e-14,-125000000.0,0.0,-2.0018688724877665,-1.0,6.909745970019651e-14,125000000.0,-0.0,2.0018688724877665,True
Ro150_q0.35_L24W_r0.60_th160_kc+10_ko+10,center_angle,1.5683747104399673e-15,4134479.7315634787,0.0,0.06621340196932834,-1.0,1.5683747104399673e-15,-4134479.7315634787,-0.0,-0.06621340196932834,False
Ro150_q0.35_L24W_r0.60_th160_kc+10_ko+10,outer_angle,7.848192337264552e-15,4134479.7315634787,0.0,0.06621340196932834,-1.0,7.848192337264552e-15,-4134479.7315634787,-0.0,-0.06621340196932834,False
Ro150_q0.35_L24W_r0.60_th160_kc+10_ko+10,gb_spacing,-2.8668333003066494e-15,0.0,0.0,0.0,1.0,2.8668333003066494e-15,0.0,0.0,0.0,False
Ro150_q0.35_L24W_r0.75_th140_kc-10_ko-10,center_outer_exchange,2.459517784882574e-14,0.0,0.0,0.0,-1.0,2.459517784882574e-14,-0.0,-0.0,-0.0,False
Ro150_q0.35_L24W_r0.75_th140_kc-10_ko-10,tj_radius,-2.5955040082644458e-14,-71595675.980784,3.9375026250005965e-08,-0.16655430289025386,1.0,2.5955040082644458e-14,-71595675.980784,3.9375026250005965e-08,-0.16655430289025386,False
Ro150_q0.35_L24W_r0.75_th140_kc-10_ko-10,center_curvature,-7.289084436812807e-16,-125000000.0,0.0,-2.036709735683151,1.0,7.289084436812807e-16,-125000000.0,0.0,-2.036709735683151,False
Ro150_q0.35_L24W_r0.75_th140_kc-10_ko-10,outer_curvature,8.084451113469666e-14,-125000000.0,0.0,-2.036709735683151,-1.0,8.084451113469666e-14,125000000.0,-0.0,2.036709735683151,True
Ro150_q0.35_L24W_r0.75_th140_kc-10_ko-10,center_angle,-3.797294762021448e-16,6514668.310903013,0.0,0.10614775320838543,1.0,3.797294762021448e-16,6514668.310903013,0.0,0.10614775320838543,True
Ro150_q0.35_L24W_r0.75_th140_kc-10_ko-10,outer_angle,1.2791592692100317e-14,6514668.310903013,0.0,0.10614775320838543,-1.0,1.2791592692100317e-14,-6514668.310903013,-0.0,-0.10614775320838543,False
Ro150_q0.35_L24W_r0.75_th140_kc-10_ko-10,gb_spacing,9.98046637408302e-15,0.0,0.0,0.0,-1.0,9.98046637408302e-15,-0.0,-0.0,-0.0,False
Ro150_q0.35_L24W_r0.75_th140_kc+0_ko+0,center_outer_exchange,2.595884136933902e-14,0.0,0.0,0.0,-1.0,2.595884136933902e-14,-0.0,-0.0,-0.0,False
Ro150_q0.35_L24W_r0.75_th140_kc+0_ko+0,tj_radius,-2.3583840510343682e-14,-71595675.980784,3.9375026250005965e-08,-0.26934259969413343,1.0,2.3583840510343682e-14,-71595675.980784,3.9375026250005965e-08,-0.26934259969413343,False
Ro150_q0.35_L24W_r0.75_th140_kc+0_ko+0,center_curvature,-3.083948142505634e-16,-125000000.0,0.0,-2.216170810907414,1.0,3.083948142505634e-16,-125000000.0,0.0,-2.216170810907414,False
Ro150_q0.35_L24W_r0.75_th140_kc+0_ko+0,outer_curvature,8.985658622791176e-14,-125000000.0,0.0,-2.216170810907414,-1.0,8.985658622791176e-14,125000000.0,-0.0,2.216170810907414,True
Ro150_q0.35_L24W_r0.75_th140_kc+0_ko+0,center_angle,-1.5806895548972565e-16,6514668.310903013,0.0,0.11550072464583394,1.0,1.5806895548972565e-16,6514668.310903013,0.0,0.11550072464583394,True
Ro150_q0.35_L24W_r0.75_th140_kc+0_ko+0,outer_angle,1.2062644813956582e-14,6514668.310903013,0.0,0.11550072464583394,-1.0,1.2062644813956582e-14,-6514668.310903013,-0.0,-0.11550072464583394,False
Ro150_q0.35_L24W_r0.75_th140_kc+0_ko+0,gb_spacing,9.293468693476702e-15,0.0,0.0,0.0,-1.0,9.293468693476702e-15,-0.0,-0.0,-0.0,False
Ro150_q0.35_L24W_r0.75_th140_kc+10_ko+10,center_outer_exchange,2.726023356953597e-14,0.0,0.0,0.0,-1.0,2.726023356953597e-14,-0.0,-0.0,-0.0,False
Ro150_q0.35_L24W_r0.75_th140_kc+10_ko+10,tj_radius,-2.0255177995413857e-14,-71595675.980784,3.9375026250005965e-08,-0.3974654772184172,1.0,2.0255177995413857e-14,-71595675.980784,3.9375026250005965e-08,-0.3974654772184172,False
Ro150_q0.35_L24W_r0.75_th140_kc+10_ko+10,center_curvature,1.1039221189088322e-16,-125000000.0,0.0,-2.439864715106488,-1.0,1.1039221189088322e-16,125000000.0,-0.0,2.439864715106488,True
Ro150_q0.35_L24W_r0.75_th140_kc+10_ko+10,outer_curvature,9.871628717333786e-14,-125000000.0,0.0,-2.439864715106488,-1.0,9.871628717333786e-14,125000000.0,-0.0,2.439864715106488,True
Ro150_q0.35_L24W_r0.75_th140_kc+10_ko+10,center_angle,4.4392792491770413e-17,6514668.310903013,0.0,0.12715895168480262,-1.0,4.4392792491770413e-17,-6514668.310903013,-0.0,-0.12715895168480262,False
Ro150_q0.35_L24W_r0.75_th140_kc+10_ko+10,outer_angle,1.092477940414389e-14,6514668.310903013,0.0,0.12715895168480262,-1.0,1.092477940414389e-14,-6514668.310903013,-0.0,-0.12715895168480262,False
Ro150_q0.35_L24W_r0.75_th140_kc+10_ko+10,gb_spacing,8.674184600005945e-15,0.0,0.0,0.0,-1.0,8.674184600005945e-15,-0.0,-0.0,-0.0,False
Ro150_q0.35_L24W_r0.75_th160_kc-10_ko-10,center_outer_exchange,3.1219947212566846e-14,0.0,0.0,0.0,-1.0,3.1219947212566846e-14,-0.0,-0.0,-0.0,False
Ro150_q0.35_L24W_r0.75_th160_kc-10_ko-10,tj_radius,-2.625955846182126e-14,-75033021.6800645,3.9375026250005965e-08,-0.19019667486508407,1.0,2.625955846182126e-14,-75033021.6800645,3.9375026250005965e-08,-0.19019667486508407,False
Ro150_q0.35_L24W_r0.75_th160_kc-10_ko-10,center_curvature,8.585600735818303e-16,-125000000.0,0.0,-1.9827922741866288,-1.0,8.585600735818303e-16,125000000.0,-0.0,1.9827922741866288,True
Ro150_q0.35_L24W_r0.75_th160_kc-10_ko-10,outer_curvature,7.81944608727308e-14,-125000000.0,0.0,-1.9827922741866288,-1.0,7.81944608727308e-14,125000000.0,-0.0,1.9827922741866288,True
Ro150_q0.35_L24W_r0.75_th160_kc-10_ko-10,center_angle,5.335891807965217e-16,3307583.785250783,0.0,0.052465942826707135,-1.0,5.335891807965217e-16,-3307583.785250783,-0.0,-0.052465942826707135,False
Ro150_q0.35_L24W_r0.75_th160_kc-10_ko-10,outer_angle,1.0649682153717617e-14,3307583.785250783,0.0,0.052465942826707135,-1.0,1.0649682153717617e-14,-3307583.785250783,-0.0,-0.052465942826707135,False
Ro150_q0.35_L24W_r0.75_th160_kc-10_ko-10,gb_spacing,7.08718784115315e-15,0.0,0.0,0.0,-1.0,7.08718784115315e-15,-0.0,-0.0,-0.0,False
Ro150_q0.35_L24W_r0.75_th160_kc+0_ko+0,center_outer_exchange,3.2205859361670855e-14,0.0,0.0,0.0,-1.0,3.2205859361670855e-14,-0.0,-0.0,-0.0,False
Ro150_q0.35_L24W_r0.75_th160_kc+0_ko+0,tj_radius,-2.329729222706231e-14,-75033021.6800645,3.9375026250005965e-08,-0.2907213318449342,1.0,2.329729222706231e-14,-75033021.6800645,3.9375026250005965e-08,-0.2907213318449342,False
Ro150_q0.35_L24W_r0.75_th160_kc+0_ko+0,center_curvature,1.1662122956008825e-15,-125000000.0,0.0,-2.150260835187434,-1.0,1.1662122956008825e-15,125000000.0,-0.0,2.150260835187434,True
Ro150_q0.35_L24W_r0.75_th160_kc+0_ko+0,outer_curvature,8.487982808566645e-14,-125000000.0,0.0,-2.150260835187434,-1.0,8.487982808566645e-14,125000000.0,-0.0,2.150260835187434,True
Ro150_q0.35_L24W_r0.75_th160_kc+0_ko+0,center_angle,6.7726566555597265e-16,3307583.785250783,0.0,0.05689724568369581,-1.0,6.7726566555597265e-16,-3307583.785250783,-0.0,-0.05689724568369581,False
Ro150_q0.35_L24W_r0.75_th160_kc+0_ko+0,outer_angle,1.0514564485450697e-14,3307583.785250783,0.0,0.05689724568369581,-1.0,1.0514564485450697e-14,-3307583.785250783,-0.0,-0.05689724568369581,False
Ro150_q0.35_L24W_r0.75_th160_kc+0_ko+0,gb_spacing,6.6789469713465745e-15,0.0,0.0,0.0,-1.0,6.6789469713465745e-15,-0.0,-0.0,-0.0,False
Ro150_q0.35_L24W_r0.75_th160_kc+10_ko+10,center_outer_exchange,3.313591999960037e-14,0.0,0.0,0.0,-1.0,3.313591999960037e-14,-0.0,-0.0,-0.0,False
Ro150_q0.35_L24W_r0.75_th160_kc+10_ko+10,tj_radius,-1.9604435655621266e-14,-75033021.6800645,3.9375026250005965e-08,-0.41476582394250894,1.0,1.9604435655621266e-14,-75033021.6800645,3.9375026250005965e-08,-0.41476582394250894,False
Ro150_q0.35_L24W_r0.75_th160_kc+10_ko+10,center_curvature,1.4704613625871336e-15,-125000000.0,0.0,-2.35691250376846,-1.0,1.4704613625871336e-15,125000000.0,-0.0,2.35691250376846,True
Ro150_q0.35_L24W_r0.75_th160_kc+10_ko+10,outer_curvature,9.148975932103637e-14,-125000000.0,0.0,-2.35691250376846,-1.0,9.148975932103637e-14,125000000.0,-0.0,2.35691250376846,True
Ro150_q0.35_L24W_r0.75_th160_kc+10_ko+10,center_angle,8.127673425520428e-16,3307583.785250783,0.0,0.06236534266435001,-1.0,8.127673425520428e-16,-3307583.785250783,-0.0,-0.06236534266435001,False
Ro150_q0.35_L24W_r0.75_th160_kc+10_ko+10,outer_angle,1.0229779594599067e-14,3307583.785250783,0.0,0.06236534266435001,-1.0,1.0229779594599067e-14,-3307583.785250783,-0.0,-0.06236534266435001,False
Ro150_q0.35_L24W_r0.75_th160_kc+10_ko+10,gb_spacing,6.324632944324353e-15,0.0,0.0,0.0,-1.0,6.324632944324353e-15,-0.0,-0.0,-0.0,False
Ro150_q0.35_L29W_r0.60_th120_kc+0_ko+0,center_outer_exchange,2.7039374654060685e-14,0.0,0.0,0.0,-1.0,2.7039374654060685e-14,-0.0,-0.0,-0.0,False
Ro150_q0.35_L29W_r0.60_th120_kc+0_ko+0,tj_radius,-1.6837989252897506e-14,-82478664.86998275,3.150002100000411e-08,-0.3345170257368357,1.0,1.6837989252897506e-14,-82478664.86998275,3.150002100000411e-08,-0.3345170257368357,False
Ro150_q0.35_L29W_r0.60_th120_kc+0_ko+0,center_curvature,-1.829896998253591e-15,-125000000.0,0.0,-2.022522945251737,1.0,1.829896998253591e-15,-125000000.0,0.0,-2.022522945251737,False
Ro150_q0.35_L29W_r0.60_th120_kc+0_ko+0,outer_curvature,8.234013725563145e-14,-125000000.0,0.0,-2.022522945251737,-1.0,8.234013725563145e-14,125000000.0,-0.0,2.022522945251737,True
Ro150_q0.35_L29W_r0.60_th120_kc+0_ko+0,center_angle,-8.195629155770144e-16,11904759.92063433,0.0,0.19262093372152123,1.0,8.195629155770144e-16,11904759.92063433,0.0,0.19262093372152123,True
Ro150_q0.35_L29W_r0.60_th120_kc+0_ko+0,outer_angle,1.2512096638610333e-14,11904759.92063433,0.0,0.19262093372152123,-1.0,1.2512096638610333e-14,-11904759.92063433,-0.0,-0.19262093372152123,False
Ro150_q0.35_L29W_r0.60_th120_kc+0_ko+0,gb_spacing,1.1934706809106665e-14,0.0,0.0,0.0,-1.0,1.1934706809106665e-14,-0.0,-0.0,-0.0,False
Ro150_q0.35_L29W_r0.60_th120_kc+10_ko+10,center_outer_exchange,2.8466157472476395e-14,0.0,0.0,0.0,-1.0,2.8466157472476395e-14,-0.0,-0.0,-0.0,False
Ro150_q0.35_L29W_r0.60_th120_kc+10_ko+10,tj_radius,-1.4060938384169013e-14,-82478664.86998275,3.150002100000411e-08,-0.4508108964195179,1.0,1.4060938384169013e-14,-82478664.86998275,3.150002100000411e-08,-0.4508108964195179,False
Ro150_q0.35_L29W_r0.60_th120_kc+10_ko+10,center_curvature,-1.0203766453304405e-15,-125000000.0,0.0,-2.198772649035341,1.0,1.0203766453304405e-15,-125000000.0,0.0,-2.198772649035341,False
Ro150_q0.35_L29W_r0.60_th120_kc+10_ko+10,outer_curvature,9.076598751815408e-14,-125000000.0,0.0,-2.198772649035341,-1.0,9.076598751815408e-14,125000000.0,-0.0,2.198772649035341,True
Ro150_q0.35_L29W_r0.60_th120_kc+10_ko+10,center_angle,-4.581655018373621e-16,11904759.92063433,0.0,0.20940650719047937,1.0,4.581655018373621e-16,11904759.92063433,0.0,0.20940650719047937,True
Ro150_q0.35_L29W_r0.60_th120_kc+10_ko+10,outer_angle,1.0483184006475782e-14,11904759.92063433,0.0,0.20940650719047937,-1.0,1.0483184006475782e-14,-11904759.92063433,-0.0,-0.20940650719047937,False
Ro150_q0.35_L29W_r0.60_th120_kc+10_ko+10,gb_spacing,1.1056515140765585e-14,0.0,0.0,0.0,-1.0,1.1056515140765585e-14,-0.0,-0.0,-0.0,False
Ro150_q0.35_L29W_r0.60_th140_kc-10_ko-10,center_outer_exchange,3.126043886548663e-14,0.0,0.0,0.0,-1.0,3.126043886548663e-14,-0.0,-0.0,-0.0,False
Ro150_q0.35_L29W_r0.60_th140_kc-10_ko-10,tj_radius,-1.8935288718603068e-14,-89494594.97597814,3.150002100000411e-08,-0.2807233419405142,1.0,1.8935288718603068e-14,-89494594.97597814,3.150002100000411e-08,-0.2807233419405142,False
Ro150_q0.35_L29W_r0.60_th140_kc-10_ko-10,center_curvature,5.443620479300531e-17,-125000000.0,0.0,-1.7888308574098843,-1.0,5.443620479300531e-17,125000000.0,-0.0,1.7888308574098843,True
Ro150_q0.35_L29W_r0.60_th140_kc-10_ko-10,outer_curvature,6.572905228178703e-14,-125000000.0,0.0,-1.7888308574098843,-1.0,6.572905228178703e-14,125000000.0,-0.0,1.7888308574098843,True
Ro150_q0.35_L29W_r0.60_th140_kc-10_ko-10,center_angle,5.851729206979008e-17,8143335.388626903,0.0,0.1165362873924991,-1.0,5.851729206979008e-17,-8143335.388626903,-0.0,-0.1165362873924991,False
Ro150_q0.35_L29W_r0.60_th140_kc-10_ko-10,outer_angle,1.076604735234683e-14,8143335.388626903,0.0,0.1165362873924991,-1.0,1.076604735234683e-14,-8143335.388626903,-0.0,-0.1165362873924991,False
Ro150_q0.35_L29W_r0.60_th140_kc-10_ko-10,gb_spacing,9.712203193169624e-15,0.0,0.0,0.0,-1.0,9.712203193169624e-15,-0.0,-0.0,-0.0,False
Ro150_q0.35_L29W_r0.60_th140_kc+0_ko+0,center_outer_exchange,3.2230399455297915e-14,0.0,0.0,0.0,-1.0,3.2230399455297915e-14,-0.0,-0.0,-0.0,False
Ro150_q0.35_L29W_r0.60_th140_kc+0_ko+0,tj_radius,-1.6626569630348716e-14,-89494594.97597814,3.150002100000411e-08,-0.37299682193692174,1.0,1.6626569630348716e-14,-89494594.97597814,3.150002100000411e-08,-0.37299682193692174,False
Ro150_q0.35_L29W_r0.60_th140_kc+0_ko+0,center_curvature,5.411269617704586e-16,-125000000.0,0.0,-1.9177128982638125,-1.0,5.411269617704586e-16,125000000.0,-0.0,1.9177128982638125,True
Ro150_q0.35_L29W_r0.60_th140_kc+0_ko+0,outer_curvature,7.084334380171276e-14,-125000000.0,0.0,-1.9177128982638125,-1.0,7.084334380171276e-14,125000000.0,-0.0,1.9177128982638125,True
Ro150_q0.35_L29W_r0.60_th140_kc+0_ko+0,center_angle,2.591175883235189e-16,8143335.388626903,0.0,0.12493248848421956,-1.0,2.591175883235189e-16,-8143335.388626903,-0.0,-0.12493248848421956,False
Ro150_q0.35_L29W_r0.60_th140_kc+0_ko+0,outer_angle,9.943502622191478e-15,8143335.388626903,0.0,0.12493248848421956,-1.0,9.943502622191478e-15,-8143335.388626903,-0.0,-0.12493248848421956,False
Ro150_q0.35_L29W_r0.60_th140_kc+0_ko+0,gb_spacing,9.174385561764524e-15,0.0,0.0,0.0,-1.0,9.174385561764524e-15,-0.0,-0.0,-0.0,False
Ro150_q0.35_L29W_r0.60_th140_kc+10_ko+10,center_outer_exchange,3.313485263065836e-14,0.0,0.0,0.0,-1.0,3.313485263065836e-14,-0.0,-0.0,-0.0,False
Ro150_q0.35_L29W_r0.60_th140_kc+10_ko+10,tj_radius,-1.3739175017343357e-14,-89494594.97597814,3.150002100000411e-08,-0.4830714083036147,1.0,1.3739175017343357e-14,-89494594.97597814,3.150002100000411e-08,-0.4830714083036147,False
Ro150_q0.35_L29W_r0.60_th140_kc+10_ko+10,center_curvature,1.0228192465451936e-15,-125000000.0,0.0,-2.071458595025888,-1.0,1.0228192465451936e-15,125000000.0,-0.0,2.071458595025888,True
Ro150_q0.35_L29W_r0.60_th140_kc+10_ko+10,outer_curvature,7.582862940192958e-14,-125000000.0,0.0,-2.071458595025888,-1.0,7.582862940192958e-14,125000000.0,-0.0,2.071458595025888,True
Ro150_q0.35_L29W_r0.60_th140_kc+10_ko+10,center_angle,4.3648846067550514e-16,8143335.388626903,0.0,0.134948455929762,-1.0,4.3648846067550514e-16,-8143335.388626903,-0.0,-0.134948455929762,False
Ro150_q0.35_L29W_r0.60_th140_kc+10_ko+10,outer_angle,8.881418133524332e-15,8143335.388626903,0.0,0.134948455929762,-1.0,8.881418133524332e-15,-8143335.388626903,-0.0,-0.134948455929762,False
Ro150_q0.35_L29W_r0.60_th140_kc+10_ko+10,gb_spacing,8.715659602602508e-15,0.0,0.0,0.0,-1.0,8.715659602602508e-15,-0.0,-0.0,-0.0,False
Ro150_q0.35_L29W_r0.60_th160_kc-10_ko-10,center_outer_exchange,3.521300479724883e-14,0.0,0.0,0.0,-1.0,3.521300479724883e-14,-0.0,-0.0,-0.0,False
Ro150_q0.35_L29W_r0.60_th160_kc-10_ko-10,tj_radius,-1.765574830477928e-14,-93791277.10007876,3.150002100000411e-08,-0.30522800172438913,1.0,1.765574830477928e-14,-93791277.10007876,3.150002100000411e-08,-0.30522800172438913,False
Ro150_q0.35_L29W_r0.60_th160_kc-10_ko-10,center_curvature,1.500614055950051e-15,-125000000.0,0.0,-1.7395409513127902,-1.0,1.500614055950051e-15,125000000.0,-0.0,1.7395409513127902,True
Ro150_q0.35_L29W_r0.60_th160_kc-10_ko-10,outer_curvature,6.170169814916339e-14,-125000000.0,0.0,-1.7395409513127902,-1.0,6.170169814916339e-14,125000000.0,-0.0,1.7395409513127902,True
Ro150_q0.35_L29W_r0.60_th160_kc-10_ko-10,center_angle,7.61149885372423e-16,4134479.7315634787,0.0,0.05753672504749119,-1.0,7.61149885372423e-16,-4134479.7315634787,-0.0,-0.05753672504749119,False
Ro150_q0.35_L29W_r0.60_th160_kc-10_ko-10,outer_angle,8.472469414384637e-15,4134479.7315634787,0.0,0.05753672504749119,-1.0,8.472469414384637e-15,-4134479.7315634787,-0.0,-0.05753672504749119,False
Ro150_q0.35_L29W_r0.60_th160_kc-10_ko-10,gb_spacing,7.710368616715258e-15,0.0,0.0,0.0,-1.0,7.710368616715258e-15,-0.0,-0.0,-0.0,False
Ro150_q0.35_L29W_r0.60_th160_kc+0_ko+0,center_outer_exchange,3.587853299619585e-14,0.0,0.0,0.0,-1.0,3.587853299619585e-14,-0.0,-0.0,-0.0,False
Ro150_q0.35_L29W_r0.60_th160_kc+0_ko+0,tj_radius,-1.5053917792139453e-14,-93791277.10007876,3.150002100000411e-08,-0.3953777751245502,1.0,1.5053917792139453e-14,-93791277.10007876,3.150002100000411e-08,-0.3953777751245502,False
Ro150_q0.35_L29W_r0.60_th160_kc+0_ko+0,center_curvature,1.85286038978337e-15,-125000000.0,0.0,-1.8596883371460038,-1.0,1.85286038978337e-15,125000000.0,-0.0,1.8596883371460038,True
Ro150_q0.35_L29W_r0.60_th160_kc+0_ko+0,outer_curvature,6.544209754889256e-14,-125000000.0,0.0,-1.8596883371460038,-1.0,6.544209754889256e-14,125000000.0,-0.0,1.8596883371460038,True
Ro150_q0.35_L29W_r0.60_th160_kc+0_ko+0,center_angle,8.910808726289635e-16,4134479.7315634787,0.0,0.06151068481496935,-1.0,8.910808726289635e-16,-4134479.7315634787,-0.0,-0.06151068481496935,False
Ro150_q0.35_L29W_r0.60_th160_kc+0_ko+0,outer_angle,8.205636701481648e-15,4134479.7315634787,0.0,0.06151068481496935,-1.0,8.205636701481648e-15,-4134479.7315634787,-0.0,-0.06151068481496935,False
Ro150_q0.35_L29W_r0.60_th160_kc+0_ko+0,gb_spacing,7.424242643240629e-15,0.0,0.0,0.0,-1.0,7.424242643240629e-15,-0.0,-0.0,-0.0,False
Ro150_q0.35_L29W_r0.60_th160_kc+10_ko+10,center_outer_exchange,3.649321490882044e-14,0.0,0.0,0.0,-1.0,3.649321490882044e-14,-0.0,-0.0,-0.0,False
Ro150_q0.35_L29W_r0.60_th160_kc+10_ko+10,tj_radius,-1.2013182477842269e-14,-93791277.10007876,3.150002100000411e-08,-0.5020595221457702,1.0,1.2013182477842269e-14,-93791277.10007876,3.150002100000411e-08,-0.5020595221457702,False
Ro150_q0.35_L29W_r0.60_th160_kc+10_ko+10,center_curvature,2.2004434448749475e-15,-125000000.0,0.0,-2.0018688724877665,-1.0,2.2004434448749475e-15,125000000.0,-0.0,2.0018688724877665,True
Ro150_q0.35_L29W_r0.60_th160_kc+10_ko+10,outer_curvature,6.909745970019651e-14,-125000000.0,0.0,-2.0018688724877665,-1.0,6.909745970019651e-14,125000000.0,-0.0,2.0018688724877665,True
Ro150_q0.35_L29W_r0.60_th160_kc+10_ko+10,center_angle,1.0116779314624277e-15,4134479.7315634787,0.0,0.06621340196932834,-1.0,1.0116779314624277e-15,-4134479.7315634787,-0.0,-0.06621340196932834,False
Ro150_q0.35_L29W_r0.60_th160_kc+10_ko+10,outer_angle,7.848192337264552e-15,4134479.7315634787,0.0,0.06621340196932834,-1.0,7.848192337264552e-15,-4134479.7315634787,-0.0,-0.06621340196932834,False
Ro150_q0.35_L29W_r0.60_th160_kc+10_ko+10,gb_spacing,7.197431650965443e-15,0.0,0.0,0.0,-1.0,7.197431650965443e-15,-0.0,-0.0,-0.0,False
Ro150_q0.45_L24W_r0.60_th120_kc-10_ko-10,center_outer_exchange,1.126305179532013e-13,0.0,0.0,0.0,-1.0,1.126305179532013e-13,-0.0,-0.0,-0.0,False
Ro150_q0.45_L24W_r0.60_th120_kc-10_ko-10,tj_radius,-5.743990571007699e-14,-64150072.676654905,4.0500027000005285e-08,-0.111965673384673,1.0,5.743990571007699e-14,-64150072.676654905,4.0500027000005285e-08,-0.111965673384673,False
Ro150_q0.45_L24W_r0.60_th120_kc-10_ko-10,center_curvature,5.679459372101256e-15,-125000000.0,0.0,-2.1667327014763815,-1.0,5.679459372101256e-15,125000000.0,-0.0,2.1667327014763815,True
Ro150_q0.45_L24W_r0.60_th120_kc-10_ko-10,outer_curvature,8.747188841528757e-14,-125000000.0,0.0,-2.1667327014763815,-1.0,8.747188841528757e-14,125000000.0,-0.0,2.1667327014763815,True
Ro150_q0.45_L24W_r0.60_th120_kc-10_ko-10,center_angle,3.238292998172309e-15,9259257.716048509,0.0,0.1604984085039618,-1.0,3.238292998172309e-15,-9259257.716048509,-0.0,-0.1604984085039618,False
Ro150_q0.45_L24W_r0.60_th120_kc-10_ko-10,outer_angle,1.5595060314235444e-14,9259257.716048509,0.0,0.1604984085039618,-1.0,1.5595060314235444e-14,-9259257.716048509,-0.0,-0.1604984085039618,False
Ro150_q0.45_L24W_r0.60_th120_kc-10_ko-10,gb_spacing,-2.941509781265485e-14,0.0,0.0,0.0,1.0,2.941509781265485e-14,0.0,0.0,0.0,False
Ro150_q0.45_L24W_r0.60_th120_kc+0_ko+0,center_outer_exchange,1.1295884385692672e-13,0.0,0.0,0.0,-1.0,1.1295884385692672e-13,-0.0,-0.0,-0.0,False
Ro150_q0.45_L24W_r0.60_th120_kc+0_ko+0,tj_radius,-5.4720419927439936e-14,-64150072.676654905,4.0500027000005285e-08,-0.22015853539547603,1.0,5.4720419927439936e-14,-64150072.676654905,4.0500027000005285e-08,-0.22015853539547603,False
Ro150_q0.45_L24W_r0.60_th120_kc+0_ko+0,center_curvature,5.88112955284189e-15,-125000000.0,0.0,-2.3775545225143135,-1.0,5.88112955284189e-15,125000000.0,-0.0,2.3775545225143135,True
Ro150_q0.45_L24W_r0.60_th120_kc+0_ko+0,outer_curvature,1.0376377058240974e-13,-125000000.0,0.0,-2.3775545225143135,-1.0,1.0376377058240974e-13,125000000.0,-0.0,2.3775545225143135,True
Ro150_q0.45_L24W_r0.60_th120_kc+0_ko+0,center_angle,3.1387872908099728e-15,9259257.716050372,0.0,0.17611470579559363,-1.0,3.1387872908099728e-15,-9259257.716050372,-0.0,-0.17611470579559363,False
Ro150_q0.45_L24W_r0.60_th120_kc+0_ko+0,outer_angle,1.45592859462861e-14,9259257.716050372,0.0,0.17611470579559363,-1.0,1.45592859462861e-14,-9259257.716050372,-0.0,-0.17611470579559363,False
Ro150_q0.45_L24W_r0.60_th120_kc+0_ko+0,gb_spacing,-2.941890331552696e-14,0.0,0.0,0.0,1.0,2.941890331552696e-14,0.0,0.0,0.0,False
Ro150_q0.45_L24W_r0.60_th120_kc+10_ko+10,center_outer_exchange,1.1319150731942569e-13,0.0,0.0,0.0,-1.0,1.1319150731942569e-13,-0.0,-0.0,-0.0,False
Ro150_q0.45_L24W_r0.60_th120_kc+10_ko+10,tj_radius,-5.036828977119758e-14,-64150072.676654905,4.0500027000005285e-08,-0.3585161555687,1.0,5.036828977119758e-14,-64150072.676654905,4.0500027000005285e-08,-0.3585161555687,False
Ro150_q0.45_L24W_r0.60_th120_kc+10_ko+10,center_curvature,6.0805768997010955e-15,-125000000.0,0.0,-2.6471553926139535,-1.0,6.0805768997010955e-15,125000000.0,-0.0,2.6471553926139535,True
Ro150_q0.45_L24W_r0.60_th120_kc+10_ko+10,outer_curvature,1.1959329823028624e-13,-125000000.0,0.0,-2.6471553926139535,-1.0,1.1959329823028624e-13,125000000.0,-0.0,2.6471553926139535,True
Ro150_q0.45_L24W_r0.60_th120_kc+10_ko+10,center_angle,3.0245973641109766e-15,9259257.716050372,0.0,0.19608490600298012,-1.0,3.0245973641109766e-15,-9259257.716050372,-0.0,-0.19608490600298012,False
Ro150_q0.45_L24W_r0.60_th120_kc+10_ko+10,outer_angle,1.2348036154692638e-14,9259257.716050372,0.0,0.19608490600298012,-1.0,1.2348036154692638e-14,-9259257.716050372,-0.0,-0.19608490600298012,False
Ro150_q0.45_L24W_r0.60_th120_kc+10_ko+10,gb_spacing,-2.937090121416161e-14,0.0,0.0,0.0,1.0,2.937090121416161e-14,0.0,0.0,0.0,False
Ro150_q0.45_L24W_r0.60_th140_kc-10_ko-10,center_outer_exchange,1.1509860915315554e-13,0.0,0.0,0.0,-1.0,1.1509860915315554e-13,-0.0,-0.0,-0.0,False
Ro150_q0.45_L24W_r0.60_th140_kc-10_ko-10,tj_radius,-5.465034284666704e-14,-69606907.20353648,4.0500027000005285e-08,-0.15244524819946204,1.0,5.465034284666704e-14,-69606907.20353648,4.0500027000005285e-08,-0.15244524819946204,False
Ro150_q0.45_L24W_r0.60_th140_kc-10_ko-10,center_curvature,5.0799527181201235e-15,-125000000.0,0.0,-2.0695645194752643,-1.0,5.0799527181201235e-15,125000000.0,-0.0,2.0695645194752643,True
Ro150_q0.45_L24W_r0.60_th140_kc-10_ko-10,outer_curvature,8.282498324800296e-14,-125000000.0,0.0,-2.0695645194752643,-1.0,8.282498324800296e-14,125000000.0,-0.0,2.0695645194752643,True
Ro150_q0.45_L24W_r0.60_th140_kc-10_ko-10,center_angle,3.0084721127930506e-15,6333705.302264541,0.0,0.10486393408826178,-1.0,3.0084721127930506e-15,-6333705.302264541,-0.0,-0.10486393408826178,False
Ro150_q0.45_L24W_r0.60_th140_kc-10_ko-10,outer_angle,1.3055880613131303e-14,6333705.302264541,0.0,0.10486393408826178,-1.0,1.3055880613131303e-14,-6333705.302264541,-0.0,-0.10486393408826178,False
Ro150_q0.45_L24W_r0.60_th140_kc-10_ko-10,gb_spacing,-3.0082681028515466e-14,0.0,0.0,0.0,1.0,3.0082681028515466e-14,0.0,0.0,0.0,False
Ro150_q0.45_L24W_r0.60_th140_kc+0_ko+0,center_outer_exchange,1.151956075323697e-13,0.0,0.0,0.0,-1.0,1.151956075323697e-13,-0.0,-0.0,-0.0,False
Ro150_q0.45_L24W_r0.60_th140_kc+0_ko+0,tj_radius,-5.1273310391423254e-14,-69606907.20353648,4.0500027000005285e-08,-0.2566064589938355,1.0,5.1273310391423254e-14,-69606907.20353648,4.0500027000005285e-08,-0.2566064589938355,False
Ro150_q0.45_L24W_r0.60_th140_kc+0_ko+0,center_curvature,5.201154231007301e-15,-125000000.0,0.0,-2.2566186236447905,-1.0,5.201154231007301e-15,125000000.0,-0.0,2.2566186236447905,True
Ro150_q0.45_L24W_r0.60_th140_kc+0_ko+0,outer_curvature,9.250117028409604e-14,-125000000.0,0.0,-2.2566186236447905,-1.0,9.250117028409604e-14,125000000.0,-0.0,2.2566186236447905,True
Ro150_q0.45_L24W_r0.60_th140_kc+0_ko+0,center_angle,2.9604146885240667e-15,6333705.302264541,0.0,0.11434183051939328,-1.0,2.9604146885240667e-15,-6333705.302264541,-0.0,-0.11434183051939328,False
Ro150_q0.45_L24W_r0.60_th140_kc+0_ko+0,outer_angle,1.2354066204751087e-14,6333705.302264541,0.0,0.11434183051939328,-1.0,1.2354066204751087e-14,-6333705.302264541,-0.0,-0.11434183051939328,False
Ro150_q0.45_L24W_r0.60_th140_kc+0_ko+0,gb_spacing,-2.9958774909548835e-14,0.0,0.0,0.0,1.0,2.9958774909548835e-14,0.0,0.0,0.0,False
Ro150_q0.45_L24W_r0.60_th140_kc+10_ko+10,center_outer_exchange,1.152389965157679e-13,0.0,0.0,0.0,-1.0,1.152389965157679e-13,-0.0,-0.0,-0.0,False
Ro150_q0.45_L24W_r0.60_th140_kc+10_ko+10,tj_radius,-4.690550297615351e-14,-69606907.20353648,4.0500027000005285e-08,-0.38726047162673805,1.0,4.690550297615351e-14,-69606907.20353648,4.0500027000005285e-08,-0.38726047162673805,False
Ro150_q0.45_L24W_r0.60_th140_kc+10_ko+10,center_curvature,5.32205531791911e-15,-125000000.0,0.0,-2.491249374526383,-1.0,5.32205531791911e-15,125000000.0,-0.0,2.491249374526383,True
Ro150_q0.45_L24W_r0.60_th140_kc+10_ko+10,outer_curvature,1.0202122485110941e-13,-125000000.0,0.0,-2.491249374526383,-1.0,1.0202122485110941e-13,125000000.0,-0.0,2.491249374526383,True
Ro150_q0.45_L24W_r0.60_th140_kc+10_ko+10,center_angle,2.9070748331508067e-15,6333705.302264541,0.0,0.126230371918723,-1.0,2.9070748331508067e-15,-6333705.302264541,-0.0,-0.126230371918723,False
Ro150_q0.45_L24W_r0.60_th140_kc+10_ko+10,outer_angle,1.1214387164463573e-14,6333705.302264541,0.0,0.126230371918723,-1.0,1.1214387164463573e-14,-6333705.302264541,-0.0,-0.126230371918723,False
Ro150_q0.45_L24W_r0.60_th140_kc+10_ko+10,gb_spacing,-2.980530782892822e-14,0.0,0.0,0.0,1.0,2.980530782892822e-14,0.0,0.0,0.0,False
Ro150_q0.45_L24W_r0.60_th160_kc-10_ko-10,center_outer_exchange,1.1668177671362266e-13,0.0,0.0,0.0,-1.0,1.1668177671362266e-13,-0.0,-0.0,-0.0,False
Ro150_q0.45_L24W_r0.60_th160_kc-10_ko-10,tj_radius,-5.0657980357242255e-14,-72948771.0778378,4.0500027000005285e-08,-0.17597053067885948,1.0,5.0657980357242255e-14,-72948771.0778378,4.0500027000005285e-08,-0.17597053067885948,False
Ro150_q0.45_L24W_r0.60_th160_kc-10_ko-10,center_curvature,4.878575377567419e-15,-125000000.0,0.0,-2.0150666295207786,-1.0,4.878575377567419e-15,125000000.0,-0.0,2.0150666295207786,True
Ro150_q0.45_L24W_r0.60_th160_kc-10_ko-10,outer_curvature,8.047693153820209e-14,-125000000.0,0.0,-2.0150666295207786,-1.0,8.047693153820209e-14,125000000.0,-0.0,2.0150666295207786,True
Ro150_q0.45_L24W_r0.60_th160_kc-10_ko-10,center_angle,2.9320341830491964e-15,3215706.4578831196,0.0,0.05183882949644225,-1.0,2.9320341830491964e-15,-3215706.4578831196,-0.0,-0.05183882949644225,False
Ro150_q0.45_L24W_r0.60_th160_kc-10_ko-10,outer_angle,1.0950973336808002e-14,3215706.4578831196,0.0,0.05183882949644225,-1.0,1.0950973336808002e-14,-3215706.4578831196,-0.0,-0.05183882949644225,False
Ro150_q0.45_L24W_r0.60_th160_kc-10_ko-10,gb_spacing,-3.0254955184558687e-14,0.0,0.0,0.0,1.0,3.0254955184558687e-14,0.0,0.0,0.0,False
Ro150_q0.45_L24W_r0.60_th160_kc+0_ko+0,center_outer_exchange,1.1666655315609306e-13,0.0,0.0,0.0,-1.0,1.1666655315609306e-13,-0.0,-0.0,-0.0,False
Ro150_q0.45_L24W_r0.60_th160_kc+0_ko+0,tj_radius,-4.6896612753565386e-14,-72948771.0778378,4.0500027000005285e-08,-0.27785175152617025,1.0,4.6896612753565386e-14,-72948771.0778378,4.0500027000005285e-08,-0.27785175152617025,False
Ro150_q0.45_L24W_r0.60_th160_kc+0_ko+0,center_curvature,4.970697532725138e-15,-125000000.0,0.0,-2.1896446005432724,-1.0,4.970697532725138e-15,125000000.0,-0.0,2.1896446005432724,True
Ro150_q0.45_L24W_r0.60_th160_kc+0_ko+0,outer_curvature,8.766344924757707e-14,-125000000.0,0.0,-2.1896446005432724,-1.0,8.766344924757707e-14,125000000.0,-0.0,2.1896446005432724,True
Ro150_q0.45_L24W_r0.60_th160_kc+0_ko+0,center_angle,2.93007507508715e-15,3215706.4578831196,0.0,0.056329932076160105,-1.0,2.93007507508715e-15,-3215706.4578831196,-0.0,-0.056329932076160105,False
Ro150_q0.45_L24W_r0.60_th160_kc+0_ko+0,outer_angle,1.0842886068793195e-14,3215706.4578831196,0.0,0.056329932076160105,-1.0,1.0842886068793195e-14,-3215706.4578831196,-0.0,-0.056329932076160105,False
Ro150_q0.45_L24W_r0.60_th160_kc+0_ko+0,gb_spacing,-3.0061477896640515e-14,0.0,0.0,0.0,1.0,3.0061477896640515e-14,0.0,0.0,0.0,False
Ro150_q0.45_L24W_r0.60_th160_kc+10_ko+10,center_outer_exchange,1.1661356478316135e-13,0.0,0.0,0.0,-1.0,1.1661356478316135e-13,-0.0,-0.0,-0.0,False
Ro150_q0.45_L24W_r0.60_th160_kc+10_ko+10,tj_radius,-4.238522181096151e-14,-72948771.0778378,4.0500027000005285e-08,-0.40432647717858483,1.0,4.238522181096151e-14,-72948771.0778378,4.0500027000005285e-08,-0.40432647717858483,False
Ro150_q0.45_L24W_r0.60_th160_kc+10_ko+10,center_curvature,5.062966160596999e-15,-125000000.0,0.0,-2.406365035630631,-1.0,5.062966160596999e-15,125000000.0,-0.0,2.406365035630631,True
Ro150_q0.45_L24W_r0.60_th160_kc+10_ko+10,outer_curvature,9.477616125508503e-14,-125000000.0,0.0,-2.406365035630631,-1.0,9.477616125508503e-14,125000000.0,-0.0,2.406365035630631,True
Ro150_q0.45_L24W_r0.60_th160_kc+10_ko+10,center_angle,2.926327959433085e-15,3215706.4578831196,0.0,0.061905157945685296,-1.0,2.926327959433085e-15,-3215706.4578831196,-0.0,-0.061905157945685296,False
Ro150_q0.45_L24W_r0.60_th160_kc+10_ko+10,outer_angle,1.0574989448898992e-14,3215706.4578831196,0.0,0.061905157945685296,-1.0,1.0574989448898992e-14,-3215706.4578831196,-0.0,-0.061905157945685296,False
Ro150_q0.45_L24W_r0.60_th160_kc+10_ko+10,gb_spacing,-2.9846618421552535e-14,0.0,0.0,0.0,1.0,2.9846618421552535e-14,0.0,0.0,0.0,False
Ro150_q0.45_L24W_r0.75_th120_kc-10_ko-10,center_outer_exchange,8.153849100972028e-14,0.0,0.0,0.0,-1.0,8.153849100972028e-14,-0.0,-0.0,-0.0,False
Ro150_q0.45_L24W_r0.75_th120_kc-10_ko-10,tj_radius,-6.809949688989197e-14,-51320058.141320944,5.062503375000743e-08,-0.004568145535177592,1.0,6.809949688989197e-14,-51320058.141320944,5.062503375000743e-08,-0.004568145535177592,False
Ro150_q0.45_L24W_r0.75_th120_kc-10_ko-10,center_curvature,3.42114026200216e-15,-124999999.99999814,0.0,-2.4468296431914283,-1.0,3.42114026200216e-15,124999999.99999814,-0.0,2.4468296431914283,True
Ro150_q0.45_L24W_r0.75_th120_kc-10_ko-10,outer_curvature,9.454551183853811e-14,-124999999.99999814,0.0,-2.4468296431914283,-1.0,9.454551183853811e-14,124999999.99999814,-0.0,2.4468296431914283,True
Ro150_q0.45_L24W_r0.75_th120_kc-10_ko-10,center_angle,1.9685981975906516e-15,7407406.172841787,0.0,0.14499690904834495,-1.0,1.9685981975906516e-15,-7407406.172841787,-0.0,-0.14499690904834495,False
Ro150_q0.45_L24W_r0.75_th120_kc-10_ko-10,outer_angle,1.627755299433849e-14,7407406.172841787,0.0,0.14499690904834495,-1.0,1.627755299433849e-14,-7407406.172841787,-0.0,-0.14499690904834495,False
Ro150_q0.45_L24W_r0.75_th120_kc-10_ko-10,gb_spacing,-1.2300047956413832e-14,0.0,0.0,0.0,1.0,1.2300047956413832e-14,0.0,0.0,0.0,False
Ro150_q0.45_L24W_r0.75_th120_kc+0_ko+0,center_outer_exchange,8.334897048368479e-14,0.0,0.0,0.0,-1.0,8.334897048368479e-14,-0.0,-0.0,-0.0,False
Ro150_q0.45_L24W_r0.75_th120_kc+0_ko+0,tj_radius,-6.736611279004567e-14,-51320058.14132281,5.062503375000743e-08,-0.1241367256058501,1.0,6.736611279004567e-14,-51320058.14132281,5.062503375000743e-08,-0.1241367256058501,False
Ro150_q0.45_L24W_r0.75_th120_kc+0_ko+0,center_curvature,3.979299749798412e-15,-125000000.0,0.0,-2.7380662781508747,-1.0,3.979299749798412e-15,125000000.0,-0.0,2.7380662781508747,True
Ro150_q0.45_L24W_r0.75_th120_kc+0_ko+0,outer_curvature,1.2292159188067254e-13,-125000000.0,0.0,-2.7380662781508747,-1.0,1.2292159188067254e-13,125000000.0,-0.0,2.7380662781508747,True
Ro150_q0.45_L24W_r0.75_th120_kc+0_ko+0,center_angle,2.1063881374499095e-15,7407406.172839925,0.0,0.16225515038648108,-1.0,2.1063881374499095e-15,-7407406.172839925,-0.0,-0.16225515038648108,False
Ro150_q0.45_L24W_r0.75_th120_kc+0_ko+0,outer_angle,1.6246056610820184e-14,7407406.172839925,0.0,0.16225515038648108,-1.0,1.6246056610820184e-14,-7407406.172839925,-0.0,-0.16225515038648108,False
Ro150_q0.45_L24W_r0.75_th120_kc+0_ko+0,gb_spacing,-1.316675208235689e-14,0.0,0.0,0.0,1.0,1.316675208235689e-14,0.0,0.0,0.0,False
Ro150_q0.45_L24W_r0.75_th120_kc+10_ko+10,center_outer_exchange,8.49223042560231e-14,0.0,0.0,0.0,-1.0,8.49223042560231e-14,-0.0,-0.0,-0.0,False
Ro150_q0.45_L24W_r0.75_th120_kc+10_ko+10,tj_radius,-6.371154882681013e-14,-51320058.14132281,5.062503375000743e-08,-0.28682721392259136,1.0,6.371154882681013e-14,-51320058.14132281,5.062503375000743e-08,-0.28682721392259136,False
Ro150_q0.45_L24W_r0.75_th120_kc+10_ko+10,center_curvature,4.524114711248876e-15,-125000000.0,0.0,-3.1343385691259273,-1.0,4.524114711248876e-15,125000000.0,-0.0,3.1343385691259273,True
Ro150_q0.45_L24W_r0.75_th120_kc+10_ko+10,outer_curvature,1.5063831891811506e-13,-125000000.0,0.0,-3.1343385691259273,-1.0,1.5063831891811506e-13,125000000.0,-0.0,3.1343385691259273,True
Ro150_q0.45_L24W_r0.75_th120_kc+10_ko+10,center_angle,2.199962032170303e-15,7407406.172839925,0.0,0.18573749565209408,-1.0,2.199962032170303e-15,-7407406.172839925,-0.0,-0.18573749565209408,False
Ro150_q0.45_L24W_r0.75_th120_kc+10_ko+10,outer_angle,1.418878893107746e-14,7407406.172839925,0.0,0.18573749565209408,-1.0,1.418878893107746e-14,-7407406.172839925,-0.0,-0.18573749565209408,False
Ro150_q0.45_L24W_r0.75_th120_kc+10_ko+10,gb_spacing,-1.3894785024451376e-14,0.0,0.0,0.0,1.0,1.3894785024451376e-14,0.0,0.0,0.0,False
Ro150_q0.45_L24W_r0.75_th140_kc-10_ko-10,center_outer_exchange,9.008349342802212e-14,0.0,0.0,0.0,-1.0,9.008349342802212e-14,-0.0,-0.0,-0.0,False
Ro150_q0.45_L24W_r0.75_th140_kc-10_ko-10,tj_radius,-7.023955624186134e-14,-55685525.762833655,5.062503375000743e-08,-0.04329301897532112,1.0,7.023955624186134e-14,-55685525.762833655,5.062503375000743e-08,-0.04329301897532112,False
Ro150_q0.45_L24W_r0.75_th140_kc-10_ko-10,center_curvature,4.30790724654949e-15,-125000000.0,0.0,-2.3419375021385136,-1.0,4.30790724654949e-15,125000000.0,-0.0,2.3419375021385136,True
Ro150_q0.45_L24W_r0.75_th140_kc-10_ko-10,outer_curvature,9.792189324102031e-14,-125000000.0,0.0,-2.3419375021385136,-1.0,9.792189324102031e-14,125000000.0,-0.0,2.3419375021385136,True
Ro150_q0.45_L24W_r0.75_th140_kc-10_ko-10,center_angle,2.5356897604413085e-15,5066964.241812006,0.0,0.09493189253451106,-1.0,2.5356897604413085e-15,-5066964.241812006,-0.0,-0.09493189253451106,False
Ro150_q0.45_L24W_r0.75_th140_kc-10_ko-10,outer_angle,1.505403546797219e-14,5066964.241812006,0.0,0.09493189253451106,-1.0,1.505403546797219e-14,-5066964.241812006,-0.0,-0.09493189253451106,False
Ro150_q0.45_L24W_r0.75_th140_kc-10_ko-10,gb_spacing,-1.6020855613525975e-14,0.0,0.0,0.0,1.0,1.6020855613525975e-14,0.0,0.0,0.0,False
Ro150_q0.45_L24W_r0.75_th140_kc+0_ko+0,center_outer_exchange,9.102615574922077e-14,0.0,0.0,0.0,-1.0,9.102615574922077e-14,-0.0,-0.0,-0.0,False
Ro150_q0.45_L24W_r0.75_th140_kc+0_ko+0,tj_radius,-6.741483667854056e-14,-55685525.762833655,5.062503375000743e-08,-0.15864508855256698,1.0,6.741483667854056e-14,-55685525.762833655,5.062503375000743e-08,-0.15864508855256698,False
Ro150_q0.45_L24W_r0.75_th140_kc+0_ko+0,center_curvature,4.622230175337803e-15,-125000000.0,0.0,-2.600877014568681,-1.0,4.622230175337803e-15,125000000.0,-0.0,2.600877014568681,True
Ro150_q0.45_L24W_r0.75_th140_kc+0_ko+0,outer_curvature,1.149029246658975e-13,-125000000.0,0.0,-2.600877014568681,-1.0,1.149029246658975e-13,125000000.0,-0.0,2.600877014568681,True
Ro150_q0.45_L24W_r0.75_th140_kc+0_ko+0,center_angle,2.595197887127336e-15,5066964.241812006,0.0,0.10542807416236144,-1.0,2.595197887127336e-15,-5066964.241812006,-0.0,-0.10542807416236144,False
Ro150_q0.45_L24W_r0.75_th140_kc+0_ko+0,outer_angle,1.4776034939485434e-14,5066964.241812006,0.0,0.10542807416236144,-1.0,1.4776034939485434e-14,-5066964.241812006,-0.0,-0.10542807416236144,False
Ro150_q0.45_L24W_r0.75_th140_kc+0_ko+0,gb_spacing,-1.6367404810537286e-14,0.0,0.0,0.0,1.0,1.6367404810537286e-14,0.0,0.0,0.0,False
Ro150_q0.45_L24W_r0.75_th140_kc+10_ko+10,center_outer_exchange,9.183559173426528e-14,0.0,0.0,0.0,-1.0,9.183559173426528e-14,-0.0,-0.0,-0.0,False
Ro150_q0.45_L24W_r0.75_th140_kc+10_ko+10,tj_radius,-6.282329627614256e-14,-55685525.762833655,5.062503375000743e-08,-0.311814564188051,1.0,6.282329627614256e-14,-55685525.762833655,5.062503375000743e-08,-0.311814564188051,False
Ro150_q0.45_L24W_r0.75_th140_kc+10_ko+10,center_curvature,4.931347063585598e-15,-125000000.0,0.0,-2.944709700629211,-1.0,4.931347063585598e-15,125000000.0,-0.0,2.944709700629211,True
Ro150_q0.45_L24W_r0.75_th140_kc+10_ko+10,outer_curvature,1.3168037221044558e-13,-125000000.0,0.0,-2.944709700629211,-1.0,1.3168037221044558e-13,125000000.0,-0.0,2.944709700629211,True
Ro150_q0.45_L24W_r0.75_th140_kc+10_ko+10,center_angle,2.6386731019081892e-15,5066964.241812006,0.0,0.1193653540587647,-1.0,2.6386731019081892e-15,-5066964.241812006,-0.0,-0.1193653540587647,False
Ro150_q0.45_L24W_r0.75_th140_kc+10_ko+10,outer_angle,1.3739547915301134e-14,5066964.241812006,0.0,0.1193653540587647,-1.0,1.3739547915301134e-14,-5066964.241812006,-0.0,-0.1193653540587647,False
Ro150_q0.45_L24W_r0.75_th140_kc+10_ko+10,gb_spacing,-1.6636598669856693e-14,0.0,0.0,0.0,1.0,1.6636598669856693e-14,0.0,0.0,0.0,False
Ro150_q0.45_L24W_r0.75_th160_kc-10_ko-10,center_outer_exchange,9.562560026495584e-14,0.0,0.0,0.0,-1.0,9.562560026495584e-14,-0.0,-0.0,-0.0,False
Ro150_q0.45_L24W_r0.75_th160_kc-10_ko-10,tj_radius,-6.863812664120442e-14,-58359016.862273216,5.062503375000743e-08,-0.06583610996035993,1.0,6.863812664120442e-14,-58359016.862273216,5.062503375000743e-08,-0.06583610996035993,False
Ro150_q0.45_L24W_r0.75_th160_kc-10_ko-10,center_curvature,4.848036144001774e-15,-125000000.0,0.0,-2.2829358647005193,-1.0,4.848036144001774e-15,125000000.0,-0.0,2.2829358647005193,True
Ro150_q0.45_L24W_r0.75_th160_kc-10_ko-10,outer_curvature,9.964715795581652e-14,-125000000.0,0.0,-2.2829358647005193,-1.0,9.964715795581652e-14,125000000.0,-0.0,2.2829358647005193,True
Ro150_q0.45_L24W_r0.75_th160_kc-10_ko-10,center_angle,2.8862282654710043e-15,2572565.1663020253,0.0,0.04698391157897941,-1.0,2.8862282654710043e-15,-2572565.1663020253,-0.0,-0.04698391157897941,False
Ro150_q0.45_L24W_r0.75_th160_kc-10_ko-10,outer_angle,1.3478298102240362e-14,2572565.1663020253,0.0,0.04698391157897941,-1.0,1.3478298102240362e-14,-2572565.1663020253,-0.0,-0.04698391157897941,False
Ro150_q0.45_L24W_r0.75_th160_kc-10_ko-10,gb_spacing,-1.808299104238418e-14,0.0,0.0,0.0,1.0,1.808299104238418e-14,0.0,0.0,0.0,False
Ro150_q0.45_L24W_r0.75_th160_kc+0_ko+0,center_outer_exchange,9.614469412235276e-14,0.0,0.0,0.0,-1.0,9.614469412235276e-14,-0.0,-0.0,-0.0,False
Ro150_q0.45_L24W_r0.75_th160_kc+0_ko+0,tj_radius,-6.469058769731321e-14,-58359016.862273216,5.062503375000743e-08,-0.17879330747960775,1.0,6.469058769731321e-14,-58359016.862273216,5.062503375000743e-08,-0.17879330747960775,False
Ro150_q0.45_L24W_r0.75_th160_kc+0_ko+0,center_curvature,5.071309317285519e-15,-125000000.0,0.0,-2.524883167829839,-1.0,5.071309317285519e-15,125000000.0,-0.0,2.524883167829839,True
Ro150_q0.45_L24W_r0.75_th160_kc+0_ko+0,outer_curvature,1.1233024987653454e-13,-125000000.0,0.0,-2.524883167829839,-1.0,1.1233024987653454e-13,125000000.0,-0.0,2.524883167829839,True
Ro150_q0.45_L24W_r0.75_th160_kc+0_ko+0,center_angle,2.947412117351038e-15,2572565.1663057506,0.0,0.05196326268219753,-1.0,2.947412117351038e-15,-2572565.1663057506,-0.0,-0.05196326268219753,False
Ro150_q0.45_L24W_r0.75_th160_kc+0_ko+0,outer_angle,1.3717334478637332e-14,2572565.1663057506,0.0,0.05196326268219753,-1.0,1.3717334478637332e-14,-2572565.1663057506,-0.0,-0.05196326268219753,False
Ro150_q0.45_L24W_r0.75_th160_kc+0_ko+0,gb_spacing,-1.8166283483286262e-14,0.0,0.0,0.0,1.0,1.8166283483286262e-14,0.0,0.0,0.0,False
Ro150_q0.45_L24W_r0.75_th160_kc+10_ko+10,center_outer_exchange,9.657195334437379e-14,0.0,0.0,0.0,-1.0,9.657195334437379e-14,-0.0,-0.0,-0.0,False
Ro150_q0.45_L24W_r0.75_th160_kc+10_ko+10,tj_radius,-5.941805188820883e-14,-58359016.862273216,5.062503375000743e-08,-0.32683164909685924,1.0,5.941805188820883e-14,-58359016.862273216,5.062503375000743e-08,-0.32683164909685924,False
Ro150_q0.45_L24W_r0.75_th160_kc+10_ko+10,center_curvature,5.291865929119775e-15,-125000000.0,0.0,-2.841973355065086,-1.0,5.291865929119775e-15,125000000.0,-0.0,2.841973355065086,True
Ro150_q0.45_L24W_r0.75_th160_kc+10_ko+10,outer_curvature,1.2494394493722806e-13,-125000000.0,0.0,-2.841973355065086,-1.0,1.2494394493722806e-13,125000000.0,-0.0,2.841973355065086,True
Ro150_q0.45_L24W_r0.75_th160_kc+10_ko+10,center_angle,3.0026033245081236e-15,2572565.1663057506,0.0,0.05848904988159376,-1.0,3.0026033245081236e-15,-2572565.1663057506,-0.0,-0.05848904988159376,False
Ro150_q0.45_L24W_r0.75_th160_kc+10_ko+10,outer_angle,1.3682673527444559e-14,2572565.1663057506,0.0,0.05848904988159376,-1.0,1.3682673527444559e-14,-2572565.1663057506,-0.0,-0.05848904988159376,False
Ro150_q0.45_L24W_r0.75_th160_kc+10_ko+10,gb_spacing,-1.8196392403148824e-14,0.0,0.0,0.0,1.0,1.8196392403148824e-14,0.0,0.0,0.0,False
Ro150_q0.45_L30W_r0.45_th120_kc-10_ko-10,center_outer_exchange,8.155262946254377e-14,0.0,0.0,0.0,-1.0,8.155262946254377e-14,-0.0,-0.0,-0.0,False
Ro150_q0.45_L30W_r0.45_th120_kc-10_ko-10,tj_radius,-3.142478521305787e-14,-85533430.23553863,3.037502025000479e-08,-0.2572286372023447,1.0,3.142478521305787e-14,-85533430.23553863,3.037502025000479e-08,-0.2572286372023447,False
Ro150_q0.45_L30W_r0.45_th120_kc-10_ko-10,center_curvature,5.1723218144333494e-15,-125000000.0,0.0,-1.8373384881112953,-1.0,5.1723218144333494e-15,125000000.0,-0.0,1.8373384881112953,True
Ro150_q0.45_L30W_r0.45_th120_kc-10_ko-10,outer_curvature,7.148235651569417e-14,-125000000.0,0.0,-1.8373384881112953,-1.0,7.148235651569417e-14,125000000.0,-0.0,1.8373384881112953,True
Ro150_q0.45_L30W_r0.45_th120_kc-10_ko-10,center_angle,2.475028683527721e-15,12345676.95473507,0.0,0.18146531385976328,-1.0,2.475028683527721e-15,-12345676.95473507,-0.0,-0.18146531385976328,False
Ro150_q0.45_L30W_r0.45_th120_kc-10_ko-10,outer_angle,1.3629162074074216e-14,12345676.95473507,0.0,0.18146531385976328,-1.0,1.3629162074074216e-14,-12345676.95473507,-0.0,-0.18146531385976328,False
Ro150_q0.45_L30W_r0.45_th120_kc-10_ko-10,gb_spacing,-1.2288518177797099e-14,0.0,0.0,0.0,1.0,1.2288518177797099e-14,0.0,0.0,0.0,False
Ro150_q0.45_L30W_r0.45_th120_kc+0_ko+0,center_outer_exchange,8.209531492129411e-14,0.0,0.0,0.0,-1.0,8.209531492129411e-14,-0.0,-0.0,-0.0,False
Ro150_q0.45_L30W_r0.45_th120_kc+0_ko+0,tj_radius,-2.870078052062109e-14,-85533430.23553863,3.037502025000479e-08,-0.3515814663839212,1.0,2.870078052062109e-14,-85533430.23553863,3.037502025000479e-08,-0.3515814663839212,False
Ro150_q0.45_L30W_r0.45_th120_kc+0_ko+0,center_curvature,5.5068122799824995e-15,-125000000.0,0.0,-1.9752280951487178,-1.0,5.5068122799824995e-15,125000000.0,-0.0,1.9752280951487178,True
Ro150_q0.45_L30W_r0.45_th120_kc+0_ko+0,outer_curvature,7.946173455809392e-14,-125000000.0,0.0,-1.9752280951487178,-1.0,7.946173455809392e-14,125000000.0,-0.0,1.9752280951487178,True
Ro150_q0.45_L30W_r0.45_th120_kc+0_ko+0,center_angle,2.4286725506899973e-15,12345676.95473507,0.0,0.19508397386136522,-1.0,2.4286725506899973e-15,-12345676.95473507,-0.0,-0.19508397386136522,False
Ro150_q0.45_L30W_r0.45_th120_kc+0_ko+0,outer_angle,1.2229948971258142e-14,12345676.95473507,0.0,0.19508397386136522,-1.0,1.2229948971258142e-14,-12345676.95473507,-0.0,-0.19508397386136522,False
Ro150_q0.45_L30W_r0.45_th120_kc+0_ko+0,gb_spacing,-1.2469356620786616e-14,0.0,0.0,0.0,1.0,1.2469356620786616e-14,0.0,0.0,0.0,False
Ro150_q0.45_L30W_r0.45_th120_kc+10_ko+10,center_outer_exchange,8.255237292214678e-14,0.0,0.0,0.0,-1.0,8.255237292214678e-14,-0.0,-0.0,-0.0,False
Ro150_q0.45_L30W_r0.45_th120_kc+10_ko+10,tj_radius,-2.515091614319894e-14,-85533430.23553863,3.037502025000479e-08,-0.46505399569996,1.0,2.515091614319894e-14,-85533430.23553863,3.037502025000479e-08,-0.46505399569996,False
Ro150_q0.45_L30W_r0.45_th120_kc+10_ko+10,center_curvature,5.836498039756333e-15,-125000000.0,0.0,-2.1410598950453164,-1.0,5.836498039756333e-15,125000000.0,-0.0,2.1410598950453164,True
Ro150_q0.45_L30W_r0.45_th120_kc+10_ko+10,outer_curvature,8.715014903889587e-14,-125000000.0,0.0,-2.1410598950453164,-1.0,8.715014903889587e-14,125000000.0,-0.0,2.1410598950453164,True
Ro150_q0.45_L30W_r0.45_th120_kc+10_ko+10,center_angle,2.357712419676132e-15,12345676.95473507,0.0,0.2114623218982814,-1.0,2.357712419676132e-15,-12345676.95473507,-0.0,-0.2114623218982814,False
Ro150_q0.45_L30W_r0.45_th120_kc+10_ko+10,outer_angle,1.0241113953285453e-14,12345676.95473507,0.0,0.2114623218982814,-1.0,1.0241113953285453e-14,-12345676.95473507,-0.0,-0.2114623218982814,False
Ro150_q0.45_L30W_r0.45_th120_kc+10_ko+10,gb_spacing,-1.2575138545319967e-14,0.0,0.0,0.0,1.0,1.2575138545319967e-14,0.0,0.0,0.0,False
Ro150_q0.45_L30W_r0.45_th140_kc-10_ko-10,center_outer_exchange,8.4037320882928e-14,0.0,0.0,0.0,-1.0,8.4037320882928e-14,-0.0,-0.0,-0.0,False
Ro150_q0.45_L30W_r0.45_th140_kc-10_ko-10,tj_radius,-2.8550832867223713e-14,-92809209.60472152,3.037502025000479e-08,-0.29971300185438476,1.0,2.8550832867223713e-14,-92809209.60472152,3.037502025000479e-08,-0.29971300185438476,False
Ro150_q0.45_L30W_r0.45_th140_kc-10_ko-10,center_curvature,4.9110609562596756e-15,-125000000.0,0.0,-1.7505201787449964,-1.0,4.9110609562596756e-15,125000000.0,-0.0,1.7505201787449964,True
Ro150_q0.45_L30W_r0.45_th140_kc-10_ko-10,outer_curvature,6.342308200576167e-14,-125000000.0,0.0,-1.7505201787449964,-1.0,6.342308200576167e-14,125000000.0,-0.0,1.7505201787449964,True
Ro150_q0.45_L30W_r0.45_th140_kc-10_ko-10,center_angle,2.3779512228884533e-15,8444940.403021872,0.0,0.11826420535776538,-1.0,2.3779512228884533e-15,-8444940.403021872,-0.0,-0.11826420535776538,False
Ro150_q0.45_L30W_r0.45_th140_kc-10_ko-10,outer_angle,1.0456127507877647e-14,8444940.403021872,0.0,0.11826420535776538,-1.0,1.0456127507877647e-14,-8444940.403021872,-0.0,-0.11826420535776538,False
Ro150_q0.45_L30W_r0.45_th140_kc-10_ko-10,gb_spacing,-1.3398300366601108e-14,0.0,0.0,0.0,1.0,1.3398300366601108e-14,0.0,0.0,0.0,False
Ro150_q0.45_L30W_r0.45_th140_kc+0_ko+0,center_outer_exchange,8.43048305381492e-14,0.0,0.0,0.0,-1.0,8.43048305381492e-14,-0.0,-0.0,-0.0,False
Ro150_q0.45_L30W_r0.45_th140_kc+0_ko+0,tj_radius,-2.5715214305105076e-14,-92809209.60472152,3.037502025000479e-08,-0.3903367726992846,1.0,2.5715214305105076e-14,-92809209.60472152,3.037502025000479e-08,-0.3903367726992846,False
Ro150_q0.45_L30W_r0.45_th140_kc+0_ko+0,center_curvature,5.1103301575005545e-15,-125000000.0,0.0,-1.8725773298653436,-1.0,5.1103301575005545e-15,125000000.0,-0.0,1.8725773298653436,True
Ro150_q0.45_L30W_r0.45_th140_kc+0_ko+0,outer_curvature,6.808247124270803e-14,-125000000.0,0.0,-1.8725773298653436,-1.0,6.808247124270803e-14,125000000.0,-0.0,1.8725773298653436,True
Ro150_q0.45_L30W_r0.45_th140_kc+0_ko+0,center_angle,2.3533830331409055e-15,8444940.403021872,0.0,0.1265102951553132,-1.0,2.3533830331409055e-15,-8444940.403021872,-0.0,-0.1265102951553132,False
Ro150_q0.45_L30W_r0.45_th140_kc+0_ko+0,outer_angle,9.632897248179814e-15,8444940.403021872,0.0,0.1265102951553132,-1.0,9.632897248179814e-15,-8444940.403021872,-0.0,-0.1265102951553132,False
Ro150_q0.45_L30W_r0.45_th140_kc+0_ko+0,gb_spacing,-1.3388329147820693e-14,0.0,0.0,0.0,1.0,1.3388329147820693e-14,0.0,0.0,0.0,False
Ro150_q0.45_L30W_r0.45_th140_kc+10_ko+10,center_outer_exchange,8.452520827719946e-14,0.0,0.0,0.0,-1.0,8.452520827719946e-14,-0.0,-0.0,-0.0,False
Ro150_q0.45_L30W_r0.45_th140_kc+10_ko+10,tj_radius,-2.2379633141621445e-14,-92809209.60472152,3.037502025000479e-08,-0.49776920344901665,1.0,2.2379633141621445e-14,-92809209.60472152,3.037502025000479e-08,-0.49776920344901665,False
Ro150_q0.45_L30W_r0.45_th140_kc+10_ko+10,center_curvature,5.30865630965852e-15,-125000000.0,0.0,-2.017273439575362,-1.0,5.30865630965852e-15,125000000.0,-0.0,2.017273439575362,True
Ro150_q0.45_L30W_r0.45_th140_kc+10_ko+10,outer_curvature,7.261624368039808e-14,-125000000.0,0.0,-2.017273439575362,-1.0,7.261624368039808e-14,125000000.0,-0.0,2.017273439575362,True
Ro150_q0.45_L30W_r0.45_th140_kc+10_ko+10,center_angle,2.3199509986478285e-15,8444940.403021872,0.0,0.13628584617186856,-1.0,2.3199509986478285e-15,-8444940.403021872,-0.0,-0.13628584617186856,False
Ro150_q0.45_L30W_r0.45_th140_kc+10_ko+10,outer_angle,8.589886306040115e-15,8444940.403021872,0.0,0.13628584617186856,-1.0,8.589886306040115e-15,-8444940.403021872,-0.0,-0.13628584617186856,False
Ro150_q0.45_L30W_r0.45_th140_kc+10_ko+10,gb_spacing,-1.3335248962662507e-14,0.0,0.0,0.0,1.0,1.3335248962662507e-14,0.0,0.0,0.0,False
Ro150_q0.45_L30W_r0.45_th160_kc-10_ko-10,center_outer_exchange,8.565112870378943e-14,0.0,0.0,0.0,-1.0,8.565112870378943e-14,-0.0,-0.0,-0.0,False
Ro150_q0.45_L30W_r0.45_th160_kc-10_ko-10,tj_radius,-2.516629234783805e-14,-97265028.10379118,3.037502025000479e-08,-0.32434595759356366,1.0,2.516629234783805e-14,-97265028.10379118,3.037502025000479e-08,-0.32434595759356366,False
Ro150_q0.45_L30W_r0.45_th160_kc-10_ko-10,center_curvature,4.873618723802676e-15,-125000000.0,0.0,-1.701983839171639,-1.0,4.873618723802676e-15,125000000.0,-0.0,1.701983839171639,True
Ro150_q0.45_L30W_r0.45_th160_kc-10_ko-10,outer_curvature,5.929679620476078e-14,-125000000.0,0.0,-1.701983839171639,-1.0,5.929679620476078e-14,125000000.0,-0.0,1.701983839171639,True
Ro150_q0.45_L30W_r0.45_th160_kc-10_ko-10,center_angle,2.339525624043448e-15,4287608.610510826,0.0,0.05837947801434762,-1.0,2.339525624043448e-15,-4287608.610510826,-0.0,-0.05837947801434762,False
Ro150_q0.45_L30W_r0.45_th160_kc-10_ko-10,outer_angle,8.155254423370865e-15,4287608.610510826,0.0,0.05837947801434762,-1.0,8.155254423370865e-15,-4287608.610510826,-0.0,-0.05837947801434762,False
Ro150_q0.45_L30W_r0.45_th160_kc-10_ko-10,gb_spacing,-1.3943923974093166e-14,0.0,0.0,0.0,1.0,1.3943923974093166e-14,0.0,0.0,0.0,False
Ro150_q0.45_L30W_r0.45_th160_kc+0_ko+0,center_outer_exchange,8.578678001616292e-14,0.0,0.0,0.0,-1.0,8.578678001616292e-14,-0.0,-0.0,-0.0,False
Ro150_q0.45_L30W_r0.45_th160_kc+0_ko+0,tj_radius,-2.224152100433655e-14,-97265028.10379118,3.037502025000479e-08,-0.41287019771851785,1.0,2.224152100433655e-14,-97265028.10379118,3.037502025000479e-08,-0.41287019771851785,False
Ro150_q0.45_L30W_r0.45_th160_kc+0_ko+0,center_curvature,5.023831135252422e-15,-125000000.0,0.0,-1.8157511520984215,-1.0,5.023831135252422e-15,125000000.0,-0.0,1.8157511520984215,True
Ro150_q0.45_L30W_r0.45_th160_kc+0_ko+0,outer_curvature,6.269344286864812e-14,-125000000.0,0.0,-1.8157511520984215,-1.0,6.269344286864812e-14,125000000.0,-0.0,1.8157511520984215,True
Ro150_q0.45_L30W_r0.45_th160_kc+0_ko+0,center_angle,2.3511291498961963e-15,4287608.610510826,0.0,0.06228178142186902,-1.0,2.3511291498961963e-15,-4287608.610510826,-0.0,-0.06228178142186902,False
Ro150_q0.45_L30W_r0.45_th160_kc+0_ko+0,outer_angle,7.87734531116552e-15,4287608.610510826,0.0,0.06228178142186902,-1.0,7.87734531116552e-15,-4287608.610510826,-0.0,-0.06228178142186902,False
Ro150_q0.45_L30W_r0.45_th160_kc+0_ko+0,gb_spacing,-1.3835583285156267e-14,0.0,0.0,0.0,1.0,1.3835583285156267e-14,0.0,0.0,0.0,False
Ro150_q0.45_L30W_r0.45_th160_kc+10_ko+10,center_outer_exchange,8.588996694960377e-14,0.0,0.0,0.0,-1.0,8.588996694960377e-14,-0.0,-0.0,-0.0,False
Ro150_q0.45_L30W_r0.45_th160_kc+10_ko+10,tj_radius,-1.8938228685738593e-14,-97265028.10379118,3.037502025000479e-08,-0.5170053147715015,1.0,1.8938228685738593e-14,-97265028.10379118,3.037502025000479e-08,-0.5170053147715015,False
Ro150_q0.45_L30W_r0.45_th160_kc+10_ko+10,center_curvature,5.174082082822445e-15,-125000000.0,0.0,-1.9495809431049338,-1.0,5.174082082822445e-15,125000000.0,-0.0,1.9495809431049338,True
Ro150_q0.45_L30W_r0.45_th160_kc+10_ko+10,outer_curvature,6.600447874673971e-14,-125000000.0,0.0,-1.9495809431049338,-1.0,6.600447874673971e-14,125000000.0,-0.0,1.9495809431049338,True
Ro150_q0.45_L30W_r0.45_th160_kc+10_ko+10,center_angle,2.359696385036577e-15,4287608.610510826,0.0,0.06687223871815196,-1.0,2.359696385036577e-15,-4287608.610510826,-0.0,-0.06687223871815196,False
Ro150_q0.45_L30W_r0.45_th160_kc+10_ko+10,outer_angle,7.515708128290788e-15,4287608.610510826,0.0,0.06687223871815196,-1.0,7.515708128290788e-15,-4287608.610510826,-0.0,-0.06687223871815196,False
Ro150_q0.45_L30W_r0.45_th160_kc+10_ko+10,gb_spacing,-1.369595712752566e-14,0.0,0.0,0.0,1.0,1.369595712752566e-14,0.0,0.0,0.0,False
Ro150_q0.45_L30W_r0.60_th120_kc-10_ko-10,center_outer_exchange,6.045592629898032e-14,0.0,0.0,0.0,-1.0,6.045592629898032e-14,-0.0,-0.0,-0.0,False
Ro150_q0.45_L30W_r0.60_th120_kc-10_ko-10,tj_radius,-4.2650180091499957e-14,-64150072.676654905,4.0500027000005285e-08,-0.111965673384673,1.0,4.2650180091499957e-14,-64150072.676654905,4.0500027000005285e-08,-0.111965673384673,False
Ro150_q0.45_L30W_r0.60_th120_kc-10_ko-10,center_curvature,2.5603719424071963e-15,-125000000.0,0.0,-2.1667327014763815,-1.0,2.5603719424071963e-15,125000000.0,-0.0,2.1667327014763815,True
Ro150_q0.45_L30W_r0.60_th120_kc-10_ko-10,outer_curvature,8.747188841528757e-14,-125000000.0,0.0,-2.1667327014763815,-1.0,8.747188841528757e-14,125000000.0,-0.0,2.1667327014763815,True
Ro150_q0.45_L30W_r0.60_th120_kc-10_ko-10,center_angle,1.2420425327961265e-15,9259257.716048509,0.0,0.1604984085039618,-1.0,1.2420425327961265e-15,-9259257.716048509,-0.0,-0.1604984085039618,False
Ro150_q0.45_L30W_r0.60_th120_kc-10_ko-10,outer_angle,1.5595060314235444e-14,9259257.716048509,0.0,0.1604984085039618,-1.0,1.5595060314235444e-14,-9259257.716048509,-0.0,-0.1604984085039618,False
Ro150_q0.45_L30W_r0.60_th120_kc-10_ko-10,gb_spacing,9.463882055639041e-16,0.0,0.0,0.0,-1.0,9.463882055639041e-16,-0.0,-0.0,-0.0,False
Ro150_q0.45_L30W_r0.60_th120_kc+0_ko+0,center_outer_exchange,6.230589952971896e-14,0.0,0.0,0.0,-1.0,6.230589952971896e-14,-0.0,-0.0,-0.0,False
Ro150_q0.45_L30W_r0.60_th120_kc+0_ko+0,tj_radius,-4.078070330693698e-14,-64150072.676654905,4.0500027000005285e-08,-0.22015853539547603,1.0,4.078070330693698e-14,-64150072.676654905,4.0500027000005285e-08,-0.22015853539547603,False
Ro150_q0.45_L30W_r0.60_th120_kc+0_ko+0,center_curvature,3.47220214093027e-15,-125000000.0,0.0,-2.3775545225143135,-1.0,3.47220214093027e-15,125000000.0,-0.0,2.3775545225143135,True
Ro150_q0.45_L30W_r0.60_th120_kc+0_ko+0,outer_curvature,1.0376377058240974e-13,-125000000.0,0.0,-2.3775545225143135,-1.0,1.0376377058240974e-13,125000000.0,-0.0,2.3775545225143135,True
Ro150_q0.45_L30W_r0.60_th120_kc+0_ko+0,center_angle,1.4952127243979914e-15,9259257.716050372,0.0,0.17611470579559363,-1.0,1.4952127243979914e-15,-9259257.716050372,-0.0,-0.17611470579559363,False
Ro150_q0.45_L30W_r0.60_th120_kc+0_ko+0,outer_angle,1.4559285946311344e-14,9259257.716050372,0.0,0.17611470579559363,-1.0,1.4559285946311344e-14,-9259257.716050372,-0.0,-0.17611470579559363,False
Ro150_q0.45_L30W_r0.60_th120_kc+0_ko+0,gb_spacing,-7.485077197053893e-17,0.0,0.0,0.0,1.0,7.485077197053893e-17,0.0,0.0,0.0,False
Ro150_q0.45_L30W_r0.60_th120_kc+10_ko+10,center_outer_exchange,6.39332998037413e-14,0.0,0.0,0.0,-1.0,6.39332998037413e-14,-0.0,-0.0,-0.0,False
Ro150_q0.45_L30W_r0.60_th120_kc+10_ko+10,tj_radius,-3.717736980513324e-14,-64150072.676654905,4.0500027000005285e-08,-0.3585161555687,1.0,3.717736980513324e-14,-64150072.676654905,4.0500027000005285e-08,-0.3585161555687,False
Ro150_q0.45_L30W_r0.60_th120_kc+10_ko+10,center_curvature,4.362438665995475e-15,-125000000.0,0.0,-2.6471553926139535,-1.0,4.362438665995475e-15,125000000.0,-0.0,2.6471553926139535,True
Ro150_q0.45_L30W_r0.60_th120_kc+10_ko+10,outer_curvature,1.1959329823028624e-13,-125000000.0,0.0,-2.6471553926139535,-1.0,1.1959329823028624e-13,125000000.0,-0.0,2.6471553926139535,True
Ro150_q0.45_L30W_r0.60_th120_kc+10_ko+10,center_angle,1.677946639164643e-15,9259257.716050372,0.0,0.19608490600298012,-1.0,1.677946639164643e-15,-9259257.716050372,-0.0,-0.19608490600298012,False
Ro150_q0.45_L30W_r0.60_th120_kc+10_ko+10,outer_angle,1.2348036154692638e-14,9259257.716050372,0.0,0.19608490600298012,-1.0,1.2348036154692638e-14,-9259257.716050372,-0.0,-0.19608490600298012,False
Ro150_q0.45_L30W_r0.60_th120_kc+10_ko+10,gb_spacing,-9.064993997944782e-16,0.0,0.0,0.0,1.0,9.064993997944782e-16,0.0,0.0,0.0,False
Ro150_q0.45_L30W_r0.60_th140_kc-10_ko-10,center_outer_exchange,6.734154635101398e-14,0.0,0.0,0.0,-1.0,6.734154635101398e-14,-0.0,-0.0,-0.0,False
Ro150_q0.45_L30W_r0.60_th140_kc-10_ko-10,tj_radius,-4.25157828673048e-14,-69606907.20353648,4.0500027000005285e-08,-0.15244524819946204,1.0,4.25157828673048e-14,-69606907.20353648,4.0500027000005285e-08,-0.15244524819946204,False
Ro150_q0.45_L30W_r0.60_th140_kc-10_ko-10,center_curvature,4.203819920726235e-15,-125000000.0,0.0,-2.0695645194752643,-1.0,4.203819920726235e-15,125000000.0,-0.0,2.0695645194752643,True
Ro150_q0.45_L30W_r0.60_th140_kc-10_ko-10,outer_curvature,8.282498324797772e-14,-125000000.0,0.0,-2.0695645194752643,-1.0,8.282498324797772e-14,125000000.0,-0.0,2.0695645194752643,True
Ro150_q0.45_L30W_r0.60_th140_kc-10_ko-10,center_angle,2.0109176279244845e-15,6333705.302264541,0.0,0.10486393408826178,-1.0,2.0109176279244845e-15,-6333705.302264541,-0.0,-0.10486393408826178,False
Ro150_q0.45_L30W_r0.60_th140_kc-10_ko-10,outer_angle,1.3055880613131303e-14,6333705.302264541,0.0,0.10486393408826178,-1.0,1.3055880613131303e-14,-6333705.302264541,-0.0,-0.10486393408826178,False
Ro150_q0.45_L30W_r0.60_th140_kc-10_ko-10,gb_spacing,-2.57397324131156e-15,0.0,0.0,0.0,1.0,2.57397324131156e-15,0.0,0.0,0.0,False
Ro150_q0.45_L30W_r0.60_th140_kc+0_ko+0,center_outer_exchange,6.836222053503839e-14,0.0,0.0,0.0,-1.0,6.836222053503839e-14,-0.0,-0.0,-0.0,False
Ro150_q0.45_L30W_r0.60_th140_kc+0_ko+0,tj_radius,-3.959509928171314e-14,-69606907.20353648,4.0500027000005285e-08,-0.2566064589938355,1.0,3.959509928171314e-14,-69606907.20353648,4.0500027000005285e-08,-0.2566064589938355,False
Ro150_q0.45_L30W_r0.60_th140_kc+0_ko+0,center_curvature,4.7246790710892176e-15,-125000000.0,0.0,-2.2566186236447905,-1.0,4.7246790710892176e-15,125000000.0,-0.0,2.2566186236447905,True
Ro150_q0.45_L30W_r0.60_th140_kc+0_ko+0,outer_curvature,9.250117028409604e-14,-125000000.0,0.0,-2.2566186236447905,-1.0,9.250117028409604e-14,125000000.0,-0.0,2.2566186236447905,True
Ro150_q0.45_L30W_r0.60_th140_kc+0_ko+0,center_angle,2.123058668307699e-15,6333705.302264541,0.0,0.11434183051939328,-1.0,2.123058668307699e-15,-6333705.302264541,-0.0,-0.11434183051939328,False
Ro150_q0.45_L30W_r0.60_th140_kc+0_ko+0,outer_angle,1.2354066204751087e-14,6333705.302264541,0.0,0.11434183051939328,-1.0,1.2354066204751087e-14,-6333705.302264541,-0.0,-0.11434183051939328,False
Ro150_q0.45_L30W_r0.60_th140_kc+0_ko+0,gb_spacing,-3.006500700544636e-15,0.0,0.0,0.0,1.0,3.006500700544636e-15,0.0,0.0,0.0,False
Ro150_q0.45_L30W_r0.60_th140_kc+10_ko+10,center_outer_exchange,6.925585802788385e-14,0.0,0.0,0.0,-1.0,6.925585802788385e-14,-0.0,-0.0,-0.0,False
Ro150_q0.45_L30W_r0.60_th140_kc+10_ko+10,tj_radius,-3.562629601772999e-14,-69606907.20353648,4.0500027000005285e-08,-0.38726047162673805,1.0,3.562629601772999e-14,-69606907.20353648,4.0500027000005285e-08,-0.38726047162673805,False
Ro150_q0.45_L30W_r0.60_th140_kc+10_ko+10,center_curvature,5.236549721588003e-15,-125000000.0,0.0,-2.491249374526383,-1.0,5.236549721588003e-15,125000000.0,-0.0,2.491249374526383,True
Ro150_q0.45_L30W_r0.60_th140_kc+10_ko+10,outer_curvature,1.0202122485110941e-13,-125000000.0,0.0,-2.491249374526383,-1.0,1.0202122485110941e-13,125000000.0,-0.0,2.491249374526383,True
Ro150_q0.45_L30W_r0.60_th140_kc+10_ko+10,center_angle,2.209282753547213e-15,6333705.302264541,0.0,0.126230371918723,-1.0,2.209282753547213e-15,-6333705.302264541,-0.0,-0.126230371918723,False
Ro150_q0.45_L30W_r0.60_th140_kc+10_ko+10,outer_angle,1.1214387164488817e-14,6333705.302264541,0.0,0.126230371918723,-1.0,1.1214387164488817e-14,-6333705.302264541,-0.0,-0.126230371918723,False
Ro150_q0.45_L30W_r0.60_th140_kc+10_ko+10,gb_spacing,-3.3301336655952086e-15,0.0,0.0,0.0,1.0,3.3301336655952086e-15,0.0,0.0,0.0,False
Ro150_q0.45_L30W_r0.60_th160_kc-10_ko-10,center_outer_exchange,7.17932273035856e-14,0.0,0.0,0.0,-1.0,7.17932273035856e-14,-0.0,-0.0,-0.0,False
Ro150_q0.45_L30W_r0.60_th160_kc-10_ko-10,tj_radius,-4.0133468519600245e-14,-72948771.0778378,4.0500027000005285e-08,-0.17597053067885948,1.0,4.0133468519600245e-14,-72948771.0778378,4.0500027000005285e-08,-0.17597053067885948,False
Ro150_q0.45_L30W_r0.60_th160_kc-10_ko-10,center_curvature,5.127394711481048e-15,-125000000.0,0.0,-2.0150666295207786,-1.0,5.127394711481048e-15,125000000.0,-0.0,2.0150666295207786,True
Ro150_q0.45_L30W_r0.60_th160_kc-10_ko-10,outer_curvature,8.047693153820209e-14,-125000000.0,0.0,-2.0150666295207786,-1.0,8.047693153820209e-14,125000000.0,-0.0,2.0150666295207786,True
Ro150_q0.45_L30W_r0.60_th160_kc-10_ko-10,center_angle,2.4322921652676845e-15,3215706.4578831196,0.0,0.05183882949644225,-1.0,2.4322921652676845e-15,-3215706.4578831196,-0.0,-0.05183882949644225,False
Ro150_q0.45_L30W_r0.60_th160_kc-10_ko-10,outer_angle,1.0950973336808002e-14,3215706.4578831196,0.0,0.05183882949644225,-1.0,1.0950973336808002e-14,-3215706.4578831196,-0.0,-0.05183882949644225,False
Ro150_q0.45_L30W_r0.60_th160_kc-10_ko-10,gb_spacing,-4.554804480957497e-15,0.0,0.0,0.0,1.0,4.554804480957497e-15,0.0,0.0,0.0,False
Ro150_q0.45_L30W_r0.60_th160_kc+0_ko+0,center_outer_exchange,7.240547716894461e-14,0.0,0.0,0.0,-1.0,7.240547716894461e-14,-0.0,-0.0,-0.0,False
Ro150_q0.45_L30W_r0.60_th160_kc+0_ko+0,tj_radius,-3.663146491425289e-14,-72948771.0778378,4.0500027000005285e-08,-0.27785175152617025,1.0,3.663146491425289e-14,-72948771.0778378,4.0500027000005285e-08,-0.27785175152617025,False
Ro150_q0.45_L30W_r0.60_th160_kc+0_ko+0,center_curvature,5.500819780510932e-15,-125000000.0,0.0,-2.1896446005432724,-1.0,5.500819780510932e-15,125000000.0,-0.0,2.1896446005432724,True
Ro150_q0.45_L30W_r0.60_th160_kc+0_ko+0,outer_curvature,8.766344924757707e-14,-125000000.0,0.0,-2.1896446005432724,-1.0,8.766344924757707e-14,125000000.0,-0.0,2.1896446005432724,True
Ro150_q0.45_L30W_r0.60_th160_kc+0_ko+0,center_angle,2.526248437580068e-15,3215706.4578831196,0.0,0.056329932076160105,-1.0,2.526248437580068e-15,-3215706.4578831196,-0.0,-0.056329932076160105,False
Ro150_q0.45_L30W_r0.60_th160_kc+0_ko+0,outer_angle,1.0842886068767951e-14,3215706.4578831196,0.0,0.056329932076160105,-1.0,1.0842886068767951e-14,-3215706.4578831196,-0.0,-0.056329932076160105,False
Ro150_q0.45_L30W_r0.60_th160_kc+0_ko+0,gb_spacing,-4.688299946513647e-15,0.0,0.0,0.0,1.0,4.688299946513647e-15,0.0,0.0,0.0,False
Ro150_q0.45_L30W_r0.60_th160_kc+10_ko+10,center_outer_exchange,7.29303056148462e-14,0.0,0.0,0.0,-1.0,7.29303056148462e-14,-0.0,-0.0,-0.0,False
Ro150_q0.45_L30W_r0.60_th160_kc+10_ko+10,tj_radius,-3.234043857284567e-14,-72948771.0778378,4.0500027000005285e-08,-0.40432647717858483,1.0,3.234043857284567e-14,-72948771.0778378,4.0500027000005285e-08,-0.40432647717858483,False
Ro150_q0.45_L30W_r0.60_th160_kc+10_ko+10,center_curvature,5.869379806230861e-15,-125000000.0,0.0,-2.406365035630631,-1.0,5.869379806230861e-15,125000000.0,-0.0,2.406365035630631,True
Ro150_q0.45_L30W_r0.60_th160_kc+10_ko+10,outer_curvature,9.477616125508503e-14,-125000000.0,0.0,-2.406365035630631,-1.0,9.477616125508503e-14,125000000.0,-0.0,2.406365035630631,True
Ro150_q0.45_L30W_r0.60_th160_kc+10_ko+10,center_angle,2.610523480571225e-15,3215706.4578831196,0.0,0.061905157945685296,-1.0,2.610523480571225e-15,-3215706.4578831196,-0.0,-0.061905157945685296,False
Ro150_q0.45_L30W_r0.60_th160_kc+10_ko+10,outer_angle,1.0574989448924236e-14,3215706.4578831196,0.0,0.061905157945685296,-1.0,1.0574989448924236e-14,-3215706.4578831196,-0.0,-0.061905157945685296,False
Ro150_q0.45_L30W_r0.60_th160_kc+10_ko+10,gb_spacing,-4.745148494391923e-15,0.0,0.0,0.0,1.0,4.745148494391923e-15,0.0,0.0,0.0,False
Ro150_q0.45_L30W_r0.75_th140_kc-10_ko-10,tj_radius,-4.0337376927511275e-14,-55685525.762833655,5.062503375000743e-08,-0.04329301897532112,1.0,4.0337376927511275e-14,-55685525.762833655,5.062503375000743e-08,-0.04329301897532112,False
Ro150_q0.45_L30W_r0.75_th140_kc-10_ko-10,center_curvature,-1.804911267937763e-15,-125000000.0,0.0,-2.3419375021385136,1.0,1.804911267937763e-15,-125000000.0,0.0,-2.3419375021385136,False
Ro150_q0.45_L30W_r0.75_th140_kc-10_ko-10,outer_curvature,9.792189324102031e-14,-125000000.0,0.0,-2.3419375021385136,-1.0,9.792189324102031e-14,125000000.0,-0.0,2.3419375021385136,True
Ro150_q0.45_L30W_r0.75_th140_kc-10_ko-10,center_angle,-7.381389235105754e-16,5066964.241812006,0.0,0.09493189253451106,1.0,7.381389235105754e-16,5066964.241812006,0.0,0.09493189253451106,True
Ro150_q0.45_L30W_r0.75_th140_kc-10_ko-10,outer_angle,1.5054035467997433e-14,5066964.241812006,0.0,0.09493189253451106,-1.0,1.5054035467997433e-14,-5066964.241812006,-0.0,-0.09493189253451106,False
Ro150_q0.45_L30W_r0.75_th140_kc-10_ko-10,gb_spacing,1.6842948851726133e-14,0.0,0.0,0.0,-1.0,1.6842948851726133e-14,-0.0,-0.0,-0.0,False
Ro150_q0.45_L30W_r0.75_th140_kc+0_ko+0,center_outer_exchange,3.09935847692277e-14,0.0,0.0,0.0,-1.0,3.09935847692277e-14,-0.0,-0.0,-0.0,False
Ro150_q0.45_L30W_r0.75_th140_kc+0_ko+0,tj_radius,-3.89432912321108e-14,-55685525.762833655,5.062503375000743e-08,-0.15864508855256698,1.0,3.89432912321108e-14,-55685525.762833655,5.062503375000743e-08,-0.15864508855256698,False
Ro150_q0.45_L30W_r0.75_th140_kc+0_ko+0,center_curvature,-6.554523706220046e-16,-125000000.0,0.0,-2.600877014568681,1.0,6.554523706220046e-16,-125000000.0,0.0,-2.600877014568681,False
Ro150_q0.45_L30W_r0.75_th140_kc+0_ko+0,outer_curvature,1.149029246658975e-13,-125000000.0,0.0,-2.600877014568681,-1.0,1.149029246658975e-13,125000000.0,-0.0,2.600877014568681,True
Ro150_q0.45_L30W_r0.75_th140_kc+0_ko+0,center_angle,-2.6129766114760975e-16,5066964.241812006,0.0,0.10542807416236144,1.0,2.6129766114760975e-16,5066964.241812006,0.0,0.10542807416236144,True
Ro150_q0.45_L30W_r0.75_th140_kc+0_ko+0,outer_angle,1.4776034939510678e-14,5066964.241812006,0.0,0.10542807416236144,-1.0,1.4776034939510678e-14,-5066964.241812006,-0.0,-0.10542807416236144,False
Ro150_q0.45_L30W_r0.75_th140_kc+0_ko+0,gb_spacing,1.5362672738230697e-14,0.0,0.0,0.0,-1.0,1.5362672738230697e-14,-0.0,-0.0,-0.0,False
Ro150_q0.45_L30W_r0.75_th140_kc+10_ko+10,center_outer_exchange,3.361560123028848e-14,0.0,0.0,0.0,-1.0,3.361560123028848e-14,-0.0,-0.0,-0.0,False
Ro150_q0.45_L30W_r0.75_th140_kc+10_ko+10,tj_radius,-3.5704893371175854e-14,-55685525.762833655,5.062503375000743e-08,-0.311814564188051,1.0,3.5704893371175854e-14,-55685525.762833655,5.062503375000743e-08,-0.311814564188051,False
Ro150_q0.45_L30W_r0.75_th140_kc+10_ko+10,center_curvature,4.879520672341693e-16,-125000000.0,0.0,-2.944709700629211,-1.0,4.879520672341693e-16,125000000.0,-0.0,2.944709700629211,True
Ro150_q0.45_L30W_r0.75_th140_kc+10_ko+10,outer_curvature,1.3168037221044558e-13,-125000000.0,0.0,-2.944709700629211,-1.0,1.3168037221044558e-13,125000000.0,-0.0,2.944709700629211,True
Ro150_q0.45_L30W_r0.75_th140_kc+10_ko+10,center_angle,1.6309875584547987e-16,5066964.241812006,0.0,0.1193653540587647,-1.0,1.6309875584547987e-16,-5066964.241812006,-0.0,-0.1193653540587647,False
Ro150_q0.45_L30W_r0.75_th140_kc+10_ko+10,outer_angle,1.373954791527589e-14,5066964.241812006,0.0,0.1193653540587647,-1.0,1.373954791527589e-14,-5066964.241812006,-0.0,-0.1193653540587647,False
Ro150_q0.45_L30W_r0.75_th140_kc+10_ko+10,gb_spacing,1.4067365581037404e-14,0.0,0.0,0.0,-1.0,1.4067365581037404e-14,-0.0,-0.0,-0.0,False
Ro150_q0.45_L30W_r0.75_th160_kc-10_ko-10,center_outer_exchange,3.92008149278336e-14,0.0,0.0,0.0,-1.0,3.92008149278336e-14,-0.0,-0.0,-0.0,False
Ro150_q0.45_L30W_r0.75_th160_kc-10_ko-10,tj_radius,-4.329794648816175e-14,-58359016.862273216,5.062503375000743e-08,-0.06583610996035993,1.0,4.329794648816175e-14,-58359016.862273216,5.062503375000743e-08,-0.06583610996035993,False
Ro150_q0.45_L30W_r0.75_th160_kc-10_ko-10,center_curvature,1.6367298366241061e-15,-125000000.0,0.0,-2.2829358647005193,-1.0,1.6367298366241061e-15,125000000.0,-0.0,2.2829358647005193,True
Ro150_q0.45_L30W_r0.75_th160_kc-10_ko-10,outer_curvature,9.964715795579128e-14,-125000000.0,0.0,-2.2829358647005193,-1.0,9.964715795579128e-14,125000000.0,-0.0,2.2829358647005193,True
Ro150_q0.45_L30W_r0.75_th160_kc-10_ko-10,center_angle,8.1173904814996915e-16,2572565.1663020253,0.0,0.04698391157897941,-1.0,8.1173904814996915e-16,-2572565.1663020253,-0.0,-0.04698391157897941,False
Ro150_q0.45_L30W_r0.75_th160_kc-10_ko-10,outer_angle,1.3478298102240362e-14,2572565.1663020253,0.0,0.04698391157897941,-1.0,1.3478298102240362e-14,-2572565.1663020253,-0.0,-0.04698391157897941,False
Ro150_q0.45_L30W_r0.75_th160_kc-10_ko-10,gb_spacing,1.1924722571925125e-14,0.0,0.0,0.0,-1.0,1.1924722571925125e-14,-0.0,-0.0,-0.0,False
Ro150_q0.45_L30W_r0.75_th160_kc+0_ko+0,center_outer_exchange,4.1210265477912136e-14,0.0,0.0,0.0,-1.0,4.1210265477912136e-14,-0.0,-0.0,-0.0,False
Ro150_q0.45_L30W_r0.75_th160_kc+0_ko+0,tj_radius,-4.0400683050900127e-14,-58359016.862273216,5.062503375000743e-08,-0.17879330747960775,1.0,4.0400683050900127e-14,-58359016.862273216,5.062503375000743e-08,-0.17879330747960775,False
Ro150_q0.45_L30W_r0.75_th160_kc+0_ko+0,center_curvature,2.478624162394831e-15,-125000000.0,0.0,-2.524883167829839,-1.0,2.478624162394831e-15,125000000.0,-0.0,2.524883167829839,True
Ro150_q0.45_L30W_r0.75_th160_kc+0_ko+0,outer_curvature,1.1233024987653454e-13,-125000000.0,0.0,-2.524883167829839,-1.0,1.1233024987653454e-13,125000000.0,-0.0,2.524883167829839,True
Ro150_q0.45_L30W_r0.75_th160_kc+0_ko+0,center_angle,1.1195616104062769e-15,2572565.1663057506,0.0,0.05196326268219753,-1.0,1.1195616104062769e-15,-2572565.1663057506,-0.0,-0.05196326268219753,False
Ro150_q0.45_L30W_r0.75_th160_kc+0_ko+0,outer_angle,1.3717334478637332e-14,2572565.1663057506,0.0,0.05196326268219753,-1.0,1.3717334478637332e-14,-2572565.1663057506,-0.0,-0.05196326268219753,False
Ro150_q0.45_L30W_r0.75_th160_kc+0_ko+0,gb_spacing,1.1040708258790069e-14,0.0,0.0,0.0,-1.0,1.1040708258790069e-14,-0.0,-0.0,-0.0,False
Ro150_q0.45_L30W_r0.75_th160_kc+10_ko+10,center_outer_exchange,4.30554989754791e-14,0.0,0.0,0.0,-1.0,4.30554989754791e-14,-0.0,-0.0,-0.0,False
Ro150_q0.45_L30W_r0.75_th160_kc+10_ko+10,tj_radius,-3.6101919952807564e-14,-58359016.862273216,5.062503375000743e-08,-0.32683164909685924,1.0,3.6101919952807564e-14,-58359016.862273216,5.062503375000743e-08,-0.32683164909685924,False
Ro150_q0.45_L30W_r0.75_th160_kc+10_ko+10,center_curvature,3.308570291237102e-15,-125000000.0,0.0,-2.841973355065086,-1.0,3.308570291237102e-15,125000000.0,-0.0,2.841973355065086,True
Ro150_q0.45_L30W_r0.75_th160_kc+10_ko+10,outer_curvature,1.2494394493722806e-13,-125000000.0,0.0,-2.841973355065086,-1.0,1.2494394493722806e-13,125000000.0,-0.0,2.841973355065086,True
Ro150_q0.45_L30W_r0.75_th160_kc+10_ko+10,center_angle,1.405051336006409e-15,2572565.1663057506,0.0,0.05848904988159376,-1.0,1.405051336006409e-15,-2572565.1663057506,-0.0,-0.05848904988159376,False
Ro150_q0.45_L30W_r0.75_th160_kc+10_ko+10,outer_angle,1.3682673527444559e-14,2572565.1663057506,0.0,0.05848904988159376,-1.0,1.3682673527444559e-14,-2572565.1663057506,-0.0,-0.05848904988159376,False
Ro150_q0.45_L30W_r0.75_th160_kc+10_ko+10,gb_spacing,1.0304019868528694e-14,0.0,0.0,0.0,-1.0,1.0304019868528694e-14,-0.0,-0.0,-0.0,False
Ro150_q0.45_L37W_r0.45_th120_kc-10_ko-10,center_outer_exchange,5.5046752530715256e-14,0.0,0.0,0.0,-1.0,5.5046752530715256e-14,-0.0,-0.0,-0.0,False
Ro150_q0.45_L37W_r0.45_th120_kc-10_ko-10,tj_radius,-2.4920842716711e-14,-85533430.23553863,3.037502025000479e-08,-0.2572286372023447,1.0,2.4920842716711e-14,-85533430.23553863,3.037502025000479e-08,-0.2572286372023447,False
Ro150_q0.45_L37W_r0.45_th120_kc-10_ko-10,center_curvature,2.332779758242209e-15,-125000000.0,0.0,-1.8373384881112953,-1.0,2.332779758242209e-15,125000000.0,-0.0,1.8373384881112953,True
Ro150_q0.45_L37W_r0.45_th120_kc-10_ko-10,outer_curvature,7.148235651566893e-14,-125000000.0,0.0,-1.8373384881112953,-1.0,7.148235651566893e-14,125000000.0,-0.0,1.8373384881112953,True
Ro150_q0.45_L37W_r0.45_th120_kc-10_ko-10,center_angle,9.752657737845237e-16,12345676.95473507,0.0,0.18146531385976328,-1.0,9.752657737845237e-16,-12345676.95473507,-0.0,-0.18146531385976328,False
Ro150_q0.45_L37W_r0.45_th120_kc-10_ko-10,outer_angle,1.3629162074048973e-14,12345676.95473507,0.0,0.18146531385976328,-1.0,1.3629162074048973e-14,-12345676.95473507,-0.0,-0.18146531385976328,False
Ro150_q0.45_L37W_r0.45_th120_kc-10_ko-10,gb_spacing,6.767318411473555e-15,0.0,0.0,0.0,-1.0,6.767318411473555e-15,-0.0,-0.0,-0.0,False
Ro150_q0.45_L37W_r0.45_th120_kc+0_ko+0,center_outer_exchange,5.64061034615236e-14,0.0,0.0,0.0,-1.0,5.64061034615236e-14,-0.0,-0.0,-0.0,False
Ro150_q0.45_L37W_r0.45_th120_kc+0_ko+0,tj_radius,-2.2625117358228113e-14,-85533430.23553863,3.037502025000479e-08,-0.3515814663839212,1.0,2.2625117358228113e-14,-85533430.23553863,3.037502025000479e-08,-0.3515814663839212,False
Ro150_q0.45_L37W_r0.45_th120_kc+0_ko+0,center_curvature,3.291753973380934e-15,-125000000.0,0.0,-1.9752280951487178,-1.0,3.291753973380934e-15,125000000.0,-0.0,1.9752280951487178,True
Ro150_q0.45_L37W_r0.45_th120_kc+0_ko+0,outer_curvature,7.946173455809392e-14,-125000000.0,0.0,-1.9752280951487178,-1.0,7.946173455809392e-14,125000000.0,-0.0,1.9752280951487178,True
Ro150_q0.45_L37W_r0.45_th120_kc+0_ko+0,center_angle,1.211715604722193e-15,12345676.95473507,0.0,0.19508397386136522,-1.0,1.211715604722193e-15,-12345676.95473507,-0.0,-0.19508397386136522,False
Ro150_q0.45_L37W_r0.45_th120_kc+0_ko+0,outer_angle,1.2229948971258142e-14,12345676.95473507,0.0,0.19508397386136522,-1.0,1.2229948971258142e-14,-12345676.95473507,-0.0,-0.19508397386136522,False
Ro150_q0.45_L37W_r0.45_th120_kc+0_ko+0,gb_spacing,5.882422817973232e-15,0.0,0.0,0.0,-1.0,5.882422817973232e-15,-0.0,-0.0,-0.0,False
Ro150_q0.45_L37W_r0.45_th120_kc+10_ko+10,center_outer_exchange,5.760192532306106e-14,0.0,0.0,0.0,-1.0,5.760192532306106e-14,-0.0,-0.0,-0.0,False
Ro150_q0.45_L37W_r0.45_th120_kc+10_ko+10,tj_radius,-1.9431615352543622e-14,-85533430.23553863,3.037502025000479e-08,-0.46505399569996,1.0,1.9431615352543622e-14,-85533430.23553863,3.037502025000479e-08,-0.46505399569996,False
Ro150_q0.45_L37W_r0.45_th120_kc+10_ko+10,center_curvature,4.229624422725533e-15,-125000000.0,0.0,-2.1410598950453164,-1.0,4.229624422725533e-15,125000000.0,-0.0,2.1410598950453164,True
Ro150_q0.45_L37W_r0.45_th120_kc+10_ko+10,outer_curvature,8.715014903889587e-14,-125000000.0,0.0,-2.1410598950453164,-1.0,8.715014903889587e-14,125000000.0,-0.0,2.1410598950453164,True
Ro150_q0.45_L37W_r0.45_th120_kc+10_ko+10,center_angle,1.3755719156099118e-15,12345676.95473507,0.0,0.2114623218982814,-1.0,1.3755719156099118e-15,-12345676.95473507,-0.0,-0.2114623218982814,False
Ro150_q0.45_L37W_r0.45_th120_kc+10_ko+10,outer_angle,1.0241113953285453e-14,12345676.95473507,0.0,0.2114623218982814,-1.0,1.0241113953285453e-14,-12345676.95473507,-0.0,-0.2114623218982814,False
Ro150_q0.45_L37W_r0.45_th120_kc+10_ko+10,gb_spacing,5.177183152671891e-15,0.0,0.0,0.0,-1.0,5.177183152671891e-15,-0.0,-0.0,-0.0,False
Ro150_q0.45_L37W_r0.45_th140_kc-10_ko-10,center_outer_exchange,5.94876069859054e-14,0.0,0.0,0.0,-1.0,5.94876069859054e-14,-0.0,-0.0,-0.0,False
Ro150_q0.45_L37W_r0.45_th140_kc-10_ko-10,tj_radius,-2.3192658160350142e-14,-92809209.60472152,3.037502025000479e-08,-0.29971300185438476,1.0,2.3192658160350142e-14,-92809209.60472152,3.037502025000479e-08,-0.29971300185438476,False
Ro150_q0.45_L37W_r0.45_th140_kc-10_ko-10,center_curvature,3.875481471487097e-15,-125000000.0,0.0,-1.7505201787449964,-1.0,3.875481471487097e-15,125000000.0,-0.0,1.7505201787449964,True
Ro150_q0.45_L37W_r0.45_th140_kc-10_ko-10,outer_curvature,6.342308200581216e-14,-125000000.0,0.0,-1.7505201787449964,-1.0,6.342308200581216e-14,125000000.0,-0.0,1.7505201787449964,True
Ro150_q0.45_L37W_r0.45_th140_kc-10_ko-10,center_angle,1.5842750986607996e-15,8444940.403021872,0.0,0.11826420535776538,-1.0,1.5842750986607996e-15,-8444940.403021872,-0.0,-0.11826420535776538,False
Ro150_q0.45_L37W_r0.45_th140_kc-10_ko-10,outer_angle,1.0456127507877647e-14,8444940.403021872,0.0,0.11826420535776538,-1.0,1.0456127507877647e-14,-8444940.403021872,-0.0,-0.11826420535776538,False
Ro150_q0.45_L37W_r0.45_th140_kc-10_ko-10,gb_spacing,4.007352447544619e-15,0.0,0.0,0.0,-1.0,4.007352447544619e-15,-0.0,-0.0,-0.0,False
Ro150_q0.45_L37W_r0.45_th140_kc+0_ko+0,center_outer_exchange,6.02584148943812e-14,0.0,0.0,0.0,-1.0,6.02584148943812e-14,-0.0,-0.0,-0.0,False
Ro150_q0.45_L37W_r0.45_th140_kc+0_ko+0,tj_radius,-2.0569174128790307e-14,-92809209.60472152,3.037502025000479e-08,-0.3903367726992846,1.0,2.0569174128790307e-14,-92809209.60472152,3.037502025000479e-08,-0.3903367726992846,False
Ro150_q0.45_L37W_r0.45_th140_kc+0_ko+0,center_curvature,4.43180467123396e-15,-125000000.0,0.0,-1.8725773298653436,-1.0,4.43180467123396e-15,125000000.0,-0.0,1.8725773298653436,True
Ro150_q0.45_L37W_r0.45_th140_kc+0_ko+0,outer_curvature,6.808247124268279e-14,-125000000.0,0.0,-1.8725773298653436,-1.0,6.808247124268279e-14,125000000.0,-0.0,1.8725773298653436,True
Ro150_q0.45_L37W_r0.45_th140_kc+0_ko+0,center_angle,1.6871142208294233e-15,8444940.403021872,0.0,0.1265102951553132,-1.0,1.6871142208294233e-15,-8444940.403021872,-0.0,-0.1265102951553132,False
Ro150_q0.45_L37W_r0.45_th140_kc+0_ko+0,outer_angle,9.632897248179814e-15,8444940.403021872,0.0,0.1265102951553132,-1.0,9.632897248179814e-15,-8444940.403021872,-0.0,-0.1265102951553132,False
Ro150_q0.45_L37W_r0.45_th140_kc+0_ko+0,gb_spacing,3.616213513274615e-15,0.0,0.0,0.0,-1.0,3.616213513274615e-15,-0.0,-0.0,-0.0,False
Ro150_q0.45_L37W_r0.45_th140_kc+10_ko+10,center_outer_exchange,6.093663076379916e-14,0.0,0.0,0.0,-1.0,6.093663076379916e-14,-0.0,-0.0,-0.0,False
Ro150_q0.45_L37W_r0.45_th140_kc+10_ko+10,tj_radius,-1.7404570901461148e-14,-92809209.60472152,3.037502025000479e-08,-0.49776920344901665,1.0,1.7404570901461148e-14,-92809209.60472152,3.037502025000479e-08,-0.49776920344901665,False
Ro150_q0.45_L37W_r0.45_th140_kc+10_ko+10,center_curvature,4.980163463351321e-15,-125000000.0,0.0,-2.017273439575362,-1.0,4.980163463351321e-15,125000000.0,-0.0,2.017273439575362,True
Ro150_q0.45_L37W_r0.45_th140_kc+10_ko+10,outer_curvature,7.261624368039808e-14,-125000000.0,0.0,-2.017273439575362,-1.0,7.261624368039808e-14,125000000.0,-0.0,2.017273439575362,True
Ro150_q0.45_L37W_r0.45_th140_kc+10_ko+10,center_angle,1.7633274512563295e-15,8444940.403021872,0.0,0.13628584617186856,-1.0,1.7633274512563295e-15,-8444940.403021872,-0.0,-0.13628584617186856,False
Ro150_q0.45_L37W_r0.45_th140_kc+10_ko+10,outer_angle,8.589886306040115e-15,8444940.403021872,0.0,0.13628584617186856,-1.0,8.589886306040115e-15,-8444940.403021872,-0.0,-0.13628584617186856,False
Ro150_q0.45_L37W_r0.45_th140_kc+10_ko+10,gb_spacing,3.329052274846249e-15,0.0,0.0,0.0,-1.0,3.329052274846249e-15,-0.0,-0.0,-0.0,False
Ro150_q0.45_L37W_r0.45_th160_kc-10_ko-10,center_outer_exchange,6.234740859401675e-14,0.0,0.0,0.0,-1.0,6.234740859401675e-14,-0.0,-0.0,-0.0,False
Ro150_q0.45_L37W_r0.45_th160_kc-10_ko-10,tj_radius,-2.0459824893025307e-14,-97265028.10379118,3.037502025000479e-08,-0.32434595759356366,1.0,2.0459824893025307e-14,-97265028.10379118,3.037502025000479e-08,-0.32434595759356366,False
Ro150_q0.45_L37W_r0.45_th160_kc-10_ko-10,center_curvature,4.725936647547362e-15,-125000000.0,0.0,-1.701983839171639,-1.0,4.725936647547362e-15,125000000.0,-0.0,1.701983839171639,True
Ro150_q0.45_L37W_r0.45_th160_kc-10_ko-10,outer_curvature,5.929679620473554e-14,-125000000.0,0.0,-1.701983839171639,-1.0,5.929679620473554e-14,125000000.0,-0.0,1.701983839171639,True
Ro150_q0.45_L37W_r0.45_th160_kc-10_ko-10,center_angle,1.881221249441013e-15,4287608.610510826,0.0,0.05837947801434762,-1.0,1.881221249441013e-15,-4287608.610510826,-0.0,-0.05837947801434762,False
Ro150_q0.45_L37W_r0.45_th160_kc-10_ko-10,outer_angle,8.155254423396109e-15,4287608.610510826,0.0,0.05837947801434762,-1.0,8.155254423396109e-15,-4287608.610510826,-0.0,-0.05837947801434762,False
Ro150_q0.45_L37W_r0.45_th160_kc-10_ko-10,gb_spacing,2.4079424927424298e-15,0.0,0.0,0.0,-1.0,2.4079424927424298e-15,-0.0,-0.0,-0.0,False
Ro150_q0.45_L37W_r0.45_th160_kc+0_ko+0,center_outer_exchange,6.28333237399987e-14,0.0,0.0,0.0,-1.0,6.28333237399987e-14,-0.0,-0.0,-0.0,False
Ro150_q0.45_L37W_r0.45_th160_kc+0_ko+0,tj_radius,-1.7638834788000968e-14,-97265028.10379118,3.037502025000479e-08,-0.41287019771851785,1.0,1.7638834788000968e-14,-97265028.10379118,3.037502025000479e-08,-0.41287019771851785,False
Ro150_q0.45_L37W_r0.45_th160_kc+0_ko+0,center_curvature,5.131796241049997e-15,-125000000.0,0.0,-1.8157511520984215,-1.0,5.131796241049997e-15,125000000.0,-0.0,1.8157511520984215,True
Ro150_q0.45_L37W_r0.45_th160_kc+0_ko+0,outer_curvature,6.269344286864812e-14,-125000000.0,0.0,-1.8157511520984215,-1.0,6.269344286864812e-14,125000000.0,-0.0,1.8157511520984215,True
Ro150_q0.45_L37W_r0.45_th160_kc+0_ko+0,center_angle,1.9666124447849914e-15,4287608.610510826,0.0,0.06228178142186902,-1.0,1.9666124447849914e-15,-4287608.610510826,-0.0,-0.06228178142186902,False
Ro150_q0.45_L37W_r0.45_th160_kc+0_ko+0,outer_angle,7.87734531116552e-15,4287608.610510826,0.0,0.06228178142186902,-1.0,7.87734531116552e-15,-4287608.610510826,-0.0,-0.06228178142186902,False
Ro150_q0.45_L37W_r0.45_th160_kc+0_ko+0,gb_spacing,2.2623269973947636e-15,0.0,0.0,0.0,-1.0,2.2623269973947636e-15,-0.0,-0.0,-0.0,False
Ro150_q0.45_L37W_r0.45_th160_kc+10_ko+10,center_outer_exchange,6.325550360804723e-14,0.0,0.0,0.0,-1.0,6.325550360804723e-14,-0.0,-0.0,-0.0,False
Ro150_q0.45_L37W_r0.45_th160_kc+10_ko+10,tj_radius,-1.441059799884217e-14,-97265028.10379118,3.037502025000479e-08,-0.5170053147715015,1.0,1.441059799884217e-14,-97265028.10379118,3.037502025000479e-08,-0.5170053147715015,False
Ro150_q0.45_L37W_r0.45_th160_kc+10_ko+10,center_curvature,5.533789760643056e-15,-125000000.0,0.0,-1.9495809431049338,-1.0,5.533789760643056e-15,125000000.0,-0.0,1.9495809431049338,True
Ro150_q0.45_L37W_r0.45_th160_kc+10_ko+10,outer_curvature,6.600447874668922e-14,-125000000.0,0.0,-1.9495809431049338,-1.0,6.600447874668922e-14,125000000.0,-0.0,1.9495809431049338,True
Ro150_q0.45_L37W_r0.45_th160_kc+10_ko+10,center_angle,2.042292798155808e-15,4287608.610510826,0.0,0.06687223871815196,-1.0,2.042292798155808e-15,-4287608.610510826,-0.0,-0.06687223871815196,False
Ro150_q0.45_L37W_r0.45_th160_kc+10_ko+10,outer_angle,7.515708128290788e-15,4287608.610510826,0.0,0.06687223871815196,-1.0,7.515708128290788e-15,-4287608.610510826,-0.0,-0.06687223871815196,False
Ro150_q0.45_L37W_r0.45_th160_kc+10_ko+10,gb_spacing,2.1911322051517344e-15,0.0,0.0,0.0,-1.0,2.1911322051517344e-15,-0.0,-0.0,-0.0,False
Ro150_q0.45_L37W_r0.60_th120_kc+0_ko+0,center_outer_exchange,3.286117282418682e-14,0.0,0.0,0.0,-1.0,3.286117282418682e-14,-0.0,-0.0,-0.0,False
Ro150_q0.45_L37W_r0.60_th120_kc+0_ko+0,tj_radius,-2.6988727899994193e-14,-64150072.676654905,4.0500027000005285e-08,-0.22015853539547603,1.0,2.6988727899994193e-14,-64150072.676654905,4.0500027000005285e-08,-0.22015853539547603,False
Ro150_q0.45_L37W_r0.60_th120_kc+0_ko+0,center_curvature,-3.8891988619138195e-15,-125000000.0,0.0,-2.3775545225143135,1.0,3.8891988619138195e-15,-125000000.0,0.0,-2.3775545225143135,False
Ro150_q0.45_L37W_r0.60_th120_kc+0_ko+0,outer_curvature,1.0376377058240974e-13,-125000000.0,0.0,-2.3775545225143135,-1.0,1.0376377058240974e-13,125000000.0,-0.0,2.3775545225143135,True
Ro150_q0.45_L37W_r0.60_th120_kc+0_ko+0,center_angle,-1.354787676776864e-15,9259257.716050372,0.0,0.17611470579559363,1.0,1.354787676776864e-15,9259257.716050372,0.0,0.17611470579559363,True
Ro150_q0.45_L37W_r0.60_th120_kc+0_ko+0,outer_angle,1.4559285946336587e-14,9259257.716050372,0.0,0.17611470579559363,-1.0,1.4559285946336587e-14,-9259257.716050372,-0.0,-0.17611470579559363,False
Ro150_q0.45_L37W_r0.60_th120_kc+0_ko+0,gb_spacing,1.9728801051805054e-14,0.0,0.0,0.0,-1.0,1.9728801051805054e-14,-0.0,-0.0,-0.0,False
Ro150_q0.45_L37W_r0.60_th120_kc+10_ko+10,center_outer_exchange,3.57567271028399e-14,0.0,0.0,0.0,-1.0,3.57567271028399e-14,-0.0,-0.0,-0.0,False
Ro150_q0.45_L37W_r0.60_th120_kc+10_ko+10,tj_radius,-2.4434090503632012e-14,-64150072.676654905,4.0500027000005285e-08,-0.3585161555687,1.0,2.4434090503632012e-14,-64150072.676654905,4.0500027000005285e-08,-0.3585161555687,False
Ro150_q0.45_L37W_r0.60_th120_kc+10_ko+10,center_curvature,-1.6786929354073377e-15,-125000000.0,0.0,-2.6471553926139535,1.0,1.6786929354073377e-15,-125000000.0,0.0,-2.6471553926139535,False
Ro150_q0.45_L37W_r0.60_th120_kc+10_ko+10,outer_curvature,1.1959329823028624e-13,-125000000.0,0.0,-2.6471553926139535,-1.0,1.1959329823028624e-13,125000000.0,-0.0,2.6471553926139535,True
Ro150_q0.45_L37W_r0.60_th120_kc+10_ko+10,center_angle,-6.041922808872615e-16,9259257.716050372,0.0,0.19608490600298012,1.0,6.041922808872615e-16,9259257.716050372,0.0,0.19608490600298012,True
Ro150_q0.45_L37W_r0.60_th120_kc+10_ko+10,outer_angle,1.2348036154692638e-14,9259257.716050372,0.0,0.19608490600298012,-1.0,1.2348036154692638e-14,-9259257.716050372,-0.0,-0.19608490600298012,False
Ro150_q0.45_L37W_r0.60_th120_kc+10_ko+10,gb_spacing,1.7899841042390332e-14,0.0,0.0,0.0,-1.0,1.7899841042390332e-14,-0.0,-0.0,-0.0,False
Ro150_q0.45_L37W_r0.60_th140_kc-10_ko-10,center_outer_exchange,3.9340377832955997e-14,0.0,0.0,0.0,-1.0,3.9340377832955997e-14,-0.0,-0.0,-0.0,False
Ro150_q0.45_L37W_r0.60_th140_kc-10_ko-10,tj_radius,-3.032107905038805e-14,-69606907.20353648,4.0500027000005285e-08,-0.15244524819946204,1.0,3.032107905038805e-14,-69606907.20353648,4.0500027000005285e-08,-0.15244524819946204,False
Ro150_q0.45_L37W_r0.60_th140_kc-10_ko-10,center_curvature,-1.8153231618126398e-16,-125000000.0,0.0,-2.0695645194752643,1.0,1.8153231618126398e-16,-125000000.0,0.0,-2.0695645194752643,False
Ro150_q0.45_L37W_r0.60_th140_kc-10_ko-10,outer_curvature,8.282498324800296e-14,-125000000.0,0.0,-2.0695645194752643,-1.0,8.282498324800296e-14,125000000.0,-0.0,2.0695645194752643,True
Ro150_q0.45_L37W_r0.60_th140_kc-10_ko-10,center_angle,-5.051843401365503e-18,6333705.302264541,0.0,0.10486393408826178,1.0,5.051843401365503e-18,6333705.302264541,0.0,0.10486393408826178,True
Ro150_q0.45_L37W_r0.60_th140_kc-10_ko-10,outer_angle,1.3055880613131303e-14,6333705.302264541,0.0,0.10486393408826178,-1.0,1.3055880613131303e-14,-6333705.302264541,-0.0,-0.10486393408826178,False
Ro150_q0.45_L37W_r0.60_th140_kc-10_ko-10,gb_spacing,1.6332788270623133e-14,0.0,0.0,0.0,-1.0,1.6332788270623133e-14,-0.0,-0.0,-0.0,False
Ro150_q0.45_L37W_r0.60_th140_kc+0_ko+0,center_outer_exchange,4.133931457784752e-14,0.0,0.0,0.0,-1.0,4.133931457784752e-14,-0.0,-0.0,-0.0,False
Ro150_q0.45_L37W_r0.60_th140_kc+0_ko+0,tj_radius,-2.8138023252131207e-14,-69606907.20353648,4.0500027000005285e-08,-0.2566064589938355,1.0,2.8138023252131207e-14,-69606907.20353648,4.0500027000005285e-08,-0.2566064589938355,False
Ro150_q0.45_L37W_r0.60_th140_kc+0_ko+0,center_curvature,1.1500891004457505e-15,-125000000.0,0.0,-2.2566186236447905,-1.0,1.1500891004457505e-15,125000000.0,-0.0,2.2566186236447905,True
Ro150_q0.45_L37W_r0.60_th140_kc+0_ko+0,outer_curvature,9.250117028409604e-14,-125000000.0,0.0,-2.2566186236447905,-1.0,9.250117028409604e-14,125000000.0,-0.0,2.2566186236447905,True
Ro150_q0.45_L37W_r0.60_th140_kc+0_ko+0,center_angle,4.2833723785895013e-16,6333705.302264541,0.0,0.11434183051939328,-1.0,4.2833723785895013e-16,-6333705.302264541,-0.0,-0.11434183051939328,False
Ro150_q0.45_L37W_r0.60_th140_kc+0_ko+0,outer_angle,1.2354066204776331e-14,6333705.302264541,0.0,0.11434183051939328,-1.0,1.2354066204776331e-14,-6333705.302264541,-0.0,-0.11434183051939328,False
Ro150_q0.45_L37W_r0.60_th140_kc+0_ko+0,gb_spacing,1.5165821030667846e-14,0.0,0.0,0.0,-1.0,1.5165821030667846e-14,-0.0,-0.0,-0.0,False
Ro150_q0.45_L37W_r0.60_th140_kc+10_ko+10,center_outer_exchange,4.3150537047612157e-14,0.0,0.0,0.0,-1.0,4.3150537047612157e-14,-0.0,-0.0,-0.0,False
Ro150_q0.45_L37W_r0.60_th140_kc+10_ko+10,tj_radius,-2.482426113257263e-14,-69606907.20353648,4.0500027000005285e-08,-0.38726047162673805,1.0,2.482426113257263e-14,-69606907.20353648,4.0500027000005285e-08,-0.38726047162673805,False
Ro150_q0.45_L37W_r0.60_th140_kc+10_ko+10,center_curvature,2.46417390519249e-15,-125000000.0,0.0,-2.491249374526383,-1.0,2.46417390519249e-15,125000000.0,-0.0,2.491249374526383,True
Ro150_q0.45_L37W_r0.60_th140_kc+10_ko+10,outer_curvature,1.0202122485110941e-13,-125000000.0,0.0,-2.491249374526383,-1.0,1.0202122485110941e-13,125000000.0,-0.0,2.491249374526383,True
Ro150_q0.45_L37W_r0.60_th140_kc+10_ko+10,center_angle,7.982682788157965e-16,6333705.302264541,0.0,0.126230371918723,-1.0,7.982682788157965e-16,-6333705.302264541,-0.0,-0.126230371918723,False
Ro150_q0.45_L37W_r0.60_th140_kc+10_ko+10,outer_angle,1.1214387164463573e-14,6333705.302264541,0.0,0.126230371918723,-1.0,1.1214387164463573e-14,-6333705.302264541,-0.0,-0.126230371918723,False
Ro150_q0.45_L37W_r0.60_th140_kc+10_ko+10,gb_spacing,1.4214910128721384e-14,0.0,0.0,0.0,-1.0,1.4214910128721384e-14,-0.0,-0.0,-0.0,False
Ro150_q0.45_L37W_r0.60_th160_kc-10_ko-10,center_outer_exchange,4.593832349670763e-14,0.0,0.0,0.0,-1.0,4.593832349670763e-14,-0.0,-0.0,-0.0,False
Ro150_q0.45_L37W_r0.60_th160_kc-10_ko-10,tj_radius,-2.983038417757687e-14,-72948771.0778378,4.0500027000005285e-08,-0.17597053067885948,1.0,2.983038417757687e-14,-72948771.0778378,4.0500027000005285e-08,-0.17597053067885948,False
Ro150_q0.45_L37W_r0.60_th160_kc-10_ko-10,center_curvature,2.9737131951732687e-15,-125000000.0,0.0,-2.0150666295207786,-1.0,2.9737131951732687e-15,125000000.0,-0.0,2.0150666295207786,True
Ro150_q0.45_L37W_r0.60_th160_kc-10_ko-10,outer_curvature,8.047693153820209e-14,-125000000.0,0.0,-2.0150666295207786,-1.0,8.047693153820209e-14,125000000.0,-0.0,2.0150666295207786,True
Ro150_q0.45_L37W_r0.60_th160_kc-10_ko-10,center_angle,1.1940198968639226e-15,3215706.4578831196,0.0,0.05183882949644225,-1.0,1.1940198968639226e-15,-3215706.4578831196,-0.0,-0.05183882949644225,False
Ro150_q0.45_L37W_r0.60_th160_kc-10_ko-10,outer_angle,1.0950973336808002e-14,3215706.4578831196,0.0,0.05183882949644225,-1.0,1.0950973336808002e-14,-3215706.4578831196,-0.0,-0.05183882949644225,False
Ro150_q0.45_L37W_r0.60_th160_kc-10_ko-10,gb_spacing,1.2898991463496385e-14,0.0,0.0,0.0,-1.0,1.2898991463496385e-14,-0.0,-0.0,-0.0,False
Ro150_q0.45_L37W_r0.60_th160_kc+0_ko+0,center_outer_exchange,4.7292262829538767e-14,0.0,0.0,0.0,-1.0,4.7292262829538767e-14,-0.0,-0.0,-0.0,False
Ro150_q0.45_L37W_r0.60_th160_kc+0_ko+0,tj_radius,-2.6812060015698884e-14,-72948771.0778378,4.0500027000005285e-08,-0.27785175152617025,1.0,2.6812060015698884e-14,-72948771.0778378,4.0500027000005285e-08,-0.27785175152617025,False
Ro150_q0.45_L37W_r0.60_th160_kc+0_ko+0,center_curvature,3.938000869751675e-15,-125000000.0,0.0,-2.1896446005432724,-1.0,3.938000869751675e-15,125000000.0,-0.0,2.1896446005432724,True
Ro150_q0.45_L37W_r0.60_th160_kc+0_ko+0,outer_curvature,8.766344924757707e-14,-125000000.0,0.0,-2.1896446005432724,-1.0,8.766344924757707e-14,125000000.0,-0.0,2.1896446005432724,True
Ro150_q0.45_L37W_r0.60_th160_kc+0_ko+0,center_angle,1.4730112384341675e-15,3215706.4578831196,0.0,0.056329932076160105,-1.0,1.4730112384341675e-15,-3215706.4578831196,-0.0,-0.056329932076160105,False
Ro150_q0.45_L37W_r0.60_th160_kc+0_ko+0,outer_angle,1.0842886068818438e-14,3215706.4578831196,0.0,0.056329932076160105,-1.0,1.0842886068818438e-14,-3215706.4578831196,-0.0,-0.056329932076160105,False
Ro150_q0.45_L37W_r0.60_th160_kc+0_ko+0,gb_spacing,1.2272727634759138e-14,0.0,0.0,0.0,-1.0,1.2272727634759138e-14,-0.0,-0.0,-0.0,False
Ro150_q0.45_L37W_r0.60_th160_kc+10_ko+10,center_outer_exchange,4.8500275706207066e-14,0.0,0.0,0.0,-1.0,4.8500275706207066e-14,-0.0,-0.0,-0.0,False
Ro150_q0.45_L37W_r0.60_th160_kc+10_ko+10,tj_radius,-2.2937986393749884e-14,-72948771.0778378,4.0500027000005285e-08,-0.40432647717858483,1.0,2.2937986393749884e-14,-72948771.0778378,4.0500027000005285e-08,-0.40432647717858483,False
Ro150_q0.45_L37W_r0.60_th160_kc+10_ko+10,center_curvature,4.88591386882544e-15,-125000000.0,0.0,-2.406365035630631,-1.0,4.88591386882544e-15,125000000.0,-0.0,2.406365035630631,True
Ro150_q0.45_L37W_r0.60_th160_kc+10_ko+10,outer_curvature,9.477616125508503e-14,-125000000.0,0.0,-2.406365035630631,-1.0,9.477616125508503e-14,125000000.0,-0.0,2.406365035630631,True
Ro150_q0.45_L37W_r0.60_th160_kc+10_ko+10,center_angle,1.726501050675921e-15,3215706.4578831196,0.0,0.061905157945685296,-1.0,1.726501050675921e-15,-3215706.4578831196,-0.0,-0.061905157945685296,False
Ro150_q0.45_L37W_r0.60_th160_kc+10_ko+10,outer_angle,1.0574989448924236e-14,3215706.4578831196,0.0,0.061905157945685296,-1.0,1.0574989448924236e-14,-3215706.4578831196,-0.0,-0.061905157945685296,False
Ro150_q0.45_L37W_r0.60_th160_kc+10_ko+10,gb_spacing,1.1808519198783126e-14,0.0,0.0,0.0,-1.0,1.1808519198783126e-14,-0.0,-0.0,-0.0,False
Ro150_q0.55_L29W_r0.45_th120_kc-10_ko-10,center_outer_exchange,1.674697287437804e-13,0.0,0.0,0.0,-1.0,1.674697287437804e-13,-0.0,-0.0,-0.0,False
Ro150_q0.55_L29W_r0.45_th120_kc-10_ko-10,tj_radius,-5.321520117585613e-14,-69981897.46544138,3.712502475000567e-08,-0.15513065017669359,1.0,5.321520117585613e-14,-69981897.46544138,3.712502475000567e-08,-0.15513065017669359,False
Ro150_q0.55_L29W_r0.45_th120_kc-10_ko-10,center_curvature,9.116513793084107e-15,-125000000.0,0.0,-2.0632715685486858,-1.0,9.116513793084107e-15,125000000.0,-0.0,2.0632715685486858,True
Ro150_q0.55_L29W_r0.45_th120_kc-10_ko-10,outer_curvature,8.298347564771928e-14,-125000000.0,0.0,-2.0632715685486858,-1.0,8.298347564771928e-14,125000000.0,-0.0,2.0632715685486858,True
Ro150_q0.55_L29W_r0.45_th120_kc-10_ko-10,center_angle,4.4043633695679194e-15,10101008.417509496,0.0,0.16672873694378865,-1.0,4.4043633695679194e-15,-10101008.417509496,-0.0,-0.16672873694378865,False
Ro150_q0.55_L29W_r0.45_th120_kc-10_ko-10,outer_angle,1.5061765768165504e-14,10101008.417509496,0.0,0.16672873694378865,-1.0,1.5061765768165504e-14,-10101008.417509496,-0.0,-0.16672873694378865,False
Ro150_q0.55_L29W_r0.45_th120_kc-10_ko-10,gb_spacing,-5.519428214974303e-14,0.0,0.0,0.0,1.0,5.519428214974303e-14,0.0,0.0,0.0,False
Ro150_q0.55_L29W_r0.45_th120_kc+0_ko+0,center_outer_exchange,1.6730679917832853e-13,0.0,0.0,0.0,-1.0,1.6730679917832853e-13,-0.0,-0.0,-0.0,False
Ro150_q0.55_L29W_r0.45_th120_kc+0_ko+0,tj_radius,-5.010282516428822e-14,-69981897.46544138,3.712502475000567e-08,-0.2590292740418665,1.0,5.010282516428822e-14,-69981897.46544138,3.712502475000567e-08,-0.2590292740418665,False
Ro150_q0.55_L29W_r0.45_th120_kc+0_ko+0,center_curvature,9.282308285738597e-15,-125000000.0,0.0,-2.2488543194878474,-1.0,9.282308285738597e-15,125000000.0,-0.0,2.2488543194878474,True
Ro150_q0.55_L29W_r0.45_th120_kc+0_ko+0,outer_curvature,9.611254451848506e-14,-125000000.0,0.0,-2.2488543194878474,-1.0,9.611254451848506e-14,125000000.0,-0.0,2.2488543194878474,True
Ro150_q0.55_L29W_r0.45_th120_kc+0_ko+0,center_angle,4.159901762844263e-15,10101008.417509496,0.0,0.18172521414427933,-1.0,4.159901762844263e-15,-10101008.417509496,-0.0,-0.18172521414427933,False
Ro150_q0.55_L29W_r0.45_th120_kc+0_ko+0,outer_angle,1.3840772795665563e-14,10101008.417509496,0.0,0.18172521414427933,-1.0,1.3840772795665563e-14,-10101008.417509496,-0.0,-0.18172521414427933,False
Ro150_q0.55_L29W_r0.45_th120_kc+0_ko+0,gb_spacing,-5.4850186051223874e-14,0.0,0.0,0.0,1.0,5.4850186051223874e-14,0.0,0.0,0.0,False
Ro150_q0.55_L29W_r0.45_th120_kc+10_ko+10,center_outer_exchange,1.6704449160013298e-13,0.0,0.0,0.0,-1.0,1.6704449160013298e-13,-0.0,-0.0,-0.0,False
Ro150_q0.55_L29W_r0.45_th120_kc+10_ko+10,tj_radius,-4.568188160401143e-14,-69981897.46544138,3.712502475000567e-08,-0.3891957036057381,1.0,4.568188160401143e-14,-69981897.46544138,3.712502475000567e-08,-0.3891957036057381,False
Ro150_q0.55_L29W_r0.45_th120_kc+10_ko+10,center_curvature,9.448670432502091e-15,-125000000.0,0.0,-2.4813568822681376,-1.0,9.448670432502091e-15,125000000.0,-0.0,2.4813568822681376,True
Ro150_q0.55_L29W_r0.45_th120_kc+10_ko+10,outer_curvature,1.088408930221177e-13,-125000000.0,0.0,-2.4813568822681376,-1.0,1.088408930221177e-13,125000000.0,-0.0,2.4813568822681376,True
Ro150_q0.55_L29W_r0.45_th120_kc+10_ko+10,center_angle,3.90458990874998e-15,10101008.417509496,0.0,0.20051311832780527,-1.0,3.90458990874998e-15,-10101008.417509496,-0.0,-0.20051311832780527,False
Ro150_q0.55_L29W_r0.45_th120_kc+10_ko+10,outer_angle,1.1667072980767122e-14,10101008.417509496,0.0,0.20051311832780527,-1.0,1.1667072980767122e-14,-10101008.417509496,-0.0,-0.20051311832780527,False
Ro150_q0.55_L29W_r0.45_th120_kc+10_ko+10,gb_spacing,-5.4465304210167546e-14,0.0,0.0,0.0,1.0,5.4465304210167546e-14,0.0,0.0,0.0,False
Ro150_q0.55_L29W_r0.45_th140_kc-10_ko-10,center_outer_exchange,1.6847364061968287e-13,0.0,0.0,0.0,-1.0,1.6847364061968287e-13,-0.0,-0.0,-0.0,False
Ro150_q0.55_L29W_r0.45_th140_kc-10_ko-10,tj_radius,-4.930665418661796e-14,-75934807.8584075,3.712502475000567e-08,-0.1962506706594258,1.0,4.930665418661796e-14,-75934807.8584075,3.712502475000567e-08,-0.1962506706594258,False
Ro150_q0.55_L29W_r0.45_th140_kc-10_ko-10,center_curvature,7.617662725894206e-15,-125000000.0,0.0,-1.969210783096642,-1.0,7.617662725894206e-15,125000000.0,-0.0,1.969210783096642,True
Ro150_q0.55_L29W_r0.45_th140_kc-10_ko-10,outer_curvature,7.673581690439198e-14,-125000000.0,0.0,-1.969210783096642,-1.0,7.673581690439198e-14,125000000.0,-0.0,1.969210783096642,True
Ro150_q0.55_L29W_r0.45_th140_kc-10_ko-10,center_angle,3.77802769738739e-15,6909496.693380177,0.0,0.1088499019852307,-1.0,3.77802769738739e-15,-6909496.693380177,-0.0,-0.1088499019852307,False
Ro150_q0.55_L29W_r0.45_th140_kc-10_ko-10,outer_angle,1.2242321527794758e-14,6909496.693380177,0.0,0.1088499019852307,-1.0,1.2242321527794758e-14,-6909496.693380177,-0.0,-0.1088499019852307,False
Ro150_q0.55_L29W_r0.45_th140_kc-10_ko-10,gb_spacing,-5.4923854428235005e-14,0.0,0.0,0.0,1.0,5.4923854428235005e-14,0.0,0.0,0.0,False
Ro150_q0.55_L29W_r0.45_th140_kc+0_ko+0,center_outer_exchange,1.6823419079972037e-13,0.0,0.0,0.0,-1.0,1.6823419079972037e-13,-0.0,-0.0,-0.0,False
Ro150_q0.55_L29W_r0.45_th140_kc+0_ko+0,tj_radius,-4.5868189518464734e-14,-75934807.8584075,3.712502475000567e-08,-0.29620306453936873,1.0,4.5868189518464734e-14,-75934807.8584075,3.712502475000567e-08,-0.29620306453936873,False
Ro150_q0.55_L29W_r0.45_th140_kc+0_ko+0,center_curvature,7.723828415808895e-15,-125000000.0,0.0,-2.133748460677154,-1.0,7.723828415808895e-15,125000000.0,-0.0,2.133748460677154,True
Ro150_q0.55_L29W_r0.45_th140_kc+0_ko+0,outer_curvature,8.450241583776008e-14,-125000000.0,0.0,-2.133748460677154,-1.0,8.450241583776008e-14,125000000.0,-0.0,2.133748460677154,True
Ro150_q0.55_L29W_r0.45_th140_kc+0_ko+0,center_angle,3.661176856673607e-15,6909496.693380177,0.0,0.11794482728610944,-1.0,3.661176856673607e-15,-6909496.693380177,-0.0,-0.11794482728610944,False
Ro150_q0.55_L29W_r0.45_th140_kc+0_ko+0,outer_angle,1.1469890118458693e-14,6909496.693380177,0.0,0.11794482728610944,-1.0,1.1469890118458693e-14,-6909496.693380177,-0.0,-0.11794482728610944,False
Ro150_q0.55_L29W_r0.45_th140_kc+0_ko+0,gb_spacing,-5.4566110358821594e-14,0.0,0.0,0.0,1.0,5.4566110358821594e-14,0.0,0.0,0.0,False
Ro150_q0.55_L29W_r0.45_th140_kc+10_ko+10,center_outer_exchange,1.6793726962738138e-13,0.0,0.0,0.0,-1.0,1.6793726962738138e-13,-0.0,-0.0,-0.0,False
Ro150_q0.55_L29W_r0.45_th140_kc+10_ko+10,tj_radius,-4.163396528884687e-14,-75934807.8584075,3.712502475000567e-08,-0.4192344873630294,1.0,4.163396528884687e-14,-75934807.8584075,3.712502475000567e-08,-0.4192344873630294,False
Ro150_q0.55_L29W_r0.45_th140_kc+10_ko+10,center_curvature,7.83101242205757e-15,-125000000.0,0.0,-2.336278255284263,-1.0,7.83101242205757e-15,125000000.0,-0.0,2.336278255284263,True
Ro150_q0.55_L29W_r0.45_th140_kc+10_ko+10,outer_curvature,9.212364155079221e-14,-125000000.0,0.0,-2.336278255284263,-1.0,9.212364155079221e-14,125000000.0,-0.0,2.336278255284263,True
Ro150_q0.55_L29W_r0.45_th140_kc+10_ko+10,center_angle,3.5403611935528493e-15,6909496.693380177,0.0,0.1291397700251551,-1.0,3.5403611935528493e-15,-6909496.693380177,-0.0,-0.1291397700251551,False
Ro150_q0.55_L29W_r0.45_th140_kc+10_ko+10,outer_angle,1.0342739383416442e-14,6909496.693380177,0.0,0.1291397700251551,-1.0,1.0342739383416442e-14,-6909496.693380177,-0.0,-0.1291397700251551,False
Ro150_q0.55_L29W_r0.45_th140_kc+10_ko+10,gb_spacing,-5.4183438798761856e-14,0.0,0.0,0.0,1.0,5.4183438798761856e-14,0.0,0.0,0.0,False
Ro150_q0.55_L29W_r0.45_th160_kc-10_ko-10,center_outer_exchange,1.6912178198359188e-13,0.0,0.0,0.0,-1.0,1.6912178198359188e-13,-0.0,-0.0,-0.0,False
Ro150_q0.55_L29W_r0.45_th160_kc-10_ko-10,tj_radius,-4.478383764151022e-14,-79580477.53946483,3.712502475000567e-08,-0.22013202419057798,1.0,4.478383764151022e-14,-79580477.53946483,3.712502475000567e-08,-0.22013202419057798,False
Ro150_q0.55_L29W_r0.45_th160_kc-10_ko-10,center_curvature,6.993791416861879e-15,-125000000.0,0.0,-1.9165102556604197,-1.0,6.993791416861879e-15,125000000.0,-0.0,1.9165102556604197,True
Ro150_q0.55_L29W_r0.45_th160_kc-10_ko-10,outer_curvature,7.356388290035958e-14,-125000000.0,0.0,-1.9165102556604197,-1.0,7.356388290035958e-14,125000000.0,-0.0,1.9165102556604197,True
Ro150_q0.55_L29W_r0.45_th160_kc-10_ko-10,center_angle,3.4821449944939656e-15,3508043.408598751,0.0,0.05378554540769187,-1.0,3.4821449944939656e-15,-3508043.408598751,-0.0,-0.05378554540769187,False
Ro150_q0.55_L29W_r0.45_th160_kc-10_ko-10,outer_angle,1.0038328995839199e-14,3508043.408598751,0.0,0.05378554540769187,-1.0,1.0038328995839199e-14,-3508043.408598751,-0.0,-0.05378554540769187,False
Ro150_q0.55_L29W_r0.45_th160_kc-10_ko-10,gb_spacing,-5.450339856147169e-14,0.0,0.0,0.0,1.0,5.450339856147169e-14,0.0,0.0,0.0,False
Ro150_q0.55_L29W_r0.45_th160_kc+0_ko+0,center_outer_exchange,1.6884372724317008e-13,0.0,0.0,0.0,-1.0,1.6884372724317008e-13,-0.0,-0.0,-0.0,False
Ro150_q0.55_L29W_r0.45_th160_kc+0_ko+0,tj_radius,-4.1130973843692183e-14,-79580477.53946483,3.712502475000567e-08,-0.31785600501199607,1.0,4.1130973843692183e-14,-79580477.53946483,3.712502475000567e-08,-0.31785600501199607,False
Ro150_q0.55_L29W_r0.45_th160_kc+0_ko+0,center_curvature,7.078860321606282e-15,-125000000.0,0.0,-2.070009920961624,-1.0,7.078860321606282e-15,125000000.0,-0.0,2.070009920961624,True
Ro150_q0.55_L29W_r0.45_th160_kc+0_ko+0,outer_curvature,7.930877437043568e-14,-125000000.0,0.0,-2.070009920961624,-1.0,7.930877437043568e-14,125000000.0,-0.0,2.070009920961624,True
Ro150_q0.55_L29W_r0.45_th160_kc+0_ko+0,center_angle,3.4495009834008854e-15,3508043.408598751,0.0,0.05809338953977061,-1.0,3.4495009834008854e-15,-3508043.408598751,-0.0,-0.05809338953977061,False
Ro150_q0.55_L29W_r0.45_th160_kc+0_ko+0,outer_angle,9.855518949684306e-15,3508043.408598751,0.0,0.05809338953977061,-1.0,9.855518949684306e-15,-3508043.408598751,-0.0,-0.05809338953977061,False
Ro150_q0.55_L29W_r0.45_th160_kc+0_ko+0,gb_spacing,-5.4128695344662197e-14,0.0,0.0,0.0,1.0,5.4128695344662197e-14,0.0,0.0,0.0,False
Ro150_q0.55_L29W_r0.45_th160_kc+10_ko+10,center_outer_exchange,1.685242008267466e-13,0.0,0.0,0.0,-1.0,1.685242008267466e-13,-0.0,-0.0,-0.0,False
Ro150_q0.55_L29W_r0.45_th160_kc+10_ko+10,tj_radius,-3.687398667598806e-14,-79580477.53946483,3.712502475000567e-08,-0.43700840192184565,1.0,3.687398667598806e-14,-79580477.53946483,3.712502475000567e-08,-0.43700840192184565,False
Ro150_q0.55_L29W_r0.45_th160_kc+10_ko+10,center_curvature,7.164980292781576e-15,-125000000.0,0.0,-2.2571684715302354,-1.0,7.164980292781576e-15,125000000.0,-0.0,2.2571684715302354,True
Ro150_q0.55_L29W_r0.45_th160_kc+10_ko+10,outer_curvature,8.497492268588066e-14,-125000000.0,0.0,-2.2571684715302354,-1.0,8.497492268588066e-14,125000000.0,-0.0,2.2571684715302354,True
Ro150_q0.55_L29W_r0.45_th160_kc+10_ko+10,center_angle,3.4156722965180178e-15,3508043.408598751,0.0,0.06334583451383935,-1.0,3.4156722965180178e-15,-3508043.408598751,-0.0,-0.06334583451383935,False
Ro150_q0.55_L29W_r0.45_th160_kc+10_ko+10,outer_angle,9.541979383175648e-15,3508043.408598751,0.0,0.06334583451383935,-1.0,9.541979383175648e-15,-3508043.408598751,-0.0,-0.06334583451383935,False
Ro150_q0.55_L29W_r0.45_th160_kc+10_ko+10,gb_spacing,-5.3734815801407845e-14,0.0,0.0,0.0,1.0,5.3734815801407845e-14,0.0,0.0,0.0,False
Ro150_q0.55_L29W_r0.60_th120_kc-10_ko-10,center_outer_exchange,1.507095527626837e-13,0.0,0.0,0.0,-1.0,1.507095527626837e-13,-0.0,-0.0,-0.0,False
Ro150_q0.55_L29W_r0.60_th120_kc-10_ko-10,tj_radius,-8.182633152509124e-14,-52486423.0990801,4.950003300000646e-08,-0.01516121469824494,1.0,8.182633152509124e-14,-52486423.0990801,4.950003300000646e-08,-0.01516121469824494,False
Ro150_q0.55_L29W_r0.60_th120_kc-10_ko-10,center_curvature,1.0287035341091777e-14,-124999999.99999814,0.0,-2.4176836194431672,-1.0,1.0287035341091777e-14,124999999.99999814,-0.0,2.4176836194431672,True
Ro150_q0.55_L29W_r0.60_th120_kc-10_ko-10,outer_curvature,9.429585710206181e-14,-124999999.99999814,0.0,-2.4176836194431672,-1.0,9.429585710206181e-14,124999999.99999814,-0.0,2.4176836194431672,True
Ro150_q0.55_L29W_r0.60_th120_kc-10_ko-10,center_angle,4.8674336655550895e-15,7575756.3131302595,0.0,0.1465258870236852,-1.0,4.8674336655550895e-15,-7575756.3131302595,-0.0,-0.1465258870236852,False
Ro150_q0.55_L29W_r0.60_th120_kc-10_ko-10,outer_angle,1.627832975288049e-14,7575756.3131302595,0.0,0.1465258870236852,-1.0,1.627832975288049e-14,-7575756.3131302595,-0.0,-0.1465258870236852,False
Ro150_q0.55_L29W_r0.60_th120_kc-10_ko-10,gb_spacing,-4.392910009833158e-14,0.0,0.0,0.0,1.0,4.392910009833158e-14,0.0,0.0,0.0,False
Ro150_q0.55_L29W_r0.60_th120_kc+0_ko+0,center_outer_exchange,1.5114735949515405e-13,0.0,0.0,0.0,-1.0,1.5114735949515405e-13,-0.0,-0.0,-0.0,False
Ro150_q0.55_L29W_r0.60_th120_kc+0_ko+0,tj_radius,-7.995886783808017e-14,-52486423.0990801,4.950003300000646e-08,-0.13356349534032752,1.0,7.995886783808017e-14,-52486423.0990801,4.950003300000646e-08,-0.13356349534032752,False
Ro150_q0.55_L29W_r0.60_th120_kc+0_ko+0,center_curvature,1.0737699349885009e-14,-125000000.0,0.0,-2.6996705157165124,-1.0,1.0737699349885009e-14,125000000.0,-0.0,2.6996705157165124,True
Ro150_q0.55_L29W_r0.60_th120_kc+0_ko+0,outer_curvature,1.2112659170688465e-13,-125000000.0,0.0,-2.6996705157165124,-1.0,1.2112659170688465e-13,125000000.0,-0.0,2.6996705157165124,True
Ro150_q0.55_L29W_r0.60_th120_kc+0_ko+0,center_angle,4.688805706015425e-15,7575756.3131302595,0.0,0.16361578747758898,-1.0,4.688805706015425e-15,-7575756.3131302595,-0.0,-0.16361578747758898,False
Ro150_q0.55_L29W_r0.60_th120_kc+0_ko+0,outer_angle,1.6099083937461723e-14,7575756.3131302595,0.0,0.16361578747758898,-1.0,1.6099083937461723e-14,-7575756.3131302595,-0.0,-0.16361578747758898,False
Ro150_q0.55_L29W_r0.60_th120_kc+0_ko+0,gb_spacing,-4.394675680465426e-14,0.0,0.0,0.0,1.0,4.394675680465426e-14,0.0,0.0,0.0,False
Ro150_q0.55_L29W_r0.60_th120_kc+10_ko+10,center_outer_exchange,1.5133819364026347e-13,0.0,0.0,0.0,-1.0,1.5133819364026347e-13,-0.0,-0.0,-0.0,False
Ro150_q0.55_L29W_r0.60_th120_kc+10_ko+10,tj_radius,-7.536546371478654e-14,-52486423.0990801,4.950003300000646e-08,-0.2935544769002707,1.0,7.536546371478654e-14,-52486423.0990801,4.950003300000646e-08,-0.2935544769002707,False
Ro150_q0.55_L29W_r0.60_th120_kc+10_ko+10,center_curvature,1.1182300637282758e-14,-125000000.0,0.0,-3.080707199099919,-1.0,1.1182300637282758e-14,125000000.0,-0.0,3.080707199099919,True
Ro150_q0.55_L29W_r0.60_th120_kc+10_ko+10,outer_curvature,1.4731894988614172e-13,-125000000.0,0.0,-3.080707199099919,-1.0,1.4731894988614172e-13,125000000.0,-0.0,3.080707199099919,True
Ro150_q0.55_L29W_r0.60_th120_kc+10_ko+10,center_angle,4.477403851491984e-15,7575756.3131302595,0.0,0.18670849275892465,-1.0,4.477403851491984e-15,-7575756.3131302595,-0.0,-0.18670849275892465,False
Ro150_q0.55_L29W_r0.60_th120_kc+10_ko+10,outer_angle,1.4002668056680744e-14,7575756.3131302595,0.0,0.18670849275892465,-1.0,1.4002668056680744e-14,-7575756.3131302595,-0.0,-0.18670849275892465,False
Ro150_q0.55_L29W_r0.60_th120_kc+10_ko+10,gb_spacing,-4.3848790771823416e-14,0.0,0.0,0.0,1.0,4.3848790771823416e-14,0.0,0.0,0.0,False
Ro150_q0.55_L29W_r0.60_th140_kc-10_ko-10,center_outer_exchange,1.5424925546990613e-13,0.0,0.0,0.0,-1.0,1.5424925546990613e-13,-0.0,-0.0,-0.0,False
Ro150_q0.55_L29W_r0.60_th140_kc-10_ko-10,tj_radius,-8.002936338384011e-14,-56951105.89380562,4.950003300000646e-08,-0.054069429644032496,1.0,8.002936338384011e-14,-56951105.89380562,4.950003300000646e-08,-0.054069429644032496,False
Ro150_q0.55_L29W_r0.60_th140_kc-10_ko-10,center_curvature,9.225642151026819e-15,-125000000.0,0.0,-2.3135470885700116,-1.0,9.225642151026819e-15,125000000.0,-0.0,2.3135470885700116,True
Ro150_q0.55_L29W_r0.60_th140_kc-10_ko-10,outer_curvature,9.652208856621124e-14,-125000000.0,0.0,-2.3135470885700116,-1.0,9.652208856621124e-14,125000000.0,-0.0,2.3135470885700116,True
Ro150_q0.55_L29W_r0.60_th140_kc-10_ko-10,center_angle,4.509004164645142e-15,5182122.520036995,0.0,0.09591246579798707,-1.0,4.509004164645142e-15,-5182122.520036995,-0.0,-0.09591246579798707,False
Ro150_q0.55_L29W_r0.60_th140_kc-10_ko-10,outer_angle,1.487062136343097e-14,5182122.520036995,0.0,0.09591246579798707,-1.0,1.487062136343097e-14,-5182122.520036995,-0.0,-0.09591246579798707,False
Ro150_q0.55_L29W_r0.60_th140_kc-10_ko-10,gb_spacing,-4.497339894096981e-14,0.0,0.0,0.0,1.0,4.497339894096981e-14,0.0,0.0,0.0,False
Ro150_q0.55_L29W_r0.60_th140_kc+0_ko+0,center_outer_exchange,1.5427739001180717e-13,0.0,0.0,0.0,-1.0,1.5427739001180717e-13,-0.0,-0.0,-0.0,False
Ro150_q0.55_L29W_r0.60_th140_kc+0_ko+0,tj_radius,-7.655656910760705e-14,-56951105.89380562,4.950003300000646e-08,-0.16827118898310456,1.0,7.655656910760705e-14,-56951105.89380562,4.950003300000646e-08,-0.16827118898310456,False
Ro150_q0.55_L29W_r0.60_th140_kc+0_ko+0,center_curvature,9.496208778167017e-15,-125000000.0,0.0,-2.5642074656406777,-1.0,9.496208778167017e-15,125000000.0,-0.0,2.5642074656406777,True
Ro150_q0.55_L29W_r0.60_th140_kc+0_ko+0,outer_curvature,1.125675251749818e-13,-125000000.0,0.0,-2.5642074656406777,-1.0,1.125675251749818e-13,125000000.0,-0.0,2.5642074656406777,True
Ro150_q0.55_L29W_r0.60_th140_kc+0_ko+0,center_angle,4.422347868043994e-15,5182122.520035133,0.0,0.10630397772004585,-1.0,4.422347868043994e-15,-5182122.520035133,-0.0,-0.10630397772004585,False
Ro150_q0.55_L29W_r0.60_th140_kc+0_ko+0,outer_angle,1.4528324723532028e-14,5182122.520035133,0.0,0.10630397772004585,-1.0,1.4528324723532028e-14,-5182122.520035133,-0.0,-0.10630397772004585,False
Ro150_q0.55_L29W_r0.60_th140_kc+0_ko+0,gb_spacing,-4.4753231655039643e-14,0.0,0.0,0.0,1.0,4.4753231655039643e-14,0.0,0.0,0.0,False
Ro150_q0.55_L29W_r0.60_th140_kc+10_ko+10,center_outer_exchange,1.5416493893641594e-13,0.0,0.0,0.0,-1.0,1.5416493893641594e-13,-0.0,-0.0,-0.0,False
Ro150_q0.55_L29W_r0.60_th140_kc+10_ko+10,tj_radius,-7.143238376410742e-14,-56951105.89380562,4.950003300000646e-08,-0.3189525093987289,1.0,7.143238376410742e-14,-56951105.89380562,4.950003300000646e-08,-0.3189525093987289,False
Ro150_q0.55_L29W_r0.60_th140_kc+10_ko+10,center_curvature,9.765955598411046e-15,-125000000.0,0.0,-2.8949379057880975,-1.0,9.765955598411046e-15,125000000.0,-0.0,2.8949379057880975,True
Ro150_q0.55_L29W_r0.60_th140_kc+10_ko+10,outer_curvature,1.284161354949287e-13,-125000000.0,0.0,-2.8949379057880975,-1.0,1.284161354949287e-13,125000000.0,-0.0,2.8949379057880975,True
Ro150_q0.55_L29W_r0.60_th140_kc+10_ko+10,center_angle,4.323902258774743e-15,5182122.520035133,0.0,0.12001485414536717,-1.0,4.323902258774743e-15,-5182122.520035133,-0.0,-0.12001485414536717,False
Ro150_q0.55_L29W_r0.60_th140_kc+10_ko+10,outer_angle,1.3468816246191198e-14,5182122.520035133,0.0,0.12001485414536717,-1.0,1.3468816246191198e-14,-5182122.520035133,-0.0,-0.12001485414536717,False
Ro150_q0.55_L29W_r0.60_th140_kc+10_ko+10,gb_spacing,-4.44670939974874e-14,0.0,0.0,0.0,1.0,4.44670939974874e-14,0.0,0.0,0.0,False
Ro150_q0.55_L29W_r0.60_th160_kc-10_ko-10,center_outer_exchange,1.564808900450254e-13,0.0,0.0,0.0,-1.0,1.564808900450254e-13,-0.0,-0.0,-0.0,False
Ro150_q0.55_L29W_r0.60_th160_kc-10_ko-10,tj_radius,-7.584724167528294e-14,-59685358.1545949,4.950003300000646e-08,-0.07671549590371196,1.0,7.584724167528294e-14,-59685358.1545949,4.950003300000646e-08,-0.07671549590371196,False
Ro150_q0.55_L29W_r0.60_th160_kc-10_ko-10,center_curvature,8.869894431332758e-15,-125000000.0,0.0,-2.2549887135525637,-1.0,8.869894431332758e-15,125000000.0,-0.0,2.2549887135525637,True
Ro150_q0.55_L29W_r0.60_th160_kc-10_ko-10,outer_curvature,9.766569963521322e-14,-125000000.0,0.0,-2.2549887135525637,-1.0,9.766569963521322e-14,125000000.0,-0.0,2.2549887135525637,True
Ro150_q0.55_L29W_r0.60_th160_kc-10_ko-10,center_angle,4.3802358204826325e-15,2631032.556448132,0.0,0.04746349393780491,-1.0,4.3802358204826325e-15,-2631032.556448132,-0.0,-0.04746349393780491,False
Ro150_q0.55_L29W_r0.60_th160_kc-10_ko-10,outer_angle,1.3217433445429989e-14,2631032.556448132,0.0,0.04746349393780491,-1.0,1.3217433445429989e-14,-2631032.556448132,-0.0,-0.04746349393780491,False
Ro150_q0.55_L29W_r0.60_th160_kc-10_ko-10,gb_spacing,-4.525553696876991e-14,0.0,0.0,0.0,1.0,4.525553696876991e-14,0.0,0.0,0.0,False
Ro150_q0.55_L29W_r0.60_th160_kc+0_ko+0,center_outer_exchange,1.5631073504495742e-13,0.0,0.0,0.0,-1.0,1.5631073504495742e-13,-0.0,-0.0,-0.0,False
Ro150_q0.55_L29W_r0.60_th160_kc+0_ko+0,tj_radius,-7.14908894530809e-14,-59685358.1545949,4.950003300000646e-08,-0.18853259955198265,1.0,7.14908894530809e-14,-59685358.1545949,4.950003300000646e-08,-0.18853259955198265,False
Ro150_q0.55_L29W_r0.60_th160_kc+0_ko+0,center_curvature,9.075443698552832e-15,-125000000.0,0.0,-2.4891715655712687,-1.0,9.075443698552832e-15,125000000.0,-0.0,2.4891715655712687,True
Ro150_q0.55_L29W_r0.60_th160_kc+0_ko+0,outer_curvature,1.0964625387481338e-13,-125000000.0,0.0,-2.4891715655712687,-1.0,1.0964625387481338e-13,125000000.0,-0.0,2.4891715655712687,True
Ro150_q0.55_L29W_r0.60_th160_kc+0_ko+0,center_angle,4.377025729475483e-15,2631032.5564499944,0.0,0.05239258769940136,-1.0,4.377025729475483e-15,-2631032.5564499944,-0.0,-0.05239258769940136,False
Ro150_q0.55_L29W_r0.60_th160_kc+0_ko+0,outer_angle,1.34080684156564e-14,2631032.5564499944,0.0,0.05239258769940136,-1.0,1.34080684156564e-14,-2631032.5564499944,-0.0,-0.05239258769940136,False
Ro150_q0.55_L29W_r0.60_th160_kc+0_ko+0,gb_spacing,-4.4906652166638805e-14,0.0,0.0,0.0,1.0,4.4906652166638805e-14,0.0,0.0,0.0,False
Ro150_q0.55_L29W_r0.60_th160_kc+10_ko+10,center_outer_exchange,1.5603965434374674e-13,0.0,0.0,0.0,-1.0,1.5603965434374674e-13,-0.0,-0.0,-0.0,False
Ro150_q0.55_L29W_r0.60_th160_kc+10_ko+10,tj_radius,-6.5892175556212e-14,-59685358.1545949,4.950003300000646e-08,-0.3341928867188759,1.0,6.5892175556212e-14,-59685358.1545949,4.950003300000646e-08,-0.3341928867188759,False
Ro150_q0.55_L29W_r0.60_th160_kc+10_ko+10,center_curvature,9.281392007186928e-15,-125000000.0,0.0,-2.7942346144085306,-1.0,9.281392007186928e-15,125000000.0,-0.0,2.7942346144085306,True
Ro150_q0.55_L29W_r0.60_th160_kc+10_ko+10,outer_curvature,1.215584791741453e-13,-125000000.0,0.0,-2.7942346144085306,-1.0,1.215584791741453e-13,125000000.0,-0.0,2.7942346144085306,True
Ro150_q0.55_L29W_r0.60_th160_kc+10_ko+10,center_angle,4.3698251567511406e-15,2631032.556451857,0.0,0.058813546171876396,-1.0,4.3698251567511406e-15,-2631032.556451857,-0.0,-0.058813546171876396,False
Ro150_q0.55_L29W_r0.60_th160_kc+10_ko+10,outer_angle,1.3339837486571976e-14,2631032.556451857,0.0,0.058813546171876396,-1.0,1.3339837486571976e-14,-2631032.556451857,-0.0,-0.058813546171876396,False
Ro150_q0.55_L29W_r0.60_th160_kc+10_ko+10,gb_spacing,-4.451005060776329e-14,0.0,0.0,0.0,1.0,4.451005060776329e-14,0.0,0.0,0.0,False
Ro150_q0.55_L29W_r0.75_th120_kc-10_ko-10,center_outer_exchange,1.0404661800172185e-13,0.0,0.0,0.0,-1.0,1.0404661800172185e-13,-0.0,-0.0,-0.0,False
Ro150_q0.55_L29W_r0.75_th120_kc-10_ko-10,tj_radius,-9.287067682652947e-14,-41989138.47926259,6.18750412500089e-08,0.08770570183946891,1.0,9.287067682652947e-14,-41989138.47926259,6.18750412500089e-08,0.08770570183946891,False
Ro150_q0.55_L29W_r0.75_th120_kc-10_ko-10,center_curvature,6.016419647346734e-15,-125000000.0,0.0,-2.715875822419278,-1.0,6.016419647346734e-15,125000000.0,-0.0,2.715875822419278,True
Ro150_q0.55_L29W_r0.75_th120_kc-10_ko-10,outer_curvature,8.814021000200198e-14,-125000000.0,0.0,-2.715875822419278,-1.0,8.814021000200198e-14,125000000.0,-0.0,2.715875822419278,True
Ro150_q0.55_L29W_r0.75_th120_kc-10_ko-10,center_angle,2.8857894048828423e-15,6060605.05050607,0.0,0.13167832523919287,-1.0,2.8857894048828423e-15,-6060605.05050607,-0.0,-0.13167832523919287,False
Ro150_q0.55_L29W_r0.75_th120_kc-10_ko-10,outer_angle,1.5006191472936743e-14,6060605.05050607,0.0,0.13167832523919287,-1.0,1.5006191472936743e-14,-6060605.05050607,-0.0,-0.13167832523919287,False
Ro150_q0.55_L29W_r0.75_th120_kc-10_ko-10,gb_spacing,-1.8057801838789552e-14,0.0,0.0,0.0,1.0,1.8057801838789552e-14,0.0,0.0,0.0,False
Ro150_q0.55_L29W_r0.75_th120_kc+0_ko+0,center_outer_exchange,1.0715694348048874e-13,0.0,0.0,0.0,-1.0,1.0715694348048874e-13,-0.0,-0.0,-0.0,False
Ro150_q0.55_L29W_r0.75_th120_kc+0_ko+0,tj_radius,-9.576289502579346e-14,-41989138.47926445,6.18750412500089e-08,-0.04242873960202953,1.0,9.576289502579346e-14,-41989138.47926445,6.18750412500089e-08,-0.04242873960202953,False
Ro150_q0.55_L29W_r0.75_th120_kc+0_ko+0,center_curvature,7.265355705130288e-15,-125000000.0,0.0,-3.1032885970851964,-1.0,7.265355705130288e-15,125000000.0,-0.0,3.1032885970851964,True
Ro150_q0.55_L29W_r0.75_th120_kc+0_ko+0,outer_curvature,1.3494315366267803e-13,-125000000.0,0.0,-3.1032885970851964,-1.0,1.3494315366267803e-13,125000000.0,-0.0,3.1032885970851964,True
Ro150_q0.55_L29W_r0.75_th120_kc+0_ko+0,center_angle,3.146579810267796e-15,6060605.05050607,0.0,0.15046161789644685,-1.0,3.146579810267796e-15,-6060605.05050607,-0.0,-0.15046161789644685,False
Ro150_q0.55_L29W_r0.75_th120_kc+0_ko+0,outer_angle,1.7014648983147846e-14,6060605.05050607,0.0,0.15046161789644685,-1.0,1.7014648983147846e-14,-6060605.05050607,-0.0,-0.15046161789644685,False
Ro150_q0.55_L29W_r0.75_th120_kc+0_ko+0,gb_spacing,-1.9668851876091874e-14,0.0,0.0,0.0,1.0,1.9668851876091874e-14,0.0,0.0,0.0,False
Ro150_q0.55_L29W_r0.75_th120_kc+10_ko+10,center_outer_exchange,1.096799251526689e-13,0.0,0.0,0.0,-1.0,1.096799251526689e-13,-0.0,-0.0,-0.0,False
Ro150_q0.55_L29W_r0.75_th120_kc+10_ko+10,tj_radius,-9.372799032928515e-14,-41989138.47926445,6.18750412500089e-08,-0.2323185470632927,1.0,9.372799032928515e-14,-41989138.47926445,6.18750412500089e-08,-0.2323185470632927,False
Ro150_q0.55_L29W_r0.75_th120_kc+10_ko+10,center_curvature,8.477912104563427e-15,-125000000.00000092,0.0,-3.668600805605493,-1.0,8.477912104563427e-15,125000000.00000092,-0.0,3.668600805605493,True
Ro150_q0.55_L29W_r0.75_th120_kc+10_ko+10,outer_curvature,1.8099334001361258e-13,-125000000.00000092,0.0,-3.668600805605493,-1.0,1.8099334001361258e-13,125000000.00000092,-0.0,3.668600805605493,True
Ro150_q0.55_L29W_r0.75_th120_kc+10_ko+10,center_angle,3.308700713118313e-15,6060605.05050607,0.0,0.1778698436067927,-1.0,3.308700713118313e-15,-6060605.05050607,-0.0,-0.1778698436067927,False
Ro150_q0.55_L29W_r0.75_th120_kc+10_ko+10,outer_angle,1.571010690255382e-14,6060605.05050607,0.0,0.1778698436067927,-1.0,1.571010690255382e-14,-6060605.05050607,-0.0,-0.1778698436067927,False
Ro150_q0.55_L29W_r0.75_th120_kc+10_ko+10,gb_spacing,-2.0970483400430623e-14,0.0,0.0,0.0,1.0,2.0970483400430623e-14,0.0,0.0,0.0,False
Ro150_q0.55_L29W_r0.75_th140_kc-10_ko-10,center_outer_exchange,1.1678271730303188e-13,0.0,0.0,0.0,-1.0,1.1678271730303188e-13,-0.0,-0.0,-0.0,False
Ro150_q0.55_L29W_r0.75_th140_kc-10_ko-10,tj_radius,-1.0013273685245032e-13,-45560884.71504487,6.18750412500089e-08,0.05067571524863812,1.0,1.0013273685245032e-13,-45560884.71504487,6.18750412500089e-08,0.05067571524863812,False
Ro150_q0.55_L29W_r0.75_th140_kc-10_ko-10,center_curvature,7.736452148535499e-15,-125000000.0,0.0,-2.604558756337916,-1.0,7.736452148535499e-15,125000000.0,-0.0,2.604558756337916,True
Ro150_q0.55_L29W_r0.75_th140_kc-10_ko-10,outer_curvature,1.0701600151662596e-13,-125000000.0,0.0,-2.604558756337916,-1.0,1.0701600151662596e-13,125000000.0,-0.0,2.604558756337916,True
Ro150_q0.55_L29W_r0.75_th140_kc-10_ko-10,center_angle,3.76480215481834e-15,4145698.0160288513,0.0,0.08638143629191575,-1.0,3.76480215481834e-15,-4145698.0160288513,-0.0,-0.08638143629191575,False
Ro150_q0.55_L29W_r0.75_th140_kc-10_ko-10,outer_angle,1.621065725754735e-14,4145698.0160288513,0.0,0.08638143629191575,-1.0,1.621065725754735e-14,-4145698.0160288513,-0.0,-0.08638143629191575,False
Ro150_q0.55_L29W_r0.75_th140_kc-10_ko-10,gb_spacing,-2.3801369307845417e-14,0.0,0.0,0.0,1.0,2.3801369307845417e-14,0.0,0.0,0.0,False
Ro150_q0.55_L29W_r0.75_th140_kc+0_ko+0,center_outer_exchange,1.1831172008272136e-13,0.0,0.0,0.0,-1.0,1.1831172008272136e-13,-0.0,-0.0,-0.0,False
Ro150_q0.55_L29W_r0.75_th140_kc+0_ko+0,tj_radius,-9.870599684838108e-14,-45560884.71504487,6.18750412500089e-08,-0.0751317342361224,1.0,9.870599684838108e-14,-45560884.71504487,6.18750412500089e-08,-0.0751317342361224,False
Ro150_q0.55_L29W_r0.75_th140_kc+0_ko+0,center_curvature,8.439213905934272e-15,-125000000.0,0.0,-2.9497276884153933,-1.0,8.439213905934272e-15,125000000.0,-0.0,2.9497276884153933,True
Ro150_q0.55_L29W_r0.75_th140_kc+0_ko+0,outer_curvature,1.3522775104210028e-13,-125000000.0,0.0,-2.9497276884153933,-1.0,1.3522775104210028e-13,125000000.0,-0.0,2.9497276884153933,True
Ro150_q0.55_L29W_r0.75_th140_kc+0_ko+0,center_angle,3.876777090629867e-15,4145698.0160288513,0.0,0.09782898002885787,-1.0,3.876777090629867e-15,-4145698.0160288513,-0.0,-0.09782898002885787,False
Ro150_q0.55_L29W_r0.75_th140_kc+0_ko+0,outer_angle,1.6849898467576442e-14,4145698.0160288513,0.0,0.09782898002885787,-1.0,1.6849898467576442e-14,-4145698.0160288513,-0.0,-0.09782898002885787,False
Ro150_q0.55_L29W_r0.75_th140_kc+0_ko+0,gb_spacing,-2.4450073852731797e-14,0.0,0.0,0.0,1.0,2.4450073852731797e-14,0.0,0.0,0.0,False
Ro150_q0.55_L29W_r0.75_th140_kc+10_ko+10,center_outer_exchange,1.195085533507014e-13,0.0,0.0,0.0,-1.0,1.195085533507014e-13,-0.0,-0.0,-0.0,False
Ro150_q0.55_L29W_r0.75_th140_kc+10_ko+10,tj_radius,-9.428770528897535e-14,-45560884.71504487,6.18750412500089e-08,-0.25323023035761505,1.0,9.428770528897535e-14,-45560884.71504487,6.18750412500089e-08,-0.25323023035761505,False
Ro150_q0.55_L29W_r0.75_th140_kc+10_ko+10,center_curvature,9.127777534052974e-15,-125000000.0,0.0,-3.4383681683367584,-1.0,9.127777534052974e-15,125000000.0,-0.0,3.4383681683367584,True
Ro150_q0.55_L29W_r0.75_th140_kc+10_ko+10,outer_curvature,1.6315337856124992e-13,-125000000.0,0.0,-3.4383681683367584,-1.0,1.6315337856124992e-13,125000000.0,-0.0,3.4383681683367584,True
Ro150_q0.55_L29W_r0.75_th140_kc+10_ko+10,center_angle,3.952972154991143e-15,4145698.0160288513,0.0,0.11403461359205114,-1.0,3.952972154991143e-15,-4145698.0160288513,-0.0,-0.11403461359205114,False
Ro150_q0.55_L29W_r0.75_th140_kc+10_ko+10,outer_angle,1.623256795908214e-14,4145698.0160288513,0.0,0.11403461359205114,-1.0,1.623256795908214e-14,-4145698.0160288513,-0.0,-0.11403461359205114,False
Ro150_q0.55_L29W_r0.75_th140_kc+10_ko+10,gb_spacing,-2.4926158684097272e-14,0.0,0.0,0.0,1.0,2.4926158684097272e-14,0.0,0.0,0.0,False
Ro150_q0.55_L29W_r0.75_th160_kc-10_ko-10,center_outer_exchange,1.2495172194023364e-13,0.0,0.0,0.0,-1.0,1.2495172194023364e-13,-0.0,-0.0,-0.0,False
Ro150_q0.55_L29W_r0.75_th160_kc-10_ko-10,tj_radius,-1.0072443162512109e-13,-47748286.52367741,6.18750412500089e-08,0.029087243517467165,1.0,1.0072443162512109e-13,-47748286.52367741,6.18750412500089e-08,0.029087243517467165,False
Ro150_q0.55_L29W_r0.75_th160_kc-10_ko-10,center_curvature,8.760198655535417e-15,-125000000.00000186,0.0,-2.5417570141890167,-1.0,8.760198655535417e-15,125000000.00000186,-0.0,2.5417570141890167,True
Ro150_q0.55_L29W_r0.75_th160_kc-10_ko-10,outer_curvature,1.1659250054457448e-13,-125000000.00000186,0.0,-2.5417570141890167,-1.0,1.1659250054457448e-13,125000000.00000186,-0.0,2.5417570141890167,True
Ro150_q0.55_L29W_r0.75_th160_kc-10_ko-10,center_angle,4.289976442288515e-15,2104826.045161113,0.0,0.04279952417185484,-1.0,4.289976442288515e-15,-2104826.045161113,-0.0,-0.04279952417185484,False
Ro150_q0.55_L29W_r0.75_th160_kc-10_ko-10,outer_angle,1.570407475894688e-14,2104826.045161113,0.0,0.04279952417185484,-1.0,1.570407475894688e-14,-2104826.045161113,-0.0,-0.04279952417185484,False
Ro150_q0.55_L29W_r0.75_th160_kc-10_ko-10,gb_spacing,-2.6974240311874333e-14,0.0,0.0,0.0,1.0,2.6974240311874333e-14,0.0,0.0,0.0,False
Ro150_q0.55_L29W_r0.75_th160_kc+0_ko+0,center_outer_exchange,1.257106349043602e-13,0.0,0.0,0.0,-1.0,1.257106349043602e-13,-0.0,-0.0,-0.0,False
Ro150_q0.55_L29W_r0.75_th160_kc+0_ko+0,tj_radius,-9.70140805118402e-14,-47748286.52367741,6.18750412500089e-08,-0.09425101198567987,1.0,9.70140805118402e-14,-47748286.52367741,6.18750412500089e-08,-0.09425101198567987,False
Ro150_q0.55_L29W_r0.75_th160_kc+0_ko+0,center_curvature,9.259138487654873e-15,-125000000.0,0.0,-2.8646487321166703,-1.0,9.259138487654873e-15,125000000.0,-0.0,2.8646487321166703,True
Ro150_q0.55_L29W_r0.75_th160_kc+0_ko+0,outer_curvature,1.3769338621220573e-13,-125000000.0,0.0,-2.8646487321166703,-1.0,1.3769338621220573e-13,125000000.0,-0.0,2.8646487321166703,True
Ro150_q0.55_L29W_r0.75_th160_kc+0_ko+0,center_angle,4.402924274069782e-15,2104826.045161113,0.0,0.048236490582276303,-1.0,4.402924274069782e-15,-2104826.045161113,-0.0,-0.048236490582276303,False
Ro150_q0.55_L29W_r0.75_th160_kc+0_ko+0,outer_angle,1.6581724317959194e-14,2104826.045161113,0.0,0.048236490582276303,-1.0,1.6581724317959194e-14,-2104826.045161113,-0.0,-0.048236490582276303,False
Ro150_q0.55_L29W_r0.75_th160_kc+0_ko+0,gb_spacing,-2.7137287672560935e-14,0.0,0.0,0.0,1.0,2.7137287672560935e-14,0.0,0.0,0.0,False
Ro150_q0.55_L29W_r0.75_th160_kc+10_ko+10,center_outer_exchange,1.262374835406956e-13,0.0,0.0,0.0,-1.0,1.262374835406956e-13,-0.0,-0.0,-0.0,False
Ro150_q0.55_L29W_r0.75_th160_kc+10_ko+10,tj_radius,-9.10763342071559e-14,-47748286.52367741,6.18750412500089e-08,-0.26604487072867666,1.0,9.10763342071559e-14,-47748286.52367741,6.18750412500089e-08,-0.26604487072867666,False
Ro150_q0.55_L29W_r0.75_th160_kc+10_ko+10,center_curvature,9.750668250508942e-15,-125000000.0,0.0,-3.314397561539728,-1.0,9.750668250508942e-15,125000000.0,-0.0,3.314397561539728,True
Ro150_q0.55_L29W_r0.75_th160_kc+10_ko+10,outer_curvature,1.586765597716921e-13,-125000000.0,0.0,-3.314397561539728,-1.0,1.586765597716921e-13,125000000.0,-0.0,3.314397561539728,True
Ro150_q0.55_L29W_r0.75_th160_kc+10_ko+10,center_angle,4.502498401572482e-15,2104826.045162976,0.0,0.055809461684930284,-1.0,4.502498401572482e-15,-2104826.045162976,-0.0,-0.055809461684930284,False
Ro150_q0.55_L29W_r0.75_th160_kc+10_ko+10,outer_angle,1.7002822686686265e-14,2104826.045162976,0.0,0.055809461684930284,-1.0,1.7002822686686265e-14,-2104826.045162976,-0.0,-0.055809461684930284,False
Ro150_q0.55_L29W_r0.75_th160_kc+10_ko+10,gb_spacing,-2.718165309781445e-14,0.0,0.0,0.0,1.0,2.718165309781445e-14,0.0,0.0,0.0,False
Ro150_q0.55_L37W_r0.45_th120_kc-10_ko-10,center_outer_exchange,1.0406049300547196e-13,0.0,0.0,0.0,-1.0,1.0406049300547196e-13,-0.0,-0.0,-0.0,False
Ro150_q0.55_L37W_r0.45_th120_kc-10_ko-10,tj_radius,-4.519816106719979e-14,-69981897.46544138,3.712502475000567e-08,-0.15513065017669359,1.0,4.519816106719979e-14,-69981897.46544138,3.712502475000567e-08,-0.15513065017669359,False
Ro150_q0.55_L37W_r0.45_th120_kc-10_ko-10,center_curvature,9.30649854934158e-15,-125000000.0,0.0,-2.0632715685486858,-1.0,9.30649854934158e-15,125000000.0,-0.0,2.0632715685486858,True
Ro150_q0.55_L37W_r0.45_th120_kc-10_ko-10,outer_curvature,8.298347564771928e-14,-125000000.0,0.0,-2.0632715685486858,-1.0,8.298347564771928e-14,125000000.0,-0.0,2.0632715685486858,True
Ro150_q0.55_L37W_r0.45_th120_kc-10_ko-10,center_angle,3.707527567121282e-15,10101008.417509496,0.0,0.16672873694378865,-1.0,3.707527567121282e-15,-10101008.417509496,-0.0,-0.16672873694378865,False
Ro150_q0.55_L37W_r0.45_th120_kc-10_ko-10,outer_angle,1.5061765768165504e-14,10101008.417509496,0.0,0.16672873694378865,-1.0,1.5061765768165504e-14,-10101008.417509496,-0.0,-0.16672873694378865,False
Ro150_q0.55_L37W_r0.45_th120_kc-10_ko-10,gb_spacing,-1.8281358385778902e-14,0.0,0.0,0.0,1.0,1.8281358385778902e-14,0.0,0.0,0.0,False
Ro150_q0.55_L37W_r0.45_th120_kc+0_ko+0,center_outer_exchange,1.0494074984744332e-13,0.0,0.0,0.0,-1.0,1.0494074984744332e-13,-0.0,-0.0,-0.0,False
Ro150_q0.55_L37W_r0.45_th120_kc+0_ko+0,tj_radius,-4.2393000151294585e-14,-69981897.46544138,3.712502475000567e-08,-0.2590292740418665,1.0,4.2393000151294585e-14,-69981897.46544138,3.712502475000567e-08,-0.2590292740418665,False
Ro150_q0.55_L37W_r0.45_th120_kc+0_ko+0,center_curvature,1.005427411270055e-14,-125000000.0,0.0,-2.2488543194878474,-1.0,1.005427411270055e-14,125000000.0,-0.0,2.2488543194878474,True
Ro150_q0.55_L37W_r0.45_th120_kc+0_ko+0,outer_curvature,9.611254451848506e-14,-125000000.0,0.0,-2.2488543194878474,-1.0,9.611254451848506e-14,125000000.0,-0.0,2.2488543194878474,True
Ro150_q0.55_L37W_r0.45_th120_kc+0_ko+0,center_angle,3.628017020163111e-15,10101008.417509496,0.0,0.18172521414427933,-1.0,3.628017020163111e-15,-10101008.417509496,-0.0,-0.18172521414427933,False
Ro150_q0.55_L37W_r0.45_th120_kc+0_ko+0,outer_angle,1.3840772795665563e-14,10101008.417509496,0.0,0.18172521414427933,-1.0,1.3840772795665563e-14,-10101008.417509496,-0.0,-0.18172521414427933,False
Ro150_q0.55_L37W_r0.45_th120_kc+0_ko+0,gb_spacing,-1.8627063593987773e-14,0.0,0.0,0.0,1.0,1.8627063593987773e-14,0.0,0.0,0.0,False
Ro150_q0.55_L37W_r0.45_th120_kc+10_ko+10,center_outer_exchange,1.0561280165306754e-13,0.0,0.0,0.0,-1.0,1.0561280165306754e-13,-0.0,-0.0,-0.0,False
Ro150_q0.55_L37W_r0.45_th120_kc+10_ko+10,tj_radius,-3.820515982799713e-14,-69981897.46544138,3.712502475000567e-08,-0.3891957036057381,1.0,3.820515982799713e-14,-69981897.46544138,3.712502475000567e-08,-0.3891957036057381,False
Ro150_q0.55_L37W_r0.45_th120_kc+10_ko+10,center_curvature,1.0788948394835016e-14,-125000000.0,0.0,-2.4813568822681376,-1.0,1.0788948394835016e-14,125000000.0,-0.0,2.4813568822681376,True
Ro150_q0.55_L37W_r0.45_th120_kc+10_ko+10,outer_curvature,1.088408930221177e-13,-125000000.0,0.0,-2.4813568822681376,-1.0,1.088408930221177e-13,125000000.0,-0.0,2.4813568822681376,True
Ro150_q0.55_L37W_r0.45_th120_kc+10_ko+10,center_angle,3.4935917587911524e-15,10101008.417509496,0.0,0.20051311832780527,-1.0,3.4935917587911524e-15,-10101008.417509496,-0.0,-0.20051311832780527,False
Ro150_q0.55_L37W_r0.45_th120_kc+10_ko+10,outer_angle,1.1667072980767122e-14,10101008.417509496,0.0,0.20051311832780527,-1.0,1.1667072980767122e-14,-10101008.417509496,-0.0,-0.20051311832780527,False
Ro150_q0.55_L37W_r0.45_th120_kc+10_ko+10,gb_spacing,-1.880525944442742e-14,0.0,0.0,0.0,1.0,1.880525944442742e-14,0.0,0.0,0.0,False
Ro150_q0.55_L37W_r0.45_th140_kc-10_ko-10,center_outer_exchange,1.0771231613737798e-13,0.0,0.0,0.0,-1.0,1.0771231613737798e-13,-0.0,-0.0,-0.0,False
Ro150_q0.55_L37W_r0.45_th140_kc-10_ko-10,tj_radius,-4.227930761008011e-14,-75934807.8584075,3.712502475000567e-08,-0.1962506706594258,1.0,4.227930761008011e-14,-75934807.8584075,3.712502475000567e-08,-0.1962506706594258,False
Ro150_q0.55_L37W_r0.45_th140_kc-10_ko-10,center_curvature,8.885413326773235e-15,-125000000.0,0.0,-1.969210783096642,-1.0,8.885413326773235e-15,125000000.0,-0.0,1.969210783096642,True
Ro150_q0.55_L37W_r0.45_th140_kc-10_ko-10,outer_curvature,7.673581690439198e-14,-125000000.0,0.0,-1.969210783096642,-1.0,7.673581690439198e-14,125000000.0,-0.0,1.969210783096642,True
Ro150_q0.55_L37W_r0.45_th140_kc-10_ko-10,center_angle,3.558574374045836e-15,6909496.693380177,0.0,0.1088499019852307,-1.0,3.558574374045836e-15,-6909496.693380177,-0.0,-0.1088499019852307,False
Ro150_q0.55_L37W_r0.45_th140_kc-10_ko-10,outer_angle,1.2242321527820002e-14,6909496.693380177,0.0,0.1088499019852307,-1.0,1.2242321527820002e-14,-6909496.693380177,-0.0,-0.1088499019852307,False
Ro150_q0.55_L37W_r0.45_th140_kc-10_ko-10,gb_spacing,-2.0009206888580584e-14,0.0,0.0,0.0,1.0,2.0009206888580584e-14,0.0,0.0,0.0,False
Ro150_q0.55_L37W_r0.45_th140_kc+0_ko+0,center_outer_exchange,1.0809979491168974e-13,0.0,0.0,0.0,-1.0,1.0809979491168974e-13,-0.0,-0.0,-0.0,False
Ro150_q0.55_L37W_r0.45_th140_kc+0_ko+0,tj_radius,-3.8953679220067127e-14,-75934807.8584075,3.712502475000567e-08,-0.29620306453936873,1.0,3.8953679220067127e-14,-75934807.8584075,3.712502475000567e-08,-0.29620306453936873,False
Ro150_q0.55_L37W_r0.45_th140_kc+0_ko+0,center_curvature,9.330382964957799e-15,-125000000.0,0.0,-2.133748460677154,-1.0,9.330382964957799e-15,125000000.0,-0.0,2.133748460677154,True
Ro150_q0.55_L37W_r0.45_th140_kc+0_ko+0,outer_curvature,8.450241583776008e-14,-125000000.0,0.0,-2.133748460677154,-1.0,8.450241583776008e-14,125000000.0,-0.0,2.133748460677154,True
Ro150_q0.55_L37W_r0.45_th140_kc+0_ko+0,center_angle,3.515547493933777e-15,6909496.693380177,0.0,0.11794482728610944,-1.0,3.515547493933777e-15,-6909496.693380177,-0.0,-0.11794482728610944,False
Ro150_q0.55_L37W_r0.45_th140_kc+0_ko+0,outer_angle,1.1469890118458693e-14,6909496.693380177,0.0,0.11794482728610944,-1.0,1.1469890118458693e-14,-6909496.693380177,-0.0,-0.11794482728610944,False
Ro150_q0.55_L37W_r0.45_th140_kc+0_ko+0,gb_spacing,-1.999984971463544e-14,0.0,0.0,0.0,1.0,1.999984971463544e-14,0.0,0.0,0.0,False
Ro150_q0.55_L37W_r0.45_th140_kc+10_ko+10,center_outer_exchange,1.0837125265307214e-13,0.0,0.0,0.0,-1.0,1.0837125265307214e-13,-0.0,-0.0,-0.0,False
Ro150_q0.55_L37W_r0.45_th140_kc+10_ko+10,tj_radius,-3.479110471897828e-14,-75934807.8584075,3.712502475000567e-08,-0.4192344873630294,1.0,3.479110471897828e-14,-75934807.8584075,3.712502475000567e-08,-0.4192344873630294,False
Ro150_q0.55_L37W_r0.45_th140_kc+10_ko+10,center_curvature,9.772780193212202e-15,-125000000.0,0.0,-2.336278255284263,-1.0,9.772780193212202e-15,125000000.0,-0.0,2.336278255284263,True
Ro150_q0.55_L37W_r0.45_th140_kc+10_ko+10,outer_curvature,9.212364155081745e-14,-125000000.0,0.0,-2.336278255284263,-1.0,9.212364155081745e-14,125000000.0,-0.0,2.336278255284263,True
Ro150_q0.55_L37W_r0.45_th140_kc+10_ko+10,center_angle,3.452737827344525e-15,6909496.693380177,0.0,0.1291397700251551,-1.0,3.452737827344525e-15,-6909496.693380177,-0.0,-0.1291397700251551,False
Ro150_q0.55_L37W_r0.45_th140_kc+10_ko+10,outer_angle,1.0342739383416442e-14,6909496.693380177,0.0,0.1291397700251551,-1.0,1.0342739383416442e-14,-6909496.693380177,-0.0,-0.1291397700251551,False
Ro150_q0.55_L37W_r0.45_th140_kc+10_ko+10,gb_spacing,-1.9894286068646628e-14,0.0,0.0,0.0,1.0,1.9894286068646628e-14,0.0,0.0,0.0,False
Ro150_q0.55_L37W_r0.45_th160_kc-10_ko-10,center_outer_exchange,1.1005570909657444e-13,0.0,0.0,0.0,-1.0,1.1005570909657444e-13,-0.0,-0.0,-0.0,False
Ro150_q0.55_L37W_r0.45_th160_kc-10_ko-10,tj_radius,-3.8269499881359875e-14,-79580477.53946483,3.712502475000567e-08,-0.22013202419057798,1.0,3.8269499881359875e-14,-79580477.53946483,3.712502475000567e-08,-0.22013202419057798,False
Ro150_q0.55_L37W_r0.45_th160_kc-10_ko-10,center_curvature,8.837230734966784e-15,-125000000.0,0.0,-1.9165102556604197,-1.0,8.837230734966784e-15,125000000.0,-0.0,1.9165102556604197,True
Ro150_q0.55_L37W_r0.45_th160_kc-10_ko-10,outer_curvature,7.356388290033433e-14,-125000000.0,0.0,-1.9165102556604197,-1.0,7.356388290033433e-14,125000000.0,-0.0,1.9165102556604197,True
Ro150_q0.55_L37W_r0.45_th160_kc-10_ko-10,center_angle,3.4903696197449006e-15,3508043.408598751,0.0,0.05378554540769187,-1.0,3.4903696197449006e-15,-3508043.408598751,-0.0,-0.05378554540769187,False
Ro150_q0.55_L37W_r0.45_th160_kc-10_ko-10,outer_angle,1.0038328995839199e-14,3508043.408598751,0.0,0.05378554540769187,-1.0,1.0038328995839199e-14,-3508043.408598751,-0.0,-0.05378554540769187,False
Ro150_q0.55_L37W_r0.45_th160_kc-10_ko-10,gb_spacing,-2.085938534541243e-14,0.0,0.0,0.0,1.0,2.085938534541243e-14,0.0,0.0,0.0,False
Ro150_q0.55_L37W_r0.45_th160_kc+0_ko+0,center_outer_exchange,1.1020790376770327e-13,0.0,0.0,0.0,-1.0,1.1020790376770327e-13,-0.0,-0.0,-0.0,False
Ro150_q0.55_L37W_r0.45_th160_kc+0_ko+0,tj_radius,-3.46323735181665e-14,-79580477.53946483,3.712502475000567e-08,-0.31785600501199607,1.0,3.46323735181665e-14,-79580477.53946483,3.712502475000567e-08,-0.31785600501199607,False
Ro150_q0.55_L37W_r0.45_th160_kc+0_ko+0,center_curvature,9.172454391999322e-15,-125000000.0,0.0,-2.070009920961624,-1.0,9.172454391999322e-15,125000000.0,-0.0,2.070009920961624,True
Ro150_q0.55_L37W_r0.45_th160_kc+0_ko+0,outer_curvature,7.930877437043568e-14,-125000000.0,0.0,-2.070009920961624,-1.0,7.930877437043568e-14,125000000.0,-0.0,2.070009920961624,True
Ro150_q0.55_L37W_r0.45_th160_kc+0_ko+0,center_angle,3.512180581947752e-15,3508043.408598751,0.0,0.05809338953977061,-1.0,3.512180581947752e-15,-3508043.408598751,-0.0,-0.05809338953977061,False
Ro150_q0.55_L37W_r0.45_th160_kc+0_ko+0,outer_angle,9.855518949684306e-15,3508043.408598751,0.0,0.05809338953977061,-1.0,9.855518949684306e-15,-3508043.408598751,-0.0,-0.05809338953977061,False
Ro150_q0.55_L37W_r0.45_th160_kc+0_ko+0,gb_spacing,-2.0667970092644583e-14,0.0,0.0,0.0,1.0,2.0667970092644583e-14,0.0,0.0,0.0,False
Ro150_q0.55_L37W_r0.45_th160_kc+10_ko+10,center_outer_exchange,1.1027900844418729e-13,0.0,0.0,0.0,-1.0,1.1027900844418729e-13,-0.0,-0.0,-0.0,False
Ro150_q0.55_L37W_r0.45_th160_kc+10_ko+10,tj_radius,-3.0362200722563815e-14,-79580477.53946483,3.712502475000567e-08,-0.43700840192184565,1.0,3.0362200722563815e-14,-79580477.53946483,3.712502475000567e-08,-0.43700840192184565,False
Ro150_q0.55_L37W_r0.45_th160_kc+10_ko+10,center_curvature,9.507782197149628e-15,-125000000.0,0.0,-2.2571684715302354,-1.0,9.507782197149628e-15,125000000.0,-0.0,2.2571684715302354,True
Ro150_q0.55_L37W_r0.45_th160_kc+10_ko+10,outer_curvature,8.497492268588066e-14,-125000000.0,0.0,-2.2571684715302354,-1.0,8.497492268588066e-14,125000000.0,-0.0,2.2571684715302354,True
Ro150_q0.55_L37W_r0.45_th160_kc+10_ko+10,center_angle,3.5272149308231983e-15,3508043.408598751,0.0,0.06334583451383935,-1.0,3.5272149308231983e-15,-3508043.408598751,-0.0,-0.06334583451383935,False
Ro150_q0.55_L37W_r0.45_th160_kc+10_ko+10,outer_angle,9.541979383175648e-15,3508043.408598751,0.0,0.06334583451383935,-1.0,9.541979383175648e-15,-3508043.408598751,-0.0,-0.06334583451383935,False
Ro150_q0.55_L37W_r0.45_th160_kc+10_ko+10,gb_spacing,-2.040673678626475e-14,0.0,0.0,0.0,1.0,2.040673678626475e-14,0.0,0.0,0.0,False
Ro150_q0.55_L37W_r0.60_th120_kc-10_ko-10,center_outer_exchange,7.223889659929397e-14,0.0,0.0,0.0,-1.0,7.223889659929397e-14,-0.0,-0.0,-0.0,False
Ro150_q0.55_L37W_r0.60_th120_kc-10_ko-10,tj_radius,-5.943011948906765e-14,-52486423.0990801,4.950003300000646e-08,-0.01516121469824494,1.0,5.943011948906765e-14,-52486423.0990801,4.950003300000646e-08,-0.01516121469824494,False
Ro150_q0.55_L37W_r0.60_th120_kc-10_ko-10,center_curvature,4.29934083757998e-15,-124999999.99999814,0.0,-2.4176836194431672,-1.0,4.29934083757998e-15,124999999.99999814,-0.0,2.4176836194431672,True
Ro150_q0.55_L37W_r0.60_th120_kc-10_ko-10,outer_curvature,9.429585710206181e-14,-124999999.99999814,0.0,-2.4176836194431672,-1.0,9.429585710206181e-14,124999999.99999814,-0.0,2.4176836194431672,True
Ro150_q0.55_L37W_r0.60_th120_kc-10_ko-10,center_angle,1.756708673547007e-15,7575756.3131302595,0.0,0.1465258870236852,-1.0,1.756708673547007e-15,-7575756.3131302595,-0.0,-0.1465258870236852,False
Ro150_q0.55_L37W_r0.60_th120_kc-10_ko-10,outer_angle,1.6278329752905735e-14,7575756.3131302595,0.0,0.1465258870236852,-1.0,1.6278329752905735e-14,-7575756.3131302595,-0.0,-0.1465258870236852,False
Ro150_q0.55_L37W_r0.60_th120_kc-10_ko-10,gb_spacing,1.7917370037509334e-15,0.0,0.0,0.0,-1.0,1.7917370037509334e-15,-0.0,-0.0,-0.0,False
Ro150_q0.55_L37W_r0.60_th120_kc+0_ko+0,center_outer_exchange,7.548061550014263e-14,0.0,0.0,0.0,-1.0,7.548061550014263e-14,-0.0,-0.0,-0.0,False
Ro150_q0.55_L37W_r0.60_th120_kc+0_ko+0,tj_radius,-5.913534054078906e-14,-52486423.0990801,4.950003300000646e-08,-0.13356349534032752,1.0,5.913534054078906e-14,-52486423.0990801,4.950003300000646e-08,-0.13356349534032752,False
Ro150_q0.55_L37W_r0.60_th120_kc+0_ko+0,center_curvature,6.3394994850924536e-15,-125000000.0,0.0,-2.6996705157165124,-1.0,6.3394994850924536e-15,125000000.0,-0.0,2.6996705157165124,True
Ro150_q0.55_L37W_r0.60_th120_kc+0_ko+0,outer_curvature,1.211265917069099e-13,-125000000.0,0.0,-2.6996705157165124,-1.0,1.211265917069099e-13,125000000.0,-0.0,2.6996705157165124,True
Ro150_q0.55_L37W_r0.60_th120_kc+0_ko+0,center_angle,2.2335893784503626e-15,7575756.3131302595,0.0,0.16361578747758898,-1.0,2.2335893784503626e-15,-7575756.3131302595,-0.0,-0.16361578747758898,False
Ro150_q0.55_L37W_r0.60_th120_kc+0_ko+0,outer_angle,1.6099083937461723e-14,7575756.3131302595,0.0,0.16361578747758898,-1.0,1.6099083937461723e-14,-7575756.3131302595,-0.0,-0.16361578747758898,False
Ro150_q0.55_L37W_r0.60_th120_kc+0_ko+0,gb_spacing,-1.118141162040082e-16,0.0,0.0,0.0,1.0,1.118141162040082e-16,0.0,0.0,0.0,False
Ro150_q0.55_L37W_r0.60_th120_kc+10_ko+10,center_outer_exchange,7.819232643219055e-14,0.0,0.0,0.0,-1.0,7.819232643219055e-14,-0.0,-0.0,-0.0,False
Ro150_q0.55_L37W_r0.60_th120_kc+10_ko+10,tj_radius,-5.5888844017918283e-14,-52486423.0990801,4.950003300000646e-08,-0.2935544769002707,1.0,5.5888844017918283e-14,-52486423.0990801,4.950003300000646e-08,-0.2935544769002707,False
Ro150_q0.55_L37W_r0.60_th120_kc+10_ko+10,center_curvature,8.32081819263837e-15,-125000000.0,0.0,-3.080707199099919,-1.0,8.32081819263837e-15,125000000.0,-0.0,3.080707199099919,True
Ro150_q0.55_L37W_r0.60_th120_kc+10_ko+10,outer_curvature,1.4731894988614172e-13,-125000000.0,0.0,-3.080707199099919,-1.0,1.4731894988614172e-13,125000000.0,-0.0,3.080707199099919,True
Ro150_q0.55_L37W_r0.60_th120_kc+10_ko+10,center_angle,2.5533019871763256e-15,7575756.3131302595,0.0,0.18670849275892465,-1.0,2.5533019871763256e-15,-7575756.3131302595,-0.0,-0.18670849275892465,False
Ro150_q0.55_L37W_r0.60_th120_kc+10_ko+10,outer_angle,1.4002668056680744e-14,7575756.3131302595,0.0,0.18670849275892465,-1.0,1.4002668056680744e-14,-7575756.3131302595,-0.0,-0.18670849275892465,False
Ro150_q0.55_L37W_r0.60_th120_kc+10_ko+10,gb_spacing,-1.592367312561186e-15,0.0,0.0,0.0,1.0,1.592367312561186e-15,0.0,0.0,0.0,False
Ro150_q0.55_L37W_r0.60_th140_kc-10_ko-10,center_outer_exchange,8.258664747124428e-14,0.0,0.0,0.0,-1.0,8.258664747124428e-14,-0.0,-0.0,-0.0,False
Ro150_q0.55_L37W_r0.60_th140_kc-10_ko-10,tj_radius,-6.173906038183497e-14,-56951105.89380562,4.950003300000646e-08,-0.054069429644032496,1.0,6.173906038183497e-14,-56951105.89380562,4.950003300000646e-08,-0.054069429644032496,False
Ro150_q0.55_L37W_r0.60_th140_kc-10_ko-10,center_curvature,7.46164000465825e-15,-125000000.0,0.0,-2.3135470885700116,-1.0,7.46164000465825e-15,125000000.0,-0.0,2.3135470885700116,True
Ro150_q0.55_L37W_r0.60_th140_kc-10_ko-10,outer_curvature,9.652208856623649e-14,-125000000.0,0.0,-2.3135470885700116,-1.0,9.652208856623649e-14,125000000.0,-0.0,2.3135470885700116,True
Ro150_q0.55_L37W_r0.60_th140_kc-10_ko-10,center_angle,2.961360841629492e-15,5182122.520036995,0.0,0.09591246579798707,-1.0,2.961360841629492e-15,-5182122.520036995,-0.0,-0.09591246579798707,False
Ro150_q0.55_L37W_r0.60_th140_kc-10_ko-10,outer_angle,1.487062136343097e-14,5182122.520036995,0.0,0.09591246579798707,-1.0,1.487062136343097e-14,-5182122.520036995,-0.0,-0.09591246579798707,False
Ro150_q0.55_L37W_r0.60_th140_kc-10_ko-10,gb_spacing,-3.679025247562963e-15,0.0,0.0,0.0,1.0,3.679025247562963e-15,0.0,0.0,0.0,False
Ro150_q0.55_L37W_r0.60_th140_kc+0_ko+0,center_outer_exchange,8.431640449721754e-14,0.0,0.0,0.0,-1.0,8.431640449721754e-14,-0.0,-0.0,-0.0,False
Ro150_q0.55_L37W_r0.60_th140_kc+0_ko+0,tj_radius,-5.911134016592668e-14,-56951105.89380562,4.950003300000646e-08,-0.16827118898310456,1.0,5.911134016592668e-14,-56951105.89380562,4.950003300000646e-08,-0.16827118898310456,False
Ro150_q0.55_L37W_r0.60_th140_kc+0_ko+0,center_curvature,8.626262525032713e-15,-125000000.0,0.0,-2.5642074656406777,-1.0,8.626262525032713e-15,125000000.0,-0.0,2.5642074656406777,True
Ro150_q0.55_L37W_r0.60_th140_kc+0_ko+0,outer_curvature,1.125675251749818e-13,-125000000.0,0.0,-2.5642074656406777,-1.0,1.125675251749818e-13,125000000.0,-0.0,2.5642074656406777,True
Ro150_q0.55_L37W_r0.60_th140_kc+0_ko+0,center_angle,3.171482702060153e-15,5182122.520035133,0.0,0.10630397772004585,-1.0,3.171482702060153e-15,-5182122.520035133,-0.0,-0.10630397772004585,False
Ro150_q0.55_L37W_r0.60_th140_kc+0_ko+0,outer_angle,1.452832472355727e-14,5182122.520035133,0.0,0.10630397772004585,-1.0,1.452832472355727e-14,-5182122.520035133,-0.0,-0.10630397772004585,False
Ro150_q0.55_L37W_r0.60_th140_kc+0_ko+0,gb_spacing,-4.491192404518231e-15,0.0,0.0,0.0,1.0,4.491192404518231e-15,0.0,0.0,0.0,False
Ro150_q0.55_L37W_r0.60_th140_kc+10_ko+10,center_outer_exchange,8.574175397490697e-14,0.0,0.0,0.0,-1.0,8.574175397490697e-14,-0.0,-0.0,-0.0,False
Ro150_q0.55_L37W_r0.60_th140_kc+10_ko+10,tj_radius,-5.470427608134519e-14,-56951105.89380562,4.950003300000646e-08,-0.3189525093987289,1.0,5.470427608134519e-14,-56951105.89380562,4.950003300000646e-08,-0.3189525093987289,False
Ro150_q0.55_L37W_r0.60_th140_kc+10_ko+10,center_curvature,9.766375695873158e-15,-125000000.0,0.0,-2.8949379057880975,-1.0,9.766375695873158e-15,125000000.0,-0.0,2.8949379057880975,True
Ro150_q0.55_L37W_r0.60_th140_kc+10_ko+10,outer_curvature,1.284161354949287e-13,-125000000.0,0.0,-2.8949379057880975,-1.0,1.284161354949287e-13,125000000.0,-0.0,2.8949379057880975,True
Ro150_q0.55_L37W_r0.60_th140_kc+10_ko+10,center_angle,3.323768098024344e-15,5182122.520035133,0.0,0.12001485414536717,-1.0,3.323768098024344e-15,-5182122.520035133,-0.0,-0.12001485414536717,False
Ro150_q0.55_L37W_r0.60_th140_kc+10_ko+10,outer_angle,1.3468816246191198e-14,5182122.520035133,0.0,0.12001485414536717,-1.0,1.3468816246191198e-14,-5182122.520035133,-0.0,-0.12001485414536717,False
Ro150_q0.55_L37W_r0.60_th140_kc+10_ko+10,gb_spacing,-5.060366992025307e-15,0.0,0.0,0.0,1.0,5.060366992025307e-15,0.0,0.0,0.0,False
Ro150_q0.55_L37W_r0.60_th160_kc-10_ko-10,center_outer_exchange,8.920651364062026e-14,0.0,0.0,0.0,-1.0,8.920651364062026e-14,-0.0,-0.0,-0.0,False
Ro150_q0.55_L37W_r0.60_th160_kc-10_ko-10,tj_radius,-6.003123856297556e-14,-59685358.1545949,4.950003300000646e-08,-0.07671549590371196,1.0,6.003123856297556e-14,-59685358.1545949,4.950003300000646e-08,-0.07671549590371196,False
Ro150_q0.55_L37W_r0.60_th160_kc-10_ko-10,center_curvature,9.208767991566673e-15,-125000000.0,0.0,-2.2549887135525637,-1.0,9.208767991566673e-15,125000000.0,-0.0,2.2549887135525637,True
Ro150_q0.55_L37W_r0.60_th160_kc-10_ko-10,outer_curvature,9.766569963521322e-14,-125000000.0,0.0,-2.2549887135525637,-1.0,9.766569963521322e-14,125000000.0,-0.0,2.2549887135525637,True
Ro150_q0.55_L37W_r0.60_th160_kc-10_ko-10,center_angle,3.600230952884274e-15,2631032.556448132,0.0,0.04746349393780491,-1.0,3.600230952884274e-15,-2631032.556448132,-0.0,-0.04746349393780491,False
Ro150_q0.55_L37W_r0.60_th160_kc-10_ko-10,outer_angle,1.3217433445429989e-14,2631032.556448132,0.0,0.04746349393780491,-1.0,1.3217433445429989e-14,-2631032.556448132,-0.0,-0.04746349393780491,False
Ro150_q0.55_L37W_r0.60_th160_kc-10_ko-10,gb_spacing,-6.743966616514699e-15,0.0,0.0,0.0,1.0,6.743966616514699e-15,0.0,0.0,0.0,False
Ro150_q0.55_L37W_r0.60_th160_kc+0_ko+0,center_outer_exchange,9.019233758262999e-14,0.0,0.0,0.0,-1.0,9.019233758262999e-14,-0.0,-0.0,-0.0,False
Ro150_q0.55_L37W_r0.60_th160_kc+0_ko+0,tj_radius,-5.6156532804215474e-14,-59685358.1545949,4.950003300000646e-08,-0.18853259955198265,1.0,5.6156532804215474e-14,-59685358.1545949,4.950003300000646e-08,-0.18853259955198265,False
Ro150_q0.55_L37W_r0.60_th160_kc+0_ko+0,center_curvature,1.004333305312664e-14,-125000000.0,0.0,-2.4891715655712687,-1.0,1.004333305312664e-14,125000000.0,-0.0,2.4891715655712687,True
Ro150_q0.55_L37W_r0.60_th160_kc+0_ko+0,outer_curvature,1.0964625387478813e-13,-125000000.0,0.0,-2.4891715655712687,-1.0,1.0964625387478813e-13,125000000.0,-0.0,2.4891715655712687,True
Ro150_q0.55_L37W_r0.60_th160_kc+0_ko+0,center_angle,3.773778530231211e-15,2631032.5564499944,0.0,0.05239258769940136,-1.0,3.773778530231211e-15,-2631032.5564499944,-0.0,-0.05239258769940136,False
Ro150_q0.55_L37W_r0.60_th160_kc+0_ko+0,outer_angle,1.3408068415631156e-14,2631032.5564499944,0.0,0.05239258769940136,-1.0,1.3408068415631156e-14,-2631032.5564499944,-0.0,-0.05239258769940136,False
Ro150_q0.55_L37W_r0.60_th160_kc+0_ko+0,gb_spacing,-7.003509796634493e-15,0.0,0.0,0.0,1.0,7.003509796634493e-15,0.0,0.0,0.0,False
Ro150_q0.55_L37W_r0.60_th160_kc+10_ko+10,center_outer_exchange,9.096643491655412e-14,0.0,0.0,0.0,-1.0,9.096643491655412e-14,-0.0,-0.0,-0.0,False
Ro150_q0.55_L37W_r0.60_th160_kc+10_ko+10,tj_radius,-5.0952440114576647e-14,-59685358.1545949,4.950003300000646e-08,-0.3341928867188759,1.0,5.0952440114576647e-14,-59685358.1545949,4.950003300000646e-08,-0.3341928867188759,False
Ro150_q0.55_L37W_r0.60_th160_kc+10_ko+10,center_curvature,1.0864627868569125e-14,-125000000.0,0.0,-2.7942346144085306,-1.0,1.0864627868569125e-14,125000000.0,-0.0,2.7942346144085306,True
Ro150_q0.55_L37W_r0.60_th160_kc+10_ko+10,outer_curvature,1.215584791741453e-13,-125000000.0,0.0,-2.7942346144085306,-1.0,1.215584791741453e-13,125000000.0,-0.0,2.7942346144085306,True
Ro150_q0.55_L37W_r0.60_th160_kc+10_ko+10,center_angle,3.9257205631141855e-15,2631032.556451857,0.0,0.058813546171876396,-1.0,3.9257205631141855e-15,-2631032.556451857,-0.0,-0.058813546171876396,False
Ro150_q0.55_L37W_r0.60_th160_kc+10_ko+10,outer_angle,1.3339837486571976e-14,2631032.556451857,0.0,0.058813546171876396,-1.0,1.3339837486571976e-14,-2631032.556451857,-0.0,-0.058813546171876396,False
Ro150_q0.55_L37W_r0.60_th160_kc+10_ko+10,gb_spacing,-7.092013233612948e-15,0.0,0.0,0.0,1.0,7.092013233612948e-15,0.0,0.0,0.0,False
Ro150_q0.55_L37W_r0.75_th140_kc+0_ko+0,center_outer_exchange,2.8633435038450665e-14,0.0,0.0,0.0,-1.0,2.8633435038450665e-14,-0.0,-0.0,-0.0,False
Ro150_q0.55_L37W_r0.75_th140_kc+0_ko+0,tj_radius,-5.6174428959231624e-14,-45560884.71504487,6.18750412500089e-08,-0.0751317342361224,1.0,5.6174428959231624e-14,-45560884.71504487,6.18750412500089e-08,-0.0751317342361224,False
Ro150_q0.55_L37W_r0.75_th140_kc+0_ko+0,center_curvature,-1.1967198511631465e-15,-125000000.0,0.0,-2.9497276884153933,1.0,1.1967198511631465e-15,-125000000.0,0.0,-2.9497276884153933,False
Ro150_q0.55_L37W_r0.75_th140_kc+0_ko+0,outer_curvature,1.3522775104210028e-13,-125000000.0,0.0,-2.9497276884153933,-1.0,1.3522775104210028e-13,125000000.0,-0.0,2.9497276884153933,True
Ro150_q0.55_L37W_r0.75_th140_kc+0_ko+0,center_angle,-3.903335432073431e-16,4145698.0160288513,0.0,0.09782898002885787,1.0,3.903335432073431e-16,4145698.0160288513,0.0,0.09782898002885787,True
Ro150_q0.55_L37W_r0.75_th140_kc+0_ko+0,outer_angle,1.6849898467576442e-14,4145698.0160288513,0.0,0.09782898002885787,-1.0,1.6849898467576442e-14,-4145698.0160288513,-0.0,-0.09782898002885787,False
Ro150_q0.55_L37W_r0.75_th140_kc+0_ko+0,gb_spacing,2.2949177794103772e-14,0.0,0.0,0.0,-1.0,2.2949177794103772e-14,-0.0,-0.0,-0.0,False
Ro150_q0.55_L37W_r0.75_th140_kc+10_ko+10,center_outer_exchange,3.312663722154948e-14,0.0,0.0,0.0,-1.0,3.312663722154948e-14,-0.0,-0.0,-0.0,False
Ro150_q0.55_L37W_r0.75_th140_kc+10_ko+10,tj_radius,-5.420951843158974e-14,-45560884.71504487,6.18750412500089e-08,-0.25323023035761505,1.0,5.420951843158974e-14,-45560884.71504487,6.18750412500089e-08,-0.25323023035761505,False
Ro150_q0.55_L37W_r0.75_th140_kc+10_ko+10,center_curvature,1.3524655050368987e-15,-125000000.0,0.0,-3.4383681683367584,-1.0,1.3524655050368987e-15,125000000.0,-0.0,3.4383681683367584,True
Ro150_q0.55_L37W_r0.75_th140_kc+10_ko+10,outer_curvature,1.6315337856124992e-13,-125000000.0,0.0,-3.4383681683367584,-1.0,1.6315337856124992e-13,125000000.0,-0.0,3.4383681683367584,True
Ro150_q0.55_L37W_r0.75_th140_kc+10_ko+10,center_angle,3.737087535593078e-16,4145698.0160288513,0.0,0.11403461359205114,-1.0,3.737087535593078e-16,-4145698.0160288513,-0.0,-0.11403461359205114,False
Ro150_q0.55_L37W_r0.75_th140_kc+10_ko+10,outer_angle,1.6232567959056897e-14,4145698.0160288513,0.0,0.11403461359205114,-1.0,1.6232567959056897e-14,-4145698.0160288513,-0.0,-0.11403461359205114,False
Ro150_q0.55_L37W_r0.75_th140_kc+10_ko+10,gb_spacing,2.0622498257028664e-14,0.0,0.0,0.0,-1.0,2.0622498257028664e-14,-0.0,-0.0,-0.0,False
Ro150_q0.55_L37W_r0.75_th160_kc-10_ko-10,center_outer_exchange,4.015436216955334e-14,0.0,0.0,0.0,-1.0,4.015436216955334e-14,-0.0,-0.0,-0.0,False
Ro150_q0.55_L37W_r0.75_th160_kc-10_ko-10,tj_radius,-6.250686075056178e-14,-47748286.52367741,6.18750412500089e-08,0.029087243517467165,1.0,6.250686075056178e-14,-47748286.52367741,6.18750412500089e-08,0.029087243517467165,False
Ro150_q0.55_L37W_r0.75_th160_kc-10_ko-10,center_curvature,2.6441334209446444e-15,-125000000.00000186,0.0,-2.5417570141890167,-1.0,2.6441334209446444e-15,125000000.00000186,-0.0,2.5417570141890167,True
Ro150_q0.55_L37W_r0.75_th160_kc-10_ko-10,outer_curvature,1.1659250054459972e-13,-125000000.00000186,0.0,-2.5417570141890167,-1.0,1.1659250054459972e-13,125000000.00000186,-0.0,2.5417570141890167,True
Ro150_q0.55_L37W_r0.75_th160_kc-10_ko-10,center_angle,1.105939212085406e-15,2104826.045161113,0.0,0.04279952417185484,-1.0,1.105939212085406e-15,-2104826.045161113,-0.0,-0.04279952417185484,False
Ro150_q0.55_L37W_r0.75_th160_kc-10_ko-10,outer_angle,1.5704074758972124e-14,2104826.045161113,0.0,0.04279952417185484,-1.0,1.5704074758972124e-14,-2104826.045161113,-0.0,-0.04279952417185484,False
Ro150_q0.55_L37W_r0.75_th160_kc-10_ko-10,gb_spacing,1.8136766068470805e-14,0.0,0.0,0.0,-1.0,1.8136766068470805e-14,-0.0,-0.0,-0.0,False
Ro150_q0.55_L37W_r0.75_th160_kc+0_ko+0,center_outer_exchange,4.364809334904604e-14,0.0,0.0,0.0,-1.0,4.364809334904604e-14,-0.0,-0.0,-0.0,False
Ro150_q0.55_L37W_r0.75_th160_kc+0_ko+0,tj_radius,-6.072916122523653e-14,-47748286.52367741,6.18750412500089e-08,-0.09425101198567987,1.0,6.072916122523653e-14,-47748286.52367741,6.18750412500089e-08,-0.09425101198567987,False
Ro150_q0.55_L37W_r0.75_th160_kc+0_ko+0,center_curvature,4.5254396189164125e-15,-125000000.0,0.0,-2.8646487321166703,-1.0,4.5254396189164125e-15,125000000.0,-0.0,2.8646487321166703,True
Ro150_q0.55_L37W_r0.75_th160_kc+0_ko+0,outer_curvature,1.3769338621218049e-13,-125000000.0,0.0,-2.8646487321166703,-1.0,1.3769338621218049e-13,125000000.0,-0.0,2.8646487321166703,True
Ro150_q0.55_L37W_r0.75_th160_kc+0_ko+0,center_angle,1.672431541475468e-15,2104826.045161113,0.0,0.048236490582276303,-1.0,1.672431541475468e-15,-2104826.045161113,-0.0,-0.048236490582276303,False
Ro150_q0.55_L37W_r0.75_th160_kc+0_ko+0,outer_angle,1.6581724317959194e-14,2104826.045161113,0.0,0.048236490582276303,-1.0,1.6581724317959194e-14,-2104826.045161113,-0.0,-0.048236490582276303,False
Ro150_q0.55_L37W_r0.75_th160_kc+0_ko+0,gb_spacing,1.6492909868062882e-14,0.0,0.0,0.0,-1.0,1.6492909868062882e-14,-0.0,-0.0,-0.0,False
Ro150_q0.55_L37W_r0.75_th160_kc+10_ko+10,center_outer_exchange,4.6748399201094245e-14,0.0,0.0,0.0,-1.0,4.6748399201094245e-14,-0.0,-0.0,-0.0,False
Ro150_q0.55_L37W_r0.75_th160_kc+10_ko+10,tj_radius,-5.6553455565340196e-14,-47748286.52367741,6.18750412500089e-08,-0.26604487072867666,1.0,5.6553455565340196e-14,-47748286.52367741,6.18750412500089e-08,-0.26604487072867666,False
Ro150_q0.55_L37W_r0.75_th160_kc+10_ko+10,center_curvature,6.37418642431694e-15,-125000000.0,0.0,-3.314397561539728,-1.0,6.37418642431694e-15,125000000.0,-0.0,3.314397561539728,True
Ro150_q0.55_L37W_r0.75_th160_kc+10_ko+10,outer_curvature,1.586765597716921e-13,-125000000.0,0.0,-3.314397561539728,-1.0,1.586765597716921e-13,125000000.0,-0.0,3.314397561539728,True
Ro150_q0.55_L37W_r0.75_th160_kc+10_ko+10,center_angle,2.1891036983064436e-15,2104826.045162976,0.0,0.055809461684930284,-1.0,2.1891036983064436e-15,-2104826.045162976,-0.0,-0.055809461684930284,False
Ro150_q0.55_L37W_r0.75_th160_kc+10_ko+10,outer_angle,1.7002822686686265e-14,2104826.045162976,0.0,0.055809461684930284,-1.0,1.7002822686686265e-14,-2104826.045162976,-0.0,-0.055809461684930284,False
Ro150_q0.55_L37W_r0.75_th160_kc+10_ko+10,gb_spacing,1.517771627147733e-14,0.0,0.0,0.0,-1.0,1.517771627147733e-14,-0.0,-0.0,-0.0,False
Ro150_q0.55_L45W_r0.45_th120_kc-10_ko-10,center_outer_exchange,6.417840180004853e-14,0.0,0.0,0.0,-1.0,6.417840180004853e-14,-0.0,-0.0,-0.0,False
Ro150_q0.55_L45W_r0.45_th120_kc-10_ko-10,tj_radius,-3.532541724405266e-14,-69981897.46544138,3.712502475000567e-08,-0.15513065017669359,1.0,3.532541724405266e-14,-69981897.46544138,3.712502475000567e-08,-0.15513065017669359,False
Ro150_q0.55_L45W_r0.45_th120_kc-10_ko-10,center_curvature,3.8646661212781894e-15,-125000000.0,0.0,-2.0632715685486858,-1.0,3.8646661212781894e-15,125000000.0,-0.0,2.0632715685486858,True
Ro150_q0.55_L45W_r0.45_th120_kc-10_ko-10,outer_curvature,8.298347564769403e-14,-125000000.0,0.0,-2.0632715685486858,-1.0,8.298347564769403e-14,125000000.0,-0.0,2.0632715685486858,True
Ro150_q0.55_L45W_r0.45_th120_kc-10_ko-10,center_angle,1.3632707147859683e-15,10101008.417509496,0.0,0.16672873694378865,-1.0,1.3632707147859683e-15,-10101008.417509496,-0.0,-0.16672873694378865,False
Ro150_q0.55_L45W_r0.45_th120_kc-10_ko-10,outer_angle,1.5061765768165504e-14,10101008.417509496,0.0,0.16672873694378865,-1.0,1.5061765768165504e-14,-10101008.417509496,-0.0,-0.16672873694378865,False
Ro150_q0.55_L45W_r0.45_th120_kc-10_ko-10,gb_spacing,1.0439969286616748e-14,0.0,0.0,0.0,-1.0,1.0439969286616748e-14,-0.0,-0.0,-0.0,False
Ro150_q0.55_L45W_r0.45_th120_kc+0_ko+0,center_outer_exchange,6.65655080371514e-14,0.0,0.0,0.0,-1.0,6.65655080371514e-14,-0.0,-0.0,-0.0,False
Ro150_q0.55_L45W_r0.45_th120_kc+0_ko+0,tj_radius,-3.33170095012964e-14,-69981897.46544138,3.712502475000567e-08,-0.2590292740418665,1.0,3.33170095012964e-14,-69981897.46544138,3.712502475000567e-08,-0.2590292740418665,False
Ro150_q0.55_L45W_r0.45_th120_kc+0_ko+0,center_curvature,6.0100394325347476e-15,-125000000.0,0.0,-2.2488543194878474,-1.0,6.0100394325347476e-15,125000000.0,-0.0,2.2488543194878474,True
Ro150_q0.55_L45W_r0.45_th120_kc+0_ko+0,outer_curvature,9.611254451848506e-14,-125000000.0,0.0,-2.2488543194878474,-1.0,9.611254451848506e-14,125000000.0,-0.0,2.2488543194878474,True
Ro150_q0.55_L45W_r0.45_th120_kc+0_ko+0,center_angle,1.8100936811475366e-15,10101008.417509496,0.0,0.18172521414427933,-1.0,1.8100936811475366e-15,-10101008.417509496,-0.0,-0.18172521414427933,False
Ro150_q0.55_L45W_r0.45_th120_kc+0_ko+0,outer_angle,1.384077279564032e-14,10101008.417509496,0.0,0.18172521414427933,-1.0,1.384077279564032e-14,-10101008.417509496,-0.0,-0.18172521414427933,False
Ro150_q0.55_L45W_r0.45_th120_kc+0_ko+0,gb_spacing,8.78732297496682e-15,0.0,0.0,0.0,-1.0,8.78732297496682e-15,-0.0,-0.0,-0.0,False
Ro150_q0.55_L45W_r0.45_th120_kc+10_ko+10,center_outer_exchange,6.857068355157025e-14,0.0,0.0,0.0,-1.0,6.857068355157025e-14,-0.0,-0.0,-0.0,False
Ro150_q0.55_L45W_r0.45_th120_kc+10_ko+10,tj_radius,-2.976548195739634e-14,-69981897.46544138,3.712502475000567e-08,-0.3891957036057381,1.0,2.976548195739634e-14,-69981897.46544138,3.712502475000567e-08,-0.3891957036057381,False
Ro150_q0.55_L45W_r0.45_th120_kc+10_ko+10,center_curvature,8.097916088291062e-15,-125000000.0,0.0,-2.4813568822681376,-1.0,8.097916088291062e-15,125000000.0,-0.0,2.4813568822681376,True
Ro150_q0.55_L45W_r0.45_th120_kc+10_ko+10,outer_curvature,1.088408930221177e-13,-125000000.0,0.0,-2.4813568822681376,-1.0,1.088408930221177e-13,125000000.0,-0.0,2.4813568822681376,True
Ro150_q0.55_L45W_r0.45_th120_kc+10_ko+10,center_angle,2.0949253270655782e-15,10101008.417509496,0.0,0.20051311832780527,-1.0,2.0949253270655782e-15,-10101008.417509496,-0.0,-0.20051311832780527,False
Ro150_q0.55_L45W_r0.45_th120_kc+10_ko+10,outer_angle,1.1667072980792366e-14,10101008.417509496,0.0,0.20051311832780527,-1.0,1.1667072980792366e-14,-10101008.417509496,-0.0,-0.20051311832780527,False
Ro150_q0.55_L45W_r0.45_th120_kc+10_ko+10,gb_spacing,7.535536682306756e-15,0.0,0.0,0.0,-1.0,7.535536682306756e-15,-0.0,-0.0,-0.0,False
Ro150_q0.55_L45W_r0.45_th140_kc-10_ko-10,center_outer_exchange,7.086280618704478e-14,0.0,0.0,0.0,-1.0,7.086280618704478e-14,-0.0,-0.0,-0.0,False
Ro150_q0.55_L45W_r0.45_th140_kc-10_ko-10,tj_radius,-3.419618047921046e-14,-75934807.8584075,3.712502475000567e-08,-0.1962506706594258,1.0,3.419618047921046e-14,-75934807.8584075,3.712502475000567e-08,-0.1962506706594258,False
Ro150_q0.55_L45W_r0.45_th140_kc-10_ko-10,center_curvature,6.847977166027524e-15,-125000000.0,0.0,-1.969210783096642,-1.0,6.847977166027524e-15,125000000.0,-0.0,1.969210783096642,True
Ro150_q0.55_L45W_r0.45_th140_kc-10_ko-10,outer_curvature,7.673581690439198e-14,-125000000.0,0.0,-1.969210783096642,-1.0,7.673581690439198e-14,125000000.0,-0.0,1.969210783096642,True
Ro150_q0.55_L45W_r0.45_th140_kc-10_ko-10,center_angle,2.3269728292235387e-15,6909496.693380177,0.0,0.1088499019852307,-1.0,2.3269728292235387e-15,-6909496.693380177,-0.0,-0.1088499019852307,False
Ro150_q0.55_L45W_r0.45_th140_kc-10_ko-10,outer_angle,1.2242321527820002e-14,6909496.693380177,0.0,0.1088499019852307,-1.0,1.2242321527820002e-14,-6909496.693380177,-0.0,-0.1088499019852307,False
Ro150_q0.55_L45W_r0.45_th140_kc-10_ko-10,gb_spacing,6.137559072488293e-15,0.0,0.0,0.0,-1.0,6.137559072488293e-15,-0.0,-0.0,-0.0,False
Ro150_q0.55_L45W_r0.45_th140_kc+0_ko+0,center_outer_exchange,7.217860611055343e-14,0.0,0.0,0.0,-1.0,7.217860611055343e-14,-0.0,-0.0,-0.0,False
Ro150_q0.55_L45W_r0.45_th140_kc+0_ko+0,tj_radius,-3.126638463574118e-14,-75934807.8584075,3.712502475000567e-08,-0.29620306453936873,1.0,3.126638463574118e-14,-75934807.8584075,3.712502475000567e-08,-0.29620306453936873,False
Ro150_q0.55_L45W_r0.45_th140_kc+0_ko+0,center_curvature,8.091536124551413e-15,-125000000.0,0.0,-2.133748460677154,-1.0,8.091536124551413e-15,125000000.0,-0.0,2.133748460677154,True
Ro150_q0.55_L45W_r0.45_th140_kc+0_ko+0,outer_curvature,8.450241583776008e-14,-125000000.0,0.0,-2.133748460677154,-1.0,8.450241583776008e-14,125000000.0,-0.0,2.133748460677154,True
Ro150_q0.55_L45W_r0.45_th140_kc+0_ko+0,center_angle,2.5202570459468904e-15,6909496.693380177,0.0,0.11794482728610944,-1.0,2.5202570459468904e-15,-6909496.693380177,-0.0,-0.11794482728610944,False
Ro150_q0.55_L45W_r0.45_th140_kc+0_ko+0,outer_angle,1.1469890118458693e-14,6909496.693380177,0.0,0.11794482728610944,-1.0,1.1469890118458693e-14,-6909496.693380177,-0.0,-0.11794482728610944,False
Ro150_q0.55_L45W_r0.45_th140_kc+0_ko+0,gb_spacing,5.401997964258531e-15,0.0,0.0,0.0,-1.0,5.401997964258531e-15,-0.0,-0.0,-0.0,False
Ro150_q0.55_L45W_r0.45_th140_kc+10_ko+10,center_outer_exchange,7.32769629203347e-14,0.0,0.0,0.0,-1.0,7.32769629203347e-14,-0.0,-0.0,-0.0,False
Ro150_q0.55_L45W_r0.45_th140_kc+10_ko+10,tj_radius,-2.7407806732978892e-14,-75934807.8584075,3.712502475000567e-08,-0.4192344873630294,1.0,2.7407806732978892e-14,-75934807.8584075,3.712502475000567e-08,-0.4192344873630294,False
Ro150_q0.55_L45W_r0.45_th140_kc+10_ko+10,center_curvature,9.313379768780461e-15,-125000000.0,0.0,-2.336278255284263,-1.0,9.313379768780461e-15,125000000.0,-0.0,2.336278255284263,True
Ro150_q0.55_L45W_r0.45_th140_kc+10_ko+10,outer_curvature,9.212364155081745e-14,-125000000.0,0.0,-2.336278255284263,-1.0,9.212364155081745e-14,125000000.0,-0.0,2.336278255284263,True
Ro150_q0.55_L45W_r0.45_th140_kc+10_ko+10,center_angle,2.6541204605135293e-15,6909496.693380177,0.0,0.1291397700251551,-1.0,2.6541204605135293e-15,-6909496.693380177,-0.0,-0.1291397700251551,False
Ro150_q0.55_L45W_r0.45_th140_kc+10_ko+10,outer_angle,1.0342739383391198e-14,6909496.693380177,0.0,0.1291397700251551,-1.0,1.0342739383391198e-14,-6909496.693380177,-0.0,-0.1291397700251551,False
Ro150_q0.55_L45W_r0.45_th140_kc+10_ko+10,gb_spacing,4.898465284413565e-15,0.0,0.0,0.0,-1.0,4.898465284413565e-15,-0.0,-0.0,-0.0,False
Ro150_q0.55_L45W_r0.45_th160_kc-10_ko-10,center_outer_exchange,7.512118733719775e-14,0.0,0.0,0.0,-1.0,7.512118733719775e-14,-0.0,-0.0,-0.0,False
Ro150_q0.55_L45W_r0.45_th160_kc-10_ko-10,tj_radius,-3.1198447837951244e-14,-79580477.53946483,3.712502475000567e-08,-0.22013202419057798,1.0,3.1198447837951244e-14,-79580477.53946483,3.712502475000567e-08,-0.22013202419057798,False
Ro150_q0.55_L45W_r0.45_th160_kc-10_ko-10,center_curvature,8.462851670948232e-15,-125000000.0,0.0,-1.9165102556604197,-1.0,8.462851670948232e-15,125000000.0,-0.0,1.9165102556604197,True
Ro150_q0.55_L45W_r0.45_th160_kc-10_ko-10,outer_curvature,7.356388290038482e-14,-125000000.0,0.0,-1.9165102556604197,-1.0,7.356388290038482e-14,125000000.0,-0.0,1.9165102556604197,True
Ro150_q0.55_L45W_r0.45_th160_kc-10_ko-10,center_angle,2.7798636466969316e-15,3508043.408598751,0.0,0.05378554540769187,-1.0,2.7798636466969316e-15,-3508043.408598751,-0.0,-0.05378554540769187,False
Ro150_q0.55_L45W_r0.45_th160_kc-10_ko-10,outer_angle,1.0038328995813956e-14,3508043.408598751,0.0,0.05378554540769187,-1.0,1.0038328995813956e-14,-3508043.408598751,-0.0,-0.05378554540769187,False
Ro150_q0.55_L45W_r0.45_th160_kc-10_ko-10,gb_spacing,3.660701059977032e-15,0.0,0.0,0.0,-1.0,3.660701059977032e-15,-0.0,-0.0,-0.0,False
Ro150_q0.55_L45W_r0.45_th160_kc+0_ko+0,center_outer_exchange,7.591940735509371e-14,0.0,0.0,0.0,-1.0,7.591940735509371e-14,-0.0,-0.0,-0.0,False
Ro150_q0.55_L45W_r0.45_th160_kc+0_ko+0,tj_radius,-2.775675583694205e-14,-79580477.53946483,3.712502475000567e-08,-0.31785600501199607,1.0,2.775675583694205e-14,-79580477.53946483,3.712502475000567e-08,-0.31785600501199607,False
Ro150_q0.55_L45W_r0.45_th160_kc+0_ko+0,center_curvature,9.369574401278702e-15,-125000000.0,0.0,-2.070009920961624,-1.0,9.369574401278702e-15,125000000.0,-0.0,2.070009920961624,True
Ro150_q0.55_L45W_r0.45_th160_kc+0_ko+0,outer_curvature,7.930877437043568e-14,-125000000.0,0.0,-2.070009920961624,-1.0,7.930877437043568e-14,125000000.0,-0.0,2.070009920961624,True
Ro150_q0.55_L45W_r0.45_th160_kc+0_ko+0,center_angle,2.9377790841999463e-15,3508043.408598751,0.0,0.05809338953977061,-1.0,2.9377790841999463e-15,-3508043.408598751,-0.0,-0.05809338953977061,False
Ro150_q0.55_L45W_r0.45_th160_kc+0_ko+0,outer_angle,9.85551894970955e-15,3508043.408598751,0.0,0.05809338953977061,-1.0,9.85551894970955e-15,-3508043.408598751,-0.0,-0.05809338953977061,False
Ro150_q0.55_L45W_r0.45_th160_kc+0_ko+0,gb_spacing,3.3795255146526124e-15,0.0,0.0,0.0,-1.0,3.3795255146526124e-15,-0.0,-0.0,-0.0,False
Ro150_q0.55_L45W_r0.45_th160_kc+10_ko+10,center_outer_exchange,7.656676326645624e-14,0.0,0.0,0.0,-1.0,7.656676326645624e-14,-0.0,-0.0,-0.0,False
Ro150_q0.55_L45W_r0.45_th160_kc+10_ko+10,tj_radius,-2.361791633614002e-14,-79580477.53946483,3.712502475000567e-08,-0.43700840192184565,1.0,2.361791633614002e-14,-79580477.53946483,3.712502475000567e-08,-0.43700840192184565,False
Ro150_q0.55_L45W_r0.45_th160_kc+10_ko+10,center_curvature,1.0265750373947722e-14,-125000000.0,0.0,-2.2571684715302354,-1.0,1.0265750373947722e-14,125000000.0,-0.0,2.2571684715302354,True
Ro150_q0.55_L45W_r0.45_th160_kc+10_ko+10,outer_curvature,8.497492268588066e-14,-125000000.0,0.0,-2.2571684715302354,-1.0,8.497492268588066e-14,125000000.0,-0.0,2.2571684715302354,True
Ro150_q0.55_L45W_r0.45_th160_kc+10_ko+10,center_angle,3.0740219762152267e-15,3508043.408598751,0.0,0.06334583451383935,-1.0,3.0740219762152267e-15,-3508043.408598751,-0.0,-0.06334583451383935,False
Ro150_q0.55_L45W_r0.45_th160_kc+10_ko+10,outer_angle,9.541979383200891e-15,3508043.408598751,0.0,0.06334583451383935,-1.0,9.541979383200891e-15,-3508043.408598751,-0.0,-0.06334583451383935,False
Ro150_q0.55_L45W_r0.45_th160_kc+10_ko+10,gb_spacing,3.264424360989505e-15,0.0,0.0,0.0,-1.0,3.264424360989505e-15,-0.0,-0.0,-0.0,False
Ro150_q0.55_L45W_r0.60_th120_kc+0_ko+0,center_outer_exchange,3.149528301412696e-14,0.0,0.0,0.0,-1.0,3.149528301412696e-14,-0.0,-0.0,-0.0,False
Ro150_q0.55_L45W_r0.60_th120_kc+0_ko+0,tj_radius,-3.853251308104437e-14,-52486423.0990801,4.950003300000646e-08,-0.13356349534032752,1.0,3.853251308104437e-14,-52486423.0990801,4.950003300000646e-08,-0.13356349534032752,False
Ro150_q0.55_L45W_r0.60_th120_kc+0_ko+0,center_curvature,-7.100857517309088e-15,-125000000.0,0.0,-2.6996705157165124,1.0,7.100857517309088e-15,-125000000.0,0.0,-2.6996705157165124,False
Ro150_q0.55_L45W_r0.60_th120_kc+0_ko+0,outer_curvature,1.211265917069099e-13,-125000000.0,0.0,-2.6996705157165124,-1.0,1.211265917069099e-13,125000000.0,-0.0,2.6996705157165124,True
Ro150_q0.55_L45W_r0.60_th120_kc+0_ko+0,center_angle,-2.023818628270365e-15,7575756.3131302595,0.0,0.16361578747758898,1.0,2.023818628270365e-15,7575756.3131302595,0.0,0.16361578747758898,True
Ro150_q0.55_L45W_r0.60_th120_kc+0_ko+0,outer_angle,1.6099083937461723e-14,7575756.3131302595,0.0,0.16361578747758898,-1.0,1.6099083937461723e-14,-7575756.3131302595,-0.0,-0.16361578747758898,False
Ro150_q0.55_L45W_r0.60_th120_kc+0_ko+0,gb_spacing,2.947141885512755e-14,0.0,0.0,0.0,-1.0,2.947141885512755e-14,-0.0,-0.0,-0.0,False
Ro150_q0.55_L45W_r0.60_th120_kc+10_ko+10,center_outer_exchange,3.6511615380593813e-14,0.0,0.0,0.0,-1.0,3.6511615380593813e-14,-0.0,-0.0,-0.0,False
Ro150_q0.55_L45W_r0.60_th120_kc+10_ko+10,tj_radius,-3.717799754671428e-14,-52486423.0990801,4.950003300000646e-08,-0.2935544769002707,1.0,3.717799754671428e-14,-52486423.0990801,4.950003300000646e-08,-0.2935544769002707,False
Ro150_q0.55_L45W_r0.60_th120_kc+10_ko+10,center_curvature,-2.1721701566790146e-15,-125000000.0,0.0,-3.080707199099919,1.0,2.1721701566790146e-15,-125000000.0,0.0,-3.080707199099919,False
Ro150_q0.55_L45W_r0.60_th120_kc+10_ko+10,outer_curvature,1.4731894988614172e-13,-125000000.0,0.0,-3.080707199099919,-1.0,1.4731894988614172e-13,125000000.0,-0.0,3.080707199099919,True
Ro150_q0.55_L45W_r0.60_th120_kc+10_ko+10,center_angle,-6.854211383007011e-16,7575756.3131302595,0.0,0.18670849275892465,1.0,6.854211383007011e-16,7575756.3131302595,0.0,0.18670849275892465,True
Ro150_q0.55_L45W_r0.60_th120_kc+10_ko+10,outer_angle,1.4002668056705988e-14,7575756.3131302595,0.0,0.18670849275892465,-1.0,1.4002668056705988e-14,-7575756.3131302595,-0.0,-0.18670849275892465,False
Ro150_q0.55_L45W_r0.60_th120_kc+10_ko+10,gb_spacing,2.6200957750373937e-14,0.0,0.0,0.0,-1.0,2.6200957750373937e-14,-0.0,-0.0,-0.0,False
Ro150_q0.55_L45W_r0.60_th140_kc-10_ko-10,center_outer_exchange,4.0422203644990555e-14,0.0,0.0,0.0,-1.0,4.0422203644990555e-14,-0.0,-0.0,-0.0,False
Ro150_q0.55_L45W_r0.60_th140_kc-10_ko-10,tj_radius,-4.326134068979456e-14,-56951105.89380562,4.950003300000646e-08,-0.054069429644032496,1.0,4.326134068979456e-14,-56951105.89380562,4.950003300000646e-08,-0.054069429644032496,False
Ro150_q0.55_L45W_r0.60_th140_kc-10_ko-10,center_curvature,-8.753230238491786e-16,-125000000.0,0.0,-2.3135470885700116,1.0,8.753230238491786e-16,-125000000.0,0.0,-2.3135470885700116,False
Ro150_q0.55_L45W_r0.60_th140_kc-10_ko-10,outer_curvature,9.652208856626173e-14,-125000000.0,0.0,-2.3135470885700116,-1.0,9.652208856626173e-14,125000000.0,-0.0,2.3135470885700116,True
Ro150_q0.55_L45W_r0.60_th140_kc-10_ko-10,center_angle,-1.6425431320153387e-16,5182122.520036995,0.0,0.09591246579798707,1.0,1.6425431320153387e-16,5182122.520036995,0.0,0.09591246579798707,True
Ro150_q0.55_L45W_r0.60_th140_kc-10_ko-10,outer_angle,1.487062136343097e-14,5182122.520036995,0.0,0.09591246579798707,-1.0,1.487062136343097e-14,-5182122.520036995,-0.0,-0.09591246579798707,False
Ro150_q0.55_L45W_r0.60_th140_kc-10_ko-10,gb_spacing,2.4829321926377204e-14,0.0,0.0,0.0,-1.0,2.4829321926377204e-14,-0.0,-0.0,-0.0,False
Ro150_q0.55_L45W_r0.60_th140_kc+0_ko+0,center_outer_exchange,4.3948853622865464e-14,0.0,0.0,0.0,-1.0,4.3948853622865464e-14,-0.0,-0.0,-0.0,False
Ro150_q0.55_L45W_r0.60_th140_kc+0_ko+0,tj_radius,-4.199644881317232e-14,-56951105.89380562,4.950003300000646e-08,-0.16827118898310456,1.0,4.199644881317232e-14,-56951105.89380562,4.950003300000646e-08,-0.16827118898310456,False
Ro150_q0.55_L45W_r0.60_th140_kc+0_ko+0,center_curvature,2.099813131423407e-15,-125000000.0,0.0,-2.5642074656406777,-1.0,2.099813131423407e-15,125000000.0,-0.0,2.5642074656406777,True
Ro150_q0.55_L45W_r0.60_th140_kc+0_ko+0,outer_curvature,1.1256752517495655e-13,-125000000.0,0.0,-2.5642074656406777,-1.0,1.1256752517495655e-13,125000000.0,-0.0,2.5642074656406777,True
Ro150_q0.55_L45W_r0.60_th140_kc+0_ko+0,center_angle,6.3986179978455e-16,5182122.520035133,0.0,0.10630397772004585,-1.0,6.3986179978455e-16,-5182122.520035133,-0.0,-0.10630397772004585,False
Ro150_q0.55_L45W_r0.60_th140_kc+0_ko+0,outer_angle,1.452832472355727e-14,5182122.520035133,0.0,0.10630397772004585,-1.0,1.452832472355727e-14,-5182122.520035133,-0.0,-0.10630397772004585,False
Ro150_q0.55_L45W_r0.60_th140_kc+0_ko+0,gb_spacing,2.2655115366797e-14,0.0,0.0,0.0,-1.0,2.2655115366797e-14,-0.0,-0.0,-0.0,False
Ro150_q0.55_L45W_r0.60_th140_kc+10_ko+10,center_outer_exchange,4.7035957190337e-14,0.0,0.0,0.0,-1.0,4.7035957190337e-14,-0.0,-0.0,-0.0,False
Ro150_q0.55_L45W_r0.60_th140_kc+10_ko+10,tj_radius,-3.876809055786191e-14,-56951105.89380562,4.950003300000646e-08,-0.3189525093987289,1.0,3.876809055786191e-14,-56951105.89380562,4.950003300000646e-08,-0.3189525093987289,False
Ro150_q0.55_L45W_r0.60_th140_kc+10_ko+10,center_curvature,5.027204092311118e-15,-125000000.0,0.0,-2.8949379057880975,-1.0,5.027204092311118e-15,125000000.0,-0.0,2.8949379057880975,True
Ro150_q0.55_L45W_r0.60_th140_kc+10_ko+10,outer_curvature,1.2841613549495394e-13,-125000000.0,0.0,-2.8949379057880975,-1.0,1.2841613549495394e-13,125000000.0,-0.0,2.8949379057880975,True
Ro150_q0.55_L45W_r0.60_th140_kc+10_ko+10,center_angle,1.3024228631759799e-15,5182122.520035133,0.0,0.12001485414536717,-1.0,1.3024228631759799e-15,-5182122.520035133,-0.0,-0.12001485414536717,False
Ro150_q0.55_L45W_r0.60_th140_kc+10_ko+10,outer_angle,1.3468816246216442e-14,5182122.520035133,0.0,0.12001485414536717,-1.0,1.3468816246216442e-14,-5182122.520035133,-0.0,-0.12001485414536717,False
Ro150_q0.55_L45W_r0.60_th140_kc+10_ko+10,gb_spacing,2.0962846356192836e-14,0.0,0.0,0.0,-1.0,2.0962846356192836e-14,-0.0,-0.0,-0.0,False
Ro150_q0.55_L45W_r0.60_th160_kc-10_ko-10,center_outer_exchange,5.032597882638176e-14,0.0,0.0,0.0,-1.0,5.032597882638176e-14,-0.0,-0.0,-0.0,False
Ro150_q0.55_L45W_r0.60_th160_kc-10_ko-10,tj_radius,-4.4466121336131205e-14,-59685358.1545949,4.950003300000646e-08,-0.07671549590371196,1.0,4.4466121336131205e-14,-59685358.1545949,4.950003300000646e-08,-0.07671549590371196,False
Ro150_q0.55_L45W_r0.60_th160_kc-10_ko-10,center_curvature,5.034305234154446e-15,-125000000.0,0.0,-2.2549887135525637,-1.0,5.034305234154446e-15,125000000.0,-0.0,2.2549887135525637,True
Ro150_q0.55_L45W_r0.60_th160_kc-10_ko-10,outer_curvature,9.766569963521322e-14,-125000000.0,0.0,-2.2549887135525637,-1.0,9.766569963521322e-14,125000000.0,-0.0,2.2549887135525637,True
Ro150_q0.55_L45W_r0.60_th160_kc-10_ko-10,center_angle,1.6858577421879796e-15,2631032.556448132,0.0,0.04746349393780491,-1.0,1.6858577421879796e-15,-2631032.556448132,-0.0,-0.04746349393780491,False
Ro150_q0.55_L45W_r0.60_th160_kc-10_ko-10,outer_angle,1.3217433445404746e-14,2631032.556448132,0.0,0.04746349393780491,-1.0,1.3217433445404746e-14,-2631032.556448132,-0.0,-0.04746349393780491,False
Ro150_q0.55_L45W_r0.60_th160_kc-10_ko-10,gb_spacing,1.9509928692359914e-14,0.0,0.0,0.0,-1.0,1.9509928692359914e-14,-0.0,-0.0,-0.0,False
Ro150_q0.55_L45W_r0.60_th160_kc+0_ko+0,center_outer_exchange,5.267753591519417e-14,0.0,0.0,0.0,-1.0,5.267753591519417e-14,-0.0,-0.0,-0.0,False
Ro150_q0.55_L45W_r0.60_th160_kc+0_ko+0,tj_radius,-4.148803906689368e-14,-59685358.1545949,4.950003300000646e-08,-0.18853259955198265,1.0,4.148803906689368e-14,-59685358.1545949,4.950003300000646e-08,-0.18853259955198265,False
Ro150_q0.55_L45W_r0.60_th160_kc+0_ko+0,center_curvature,7.189951532012876e-15,-125000000.0,0.0,-2.4891715655712687,-1.0,7.189951532012876e-15,125000000.0,-0.0,2.4891715655712687,True
Ro150_q0.55_L45W_r0.60_th160_kc+0_ko+0,outer_curvature,1.0964625387481338e-13,-125000000.0,0.0,-2.4891715655712687,-1.0,1.0964625387481338e-13,125000000.0,-0.0,2.4891715655712687,True
Ro150_q0.55_L45W_r0.60_th160_kc+0_ko+0,center_angle,2.2004241956843617e-15,2631032.5564499944,0.0,0.05239258769940136,-1.0,2.2004241956843617e-15,-2631032.5564499944,-0.0,-0.05239258769940136,False
Ro150_q0.55_L45W_r0.60_th160_kc+0_ko+0,outer_angle,1.3408068415605913e-14,2631032.5564499944,0.0,0.05239258769940136,-1.0,1.3408068415605913e-14,-2631032.5564499944,-0.0,-0.05239258769940136,False
Ro150_q0.55_L45W_r0.60_th160_kc+0_ko+0,gb_spacing,1.8333333874106788e-14,0.0,0.0,0.0,-1.0,1.8333333874106788e-14,-0.0,-0.0,-0.0,False
Ro150_q0.55_L45W_r0.60_th160_kc+10_ko+10,center_outer_exchange,5.4686936572433156e-14,0.0,0.0,0.0,-1.0,5.4686936572433156e-14,-0.0,-0.0,-0.0,False
Ro150_q0.55_L45W_r0.60_th160_kc+10_ko+10,tj_radius,-3.7031743779691555e-14,-59685358.1545949,4.950003300000646e-08,-0.3341928867188759,1.0,3.7031743779691555e-14,-59685358.1545949,4.950003300000646e-08,-0.3341928867188759,False
Ro150_q0.55_L45W_r0.60_th160_kc+10_ko+10,center_curvature,9.300968292068213e-15,-125000000.0,0.0,-2.7942346144085306,-1.0,9.300968292068213e-15,125000000.0,-0.0,2.7942346144085306,True
Ro150_q0.55_L45W_r0.60_th160_kc+10_ko+10,outer_curvature,1.215584791741453e-13,-125000000.0,0.0,-2.7942346144085306,-1.0,1.215584791741453e-13,125000000.0,-0.0,2.7942346144085306,True
Ro150_q0.55_L45W_r0.60_th160_kc+10_ko+10,center_angle,2.6580959577357865e-15,2631032.556451857,0.0,0.058813546171876396,-1.0,2.6580959577357865e-15,-2631032.556451857,-0.0,-0.058813546171876396,False
Ro150_q0.55_L45W_r0.60_th160_kc+10_ko+10,outer_angle,1.3339837486571976e-14,2631032.556451857,0.0,0.058813546171876396,-1.0,1.3339837486571976e-14,-2631032.556451857,-0.0,-0.058813546171876396,False
Ro150_q0.55_L45W_r0.60_th160_kc+10_ko+10,gb_spacing,1.7518286816333942e-14,0.0,0.0,0.0,-1.0,1.7518286816333942e-14,-0.0,-0.0,-0.0,False
Ro150_q0.55_L45W_r0.75_th160_kc+10_ko+10,tj_radius,-3.2625539752113e-14,-47748286.52367741,6.18750412500089e-08,-0.26604487072867666,1.0,3.2625539752113e-14,-47748286.52367741,6.18750412500089e-08,-0.26604487072867666,False
Ro150_q0.55_L45W_r0.75_th160_kc+10_ko+10,center_curvature,-1.4733514513729082e-15,-125000000.0,0.0,-3.314397561539728,1.0,1.4733514513729082e-15,-125000000.0,0.0,-3.314397561539728,False
Ro150_q0.55_L45W_r0.75_th160_kc+10_ko+10,outer_curvature,1.586765597716921e-13,-125000000.0,0.0,-3.314397561539728,-1.0,1.586765597716921e-13,125000000.0,-0.0,3.314397561539728,True
Ro150_q0.55_L45W_r0.75_th160_kc+10_ko+10,center_angle,-5.725874465135099e-16,2104826.045162976,0.0,0.055809461684930284,1.0,5.725874465135099e-16,2104826.045162976,0.0,0.055809461684930284,True
Ro150_q0.55_L45W_r0.75_th160_kc+10_ko+10,outer_angle,1.7002822686686265e-14,2104826.045162976,0.0,0.055809461684930284,-1.0,1.7002822686686265e-14,-2104826.045162976,-0.0,-0.055809461684930284,False
Ro150_q0.55_L45W_r0.75_th160_kc+10_ko+10,gb_spacing,3.5929183834037474e-14,0.0,0.0,0.0,-1.0,3.5929183834037474e-14,-0.0,-0.0,-0.0,False
Ro180_q0.35_L22W_r0.60_th120_kc-10_ko-10,center_outer_exchange,1.083689904874695e-13,0.0,0.0,0.0,-1.0,1.083689904874695e-13,-0.0,-0.0,-0.0,False
Ro180_q0.35_L22W_r0.60_th120_kc-10_ko-10,tj_radius,-5.3028918281344435e-14,-68732220.72498873,3.780002520000526e-08,-0.14613503980176468,1.0,5.3028918281344435e-14,-68732220.72498873,3.780002520000526e-08,-0.14613503980176468,False
Ro180_q0.35_L22W_r0.60_th120_kc-10_ko-10,center_curvature,4.62860543322554e-15,-125000000.0,0.0,-2.0844257775545216,-1.0,4.62860543322554e-15,125000000.0,-0.0,2.0844257775545216,True
Ro180_q0.35_L22W_r0.60_th120_kc-10_ko-10,outer_curvature,1.2410415717945922e-13,-125000000.0,0.0,-2.0844257775545216,-1.0,1.2410415717945922e-13,125000000.0,-0.0,2.0844257775545216,True
Ro180_q0.35_L22W_r0.60_th120_kc-10_ko-10,center_angle,2.8155402717542286e-15,9920633.267197758,0.0,0.1654303322782269,-1.0,2.8155402717542286e-15,-9920633.267197758,-0.0,-0.1654303322782269,False
Ro180_q0.35_L22W_r0.60_th120_kc-10_ko-10,outer_angle,2.0296570794841832e-14,9920633.267197758,0.0,0.1654303322782269,-1.0,2.0296570794841832e-14,-9920633.267197758,-0.0,-0.1654303322782269,False
Ro180_q0.35_L22W_r0.60_th120_kc-10_ko-10,gb_spacing,-2.5625466504192492e-14,0.0,0.0,0.0,1.0,2.5625466504192492e-14,0.0,0.0,0.0,False
Ro180_q0.35_L22W_r0.60_th120_kc+0_ko+0,center_outer_exchange,1.0871067128663137e-13,0.0,0.0,0.0,-1.0,1.0871067128663137e-13,-0.0,-0.0,-0.0,False
Ro180_q0.35_L22W_r0.60_th120_kc+0_ko+0,tj_radius,-4.840409039530038e-14,-68732220.72498873,3.780002520000526e-08,-0.2509156549721503,1.0,4.840409039530038e-14,-68732220.72498873,3.780002520000526e-08,-0.2509156549721503,False
Ro180_q0.35_L22W_r0.60_th120_kc+0_ko+0,center_curvature,4.781576243116758e-15,-125000000.0,0.0,-2.274986857924155,-1.0,4.781576243116758e-15,125000000.0,-0.0,2.274986857924155,True
Ro180_q0.35_L22W_r0.60_th120_kc+0_ko+0,outer_curvature,1.4228365892719546e-13,-125000000.0,0.0,-2.274986857924155,-1.0,1.4228365892719546e-13,125000000.0,-0.0,2.274986857924155,True
Ro180_q0.35_L22W_r0.60_th120_kc+0_ko+0,center_angle,2.734232484427466e-15,9920633.267197758,0.0,0.1805541139976441,-1.0,2.734232484427466e-15,-9920633.267197758,-0.0,-0.1805541139976441,False
Ro180_q0.35_L22W_r0.60_th120_kc+0_ko+0,outer_angle,1.8017417996321617e-14,9920633.267197758,0.0,0.1805541139976441,-1.0,1.8017417996321617e-14,-9920633.267197758,-0.0,-0.1805541139976441,False
Ro180_q0.35_L22W_r0.60_th120_kc+0_ko+0,gb_spacing,-2.562713355489528e-14,0.0,0.0,0.0,1.0,2.562713355489528e-14,0.0,0.0,0.0,False
Ro180_q0.35_L22W_r0.60_th120_kc+10_ko+10,center_outer_exchange,1.0899032568381635e-13,0.0,0.0,0.0,-1.0,1.0899032568381635e-13,-0.0,-0.0,-0.0,False
Ro180_q0.35_L22W_r0.60_th120_kc+10_ko+10,tj_radius,-4.197698633703926e-14,-68732220.72498873,3.780002520000526e-08,-0.38272643772729875,1.0,4.197698633703926e-14,-68732220.72498873,3.780002520000526e-08,-0.38272643772729875,False
Ro180_q0.35_L22W_r0.60_th120_kc+10_ko+10,center_curvature,4.932972749906126e-15,-125000000.0,0.0,-2.5147073713327472,-1.0,4.932972749906126e-15,125000000.0,-0.0,2.5147073713327472,True
Ro180_q0.35_L22W_r0.60_th120_kc+10_ko+10,outer_curvature,1.5969843082126267e-13,-125000000.0,0.0,-2.5147073713327472,-1.0,1.5969843082126267e-13,125000000.0,-0.0,2.5147073713327472,True
Ro180_q0.35_L22W_r0.60_th120_kc+10_ko+10,center_angle,2.6417823162605434e-15,9920633.267197758,0.0,0.1995793600251261,-1.0,2.6417823162605434e-15,-9920633.267197758,-0.0,-0.1995793600251261,False
Ro180_q0.35_L22W_r0.60_th120_kc+10_ko+10,outer_angle,1.440494040952323e-14,9920633.267197758,0.0,0.1995793600251261,-1.0,1.440494040952323e-14,-9920633.267197758,-0.0,-0.1995793600251261,False
Ro180_q0.35_L22W_r0.60_th120_kc+10_ko+10,gb_spacing,-2.5589488363648253e-14,0.0,0.0,0.0,1.0,2.5589488363648253e-14,0.0,0.0,0.0,False
Ro180_q0.35_L22W_r0.60_th140_kc-10_ko-10,center_outer_exchange,1.1060445362253985e-13,0.0,0.0,0.0,-1.0,1.1060445362253985e-13,-0.0,-0.0,-0.0,False
Ro180_q0.35_L22W_r0.60_th140_kc-10_ko-10,tj_radius,-4.8951580880747274e-14,-74578829.14664969,3.780002520000526e-08,-0.18712466723291854,1.0,4.8951580880747274e-14,-74578829.14664969,3.780002520000526e-08,-0.18712466723291854,False
Ro180_q0.35_L22W_r0.60_th140_kc-10_ko-10,center_curvature,4.136769272958864e-15,-125000000.0,0.0,-1.989718769259241,-1.0,4.136769272958864e-15,125000000.0,-0.0,1.989718769259241,True
Ro180_q0.35_L22W_r0.60_th140_kc-10_ko-10,outer_curvature,1.1178301686614894e-13,-125000000.0,0.0,-1.989718769259241,-1.0,1.1178301686614894e-13,125000000.0,-0.0,1.989718769259241,True
Ro180_q0.35_L22W_r0.60_th140_kc-10_ko-10,center_angle,2.6180674532828526e-15,6786112.823855132,0.0,0.10801950349215161,-1.0,2.6180674532828526e-15,-6786112.823855132,-0.0,-0.10801950349215161,False
Ro180_q0.35_L22W_r0.60_th140_kc-10_ko-10,outer_angle,1.5697285990244802e-14,6786112.823855132,0.0,0.10801950349215161,-1.0,1.5697285990244802e-14,-6786112.823855132,-0.0,-0.10801950349215161,False
Ro180_q0.35_L22W_r0.60_th140_kc-10_ko-10,gb_spacing,-2.619897026957162e-14,0.0,0.0,0.0,1.0,2.619897026957162e-14,0.0,0.0,0.0,False
Ro180_q0.35_L22W_r0.60_th140_kc+0_ko+0,center_outer_exchange,1.107488127936861e-13,0.0,0.0,0.0,-1.0,1.107488127936861e-13,-0.0,-0.0,-0.0,False
Ro180_q0.35_L22W_r0.60_th140_kc+0_ko+0,tj_radius,-4.409566517364333e-14,-74578829.14664969,3.780002520000526e-08,-0.2879408559679497,1.0,4.409566517364333e-14,-74578829.14664969,3.780002520000526e-08,-0.2879408559679497,False
Ro180_q0.35_L22W_r0.60_th140_kc+0_ko+0,center_curvature,4.228731038255241e-15,-125000000.0,0.0,-2.158695877102268,-1.0,4.228731038255241e-15,125000000.0,-0.0,2.158695877102268,True
Ro180_q0.35_L22W_r0.60_th140_kc+0_ko+0,outer_curvature,1.2241725721370603e-13,-125000000.0,0.0,-2.158695877102268,-1.0,1.2241725721370603e-13,125000000.0,-0.0,2.158695877102268,True
Ro180_q0.35_L22W_r0.60_th140_kc+0_ko+0,center_angle,2.5788501286674976e-15,6786112.823855132,0.0,0.11719302771939777,-1.0,2.5788501286674976e-15,-6786112.823855132,-0.0,-0.11719302771939777,False
Ro180_q0.35_L22W_r0.60_th140_kc+0_ko+0,outer_angle,1.4318643335692078e-14,6786112.823855132,0.0,0.11719302771939777,-1.0,1.4318643335692078e-14,-6786112.823855132,-0.0,-0.11719302771939777,False
Ro180_q0.35_L22W_r0.60_th140_kc+0_ko+0,gb_spacing,-2.6097421699004285e-14,0.0,0.0,0.0,1.0,2.6097421699004285e-14,0.0,0.0,0.0,False
Ro180_q0.35_L22W_r0.60_th140_kc+10_ko+10,center_outer_exchange,1.1085917961243475e-13,0.0,0.0,0.0,-1.0,1.1085917961243475e-13,-0.0,-0.0,-0.0,False
Ro180_q0.35_L22W_r0.60_th140_kc+10_ko+10,tj_radius,-3.8145687143203366e-14,-74578829.14664969,3.780002520000526e-08,-0.4125041795693951,1.0,3.8145687143203366e-14,-74578829.14664969,3.780002520000526e-08,-0.4125041795693951,False
Ro180_q0.35_L22W_r0.60_th140_kc+10_ko+10,center_curvature,4.320480056676453e-15,-125000000.0,0.0,-2.367475708545008,-1.0,4.320480056676453e-15,125000000.0,-0.0,2.367475708545008,True
Ro180_q0.35_L22W_r0.60_th140_kc+10_ko+10,outer_curvature,1.3273049060299344e-13,-125000000.0,0.0,-2.367475708545008,-1.0,1.3273049060299344e-13,125000000.0,-0.0,2.367475708545008,True
Ro180_q0.35_L22W_r0.60_th140_kc+10_ko+10,center_angle,2.535624442707869e-15,6786112.823855132,0.0,0.12852736197377368,-1.0,2.535624442707869e-15,-6786112.823855132,-0.0,-0.12852736197377368,False
Ro180_q0.35_L22W_r0.60_th140_kc+10_ko+10,outer_angle,1.2443138509624111e-14,6786112.823855132,0.0,0.12852736197377368,-1.0,1.2443138509624111e-14,-6786112.823855132,-0.0,-0.12852736197377368,False
Ro180_q0.35_L22W_r0.60_th140_kc+10_ko+10,gb_spacing,-2.5973441648851897e-14,0.0,0.0,0.0,1.0,2.5973441648851897e-14,0.0,0.0,0.0,False
Ro180_q0.35_L22W_r0.60_th160_kc-10_ko-10,center_outer_exchange,1.1204917843616142e-13,0.0,0.0,0.0,-1.0,1.1204917843616142e-13,-0.0,-0.0,-0.0,False
Ro180_q0.35_L22W_r0.60_th160_kc-10_ko-10,tj_radius,-4.419481865756498e-14,-78159397.58339897,3.780002520000526e-08,-0.2109336613299595,1.0,4.419481865756498e-14,-78159397.58339897,3.780002520000526e-08,-0.2109336613299595,False
Ro180_q0.35_L22W_r0.60_th160_kc-10_ko-10,center_curvature,3.971453173123255e-15,-125000000.0,0.0,-1.9366450427292792,-1.0,3.971453173123255e-15,125000000.0,-0.0,1.9366450427292792,True
Ro180_q0.35_L22W_r0.60_th160_kc-10_ko-10,outer_curvature,1.0530971623563561e-13,-125000000.0,0.0,-1.9366450427292792,-1.0,1.0530971623563561e-13,125000000.0,-0.0,1.9366450427292792,True
Ro180_q0.35_L22W_r0.60_th160_kc-10_ko-10,center_angle,2.5540627085673985e-15,3445399.776302278,0.0,0.05338006547805918,-1.0,2.5540627085673985e-15,-3445399.776302278,-0.0,-0.05338006547805918,False
Ro180_q0.35_L22W_r0.60_th160_kc-10_ko-10,outer_angle,1.2261307884441982e-14,3445399.776302278,0.0,0.05338006547805918,-1.0,1.2261307884441982e-14,-3445399.776302278,-0.0,-0.05338006547805918,False
Ro180_q0.35_L22W_r0.60_th160_kc-10_ko-10,gb_spacing,-2.6344774107543e-14,0.0,0.0,0.0,1.0,2.6344774107543e-14,0.0,0.0,0.0,False
Ro180_q0.35_L22W_r0.60_th160_kc+0_ko+0,center_outer_exchange,1.1209780280340339e-13,0.0,0.0,0.0,-1.0,1.1209780280340339e-13,-0.0,-0.0,-0.0,False
Ro180_q0.35_L22W_r0.60_th160_kc+0_ko+0,tj_radius,-3.917351867269692e-14,-78159397.58339897,3.780002520000526e-08,-0.3095105028469991,1.0,3.917351867269692e-14,-78159397.58339897,3.780002520000526e-08,-0.3095105028469991,False
Ro180_q0.35_L22W_r0.60_th160_kc+0_ko+0,center_curvature,4.041361187574591e-15,-125000000.0,0.0,-2.0942996286850146,-1.0,4.041361187574591e-15,125000000.0,-0.0,2.0942996286850146,True
Ro180_q0.35_L22W_r0.60_th160_kc+0_ko+0,outer_curvature,1.1308391735268293e-13,-125000000.0,0.0,-2.0942996286850146,-1.0,1.1308391735268293e-13,125000000.0,-0.0,2.0942996286850146,True
Ro180_q0.35_L22W_r0.60_th160_kc+0_ko+0,center_angle,2.5524209543240562e-15,3445399.776302278,0.0,0.05772550520521946,-1.0,2.5524209543240562e-15,-3445399.776302278,-0.0,-0.05772550520521946,False
Ro180_q0.35_L22W_r0.60_th160_kc+0_ko+0,outer_angle,1.181611700303476e-14,3445399.776302278,0.0,0.05772550520521946,-1.0,1.181611700303476e-14,-3445399.776302278,-0.0,-0.05772550520521946,False
Ro180_q0.35_L22W_r0.60_th160_kc+0_ko+0,gb_spacing,-2.6186887412193378e-14,0.0,0.0,0.0,1.0,2.6186887412193378e-14,0.0,0.0,0.0,False
Ro180_q0.35_L22W_r0.60_th160_kc+10_ko+10,center_outer_exchange,1.1212310920161298e-13,0.0,0.0,0.0,-1.0,1.1212310920161298e-13,-0.0,-0.0,-0.0,False
Ro180_q0.35_L22W_r0.60_th160_kc+10_ko+10,tj_radius,-3.3322146431840845e-14,-78159397.58339897,3.780002520000526e-08,-0.4301353207574188,1.0,3.3322146431840845e-14,-78159397.58339897,3.780002520000526e-08,-0.4301353207574188,False
Ro180_q0.35_L22W_r0.60_th160_kc+10_ko+10,center_curvature,4.1113729712127804e-15,-125000000.0,0.0,-2.287215974003942,-1.0,4.1113729712127804e-15,125000000.0,-0.0,2.287215974003942,True
Ro180_q0.35_L22W_r0.60_th160_kc+10_ko+10,outer_curvature,1.206457928848352e-13,-125000000.0,0.0,-2.287215974003942,-1.0,1.206457928848352e-13,125000000.0,-0.0,2.287215974003942,True
Ro180_q0.35_L22W_r0.60_th160_kc+10_ko+10,center_angle,2.549422443056586e-15,3445399.776302278,0.0,0.06304285704228363,-1.0,2.549422443056586e-15,-3445399.776302278,-0.0,-0.06304285704228363,False
Ro180_q0.35_L22W_r0.60_th160_kc+10_ko+10,outer_angle,1.1182897655874366e-14,3445399.776302278,0.0,0.06304285704228363,-1.0,1.1182897655874366e-14,-3445399.776302278,-0.0,-0.06304285704228363,False
Ro180_q0.35_L22W_r0.60_th160_kc+10_ko+10,gb_spacing,-2.601277535049415e-14,0.0,0.0,0.0,1.0,2.601277535049415e-14,0.0,0.0,0.0,False
Ro180_q0.35_L22W_r0.75_th120_kc-10_ko-10,center_outer_exchange,8.129752747677752e-14,0.0,0.0,0.0,-1.0,8.129752747677752e-14,-0.0,-0.0,-0.0,False
Ro180_q0.35_L22W_r0.75_th120_kc-10_ko-10,tj_radius,-6.444790010497458e-14,-54985776.57998912,4.7250031500006166e-08,-0.03725096449647136,1.0,6.444790010497458e-14,-54985776.57998912,4.7250031500006166e-08,-0.03725096449647136,False
Ro180_q0.35_L22W_r0.75_th120_kc-10_ko-10,center_curvature,2.8121130903659045e-15,-125000000.0,0.0,-2.3580055879319772,-1.0,2.8121130903659045e-15,125000000.0,-0.0,2.3580055879319772,True
Ro180_q0.35_L22W_r0.75_th120_kc-10_ko-10,outer_curvature,1.4339215168293984e-13,-125000000.0,0.0,-2.3580055879319772,-1.0,1.4339215168293984e-13,125000000.0,-0.0,2.3580055879319772,True
Ro180_q0.35_L22W_r0.75_th120_kc-10_ko-10,center_angle,1.7240966069282107e-15,7936506.613755599,0.0,0.14971426807708355,-1.0,1.7240966069282107e-15,-7936506.613755599,-0.0,-0.14971426807708355,False
Ro180_q0.35_L22W_r0.75_th120_kc-10_ko-10,outer_angle,2.234341883472668e-14,7936506.613755599,0.0,0.14971426807708355,-1.0,2.234341883472668e-14,-7936506.613755599,-0.0,-0.14971426807708355,False
Ro180_q0.35_L22W_r0.75_th120_kc-10_ko-10,gb_spacing,-1.0768858196306009e-14,0.0,0.0,0.0,1.0,1.0768858196306009e-14,0.0,0.0,0.0,False
Ro180_q0.35_L22W_r0.75_th120_kc+0_ko+0,center_outer_exchange,8.286458875938201e-14,0.0,0.0,0.0,-1.0,8.286458875938201e-14,-0.0,-0.0,-0.0,False
Ro180_q0.35_L22W_r0.75_th120_kc+0_ko+0,tj_radius,-6.071626304202023e-14,-54985776.57998912,4.7250031500006166e-08,-0.15325237558039273,1.0,6.071626304202023e-14,-54985776.57998912,4.7250031500006166e-08,-0.15325237558039273,False
Ro180_q0.35_L22W_r0.75_th120_kc+0_ko+0,center_curvature,3.235318661263289e-15,-125000000.0,0.0,-2.621716613045777,-1.0,3.235318661263289e-15,125000000.0,-0.0,2.621716613045777,True
Ro180_q0.35_L22W_r0.75_th120_kc+0_ko+0,outer_curvature,1.749980125888666e-13,-125000000.0,0.0,-2.621716613045777,-1.0,1.749980125888666e-13,125000000.0,-0.0,2.621716613045777,True
Ro180_q0.35_L22W_r0.75_th120_kc+0_ko+0,center_angle,1.8348981108558007e-15,7936506.613755599,0.0,0.1664576327327083,-1.0,1.8348981108558007e-15,-7936506.613755599,-0.0,-0.1664576327327083,False
Ro180_q0.35_L22W_r0.75_th120_kc+0_ko+0,outer_angle,2.063115964596188e-14,7936506.613755599,0.0,0.1664576327327083,-1.0,2.063115964596188e-14,-7936506.613755599,-0.0,-0.1664576327327083,False
Ro180_q0.35_L22W_r0.75_th120_kc+0_ko+0,gb_spacing,-1.1469704036167597e-14,0.0,0.0,0.0,1.0,1.1469704036167597e-14,0.0,0.0,0.0,False
Ro180_q0.35_L22W_r0.75_th120_kc+10_ko+10,center_outer_exchange,8.426947110696846e-14,0.0,0.0,0.0,-1.0,8.426947110696846e-14,-0.0,-0.0,-0.0,False
Ro180_q0.35_L22W_r0.75_th120_kc+10_ko+10,tj_radius,-5.380626229904662e-14,-54985776.57998912,4.7250031500006166e-08,-0.3078462695084161,1.0,5.380626229904662e-14,-54985776.57998912,4.7250031500006166e-08,-0.3078462695084161,False
Ro180_q0.35_L22W_r0.75_th120_kc+10_ko+10,center_curvature,3.649071920277697e-15,-125000000.0,0.0,-2.9731632848530865,-1.0,3.649071920277697e-15,125000000.0,-0.0,2.9731632848530865,True
Ro180_q0.35_L22W_r0.75_th120_kc+10_ko+10,outer_curvature,2.055117038372878e-13,-125000000.0,0.0,-2.9731632848530865,-1.0,2.055117038372878e-13,125000000.0,-0.0,2.9731632848530865,True
Ro180_q0.35_L22W_r0.75_th120_kc+10_ko+10,center_angle,1.912146999631911e-15,7936506.613755599,0.0,0.1887713359876031,-1.0,1.912146999631911e-15,-7936506.613755599,-0.0,-0.1887713359876031,False
Ro180_q0.35_L22W_r0.75_th120_kc+10_ko+10,outer_angle,1.6641621027303496e-14,7936506.613755599,0.0,0.1887713359876031,-1.0,1.6641621027303496e-14,-7936506.613755599,-0.0,-0.1887713359876031,False
Ro180_q0.35_L22W_r0.75_th120_kc+10_ko+10,gb_spacing,-1.2065318821497295e-14,0.0,0.0,0.0,1.0,1.2065318821497295e-14,0.0,0.0,0.0,False
Ro180_q0.35_L22W_r0.75_th140_kc-10_ko-10,center_outer_exchange,8.882361168046766e-14,0.0,0.0,0.0,-1.0,8.882361168046766e-14,-0.0,-0.0,-0.0,False
Ro180_q0.35_L22W_r0.75_th140_kc-10_ko-10,tj_radius,-6.385520122331687e-14,-59663063.31732124,4.7250031500006166e-08,-0.07653422770159679,1.0,6.385520122331687e-14,-59663063.31732124,4.7250031500006166e-08,-0.07653422770159679,False
Ro180_q0.35_L22W_r0.75_th140_kc-10_ko-10,center_curvature,3.519661865486207e-15,-125000000.0,0.0,-2.2554515827435395,-1.0,3.519661865486207e-15,125000000.0,-0.0,2.2554515827435395,True
Ro180_q0.35_L22W_r0.75_th140_kc-10_ko-10,outer_curvature,1.3654543872750134e-13,-125000000.0,0.0,-2.2554515827435395,-1.0,1.3654543872750134e-13,125000000.0,-0.0,2.2554515827435395,True
Ro180_q0.35_L22W_r0.75_th140_kc-10_ko-10,center_angle,2.2127663902142922e-15,5428890.259087086,0.0,0.09795659543510027,-1.0,2.2127663902142922e-15,-5428890.259087086,-0.0,-0.09795659543510027,False
Ro180_q0.35_L22W_r0.75_th140_kc-10_ko-10,outer_angle,1.855696752297262e-14,5428890.259087086,0.0,0.09795659543510027,-1.0,1.855696752297262e-14,-5428890.259087086,-0.0,-0.09795659543510027,False
Ro180_q0.35_L22W_r0.75_th140_kc-10_ko-10,gb_spacing,-1.3978200559688737e-14,0.0,0.0,0.0,1.0,1.3978200559688737e-14,0.0,0.0,0.0,False
Ro180_q0.35_L22W_r0.75_th140_kc+0_ko+0,center_outer_exchange,8.967577111420241e-14,0.0,0.0,0.0,-1.0,8.967577111420241e-14,-0.0,-0.0,-0.0,False
Ro180_q0.35_L22W_r0.75_th140_kc+0_ko+0,tj_radius,-5.87626094362316e-14,-59663063.31731938,4.7250031500006166e-08,-0.1883702437049939,1.0,5.87626094362316e-14,-59663063.31731938,4.7250031500006166e-08,-0.1883702437049939,False
Ro180_q0.35_L22W_r0.75_th140_kc+0_ko+0,center_curvature,3.7580445535941085e-15,-125000000.0,0.0,-2.4897615693086905,-1.0,3.7580445535941085e-15,125000000.0,-0.0,2.4897615693086905,True
Ro180_q0.35_L22W_r0.75_th140_kc+0_ko+0,outer_curvature,1.552721327703788e-13,-125000000.0,0.0,-2.4897615693086905,-1.0,1.552721327703788e-13,125000000.0,-0.0,2.4897615693086905,True
Ro180_q0.35_L22W_r0.75_th140_kc+0_ko+0,center_angle,2.2607057150133014e-15,5428890.259085223,0.0,0.10813284224830966,-1.0,2.2607057150133014e-15,-5428890.259085223,-0.0,-0.10813284224830966,False
Ro180_q0.35_L22W_r0.75_th140_kc+0_ko+0,outer_angle,1.737020943758762e-14,5428890.259085223,0.0,0.10813284224830966,-1.0,1.737020943758762e-14,-5428890.259085223,-0.0,-0.10813284224830966,False
Ro180_q0.35_L22W_r0.75_th140_kc+0_ko+0,gb_spacing,-1.4257828190482412e-14,0.0,0.0,0.0,1.0,1.4257828190482412e-14,0.0,0.0,0.0,False
Ro180_q0.35_L22W_r0.75_th140_kc+10_ko+10,center_outer_exchange,9.043795606818425e-14,0.0,0.0,0.0,-1.0,9.043795606818425e-14,-0.0,-0.0,-0.0,False
Ro180_q0.35_L22W_r0.75_th140_kc+10_ko+10,tj_radius,-5.1742819822483236e-14,-59663063.31731938,4.7250031500006166e-08,-0.3340696514472219,1.0,5.1742819822483236e-14,-59663063.31731938,4.7250031500006166e-08,-0.3340696514472219,False
Ro180_q0.35_L22W_r0.75_th140_kc+10_ko+10,center_curvature,3.992740025960418e-15,-125000000.0,0.0,-2.7950205799811556,-1.0,3.992740025960418e-15,125000000.0,-0.0,2.7950205799811556,True
Ro180_q0.35_L22W_r0.75_th140_kc+10_ko+10,outer_curvature,1.736205268402813e-13,-125000000.0,0.0,-2.7950205799811556,-1.0,1.736205268402813e-13,125000000.0,-0.0,2.7950205799811556,True
Ro180_q0.35_L22W_r0.75_th140_kc+10_ko+10,center_angle,2.2964788998260846e-15,5428890.259087086,0.0,0.12139040195613404,-1.0,2.2964788998260846e-15,-5428890.259087086,-0.0,-0.12139040195613404,False
Ro180_q0.35_L22W_r0.75_th140_kc+10_ko+10,outer_angle,1.533519263349385e-14,5428890.259087086,0.0,0.12139040195613404,-1.0,1.533519263349385e-14,-5428890.259087086,-0.0,-0.12139040195613404,False
Ro180_q0.35_L22W_r0.75_th140_kc+10_ko+10,gb_spacing,-1.4478755896799577e-14,0.0,0.0,0.0,1.0,1.4478755896799577e-14,0.0,0.0,0.0,False
Ro180_q0.35_L22W_r0.75_th160_kc-10_ko-10,center_outer_exchange,9.372709263134867e-14,0.0,0.0,0.0,-1.0,9.372709263134867e-14,-0.0,-0.0,-0.0,False
Ro180_q0.35_L22W_r0.75_th160_kc-10_ko-10,tj_radius,-6.05519053090278e-14,-62527518.066719174,4.7250031500006166e-08,-0.09939072172959751,1.0,6.05519053090278e-14,-62527518.066719174,4.7250031500006166e-08,-0.09939072172959751,False
Ro180_q0.35_L22W_r0.75_th160_kc-10_ko-10,center_curvature,3.953806192054518e-15,-125000000.0,0.0,-2.197819500882825,-1.0,3.953806192054518e-15,125000000.0,-0.0,2.197819500882825,True
Ro180_q0.35_L22W_r0.75_th160_kc-10_ko-10,outer_curvature,1.3279005622168554e-13,-125000000.0,0.0,-2.197819500882825,-1.0,1.3279005622168554e-13,125000000.0,-0.0,2.197819500882825,True
Ro180_q0.35_L22W_r0.75_th160_kc-10_ko-10,center_angle,2.5179438145127145e-15,2756319.8210410774,0.0,0.048463057551906275,-1.0,2.5179438145127145e-15,-2756319.8210410774,-0.0,-0.048463057551906275,False
Ro180_q0.35_L22W_r0.75_th160_kc-10_ko-10,outer_angle,1.5348044614199784e-14,2756319.8210410774,0.0,0.048463057551906275,-1.0,1.5348044614199784e-14,-2756319.8210410774,-0.0,-0.048463057551906275,False
Ro180_q0.35_L22W_r0.75_th160_kc-10_ko-10,gb_spacing,-1.575859423445816e-14,0.0,0.0,0.0,1.0,1.575859423445816e-14,0.0,0.0,0.0,False
Ro180_q0.35_L22W_r0.75_th160_kc+0_ko+0,center_outer_exchange,9.423042906226514e-14,0.0,0.0,0.0,-1.0,9.423042906226514e-14,-0.0,-0.0,-0.0,False
Ro180_q0.35_L22W_r0.75_th160_kc+0_ko+0,tj_radius,-5.470730672732233e-14,-62527518.066719174,4.7250031500006166e-08,-0.20886428108057853,1.0,5.470730672732233e-14,-62527518.066719174,4.7250031500006166e-08,-0.20886428108057853,False
Ro180_q0.35_L22W_r0.75_th160_kc+0_ko+0,center_curvature,4.123162419817395e-15,-125000000.0,0.0,-2.4166724182199673,-1.0,4.123162419817395e-15,125000000.0,-0.0,2.4166724182199673,True
Ro180_q0.35_L22W_r0.75_th160_kc+0_ko+0,outer_curvature,1.4667231846741134e-13,-125000000.0,0.0,-2.4166724182199673,-1.0,1.4667231846741134e-13,125000000.0,-0.0,2.4166724182199673,True
Ro180_q0.35_L22W_r0.75_th160_kc+0_ko+0,center_angle,2.5675234444491374e-15,2756319.82104294,0.0,0.05328884375810361,-1.0,2.5675234444491374e-15,-2756319.82104294,-0.0,-0.05328884375810361,False
Ro180_q0.35_L22W_r0.75_th160_kc+0_ko+0,outer_angle,1.5140972615110492e-14,2756319.82104294,0.0,0.05328884375810361,-1.0,1.5140972615110492e-14,-2756319.82104294,-0.0,-0.05328884375810361,False
Ro180_q0.35_L22W_r0.75_th160_kc+0_ko+0,gb_spacing,-1.5824851389936867e-14,0.0,0.0,0.0,1.0,1.5824851389936867e-14,0.0,0.0,0.0,False
Ro180_q0.35_L22W_r0.75_th160_kc+10_ko+10,center_outer_exchange,9.467292034147016e-14,0.0,0.0,0.0,-1.0,9.467292034147016e-14,-0.0,-0.0,-0.0,False
Ro180_q0.35_L22W_r0.75_th160_kc+10_ko+10,tj_radius,-4.740543961523521e-14,-62527518.066719174,4.7250031500006166e-08,-0.3497593799041132,1.0,4.740543961523521e-14,-62527518.066719174,4.7250031500006166e-08,-0.3497593799041132,False
Ro180_q0.35_L22W_r0.75_th160_kc+10_ko+10,center_curvature,4.290594714888125e-15,-125000000.0,0.0,-2.6983422624509146,-1.0,4.290594714888125e-15,125000000.0,-0.0,2.6983422624509146,True
Ro180_q0.35_L22W_r0.75_th160_kc+10_ko+10,outer_curvature,1.6036606897261418e-13,-125000000.0,0.0,-2.6983422624509146,-1.0,1.6036606897261418e-13,125000000.0,-0.0,2.6983422624509146,True
Ro180_q0.35_L22W_r0.75_th160_kc+10_ko+10,center_angle,2.6125557372194972e-15,2756319.82104294,0.0,0.05949974453223206,-1.0,2.6125557372194972e-15,-2756319.82104294,-0.0,-0.05949974453223206,False
Ro180_q0.35_L22W_r0.75_th160_kc+10_ko+10,outer_angle,1.4623319130131385e-14,2756319.82104294,0.0,0.05949974453223206,-1.0,1.4623319130131385e-14,-2756319.82104294,-0.0,-0.05949974453223206,False
Ro180_q0.35_L22W_r0.75_th160_kc+10_ko+10,gb_spacing,-1.585075121702967e-14,0.0,0.0,0.0,1.0,1.585075121702967e-14,0.0,0.0,0.0,False
Ro180_q0.35_L28W_r0.60_th120_kc-10_ko-10,center_outer_exchange,6.301092948948792e-14,0.0,0.0,0.0,-1.0,6.301092948948792e-14,-0.0,-0.0,-0.0,False
Ro180_q0.35_L28W_r0.60_th120_kc-10_ko-10,tj_radius,-4.01975566732424e-14,-68732220.72498873,3.780002520000526e-08,-0.14613503980176468,1.0,4.01975566732424e-14,-68732220.72498873,3.780002520000526e-08,-0.14613503980176468,False
Ro180_q0.35_L28W_r0.60_th120_kc-10_ko-10,center_curvature,2.1316517723554853e-15,-125000000.0,0.0,-2.0844257775545216,-1.0,2.1316517723554853e-15,125000000.0,-0.0,2.0844257775545216,True
Ro180_q0.35_L28W_r0.60_th120_kc-10_ko-10,outer_curvature,1.2410415717953495e-13,-125000000.0,0.0,-2.0844257775545216,-1.0,1.2410415717953495e-13,125000000.0,-0.0,2.0844257775545216,True
Ro180_q0.35_L28W_r0.60_th120_kc-10_ko-10,center_angle,1.0986102285071808e-15,9920633.267197758,0.0,0.1654303322782269,-1.0,1.0986102285071808e-15,-9920633.267197758,-0.0,-0.1654303322782269,False
Ro180_q0.35_L28W_r0.60_th120_kc-10_ko-10,outer_angle,2.0296570794867076e-14,9920633.267197758,0.0,0.1654303322782269,-1.0,2.0296570794867076e-14,-9920633.267197758,-0.0,-0.1654303322782269,False
Ro180_q0.35_L28W_r0.60_th120_kc-10_ko-10,gb_spacing,7.599016356230716e-16,0.0,0.0,0.0,-1.0,7.599016356230716e-16,-0.0,-0.0,-0.0,False
Ro180_q0.35_L28W_r0.60_th120_kc+0_ko+0,center_outer_exchange,6.458632867274587e-14,0.0,0.0,0.0,-1.0,6.458632867274587e-14,-0.0,-0.0,-0.0,False
Ro180_q0.35_L28W_r0.60_th120_kc+0_ko+0,tj_radius,-3.6261048361468186e-14,-68732220.72498873,3.780002520000526e-08,-0.2509156549721503,1.0,3.6261048361468186e-14,-68732220.72498873,3.780002520000526e-08,-0.2509156549721503,False
Ro180_q0.35_L28W_r0.60_th120_kc+0_ko+0,center_curvature,2.823029885310433e-15,-125000000.0,0.0,-2.274986857924155,-1.0,2.823029885310433e-15,125000000.0,-0.0,2.274986857924155,True
Ro180_q0.35_L28W_r0.60_th120_kc+0_ko+0,outer_curvature,1.4228365892719546e-13,-125000000.0,0.0,-2.274986857924155,-1.0,1.4228365892719546e-13,125000000.0,-0.0,2.274986857924155,True
Ro180_q0.35_L28W_r0.60_th120_kc+0_ko+0,center_angle,1.3024964177027424e-15,9920633.267197758,0.0,0.1805541139976441,-1.0,1.3024964177027424e-15,-9920633.267197758,-0.0,-0.1805541139976441,False
Ro180_q0.35_L28W_r0.60_th120_kc+0_ko+0,outer_angle,1.8017417996321617e-14,9920633.267197758,0.0,0.1805541139976441,-1.0,1.8017417996321617e-14,-9920633.267197758,-0.0,-0.1805541139976441,False
Ro180_q0.35_L28W_r0.60_th120_kc+0_ko+0,gb_spacing,-6.520333916705335e-17,0.0,0.0,0.0,1.0,6.520333916705335e-17,0.0,0.0,0.0,False
Ro180_q0.35_L28W_r0.60_th120_kc+10_ko+10,center_outer_exchange,6.600338246472024e-14,0.0,0.0,0.0,-1.0,6.600338246472024e-14,-0.0,-0.0,-0.0,False
Ro180_q0.35_L28W_r0.60_th120_kc+10_ko+10,tj_radius,-3.044545333719832e-14,-68732220.72498873,3.780002520000526e-08,-0.38272643772729875,1.0,3.044545333719832e-14,-68732220.72498873,3.780002520000526e-08,-0.38272643772729875,False
Ro180_q0.35_L28W_r0.60_th120_kc+10_ko+10,center_curvature,3.499110649525508e-15,-125000000.0,0.0,-2.5147073713327472,-1.0,3.499110649525508e-15,125000000.0,-0.0,2.5147073713327472,True
Ro180_q0.35_L28W_r0.60_th120_kc+10_ko+10,outer_curvature,1.5969843082123743e-13,-125000000.0,0.0,-2.5147073713327472,-1.0,1.5969843082123743e-13,125000000.0,-0.0,2.5147073713327472,True
Ro180_q0.35_L28W_r0.60_th120_kc+10_ko+10,center_angle,1.4529320771925625e-15,9920633.267197758,0.0,0.1995793600251261,-1.0,1.4529320771925625e-15,-9920633.267197758,-0.0,-0.1995793600251261,False
Ro180_q0.35_L28W_r0.60_th120_kc+10_ko+10,outer_angle,1.44049404094475e-14,9920633.267197758,0.0,0.1995793600251261,-1.0,1.44049404094475e-14,-9920633.267197758,-0.0,-0.1995793600251261,False
Ro180_q0.35_L28W_r0.60_th120_kc+10_ko+10,gb_spacing,-7.464338031991164e-16,0.0,0.0,0.0,1.0,7.464338031991164e-16,0.0,0.0,0.0,False
Ro180_q0.35_L28W_r0.60_th140_kc-10_ko-10,center_outer_exchange,6.905841133062915e-14,0.0,0.0,0.0,-1.0,6.905841133062915e-14,-0.0,-0.0,-0.0,False
Ro180_q0.35_L28W_r0.60_th140_kc-10_ko-10,tj_radius,-3.8409115584702844e-14,-74578829.14664969,3.780002520000526e-08,-0.18712466723291854,1.0,3.8409115584702844e-14,-74578829.14664969,3.780002520000526e-08,-0.18712466723291854,False
Ro180_q0.35_L28W_r0.60_th140_kc-10_ko-10,center_curvature,3.446328645938752e-15,-125000000.0,0.0,-1.989718769259241,-1.0,3.446328645938752e-15,125000000.0,-0.0,1.989718769259241,True
Ro180_q0.35_L28W_r0.60_th140_kc-10_ko-10,outer_curvature,1.1178301686609846e-13,-125000000.0,0.0,-1.989718769259241,-1.0,1.1178301686609846e-13,125000000.0,-0.0,1.989718769259241,True
Ro180_q0.35_L28W_r0.60_th140_kc-10_ko-10,center_angle,1.75896129135785e-15,6786112.823855132,0.0,0.10801950349215161,-1.0,1.75896129135785e-15,-6786112.823855132,-0.0,-0.10801950349215161,False
Ro180_q0.35_L28W_r0.60_th140_kc-10_ko-10,outer_angle,1.5697285990270046e-14,6786112.823855132,0.0,0.10801950349215161,-1.0,1.5697285990270046e-14,-6786112.823855132,-0.0,-0.10801950349215161,False
Ro180_q0.35_L28W_r0.60_th140_kc-10_ko-10,gb_spacing,-2.2703299186525403e-15,0.0,0.0,0.0,1.0,2.2703299186525403e-15,0.0,0.0,0.0,False
Ro180_q0.35_L28W_r0.60_th140_kc+0_ko+0,center_outer_exchange,6.995172900939341e-14,0.0,0.0,0.0,-1.0,6.995172900939341e-14,-0.0,-0.0,-0.0,False
Ro180_q0.35_L28W_r0.60_th140_kc+0_ko+0,tj_radius,-3.3922645718031337e-14,-74578829.14664969,3.780002520000526e-08,-0.2879408559679497,1.0,3.3922645718031337e-14,-74578829.14664969,3.780002520000526e-08,-0.2879408559679497,False
Ro180_q0.35_L28W_r0.60_th140_kc+0_ko+0,center_curvature,3.8413394655872e-15,-125000000.0,0.0,-2.158695877102268,-1.0,3.8413394655872e-15,125000000.0,-0.0,2.158695877102268,True
Ro180_q0.35_L28W_r0.60_th140_kc+0_ko+0,outer_curvature,1.2241725721370603e-13,-125000000.0,0.0,-2.158695877102268,-1.0,1.2241725721370603e-13,125000000.0,-0.0,2.158695877102268,True
Ro180_q0.35_L28W_r0.60_th140_kc+0_ko+0,center_angle,1.8494199955176197e-15,6786112.823855132,0.0,0.11719302771939777,-1.0,1.8494199955176197e-15,-6786112.823855132,-0.0,-0.11719302771939777,False
Ro180_q0.35_L28W_r0.60_th140_kc+0_ko+0,outer_angle,1.431864333564159e-14,6786112.823855132,0.0,0.11719302771939777,-1.0,1.431864333564159e-14,-6786112.823855132,-0.0,-0.11719302771939777,False
Ro180_q0.35_L28W_r0.60_th140_kc+0_ko+0,gb_spacing,-2.6189961657717577e-15,0.0,0.0,0.0,1.0,2.6189961657717577e-15,0.0,0.0,0.0,False
Ro180_q0.35_L28W_r0.60_th140_kc+10_ko+10,center_outer_exchange,7.07553322814059e-14,0.0,0.0,0.0,-1.0,7.07553322814059e-14,-0.0,-0.0,-0.0,False
Ro180_q0.35_L28W_r0.60_th140_kc+10_ko+10,tj_radius,-2.8298597215457815e-14,-74578829.14664969,3.780002520000526e-08,-0.4125041795693951,1.0,2.8298597215457815e-14,-74578829.14664969,3.780002520000526e-08,-0.4125041795693951,False
Ro180_q0.35_L28W_r0.60_th140_kc+10_ko+10,center_curvature,4.2299838130369625e-15,-125000000.0,0.0,-2.367475708545008,-1.0,4.2299838130369625e-15,125000000.0,-0.0,2.367475708545008,True
Ro180_q0.35_L28W_r0.60_th140_kc+10_ko+10,outer_curvature,1.3273049060304393e-13,-125000000.0,0.0,-2.367475708545008,-1.0,1.3273049060304393e-13,125000000.0,-0.0,2.367475708545008,True
Ro180_q0.35_L28W_r0.60_th140_kc+10_ko+10,center_angle,1.9202122203529514e-15,6786112.823855132,0.0,0.12852736197377368,-1.0,1.9202122203529514e-15,-6786112.823855132,-0.0,-0.12852736197377368,False
Ro180_q0.35_L28W_r0.60_th140_kc+10_ko+10,outer_angle,1.2443138509649354e-14,6786112.823855132,0.0,0.12852736197377368,-1.0,1.2443138509649354e-14,-6786112.823855132,-0.0,-0.12852736197377368,False
Ro180_q0.35_L28W_r0.60_th140_kc+10_ko+10,gb_spacing,-2.8850288314694535e-15,0.0,0.0,0.0,1.0,2.8850288314694535e-15,0.0,0.0,0.0,False
Ro180_q0.35_L28W_r0.60_th160_kc-10_ko-10,center_outer_exchange,7.298408165478949e-14,0.0,0.0,0.0,-1.0,7.298408165478949e-14,-0.0,-0.0,-0.0,False
Ro180_q0.35_L28W_r0.60_th160_kc-10_ko-10,tj_radius,-3.504294094946523e-14,-78159397.58339897,3.780002520000526e-08,-0.2109336613299595,1.0,3.504294094946523e-14,-78159397.58339897,3.780002520000526e-08,-0.2109336613299595,False
Ro180_q0.35_L28W_r0.60_th160_kc-10_ko-10,center_curvature,4.189130370153982e-15,-125000000.0,0.0,-1.9366450427292792,-1.0,4.189130370153982e-15,125000000.0,-0.0,1.9366450427292792,True
Ro180_q0.35_L28W_r0.60_th160_kc-10_ko-10,outer_curvature,1.053097162356861e-13,-125000000.0,0.0,-1.9366450427292792,-1.0,1.053097162356861e-13,125000000.0,-0.0,1.9366450427292792,True
Ro180_q0.35_L28W_r0.60_th160_kc-10_ko-10,center_angle,2.124520071908712e-15,3445399.776302278,0.0,0.05338006547805918,-1.0,2.124520071908712e-15,-3445399.776302278,-0.0,-0.05338006547805918,False
Ro180_q0.35_L28W_r0.60_th160_kc-10_ko-10,outer_angle,1.2261307884391495e-14,3445399.776302278,0.0,0.05338006547805918,-1.0,1.2261307884391495e-14,-3445399.776302278,-0.0,-0.05338006547805918,False
Ro180_q0.35_L28W_r0.60_th160_kc-10_ko-10,gb_spacing,-3.9776008180078916e-15,0.0,0.0,0.0,1.0,3.9776008180078916e-15,0.0,0.0,0.0,False
Ro180_q0.35_L28W_r0.60_th160_kc+0_ko+0,center_outer_exchange,7.35414877211494e-14,0.0,0.0,0.0,-1.0,7.35414877211494e-14,-0.0,-0.0,-0.0,False
Ro180_q0.35_L28W_r0.60_th160_kc+0_ko+0,tj_radius,-3.023143433271936e-14,-78159397.58339897,3.780002520000526e-08,-0.3095105028469991,1.0,3.023143433271936e-14,-78159397.58339897,3.780002520000526e-08,-0.3095105028469991,False
Ro180_q0.35_L28W_r0.60_th160_kc+0_ko+0,center_curvature,4.4723704280053775e-15,-125000000.0,0.0,-2.0942996286850146,-1.0,4.4723704280053775e-15,125000000.0,-0.0,2.0942996286850146,True
Ro180_q0.35_L28W_r0.60_th160_kc+0_ko+0,outer_curvature,1.1308391735263244e-13,-125000000.0,0.0,-2.0942996286850146,-1.0,1.1308391735263244e-13,125000000.0,-0.0,2.0942996286850146,True
Ro180_q0.35_L28W_r0.60_th160_kc+0_ko+0,center_angle,2.200643083406223e-15,3445399.776302278,0.0,0.05772550520521946,-1.0,2.200643083406223e-15,-3445399.776302278,-0.0,-0.05772550520521946,False
Ro180_q0.35_L28W_r0.60_th160_kc+0_ko+0,outer_angle,1.181611700303476e-14,3445399.776302278,0.0,0.05772550520521946,-1.0,1.181611700303476e-14,-3445399.776302278,-0.0,-0.05772550520521946,False
Ro180_q0.35_L28W_r0.60_th160_kc+0_ko+0,gb_spacing,-4.084030175630339e-15,0.0,0.0,0.0,1.0,4.084030175630339e-15,0.0,0.0,0.0,False
Ro180_q0.35_L28W_r0.60_th160_kc+10_ko+10,center_outer_exchange,7.403789389274172e-14,0.0,0.0,0.0,-1.0,7.403789389274172e-14,-0.0,-0.0,-0.0,False
Ro180_q0.35_L28W_r0.60_th160_kc+10_ko+10,tj_radius,-2.4560261133453198e-14,-78159397.58339897,3.780002520000526e-08,-0.4301353207574188,1.0,2.4560261133453198e-14,-78159397.58339897,3.780002520000526e-08,-0.4301353207574188,False
Ro180_q0.35_L28W_r0.60_th160_kc+10_ko+10,center_curvature,4.752164926155059e-15,-125000000.0,0.0,-2.287215974003942,-1.0,4.752164926155059e-15,125000000.0,-0.0,2.287215974003942,True
Ro180_q0.35_L28W_r0.60_th160_kc+10_ko+10,outer_curvature,1.2064579288478472e-13,-125000000.0,0.0,-2.287215974003942,-1.0,1.2064579288478472e-13,125000000.0,-0.0,2.287215974003942,True
Ro180_q0.35_L28W_r0.60_th160_kc+10_ko+10,center_angle,2.2694197937208026e-15,3445399.776302278,0.0,0.06304285704228363,-1.0,2.2694197937208026e-15,-3445399.776302278,-0.0,-0.06304285704228363,False
Ro180_q0.35_L28W_r0.60_th160_kc+10_ko+10,outer_angle,1.1182897655874366e-14,3445399.776302278,0.0,0.06304285704228363,-1.0,1.1182897655874366e-14,-3445399.776302278,-0.0,-0.06304285704228363,False
Ro180_q0.35_L28W_r0.60_th160_kc+10_ko+10,gb_spacing,-4.132297260674896e-15,0.0,0.0,0.0,1.0,4.132297260674896e-15,0.0,0.0,0.0,False
Ro180_q0.35_L28W_r0.75_th140_kc-10_ko-10,center_outer_exchange,3.501406869501167e-14,0.0,0.0,0.0,-1.0,3.501406869501167e-14,-0.0,-0.0,-0.0,False
Ro180_q0.35_L28W_r0.75_th140_kc-10_ko-10,tj_radius,-3.789207645381773e-14,-59663063.31732124,4.7250031500006166e-08,-0.07653422770159679,1.0,3.789207645381773e-14,-59663063.31732124,4.7250031500006166e-08,-0.07653422770159679,False
Ro180_q0.35_L28W_r0.75_th140_kc-10_ko-10,center_curvature,-1.4050807682931868e-15,-125000000.0,0.0,-2.2554515827435395,1.0,1.4050807682931868e-15,-125000000.0,0.0,-2.2554515827435395,False
Ro180_q0.35_L28W_r0.75_th140_kc-10_ko-10,outer_curvature,1.3654543872750134e-13,-125000000.0,0.0,-2.2554515827435395,-1.0,1.3654543872750134e-13,125000000.0,-0.0,2.2554515827435395,True
Ro180_q0.35_L28W_r0.75_th140_kc-10_ko-10,center_angle,-6.139132388592621e-16,5428890.259087086,0.0,0.09795659543510027,1.0,6.139132388592621e-16,5428890.259087086,0.0,0.09795659543510027,True
Ro180_q0.35_L28W_r0.75_th140_kc-10_ko-10,outer_angle,1.8556967522997863e-14,5428890.259087086,0.0,0.09795659543510027,-1.0,1.8556967522997863e-14,-5428890.259087086,-0.0,-0.09795659543510027,False
Ro180_q0.35_L28W_r0.75_th140_kc-10_ko-10,gb_spacing,1.458120783359085e-14,0.0,0.0,0.0,-1.0,1.458120783359085e-14,-0.0,-0.0,-0.0,False
Ro180_q0.35_L28W_r0.75_th140_kc+0_ko+0,center_outer_exchange,3.7380731504946724e-14,0.0,0.0,0.0,-1.0,3.7380731504946724e-14,-0.0,-0.0,-0.0,False
Ro180_q0.35_L28W_r0.75_th140_kc+0_ko+0,tj_radius,-3.396072984733898e-14,-59663063.31731938,4.7250031500006166e-08,-0.1883702437049939,1.0,3.396072984733898e-14,-59663063.31731938,4.7250031500006166e-08,-0.1883702437049939,False
Ro180_q0.35_L28W_r0.75_th140_kc+0_ko+0,center_curvature,-5.329067876640259e-16,-125000000.0,0.0,-2.4897615693086905,1.0,5.329067876640259e-16,-125000000.0,0.0,-2.4897615693086905,False
Ro180_q0.35_L28W_r0.75_th140_kc+0_ko+0,outer_curvature,1.5527213277035355e-13,-125000000.0,0.0,-2.4897615693086905,-1.0,1.5527213277035355e-13,125000000.0,-0.0,2.4897615693086905,True
Ro180_q0.35_L28W_r0.75_th140_kc+0_ko+0,center_angle,-2.276192959385264e-16,5428890.259085223,0.0,0.10813284224830966,1.0,2.276192959385264e-16,5428890.259085223,0.0,0.10813284224830966,True
Ro180_q0.35_L28W_r0.75_th140_kc+0_ko+0,outer_angle,1.737020943758762e-14,5428890.259085223,0.0,0.10813284224830966,-1.0,1.737020943758762e-14,-5428890.259085223,-0.0,-0.10813284224830966,False
Ro180_q0.35_L28W_r0.75_th140_kc+0_ko+0,gb_spacing,1.338259491860746e-14,0.0,0.0,0.0,-1.0,1.338259491860746e-14,-0.0,-0.0,-0.0,False
Ro180_q0.35_L28W_r0.75_th140_kc+10_ko+10,center_outer_exchange,3.961830990098844e-14,0.0,0.0,0.0,-1.0,3.961830990098844e-14,-0.0,-0.0,-0.0,False
Ro180_q0.35_L28W_r0.75_th140_kc+10_ko+10,tj_radius,-2.8043366533282656e-14,-59663063.31731938,4.7250031500006166e-08,-0.3340696514472219,1.0,2.8043366533282656e-14,-59663063.31731938,4.7250031500006166e-08,-0.3340696514472219,False
Ro180_q0.35_L28W_r0.75_th140_kc+10_ko+10,center_curvature,3.3497644387779135e-16,-125000000.0,0.0,-2.7950205799811556,-1.0,3.3497644387779135e-16,125000000.0,-0.0,2.7950205799811556,True
Ro180_q0.35_L28W_r0.75_th140_kc+10_ko+10,outer_curvature,1.7362052684033178e-13,-125000000.0,0.0,-2.7950205799811556,-1.0,1.7362052684033178e-13,125000000.0,-0.0,2.7950205799811556,True
Ro180_q0.35_L28W_r0.75_th140_kc+10_ko+10,center_angle,1.1887324581463507e-16,5428890.259087086,0.0,0.12139040195613404,-1.0,1.1887324581463507e-16,-5428890.259087086,-0.0,-0.12139040195613404,False
Ro180_q0.35_L28W_r0.75_th140_kc+10_ko+10,outer_angle,1.5335192633519093e-14,5428890.259087086,0.0,0.12139040195613404,-1.0,1.5335192633519093e-14,-5428890.259087086,-0.0,-0.12139040195613404,False
Ro180_q0.35_L28W_r0.75_th140_kc+10_ko+10,gb_spacing,1.2324359165924127e-14,0.0,0.0,0.0,-1.0,1.2324359165924127e-14,-0.0,-0.0,-0.0,False
Ro180_q0.35_L28W_r0.75_th160_kc-10_ko-10,center_outer_exchange,4.466324066517267e-14,0.0,0.0,0.0,-1.0,4.466324066517267e-14,-0.0,-0.0,-0.0,False
Ro180_q0.35_L28W_r0.75_th160_kc-10_ko-10,tj_radius,-3.854080917671467e-14,-62527518.066719174,4.7250031500006166e-08,-0.09939072172959751,1.0,3.854080917671467e-14,-62527518.066719174,4.7250031500006166e-08,-0.09939072172959751,False
Ro180_q0.35_L28W_r0.75_th160_kc-10_ko-10,center_curvature,1.376625818052556e-15,-125000000.0,0.0,-2.197819500882825,-1.0,1.376625818052556e-15,125000000.0,-0.0,2.197819500882825,True
Ro180_q0.35_L28W_r0.75_th160_kc-10_ko-10,outer_curvature,1.3279005622176127e-13,-125000000.0,0.0,-2.197819500882825,-1.0,1.3279005622176127e-13,125000000.0,-0.0,2.197819500882825,True
Ro180_q0.35_L28W_r0.75_th160_kc-10_ko-10,center_angle,7.255902397540765e-16,2756319.8210410774,0.0,0.048463057551906275,-1.0,7.255902397540765e-16,-2756319.8210410774,-0.0,-0.048463057551906275,False
Ro180_q0.35_L28W_r0.75_th160_kc-10_ko-10,outer_angle,1.5348044614199784e-14,2756319.8210410774,0.0,0.048463057551906275,-1.0,1.5348044614199784e-14,-2756319.8210410774,-0.0,-0.048463057551906275,False
Ro180_q0.35_L28W_r0.75_th160_kc-10_ko-10,gb_spacing,1.0332432251733905e-14,0.0,0.0,0.0,-1.0,1.0332432251733905e-14,-0.0,-0.0,-0.0,False
Ro180_q0.35_L28W_r0.75_th160_kc+0_ko+0,center_outer_exchange,4.637643788750586e-14,0.0,0.0,0.0,-1.0,4.637643788750586e-14,-0.0,-0.0,-0.0,False
Ro180_q0.35_L28W_r0.75_th160_kc+0_ko+0,tj_radius,-3.354810090189153e-14,-62527518.066719174,4.7250031500006166e-08,-0.20886428108057853,1.0,3.354810090189153e-14,-62527518.066719174,4.7250031500006166e-08,-0.20886428108057853,False
Ro180_q0.35_L28W_r0.75_th160_kc+0_ko+0,center_curvature,2.015213767544518e-15,-125000000.0,0.0,-2.4166724182199673,-1.0,2.015213767544518e-15,125000000.0,-0.0,2.4166724182199673,True
Ro180_q0.35_L28W_r0.75_th160_kc+0_ko+0,outer_curvature,1.466723184673356e-13,-125000000.0,0.0,-2.4166724182199673,-1.0,1.466723184673356e-13,125000000.0,-0.0,2.4166724182199673,True
Ro180_q0.35_L28W_r0.75_th160_kc+0_ko+0,center_angle,9.752625584127175e-16,2756319.82104294,0.0,0.05328884375810361,-1.0,9.752625584127175e-16,-2756319.82104294,-0.0,-0.05328884375810361,False
Ro180_q0.35_L28W_r0.75_th160_kc+0_ko+0,outer_angle,1.514097261508525e-14,2756319.82104294,0.0,0.05328884375810361,-1.0,1.514097261508525e-14,-2756319.82104294,-0.0,-0.05328884375810361,False
Ro180_q0.35_L28W_r0.75_th160_kc+0_ko+0,gb_spacing,9.617683638754213e-15,0.0,0.0,0.0,-1.0,9.617683638754213e-15,-0.0,-0.0,-0.0,False
Ro180_q0.35_L28W_r0.75_th160_kc+10_ko+10,center_outer_exchange,4.797384931000621e-14,0.0,0.0,0.0,-1.0,4.797384931000621e-14,-0.0,-0.0,-0.0,False
Ro180_q0.35_L28W_r0.75_th160_kc+10_ko+10,tj_radius,-2.7040061669413214e-14,-62527518.066719174,4.7250031500006166e-08,-0.3497593799041132,1.0,2.7040061669413214e-14,-62527518.066719174,4.7250031500006166e-08,-0.3497593799041132,False
Ro180_q0.35_L28W_r0.75_th160_kc+10_ko+10,center_curvature,2.6453375412595996e-15,-125000000.0,0.0,-2.6983422624509146,-1.0,2.6453375412595996e-15,125000000.0,-0.0,2.6983422624509146,True
Ro180_q0.35_L28W_r0.75_th160_kc+10_ko+10,outer_curvature,1.603660689725637e-13,-125000000.0,0.0,-2.6983422624509146,-1.0,1.603660689725637e-13,125000000.0,-0.0,2.6983422624509146,True
Ro180_q0.35_L28W_r0.75_th160_kc+10_ko+10,center_angle,1.2079865287393087e-15,2756319.82104294,0.0,0.05949974453223206,-1.0,1.2079865287393087e-15,-2756319.82104294,-0.0,-0.05949974453223206,False
Ro180_q0.35_L28W_r0.75_th160_kc+10_ko+10,outer_angle,1.4623319130055655e-14,2756319.82104294,0.0,0.05949974453223206,-1.0,1.4623319130055655e-14,-2756319.82104294,-0.0,-0.05949974453223206,False
Ro180_q0.35_L28W_r0.75_th160_kc+10_ko+10,gb_spacing,9.014739737443876e-15,0.0,0.0,0.0,-1.0,9.014739737443876e-15,-0.0,-0.0,-0.0,False
Ro180_q0.35_L35W_r0.60_th120_kc+0_ko+0,center_outer_exchange,3.8936700075918e-14,0.0,0.0,0.0,-1.0,3.8936700075918e-14,-0.0,-0.0,-0.0,False
Ro180_q0.35_L35W_r0.60_th120_kc+0_ko+0,tj_radius,-2.4246705340340776e-14,-68732220.72498873,3.780002520000526e-08,-0.2509156549721503,1.0,2.4246705340340776e-14,-68732220.72498873,3.780002520000526e-08,-0.2509156549721503,False
Ro180_q0.35_L35W_r0.60_th120_kc+0_ko+0,center_curvature,-3.162062488738083e-15,-125000000.0,0.0,-2.274986857924155,1.0,3.162062488738083e-15,-125000000.0,0.0,-2.274986857924155,False
Ro180_q0.35_L35W_r0.60_th120_kc+0_ko+0,outer_curvature,1.4228365892714498e-13,-125000000.0,0.0,-2.274986857924155,-1.0,1.4228365892714498e-13,125000000.0,-0.0,2.274986857924155,True
Ro180_q0.35_L35W_r0.60_th120_kc+0_ko+0,center_angle,-1.180170598417774e-15,9920633.267197758,0.0,0.1805541139976441,1.0,1.180170598417774e-15,9920633.267197758,0.0,0.1805541139976441,True
Ro180_q0.35_L35W_r0.60_th120_kc+0_ko+0,outer_angle,1.8017417996321617e-14,9920633.267197758,0.0,0.1805541139976441,-1.0,1.8017417996321617e-14,-9920633.267197758,-0.0,-0.1805541139976441,False
Ro180_q0.35_L35W_r0.60_th120_kc+0_ko+0,gb_spacing,1.7185977805112587e-14,0.0,0.0,0.0,-1.0,1.7185977805112587e-14,-0.0,-0.0,-0.0,False
Ro180_q0.35_L35W_r0.60_th120_kc+10_ko+10,center_outer_exchange,4.138616679655613e-14,0.0,0.0,0.0,-1.0,4.138616679655613e-14,-0.0,-0.0,-0.0,False
Ro180_q0.35_L35W_r0.60_th120_kc+10_ko+10,tj_radius,-1.9286732090434226e-14,-68732220.72498873,3.780002520000526e-08,-0.38272643772729875,1.0,1.9286732090434226e-14,-68732220.72498873,3.780002520000526e-08,-0.38272643772729875,False
Ro180_q0.35_L35W_r0.60_th120_kc+10_ko+10,center_curvature,-1.4842710227039262e-15,-125000000.0,0.0,-2.5147073713327472,1.0,1.4842710227039262e-15,-125000000.0,0.0,-2.5147073713327472,False
Ro180_q0.35_L35W_r0.60_th120_kc+10_ko+10,outer_curvature,1.5969843082118694e-13,-125000000.0,0.0,-2.5147073713327472,-1.0,1.5969843082118694e-13,125000000.0,-0.0,2.5147073713327472,True
Ro180_q0.35_L35W_r0.60_th120_kc+10_ko+10,center_angle,-5.656353737590669e-16,9920633.267197758,0.0,0.1995793600251261,1.0,5.656353737590669e-16,9920633.267197758,0.0,0.1995793600251261,True
Ro180_q0.35_L35W_r0.60_th120_kc+10_ko+10,outer_angle,1.4404940409548474e-14,9920633.267197758,0.0,0.1995793600251261,-1.0,1.4404940409548474e-14,-9920633.267197758,-0.0,-0.1995793600251261,False
Ro180_q0.35_L35W_r0.60_th120_kc+10_ko+10,gb_spacing,1.5689798398797844e-14,0.0,0.0,0.0,-1.0,1.5689798398797844e-14,-0.0,-0.0,-0.0,False
Ro180_q0.35_L35W_r0.60_th140_kc-10_ko-10,center_outer_exchange,4.47245657442331e-14,0.0,0.0,0.0,-1.0,4.47245657442331e-14,-0.0,-0.0,-0.0,False
Ro180_q0.35_L35W_r0.60_th140_kc-10_ko-10,tj_radius,-2.7831172418582935e-14,-74578829.14664969,3.780002520000526e-08,-0.18712466723291854,1.0,2.7831172418582935e-14,-74578829.14664969,3.780002520000526e-08,-0.18712466723291854,False
Ro180_q0.35_L35W_r0.60_th140_kc-10_ko-10,center_curvature,-7.503677009964292e-17,-125000000.0,0.0,-1.989718769259241,1.0,7.503677009964292e-17,-125000000.0,0.0,-1.989718769259241,False
Ro180_q0.35_L35W_r0.60_th140_kc-10_ko-10,outer_curvature,1.1178301686609846e-13,-125000000.0,0.0,-1.989718769259241,-1.0,1.1178301686609846e-13,125000000.0,-0.0,1.989718769259241,True
Ro180_q0.35_L35W_r0.60_th140_kc-10_ko-10,center_angle,2.24845357946964e-17,6786112.823855132,0.0,0.10801950349215161,-1.0,2.24845357946964e-17,-6786112.823855132,-0.0,-0.10801950349215161,False
Ro180_q0.35_L35W_r0.60_th140_kc-10_ko-10,outer_angle,1.5697285990270046e-14,6786112.823855132,0.0,0.10801950349215161,-1.0,1.5697285990270046e-14,-6786112.823855132,-0.0,-0.10801950349215161,False
Ro180_q0.35_L35W_r0.60_th140_kc-10_ko-10,gb_spacing,1.415407475820358e-14,0.0,0.0,0.0,-1.0,1.415407475820358e-14,-0.0,-0.0,-0.0,False
Ro180_q0.35_L35W_r0.60_th140_kc+0_ko+0,center_outer_exchange,4.641177537555496e-14,0.0,0.0,0.0,-1.0,4.641177537555496e-14,-0.0,-0.0,-0.0,False
Ro180_q0.35_L35W_r0.60_th140_kc+0_ko+0,tj_radius,-2.394225948789964e-14,-74578829.14664969,3.780002520000526e-08,-0.2879408559679497,1.0,2.394225948789964e-14,-74578829.14664969,3.780002520000526e-08,-0.2879408559679497,False
Ro180_q0.35_L35W_r0.60_th140_kc+0_ko+0,center_curvature,9.350658030048584e-16,-125000000.0,0.0,-2.158695877102268,-1.0,9.350658030048584e-16,125000000.0,-0.0,2.158695877102268,True
Ro180_q0.35_L35W_r0.60_th140_kc+0_ko+0,outer_curvature,1.2241725721373128e-13,-125000000.0,0.0,-2.158695877102268,-1.0,1.2241725721373128e-13,125000000.0,-0.0,2.158695877102268,True
Ro180_q0.35_L35W_r0.60_th140_kc+0_ko+0,center_angle,3.731293271969744e-16,6786112.823855132,0.0,0.11719302771939777,-1.0,3.731293271969744e-16,-6786112.823855132,-0.0,-0.11719302771939777,False
Ro180_q0.35_L35W_r0.60_th140_kc+0_ko+0,outer_angle,1.4318643335742565e-14,6786112.823855132,0.0,0.11719302771939777,-1.0,1.4318643335742565e-14,-6786112.823855132,-0.0,-0.11719302771939777,False
Ro180_q0.35_L35W_r0.60_th140_kc+0_ko+0,gb_spacing,1.3211115208932836e-14,0.0,0.0,0.0,-1.0,1.3211115208932836e-14,-0.0,-0.0,-0.0,False
Ro180_q0.35_L35W_r0.60_th140_kc+10_ko+10,center_outer_exchange,4.796320286486307e-14,0.0,0.0,0.0,-1.0,4.796320286486307e-14,-0.0,-0.0,-0.0,False
Ro180_q0.35_L35W_r0.60_th140_kc+10_ko+10,tj_radius,-1.8853083113609675e-14,-74578829.14664969,3.780002520000526e-08,-0.4125041795693951,1.0,1.8853083113609675e-14,-74578829.14664969,3.780002520000526e-08,-0.4125041795693951,False
Ro180_q0.35_L35W_r0.60_th140_kc+10_ko+10,center_curvature,1.93274241959645e-15,-125000000.0,0.0,-2.367475708545008,-1.0,1.93274241959645e-15,125000000.0,-0.0,2.367475708545008,True
Ro180_q0.35_L35W_r0.60_th140_kc+10_ko+10,outer_curvature,1.3273049060299344e-13,-125000000.0,0.0,-2.367475708545008,-1.0,1.3273049060299344e-13,125000000.0,-0.0,2.367475708545008,True
Ro180_q0.35_L35W_r0.60_th140_kc+10_ko+10,center_angle,6.756152741061336e-16,6786112.823855132,0.0,0.12852736197377368,-1.0,6.756152741061336e-16,-6786112.823855132,-0.0,-0.12852736197377368,False
Ro180_q0.35_L35W_r0.60_th140_kc+10_ko+10,outer_angle,1.2443138509649354e-14,6786112.823855132,0.0,0.12852736197377368,-1.0,1.2443138509649354e-14,-6786112.823855132,-0.0,-0.12852736197377368,False
Ro180_q0.35_L35W_r0.60_th140_kc+10_ko+10,gb_spacing,1.243212411895409e-14,0.0,0.0,0.0,-1.0,1.243212411895409e-14,-0.0,-0.0,-0.0,False
Ro180_q0.35_L35W_r0.60_th160_kc-10_ko-10,center_outer_exchange,5.0506212651663635e-14,0.0,0.0,0.0,-1.0,5.0506212651663635e-14,-0.0,-0.0,-0.0,False
Ro180_q0.35_L35W_r0.60_th160_kc-10_ko-10,tj_radius,-2.6097707303280364e-14,-78159397.58339897,3.780002520000526e-08,-0.2109336613299595,1.0,2.6097707303280364e-14,-78159397.58339897,3.780002520000526e-08,-0.2109336613299595,False
Ro180_q0.35_L35W_r0.60_th160_kc-10_ko-10,center_curvature,2.4703996403900114e-15,-125000000.0,0.0,-1.9366450427292792,-1.0,2.4703996403900114e-15,125000000.0,-0.0,1.9366450427292792,True
Ro180_q0.35_L35W_r0.60_th160_kc-10_ko-10,outer_curvature,1.053097162356861e-13,-125000000.0,0.0,-1.9366450427292792,-1.0,1.053097162356861e-13,125000000.0,-0.0,1.9366450427292792,True
Ro180_q0.35_L35W_r0.60_th160_kc-10_ko-10,center_angle,1.057019080215603e-15,3445399.776302278,0.0,0.05338006547805918,-1.0,1.057019080215603e-15,-3445399.776302278,-0.0,-0.05338006547805918,False
Ro180_q0.35_L35W_r0.60_th160_kc-10_ko-10,outer_angle,1.2261307884492469e-14,3445399.776302278,0.0,0.05338006547805918,-1.0,1.2261307884492469e-14,-3445399.776302278,-0.0,-0.05338006547805918,False
Ro180_q0.35_L35W_r0.60_th160_kc-10_ko-10,gb_spacing,1.1195657833037607e-14,0.0,0.0,0.0,-1.0,1.1195657833037607e-14,-0.0,-0.0,-0.0,False
Ro180_q0.35_L35W_r0.60_th160_kc+0_ko+0,center_outer_exchange,5.1665087674512605e-14,0.0,0.0,0.0,-1.0,5.1665087674512605e-14,-0.0,-0.0,-0.0,False
Ro180_q0.35_L35W_r0.60_th160_kc+0_ko+0,tj_radius,-2.1677641621018067e-14,-78159397.58339897,3.780002520000526e-08,-0.3095105028469991,1.0,2.1677641621018067e-14,-78159397.58339897,3.780002520000526e-08,-0.3095105028469991,False
Ro180_q0.35_L35W_r0.60_th160_kc+0_ko+0,center_curvature,3.2017412749706177e-15,-125000000.0,0.0,-2.0942996286850146,-1.0,3.2017412749706177e-15,125000000.0,-0.0,2.0942996286850146,True
Ro180_q0.35_L35W_r0.60_th160_kc+0_ko+0,outer_curvature,1.1308391735263244e-13,-125000000.0,0.0,-2.0942996286850146,-1.0,1.1308391735263244e-13,125000000.0,-0.0,2.0942996286850146,True
Ro180_q0.35_L35W_r0.60_th160_kc+0_ko+0,center_angle,1.2831564565907561e-15,3445399.776302278,0.0,0.05772550520521946,-1.0,1.2831564565907561e-15,-3445399.776302278,-0.0,-0.05772550520521946,False
Ro180_q0.35_L35W_r0.60_th160_kc+0_ko+0,outer_angle,1.1816117003060003e-14,3445399.776302278,0.0,0.05772550520521946,-1.0,1.1816117003060003e-14,-3445399.776302278,-0.0,-0.05772550520521946,False
Ro180_q0.35_L35W_r0.60_th160_kc+0_ko+0,gb_spacing,1.0690909406279633e-14,0.0,0.0,0.0,-1.0,1.0690909406279633e-14,-0.0,-0.0,-0.0,False
Ro180_q0.35_L35W_r0.60_th160_kc+10_ko+10,center_outer_exchange,5.2718556032320006e-14,0.0,0.0,0.0,-1.0,5.2718556032320006e-14,-0.0,-0.0,-0.0,False
Ro180_q0.35_L35W_r0.60_th160_kc+10_ko+10,tj_radius,-1.6347268073354813e-14,-78159397.58339897,3.780002520000526e-08,-0.4301353207574188,1.0,1.6347268073354813e-14,-78159397.58339897,3.780002520000526e-08,-0.4301353207574188,False
Ro180_q0.35_L35W_r0.60_th160_kc+10_ko+10,center_curvature,3.921483517910221e-15,-125000000.0,0.0,-2.287215974003942,-1.0,3.921483517910221e-15,125000000.0,-0.0,2.287215974003942,True
Ro180_q0.35_L35W_r0.60_th160_kc+10_ko+10,outer_curvature,1.2064579288478472e-13,-125000000.0,0.0,-2.287215974003942,-1.0,1.2064579288478472e-13,125000000.0,-0.0,2.287215974003942,True
Ro180_q0.35_L35W_r0.60_th160_kc+10_ko+10,center_angle,1.4899412842844484e-15,3445399.776302278,0.0,0.06304285704228363,-1.0,1.4899412842844484e-15,-3445399.776302278,-0.0,-0.06304285704228363,False
Ro180_q0.35_L35W_r0.60_th160_kc+10_ko+10,outer_angle,1.1182897655874366e-14,3445399.776302278,0.0,0.06304285704228363,-1.0,1.1182897655874366e-14,-3445399.776302278,-0.0,-0.06304285704228363,False
Ro180_q0.35_L35W_r0.60_th160_kc+10_ko+10,gb_spacing,1.0309141492697712e-14,0.0,0.0,0.0,-1.0,1.0309141492697712e-14,-0.0,-0.0,-0.0,False
Ro180_q0.45_L28W_r0.45_th120_kc-10_ko-10,center_outer_exchange,1.7836933605748688e-13,0.0,0.0,0.0,-1.0,1.7836933605748688e-13,-0.0,-0.0,-0.0,False
Ro180_q0.45_L28W_r0.45_th120_kc-10_ko-10,tj_radius,-5.361289013607059e-14,-71277858.52961615,3.645002430000608e-08,-0.16432137746513753,1.0,5.361289013607059e-14,-71277858.52961615,3.645002430000608e-08,-0.16432137746513753,False
Ro180_q0.45_L28W_r0.45_th120_kc-10_ko-10,center_curvature,8.631086454906527e-15,-125000000.0,0.0,-2.0418752571282894,-1.0,8.631086454906527e-15,125000000.0,-0.0,2.0418752571282894,True
Ro180_q0.45_L28W_r0.45_th120_kc-10_ko-10,outer_curvature,1.2069927889238003e-13,-125000000.0,0.0,-2.0418752571282894,-1.0,1.2069927889238003e-13,125000000.0,-0.0,2.0418752571282894,True
Ro180_q0.45_L28W_r0.45_th120_kc-10_ko-10,center_angle,4.241470298386615e-15,10288064.128946513,0.0,0.16805530431707183,-1.0,4.241470298386615e-15,-10288064.128946513,-0.0,-0.16805530431707183,False
Ro180_q0.45_L28W_r0.45_th120_kc-10_ko-10,outer_angle,1.992264622034894e-14,10288064.128946513,0.0,0.16805530431707183,-1.0,1.992264622034894e-14,-10288064.128946513,-0.0,-0.16805530431707183,False
Ro180_q0.45_L28W_r0.45_th120_kc-10_ko-10,gb_spacing,-5.3199785550714246e-14,0.0,0.0,0.0,1.0,5.3199785550714246e-14,0.0,0.0,0.0,False
Ro180_q0.45_L28W_r0.45_th120_kc+0_ko+0,center_outer_exchange,1.7833606354301293e-13,0.0,0.0,0.0,-1.0,1.7833606354301293e-13,-0.0,-0.0,-0.0,False
Ro180_q0.45_L28W_r0.45_th120_kc+0_ko+0,tj_radius,-4.876114039182033e-14,-71277858.52961615,3.645002430000608e-08,-0.2673258515016874,1.0,4.876114039182033e-14,-71277858.52961615,3.645002430000608e-08,-0.2673258515016874,False
Ro180_q0.45_L28W_r0.45_th120_kc+0_ko+0,center_curvature,8.785150356487009e-15,-125000000.0,0.0,-2.2225156467480245,-1.0,8.785150356487009e-15,125000000.0,-0.0,2.2225156467480245,True
Ro180_q0.45_L28W_r0.45_th120_kc+0_ko+0,outer_curvature,1.3730978445611896e-13,-125000000.0,0.0,-2.2225156467480245,-1.0,1.3730978445611896e-13,125000000.0,-0.0,2.2225156467480245,True
Ro180_q0.45_L28W_r0.45_th120_kc+0_ko+0,center_angle,4.0100077819525335e-15,10288064.128946513,0.0,0.1829227220646601,-1.0,4.0100077819525335e-15,-10288064.128946513,-0.0,-0.1829227220646601,False
Ro180_q0.45_L28W_r0.45_th120_kc+0_ko+0,outer_angle,1.7611126518714718e-14,10288064.128946513,0.0,0.1829227220646601,-1.0,1.7611126518714718e-14,-10288064.128946513,-0.0,-0.1829227220646601,False
Ro180_q0.45_L28W_r0.45_th120_kc+0_ko+0,gb_spacing,-5.2873766124132827e-14,0.0,0.0,0.0,1.0,5.2873766124132827e-14,0.0,0.0,0.0,False
Ro180_q0.45_L28W_r0.45_th120_kc+10_ko+10,center_outer_exchange,1.782263495106266e-13,0.0,0.0,0.0,-1.0,1.782263495106266e-13,-0.0,-0.0,-0.0,False
Ro180_q0.45_L28W_r0.45_th120_kc+10_ko+10,tj_radius,-4.226517996245483e-14,-71277858.52961615,3.645002430000608e-08,-0.39584432614803156,1.0,4.226517996245483e-14,-71277858.52961615,3.645002430000608e-08,-0.39584432614803156,False
Ro180_q0.45_L28W_r0.45_th120_kc+10_ko+10,center_curvature,8.939732117004236e-15,-125000000.0,0.0,-2.4479007550537446,-1.0,8.939732117004236e-15,125000000.0,-0.0,2.4479007550537446,True
Ro180_q0.45_L28W_r0.45_th120_kc+10_ko+10,outer_curvature,1.5319767213895358e-13,-125000000.0,0.0,-2.4479007550537446,-1.0,1.5319767213895358e-13,125000000.0,-0.0,2.4479007550537446,True
Ro180_q0.45_L28W_r0.45_th120_kc+10_ko+10,center_angle,3.768463024776643e-15,10288064.128946513,0.0,0.20147276453563734,-1.0,3.768463024776643e-15,-10288064.128946513,-0.0,-0.20147276453563734,False
Ro180_q0.45_L28W_r0.45_th120_kc+10_ko+10,outer_angle,1.4076764688404887e-14,10288064.128946513,0.0,0.20147276453563734,-1.0,1.4076764688404887e-14,-10288064.128946513,-0.0,-0.20147276453563734,False
Ro180_q0.45_L28W_r0.45_th120_kc+10_ko+10,gb_spacing,-5.250984768764493e-14,0.0,0.0,0.0,1.0,5.250984768764493e-14,0.0,0.0,0.0,False
Ro180_q0.45_L28W_r0.45_th140_kc-10_ko-10,center_outer_exchange,1.794887209213228e-13,0.0,0.0,0.0,-1.0,1.794887209213228e-13,-0.0,-0.0,-0.0,False
Ro180_q0.45_L28W_r0.45_th140_kc-10_ko-10,tj_radius,-4.861457446930623e-14,-77341008.00393522,3.645002430000608e-08,-0.2055729384420335,1.0,4.861457446930623e-14,-77341008.00393522,3.645002430000608e-08,-0.2055729384420335,False
Ro180_q0.45_L28W_r0.45_th140_kc-10_ko-10,center_curvature,7.211482038058537e-15,-125000000.0,0.0,-1.9484737231714178,-1.0,7.211482038058537e-15,125000000.0,-0.0,1.9484737231714178,True
Ro180_q0.45_L28W_r0.45_th140_kc-10_ko-10,outer_curvature,1.0795678803006529e-13,-125000000.0,0.0,-1.9484737231714178,-1.0,1.0795678803006529e-13,125000000.0,-0.0,1.9484737231714178,True
Ro180_q0.45_L28W_r0.45_th140_kc-10_ko-10,center_angle,3.63987999378478e-15,7037450.3358490765,0.0,0.10969815907824199,-1.0,3.63987999378478e-15,-7037450.3358490765,-0.0,-0.10969815907824199,False
Ro180_q0.45_L28W_r0.45_th140_kc-10_ko-10,outer_angle,1.525472142901713e-14,7037450.3358490765,0.0,0.10969815907824199,-1.0,1.525472142901713e-14,-7037450.3358490765,-0.0,-0.10969815907824199,False
Ro180_q0.45_L28W_r0.45_th140_kc-10_ko-10,gb_spacing,-5.2938724240649455e-14,0.0,0.0,0.0,1.0,5.2938724240649455e-14,0.0,0.0,0.0,False
Ro180_q0.45_L28W_r0.45_th140_kc+0_ko+0,center_outer_exchange,1.7936652547080661e-13,0.0,0.0,0.0,-1.0,1.7936652547080661e-13,-0.0,-0.0,-0.0,False
Ro180_q0.45_L28W_r0.45_th140_kc+0_ko+0,tj_radius,-4.369526794824651e-14,-77341008.00393522,3.645002430000608e-08,-0.3046499655410262,1.0,4.369526794824651e-14,-77341008.00393522,3.645002430000608e-08,-0.3046499655410262,False
Ro180_q0.45_L28W_r0.45_th140_kc+0_ko+0,center_curvature,7.310142240490882e-15,-125000000.0,0.0,-2.108604977188122,-1.0,7.310142240490882e-15,125000000.0,-0.0,2.108604977188122,True
Ro180_q0.45_L28W_r0.45_th140_kc+0_ko+0,outer_curvature,1.1764646990895253e-13,-125000000.0,0.0,-2.108604977188122,-1.0,1.1764646990895253e-13,125000000.0,-0.0,2.108604977188122,True
Ro180_q0.45_L28W_r0.45_th140_kc+0_ko+0,center_angle,3.5292534591554807e-15,7037450.3358490765,0.0,0.11871343249236777,-1.0,3.5292534591554807e-15,-7037450.3358490765,-0.0,-0.11871343249236777,False
Ro180_q0.45_L28W_r0.45_th140_kc+0_ko+0,outer_angle,1.387137250805399e-14,7037450.3358490765,0.0,0.11871343249236777,-1.0,1.387137250805399e-14,-7037450.3358490765,-0.0,-0.11871343249236777,False
Ro180_q0.45_L28W_r0.45_th140_kc+0_ko+0,gb_spacing,-5.259992654755431e-14,0.0,0.0,0.0,1.0,5.259992654755431e-14,0.0,0.0,0.0,False
Ro180_q0.45_L28W_r0.45_th140_kc+10_ko+10,center_outer_exchange,1.7920100379977658e-13,0.0,0.0,0.0,-1.0,1.7920100379977658e-13,-0.0,-0.0,-0.0,False
Ro180_q0.45_L28W_r0.45_th140_kc+10_ko+10,tj_radius,-3.777719327832617e-14,-77341008.00393522,3.645002430000608e-08,-0.4261452886366035,1.0,3.777719327832617e-14,-77341008.00393522,3.645002430000608e-08,-0.4261452886366035,False
Ro180_q0.45_L28W_r0.45_th140_kc+10_ko+10,center_curvature,7.409731486809442e-15,-125000000.0,0.0,-2.3049696542774,-1.0,7.409731486809442e-15,125000000.0,-0.0,2.3049696542774,True
Ro180_q0.45_L28W_r0.45_th140_kc+10_ko+10,outer_curvature,1.2702350509517489e-13,-125000000.0,0.0,-2.3049696542774,-1.0,1.2702350509517489e-13,125000000.0,-0.0,2.3049696542774,True
Ro180_q0.45_L28W_r0.45_th140_kc+10_ko+10,center_angle,3.414942726903304e-15,7037450.3358490765,0.0,0.1297686016412669,-1.0,3.414942726903304e-15,-7037450.3358490765,-0.0,-0.1297686016412669,False
Ro180_q0.45_L28W_r0.45_th140_kc+10_ko+10,outer_angle,1.2032153651176364e-14,7037450.3358490765,0.0,0.1297686016412669,-1.0,1.2032153651176364e-14,-7037450.3358490765,-0.0,-0.1297686016412669,False
Ro180_q0.45_L28W_r0.45_th140_kc+10_ko+10,gb_spacing,-5.223796558238821e-14,0.0,0.0,0.0,1.0,5.223796558238821e-14,0.0,0.0,0.0,False
Ro180_q0.45_L28W_r0.45_th160_kc-10_ko-10,center_outer_exchange,1.8022263795681546e-13,0.0,0.0,0.0,-1.0,1.8022263795681546e-13,-0.0,-0.0,-0.0,False
Ro180_q0.45_L28W_r0.45_th160_kc-10_ko-10,tj_radius,-4.3295403813794366e-14,-81054190.0864914,3.645002430000608e-08,-0.22952721058311365,1.0,4.3295403813794366e-14,-81054190.0864914,3.645002430000608e-08,-0.22952721058311365,False
Ro180_q0.45_L28W_r0.45_th160_kc-10_ko-10,center_curvature,6.620661338315913e-15,-125000000.0,0.0,-1.8961536182064975,-1.0,6.620661338315913e-15,125000000.0,-0.0,1.8961536182064975,True
Ro180_q0.45_L28W_r0.45_th160_kc-10_ko-10,outer_curvature,1.0127308393854782e-13,-125000000.0,0.0,-1.8961536182064975,-1.0,1.0127308393854782e-13,125000000.0,-0.0,1.8961536182064975,True
Ro180_q0.45_L28W_r0.45_th160_kc-10_ko-10,center_angle,3.3561107419110888e-15,3573007.17542693,0.0,0.05419970166542498,-1.0,3.3561107419110888e-15,-3573007.17542693,-0.0,-0.05419970166542498,False
Ro180_q0.45_L28W_r0.45_th160_kc-10_ko-10,outer_angle,1.1808934588373842e-14,3573007.17542693,0.0,0.05419970166542498,-1.0,1.1808934588373842e-14,-3573007.17542693,-0.0,-0.05419970166542498,False
Ro180_q0.45_L28W_r0.45_th160_kc-10_ko-10,gb_spacing,-5.253307145552758e-14,0.0,0.0,0.0,1.0,5.253307145552758e-14,0.0,0.0,0.0,False
Ro180_q0.45_L28W_r0.45_th160_kc+0_ko+0,center_outer_exchange,1.800559580969661e-13,0.0,0.0,0.0,-1.0,1.800559580969661e-13,-0.0,-0.0,-0.0,False
Ro180_q0.45_L28W_r0.45_th160_kc+0_ko+0,tj_radius,-3.829222546669294e-14,-81054190.0864914,3.645002430000608e-08,-0.32638708483057055,1.0,3.829222546669294e-14,-81054190.0864914,3.645002430000608e-08,-0.32638708483057055,False
Ro180_q0.45_L28W_r0.45_th160_kc+0_ko+0,center_curvature,6.699718462465073e-15,-125000000.0,0.0,-2.0455297355086444,-1.0,6.699718462465073e-15,125000000.0,-0.0,2.0455297355086444,True
Ro180_q0.45_L28W_r0.45_th160_kc+0_ko+0,outer_curvature,1.0833424279128881e-13,-125000000.0,0.0,-2.0455297355086444,-1.0,1.0833424279128881e-13,125000000.0,-0.0,2.0455297355086444,True
Ro180_q0.45_L28W_r0.45_th160_kc+0_ko+0,center_angle,3.325204914913534e-15,3573007.17542693,0.0,0.058469454461196335,-1.0,3.325204914913534e-15,-3573007.17542693,-0.0,-0.058469454461196335,False
Ro180_q0.45_L28W_r0.45_th160_kc+0_ko+0,outer_angle,1.134337631937626e-14,3573007.17542693,0.0,0.058469454461196335,-1.0,1.134337631937626e-14,-3573007.17542693,-0.0,-0.058469454461196335,False
Ro180_q0.45_L28W_r0.45_th160_kc+0_ko+0,gb_spacing,-5.217827293389155e-14,0.0,0.0,0.0,1.0,5.217827293389155e-14,0.0,0.0,0.0,False
Ro180_q0.45_L28W_r0.45_th160_kc+10_ko+10,center_outer_exchange,1.798587840718688e-13,0.0,0.0,0.0,-1.0,1.798587840718688e-13,-0.0,-0.0,-0.0,False
Ro180_q0.45_L28W_r0.45_th160_kc+10_ko+10,tj_radius,-3.2530840820446506e-14,-81054190.0864914,3.645002430000608e-08,-0.44406259395413095,1.0,3.2530840820446506e-14,-81054190.0864914,3.645002430000608e-08,-0.44406259395413095,False
Ro180_q0.45_L28W_r0.45_th160_kc+10_ko+10,center_curvature,6.779734518307068e-15,-125000000.0,0.0,-2.227007709215023,-1.0,6.779734518307068e-15,125000000.0,-0.0,2.227007709215023,True
Ro180_q0.45_L28W_r0.45_th160_kc+10_ko+10,outer_curvature,1.1518166251942306e-13,-125000000.0,0.0,-2.227007709215023,-1.0,1.1518166251942306e-13,125000000.0,-0.0,2.227007709215023,True
Ro180_q0.45_L28W_r0.45_th160_kc+10_ko+10,center_angle,3.2931982643043717e-15,3573007.17542693,0.0,0.06365679567099658,-1.0,3.2931982643043717e-15,-3573007.17542693,-0.0,-0.06365679567099658,False
Ro180_q0.45_L28W_r0.45_th160_kc+10_ko+10,outer_angle,1.0704077980191872e-14,3573007.17542693,0.0,0.06365679567099658,-1.0,1.0704077980191872e-14,-3573007.17542693,-0.0,-0.06365679567099658,False
Ro180_q0.45_L28W_r0.45_th160_kc+10_ko+10,gb_spacing,-5.1805655229540716e-14,0.0,0.0,0.0,1.0,5.1805655229540716e-14,0.0,0.0,0.0,False
Ro180_q0.45_L28W_r0.60_th120_kc-10_ko-10,center_outer_exchange,1.6207625775443283e-13,0.0,0.0,0.0,-1.0,1.6207625775443283e-13,-0.0,-0.0,-0.0,False
Ro180_q0.45_L28W_r0.60_th120_kc-10_ko-10,tj_radius,-8.321013718245785e-14,-53458393.89721118,4.8600032400007003e-08,-0.02384829395241095,1.0,8.321013718245785e-14,-53458393.89721118,4.8600032400007003e-08,-0.02384829395241095,False
Ro180_q0.45_L28W_r0.60_th120_kc-10_ko-10,center_curvature,9.743879135541103e-15,-125000000.0,0.0,-2.394038329292414,-1.0,9.743879135541103e-15,125000000.0,-0.0,2.394038329292414,True
Ro180_q0.45_L28W_r0.60_th120_kc-10_ko-10,outer_curvature,1.4541179066918026e-13,-125000000.0,0.0,-2.394038329292414,-1.0,1.4541179066918026e-13,125000000.0,-0.0,2.394038329292414,True
Ro180_q0.45_L28W_r0.60_th120_kc-10_ko-10,center_angle,4.6892035460384635e-15,7716048.096707091,0.0,0.14777975902990903,-1.0,4.6892035460384635e-15,-7716048.096707091,-0.0,-0.14777975902990903,False
Ro180_q0.45_L28W_r0.60_th120_kc-10_ko-10,outer_angle,2.2543927863787398e-14,7716048.096707091,0.0,0.14777975902990903,-1.0,2.2543927863787398e-14,-7716048.096707091,-0.0,-0.14777975902990903,False
Ro180_q0.45_L28W_r0.60_th120_kc-10_ko-10,gb_spacing,-4.234752505953853e-14,0.0,0.0,0.0,1.0,4.234752505953853e-14,0.0,0.0,0.0,False
Ro180_q0.45_L28W_r0.60_th120_kc+0_ko+0,center_outer_exchange,1.6266073521134297e-13,0.0,0.0,0.0,-1.0,1.6266073521134297e-13,-0.0,-0.0,-0.0,False
Ro180_q0.45_L28W_r0.60_th120_kc+0_ko+0,tj_radius,-7.879740379734299e-14,-53458393.89721118,4.8600032400007003e-08,-0.141301365708002,1.0,7.879740379734299e-14,-53458393.89721118,4.8600032400007003e-08,-0.141301365708002,False
Ro180_q0.45_L28W_r0.60_th120_kc+0_ko+0,center_curvature,1.0162591163123812e-14,-125000000.0,0.0,-2.6686785401563995,-1.0,1.0162591163123812e-14,125000000.0,-0.0,2.6686785401563995,True
Ro180_q0.45_L28W_r0.60_th120_kc+0_ko+0,outer_curvature,1.79303646537888e-13,-125000000.0,0.0,-2.6686785401563995,-1.0,1.79303646537888e-13,125000000.0,-0.0,2.6686785401563995,True
Ro180_q0.45_L28W_r0.60_th120_kc+0_ko+0,center_angle,4.5198536987592926e-15,7716048.096707091,0.0,0.1647326529319315,-1.0,4.5198536987592926e-15,-7716048.096707091,-0.0,-0.1647326529319315,False
Ro180_q0.45_L28W_r0.60_th120_kc+0_ko+0,outer_angle,2.0965371543167404e-14,7716048.096707091,0.0,0.1647326529319315,-1.0,2.0965371543167404e-14,-7716048.096707091,-0.0,-0.1647326529319315,False
Ro180_q0.45_L28W_r0.60_th120_kc+0_ko+0,gb_spacing,-4.236322077432651e-14,0.0,0.0,0.0,1.0,4.236322077432651e-14,0.0,0.0,0.0,False
Ro180_q0.45_L28W_r0.60_th120_kc+10_ko+10,center_outer_exchange,1.630467926032015e-13,0.0,0.0,0.0,-1.0,1.630467926032015e-13,-0.0,-0.0,-0.0,False
Ro180_q0.45_L28W_r0.60_th120_kc+10_ko+10,tj_radius,-7.099822189721057e-14,-53458393.89721118,4.8600032400007003e-08,-0.29913342823684186,1.0,7.099822189721057e-14,-53458393.89721118,4.8600032400007003e-08,-0.29913342823684186,False
Ro180_q0.45_L28W_r0.60_th120_kc+10_ko+10,center_curvature,1.0575771958426319e-14,-125000000.0,0.0,-3.037738781204169,-1.0,1.0575771958426319e-14,125000000.0,-0.0,3.037738781204169,True
Ro180_q0.45_L28W_r0.60_th120_kc+10_ko+10,outer_curvature,2.1205192458814402e-13,-125000000.0,0.0,-3.037738781204169,-1.0,2.1205192458814402e-13,125000000.0,-0.0,3.037738781204169,True
Ro180_q0.45_L28W_r0.60_th120_kc+10_ko+10,center_angle,4.320049875426271e-15,7716048.096707091,0.0,0.1875137452840292,-1.0,4.320049875426271e-15,-7716048.096707091,-0.0,-0.1875137452840292,False
Ro180_q0.45_L28W_r0.60_th120_kc+10_ko+10,outer_angle,1.6948906254215287e-14,7716048.096707091,0.0,0.1875137452840292,-1.0,1.6948906254215287e-14,-7716048.096707091,-0.0,-0.1875137452840292,False
Ro180_q0.45_L28W_r0.60_th120_kc+10_ko+10,gb_spacing,-4.227147743138717e-14,0.0,0.0,0.0,1.0,4.227147743138717e-14,0.0,0.0,0.0,False
Ro180_q0.45_L28W_r0.60_th140_kc-10_ko-10,center_outer_exchange,1.6570455779668416e-13,0.0,0.0,0.0,-1.0,1.6570455779668416e-13,-0.0,-0.0,-0.0,False
Ro180_q0.45_L28W_r0.60_th140_kc-10_ko-10,tj_radius,-7.949679812319301e-14,-58005756.00294769,4.8600032400007003e-08,-0.06290517174212251,1.0,7.949679812319301e-14,-58005756.00294769,4.8600032400007003e-08,-0.06290517174212251,False
Ro180_q0.45_L28W_r0.60_th140_kc-10_ko-10,center_curvature,8.736184996432097e-15,-125000000.0,0.0,-2.2905231546754834,-1.0,8.736184996432097e-15,125000000.0,-0.0,2.2905231546754834,True
Ro180_q0.45_L28W_r0.60_th140_kc-10_ko-10,outer_curvature,1.3973654381161182e-13,-125000000.0,0.0,-2.2905231546754834,-1.0,1.3973654381161182e-13,125000000.0,-0.0,2.2905231546754834,True
Ro180_q0.45_L28W_r0.60_th140_kc-10_ko-10,center_angle,4.345115119462979e-15,5278087.751891464,0.0,0.09671645265107998,-1.0,4.345115119462979e-15,-5278087.751891464,-0.0,-0.09671645265107998,False
Ro180_q0.45_L28W_r0.60_th140_kc-10_ko-10,outer_angle,1.8924583779335452e-14,5278087.751887739,0.0,0.09671645265107998,-1.0,1.8924583779335452e-14,-5278087.751887739,-0.0,-0.09671645265107998,False
Ro180_q0.45_L28W_r0.60_th140_kc-10_ko-10,gb_spacing,-4.334958507926581e-14,0.0,0.0,0.0,1.0,4.334958507926581e-14,0.0,0.0,0.0,False
Ro180_q0.45_L28W_r0.60_th140_kc+0_ko+0,center_outer_exchange,1.6588167513926387e-13,0.0,0.0,0.0,-1.0,1.6588167513926387e-13,-0.0,-0.0,-0.0,False
Ro180_q0.45_L28W_r0.60_th140_kc+0_ko+0,tj_radius,-7.383356636684352e-14,-58005756.00294955,4.8600032400007003e-08,-0.17617125749902485,1.0,7.383356636684352e-14,-58005756.00294955,4.8600032400007003e-08,-0.17617125749902485,False
Ro180_q0.45_L28W_r0.60_th140_kc+0_ko+0,center_curvature,8.987594416111795e-15,-125000000.0,0.0,-2.534609619018191,-1.0,8.987594416111795e-15,125000000.0,-0.0,2.534609619018191,True
Ro180_q0.45_L28W_r0.60_th140_kc+0_ko+0,outer_curvature,1.5984197316624578e-13,-125000000.0,0.0,-2.534609619018191,-1.0,1.5984197316624578e-13,125000000.0,-0.0,2.534609619018191,True
Ro180_q0.45_L28W_r0.60_th140_kc+0_ko+0,center_angle,4.2629971514887925e-15,5278087.751887739,0.0,0.10702282521179995,-1.0,4.2629971514887925e-15,-5278087.751887739,-0.0,-0.10702282521179995,False
Ro180_q0.45_L28W_r0.60_th140_kc+0_ko+0,outer_angle,1.7789855082228362e-14,5278087.751887739,0.0,0.10702282521179995,-1.0,1.7789855082228362e-14,-5278087.751887739,-0.0,-0.10702282521179995,False
Ro180_q0.45_L28W_r0.60_th140_kc+0_ko+0,gb_spacing,-4.3140635869784654e-14,0.0,0.0,0.0,1.0,4.3140635869784654e-14,0.0,0.0,0.0,False
Ro180_q0.45_L28W_r0.60_th140_kc+10_ko+10,center_outer_exchange,1.6594760627761457e-13,0.0,0.0,0.0,-1.0,1.6594760627761457e-13,-0.0,-0.0,-0.0,False
Ro180_q0.45_L28W_r0.60_th140_kc+10_ko+10,tj_radius,-6.611517283603429e-14,-58005756.00294955,4.8600032400007003e-08,-0.32486091107963855,1.0,6.611517283603429e-14,-58005756.00294955,4.8600032400007003e-08,-0.32486091107963855,False
Ro180_q0.45_L28W_r0.60_th140_kc+10_ko+10,center_curvature,9.23825593744172e-15,-125000000.0,0.0,-2.8550345524323006,-1.0,9.23825593744172e-15,125000000.0,-0.0,2.8550345524323006,True
Ro180_q0.45_L28W_r0.60_th140_kc+10_ko+10,outer_curvature,1.795599259771132e-13,-125000000.0,0.0,-2.8550345524323006,-1.0,1.795599259771132e-13,125000000.0,-0.0,2.8550345524323006,True
Ro180_q0.45_L28W_r0.60_th140_kc+10_ko+10,center_angle,4.169924322106029e-15,5278087.751887739,0.0,0.12055247488440557,-1.0,4.169924322106029e-15,-5278087.751887739,-0.0,-0.12055247488440557,False
Ro180_q0.45_L28W_r0.60_th140_kc+10_ko+10,outer_angle,1.574681847828267e-14,5278087.751887739,0.0,0.12055247488440557,-1.0,1.574681847828267e-14,-5278087.751887739,-0.0,-0.12055247488440557,False
Ro180_q0.45_L28W_r0.60_th140_kc+10_ko+10,gb_spacing,-4.287038531881239e-14,0.0,0.0,0.0,1.0,4.287038531881239e-14,0.0,0.0,0.0,False
Ro180_q0.45_L28W_r0.60_th160_kc-10_ko-10,center_outer_exchange,1.6801947161835684e-13,0.0,0.0,0.0,-1.0,1.6801947161835684e-13,-0.0,-0.0,-0.0,False
Ro180_q0.45_L28W_r0.60_th160_kc-10_ko-10,tj_radius,-7.390122196300902e-14,-60790642.56486669,4.8600032400007003e-08,-0.08563468487243764,1.0,7.390122196300902e-14,-60790642.56486669,4.8600032400007003e-08,-0.08563468487243764,False
Ro180_q0.45_L28W_r0.60_th160_kc-10_ko-10,center_curvature,8.398360336328675e-15,-125000000.0,0.0,-2.232328799585126,-1.0,8.398360336328675e-15,125000000.0,-0.0,2.232328799585126,True
Ro180_q0.45_L28W_r0.60_th160_kc-10_ko-10,outer_curvature,1.3656072858950946e-13,-125000000.0,0.0,-2.232328799585126,-1.0,1.3656072858950946e-13,125000000.0,-0.0,2.232328799585126,True
Ro180_q0.45_L28W_r0.60_th160_kc-10_ko-10,center_angle,4.2223810242698804e-15,2679755.3815692663,0.0,0.047856667386270146,-1.0,4.2223810242698804e-15,-2679755.3815692663,-0.0,-0.047856667386270146,False
Ro180_q0.45_L28W_r0.60_th160_kc-10_ko-10,outer_angle,1.577231503581846e-14,2679755.3815692663,0.0,0.047856667386270146,-1.0,1.577231503581846e-14,-2679755.3815692663,-0.0,-0.047856667386270146,False
Ro180_q0.45_L28W_r0.60_th160_kc-10_ko-10,gb_spacing,-4.361914004896683e-14,0.0,0.0,0.0,1.0,4.361914004896683e-14,0.0,0.0,0.0,False
Ro180_q0.45_L28W_r0.60_th160_kc+0_ko+0,center_outer_exchange,1.6799983627528398e-13,0.0,0.0,0.0,-1.0,1.6799983627528398e-13,-0.0,-0.0,-0.0,False
Ro180_q0.45_L28W_r0.60_th160_kc+0_ko+0,tj_radius,-6.753112206373224e-14,-60790642.56486669,4.8600032400007003e-08,-0.19652470563913393,1.0,6.753112206373224e-14,-60790642.56486669,4.8600032400007003e-08,-0.19652470563913393,False
Ro180_q0.45_L28W_r0.60_th160_kc+0_ko+0,center_curvature,8.589365383016152e-15,-125000000.0,0.0,-2.4603473811861676,-1.0,8.589365383016152e-15,125000000.0,-0.0,2.4603473811861676,True
Ro180_q0.45_L28W_r0.60_th160_kc+0_ko+0,outer_curvature,1.514824166955936e-13,-125000000.0,0.0,-2.4603473811861676,-1.0,1.514824166955936e-13,125000000.0,-0.0,2.4603473811861676,True
Ro180_q0.45_L28W_r0.60_th160_kc+0_ko+0,center_angle,4.219308108121457e-15,2679755.3815692663,0.0,0.05274489370332702,-1.0,4.219308108121457e-15,-2679755.3815692663,-0.0,-0.05274489370332702,False
Ro180_q0.45_L28W_r0.60_th160_kc+0_ko+0,outer_angle,1.561375493656413e-14,2679755.3815692663,0.0,0.05274489370332702,-1.0,1.561375493656413e-14,-2679755.3815692663,-0.0,-0.05274489370332702,False
Ro180_q0.45_L28W_r0.60_th160_kc+0_ko+0,gb_spacing,-4.328852817121081e-14,0.0,0.0,0.0,1.0,4.328852817121081e-14,0.0,0.0,0.0,False
Ro180_q0.45_L28W_r0.60_th160_kc+10_ko+10,center_outer_exchange,1.679018892271418e-13,0.0,0.0,0.0,-1.0,1.679018892271418e-13,-0.0,-0.0,-0.0,False
Ro180_q0.45_L28W_r0.60_th160_kc+10_ko+10,tj_radius,-5.960535064654275e-14,-60790642.56486669,4.8600032400007003e-08,-0.3402805615152493,1.0,5.960535064654275e-14,-60790642.56486669,4.8600032400007003e-08,-0.3402805615152493,False
Ro180_q0.45_L28W_r0.60_th160_kc+10_ko+10,center_curvature,8.780734534828428e-15,-125000000.0,0.0,-2.755947645981749,-1.0,8.780734534828428e-15,125000000.0,-0.0,2.755947645981749,True
Ro180_q0.45_L28W_r0.60_th160_kc+10_ko+10,outer_curvature,1.6621963938347033e-13,-125000000.0,0.0,-2.755947645981749,-1.0,1.6621963938347033e-13,125000000.0,-0.0,2.755947645981749,True
Ro180_q0.45_L28W_r0.60_th160_kc+10_ko+10,center_angle,4.212527159037812e-15,2679755.3815692663,0.0,0.05908190157111193,-1.0,4.212527159037812e-15,-2679755.3815692663,-0.0,-0.05908190157111193,False
Ro180_q0.45_L28W_r0.60_th160_kc+10_ko+10,outer_angle,1.5123567075132814e-14,2679755.3815692663,0.0,0.05908190157111193,-1.0,1.5123567075132814e-14,-2679755.3815692663,-0.0,-0.05908190157111193,False
Ro180_q0.45_L28W_r0.60_th160_kc+10_ko+10,gb_spacing,-4.2913576544752837e-14,0.0,0.0,0.0,1.0,4.2913576544752837e-14,0.0,0.0,0.0,False
Ro180_q0.45_L28W_r0.75_th120_kc-10_ko-10,center_outer_exchange,1.1685202584850031e-13,0.0,0.0,0.0,-1.0,1.1685202584850031e-13,-0.0,-0.0,-0.0,False
Ro180_q0.45_L28W_r0.75_th120_kc-10_ko-10,tj_radius,-9.776504515206252e-14,-42766715.117769316,6.075004050000958e-08,0.07944474680565694,1.0,9.776504515206252e-14,-42766715.117769316,6.075004050000958e-08,0.07944474680565694,False
Ro180_q0.45_L28W_r0.75_th120_kc-10_ko-10,center_curvature,5.7159898317528845e-15,-125000000.0,0.0,-2.690641482142375,-1.0,5.7159898317528845e-15,125000000.0,-0.0,2.690641482142375,True
Ro180_q0.45_L28W_r0.75_th120_kc-10_ko-10,outer_curvature,1.5341720315888438e-13,-125000000.0,0.0,-2.690641482142375,-1.0,1.5341720315888438e-13,125000000.0,-0.0,2.690641482142375,True
Ro180_q0.45_L28W_r0.75_th120_kc-10_ko-10,center_angle,2.7872506068563904e-15,6172838.477367535,0.0,0.13287069148848474,-1.0,2.7872506068563904e-15,-6172838.477367535,-0.0,-0.13287069148848474,False
Ro180_q0.45_L28W_r0.75_th120_kc-10_ko-10,outer_angle,2.3087602205348012e-14,6172838.477369398,0.0,0.13287069148848474,-1.0,2.3087602205348012e-14,-6172838.477369398,-0.0,-0.13287069148848474,False
Ro180_q0.45_L28W_r0.75_th120_kc-10_ko-10,gb_spacing,-1.7438074149167064e-14,0.0,0.0,0.0,1.0,1.7438074149167064e-14,0.0,0.0,0.0,False
Ro180_q0.45_L28W_r0.75_th120_kc+0_ko+0,center_outer_exchange,1.2002251789792497e-13,0.0,0.0,0.0,-1.0,1.2002251789792497e-13,-0.0,-0.0,-0.0,False
Ro180_q0.45_L28W_r0.75_th120_kc+0_ko+0,tj_radius,-9.7007202727392e-14,-42766715.117769316,6.075004050000958e-08,-0.049714468731365535,1.0,9.7007202727392e-14,-42766715.117769316,6.075004050000958e-08,-0.049714468731365535,False
Ro180_q0.45_L28W_r0.75_th120_kc+0_ko+0,center_curvature,6.876225736295666e-15,-125000000.0,0.0,-3.068159669073367,-1.0,6.876225736295666e-15,125000000.0,-0.0,3.068159669073367,True
Ro180_q0.45_L28W_r0.75_th120_kc+0_ko+0,outer_curvature,2.1240829633356871e-13,-125000000.0,0.0,-3.068159669073367,-1.0,2.1240829633356871e-13,125000000.0,-0.0,3.068159669073367,True
Ro180_q0.45_L28W_r0.75_th120_kc+0_ko+0,center_angle,3.0331989179319087e-15,6172838.477367535,0.0,0.15151322235340547,-1.0,3.0331989179319087e-15,-6172838.477367535,-0.0,-0.15151322235340547,False
Ro180_q0.45_L28W_r0.75_th120_kc+0_ko+0,outer_angle,2.3394321198428595e-14,6172838.477367535,0.0,0.15151322235340547,-1.0,2.3394321198428595e-14,-6172838.477367535,-0.0,-0.15151322235340547,False
Ro180_q0.45_L28W_r0.75_th120_kc+0_ko+0,gb_spacing,-1.896012299855555e-14,0.0,0.0,0.0,1.0,1.896012299855555e-14,0.0,0.0,0.0,False
Ro180_q0.45_L28W_r0.75_th120_kc+10_ko+10,center_outer_exchange,1.2270118539916597e-13,0.0,0.0,0.0,-1.0,1.2270118539916597e-13,-0.0,-0.0,-0.0,False
Ro180_q0.45_L28W_r0.75_th120_kc+10_ko+10,tj_radius,-9.019235018910688e-14,-42766715.117769316,6.075004050000958e-08,-0.23685786325644553,1.0,9.019235018910688e-14,-42766715.117769316,6.075004050000958e-08,-0.23685786325644553,False
Ro180_q0.45_L28W_r0.75_th120_kc+10_ko+10,center_curvature,8.003269499401033e-15,-125000000.0,0.0,-3.6151651972069487,-1.0,8.003269499401033e-15,125000000.0,-0.0,3.6151651972069487,True
Ro180_q0.45_L28W_r0.75_th120_kc+10_ko+10,outer_curvature,2.6977813547883044e-13,-125000000.0,0.0,-3.6151651972069487,-1.0,2.6977813547883044e-13,125000000.0,-0.0,3.6151651972069487,True
Ro180_q0.45_L28W_r0.75_th120_kc+10_ko+10,center_angle,3.1874603965544826e-15,6172838.477367535,0.0,0.17852503786919272,-1.0,3.1874603965544826e-15,-6172838.477367535,-0.0,-0.17852503786919272,False
Ro180_q0.45_L28W_r0.75_th120_kc+10_ko+10,outer_angle,1.950065842273997e-14,6172838.477367535,0.0,0.17852503786919272,-1.0,1.950065842273997e-14,-6172838.477367535,-0.0,-0.17852503786919272,False
Ro180_q0.45_L28W_r0.75_th120_kc+10_ko+10,gb_spacing,-2.019464724783863e-14,0.0,0.0,0.0,1.0,2.019464724783863e-14,0.0,0.0,0.0,False
Ro180_q0.45_L28W_r0.75_th140_kc-10_ko-10,center_outer_exchange,1.294252144469946e-13,0.0,0.0,0.0,-1.0,1.294252144469946e-13,-0.0,-0.0,-0.0,False
Ro180_q0.45_L28W_r0.75_th140_kc-10_ko-10,tj_radius,-1.016510964828449e-13,-46404604.80236076,6.075004050000958e-08,0.042255704160276686,1.0,1.016510964828449e-13,-46404604.80236076,6.075004050000958e-08,0.042255704160276686,False
Ro180_q0.45_L28W_r0.75_th140_kc-10_ko-10,center_curvature,7.334308516007562e-15,-125000000.0,0.0,-2.579883957468998,-1.0,7.334308516007562e-15,125000000.0,-0.0,2.579883957468998,True
Ro180_q0.45_L28W_r0.75_th140_kc-10_ko-10,outer_curvature,1.6328268253747373e-13,-125000000.0,0.0,-2.579883957468998,-1.0,1.6328268253747373e-13,125000000.0,-0.0,2.579883957468998,True
Ro180_q0.45_L28W_r0.75_th140_kc-10_ko-10,center_angle,3.631422761220799e-15,4222470.201510936,0.0,0.08714759470063171,-1.0,3.631422761220799e-15,-4222470.201510936,-0.0,-0.08714759470063171,False
Ro180_q0.45_L28W_r0.75_th140_kc-10_ko-10,outer_angle,2.1623182828650855e-14,4222470.201510936,0.0,0.08714759470063171,-1.0,2.1623182828650855e-14,-4222470.201510936,-0.0,-0.08714759470063171,False
Ro180_q0.45_L28W_r0.75_th140_kc-10_ko-10,gb_spacing,-2.2956617561192828e-14,0.0,0.0,0.0,1.0,2.2956617561192828e-14,0.0,0.0,0.0,False
Ro180_q0.45_L28W_r0.75_th140_kc+0_ko+0,center_outer_exchange,1.3107766351559982e-13,0.0,0.0,0.0,-1.0,1.3107766351559982e-13,-0.0,-0.0,-0.0,False
Ro180_q0.45_L28W_r0.75_th140_kc+0_ko+0,tj_radius,-9.707736572072154e-14,-46404604.80236076,6.075004050000958e-08,-0.08258397826599317,1.0,9.707736572072154e-14,-46404604.80236076,6.075004050000958e-08,-0.08258397826599317,False
Ro180_q0.45_L28W_r0.75_th140_kc+0_ko+0,center_curvature,7.987212093503591e-15,-125000000.0,0.0,-2.916169988929518,-1.0,7.987212093503591e-15,125000000.0,-0.0,2.916169988929518,True
Ro180_q0.45_L28W_r0.75_th140_kc+0_ko+0,outer_curvature,1.9855218830369548e-13,-125000000.0,0.0,-2.916169988929518,-1.0,1.9855218830369548e-13,125000000.0,-0.0,2.916169988929518,True
Ro180_q0.45_L28W_r0.75_th140_kc+0_ko+0,center_angle,3.7370849574441785e-15,4222470.201510936,0.0,0.09850707880343368,-1.0,3.7370849574441785e-15,-4222470.201510936,-0.0,-0.09850707880343368,False
Ro180_q0.45_L28W_r0.75_th140_kc+0_ko+0,outer_angle,2.127748965989828e-14,4222470.201510936,0.0,0.09850707880343368,-1.0,2.127748965989828e-14,-4222470.201510936,-0.0,-0.09850707880343368,False
Ro180_q0.45_L28W_r0.75_th140_kc+0_ko+0,gb_spacing,-2.3569062927135322e-14,0.0,0.0,0.0,1.0,2.3569062927135322e-14,0.0,0.0,0.0,False
Ro180_q0.45_L28W_r0.75_th140_kc+10_ko+10,center_outer_exchange,1.324538001222562e-13,0.0,0.0,0.0,-1.0,1.324538001222562e-13,-0.0,-0.0,-0.0,False
Ro180_q0.45_L28W_r0.75_th140_kc+10_ko+10,tj_radius,-8.883932258556124e-14,-46404604.80236076,6.075004050000958e-08,-0.2581771327377913,1.0,8.883932258556124e-14,-46404604.80236076,6.075004050000958e-08,-0.2581771327377913,False
Ro180_q0.45_L28W_r0.75_th140_kc+10_ko+10,center_curvature,8.627162101644592e-15,-125000000.0,0.0,-3.3891767829886676,-1.0,8.627162101644592e-15,125000000.0,-0.0,3.3891767829886676,True
Ro180_q0.45_L28W_r0.75_th140_kc+10_ko+10,outer_curvature,2.333185293256532e-13,-125000000.0,0.0,-3.3891767829886676,-1.0,2.333185293256532e-13,125000000.0,-0.0,3.3891767829886676,True
Ro180_q0.45_L28W_r0.75_th140_kc+10_ko+10,center_angle,3.809499556696901e-15,4222470.201510936,0.0,0.11448474511599471,-1.0,3.809499556696901e-15,-4222470.201510936,-0.0,-0.11448474511599471,False
Ro180_q0.45_L28W_r0.75_th140_kc+10_ko+10,outer_angle,1.935848096249694e-14,4222470.201510936,0.0,0.11448474511599471,-1.0,1.935848096249694e-14,-4222470.201510936,-0.0,-0.11448474511599471,False
Ro180_q0.45_L28W_r0.75_th140_kc+10_ko+10,gb_spacing,-2.4021104460971878e-14,0.0,0.0,0.0,1.0,2.4021104460971878e-14,0.0,0.0,0.0,False
Ro180_q0.45_L28W_r0.75_th160_kc-10_ko-10,center_outer_exchange,1.37535189511585e-13,0.0,0.0,0.0,-1.0,1.37535189511585e-13,-0.0,-0.0,-0.0,False
Ro180_q0.45_L28W_r0.75_th160_kc-10_ko-10,tj_radius,-9.974616331301622e-14,-48632514.05189745,6.075004050000958e-08,0.020577475001837264,1.0,9.974616331301622e-14,-48632514.05189745,6.075004050000958e-08,0.020577475001837264,False
Ro180_q0.45_L28W_r0.75_th160_kc-10_ko-10,center_curvature,8.299656061436625e-15,-125000000.0,0.0,-2.5174157411118614,-1.0,8.299656061436625e-15,125000000.0,-0.0,2.5174157411118614,True
Ro180_q0.45_L28W_r0.75_th160_kc-10_ko-10,outer_curvature,1.67782983043494e-13,-125000000.0,0.0,-2.5174157411118614,-1.0,1.67782983043494e-13,125000000.0,-0.0,2.5174157411118614,True
Ro180_q0.45_L28W_r0.75_th160_kc-10_ko-10,center_angle,4.137492546832465e-15,2143804.305255413,0.0,0.04317464964553874,-1.0,4.137492546832465e-15,-2143804.305255413,-0.0,-0.04317464964553874,False
Ro180_q0.45_L28W_r0.75_th160_kc-10_ko-10,outer_angle,1.9291520459771098e-14,2143804.305255413,0.0,0.04317464964553874,-1.0,1.9291520459771098e-14,-2143804.305255413,-0.0,-0.04317464964553874,False
Ro180_q0.45_L28W_r0.75_th160_kc-10_ko-10,gb_spacing,-2.6006173732541622e-14,0.0,0.0,0.0,1.0,2.6006173732541622e-14,0.0,0.0,0.0,False
Ro180_q0.45_L28W_r0.75_th160_kc+0_ko+0,center_outer_exchange,1.3844835880015677e-13,0.0,0.0,0.0,-1.0,1.3844835880015677e-13,-0.0,-0.0,-0.0,False
Ro180_q0.45_L28W_r0.75_th160_kc+0_ko+0,tj_radius,-9.31544468381835e-14,-48632514.05189559,6.075004050000958e-08,-0.10179841592561356,1.0,9.31544468381835e-14,-48632514.05189559,6.075004050000958e-08,-0.10179841592561356,False
Ro180_q0.45_L28W_r0.75_th160_kc+0_ko+0,center_curvature,8.763221639868253e-15,-125000000.0,0.0,-2.831962939707111,-1.0,8.763221639868253e-15,125000000.0,-0.0,2.831962939707111,True
Ro180_q0.45_L28W_r0.75_th160_kc+0_ko+0,outer_curvature,1.941066512906594e-13,-125000000.0,0.0,-2.831962939707111,-1.0,1.941066512906594e-13,125000000.0,-0.0,2.831962939707111,True
Ro180_q0.45_L28W_r0.75_th160_kc+0_ko+0,center_angle,4.244273448995592e-15,2143804.305255413,0.0,0.04856919333207088,-1.0,4.244273448995592e-15,-2143804.305255413,-0.0,-0.04856919333207088,False
Ro180_q0.45_L28W_r0.75_th160_kc+0_ko+0,outer_angle,1.9752961548947157e-14,2143804.305255413,0.0,0.04856919333207088,-1.0,1.9752961548947157e-14,-2143804.305255413,-0.0,-0.04856919333207088,False
Ro180_q0.45_L28W_r0.75_th160_kc+0_ko+0,gb_spacing,-2.6159448215915052e-14,0.0,0.0,0.0,1.0,2.6159448215915052e-14,0.0,0.0,0.0,False
Ro180_q0.45_L28W_r0.75_th160_kc+10_ko+10,center_outer_exchange,1.3917107448532353e-13,0.0,0.0,0.0,-1.0,1.3917107448532353e-13,-0.0,-0.0,-0.0,False
Ro180_q0.45_L28W_r0.75_th160_kc+10_ko+10,tj_radius,-8.38147710796453e-14,-48632514.05189559,6.075004050000958e-08,-0.27121077229563806,1.0,8.38147710796453e-14,-48632514.05189559,6.075004050000958e-08,-0.27121077229563806,False
Ro180_q0.45_L28W_r0.75_th160_kc+10_ko+10,center_curvature,9.220026824861455e-15,-125000000.0,0.0,-3.267412793607427,-1.0,9.220026824861455e-15,125000000.0,-0.0,3.267412793607427,True
Ro180_q0.45_L28W_r0.75_th160_kc+10_ko+10,outer_curvature,2.2025672219645614e-13,-125000000.0,0.0,-3.267412793607427,-1.0,2.2025672219645614e-13,125000000.0,-0.0,3.267412793607427,True
Ro180_q0.45_L28W_r0.75_th160_kc+10_ko+10,center_angle,4.3386271748775236e-15,2143804.305255413,0.0,0.056037183741253216,-1.0,4.3386271748775236e-15,-2143804.305255413,-0.0,-0.056037183741253216,False
Ro180_q0.45_L28W_r0.75_th160_kc+10_ko+10,outer_angle,1.9646461307338236e-14,2143804.305255413,0.0,0.056037183741253216,-1.0,1.9646461307338236e-14,-2143804.305255413,-0.0,-0.056037183741253216,False
Ro180_q0.45_L28W_r0.75_th160_kc+10_ko+10,gb_spacing,-2.6202439804485426e-14,0.0,0.0,0.0,1.0,2.6202439804485426e-14,0.0,0.0,0.0,False
Ro180_q0.45_L36W_r0.45_th120_kc-10_ko-10,center_outer_exchange,1.172641801950071e-13,0.0,0.0,0.0,-1.0,1.172641801950071e-13,-0.0,-0.0,-0.0,False
Ro180_q0.45_L36W_r0.45_th120_kc-10_ko-10,tj_radius,-4.5890768828008583e-14,-71277858.52961615,3.645002430000608e-08,-0.16432137746513753,1.0,4.5890768828008583e-14,-71277858.52961615,3.645002430000608e-08,-0.16432137746513753,False
Ro180_q0.45_L36W_r0.45_th120_kc-10_ko-10,center_curvature,8.821040020765012e-15,-125000000.0,0.0,-2.0418752571282894,-1.0,8.821040020765012e-15,125000000.0,-0.0,2.0418752571282894,True
Ro180_q0.45_L36W_r0.45_th120_kc-10_ko-10,outer_curvature,1.2069927889238003e-13,-125000000.0,0.0,-2.0418752571282894,-1.0,1.2069927889238003e-13,125000000.0,-0.0,2.0418752571282894,True
Ro180_q0.45_L36W_r0.45_th120_kc-10_ko-10,center_angle,3.5730268217823825e-15,10288064.128946513,0.0,0.16805530431707183,-1.0,3.5730268217823825e-15,-10288064.128946513,-0.0,-0.16805530431707183,False
Ro180_q0.45_L36W_r0.45_th120_kc-10_ko-10,outer_angle,1.9922646220323697e-14,10288064.128946513,0.0,0.16805530431707183,-1.0,1.9922646220323697e-14,-10288064.128946513,-0.0,-0.16805530431707183,False
Ro180_q0.45_L36W_r0.45_th120_kc-10_ko-10,gb_spacing,-1.7630157001312728e-14,0.0,0.0,0.0,1.0,1.7630157001312728e-14,0.0,0.0,0.0,False
Ro180_q0.45_L36W_r0.45_th120_kc+0_ko+0,center_outer_exchange,1.182172536756448e-13,0.0,0.0,0.0,-1.0,1.182172536756448e-13,-0.0,-0.0,-0.0,False
Ro180_q0.45_L36W_r0.45_th120_kc+0_ko+0,tj_radius,-4.132912394966206e-14,-71277858.52961615,3.645002430000608e-08,-0.2673258515016874,1.0,4.132912394966206e-14,-71277858.52961615,3.645002430000608e-08,-0.2673258515016874,False
Ro180_q0.45_L36W_r0.45_th120_kc+0_ko+0,center_curvature,9.51577009693067e-15,-125000000.0,0.0,-2.2225156467480245,-1.0,9.51577009693067e-15,125000000.0,-0.0,2.2225156467480245,True
Ro180_q0.45_L36W_r0.45_th120_kc+0_ko+0,outer_curvature,1.3730978445611896e-13,-125000000.0,0.0,-2.2225156467480245,-1.0,1.3730978445611896e-13,125000000.0,-0.0,2.2225156467480245,True
Ro180_q0.45_L36W_r0.45_th120_kc+0_ko+0,center_angle,3.4972884729734013e-15,10288064.128946513,0.0,0.1829227220646601,-1.0,3.4972884729734013e-15,-10288064.128946513,-0.0,-0.1829227220646601,False
Ro180_q0.45_L36W_r0.45_th120_kc+0_ko+0,outer_angle,1.7611126518714718e-14,10288064.128946513,0.0,0.1829227220646601,-1.0,1.7611126518714718e-14,-10288064.128946513,-0.0,-0.1829227220646601,False
Ro180_q0.45_L36W_r0.45_th120_kc+0_ko+0,gb_spacing,-1.795587353388224e-14,0.0,0.0,0.0,1.0,1.795587353388224e-14,0.0,0.0,0.0,False
Ro180_q0.45_L36W_r0.45_th120_kc+10_ko+10,center_outer_exchange,1.1899276073099193e-13,0.0,0.0,0.0,-1.0,1.1899276073099193e-13,-0.0,-0.0,-0.0,False
Ro180_q0.45_L36W_r0.45_th120_kc+10_ko+10,tj_radius,-3.505440208375364e-14,-71277858.52961615,3.645002430000608e-08,-0.39584432614803156,1.0,3.505440208375364e-14,-71277858.52961615,3.645002430000608e-08,-0.39584432614803156,False
Ro180_q0.45_L36W_r0.45_th120_kc+10_ko+10,center_curvature,1.019854707611734e-14,-125000000.0,0.0,-2.4479007550537446,-1.0,1.019854707611734e-14,125000000.0,-0.0,2.4479007550537446,True
Ro180_q0.45_L36W_r0.45_th120_kc+10_ko+10,outer_curvature,1.5319767213900407e-13,-125000000.0,0.0,-2.4479007550537446,-1.0,1.5319767213900407e-13,125000000.0,-0.0,2.4479007550537446,True
Ro180_q0.45_L36W_r0.45_th120_kc+10_ko+10,center_angle,3.370522653985844e-15,10288064.128946513,0.0,0.20147276453563734,-1.0,3.370522653985844e-15,-10288064.128946513,-0.0,-0.20147276453563734,False
Ro180_q0.45_L36W_r0.45_th120_kc+10_ko+10,outer_angle,1.4076764688404887e-14,10288064.128946513,0.0,0.20147276453563734,-1.0,1.4076764688404887e-14,-10288064.128946513,-0.0,-0.20147276453563734,False
Ro180_q0.45_L36W_r0.45_th120_kc+10_ko+10,gb_spacing,-1.8125936917159293e-14,0.0,0.0,0.0,1.0,1.8125936917159293e-14,0.0,0.0,0.0,False
Ro180_q0.45_L36W_r0.45_th140_kc-10_ko-10,center_outer_exchange,1.2092831769247504e-13,0.0,0.0,0.0,-1.0,1.2092831769247504e-13,-0.0,-0.0,-0.0,False
Ro180_q0.45_L36W_r0.45_th140_kc-10_ko-10,tj_radius,-4.184278351581283e-14,-77341008.00393522,3.645002430000608e-08,-0.2055729384420335,1.0,4.184278351581283e-14,-77341008.00393522,3.645002430000608e-08,-0.2055729384420335,False
Ro180_q0.45_L36W_r0.45_th140_kc-10_ko-10,center_curvature,8.417198146882862e-15,-125000000.0,0.0,-1.9484737231714178,-1.0,8.417198146882862e-15,125000000.0,-0.0,1.9484737231714178,True
Ro180_q0.45_L36W_r0.45_th140_kc-10_ko-10,outer_curvature,1.0795678803006529e-13,-125000000.0,0.0,-1.9484737231714178,-1.0,1.0795678803006529e-13,125000000.0,-0.0,1.9484737231714178,True
Ro180_q0.45_L36W_r0.45_th140_kc-10_ko-10,center_angle,3.4297673743358195e-15,7037450.3358490765,0.0,0.10969815907824199,-1.0,3.4297673743358195e-15,-7037450.3358490765,-0.0,-0.10969815907824199,False
Ro180_q0.45_L36W_r0.45_th140_kc-10_ko-10,outer_angle,1.525472142901713e-14,7037450.3358490765,0.0,0.10969815907824199,-1.0,1.525472142901713e-14,-7037450.3358490765,-0.0,-0.10969815907824199,False
Ro180_q0.45_L36W_r0.45_th140_kc-10_ko-10,gb_spacing,-1.9288888342107603e-14,0.0,0.0,0.0,1.0,1.9288888342107603e-14,0.0,0.0,0.0,False
Ro180_q0.45_L36W_r0.45_th140_kc+0_ko+0,center_outer_exchange,1.2139895574864966e-13,0.0,0.0,0.0,-1.0,1.2139895574864966e-13,-0.0,-0.0,-0.0,False
Ro180_q0.45_L36W_r0.45_th140_kc+0_ko+0,tj_radius,-3.7029908599329094e-14,-77341008.00393522,3.645002430000608e-08,-0.3046499655410262,1.0,3.7029908599329094e-14,-77341008.00393522,3.645002430000608e-08,-0.3046499655410262,False
Ro180_q0.45_L36W_r0.45_th140_kc+0_ko+0,center_curvature,8.830650213527754e-15,-125000000.0,0.0,-2.108604977188122,-1.0,8.830650213527754e-15,125000000.0,-0.0,2.108604977188122,True
Ro180_q0.45_L36W_r0.45_th140_kc+0_ko+0,outer_curvature,1.1764646990895253e-13,-125000000.0,0.0,-2.108604977188122,-1.0,1.1764646990895253e-13,125000000.0,-0.0,2.108604977188122,True
Ro180_q0.45_L36W_r0.45_th140_kc+0_ko+0,center_angle,3.3888715677289624e-15,7037450.3358490765,0.0,0.11871343249236777,-1.0,3.3888715677289624e-15,-7037450.3358490765,-0.0,-0.11871343249236777,False
Ro180_q0.45_L36W_r0.45_th140_kc+0_ko+0,outer_angle,1.3871372508104477e-14,7037450.3358490765,0.0,0.11871343249236777,-1.0,1.3871372508104477e-14,-7037450.3358490765,-0.0,-0.11871343249236777,False
Ro180_q0.45_L36W_r0.45_th140_kc+0_ko+0,gb_spacing,-1.927919397273659e-14,0.0,0.0,0.0,1.0,1.927919397273659e-14,0.0,0.0,0.0,False
Ro180_q0.45_L36W_r0.45_th140_kc+10_ko+10,center_outer_exchange,1.2177186166354679e-13,0.0,0.0,0.0,-1.0,1.2177186166354679e-13,-0.0,-0.0,-0.0,False
Ro180_q0.45_L36W_r0.45_th140_kc+10_ko+10,tj_radius,-3.1179993984326445e-14,-77341008.00393522,3.645002430000608e-08,-0.4261452886366035,1.0,3.1179993984326445e-14,-77341008.00393522,3.645002430000608e-08,-0.4261452886366035,False
Ro180_q0.45_L36W_r0.45_th140_kc+10_ko+10,center_curvature,9.24175540756953e-15,-125000000.0,0.0,-2.3049696542774,-1.0,9.24175540756953e-15,125000000.0,-0.0,2.3049696542774,True
Ro180_q0.45_L36W_r0.45_th140_kc+10_ko+10,outer_curvature,1.2702350509522537e-13,-125000000.0,0.0,-2.3049696542774,-1.0,1.2702350509522537e-13,125000000.0,-0.0,2.3049696542774,True
Ro180_q0.45_L36W_r0.45_th140_kc+10_ko+10,center_angle,3.3295932556874023e-15,7037450.3358490765,0.0,0.1297686016412669,-1.0,3.3295932556874023e-15,-7037450.3358490765,-0.0,-0.1297686016412669,False
Ro180_q0.45_L36W_r0.45_th140_kc+10_ko+10,outer_angle,1.2032153651176364e-14,7037450.3358490765,0.0,0.1297686016412669,-1.0,1.2032153651176364e-14,-7037450.3358490765,-0.0,-0.1297686016412669,False
Ro180_q0.45_L36W_r0.45_th140_kc+10_ko+10,gb_spacing,-1.9180102252534363e-14,0.0,0.0,0.0,1.0,1.9180102252534363e-14,0.0,0.0,0.0,False
Ro180_q0.45_L36W_r0.45_th160_kc-10_ko-10,center_outer_exchange,1.2329278569444685e-13,0.0,0.0,0.0,-1.0,1.2329278569444685e-13,-0.0,-0.0,-0.0,False
Ro180_q0.45_L36W_r0.45_th160_kc-10_ko-10,tj_radius,-3.701632581535621e-14,-81054190.0864914,3.645002430000608e-08,-0.22952721058311365,1.0,3.701632581535621e-14,-81054190.0864914,3.645002430000608e-08,-0.22952721058311365,False
Ro180_q0.45_L36W_r0.45_th160_kc-10_ko-10,center_curvature,8.36968186206025e-15,-125000000.0,0.0,-1.8961536182064975,-1.0,8.36968186206025e-15,125000000.0,-0.0,1.8961536182064975,True
Ro180_q0.45_L36W_r0.45_th160_kc-10_ko-10,outer_curvature,1.0127308393854782e-13,-125000000.0,0.0,-1.8961536182064975,-1.0,1.0127308393854782e-13,125000000.0,-0.0,1.8961536182064975,True
Ro180_q0.45_L36W_r0.45_th160_kc-10_ko-10,center_angle,3.365042479181565e-15,3573007.17542693,0.0,0.05419970166542498,-1.0,3.365042479181565e-15,-3573007.17542693,-0.0,-0.05419970166542498,False
Ro180_q0.45_L36W_r0.45_th160_kc-10_ko-10,outer_angle,1.1808934588323355e-14,3573007.17542693,0.0,0.05419970166542498,-1.0,1.1808934588323355e-14,-3573007.17542693,-0.0,-0.05419970166542498,False
Ro180_q0.45_L36W_r0.45_th160_kc-10_ko-10,gb_spacing,-2.010500841103333e-14,0.0,0.0,0.0,1.0,2.010500841103333e-14,0.0,0.0,0.0,False
Ro180_q0.45_L36W_r0.45_th160_kc+0_ko+0,center_outer_exchange,1.2353296264097863e-13,0.0,0.0,0.0,-1.0,1.2353296264097863e-13,-0.0,-0.0,-0.0,False
Ro180_q0.45_L36W_r0.45_th160_kc+0_ko+0,tj_radius,-3.2027789582613945e-14,-81054190.0864914,3.645002430000608e-08,-0.32638708483057055,1.0,3.2027789582613945e-14,-81054190.0864914,3.645002430000608e-08,-0.32638708483057055,False
Ro180_q0.45_L36W_r0.45_th160_kc+0_ko+0,center_curvature,8.681180214121067e-15,-125000000.0,0.0,-2.0455297355086444,-1.0,8.681180214121067e-15,125000000.0,-0.0,2.0455297355086444,True
Ro180_q0.45_L36W_r0.45_th160_kc+0_ko+0,outer_curvature,1.0833424279128881e-13,-125000000.0,0.0,-2.0455297355086444,-1.0,1.0833424279128881e-13,125000000.0,-0.0,2.0455297355086444,True
Ro180_q0.45_L36W_r0.45_th160_kc+0_ko+0,center_angle,3.38562597586062e-15,3573007.17542693,0.0,0.058469454461196335,-1.0,3.38562597586062e-15,-3573007.17542693,-0.0,-0.058469454461196335,False
Ro180_q0.45_L36W_r0.45_th160_kc+0_ko+0,outer_angle,1.1343376319325773e-14,3573007.17542693,0.0,0.058469454461196335,-1.0,1.1343376319325773e-14,-3573007.17542693,-0.0,-0.058469454461196335,False
Ro180_q0.45_L36W_r0.45_th160_kc+0_ko+0,gb_spacing,-1.9923239930596752e-14,0.0,0.0,0.0,1.0,1.9923239930596752e-14,0.0,0.0,0.0,False
Ro180_q0.45_L36W_r0.45_th160_kc+10_ko+10,center_outer_exchange,1.2370583095095028e-13,0.0,0.0,0.0,-1.0,1.2370583095095028e-13,-0.0,-0.0,-0.0,False
Ro180_q0.45_L36W_r0.45_th160_kc+10_ko+10,tj_radius,-2.6254170949042288e-14,-81054190.0864914,3.645002430000608e-08,-0.44406259395413095,1.0,2.6254170949042288e-14,-81054190.0864914,3.645002430000608e-08,-0.44406259395413095,False
Ro180_q0.45_L36W_r0.45_th160_kc+10_ko+10,center_curvature,8.99277367958299e-15,-125000000.0,0.0,-2.227007709215023,-1.0,8.99277367958299e-15,125000000.0,-0.0,2.227007709215023,True
Ro180_q0.45_L36W_r0.45_th160_kc+10_ko+10,outer_curvature,1.1518166251942306e-13,-125000000.0,0.0,-2.227007709215023,-1.0,1.1518166251942306e-13,125000000.0,-0.0,2.227007709215023,True
Ro180_q0.45_L36W_r0.45_th160_kc+10_ko+10,center_angle,3.3999125332674792e-15,3573007.17542693,0.0,0.06365679567099658,-1.0,3.3999125332674792e-15,-3573007.17542693,-0.0,-0.06365679567099658,False
Ro180_q0.45_L36W_r0.45_th160_kc+10_ko+10,outer_angle,1.0704077980191872e-14,3573007.17542693,0.0,0.06365679567099658,-1.0,1.0704077980191872e-14,-3573007.17542693,-0.0,-0.06365679567099658,False
Ro180_q0.45_L36W_r0.45_th160_kc+10_ko+10,gb_spacing,-1.9676594658664795e-14,0.0,0.0,0.0,1.0,1.9676594658664795e-14,0.0,0.0,0.0,False
Ro180_q0.45_L36W_r0.60_th120_kc-10_ko-10,center_outer_exchange,8.648471367120691e-14,0.0,0.0,0.0,-1.0,8.648471367120691e-14,-0.0,-0.0,-0.0,False
Ro180_q0.45_L36W_r0.60_th120_kc-10_ko-10,tj_radius,-6.16504578931841e-14,-53458393.89721118,4.8600032400007003e-08,-0.02384829395241095,1.0,6.16504578931841e-14,-53458393.89721118,4.8600032400007003e-08,-0.02384829395241095,False
Ro180_q0.45_L36W_r0.60_th120_kc-10_ko-10,center_curvature,4.1046780826129785e-15,-125000000.0,0.0,-2.394038329292414,-1.0,4.1046780826129785e-15,125000000.0,-0.0,2.394038329292414,True
Ro180_q0.45_L36W_r0.60_th120_kc-10_ko-10,outer_curvature,1.454117906692055e-13,-125000000.0,0.0,-2.394038329292414,-1.0,1.454117906692055e-13,125000000.0,-0.0,2.394038329292414,True
Ro180_q0.45_L36W_r0.60_th120_kc-10_ko-10,center_angle,1.7031562240472964e-15,7716048.096707091,0.0,0.14777975902990903,-1.0,1.7031562240472964e-15,-7716048.096707091,-0.0,-0.14777975902990903,False
Ro180_q0.45_L36W_r0.60_th120_kc-10_ko-10,outer_angle,2.2543927863837885e-14,7716048.096707091,0.0,0.14777975902990903,-1.0,2.2543927863837885e-14,-7716048.096707091,-0.0,-0.14777975902990903,False
Ro180_q0.45_L36W_r0.60_th120_kc-10_ko-10,gb_spacing,1.6901189013425822e-15,0.0,0.0,0.0,-1.0,1.6901189013425822e-15,-0.0,-0.0,-0.0,False
Ro180_q0.45_L36W_r0.60_th120_kc+0_ko+0,center_outer_exchange,8.972049538011432e-14,0.0,0.0,0.0,-1.0,8.972049538011432e-14,-0.0,-0.0,-0.0,False
Ro180_q0.45_L36W_r0.60_th120_kc+0_ko+0,tj_radius,-5.872421186383488e-14,-53458393.89721118,4.8600032400007003e-08,-0.141301365708002,1.0,5.872421186383488e-14,-53458393.89721118,4.8600032400007003e-08,-0.141301365708002,False
Ro180_q0.45_L36W_r0.60_th120_kc+0_ko+0,center_curvature,5.999958445791477e-15,-125000000.0,0.0,-2.6686785401563995,-1.0,5.999958445791477e-15,125000000.0,-0.0,2.6686785401563995,True
Ro180_q0.45_L36W_r0.60_th120_kc+0_ko+0,outer_curvature,1.79303646537888e-13,-125000000.0,0.0,-2.6686785401563995,-1.0,1.79303646537888e-13,125000000.0,-0.0,2.6686785401563995,True
Ro180_q0.45_L36W_r0.60_th120_kc+0_ko+0,center_angle,2.1531063231623902e-15,7716048.096707091,0.0,0.1647326529319315,-1.0,2.1531063231623902e-15,-7716048.096707091,-0.0,-0.1647326529319315,False
Ro180_q0.45_L36W_r0.60_th120_kc+0_ko+0,outer_angle,2.0965371543167404e-14,7716048.096707091,0.0,0.1647326529319315,-1.0,2.0965371543167404e-14,-7716048.096707091,-0.0,-0.1647326529319315,False
Ro180_q0.45_L36W_r0.60_th120_kc+0_ko+0,gb_spacing,-1.0778511169513135e-16,0.0,0.0,0.0,1.0,1.0778511169513135e-16,0.0,0.0,0.0,False
Ro180_q0.45_L36W_r0.60_th120_kc+10_ko+10,center_outer_exchange,9.2494834406902e-14,0.0,0.0,0.0,-1.0,9.2494834406902e-14,-0.0,-0.0,-0.0,False
Ro180_q0.45_L36W_r0.60_th120_kc+10_ko+10,tj_radius,-5.2201709794208306e-14,-53458393.89721118,4.8600032400007003e-08,-0.29913342823684186,1.0,5.2201709794208306e-14,-53458393.89721118,4.8600032400007003e-08,-0.29913342823684186,False
Ro180_q0.45_L36W_r0.60_th120_kc+10_ko+10,center_curvature,7.841551487353319e-15,-125000000.0,0.0,-3.037738781204169,-1.0,7.841551487353319e-15,125000000.0,-0.0,3.037738781204169,True
Ro180_q0.45_L36W_r0.60_th120_kc+10_ko+10,outer_curvature,2.1205192458814402e-13,-125000000.0,0.0,-3.037738781204169,-1.0,2.1205192458814402e-13,125000000.0,-0.0,3.037738781204169,True
Ro180_q0.45_L36W_r0.60_th120_kc+10_ko+10,center_angle,2.4570095554967892e-15,7716048.096707091,0.0,0.1875137452840292,-1.0,2.4570095554967892e-15,-7716048.096707091,-0.0,-0.1875137452840292,False
Ro180_q0.45_L36W_r0.60_th120_kc+10_ko+10,outer_angle,1.6948906254190044e-14,7716048.096707091,0.0,0.1875137452840292,-1.0,1.6948906254190044e-14,-7716048.096707091,-0.0,-0.1875137452840292,False
Ro180_q0.45_L36W_r0.60_th120_kc+10_ko+10,gb_spacing,-1.5126180386983417e-15,0.0,0.0,0.0,1.0,1.5126180386983417e-15,0.0,0.0,0.0,False
Ro180_q0.45_L36W_r0.60_th140_kc-10_ko-10,center_outer_exchange,9.665543589454412e-14,0.0,0.0,0.0,-1.0,9.665543589454412e-14,-0.0,-0.0,-0.0,False
Ro180_q0.45_L36W_r0.60_th140_kc-10_ko-10,tj_radius,-6.188148809634834e-14,-58005756.00294769,4.8600032400007003e-08,-0.06290517174212251,1.0,6.188148809634834e-14,-58005756.00294769,4.8600032400007003e-08,-0.06290517174212251,False
Ro180_q0.45_L36W_r0.60_th140_kc-10_ko-10,center_curvature,7.0822535591302694e-15,-125000000.0,0.0,-2.2905231546754834,-1.0,7.0822535591302694e-15,125000000.0,-0.0,2.2905231546754834,True
Ro180_q0.45_L36W_r0.60_th140_kc-10_ko-10,outer_curvature,1.3973654381161182e-13,-125000000.0,0.0,-2.2905231546754834,-1.0,1.3973654381161182e-13,125000000.0,-0.0,2.2905231546754834,True
Ro180_q0.45_L36W_r0.60_th140_kc-10_ko-10,center_angle,2.8588465192439677e-15,5278087.751891464,0.0,0.09671645265107998,-1.0,2.8588465192439677e-15,-5278087.751891464,-0.0,-0.09671645265107998,False
Ro180_q0.45_L36W_r0.60_th140_kc-10_ko-10,outer_angle,1.8924583779335452e-14,5278087.751887739,0.0,0.09671645265107998,-1.0,1.8924583779335452e-14,-5278087.751887739,-0.0,-0.09671645265107998,False
Ro180_q0.45_L36W_r0.60_th140_kc-10_ko-10,gb_spacing,-3.562822427153712e-15,0.0,0.0,0.0,1.0,3.562822427153712e-15,0.0,0.0,0.0,False
Ro180_q0.45_L36W_r0.60_th140_kc+0_ko+0,center_outer_exchange,9.844159786305527e-14,0.0,0.0,0.0,-1.0,9.844159786305527e-14,-0.0,-0.0,-0.0,False
Ro180_q0.45_L36W_r0.60_th140_kc+0_ko+0,tj_radius,-5.701694236887914e-14,-58005756.00294955,4.8600032400007003e-08,-0.17617125749902485,1.0,5.701694236887914e-14,-58005756.00294955,4.8600032400007003e-08,-0.17617125749902485,False
Ro180_q0.45_L36W_r0.60_th140_kc+0_ko+0,center_curvature,8.164242585880273e-15,-125000000.0,0.0,-2.534609619018191,-1.0,8.164242585880273e-15,125000000.0,-0.0,2.534609619018191,True
Ro180_q0.45_L36W_r0.60_th140_kc+0_ko+0,outer_curvature,1.5984197316622054e-13,-125000000.0,0.0,-2.534609619018191,-1.0,1.5984197316622054e-13,125000000.0,-0.0,2.534609619018191,True
Ro180_q0.45_L36W_r0.60_th140_kc+0_ko+0,center_angle,3.05720448238833e-15,5278087.751887739,0.0,0.10702282521179995,-1.0,3.05720448238833e-15,-5278087.751887739,-0.0,-0.10702282521179995,False
Ro180_q0.45_L36W_r0.60_th140_kc+0_ko+0,outer_angle,1.7789855082203118e-14,5278087.751887739,0.0,0.10702282521179995,-1.0,1.7789855082203118e-14,-5278087.751887739,-0.0,-0.10702282521179995,False
Ro180_q0.45_L36W_r0.60_th140_kc+0_ko+0,gb_spacing,-4.329361008773169e-15,0.0,0.0,0.0,1.0,4.329361008773169e-15,0.0,0.0,0.0,False
Ro180_q0.45_L36W_r0.60_th140_kc+10_ko+10,center_outer_exchange,9.996434170844332e-14,0.0,0.0,0.0,-1.0,9.996434170844332e-14,-0.0,-0.0,-0.0,False
Ro180_q0.45_L36W_r0.60_th140_kc+10_ko+10,tj_radius,-4.997833567152453e-14,-58005756.00294955,4.8600032400007003e-08,-0.32486091107963855,1.0,4.997833567152453e-14,-58005756.00294955,4.8600032400007003e-08,-0.32486091107963855,False
Ro180_q0.45_L36W_r0.60_th140_kc+10_ko+10,center_curvature,9.223870226252282e-15,-125000000.0,0.0,-2.8550345524323006,-1.0,9.223870226252282e-15,125000000.0,-0.0,2.8550345524323006,True
Ro180_q0.45_L36W_r0.60_th140_kc+10_ko+10,outer_curvature,1.795599259771132e-13,-125000000.0,0.0,-2.8550345524323006,-1.0,1.795599259771132e-13,125000000.0,-0.0,2.8550345524323006,True
Ro180_q0.45_L36W_r0.60_th140_kc+10_ko+10,center_angle,3.2018191662381186e-15,5278087.751887739,0.0,0.12055247488440557,-1.0,3.2018191662381186e-15,-5278087.751887739,-0.0,-0.12055247488440557,False
Ro180_q0.45_L36W_r0.60_th140_kc+10_ko+10,outer_angle,1.574681847828267e-14,5278087.751887739,0.0,0.12055247488440557,-1.0,1.574681847828267e-14,-5278087.751887739,-0.0,-0.12055247488440557,False
Ro180_q0.45_L36W_r0.60_th140_kc+10_ko+10,gb_spacing,-4.870102280442655e-15,0.0,0.0,0.0,1.0,4.870102280442655e-15,0.0,0.0,0.0,False
Ro180_q0.45_L36W_r0.60_th160_kc-10_ko-10,center_outer_exchange,1.0319043850610642e-13,0.0,0.0,0.0,-1.0,1.0319043850610642e-13,-0.0,-0.0,-0.0,False
Ro180_q0.45_L36W_r0.60_th160_kc-10_ko-10,tj_radius,-5.866432793002352e-14,-60790642.56486669,4.8600032400007003e-08,-0.08563468487243764,1.0,5.866432793002352e-14,-60790642.56486669,4.8600032400007003e-08,-0.08563468487243764,False
Ro180_q0.45_L36W_r0.60_th160_kc-10_ko-10,center_curvature,8.73002776523401e-15,-125000000.0,0.0,-2.232328799585126,-1.0,8.73002776523401e-15,125000000.0,-0.0,2.232328799585126,True
Ro180_q0.45_L36W_r0.60_th160_kc-10_ko-10,outer_curvature,1.3656072858950946e-13,-125000000.0,0.0,-2.232328799585126,-1.0,1.3656072858950946e-13,125000000.0,-0.0,2.232328799585126,True
Ro180_q0.45_L36W_r0.60_th160_kc-10_ko-10,center_angle,3.473735278341833e-15,2679755.3815692663,0.0,0.047856667386270146,-1.0,3.473735278341833e-15,-2679755.3815692663,-0.0,-0.047856667386270146,False
Ro180_q0.45_L36W_r0.60_th160_kc-10_ko-10,outer_angle,1.5772315035868948e-14,2679755.3815692663,0.0,0.047856667386270146,-1.0,1.5772315035868948e-14,-2679755.3815692663,-0.0,-0.047856667386270146,False
Ro180_q0.45_L36W_r0.60_th160_kc-10_ko-10,gb_spacing,-6.5070082142468196e-15,0.0,0.0,0.0,1.0,6.5070082142468196e-15,0.0,0.0,0.0,False
Ro180_q0.45_L36W_r0.60_th160_kc+0_ko+0,center_outer_exchange,1.0426388685382858e-13,0.0,0.0,0.0,-1.0,1.0426388685382858e-13,-0.0,-0.0,-0.0,False
Ro180_q0.45_L36W_r0.60_th160_kc+0_ko+0,tj_radius,-5.274930917504954e-14,-60790642.56486669,4.8600032400007003e-08,-0.19652470563913393,1.0,5.274930917504954e-14,-60790642.56486669,4.8600032400007003e-08,-0.19652470563913393,False
Ro180_q0.45_L36W_r0.60_th160_kc+0_ko+0,center_curvature,9.505415039764573e-15,-125000000.0,0.0,-2.4603473811861676,-1.0,9.505415039764573e-15,125000000.0,-0.0,2.4603473811861676,True
Ro180_q0.45_L36W_r0.60_th160_kc+0_ko+0,outer_curvature,1.514824166955936e-13,-125000000.0,0.0,-2.4603473811861676,-1.0,1.514824166955936e-13,125000000.0,-0.0,2.4603473811861676,True
Ro180_q0.45_L36W_r0.60_th160_kc+0_ko+0,center_angle,3.6377977501132785e-15,2679755.3815692663,0.0,0.05274489370332702,-1.0,3.6377977501132785e-15,-2679755.3815692663,-0.0,-0.05274489370332702,False
Ro180_q0.45_L36W_r0.60_th160_kc+0_ko+0,outer_angle,1.5613754936614618e-14,2679755.3815692663,0.0,0.05274489370332702,-1.0,1.5613754936614618e-14,-2679755.3815692663,-0.0,-0.05274489370332702,False
Ro180_q0.45_L36W_r0.60_th160_kc+0_ko+0,gb_spacing,-6.751151922925125e-15,0.0,0.0,0.0,1.0,6.751151922925125e-15,0.0,0.0,0.0,False
Ro180_q0.45_L36W_r0.60_th160_kc+10_ko+10,center_outer_exchange,1.0515606282899743e-13,0.0,0.0,0.0,-1.0,1.0515606282899743e-13,-0.0,-0.0,-0.0,False
Ro180_q0.45_L36W_r0.60_th160_kc+10_ko+10,tj_radius,-4.5197751956285544e-14,-60790642.56486669,4.8600032400007003e-08,-0.3402805615152493,1.0,4.5197751956285544e-14,-60790642.56486669,4.8600032400007003e-08,-0.3402805615152493,False
Ro180_q0.45_L36W_r0.60_th160_kc+10_ko+10,center_curvature,1.0268695501621963e-14,-125000000.0,0.0,-2.755947645981749,-1.0,1.0268695501621963e-14,125000000.0,-0.0,2.755947645981749,True
Ro180_q0.45_L36W_r0.60_th160_kc+10_ko+10,outer_curvature,1.6621963938341984e-13,-125000000.0,0.0,-2.755947645981749,-1.0,1.6621963938341984e-13,125000000.0,-0.0,2.755947645981749,True
Ro180_q0.45_L36W_r0.60_th160_kc+10_ko+10,center_angle,3.781783824130155e-15,2679755.3815692663,0.0,0.05908190157111193,-1.0,3.781783824130155e-15,-2679755.3815692663,-0.0,-0.05908190157111193,False
Ro180_q0.45_L36W_r0.60_th160_kc+10_ko+10,outer_angle,1.51235670751833e-14,2679755.3815692663,0.0,0.05908190157111193,-1.0,1.51235670751833e-14,-2679755.3815692663,-0.0,-0.05908190157111193,False
Ro180_q0.45_L36W_r0.60_th160_kc+10_ko+10,gb_spacing,-6.8363600483916796e-15,0.0,0.0,0.0,1.0,6.8363600483916796e-15,0.0,0.0,0.0,False
Ro180_q0.45_L36W_r0.75_th140_kc+0_ko+0,center_outer_exchange,4.463076130434518e-14,0.0,0.0,0.0,-1.0,4.463076130434518e-14,-0.0,-0.0,-0.0,False
Ro180_q0.45_L36W_r0.75_th140_kc+0_ko+0,tj_radius,-5.6078340277803106e-14,-46404604.80236076,6.075004050000958e-08,-0.08258397826599317,1.0,5.6078340277803106e-14,-46404604.80236076,6.075004050000958e-08,-0.08258397826599317,False
Ro180_q0.45_L36W_r0.75_th140_kc+0_ko+0,center_curvature,-1.1326236238262357e-15,-125000000.0,0.0,-2.916169988929518,1.0,1.1326236238262357e-15,-125000000.0,0.0,-2.916169988929518,False
Ro180_q0.45_L36W_r0.75_th140_kc+0_ko+0,outer_curvature,1.9855218830374596e-13,-125000000.0,0.0,-2.916169988929518,-1.0,1.9855218830374596e-13,125000000.0,-0.0,2.916169988929518,True
Ro180_q0.45_L36W_r0.75_th140_kc+0_ko+0,center_angle,-3.7626863203640217e-16,4222470.201510936,0.0,0.09850707880343368,1.0,3.7626863203640217e-16,4222470.201510936,0.0,0.09850707880343368,True
Ro180_q0.45_L36W_r0.75_th140_kc+0_ko+0,outer_angle,2.1277489659873037e-14,4222470.201510936,0.0,0.09850707880343368,-1.0,2.1277489659873037e-14,-4222470.201510936,-0.0,-0.09850707880343368,False
Ro180_q0.45_L36W_r0.75_th140_kc+0_ko+0,gb_spacing,2.2122248743007775e-14,0.0,0.0,0.0,-1.0,2.2122248743007775e-14,-0.0,-0.0,-0.0,False
Ro180_q0.45_L36W_r0.75_th140_kc+10_ko+10,center_outer_exchange,4.91279663315582e-14,0.0,0.0,0.0,-1.0,4.91279663315582e-14,-0.0,-0.0,-0.0,False
Ro180_q0.45_L36W_r0.75_th140_kc+10_ko+10,tj_radius,-5.016391186200292e-14,-46404604.80236076,6.075004050000958e-08,-0.2581771327377913,1.0,5.016391186200292e-14,-46404604.80236076,6.075004050000958e-08,-0.2581771327377913,False
Ro180_q0.45_L36W_r0.75_th140_kc+10_ko+10,center_curvature,1.2363861853335772e-15,-125000000.0,0.0,-3.3891767829886676,-1.0,1.2363861853335772e-15,125000000.0,-0.0,3.3891767829886676,True
Ro180_q0.45_L36W_r0.75_th140_kc+10_ko+10,outer_curvature,2.333185293256532e-13,-125000000.0,0.0,-3.3891767829886676,-1.0,2.333185293256532e-13,125000000.0,-0.0,3.3891767829886676,True
Ro180_q0.45_L36W_r0.75_th140_kc+10_ko+10,center_angle,3.4787655077874325e-16,4222470.201510936,0.0,0.11448474511599471,-1.0,3.4787655077874325e-16,-4222470.201510936,-0.0,-0.11448474511599471,False
Ro180_q0.45_L36W_r0.75_th140_kc+10_ko+10,outer_angle,1.935848096249694e-14,4222470.201510936,0.0,0.11448474511599471,-1.0,1.935848096249694e-14,-4222470.201510936,-0.0,-0.11448474511599471,False
Ro180_q0.45_L36W_r0.75_th140_kc+10_ko+10,gb_spacing,1.991655777941213e-14,0.0,0.0,0.0,-1.0,1.991655777941213e-14,-0.0,-0.0,-0.0,False
Ro180_q0.45_L36W_r0.75_th160_kc-10_ko-10,center_outer_exchange,5.5842561464017834e-14,0.0,0.0,0.0,-1.0,5.5842561464017834e-14,-0.0,-0.0,-0.0,False
Ro180_q0.45_L36W_r0.75_th160_kc-10_ko-10,tj_radius,-6.294098299187727e-14,-48632514.05189745,6.075004050000958e-08,0.020577475001837264,1.0,6.294098299187727e-14,-48632514.05189745,6.075004050000958e-08,0.020577475001837264,False
Ro180_q0.45_L36W_r0.75_th160_kc-10_ko-10,center_curvature,2.5351269531189505e-15,-125000000.0,0.0,-2.5174157411118614,-1.0,2.5351269531189505e-15,125000000.0,-0.0,2.5174157411118614,True
Ro180_q0.45_L36W_r0.75_th160_kc-10_ko-10,outer_curvature,1.6778298304346875e-13,-125000000.0,0.0,-2.5174157411118614,-1.0,1.6778298304346875e-13,125000000.0,-0.0,2.5174157411118614,True
Ro180_q0.45_L36W_r0.75_th160_kc-10_ko-10,center_angle,1.0764403281805922e-15,2143804.305255413,0.0,0.04317464964553874,-1.0,1.0764403281805922e-15,-2143804.305255413,-0.0,-0.04317464964553874,False
Ro180_q0.45_L36W_r0.75_th160_kc-10_ko-10,outer_angle,1.929152045979634e-14,2143804.305255413,0.0,0.04317464964553874,-1.0,1.929152045979634e-14,-2143804.305255413,-0.0,-0.04317464964553874,False
Ro180_q0.45_L36W_r0.75_th160_kc-10_ko-10,gb_spacing,1.745160934344608e-14,0.0,0.0,0.0,-1.0,1.745160934344608e-14,-0.0,-0.0,-0.0,False
Ro180_q0.45_L36W_r0.75_th160_kc+0_ko+0,center_outer_exchange,5.934278155214712e-14,0.0,0.0,0.0,-1.0,5.934278155214712e-14,-0.0,-0.0,-0.0,False
Ro180_q0.45_L36W_r0.75_th160_kc+0_ko+0,tj_radius,-5.817698414737492e-14,-48632514.05189559,6.075004050000958e-08,-0.10179841592561356,1.0,5.817698414737492e-14,-48632514.05189559,6.075004050000958e-08,-0.10179841592561356,False
Ro180_q0.45_L36W_r0.75_th160_kc+0_ko+0,center_curvature,4.28305876081507e-15,-125000000.0,0.0,-2.831962939707111,-1.0,4.28305876081507e-15,125000000.0,-0.0,2.831962939707111,True
Ro180_q0.45_L36W_r0.75_th160_kc+0_ko+0,outer_curvature,1.941066512906594e-13,-125000000.0,0.0,-2.831962939707111,-1.0,1.941066512906594e-13,125000000.0,-0.0,2.831962939707111,True
Ro180_q0.45_L36W_r0.75_th160_kc+0_ko+0,center_angle,1.6121687189830192e-15,2143804.305255413,0.0,0.04856919333207088,-1.0,1.6121687189830192e-15,-2143804.305255413,-0.0,-0.04856919333207088,False
Ro180_q0.45_L36W_r0.75_th160_kc+0_ko+0,outer_angle,1.9752961548947157e-14,2143804.305255413,0.0,0.04856919333207088,-1.0,1.9752961548947157e-14,-2143804.305255413,-0.0,-0.04856919333207088,False
Ro180_q0.45_L36W_r0.75_th160_kc+0_ko+0,gb_spacing,1.5898619892581968e-14,0.0,0.0,0.0,-1.0,1.5898619892581968e-14,-0.0,-0.0,-0.0,False
Ro180_q0.45_L36W_r0.75_th160_kc+10_ko+10,center_outer_exchange,6.250258981079413e-14,0.0,0.0,0.0,-1.0,6.250258981079413e-14,-0.0,-0.0,-0.0,False
Ro180_q0.45_L36W_r0.75_th160_kc+10_ko+10,tj_radius,-5.050647803891146e-14,-48632514.05189559,6.075004050000958e-08,-0.27121077229563806,1.0,5.050647803891146e-14,-48632514.05189559,6.075004050000958e-08,-0.27121077229563806,False
Ro180_q0.45_L36W_r0.75_th160_kc+10_ko+10,center_curvature,6.001282615792026e-15,-125000000.0,0.0,-3.267412793607427,-1.0,6.001282615792026e-15,125000000.0,-0.0,3.267412793607427,True
Ro180_q0.45_L36W_r0.75_th160_kc+10_ko+10,outer_curvature,2.2025672219645614e-13,-125000000.0,0.0,-3.267412793607427,-1.0,2.2025672219645614e-13,125000000.0,-0.0,3.267412793607427,True
Ro180_q0.45_L36W_r0.75_th160_kc+10_ko+10,center_angle,2.1016009789451075e-15,2143804.305255413,0.0,0.056037183741253216,-1.0,2.1016009789451075e-15,-2143804.305255413,-0.0,-0.056037183741253216,False
Ro180_q0.45_L36W_r0.75_th160_kc+10_ko+10,outer_angle,1.9646461307388724e-14,2143804.305255413,0.0,0.056037183741253216,-1.0,1.9646461307388724e-14,-2143804.305255413,-0.0,-0.056037183741253216,False
Ro180_q0.45_L36W_r0.75_th160_kc+10_ko+10,gb_spacing,1.4651044268772642e-14,0.0,0.0,0.0,-1.0,1.4651044268772642e-14,-0.0,-0.0,-0.0,False
Ro180_q0.45_L45W_r0.45_th120_kc-10_ko-10,center_outer_exchange,7.884706618153991e-14,0.0,0.0,0.0,-1.0,7.884706618153991e-14,-0.0,-0.0,-0.0,False
Ro180_q0.45_L45W_r0.45_th120_kc-10_ko-10,tj_radius,-3.638913729792652e-14,-71277858.52961615,3.645002430000608e-08,-0.16432137746513753,1.0,3.638913729792652e-14,-71277858.52961615,3.645002430000608e-08,-0.16432137746513753,False
Ro180_q0.45_L45W_r0.45_th120_kc-10_ko-10,center_curvature,3.6950971005959136e-15,-125000000.0,0.0,-2.0418752571282894,-1.0,3.6950971005959136e-15,125000000.0,-0.0,2.0418752571282894,True
Ro180_q0.45_L45W_r0.45_th120_kc-10_ko-10,outer_curvature,1.2069927889238003e-13,-125000000.0,0.0,-2.0418752571282894,-1.0,1.2069927889238003e-13,125000000.0,-0.0,2.0418752571282894,True
Ro180_q0.45_L45W_r0.45_th120_kc-10_ko-10,center_angle,1.3234130623832452e-15,10288064.128946513,0.0,0.16805530431707183,-1.0,1.3234130623832452e-15,-10288064.128946513,-0.0,-0.16805530431707183,False
Ro180_q0.45_L45W_r0.45_th120_kc-10_ko-10,outer_angle,1.9922646220323697e-14,10288064.128946513,0.0,0.16805530431707183,-1.0,1.9922646220323697e-14,-10288064.128946513,-0.0,-0.16805530431707183,False
Ro180_q0.45_L45W_r0.45_th120_kc-10_ko-10,gb_spacing,1.003131234084736e-14,0.0,0.0,0.0,-1.0,1.003131234084736e-14,-0.0,-0.0,-0.0,False
Ro180_q0.45_L45W_r0.45_th120_kc+0_ko+0,center_outer_exchange,8.122478917353892e-14,0.0,0.0,0.0,-1.0,8.122478917353892e-14,-0.0,-0.0,-0.0,False
Ro180_q0.45_L45W_r0.45_th120_kc+0_ko+0,tj_radius,-3.258016899583233e-14,-71277858.52961615,3.645002430000608e-08,-0.2673258515016874,1.0,3.258016899583233e-14,-71277858.52961615,3.645002430000608e-08,-0.2673258515016874,False
Ro180_q0.45_L45W_r0.45_th120_kc+0_ko+0,center_curvature,5.688144165742357e-15,-125000000.0,0.0,-2.2225156467480245,-1.0,5.688144165742357e-15,125000000.0,-0.0,2.2225156467480245,True
Ro180_q0.45_L45W_r0.45_th120_kc+0_ko+0,outer_curvature,1.3730978445611896e-13,-125000000.0,0.0,-2.2225156467480245,-1.0,1.3730978445611896e-13,125000000.0,-0.0,2.2225156467480245,True
Ro180_q0.45_L45W_r0.45_th120_kc+0_ko+0,center_angle,1.7448704708140944e-15,10288064.128946513,0.0,0.1829227220646601,-1.0,1.7448704708140944e-15,-10288064.128946513,-0.0,-0.1829227220646601,False
Ro180_q0.45_L45W_r0.45_th120_kc+0_ko+0,outer_angle,1.7611126518714718e-14,10288064.128946513,0.0,0.1829227220646601,-1.0,1.7611126518714718e-14,-10288064.128946513,-0.0,-0.1829227220646601,False
Ro180_q0.45_L45W_r0.45_th120_kc+0_ko+0,gb_spacing,8.470688857830967e-15,0.0,0.0,0.0,-1.0,8.470688857830967e-15,-0.0,-0.0,-0.0,False
Ro180_q0.45_L45W_r0.45_th120_kc+10_ko+10,center_outer_exchange,8.326350275121301e-14,0.0,0.0,0.0,-1.0,8.326350275121301e-14,-0.0,-0.0,-0.0,False
Ro180_q0.45_L45W_r0.45_th120_kc+10_ko+10,tj_radius,-2.690903288527183e-14,-71277858.52961615,3.645002430000608e-08,-0.39584432614803156,1.0,2.690903288527183e-14,-71277858.52961615,3.645002430000608e-08,-0.39584432614803156,False
Ro180_q0.45_L45W_r0.45_th120_kc+10_ko+10,center_curvature,7.628728732099287e-15,-125000000.0,0.0,-2.4479007550537446,-1.0,7.628728732099287e-15,125000000.0,-0.0,2.4479007550537446,True
Ro180_q0.45_L45W_r0.45_th120_kc+10_ko+10,outer_curvature,1.5319767213900407e-13,-125000000.0,0.0,-2.4479007550537446,-1.0,1.5319767213900407e-13,125000000.0,-0.0,2.4479007550537446,True
Ro180_q0.45_L45W_r0.45_th120_kc+10_ko+10,center_angle,2.015800058006469e-15,10288064.128946513,0.0,0.20147276453563734,-1.0,2.015800058006469e-15,-10288064.128946513,-0.0,-0.20147276453563734,False
Ro180_q0.45_L45W_r0.45_th120_kc+10_ko+10,outer_angle,1.4076764688404887e-14,10288064.128946513,0.0,0.20147276453563734,-1.0,1.4076764688404887e-14,-10288064.128946513,-0.0,-0.20147276453563734,False
Ro180_q0.45_L45W_r0.45_th120_kc+10_ko+10,gb_spacing,7.28256207204249e-15,0.0,0.0,0.0,-1.0,7.28256207204249e-15,-0.0,-0.0,-0.0,False
Ro180_q0.45_L45W_r0.45_th140_kc-10_ko-10,center_outer_exchange,8.542377011964005e-14,0.0,0.0,0.0,-1.0,8.542377011964005e-14,-0.0,-0.0,-0.0,False
Ro180_q0.45_L45W_r0.45_th140_kc-10_ko-10,tj_radius,-3.405866153695254e-14,-77341008.00393522,3.645002430000608e-08,-0.2055729384420335,1.0,3.405866153695254e-14,-77341008.00393522,3.645002430000608e-08,-0.2055729384420335,False
Ro180_q0.45_L45W_r0.45_th140_kc-10_ko-10,center_curvature,6.5027982596875434e-15,-125000000.0,0.0,-1.9484737231714178,-1.0,6.5027982596875434e-15,125000000.0,-0.0,1.9484737231714178,True
Ro180_q0.45_L45W_r0.45_th140_kc-10_ko-10,outer_curvature,1.0795678803006529e-13,-125000000.0,0.0,-1.9484737231714178,-1.0,1.0795678803006529e-13,125000000.0,-0.0,1.9484737231714178,True
Ro180_q0.45_L45W_r0.45_th140_kc-10_ko-10,center_angle,2.2470361607584616e-15,7037450.3358490765,0.0,0.10969815907824199,-1.0,2.2470361607584616e-15,-7037450.3358490765,-0.0,-0.10969815907824199,False
Ro180_q0.45_L45W_r0.45_th140_kc-10_ko-10,outer_angle,1.525472142901713e-14,7037450.3358490765,0.0,0.10969815907824199,-1.0,1.525472142901713e-14,-7037450.3358490765,-0.0,-0.10969815907824199,False
Ro180_q0.45_L45W_r0.45_th140_kc-10_ko-10,gb_spacing,5.901481654478851e-15,0.0,0.0,0.0,-1.0,5.901481654478851e-15,-0.0,-0.0,-0.0,False
Ro180_q0.45_L45W_r0.45_th140_kc+0_ko+0,center_outer_exchange,8.677211722160353e-14,0.0,0.0,0.0,-1.0,8.677211722160353e-14,-0.0,-0.0,-0.0,False
Ro180_q0.45_L45W_r0.45_th140_kc+0_ko+0,tj_radius,-2.961961074542775e-14,-77341008.00393522,3.645002430000608e-08,-0.3046499655410262,1.0,2.961961074542775e-14,-77341008.00393522,3.645002430000608e-08,-0.3046499655410262,False
Ro180_q0.45_L45W_r0.45_th140_kc+0_ko+0,center_curvature,7.658155947145202e-15,-125000000.0,0.0,-2.108604977188122,-1.0,7.658155947145202e-15,125000000.0,-0.0,2.108604977188122,True
Ro180_q0.45_L45W_r0.45_th140_kc+0_ko+0,outer_curvature,1.1764646990895253e-13,-125000000.0,0.0,-2.108604977188122,-1.0,1.1764646990895253e-13,125000000.0,-0.0,2.108604977188122,True
Ro180_q0.45_L45W_r0.45_th140_kc+0_ko+0,center_angle,2.42944447807111e-15,7037450.3358490765,0.0,0.11871343249236777,-1.0,2.42944447807111e-15,-7037450.3358490765,-0.0,-0.11871343249236777,False
Ro180_q0.45_L45W_r0.45_th140_kc+0_ko+0,outer_angle,1.387137250805399e-14,7037450.3358490765,0.0,0.11871343249236777,-1.0,1.387137250805399e-14,-7037450.3358490765,-0.0,-0.11871343249236777,False
Ro180_q0.45_L45W_r0.45_th140_kc+0_ko+0,gb_spacing,5.2073474591275626e-15,0.0,0.0,0.0,-1.0,5.2073474591275626e-15,-0.0,-0.0,-0.0,False
Ro180_q0.45_L45W_r0.45_th140_kc+10_ko+10,center_outer_exchange,8.792848517416718e-14,0.0,0.0,0.0,-1.0,8.792848517416718e-14,-0.0,-0.0,-0.0,False
Ro180_q0.45_L45W_r0.45_th140_kc+10_ko+10,tj_radius,-2.4058182741027548e-14,-77341008.00393522,3.645002430000608e-08,-0.4261452886366035,1.0,2.4058182741027548e-14,-77341008.00393522,3.645002430000608e-08,-0.4261452886366035,False
Ro180_q0.45_L45W_r0.45_th140_kc+10_ko+10,center_curvature,8.793701259934732e-15,-125000000.0,0.0,-2.3049696542774,-1.0,8.793701259934732e-15,125000000.0,-0.0,2.3049696542774,True
Ro180_q0.45_L45W_r0.45_th140_kc+10_ko+10,outer_curvature,1.2702350509522537e-13,-125000000.0,0.0,-2.3049696542774,-1.0,1.2702350509522537e-13,125000000.0,-0.0,2.3049696542774,True
Ro180_q0.45_L45W_r0.45_th140_kc+10_ko+10,center_angle,2.556637534380925e-15,7037450.3358490765,0.0,0.1297686016412669,-1.0,2.556637534380925e-15,-7037450.3358490765,-0.0,-0.1297686016412669,False
Ro180_q0.45_L45W_r0.45_th140_kc+10_ko+10,outer_angle,1.2032153651176364e-14,7037450.3358490765,0.0,0.1297686016412669,-1.0,1.2032153651176364e-14,-7037450.3358490765,-0.0,-0.1297686016412669,False
Ro180_q0.45_L45W_r0.45_th140_kc+10_ko+10,gb_spacing,4.728821551207205e-15,0.0,0.0,0.0,-1.0,4.728821551207205e-15,-0.0,-0.0,-0.0,False
Ro180_q0.45_L45W_r0.45_th160_kc-10_ko-10,center_outer_exchange,8.962900252083344e-14,0.0,0.0,0.0,-1.0,8.962900252083344e-14,-0.0,-0.0,-0.0,False
Ro180_q0.45_L45W_r0.45_th160_kc-10_ko-10,tj_radius,-3.02040550604611e-14,-81054190.0864914,3.645002430000608e-08,-0.22952721058311365,1.0,3.02040550604611e-14,-81054190.0864914,3.645002430000608e-08,-0.22952721058311365,False
Ro180_q0.45_L45W_r0.45_th160_kc-10_ko-10,center_curvature,8.025283904085553e-15,-125000000.0,0.0,-1.8961536182064975,-1.0,8.025283904085553e-15,125000000.0,-0.0,1.8961536182064975,True
Ro180_q0.45_L45W_r0.45_th160_kc-10_ko-10,outer_curvature,1.0127308393854782e-13,-125000000.0,0.0,-1.8961536182064975,-1.0,1.0127308393854782e-13,125000000.0,-0.0,1.8961536182064975,True
Ro180_q0.45_L45W_r0.45_th160_kc-10_ko-10,center_angle,2.682654897439199e-15,3573007.17542693,0.0,0.05419970166542498,-1.0,2.682654897439199e-15,-3573007.17542693,-0.0,-0.05419970166542498,False
Ro180_q0.45_L45W_r0.45_th160_kc-10_ko-10,outer_angle,1.1808934588323355e-14,3573007.17542693,0.0,0.05419970166542498,-1.0,1.1808934588323355e-14,-3573007.17542693,-0.0,-0.05419970166542498,False
Ro180_q0.45_L45W_r0.45_th160_kc-10_ko-10,gb_spacing,3.5224156528652936e-15,0.0,0.0,0.0,-1.0,3.5224156528652936e-15,-0.0,-0.0,-0.0,False
Ro180_q0.45_L45W_r0.45_th160_kc+0_ko+0,center_outer_exchange,9.047998560326781e-14,0.0,0.0,0.0,-1.0,9.047998560326781e-14,-0.0,-0.0,-0.0,False
Ro180_q0.45_L45W_r0.45_th160_kc+0_ko+0,tj_radius,-2.5399921431090705e-14,-81054190.0864914,3.645002430000608e-08,-0.32638708483057055,1.0,2.5399921431090705e-14,-81054190.0864914,3.645002430000608e-08,-0.32638708483057055,False
Ro180_q0.45_L45W_r0.45_th160_kc+0_ko+0,center_curvature,8.867742680281239e-15,-125000000.0,0.0,-2.0455297355086444,-1.0,8.867742680281239e-15,125000000.0,-0.0,2.0455297355086444,True
Ro180_q0.45_L45W_r0.45_th160_kc+0_ko+0,outer_curvature,1.0833424279128881e-13,-125000000.0,0.0,-2.0455297355086444,-1.0,1.0833424279128881e-13,125000000.0,-0.0,2.0455297355086444,True
Ro180_q0.45_L45W_r0.45_th160_kc+0_ko+0,center_angle,2.8319219205368357e-15,3573007.17542693,0.0,0.058469454461196335,-1.0,2.8319219205368357e-15,-3573007.17542693,-0.0,-0.058469454461196335,False
Ro180_q0.45_L45W_r0.45_th160_kc+0_ko+0,outer_angle,1.134337631937626e-14,3573007.17542693,0.0,0.058469454461196335,-1.0,1.134337631937626e-14,-3573007.17542693,-0.0,-0.058469454461196335,False
Ro180_q0.45_L45W_r0.45_th160_kc+0_ko+0,gb_spacing,3.2577508762686544e-15,0.0,0.0,0.0,-1.0,3.2577508762686544e-15,-0.0,-0.0,-0.0,False
Ro180_q0.45_L45W_r0.45_th160_kc+10_ko+10,center_outer_exchange,9.11988229316704e-14,0.0,0.0,0.0,-1.0,9.11988229316704e-14,-0.0,-0.0,-0.0,False
Ro180_q0.45_L45W_r0.45_th160_kc+10_ko+10,tj_radius,-1.9751140527767043e-14,-81054190.0864914,3.645002430000608e-08,-0.44406259395413095,1.0,1.9751140527767043e-14,-81054190.0864914,3.645002430000608e-08,-0.44406259395413095,False
Ro180_q0.45_L45W_r0.45_th160_kc+10_ko+10,center_curvature,9.70057949443959e-15,-125000000.0,0.0,-2.227007709215023,-1.0,9.70057949443959e-15,125000000.0,-0.0,2.227007709215023,True
Ro180_q0.45_L45W_r0.45_th160_kc+10_ko+10,outer_curvature,1.1518166251942306e-13,-125000000.0,0.0,-2.227007709215023,-1.0,1.1518166251942306e-13,125000000.0,-0.0,2.227007709215023,True
Ro180_q0.45_L45W_r0.45_th160_kc+10_ko+10,center_angle,2.9610503793996557e-15,3573007.17542693,0.0,0.06365679567099658,-1.0,2.9610503793996557e-15,-3573007.17542693,-0.0,-0.06365679567099658,False
Ro180_q0.45_L45W_r0.45_th160_kc+10_ko+10,outer_angle,1.0704077980242359e-14,3573007.17542693,0.0,0.06365679567099658,-1.0,1.0704077980242359e-14,-3573007.17542693,-0.0,-0.06365679567099658,False
Ro180_q0.45_L45W_r0.45_th160_kc+10_ko+10,gb_spacing,3.1474074663173504e-15,0.0,0.0,0.0,-1.0,3.1474074663173504e-15,-0.0,-0.0,-0.0,False
Ro180_q0.45_L45W_r0.60_th120_kc+0_ko+0,center_outer_exchange,4.7320088924200536e-14,0.0,0.0,0.0,-1.0,4.7320088924200536e-14,-0.0,-0.0,-0.0,False
Ro180_q0.45_L45W_r0.60_th120_kc+0_ko+0,tj_radius,-3.886376727784939e-14,-53458393.89721118,4.8600032400007003e-08,-0.141301365708002,1.0,3.886376727784939e-14,-53458393.89721118,4.8600032400007003e-08,-0.141301365708002,False
Ro180_q0.45_L45W_r0.60_th120_kc+0_ko+0,center_curvature,-6.720537304826879e-15,-125000000.0,0.0,-2.6686785401563995,1.0,6.720537304826879e-15,-125000000.0,0.0,-2.6686785401563995,False
Ro180_q0.45_L45W_r0.60_th120_kc+0_ko+0,outer_curvature,1.79303646537888e-13,-125000000.0,0.0,-2.6686785401563995,-1.0,1.79303646537888e-13,125000000.0,-0.0,2.6686785401563995,True
Ro180_q0.45_L45W_r0.60_th120_kc+0_ko+0,center_angle,-1.950894254554645e-15,7716048.096707091,0.0,0.1647326529319315,1.0,1.950894254554645e-15,7716048.096707091,0.0,0.1647326529319315,True
Ro180_q0.45_L45W_r0.60_th120_kc+0_ko+0,outer_angle,2.0965371543167404e-14,7716048.096707091,0.0,0.1647326529319315,-1.0,2.0965371543167404e-14,-7716048.096707091,-0.0,-0.1647326529319315,False
Ro180_q0.45_L45W_r0.60_th120_kc+0_ko+0,gb_spacing,2.8409473514556868e-14,0.0,0.0,0.0,-1.0,2.8409473514556868e-14,-0.0,-0.0,-0.0,False
Ro180_q0.45_L45W_r0.60_th120_kc+10_ko+10,center_outer_exchange,5.2276671817073984e-14,0.0,0.0,0.0,-1.0,5.2276671817073984e-14,-0.0,-0.0,-0.0,False
Ro180_q0.45_L45W_r0.60_th120_kc+10_ko+10,tj_radius,-3.4134082253833666e-14,-53458393.89721118,4.8600032400007003e-08,-0.29913342823684186,1.0,3.4134082253833666e-14,-53458393.89721118,4.8600032400007003e-08,-0.29913342823684186,False
Ro180_q0.45_L45W_r0.60_th120_kc+10_ko+10,center_curvature,-2.1402391072425907e-15,-125000000.0,0.0,-3.037738781204169,1.0,2.1402391072425907e-15,-125000000.0,0.0,-3.037738781204169,False
Ro180_q0.45_L45W_r0.60_th120_kc+10_ko+10,outer_curvature,2.1205192458814402e-13,-125000000.0,0.0,-3.037738781204169,-1.0,2.1205192458814402e-13,125000000.0,-0.0,3.037738781204169,True
Ro180_q0.45_L45W_r0.60_th120_kc+10_ko+10,center_angle,-6.81146823823964e-16,7716048.096707091,0.0,0.1875137452840292,1.0,6.81146823823964e-16,7716048.096707091,0.0,0.1875137452840292,True
Ro180_q0.45_L45W_r0.60_th120_kc+10_ko+10,outer_angle,1.6948906254190044e-14,7716048.096707091,0.0,0.1875137452840292,-1.0,1.6948906254190044e-14,-7716048.096707091,-0.0,-0.1875137452840292,False
Ro180_q0.45_L45W_r0.60_th120_kc+10_ko+10,gb_spacing,2.5307649323875246e-14,0.0,0.0,0.0,-1.0,2.5307649323875246e-14,-0.0,-0.0,-0.0,False
Ro180_q0.45_L45W_r0.60_th140_kc-10_ko-10,center_outer_exchange,5.6042805924655724e-14,0.0,0.0,0.0,-1.0,5.6042805924655724e-14,-0.0,-0.0,-0.0,False
Ro180_q0.45_L45W_r0.60_th140_kc-10_ko-10,tj_radius,-4.40949773586509e-14,-58005756.00294769,4.8600032400007003e-08,-0.06290517174212251,1.0,4.40949773586509e-14,-58005756.00294769,4.8600032400007003e-08,-0.06290517174212251,False
Ro180_q0.45_L45W_r0.60_th140_kc-10_ko-10,center_curvature,-7.769168039826469e-16,-125000000.0,0.0,-2.2905231546754834,1.0,7.769168039826469e-16,-125000000.0,0.0,-2.2905231546754834,False
Ro180_q0.45_L45W_r0.60_th140_kc-10_ko-10,outer_curvature,1.3973654381161182e-13,-125000000.0,0.0,-2.2905231546754834,-1.0,1.3973654381161182e-13,125000000.0,-0.0,2.2905231546754834,True
Ro180_q0.45_L45W_r0.60_th140_kc-10_ko-10,center_angle,-1.4302781998711384e-16,5278087.751891464,0.0,0.09671645265107998,1.0,1.4302781998711384e-16,5278087.751891464,0.0,0.09671645265107998,True
Ro180_q0.45_L45W_r0.60_th140_kc-10_ko-10,outer_angle,1.8924583779335452e-14,5278087.751887739,0.0,0.09671645265107998,-1.0,1.8924583779335452e-14,-5278087.751887739,-0.0,-0.09671645265107998,False
Ro180_q0.45_L45W_r0.60_th140_kc-10_ko-10,gb_spacing,2.3892418981964784e-14,0.0,0.0,0.0,-1.0,2.3892418981964784e-14,-0.0,-0.0,-0.0,False
Ro180_q0.45_L45W_r0.60_th140_kc+0_ko+0,center_outer_exchange,5.952861328466205e-14,0.0,0.0,0.0,-1.0,5.952861328466205e-14,-0.0,-0.0,-0.0,False
Ro180_q0.45_L45W_r0.60_th140_kc+0_ko+0,tj_radius,-4.051875288631144e-14,-58005756.00294955,4.8600032400007003e-08,-0.17617125749902485,1.0,4.051875288631144e-14,-58005756.00294955,4.8600032400007003e-08,-0.17617125749902485,False
Ro180_q0.45_L45W_r0.60_th140_kc+0_ko+0,center_curvature,1.9873483901340233e-15,-125000000.0,0.0,-2.534609619018191,-1.0,1.9873483901340233e-15,125000000.0,-0.0,2.534609619018191,True
Ro180_q0.45_L45W_r0.60_th140_kc+0_ko+0,outer_curvature,1.5984197316622054e-13,-125000000.0,0.0,-2.534609619018191,-1.0,1.5984197316622054e-13,125000000.0,-0.0,2.534609619018191,True
Ro180_q0.45_L45W_r0.60_th140_kc+0_ko+0,center_angle,6.168056225108297e-16,5278087.751887739,0.0,0.10702282521179995,-1.0,6.168056225108297e-16,-5278087.751887739,-0.0,-0.10702282521179995,False
Ro180_q0.45_L45W_r0.60_th140_kc+0_ko+0,outer_angle,1.7789855082203118e-14,5278087.751887739,0.0,0.10702282521179995,-1.0,1.7789855082203118e-14,-5278087.751887739,-0.0,-0.10702282521179995,False
Ro180_q0.45_L45W_r0.60_th140_kc+0_ko+0,gb_spacing,2.1838782284146553e-14,0.0,0.0,0.0,-1.0,2.1838782284146553e-14,-0.0,-0.0,-0.0,False
Ro180_q0.45_L45W_r0.60_th140_kc+10_ko+10,center_outer_exchange,6.262540037485648e-14,0.0,0.0,0.0,-1.0,6.262540037485648e-14,-0.0,-0.0,-0.0,False
Ro180_q0.45_L45W_r0.60_th140_kc+10_ko+10,tj_radius,-3.459735753738441e-14,-58005756.00294955,4.8600032400007003e-08,-0.32486091107963855,1.0,3.459735753738441e-14,-58005756.00294955,4.8600032400007003e-08,-0.32486091107963855,False
Ro180_q0.45_L45W_r0.60_th140_kc+10_ko+10,center_curvature,4.708045488153822e-15,-125000000.0,0.0,-2.8550345524323006,-1.0,4.708045488153822e-15,125000000.0,-0.0,2.8550345524323006,True
Ro180_q0.45_L45W_r0.60_th140_kc+10_ko+10,outer_curvature,1.795599259771132e-13,-125000000.0,0.0,-2.8550345524323006,-1.0,1.795599259771132e-13,125000000.0,-0.0,2.8550345524323006,True
Ro180_q0.45_L45W_r0.60_th140_kc+10_ko+10,center_angle,1.2450961988956834e-15,5278087.751887739,0.0,0.12055247488440557,-1.0,1.2450961988956834e-15,-5278087.751887739,-0.0,-0.12055247488440557,False
Ro180_q0.45_L45W_r0.60_th140_kc+10_ko+10,outer_angle,1.574681847828267e-14,5278087.751887739,0.0,0.12055247488440557,-1.0,1.574681847828267e-14,-5278087.751887739,-0.0,-0.12055247488440557,False
Ro180_q0.45_L45W_r0.60_th140_kc+10_ko+10,gb_spacing,2.0232997391443853e-14,0.0,0.0,0.0,-1.0,2.0232997391443853e-14,-0.0,-0.0,-0.0,False
Ro180_q0.45_L45W_r0.60_th160_kc-10_ko-10,center_outer_exchange,6.573591595617683e-14,0.0,0.0,0.0,-1.0,6.573591595617683e-14,-0.0,-0.0,-0.0,False
Ro180_q0.45_L45W_r0.60_th160_kc-10_ko-10,tj_radius,-4.3677063849498915e-14,-60790642.56486669,4.8600032400007003e-08,-0.08563468487243764,1.0,4.3677063849498915e-14,-60790642.56486669,4.8600032400007003e-08,-0.08563468487243764,False
Ro180_q0.45_L45W_r0.60_th160_kc-10_ko-10,center_curvature,4.80211686723772e-15,-125000000.0,0.0,-2.232328799585126,-1.0,4.80211686723772e-15,125000000.0,-0.0,2.232328799585126,True
Ro180_q0.45_L45W_r0.60_th160_kc-10_ko-10,outer_curvature,1.3656072858950946e-13,-125000000.0,0.0,-2.232328799585126,-1.0,1.3656072858950946e-13,125000000.0,-0.0,2.232328799585126,True
Ro180_q0.45_L45W_r0.60_th160_kc-10_ko-10,center_angle,1.6346207191247584e-15,2679755.3815692663,0.0,0.047856667386270146,-1.0,1.6346207191247584e-15,-2679755.3815692663,-0.0,-0.047856667386270146,False
Ro180_q0.45_L45W_r0.60_th160_kc-10_ko-10,outer_angle,1.5772315035868948e-14,2679755.3815692663,0.0,0.047856667386270146,-1.0,1.5772315035868948e-14,-2679755.3815692663,-0.0,-0.047856667386270146,False
Ro180_q0.45_L45W_r0.60_th160_kc-10_ko-10,gb_spacing,1.8783163399581186e-14,0.0,0.0,0.0,-1.0,1.8783163399581186e-14,-0.0,-0.0,-0.0,False
Ro180_q0.45_L45W_r0.60_th160_kc+0_ko+0,center_outer_exchange,6.81008582051185e-14,0.0,0.0,0.0,-1.0,6.81008582051185e-14,-0.0,-0.0,-0.0,False
Ro180_q0.45_L45W_r0.60_th160_kc+0_ko+0,tj_radius,-3.860936612110956e-14,-60790642.56486669,4.8600032400007003e-08,-0.19652470563913393,1.0,3.860936612110956e-14,-60790642.56486669,4.8600032400007003e-08,-0.19652470563913393,False
Ro180_q0.45_L45W_r0.60_th160_kc+0_ko+0,center_curvature,6.8048603081376925e-15,-125000000.0,0.0,-2.4603473811861676,-1.0,6.8048603081376925e-15,125000000.0,-0.0,2.4603473811861676,True
Ro180_q0.45_L45W_r0.60_th160_kc+0_ko+0,outer_curvature,1.514824166955936e-13,-125000000.0,0.0,-2.4603473811861676,-1.0,1.514824166955936e-13,125000000.0,-0.0,2.4603473811861676,True
Ro180_q0.45_L45W_r0.60_th160_kc+0_ko+0,center_angle,2.1211361833330843e-15,2679755.3815692663,0.0,0.05274489370332702,-1.0,2.1211361833330843e-15,-2679755.3815692663,-0.0,-0.05274489370332702,False
Ro180_q0.45_L45W_r0.60_th160_kc+0_ko+0,outer_angle,1.5613754936614618e-14,2679755.3815692663,0.0,0.05274489370332702,-1.0,1.5613754936614618e-14,-2679755.3815692663,-0.0,-0.05274489370332702,False
Ro180_q0.45_L45W_r0.60_th160_kc+0_ko+0,gb_spacing,1.7672727794083452e-14,0.0,0.0,0.0,-1.0,1.7672727794083452e-14,-0.0,-0.0,-0.0,False
Ro180_q0.45_L45W_r0.60_th160_kc+10_ko+10,center_outer_exchange,7.016331579179521e-14,0.0,0.0,0.0,-1.0,7.016331579179521e-14,-0.0,-0.0,-0.0,False
Ro180_q0.45_L45W_r0.60_th160_kc+10_ko+10,tj_radius,-3.1766828240082777e-14,-60790642.56486669,4.8600032400007003e-08,-0.3402805615152493,1.0,3.1766828240082777e-14,-60790642.56486669,4.8600032400007003e-08,-0.3402805615152493,False
Ro180_q0.45_L45W_r0.60_th160_kc+10_ko+10,center_curvature,8.766883486802388e-15,-125000000.0,0.0,-2.755947645981749,-1.0,8.766883486802388e-15,125000000.0,-0.0,2.755947645981749,True
Ro180_q0.45_L45W_r0.60_th160_kc+10_ko+10,outer_curvature,1.6621963938341984e-13,-125000000.0,0.0,-2.755947645981749,-1.0,1.6621963938341984e-13,125000000.0,-0.0,2.755947645981749,True
Ro180_q0.45_L45W_r0.60_th160_kc+10_ko+10,center_angle,2.5547820013566227e-15,2679755.3815692663,0.0,0.05908190157111193,-1.0,2.5547820013566227e-15,-2679755.3815692663,-0.0,-0.05908190157111193,False
Ro180_q0.45_L45W_r0.60_th160_kc+10_ko+10,outer_angle,1.51235670751833e-14,2679755.3815692663,0.0,0.05908190157111193,-1.0,1.51235670751833e-14,-2679755.3815692663,-0.0,-0.05908190157111193,False
Ro180_q0.45_L45W_r0.60_th160_kc+10_ko+10,gb_spacing,1.68982623412345e-14,0.0,0.0,0.0,-1.0,1.68982623412345e-14,-0.0,-0.0,-0.0,False
Ro180_q0.45_L45W_r0.75_th160_kc+10_ko+10,center_curvature,-1.462967281200441e-15,-125000000.0,0.0,-3.267412793607427,1.0,1.462967281200441e-15,-125000000.0,0.0,-3.267412793607427,False
Ro180_q0.45_L45W_r0.75_th160_kc+10_ko+10,outer_curvature,2.2025672219645614e-13,-125000000.0,0.0,-3.267412793607427,-1.0,2.2025672219645614e-13,125000000.0,-0.0,3.267412793607427,True
Ro180_q0.45_L45W_r0.75_th160_kc+10_ko+10,center_angle,-5.695281485276913e-16,2143804.305255413,0.0,0.056037183741253216,1.0,5.695281485276913e-16,2143804.305255413,0.0,0.056037183741253216,True
Ro180_q0.45_L45W_r0.75_th160_kc+10_ko+10,outer_angle,1.9646461307388724e-14,2143804.305255413,0.0,0.056037183741253216,-1.0,1.9646461307388724e-14,-2143804.305255413,-0.0,-0.056037183741253216,False
Ro180_q0.45_L45W_r0.75_th160_kc+10_ko+10,gb_spacing,3.466766350479842e-14,0.0,0.0,0.0,-1.0,3.466766350479842e-14,-0.0,-0.0,-0.0,False
Ro180_q0.55_L35W_r0.45_th120_kc-10_ko-10,center_outer_exchange,2.4118548958238996e-13,0.0,0.0,0.0,-1.0,2.4118548958238996e-13,-0.0,-0.0,-0.0,False
Ro180_q0.55_L35W_r0.45_th120_kc-10_ko-10,tj_radius,-7.7296381014736e-14,-58318247.88786471,4.4550029700006144e-08,-0.06549858169557776,1.0,7.7296381014736e-14,-58318247.88786471,4.4550029700006144e-08,-0.06549858169557776,False
Ro180_q0.55_L35W_r0.45_th120_kc-10_ko-10,center_curvature,1.5696087512014503e-14,-125000000.0,0.0,-2.2838083555338784,-1.0,1.5696087512014503e-14,125000000.0,-0.0,2.2838083555338784,True
Ro180_q0.55_L35W_r0.45_th120_kc-10_ko-10,outer_curvature,1.3876467125195052e-13,-125000000.0,0.0,-2.2838083555338784,-1.0,1.3876467125195052e-13,125000000.0,-0.0,2.2838083555338784,True
Ro180_q0.55_L35W_r0.45_th120_kc-10_ko-10,center_angle,6.410793896078989e-15,8417507.014591247,0.0,0.15379146082761253,-1.0,6.410793896078989e-15,-8417507.014591247,-0.0,-0.15379146082761253,False
Ro180_q0.55_L35W_r0.45_th120_kc-10_ko-10,outer_angle,2.18691114250195e-14,8417507.014591247,0.0,0.15379146082761253,-1.0,2.18691114250195e-14,-8417507.014591247,-0.0,-0.15379146082761253,False
Ro180_q0.55_L35W_r0.45_th120_kc-10_ko-10,gb_spacing,-7.957177031640689e-14,0.0,0.0,0.0,1.0,7.957177031640689e-14,0.0,0.0,0.0,False
Ro180_q0.55_L35W_r0.45_th120_kc+0_ko+0,center_outer_exchange,2.409217910453421e-13,0.0,0.0,0.0,-1.0,2.409217910453421e-13,-0.0,-0.0,-0.0,False
Ro180_q0.55_L35W_r0.45_th120_kc+0_ko+0,tj_radius,-7.214806823650436e-14,-58318247.88786657,4.4550029700006144e-08,-0.17849131319847,1.0,7.214806823650436e-14,-58318247.88786657,4.4550029700006144e-08,-0.17849131319847,False
Ro180_q0.55_L35W_r0.45_th120_kc+0_ko+0,center_curvature,1.6039828897296494e-14,-125000000.0,0.0,-2.526000966687647,-1.0,1.6039828897296494e-14,125000000.0,-0.0,2.526000966687647,True
Ro180_q0.55_L35W_r0.45_th120_kc+0_ko+0,outer_curvature,1.6608234812588195e-13,-125000000.0,0.0,-2.526000966687647,-1.0,1.6608234812588195e-13,125000000.0,-0.0,2.526000966687647,True
Ro180_q0.55_L35W_r0.45_th120_kc+0_ko+0,center_angle,5.990258538465447e-15,8417507.014591247,0.0,0.1701005598402361,-1.0,5.990258538465447e-15,-8417507.014591247,-0.0,-0.1701005598402361,False
Ro180_q0.55_L35W_r0.45_th120_kc+0_ko+0,outer_angle,1.9930712526870752e-14,8417507.014591247,0.0,0.1701005598402361,-1.0,1.9930712526870752e-14,-8417507.014591247,-0.0,-0.1701005598402361,False
Ro180_q0.55_L35W_r0.45_th120_kc+0_ko+0,gb_spacing,-7.898426791368968e-14,0.0,0.0,0.0,1.0,7.898426791368968e-14,0.0,0.0,0.0,False
Ro180_q0.55_L35W_r0.45_th120_kc+10_ko+10,center_outer_exchange,2.4045196701193357e-13,0.0,0.0,0.0,-1.0,2.4045196701193357e-13,-0.0,-0.0,-0.0,False
Ro180_q0.55_L35W_r0.45_th120_kc+10_ko+10,tj_radius,-6.428537916979977e-14,-58318247.88786657,4.4550029700006144e-08,-0.32660442638687837,1.0,6.428537916979977e-14,-58318247.88786657,4.4550029700006144e-08,-0.32660442638687837,False
Ro180_q0.55_L35W_r0.45_th120_kc+10_ko+10,center_curvature,1.638498388673698e-14,-125000000.0,0.0,-2.8434731004223224,-1.0,1.638498388673698e-14,125000000.0,-0.0,2.8434731004223224,True
Ro180_q0.55_L35W_r0.45_th120_kc+10_ko+10,outer_curvature,1.9240737138862e-13,-125000000.0,0.0,-2.8434731004223224,-1.0,1.9240737138862e-13,125000000.0,-0.0,2.8434731004223224,True
Ro180_q0.55_L35W_r0.45_th120_kc+10_ko+10,center_angle,5.547219768133239e-15,8417507.014591247,0.0,0.1914788434902448,-1.0,5.547219768133239e-15,-8417507.014591247,-0.0,-0.1914788434902448,False
Ro180_q0.55_L35W_r0.45_th120_kc+10_ko+10,outer_angle,1.601638547055205e-14,8417507.014591247,0.0,0.1914788434902448,-1.0,1.601638547055205e-14,-8417507.014591247,-0.0,-0.1914788434902448,False
Ro180_q0.55_L35W_r0.45_th120_kc+10_ko+10,gb_spacing,-7.831218080266507e-14,0.0,0.0,0.0,1.0,7.831218080266507e-14,0.0,0.0,0.0,False
Ro180_q0.55_L35W_r0.45_th140_kc-10_ko-10,center_outer_exchange,2.426607847275343e-13,0.0,0.0,0.0,-1.0,2.426607847275343e-13,-0.0,-0.0,-0.0,False
Ro180_q0.55_L35W_r0.45_th140_kc-10_ko-10,tj_radius,-7.185351148017673e-14,-63279006.548672915,4.4550029700006144e-08,-0.1052472087680334,1.0,7.185351148017673e-14,-63279006.548672915,4.4550029700006144e-08,-0.1052472087680334,False
Ro180_q0.55_L35W_r0.45_th140_kc-10_ko-10,center_curvature,1.3126814995876683e-14,-125000000.0,0.0,-2.1832873738594216,-1.0,1.3126814995876683e-14,125000000.0,-0.0,2.1832873738594216,True
Ro180_q0.55_L35W_r0.45_th140_kc-10_ko-10,outer_curvature,1.2987915245379268e-13,-125000000.0,0.0,-2.1832873738594216,-1.0,1.2987915245379268e-13,125000000.0,-0.0,2.1832873738594216,True
Ro180_q0.55_L35W_r0.45_th140_kc-10_ko-10,center_angle,5.4733259173835646e-15,5757913.911152631,0.0,0.10056926329227167,-1.0,5.4733259173835646e-15,-5757913.911152631,-0.0,-0.10056926329227167,False
Ro180_q0.55_L35W_r0.45_th140_kc-10_ko-10,outer_angle,1.7788178167204918e-14,5757913.911152631,0.0,0.10056926329227167,-1.0,1.7788178167204918e-14,-5757913.911152631,-0.0,-0.10056926329227167,False
Ro180_q0.55_L35W_r0.45_th140_kc-10_ko-10,gb_spacing,-7.918907675505437e-14,0.0,0.0,0.0,1.0,7.918907675505437e-14,0.0,0.0,0.0,False
Ro180_q0.55_L35W_r0.45_th140_kc+0_ko+0,center_outer_exchange,2.4225723475164984e-13,0.0,0.0,0.0,-1.0,2.4225723475164984e-13,-0.0,-0.0,-0.0,False
Ro180_q0.55_L35W_r0.45_th140_kc+0_ko+0,tj_radius,-6.605019230193352e-14,-63279006.548672915,4.4550029700006144e-08,-0.21412263603559634,1.0,6.605019230193352e-14,-63279006.548672915,4.4550029700006144e-08,-0.21412263603559634,False
Ro180_q0.55_L35W_r0.45_th140_kc+0_ko+0,center_curvature,1.3346775825093976e-14,-125000000.0,0.0,-2.398359645943704,-1.0,1.3346775825093976e-14,125000000.0,-0.0,2.398359645943704,True
Ro180_q0.55_L35W_r0.45_th140_kc+0_ko+0,outer_curvature,1.4602012852772043e-13,-125000000.0,0.0,-2.398359645943704,-1.0,1.4602012852772043e-13,125000000.0,-0.0,2.398359645943704,True
Ro180_q0.55_L35W_r0.45_th140_kc+0_ko+0,center_angle,5.272094673567585e-15,5757913.911150768,0.0,0.11047611847381233,-1.0,5.272094673567585e-15,-5757913.911150768,-0.0,-0.11047611847381233,False
Ro180_q0.55_L35W_r0.45_th140_kc+0_ko+0,outer_angle,1.6516641879210578e-14,5757913.911150768,0.0,0.11047611847381233,-1.0,1.6516641879210578e-14,-5757913.911150768,-0.0,-0.11047611847381233,False
Ro180_q0.55_L35W_r0.45_th140_kc+0_ko+0,gb_spacing,-7.85751989166627e-14,0.0,0.0,0.0,1.0,7.85751989166627e-14,0.0,0.0,0.0,False
Ro180_q0.55_L35W_r0.45_th140_kc+10_ko+10,center_outer_exchange,2.417344921070436e-13,0.0,0.0,0.0,-1.0,2.417344921070436e-13,-0.0,-0.0,-0.0,False
Ro180_q0.55_L35W_r0.45_th140_kc+10_ko+10,tj_radius,-5.859621102615076e-14,-63279006.548672915,4.4550029700006144e-08,-0.3538269583381881,1.0,5.859621102615076e-14,-63279006.548672915,4.4550029700006144e-08,-0.3538269583381881,False
Ro180_q0.55_L35W_r0.45_th140_kc+10_ko+10,center_curvature,1.3569270679001843e-14,-125000000.0,0.0,-2.674332081822328,-1.0,1.3569270679001843e-14,125000000.0,-0.0,2.674332081822328,True
Ro180_q0.55_L35W_r0.45_th140_kc+10_ko+10,outer_curvature,1.6179991646046356e-13,-125000000.0,0.0,-2.674332081822328,-1.0,1.6179991646046356e-13,125000000.0,-0.0,2.674332081822328,True
Ro180_q0.55_L35W_r0.45_th140_kc+10_ko+10,center_angle,5.062640796393388e-15,5757913.911150768,0.0,0.12318817031164997,-1.0,5.062640796393388e-15,-5757913.911150768,-0.0,-0.12318817031164997,False
Ro180_q0.55_L35W_r0.45_th140_kc+10_ko+10,outer_angle,1.4509286803629134e-14,5757913.911150768,0.0,0.12318817031164997,-1.0,1.4509286803629134e-14,-5757913.911150768,-0.0,-0.12318817031164997,False
Ro180_q0.55_L35W_r0.45_th140_kc+10_ko+10,gb_spacing,-7.790962716936255e-14,0.0,0.0,0.0,1.0,7.790962716936255e-14,0.0,0.0,0.0,False
Ro180_q0.55_L35W_r0.45_th160_kc-10_ko-10,center_outer_exchange,2.4360808676734226e-13,0.0,0.0,0.0,-1.0,2.4360808676734226e-13,-0.0,-0.0,-0.0,False
Ro180_q0.55_L35W_r0.45_th160_kc-10_ko-10,tj_radius,-6.543646006333407e-14,-66317064.61621821,4.4550029700006144e-08,-0.1283643414881075,1.0,6.543646006333407e-14,-66317064.61621821,4.4550029700006144e-08,-0.1283643414881075,False
Ro180_q0.55_L35W_r0.45_th160_kc-10_ko-10,center_curvature,1.2056075695508249e-14,-125000000.0,0.0,-2.1268414929069834,-1.0,1.2056075695508249e-14,125000000.0,-0.0,2.1268414929069834,True
Ro180_q0.55_L35W_r0.45_th160_kc-10_ko-10,outer_curvature,1.251138554857603e-13,-125000000.0,0.0,-2.1268414929069834,-1.0,1.251138554857603e-13,125000000.0,-0.0,2.1268414929069834,True
Ro180_q0.55_L35W_r0.45_th160_kc-10_ko-10,center_angle,5.023484907154616e-15,2923369.5071674883,0.0,0.049740265392728134,-1.0,5.023484907154616e-15,-2923369.5071674883,-0.0,-0.049740265392728134,False
Ro180_q0.55_L35W_r0.45_th160_kc-10_ko-10,outer_angle,1.448480233514672e-14,2923369.5071674883,0.0,0.049740265392728134,-1.0,1.448480233514672e-14,-2923369.5071674883,-0.0,-0.049740265392728134,False
Ro180_q0.55_L35W_r0.45_th160_kc-10_ko-10,gb_spacing,-7.858950986867798e-14,0.0,0.0,0.0,1.0,7.858950986867798e-14,0.0,0.0,0.0,False
Ro180_q0.55_L35W_r0.45_th160_kc+0_ko+0,center_outer_exchange,2.4313496682127193e-13,0.0,0.0,0.0,-1.0,2.4313496682127193e-13,-0.0,-0.0,-0.0,False
Ro180_q0.55_L35W_r0.45_th160_kc+0_ko+0,tj_radius,-5.922860279844485e-14,-66317064.61621821,4.4550029700006144e-08,-0.23490727782904397,1.0,5.922860279844485e-14,-66317064.61621821,4.4550029700006144e-08,-0.23490727782904397,False
Ro180_q0.55_L35W_r0.45_th160_kc+0_ko+0,center_curvature,1.2232270968817619e-14,-125000000.0,0.0,-2.3276643953504816,-1.0,1.2232270968817619e-14,125000000.0,-0.0,2.3276643953504816,True
Ro180_q0.55_L35W_r0.45_th160_kc+0_ko+0,outer_curvature,1.3704553788313766e-13,-125000000.0,0.0,-2.3276643953504816,-1.0,1.3704553788313766e-13,125000000.0,-0.0,2.3276643953504816,True
Ro180_q0.55_L35W_r0.45_th160_kc+0_ko+0,center_angle,4.967281416139684e-15,2923369.5071674883,0.0,0.054436864581397515,-1.0,4.967281416139684e-15,-2923369.5071674883,-0.0,-0.054436864581397515,False
Ro180_q0.55_L35W_r0.45_th160_kc+0_ko+0,outer_angle,1.4191946748551202e-14,2923369.5071674883,0.0,0.054436864581397515,-1.0,1.4191946748551202e-14,-2923369.5071674883,-0.0,-0.054436864581397515,False
Ro180_q0.55_L35W_r0.45_th160_kc+0_ko+0,gb_spacing,-7.79453212963277e-14,0.0,0.0,0.0,1.0,7.79453212963277e-14,0.0,0.0,0.0,False
Ro180_q0.55_L35W_r0.60_th120_kc-10_ko-10,center_outer_exchange,2.1685133155785052e-13,0.0,0.0,0.0,-1.0,2.1685133155785052e-13,-0.0,-0.0,-0.0,False
Ro180_q0.55_L35W_r0.60_th120_kc-10_ko-10,tj_radius,-1.1789178611489761e-13,-43738685.91589853,5.940003960000709e-08,0.06927815931923043,1.0,1.1789178611489761e-13,-43738685.91589853,5.940003960000709e-08,0.06927815931923043,False
Ro180_q0.55_L35W_r0.60_th120_kc-10_ko-10,center_curvature,1.7618762463722165e-14,-125000000.0,0.0,-2.659904145670855,-1.0,1.7618762463722165e-14,125000000.0,-0.0,2.659904145670855,True
Ro180_q0.55_L35W_r0.60_th120_kc-10_ko-10,outer_curvature,1.535231121255159e-13,-125000000.0,0.0,-2.659904145670855,-1.0,1.535231121255159e-13,125000000.0,-0.0,2.659904145670855,True
Ro180_q0.55_L35W_r0.60_th120_kc-10_ko-10,center_angle,7.054724796013905e-15,6313130.260944366,0.0,0.13433811211627233,-1.0,7.054724796013905e-15,-6313130.260944366,-0.0,-0.13433811211627233,False
Ro180_q0.55_L35W_r0.60_th120_kc-10_ko-10,outer_angle,2.3150206998853187e-14,6313130.260944366,0.0,0.13433811211627233,-1.0,2.3150206998853187e-14,-6313130.260944366,-0.0,-0.13433811211627233,False
Ro180_q0.55_L35W_r0.60_th120_kc-10_ko-10,gb_spacing,-6.323237943530537e-14,0.0,0.0,0.0,1.0,6.323237943530537e-14,0.0,0.0,0.0,False
Ro180_q0.55_L35W_r0.60_th120_kc+0_ko+0,center_outer_exchange,2.1765219767321166e-13,0.0,0.0,0.0,-1.0,2.1765219767321166e-13,-0.0,-0.0,-0.0,False
Ro180_q0.55_L35W_r0.60_th120_kc+0_ko+0,tj_radius,-1.151407695400937e-13,-43738685.91589853,5.940003960000709e-08,-0.058688652391447604,1.0,1.151407695400937e-13,-43738685.91589853,5.940003960000709e-08,-0.058688652391447604,False
Ro180_q0.55_L35W_r0.60_th120_kc+0_ko+0,center_curvature,1.8554742556087034e-14,-125000000.0,0.0,-3.025624950764083,-1.0,1.8554742556087034e-14,125000000.0,-0.0,3.025624950764083,True
Ro180_q0.55_L35W_r0.60_th120_kc+0_ko+0,outer_curvature,2.093065436156541e-13,-125000000.0,0.0,-3.025624950764083,-1.0,2.093065436156541e-13,125000000.0,-0.0,3.025624950764083,True
Ro180_q0.55_L35W_r0.60_th120_kc+0_ko+0,center_angle,6.751880216680387e-15,6313130.260944366,0.0,0.1528085342457075,-1.0,6.751880216680387e-15,-6313130.260944366,-0.0,-0.1528085342457075,False
Ro180_q0.55_L35W_r0.60_th120_kc+0_ko+0,outer_angle,2.3182681329827817e-14,6313130.260944366,0.0,0.1528085342457075,-1.0,2.3182681329827817e-14,-6313130.260944366,-0.0,-0.1528085342457075,False
Ro180_q0.55_L35W_r0.60_th120_kc+0_ko+0,gb_spacing,-6.328332979871022e-14,0.0,0.0,0.0,1.0,6.328332979871022e-14,0.0,0.0,0.0,False
Ro180_q0.55_L35W_r0.60_th120_kc+10_ko+10,center_outer_exchange,2.1794067624445058e-13,0.0,0.0,0.0,-1.0,2.1794067624445058e-13,-0.0,-0.0,-0.0,False
Ro180_q0.55_L35W_r0.60_th120_kc+10_ko+10,tj_radius,-1.0673721340708191e-13,-43738685.91589853,5.940003960000709e-08,-0.24254623826924782,1.0,1.0673721340708191e-13,-43738685.91589853,5.940003960000709e-08,-0.24254623826924782,False
Ro180_q0.55_L35W_r0.60_th120_kc+10_ko+10,center_curvature,1.947563620451494e-14,-125000000.0,0.0,-3.551083265135091,-1.0,1.947563620451494e-14,125000000.0,-0.0,3.551083265135091,True
Ro180_q0.55_L35W_r0.60_th120_kc+10_ko+10,outer_curvature,2.6351906004530996e-13,-125000000.0,0.0,-3.551083265135091,-1.0,2.6351906004530996e-13,125000000.0,-0.0,3.551083265135091,True
Ro180_q0.55_L35W_r0.60_th120_kc+10_ko+10,center_angle,6.381059761280951e-15,6313130.260944366,0.0,0.1793460845540551,-1.0,6.381059761280951e-15,-6313130.260944366,-0.0,-0.1793460845540551,False
Ro180_q0.55_L35W_r0.60_th120_kc+10_ko+10,outer_angle,1.923978612808996e-14,6313130.260944366,0.0,0.1793460845540551,-1.0,1.923978612808996e-14,-6313130.260944366,-0.0,-0.1793460845540551,False
Ro180_q0.55_L35W_r0.60_th120_kc+10_ko+10,gb_spacing,-6.309448883270515e-14,0.0,0.0,0.0,1.0,6.309448883270515e-14,0.0,0.0,0.0,False
Ro180_q0.55_L35W_r0.60_th140_kc-10_ko-10,center_outer_exchange,2.2208596094021606e-13,0.0,0.0,0.0,-1.0,2.2208596094021606e-13,-0.0,-0.0,-0.0,False
Ro180_q0.55_L35W_r0.60_th140_kc-10_ko-10,tj_radius,-1.1595520235484416e-13,-47459254.91150282,5.940003960000709e-08,0.03189538694381433,1.0,1.1595520235484416e-13,-47459254.91150282,5.940003960000709e-08,0.03189538694381433,False
Ro180_q0.55_L35W_r0.60_th140_kc-10_ko-10,center_curvature,1.5848152562037982e-14,-125000000.0,0.0,-2.5498404215351655,-1.0,1.5848152562037982e-14,125000000.0,-0.0,2.5498404215351655,True
Ro180_q0.55_L35W_r0.60_th140_kc-10_ko-10,outer_curvature,1.6118911788157076e-13,-125000000.0,0.0,-2.5498404215351655,-1.0,1.6118911788157076e-13,125000000.0,-0.0,2.5498404215351655,True
Ro180_q0.55_L35W_r0.60_th140_kc-10_ko-10,center_angle,6.515851475705444e-15,4318435.433363542,0.0,0.08809030654333139,-1.0,6.515851475705444e-15,-4318435.433363542,-0.0,-0.08809030654333139,False
Ro180_q0.55_L35W_r0.60_th140_kc-10_ko-10,outer_angle,2.138484613961556e-14,4318435.433363542,0.0,0.08809030654333139,-1.0,2.138484613961556e-14,-4318435.433363542,-0.0,-0.08809030654333139,False
Ro180_q0.55_L35W_r0.60_th140_kc-10_ko-10,gb_spacing,-6.481355881213928e-14,0.0,0.0,0.0,1.0,6.481355881213928e-14,0.0,0.0,0.0,False
Ro180_q0.55_L35W_r0.60_th140_kc+0_ko+0,center_outer_exchange,2.2215944096291571e-13,0.0,0.0,0.0,-1.0,2.2215944096291571e-13,-0.0,-0.0,-0.0,False
Ro180_q0.55_L35W_r0.60_th140_kc+0_ko+0,tj_radius,-1.102414590445598e-13,-47459254.91150282,5.940003960000709e-08,-0.09176180144399027,1.0,1.102414590445598e-13,-47459254.91150282,5.940003960000709e-08,-0.09176180144399027,False
Ro180_q0.55_L35W_r0.60_th140_kc+0_ko+0,center_curvature,1.640944850934704e-14,-125000000.0,0.0,-2.8755386689233164,-1.0,1.640944850934704e-14,125000000.0,-0.0,2.8755386689233164,True
Ro180_q0.55_L35W_r0.60_th140_kc+0_ko+0,outer_curvature,1.9451662102320433e-13,-125000000.0,0.0,-2.8755386689233164,-1.0,1.9451662102320433e-13,125000000.0,-0.0,2.8755386689233164,True
Ro180_q0.55_L35W_r0.60_th140_kc+0_ko+0,center_angle,6.368180929920748e-15,4318435.433363542,0.0,0.09934219244822629,-1.0,6.368180929920748e-15,-4318435.433363542,-0.0,-0.09934219244822629,False
Ro180_q0.55_L35W_r0.60_th140_kc+0_ko+0,outer_angle,2.092078833712165e-14,4318435.433363542,0.0,0.09934219244822629,-1.0,2.092078833712165e-14,-4318435.433363542,-0.0,-0.09934219244822629,False
Ro180_q0.55_L35W_r0.60_th140_kc+0_ko+0,gb_spacing,-6.444465358323487e-14,0.0,0.0,0.0,1.0,6.444465358323487e-14,0.0,0.0,0.0,False
Ro180_q0.55_L35W_r0.60_th140_kc+10_ko+10,center_outer_exchange,2.2194128966727146e-13,0.0,0.0,0.0,-1.0,2.2194128966727146e-13,-0.0,-0.0,-0.0,False
Ro180_q0.55_L35W_r0.60_th140_kc+10_ko+10,tj_radius,-1.0110269561419952e-13,-47459254.91150282,5.940003960000709e-08,-0.2643540290477864,1.0,1.0110269561419952e-13,-47459254.91150282,5.940003960000709e-08,-0.2643540290477864,False
Ro180_q0.55_L35W_r0.60_th140_kc+10_ko+10,center_curvature,1.6968703118994495e-14,-125000000.0,0.0,-3.3301294842774665,-1.0,1.6968703118994495e-14,125000000.0,-0.0,3.3301294842774665,True
Ro180_q0.55_L35W_r0.60_th140_kc+10_ko+10,outer_curvature,2.2735742321724168e-13,-125000000.0,0.0,-3.3301294842774665,-1.0,2.2735742321724168e-13,125000000.0,-0.0,3.3301294842774665,True
Ro180_q0.55_L35W_r0.60_th140_kc+10_ko+10,center_angle,6.196060024989439e-15,4318435.433365405,0.0,0.11504679697538212,-1.0,6.196060024989439e-15,-4318435.433365405,-0.0,-0.11504679697538212,False
Ro180_q0.55_L35W_r0.60_th140_kc+10_ko+10,outer_angle,1.896900532809176e-14,4318435.433365405,0.0,0.11504679697538212,-1.0,1.896900532809176e-14,-4318435.433365405,-0.0,-0.11504679697538212,False
Ro180_q0.55_L35W_r0.60_th140_kc+10_ko+10,gb_spacing,-6.393893975834607e-14,0.0,0.0,0.0,1.0,6.393893975834607e-14,0.0,0.0,0.0,False
Ro180_q0.55_L35W_r0.60_th160_kc-10_ko-10,center_outer_exchange,2.2536376956051878e-13,0.0,0.0,0.0,-1.0,2.2536376956051878e-13,-0.0,-0.0,-0.0,False
Ro180_q0.55_L35W_r0.60_th160_kc-10_ko-10,tj_radius,-1.1025951028137528e-13,-49737798.46216366,5.940003960000709e-08,0.01010787515176581,1.0,1.1025951028137528e-13,-49737798.46216366,5.940003960000709e-08,0.01010787515176581,False
Ro180_q0.55_L35W_r0.60_th160_kc-10_ko-10,center_curvature,1.5256186104661718e-14,-125000000.0,0.0,-2.4877849840380106,-1.0,1.5256186104661718e-14,125000000.0,-0.0,2.4877849840380106,True
Ro180_q0.55_L35W_r0.60_th160_kc-10_ko-10,outer_curvature,1.6460254595857949e-13,-125000000.0,0.0,-2.4877849840380106,-1.0,1.6460254595857949e-13,125000000.0,-0.0,2.4877849840380106,True
Ro180_q0.55_L35W_r0.60_th160_kc-10_ko-10,center_angle,6.3077649838215535e-15,2192527.1303728223,0.0,0.043636167912919355,-1.0,6.3077649838215535e-15,-2192527.1303728223,-0.0,-0.043636167912919355,False
Ro180_q0.55_L35W_r0.60_th160_kc-10_ko-10,outer_angle,1.893242971144183e-14,2192527.1303728223,0.0,0.043636167912919355,-1.0,1.893242971144183e-14,-2192527.1303728223,-0.0,-0.043636167912919355,False
Ro180_q0.55_L35W_r0.60_th160_kc-10_ko-10,gb_spacing,-6.52601459741933e-14,0.0,0.0,0.0,1.0,6.52601459741933e-14,0.0,0.0,0.0,False
Ro180_q0.55_L35W_r0.60_th160_kc+0_ko+0,center_outer_exchange,2.2508745872486032e-13,0.0,0.0,0.0,-1.0,2.2508745872486032e-13,-0.0,-0.0,-0.0,False
Ro180_q0.55_L35W_r0.60_th160_kc+0_ko+0,tj_radius,-1.0294688082459985e-13,-49737798.46216366,5.940003960000709e-08,-0.11109254874985819,1.0,1.0294688082459985e-13,-49737798.46216366,5.940003960000709e-08,-0.11109254874985819,False
Ro180_q0.55_L35W_r0.60_th160_kc+0_ko+0,center_curvature,1.5682366837932174e-14,-125000000.0,0.0,-2.7923878584797945,-1.0,1.5682366837932174e-14,125000000.0,-0.0,2.7923878584797945,True
Ro180_q0.55_L35W_r0.60_th160_kc+0_ko+0,outer_curvature,1.8946870549407674e-13,-125000000.0,0.0,-2.7923878584797945,-1.0,1.8946870549407674e-13,125000000.0,-0.0,2.7923878584797945,True
Ro180_q0.55_L35W_r0.60_th160_kc+0_ko+0,center_angle,6.302917050462871e-15,2192527.130374685,0.0,0.04897889494348551,-1.0,6.302917050462871e-15,-2192527.130374685,-0.0,-0.04897889494348551,False
Ro180_q0.55_L35W_r0.60_th160_kc+0_ko+0,outer_angle,1.9307619117843224e-14,2192527.130374685,0.0,0.04897889494348551,-1.0,1.9307619117843224e-14,-2192527.130374685,-0.0,-0.04897889494348551,False
Ro180_q0.55_L35W_r0.60_th160_kc+0_ko+0,gb_spacing,-6.466557911996998e-14,0.0,0.0,0.0,1.0,6.466557911996998e-14,0.0,0.0,0.0,False
Ro180_q0.55_L35W_r0.60_th160_kc+10_ko+10,center_outer_exchange,2.246018168015471e-13,0.0,0.0,0.0,-1.0,2.246018168015471e-13,-0.0,-0.0,-0.0,False
Ro180_q0.55_L35W_r0.60_th160_kc+10_ko+10,tj_radius,-9.305761937311868e-14,-49737798.46216366,5.940003960000709e-08,-0.27765055238704317,1.0,9.305761937311868e-14,-49737798.46216366,5.940003960000709e-08,-0.27765055238704317,False
Ro180_q0.55_L35W_r0.60_th160_kc+10_ko+10,center_curvature,1.6109539022796447e-14,-125000000.0,0.0,-3.2109869258717394,-1.0,1.6109539022796447e-14,125000000.0,-0.0,3.2109869258717394,True
Ro180_q0.55_L35W_r0.60_th160_kc+10_ko+10,outer_curvature,2.1416393537695757e-13,-125000000.0,0.0,-3.2109869258717394,-1.0,2.1416393537695757e-13,125000000.0,-0.0,3.2109869258717394,True
Ro180_q0.55_L35W_r0.60_th160_kc+10_ko+10,center_angle,6.2897930537046125e-15,2192527.130374685,0.0,0.05632106060016184,-1.0,6.2897930537046125e-15,-2192527.130374685,-0.0,-0.05632106060016184,False
Ro180_q0.55_L35W_r0.60_th160_kc+10_ko+10,outer_angle,1.9145633998300796e-14,2192527.130374685,0.0,0.05632106060016184,-1.0,1.9145633998300796e-14,-2192527.130374685,-0.0,-0.05632106060016184,False
Ro180_q0.55_L35W_r0.60_th160_kc+10_ko+10,gb_spacing,-6.39720613163972e-14,0.0,0.0,0.0,1.0,6.39720613163972e-14,0.0,0.0,0.0,False
Ro180_q0.55_L35W_r0.75_th120_kc-10_ko-10,center_outer_exchange,1.488267307033542e-13,0.0,0.0,0.0,-1.0,1.488267307033542e-13,-0.0,-0.0,-0.0,False
Ro180_q0.55_L35W_r0.75_th120_kc-10_ko-10,tj_radius,-1.3205609535374883e-13,-34990948.732718825,7.425004950001134e-08,0.16779394401356118,1.0,1.3205609535374883e-13,-34990948.732718825,7.425004950001134e-08,0.16779394401356118,False
Ro180_q0.55_L35W_r0.75_th120_kc-10_ko-10,center_curvature,9.956960682433731e-15,-125000000.0,0.0,-2.972949892240173,-1.0,9.956960682433731e-15,125000000.0,-0.0,2.972949892240173,True
Ro180_q0.55_L35W_r0.75_th120_kc-10_ko-10,outer_curvature,1.3600826690221337e-13,-125000000.0,0.0,-2.972949892240173,-1.0,1.3600826690221337e-13,125000000.0,-0.0,2.972949892240173,True
Ro180_q0.55_L35W_r0.75_th120_kc-10_ko-10,center_angle,4.062815836831337e-15,5050504.208754748,0.0,0.12011858230831507,-1.0,4.062815836831337e-15,-5050504.208754748,-0.0,-0.12011858230831507,False
Ro180_q0.55_L35W_r0.75_th120_kc-10_ko-10,outer_angle,2.0451138947344362e-14,5050504.208754748,0.0,0.12011858230831507,-1.0,2.0451138947344362e-14,-5050504.208754748,-0.0,-0.12011858230831507,False
Ro180_q0.55_L35W_r0.75_th120_kc-10_ko-10,gb_spacing,-2.548464430597489e-14,0.0,0.0,0.0,1.0,2.548464430597489e-14,0.0,0.0,0.0,False
Ro180_q0.55_L35W_r0.75_th120_kc+0_ko+0,center_outer_exchange,1.5430599861183108e-13,0.0,0.0,0.0,-1.0,1.5430599861183108e-13,-0.0,-0.0,-0.0,False
Ro180_q0.55_L35W_r0.75_th120_kc+0_ko+0,tj_radius,-1.3789856856711738e-13,-34990948.73272069,7.425004950001134e-08,0.027921273757613996,1.0,1.3789856856711738e-13,-34990948.73272069,7.425004950001134e-08,0.027921273757613996,False
Ro180_q0.55_L35W_r0.75_th120_kc+0_ko+0,center_curvature,1.2554523117747658e-14,-125000000.0,0.0,-3.4726380616678654,-1.0,1.2554523117747658e-14,125000000.0,-0.0,3.4726380616678654,True
Ro180_q0.55_L35W_r0.75_th120_kc+0_ko+0,outer_curvature,2.3318151744846815e-13,-125000000.0,0.0,-3.4726380616678654,-1.0,2.3318151744846815e-13,125000000.0,-0.0,3.4726380616678654,True
Ro180_q0.55_L35W_r0.75_th120_kc+0_ko+0,center_angle,4.5310749267896654e-15,5050504.208754748,0.0,0.14030746781212855,-1.0,4.5310749267896654e-15,-5050504.208754748,-0.0,-0.14030746781212855,False
Ro180_q0.55_L35W_r0.75_th120_kc+0_ko+0,outer_angle,2.4501094207990853e-14,5050504.208754748,0.0,0.14030746781212855,-1.0,2.4501094207990853e-14,-5050504.208754748,-0.0,-0.14030746781212855,False
Ro180_q0.55_L35W_r0.75_th120_kc+0_ko+0,gb_spacing,-2.8323146701553113e-14,0.0,0.0,0.0,1.0,2.8323146701553113e-14,0.0,0.0,0.0,False
Ro180_q0.55_L35W_r0.75_th120_kc+10_ko+10,center_outer_exchange,1.585669662634691e-13,0.0,0.0,0.0,-1.0,1.585669662634691e-13,-0.0,-0.0,-0.0,False
Ro180_q0.55_L35W_r0.75_th120_kc+10_ko+10,tj_radius,-1.3353268276299157e-13,-34990948.73272069,7.425004950001134e-08,-0.19283797333835562,1.0,1.3353268276299157e-13,-34990948.73272069,7.425004950001134e-08,-0.19283797333835562,False
Ro180_q0.55_L35W_r0.75_th120_kc+10_ko+10,center_curvature,1.5061615544764856e-14,-125000000.0,0.0,-4.261306166759127,-1.0,1.5061615544764856e-14,125000000.0,-0.0,4.261306166759127,True
Ro180_q0.55_L35W_r0.75_th120_kc+10_ko+10,outer_curvature,3.285273237842134e-13,-125000000.0,0.0,-4.261306166759127,-1.0,3.285273237842134e-13,125000000.0,-0.0,4.261306166759127,True
Ro180_q0.55_L35W_r0.75_th120_kc+10_ko+10,center_angle,4.794731535564848e-15,5050504.208753817,0.0,0.17217130834268346,-1.0,4.794731535564848e-15,-5050504.208753817,-0.0,-0.17217130834268346,False
Ro180_q0.55_L35W_r0.75_th120_kc+10_ko+10,outer_angle,2.168616104222613e-14,5050504.208753817,0.0,0.17217130834268346,-1.0,2.168616104222613e-14,-5050504.208753817,-0.0,-0.17217130834268346,False
Ro180_q0.55_L35W_r0.75_th120_kc+10_ko+10,gb_spacing,-3.052011892004501e-14,0.0,0.0,0.0,1.0,3.052011892004501e-14,0.0,0.0,0.0,False
Ro180_q0.55_L35W_r0.75_th140_kc-10_ko-10,center_outer_exchange,1.67667964703338e-13,0.0,0.0,0.0,-1.0,1.67667964703338e-13,-0.0,-0.0,-0.0,False
Ro180_q0.55_L35W_r0.75_th140_kc-10_ko-10,tj_radius,-1.4408306412961112e-13,-37967403.92920561,7.425004950001134e-08,0.1323850438488261,1.0,1.4408306412961112e-13,-37967403.92920561,7.425004950001134e-08,0.1323850438488261,False
Ro180_q0.55_L35W_r0.75_th140_kc-10_ko-10,center_curvature,1.3122619947633072e-14,-125000000.0,0.0,-2.8564610901621323,-1.0,1.3122619947633072e-14,125000000.0,-0.0,2.8564610901621323,True
Ro180_q0.55_L35W_r0.75_th140_kc-10_ko-10,outer_curvature,1.7510284854497634e-13,-125000000.0,0.0,-2.8564610901621323,-1.0,1.7510284854497634e-13,125000000.0,-0.0,2.8564610901621323,True
Ro180_q0.55_L35W_r0.75_th140_kc-10_ko-10,center_angle,5.382714933584622e-15,3454748.3466900885,0.0,0.07894649489870176,-1.0,5.382714933584622e-15,-3454748.3466900885,-0.0,-0.07894649489870176,False
Ro180_q0.55_L35W_r0.75_th140_kc-10_ko-10,outer_angle,2.2938092395955836e-14,3454748.3466900885,0.0,0.07894649489870176,-1.0,2.2938092395955836e-14,-3454748.3466900885,-0.0,-0.07894649489870176,False
Ro180_q0.55_L35W_r0.75_th140_kc-10_ko-10,gb_spacing,-3.405665838838815e-14,0.0,0.0,0.0,1.0,3.405665838838815e-14,0.0,0.0,0.0,False
Ro180_q0.55_L35W_r0.75_th140_kc+0_ko+0,center_outer_exchange,1.7036887685266967e-13,0.0,0.0,0.0,-1.0,1.7036887685266967e-13,-0.0,-0.0,-0.0,False
Ro180_q0.55_L35W_r0.75_th140_kc+0_ko+0,tj_radius,-1.4213663518474905e-13,-37967403.92920375,7.425004950001134e-08,-0.0031201866133034883,1.0,1.4213663518474905e-13,-37967403.92920375,7.425004950001134e-08,-0.0031201866133034883,False
Ro180_q0.55_L35W_r0.75_th140_kc+0_ko+0,center_curvature,1.458295713067918e-14,-125000000.0,0.0,-3.3025952551115623,-1.0,1.458295713067918e-14,125000000.0,-0.0,3.3025952551115623,True
Ro180_q0.55_L35W_r0.75_th140_kc+0_ko+0,outer_curvature,2.3367346096523194e-13,-125000000.0,0.0,-3.3025952551115623,-1.0,2.3367346096523194e-13,125000000.0,-0.0,3.3025952551115623,True
Ro180_q0.55_L35W_r0.75_th140_kc+0_ko+0,center_angle,5.582559010533262e-15,3454748.3466900885,0.0,0.09127646488582553,-1.0,5.582559010533262e-15,-3454748.3466900885,-0.0,-0.09127646488582553,False
Ro180_q0.55_L35W_r0.75_th140_kc+0_ko+0,outer_angle,2.4263853378726185e-14,3454748.3466900885,0.0,0.09127646488582553,-1.0,2.4263853378726185e-14,-3454748.3466900885,-0.0,-0.09127646488582553,False
Ro180_q0.55_L35W_r0.75_th140_kc+0_ko+0,gb_spacing,-3.520810634796408e-14,0.0,0.0,0.0,1.0,3.520810634796408e-14,0.0,0.0,0.0,False
Ro180_q0.55_L35W_r0.75_th140_kc+10_ko+10,center_outer_exchange,1.7238075085632716e-13,0.0,0.0,0.0,-1.0,1.7238075085632716e-13,-0.0,-0.0,-0.0,False
Ro180_q0.55_L35W_r0.75_th140_kc+10_ko+10,tj_radius,-1.3398843319862106e-13,-37967403.92920375,7.425004950001134e-08,-0.20918990891549694,1.0,1.3398843319862106e-13,-37967403.92920375,7.425004950001134e-08,-0.20918990891549694,False
Ro180_q0.55_L35W_r0.75_th140_kc+10_ko+10,center_curvature,1.6007967785390163e-14,-125000000.0,0.0,-3.9810651879754744,-1.0,1.6007967785390163e-14,125000000.0,-0.0,3.9810651879754744,True
Ro180_q0.55_L35W_r0.75_th140_kc+10_ko+10,outer_curvature,2.9154078285298317e-13,-125000000.0,0.0,-3.9810651879754744,-1.0,2.9154078285298317e-13,125000000.0,-0.0,3.9810651879754744,True
Ro180_q0.55_L35W_r0.75_th140_kc+10_ko+10,center_angle,5.708204120808384e-15,3454748.3466900885,0.0,0.1100272692688975,-1.0,5.708204120808384e-15,-3454748.3466900885,-0.0,-0.1100272692688975,False
Ro180_q0.55_L35W_r0.75_th140_kc+10_ko+10,outer_angle,2.2983942552348722e-14,3454748.3466900885,0.0,0.1100272692688975,-1.0,2.2983942552348722e-14,-3454748.3466900885,-0.0,-0.1100272692688975,False
Ro180_q0.55_L35W_r0.75_th140_kc+10_ko+10,gb_spacing,-3.6001610766455184e-14,0.0,0.0,0.0,1.0,3.6001610766455184e-14,0.0,0.0,0.0,False
Ro180_q0.55_L35W_r0.75_th160_kc-10_ko-10,center_outer_exchange,1.7967107770155734e-13,0.0,0.0,0.0,-1.0,1.7967107770155734e-13,-0.0,-0.0,-0.0,False
Ro180_q0.55_L35W_r0.75_th160_kc-10_ko-10,tj_radius,-1.457243046303559e-13,-39790238.769732416,7.425004950001134e-08,0.11171283201139026,1.0,1.457243046303559e-13,-39790238.769732416,7.425004950001134e-08,0.11171283201139026,False
Ro180_q0.55_L35W_r0.75_th160_kc-10_ko-10,center_curvature,1.4963573837756928e-14,-125000000.0,0.0,-2.790544142177498,-1.0,1.4963573837756928e-14,125000000.0,-0.0,2.790544142177498,True
Ro180_q0.55_L35W_r0.75_th160_kc-10_ko-10,outer_curvature,1.9414449631087503e-13,-125000000.0,0.0,-2.790544142177498,-1.0,1.9414449631087503e-13,125000000.0,-0.0,2.790544142177498,True
Ro180_q0.55_L35W_r0.75_th160_kc-10_ko-10,center_angle,6.142672220933798e-15,1754021.7042993754,0.0,0.03915724378600327,-1.0,6.142672220933798e-15,-1754021.7042993754,-0.0,-0.03915724378600327,False
Ro180_q0.55_L35W_r0.75_th160_kc-10_ko-10,outer_angle,2.2280838247260608e-14,1754021.7042993754,0.0,0.03915724378600327,-1.0,2.2280838247260608e-14,-1754021.7042993754,-0.0,-0.03915724378600327,False
Ro180_q0.55_L35W_r0.75_th160_kc-10_ko-10,gb_spacing,-3.877501690890408e-14,0.0,0.0,0.0,1.0,3.877501690890408e-14,0.0,0.0,0.0,False
Ro180_q0.55_L35W_r0.75_th160_kc+0_ko+0,center_outer_exchange,1.810233137126943e-13,0.0,0.0,0.0,-1.0,1.810233137126943e-13,-0.0,-0.0,-0.0,False
Ro180_q0.55_L35W_r0.75_th160_kc+0_ko+0,tj_radius,-1.3970027661342352e-13,-39790238.769732416,7.425004950001134e-08,-0.02128748688545734,1.0,1.3970027661342352e-13,-39790238.769732416,7.425004950001134e-08,-0.02128748688545734,False
Ro180_q0.55_L35W_r0.75_th160_kc+0_ko+0,center_curvature,1.5999788960040233e-14,-125000000.0,0.0,-3.2083703193057644,-1.0,1.5999788960040233e-14,125000000.0,-0.0,3.2083703193057644,True
Ro180_q0.55_L35W_r0.75_th160_kc+0_ko+0,outer_curvature,2.379341343879082e-13,-125000000.0,0.0,-3.2083703193057644,-1.0,2.379341343879082e-13,125000000.0,-0.0,3.2083703193057644,True
Ro180_q0.55_L35W_r0.75_th160_kc+0_ko+0,center_angle,6.340210954628174e-15,1754021.7042993754,0.0,0.04502013097518187,-1.0,6.340210954628174e-15,-1754021.7042993754,-0.0,-0.04502013097518187,False
Ro180_q0.55_L35W_r0.75_th160_kc+0_ko+0,outer_angle,2.3877682843286952e-14,1754021.7042993754,0.0,0.04502013097518187,-1.0,2.3877682843286952e-14,-1754021.7042993754,-0.0,-0.04502013097518187,False
Ro180_q0.55_L35W_r0.75_th160_kc+0_ko+0,gb_spacing,-3.9077694248514e-14,0.0,0.0,0.0,1.0,3.9077694248514e-14,0.0,0.0,0.0,False
Ro180_q0.55_L35W_r0.75_th160_kc+10_ko+10,center_outer_exchange,1.8189419906798166e-13,0.0,0.0,0.0,-1.0,1.8189419906798166e-13,-0.0,-0.0,-0.0,False
Ro180_q0.55_L35W_r0.75_th160_kc+10_ko+10,tj_radius,-1.2905806049184938e-13,-39790238.769731484,7.425004950001134e-08,-0.21957701376640326,1.0,1.2905806049184938e-13,-39790238.769731484,7.425004950001134e-08,-0.21957701376640326,False
Ro180_q0.55_L35W_r0.75_th160_kc+10_ko+10,center_curvature,1.701756253136952e-14,-125000000.0,0.0,-3.8313139289902765,-1.0,1.701756253136952e-14,125000000.0,-0.0,3.8313139289902765,True
Ro180_q0.55_L35W_r0.75_th160_kc+10_ko+10,outer_curvature,2.8143005475223014e-13,-125000000.0,0.0,-3.8313139289902765,-1.0,2.8143005475223014e-13,125000000.0,-0.0,3.8313139289902765,True
Ro180_q0.55_L35W_r0.75_th160_kc+10_ko+10,center_angle,6.510015217267458e-15,1754021.7042993754,0.0,0.05376107622634407,-1.0,6.510015217267458e-15,-1754021.7042993754,-0.0,-0.05376107622634407,False
Ro180_q0.55_L35W_r0.75_th160_kc+10_ko+10,outer_angle,2.4527358383732975e-14,1754021.7042993754,0.0,0.05376107622634407,-1.0,2.4527358383732975e-14,-1754021.7042993754,-0.0,-0.05376107622634407,False
Ro180_q0.55_L35W_r0.75_th160_kc+10_ko+10,gb_spacing,-3.913426758826794e-14,0.0,0.0,0.0,1.0,3.913426758826794e-14,0.0,0.0,0.0,False
Ro180_q0.55_L45W_r0.45_th120_kc-10_ko-10,center_outer_exchange,1.4955624824617988e-13,0.0,0.0,0.0,-1.0,1.4955624824617988e-13,-0.0,-0.0,-0.0,False
Ro180_q0.55_L45W_r0.45_th120_kc-10_ko-10,tj_radius,-6.565015074976078e-14,-58318247.88786471,4.4550029700006144e-08,-0.06549858169557776,1.0,6.565015074976078e-14,-58318247.88786471,4.4550029700006144e-08,-0.06549858169557776,False
Ro180_q0.55_L45W_r0.45_th120_kc-10_ko-10,center_curvature,1.5820030799153492e-14,-125000000.0,0.0,-2.2838083555338784,-1.0,1.5820030799153492e-14,125000000.0,-0.0,2.2838083555338784,True
Ro180_q0.55_L45W_r0.45_th120_kc-10_ko-10,outer_curvature,1.3876467125195052e-13,-125000000.0,0.0,-2.2838083555338784,-1.0,1.3876467125195052e-13,125000000.0,-0.0,2.2838083555338784,True
Ro180_q0.55_L45W_r0.45_th120_kc-10_ko-10,center_angle,5.351937542659255e-15,8417507.014591247,0.0,0.15379146082761253,-1.0,5.351937542659255e-15,-8417507.014591247,-0.0,-0.15379146082761253,False
Ro180_q0.55_L45W_r0.45_th120_kc-10_ko-10,outer_angle,2.18691114250195e-14,8417507.014591247,0.0,0.15379146082761253,-1.0,2.18691114250195e-14,-8417507.014591247,-0.0,-0.15379146082761253,False
Ro180_q0.55_L45W_r0.45_th120_kc-10_ko-10,gb_spacing,-2.6195939426088953e-14,0.0,0.0,0.0,1.0,2.6195939426088953e-14,0.0,0.0,0.0,False
Ro180_q0.55_L45W_r0.45_th120_kc+0_ko+0,center_outer_exchange,1.5111468000884722e-13,0.0,0.0,0.0,-1.0,1.5111468000884722e-13,-0.0,-0.0,-0.0,False
Ro180_q0.55_L45W_r0.45_th120_kc+0_ko+0,tj_radius,-6.104592021794296e-14,-58318247.88786657,4.4550029700006144e-08,-0.17849131319847,1.0,6.104592021794296e-14,-58318247.88786657,4.4550029700006144e-08,-0.17849131319847,False
Ro180_q0.55_L45W_r0.45_th120_kc+0_ko+0,center_curvature,1.737378151321097e-14,-125000000.0,0.0,-2.526000966687647,-1.0,1.737378151321097e-14,125000000.0,-0.0,2.526000966687647,True
Ro180_q0.55_L45W_r0.45_th120_kc+0_ko+0,outer_curvature,1.6608234812593243e-13,-125000000.0,0.0,-2.526000966687647,-1.0,1.6608234812593243e-13,125000000.0,-0.0,2.526000966687647,True
Ro180_q0.55_L45W_r0.45_th120_kc+0_ko+0,center_angle,5.224344509030841e-15,8417507.014591247,0.0,0.1701005598402361,-1.0,5.224344509030841e-15,-8417507.014591247,-0.0,-0.1701005598402361,False
Ro180_q0.55_L45W_r0.45_th120_kc+0_ko+0,outer_angle,1.9930712526820265e-14,8417507.014591247,0.0,0.1701005598402361,-1.0,1.9930712526820265e-14,-8417507.014591247,-0.0,-0.1701005598402361,False
Ro180_q0.55_L45W_r0.45_th120_kc+0_ko+0,gb_spacing,-2.682297157535855e-14,0.0,0.0,0.0,1.0,2.682297157535855e-14,0.0,0.0,0.0,False
Ro180_q0.55_L45W_r0.45_th120_kc+10_ko+10,center_outer_exchange,1.522413042196754e-13,0.0,0.0,0.0,-1.0,1.522413042196754e-13,-0.0,-0.0,-0.0,False
Ro180_q0.55_L45W_r0.45_th120_kc+10_ko+10,tj_radius,-5.357361249921463e-14,-58318247.88786657,4.4550029700006144e-08,-0.32660442638687837,1.0,5.357361249921463e-14,-58318247.88786657,4.4550029700006144e-08,-0.32660442638687837,False
Ro180_q0.55_L45W_r0.45_th120_kc+10_ko+10,center_curvature,1.8894942417609094e-14,-125000000.0,0.0,-2.8434731004223224,-1.0,1.8894942417609094e-14,125000000.0,-0.0,2.8434731004223224,True
Ro180_q0.55_L45W_r0.45_th120_kc+10_ko+10,outer_curvature,1.9240737138862e-13,-125000000.0,0.0,-2.8434731004223224,-1.0,1.9240737138862e-13,125000000.0,-0.0,2.8434731004223224,True
Ro180_q0.55_L45W_r0.45_th120_kc+10_ko+10,center_angle,4.982851604477422e-15,8417507.014591247,0.0,0.1914788434902448,-1.0,4.982851604477422e-15,-8417507.014591247,-0.0,-0.1914788434902448,False
Ro180_q0.55_L45W_r0.45_th120_kc+10_ko+10,outer_angle,1.601638547055205e-14,8417507.014591247,0.0,0.1914788434902448,-1.0,1.601638547055205e-14,-8417507.014591247,-0.0,-0.1914788434902448,False
Ro180_q0.55_L45W_r0.45_th120_kc+10_ko+10,gb_spacing,-2.710260319983313e-14,0.0,0.0,0.0,1.0,2.710260319983313e-14,0.0,0.0,0.0,False
Ro180_q0.55_L45W_r0.45_th140_kc-10_ko-10,center_outer_exchange,1.54973509542663e-13,0.0,0.0,0.0,-1.0,1.54973509542663e-13,-0.0,-0.0,-0.0,False
Ro180_q0.55_L45W_r0.45_th140_kc-10_ko-10,tj_radius,-6.169436558703442e-14,-63279006.548672915,4.4550029700006144e-08,-0.1052472087680334,1.0,6.169436558703442e-14,-63279006.548672915,4.4550029700006144e-08,-0.1052472087680334,False
Ro180_q0.55_L45W_r0.45_th140_kc-10_ko-10,center_curvature,1.5199505481389766e-14,-125000000.0,0.0,-2.1832873738594216,-1.0,1.5199505481389766e-14,125000000.0,-0.0,2.1832873738594216,True
Ro180_q0.55_L45W_r0.45_th140_kc-10_ko-10,outer_curvature,1.2987915245379268e-13,-125000000.0,0.0,-2.1832873738594216,-1.0,1.2987915245379268e-13,125000000.0,-0.0,2.1832873738594216,True
Ro180_q0.55_L45W_r0.45_th140_kc-10_ko-10,center_angle,5.133247786212101e-15,5757913.911152631,0.0,0.10056926329227167,-1.0,5.133247786212101e-15,-5757913.911152631,-0.0,-0.10056926329227167,False
Ro180_q0.55_L45W_r0.45_th140_kc-10_ko-10,outer_angle,1.7788178167204918e-14,5757913.911152631,0.0,0.10056926329227167,-1.0,1.7788178167204918e-14,-5757913.911152631,-0.0,-0.10056926329227167,False
Ro180_q0.55_L45W_r0.45_th140_kc-10_ko-10,gb_spacing,-2.879908993357255e-14,0.0,0.0,0.0,1.0,2.879908993357255e-14,0.0,0.0,0.0,False
Ro180_q0.55_L45W_r0.45_th140_kc+0_ko+0,center_outer_exchange,1.5566370467293824e-13,0.0,0.0,0.0,-1.0,1.5566370467293824e-13,-0.0,-0.0,-0.0,False
Ro180_q0.55_L45W_r0.45_th140_kc+0_ko+0,tj_radius,-5.609329747229549e-14,-63279006.548672915,4.4550029700006144e-08,-0.21412263603559634,1.0,5.609329747229549e-14,-63279006.548672915,4.4550029700006144e-08,-0.21412263603559634,False
Ro180_q0.55_L45W_r0.45_th140_kc+0_ko+0,center_curvature,1.6122900948788475e-14,-125000000.0,0.0,-2.398359645943704,-1.0,1.6122900948788475e-14,125000000.0,-0.0,2.398359645943704,True
Ro180_q0.55_L45W_r0.45_th140_kc+0_ko+0,outer_curvature,1.4602012852766994e-13,-125000000.0,0.0,-2.398359645943704,-1.0,1.4602012852766994e-13,125000000.0,-0.0,2.398359645943704,True
Ro180_q0.55_L45W_r0.45_th140_kc+0_ko+0,center_angle,5.0623883912969505e-15,5757913.911150768,0.0,0.11047611847381233,-1.0,5.0623883912969505e-15,-5757913.911150768,-0.0,-0.11047611847381233,False
Ro180_q0.55_L45W_r0.45_th140_kc+0_ko+0,outer_angle,1.6516641879261065e-14,5757913.911150768,0.0,0.11047611847381233,-1.0,1.6516641879261065e-14,-5757913.911150768,-0.0,-0.11047611847381233,False
Ro180_q0.55_L45W_r0.45_th140_kc+0_ko+0,gb_spacing,-2.879978358908917e-14,0.0,0.0,0.0,1.0,2.879978358908917e-14,0.0,0.0,0.0,False
Ro180_q0.55_L45W_r0.45_th140_kc+10_ko+10,center_outer_exchange,1.5611328949254815e-13,0.0,0.0,0.0,-1.0,1.5611328949254815e-13,-0.0,-0.0,-0.0,False
Ro180_q0.55_L45W_r0.45_th140_kc+10_ko+10,tj_radius,-4.8756154088169415e-14,-63279006.548672915,4.4550029700006144e-08,-0.3538269583381881,1.0,4.8756154088169415e-14,-63279006.548672915,4.4550029700006144e-08,-0.3538269583381881,False
Ro180_q0.55_L45W_r0.45_th140_kc+10_ko+10,center_curvature,1.7039894353083567e-14,-125000000.0,0.0,-2.674332081822328,-1.0,1.7039894353083567e-14,125000000.0,-0.0,2.674332081822328,True
Ro180_q0.55_L45W_r0.45_th140_kc+10_ko+10,outer_curvature,1.6179991646046356e-13,-125000000.0,0.0,-2.674332081822328,-1.0,1.6179991646046356e-13,125000000.0,-0.0,2.674332081822328,True
Ro180_q0.55_L45W_r0.45_th140_kc+10_ko+10,center_angle,4.950499289256953e-15,5757913.911150768,0.0,0.12318817031164997,-1.0,4.950499289256953e-15,-5757913.911150768,-0.0,-0.12318817031164997,False
Ro180_q0.55_L45W_r0.45_th140_kc+10_ko+10,outer_angle,1.4509286803578647e-14,5757913.911150768,0.0,0.12318817031164997,-1.0,1.4509286803578647e-14,-5757913.911150768,-0.0,-0.12318817031164997,False
Ro180_q0.55_L45W_r0.45_th140_kc+10_ko+10,gb_spacing,-2.860096152536702e-14,0.0,0.0,0.0,1.0,2.860096152536702e-14,0.0,0.0,0.0,False
Ro180_q0.55_L45W_r0.45_th160_kc-10_ko-10,center_outer_exchange,1.5842201216240772e-13,0.0,0.0,0.0,-1.0,1.5842201216240772e-13,-0.0,-0.0,-0.0,False
Ro180_q0.55_L45W_r0.45_th160_kc-10_ko-10,tj_radius,-5.6046203363816976e-14,-66317064.61621821,4.4550029700006144e-08,-0.1283643414881075,1.0,5.6046203363816976e-14,-66317064.61621821,4.4550029700006144e-08,-0.1283643414881075,False
Ro180_q0.55_L45W_r0.45_th160_kc-10_ko-10,center_curvature,1.515481652201421e-14,-125000000.0,0.0,-2.1268414929069834,-1.0,1.515481652201421e-14,125000000.0,-0.0,2.1268414929069834,True
Ro180_q0.55_L45W_r0.45_th160_kc-10_ko-10,outer_curvature,1.251138554857603e-13,-125000000.0,0.0,-2.1268414929069834,-1.0,1.251138554857603e-13,125000000.0,-0.0,2.1268414929069834,True
Ro180_q0.55_L45W_r0.45_th160_kc-10_ko-10,center_angle,5.018657800127728e-15,2923369.5071674883,0.0,0.049740265392728134,-1.0,5.018657800127728e-15,-2923369.5071674883,-0.0,-0.049740265392728134,False
Ro180_q0.55_L45W_r0.45_th160_kc-10_ko-10,outer_angle,1.448480233514672e-14,2923369.5071674883,0.0,0.049740265392728134,-1.0,1.448480233514672e-14,-2923369.5071674883,-0.0,-0.049740265392728134,False
Ro180_q0.55_L45W_r0.45_th160_kc-10_ko-10,gb_spacing,-3.0080472973419294e-14,0.0,0.0,0.0,1.0,3.0080472973419294e-14,0.0,0.0,0.0,False
Ro180_q0.55_L45W_r0.45_th160_kc+0_ko+0,center_outer_exchange,1.5869938101664618e-13,0.0,0.0,0.0,-1.0,1.5869938101664618e-13,-0.0,-0.0,-0.0,False
Ro180_q0.55_L45W_r0.45_th160_kc+0_ko+0,tj_radius,-4.987061832959497e-14,-66317064.61621821,4.4550029700006144e-08,-0.23490727782904397,1.0,4.987061832959497e-14,-66317064.61621821,4.4550029700006144e-08,-0.23490727782904397,False
Ro180_q0.55_L45W_r0.45_th160_kc+0_ko+0,center_curvature,1.5850001223263385e-14,-125000000.0,0.0,-2.3276643953504816,-1.0,1.5850001223263385e-14,125000000.0,-0.0,2.3276643953504816,True
Ro180_q0.55_L45W_r0.45_th160_kc+0_ko+0,outer_curvature,1.3704553788313766e-13,-125000000.0,0.0,-2.3276643953504816,-1.0,1.3704553788313766e-13,125000000.0,-0.0,2.3276643953504816,True
Ro180_q0.55_L45W_r0.45_th160_kc+0_ko+0,center_angle,5.057540038037075e-15,2923369.5071674883,0.0,0.054436864581397515,-1.0,5.057540038037075e-15,-2923369.5071674883,-0.0,-0.054436864581397515,False
Ro180_q0.55_L45W_r0.45_th160_kc+0_ko+0,outer_angle,1.4191946748551202e-14,2923369.5071674883,0.0,0.054436864581397515,-1.0,1.4191946748551202e-14,-2923369.5071674883,-0.0,-0.054436864581397515,False
Ro180_q0.55_L45W_r0.45_th160_kc+0_ko+0,gb_spacing,-2.976187693333752e-14,0.0,0.0,0.0,1.0,2.976187693333752e-14,0.0,0.0,0.0,False
Ro180_q0.55_L45W_r0.45_th160_kc+10_ko+10,center_outer_exchange,1.5880860115950184e-13,0.0,0.0,0.0,-1.0,1.5880860115950184e-13,-0.0,-0.0,-0.0,False
Ro180_q0.55_L45W_r0.45_th160_kc+10_ko+10,tj_radius,-4.238199373910065e-14,-66317064.61621821,4.4550029700006144e-08,-0.3700615899496773,1.0,4.238199373910065e-14,-66317064.61621821,4.4550029700006144e-08,-0.3700615899496773,False
Ro180_q0.55_L45W_r0.45_th160_kc+10_ko+10,center_curvature,1.6545441910658855e-14,-125000000.0,0.0,-2.5824175720421394,-1.0,1.6545441910658855e-14,125000000.0,-0.0,2.5824175720421394,True
Ro180_q0.55_L45W_r0.45_th160_kc+10_ko+10,outer_curvature,1.4878049560770445e-13,-125000000.0,0.0,-2.5824175720421394,-1.0,1.4878049560770445e-13,125000000.0,-0.0,2.5824175720421394,True
Ro180_q0.55_L45W_r0.45_th160_kc+10_ko+10,center_angle,5.082367334917093e-15,2923369.5071656257,0.0,0.060394701592692,-1.0,5.082367334917093e-15,-2923369.5071656257,-0.0,-0.060394701592692,False
Ro180_q0.55_L45W_r0.45_th160_kc+10_ko+10,outer_angle,1.3627811918440091e-14,2923369.5071656257,0.0,0.060394701592692,-1.0,1.3627811918440091e-14,-2923369.5071656257,-0.0,-0.060394701592692,False
Ro180_q0.55_L45W_r0.45_th160_kc+10_ko+10,gb_spacing,-2.929849537336015e-14,0.0,0.0,0.0,1.0,2.929849537336015e-14,0.0,0.0,0.0,False
Ro180_q0.55_L45W_r0.60_th120_kc-10_ko-10,center_outer_exchange,1.0299728901195723e-13,0.0,0.0,0.0,-1.0,1.0299728901195723e-13,-0.0,-0.0,-0.0,False
Ro180_q0.55_L45W_r0.60_th120_kc-10_ko-10,tj_radius,-8.514882033470622e-14,-43738685.91589853,5.940003960000709e-08,0.06927815931923043,1.0,8.514882033470622e-14,-43738685.91589853,5.940003960000709e-08,0.06927815931923043,False
Ro180_q0.55_L45W_r0.60_th120_kc-10_ko-10,center_curvature,6.711876302776295e-15,-125000000.0,0.0,-2.659904145670855,-1.0,6.711876302776295e-15,125000000.0,-0.0,2.659904145670855,True
Ro180_q0.55_L45W_r0.60_th120_kc-10_ko-10,outer_curvature,1.535231121255159e-13,-125000000.0,0.0,-2.659904145670855,-1.0,1.535231121255159e-13,125000000.0,-0.0,2.659904145670855,True
Ro180_q0.55_L45W_r0.60_th120_kc-10_ko-10,center_angle,2.364345799112458e-15,6313130.260944366,0.0,0.13433811211627233,-1.0,2.364345799112458e-15,-6313130.260944366,-0.0,-0.13433811211627233,False
Ro180_q0.55_L45W_r0.60_th120_kc-10_ko-10,outer_angle,2.3150206998853187e-14,6313130.260944366,0.0,0.13433811211627233,-1.0,2.3150206998853187e-14,-6313130.260944366,-0.0,-0.13433811211627233,False
Ro180_q0.55_L45W_r0.60_th120_kc-10_ko-10,gb_spacing,3.2025982130068592e-15,0.0,0.0,0.0,-1.0,3.2025982130068592e-15,-0.0,-0.0,-0.0,False
Ro180_q0.55_L45W_r0.60_th120_kc+0_ko+0,center_outer_exchange,1.0869208632041137e-13,0.0,0.0,0.0,-1.0,1.0869208632041137e-13,-0.0,-0.0,-0.0,False
Ro180_q0.55_L45W_r0.60_th120_kc+0_ko+0,tj_radius,-8.51548902319339e-14,-43738685.91589853,5.940003960000709e-08,-0.058688652391447604,1.0,8.51548902319339e-14,-43738685.91589853,5.940003960000709e-08,-0.058688652391447604,False
Ro180_q0.55_L45W_r0.60_th120_kc+0_ko+0,center_curvature,1.095463641721767e-14,-125000000.0,0.0,-3.025624950764083,-1.0,1.095463641721767e-14,125000000.0,-0.0,3.025624950764083,True
Ro180_q0.55_L45W_r0.60_th120_kc+0_ko+0,outer_curvature,2.093065436157046e-13,-125000000.0,0.0,-3.025624950764083,-1.0,2.093065436157046e-13,125000000.0,-0.0,3.025624950764083,True
Ro180_q0.55_L45W_r0.60_th120_kc+0_ko+0,center_angle,3.216368704930152e-15,6313130.260944366,0.0,0.1528085342457075,-1.0,3.216368704930152e-15,-6313130.260944366,-0.0,-0.1528085342457075,False
Ro180_q0.55_L45W_r0.60_th120_kc+0_ko+0,outer_angle,2.3182681329827817e-14,6313130.260944366,0.0,0.1528085342457075,-1.0,2.3182681329827817e-14,-6313130.260944366,-0.0,-0.1528085342457075,False
Ro180_q0.55_L45W_r0.60_th120_kc+0_ko+0,gb_spacing,-1.610123273741615e-16,0.0,0.0,0.0,1.0,1.610123273741615e-16,0.0,0.0,0.0,False
Ro180_q0.55_L45W_r0.60_th120_kc+10_ko+10,center_outer_exchange,1.1328805739398564e-13,0.0,0.0,0.0,-1.0,1.1328805739398564e-13,-0.0,-0.0,-0.0,False
Ro180_q0.55_L45W_r0.60_th120_kc+10_ko+10,tj_radius,-7.90404705180502e-14,-43738685.91589853,5.940003960000709e-08,-0.24254623826924782,1.0,7.90404705180502e-14,-43738685.91589853,5.940003960000709e-08,-0.24254623826924782,False
Ro180_q0.55_L45W_r0.60_th120_kc+10_ko+10,center_curvature,1.505116563577131e-14,-125000000.0,0.0,-3.551083265135091,-1.0,1.505116563577131e-14,125000000.0,-0.0,3.551083265135091,True
Ro180_q0.55_L45W_r0.60_th120_kc+10_ko+10,outer_curvature,2.6351906004530996e-13,-125000000.0,0.0,-3.551083265135091,-1.0,2.6351906004530996e-13,125000000.0,-0.0,3.551083265135091,True
Ro180_q0.55_L45W_r0.60_th120_kc+10_ko+10,center_angle,3.7425206476878146e-15,6313130.260944366,0.0,0.1793460845540551,-1.0,3.7425206476878146e-15,-6313130.260944366,-0.0,-0.1793460845540551,False
Ro180_q0.55_L45W_r0.60_th120_kc+10_ko+10,outer_angle,1.923978612808996e-14,6313130.260944366,0.0,0.1793460845540551,-1.0,1.923978612808996e-14,-6313130.260944366,-0.0,-0.1793460845540551,False
Ro180_q0.55_L45W_r0.60_th120_kc+10_ko+10,gb_spacing,-2.6477061544653674e-15,0.0,0.0,0.0,1.0,2.6477061544653674e-15,0.0,0.0,0.0,False
Ro180_q0.55_L45W_r0.60_th140_kc-10_ko-10,center_outer_exchange,1.1837277234038453e-13,0.0,0.0,0.0,-1.0,1.1837277234038453e-13,-0.0,-0.0,-0.0,False
Ro180_q0.55_L45W_r0.60_th140_kc-10_ko-10,tj_radius,-8.935111670062354e-14,-47459254.91150282,5.940003960000709e-08,0.03189538694381433,1.0,8.935111670062354e-14,-47459254.91150282,5.940003960000709e-08,0.03189538694381433,False
Ro180_q0.55_L45W_r0.60_th140_kc-10_ko-10,center_curvature,1.2485894135963295e-14,-125000000.0,0.0,-2.5498404215351655,-1.0,1.2485894135963295e-14,125000000.0,-0.0,2.5498404215351655,True
Ro180_q0.55_L45W_r0.60_th140_kc-10_ko-10,outer_curvature,1.6118911788157076e-13,-125000000.0,0.0,-2.5498404215351655,-1.0,1.6118911788157076e-13,125000000.0,-0.0,2.5498404215351655,True
Ro180_q0.55_L45W_r0.60_th140_kc-10_ko-10,center_angle,4.19357796389865e-15,4318435.433363542,0.0,0.08809030654333139,-1.0,4.19357796389865e-15,-4318435.433363542,-0.0,-0.08809030654333139,False
Ro180_q0.55_L45W_r0.60_th140_kc-10_ko-10,outer_angle,2.138484613961556e-14,4318435.433363542,0.0,0.08809030654333139,-1.0,2.138484613961556e-14,-4318435.433363542,-0.0,-0.08809030654333139,False
Ro180_q0.55_L45W_r0.60_th140_kc-10_ko-10,gb_spacing,-5.021049232391046e-15,0.0,0.0,0.0,1.0,5.021049232391046e-15,0.0,0.0,0.0,False
Ro180_q0.55_L45W_r0.60_th140_kc+0_ko+0,center_outer_exchange,1.2141562182195108e-13,0.0,0.0,0.0,-1.0,1.2141562182195108e-13,-0.0,-0.0,-0.0,False
Ro180_q0.55_L45W_r0.60_th140_kc+0_ko+0,tj_radius,-8.512032936850978e-14,-47459254.91150282,5.940003960000709e-08,-0.09176180144399027,1.0,8.512032936850978e-14,-47459254.91150282,5.940003960000709e-08,-0.09176180144399027,False
Ro180_q0.55_L45W_r0.60_th140_kc+0_ko+0,center_curvature,1.4906173873000946e-14,-125000000.0,0.0,-2.8755386689233164,-1.0,1.4906173873000946e-14,125000000.0,-0.0,2.8755386689233164,True
Ro180_q0.55_L45W_r0.60_th140_kc+0_ko+0,outer_curvature,1.9451662102320433e-13,-125000000.0,0.0,-2.8755386689233164,-1.0,1.9451662102320433e-13,125000000.0,-0.0,2.8755386689233164,True
Ro180_q0.55_L45W_r0.60_th140_kc+0_ko+0,center_angle,4.566935090976718e-15,4318435.433363542,0.0,0.09934219244822629,-1.0,4.566935090976718e-15,-4318435.433363542,-0.0,-0.09934219244822629,False
Ro180_q0.55_L45W_r0.60_th140_kc+0_ko+0,outer_angle,2.092078833712165e-14,4318435.433363542,0.0,0.09934219244822629,-1.0,2.092078833712165e-14,-4318435.433363542,-0.0,-0.09934219244822629,False
Ro180_q0.55_L45W_r0.60_th140_kc+0_ko+0,gb_spacing,-6.467317062512311e-15,0.0,0.0,0.0,1.0,6.467317062512311e-15,0.0,0.0,0.0,False
Ro180_q0.55_L45W_r0.60_th140_kc+10_ko+10,center_outer_exchange,1.2382722866841304e-13,0.0,0.0,0.0,-1.0,1.2382722866841304e-13,-0.0,-0.0,-0.0,False
Ro180_q0.55_L45W_r0.60_th140_kc+10_ko+10,tj_radius,-7.719923510066012e-14,-47459254.91150282,5.940003960000709e-08,-0.2643540290477864,1.0,7.719923510066012e-14,-47459254.91150282,5.940003960000709e-08,-0.2643540290477864,False
Ro180_q0.55_L45W_r0.60_th140_kc+10_ko+10,center_curvature,1.7265486377444627e-14,-125000000.0,0.0,-3.3301294842774665,-1.0,1.7265486377444627e-14,125000000.0,-0.0,3.3301294842774665,True
Ro180_q0.55_L45W_r0.60_th140_kc+10_ko+10,outer_curvature,2.2735742321724168e-13,-125000000.0,0.0,-3.3301294842774665,-1.0,2.2735742321724168e-13,125000000.0,-0.0,3.3301294842774665,True
Ro180_q0.55_L45W_r0.60_th140_kc+10_ko+10,center_angle,4.8203562884755886e-15,4318435.433365405,0.0,0.11504679697538212,-1.0,4.8203562884755886e-15,-4318435.433365405,-0.0,-0.11504679697538212,False
Ro180_q0.55_L45W_r0.60_th140_kc+10_ko+10,outer_angle,1.896900532809176e-14,4318435.433365405,0.0,0.11504679697538212,-1.0,1.896900532809176e-14,-4318435.433365405,-0.0,-0.11504679697538212,False
Ro180_q0.55_L45W_r0.60_th140_kc+10_ko+10,gb_spacing,-7.409736660070906e-15,0.0,0.0,0.0,1.0,7.409736660070906e-15,0.0,0.0,0.0,False
Ro180_q0.55_L45W_r0.60_th160_kc-10_ko-10,center_outer_exchange,1.2813597741939585e-13,0.0,0.0,0.0,-1.0,1.2813597741939585e-13,-0.0,-0.0,-0.0,False
Ro180_q0.55_L45W_r0.60_th160_kc-10_ko-10,tj_radius,-8.733027525728987e-14,-49737798.46216366,5.940003960000709e-08,0.01010787515176581,1.0,8.733027525728987e-14,-49737798.46216366,5.940003960000709e-08,0.01010787515176581,False
Ro180_q0.55_L45W_r0.60_th160_kc-10_ko-10,center_curvature,1.5621421941032278e-14,-125000000.0,0.0,-2.4877849840380106,-1.0,1.5621421941032278e-14,125000000.0,-0.0,2.4877849840380106,True
Ro180_q0.55_L45W_r0.60_th160_kc-10_ko-10,outer_curvature,1.6460254595857949e-13,-125000000.0,0.0,-2.4877849840380106,-1.0,1.6460254595857949e-13,125000000.0,-0.0,2.4877849840380106,True
Ro180_q0.55_L45W_r0.60_th160_kc-10_ko-10,center_angle,5.130526752009633e-15,2192527.1303728223,0.0,0.043636167912919355,-1.0,5.130526752009633e-15,-2192527.1303728223,-0.0,-0.043636167912919355,False
Ro180_q0.55_L45W_r0.60_th160_kc-10_ko-10,outer_angle,1.893242971144183e-14,2192527.1303728223,0.0,0.043636167912919355,-1.0,1.893242971144183e-14,-2192527.1303728223,-0.0,-0.043636167912919355,False
Ro180_q0.55_L45W_r0.60_th160_kc-10_ko-10,gb_spacing,-9.606410669223471e-15,0.0,0.0,0.0,1.0,9.606410669223471e-15,0.0,0.0,0.0,False
Ro180_q0.55_L45W_r0.60_th160_kc+0_ko+0,center_outer_exchange,1.2987696637911287e-13,0.0,0.0,0.0,-1.0,1.2987696637911287e-13,-0.0,-0.0,-0.0,False
Ro180_q0.55_L45W_r0.60_th160_kc+0_ko+0,tj_radius,-8.086540725028816e-14,-49737798.46216366,5.940003960000709e-08,-0.11109254874985819,1.0,8.086540725028816e-14,-49737798.46216366,5.940003960000709e-08,-0.11109254874985819,False
Ro180_q0.55_L45W_r0.60_th160_kc+0_ko+0,center_curvature,1.735487531303587e-14,-125000000.0,0.0,-2.7923878584797945,-1.0,1.735487531303587e-14,125000000.0,-0.0,2.7923878584797945,True
Ro180_q0.55_L45W_r0.60_th160_kc+0_ko+0,outer_curvature,1.8946870549412722e-13,-125000000.0,0.0,-2.7923878584797945,-1.0,1.8946870549412722e-13,125000000.0,-0.0,2.7923878584797945,True
Ro180_q0.55_L45W_r0.60_th160_kc+0_ko+0,center_angle,5.434241083534963e-15,2192527.130374685,0.0,0.04897889494348551,-1.0,5.434241083534963e-15,-2192527.130374685,-0.0,-0.04897889494348551,False
Ro180_q0.55_L45W_r0.60_th160_kc+0_ko+0,outer_angle,1.9307619117843224e-14,2192527.130374685,0.0,0.04897889494348551,-1.0,1.9307619117843224e-14,-2192527.130374685,-0.0,-0.04897889494348551,False
Ro180_q0.55_L45W_r0.60_th160_kc+0_ko+0,gb_spacing,-1.0085054107119339e-14,0.0,0.0,0.0,1.0,1.0085054107119339e-14,0.0,0.0,0.0,False
Ro180_q0.55_L45W_r0.60_th160_kc+10_ko+10,center_outer_exchange,1.3117889175502234e-13,0.0,0.0,0.0,-1.0,1.3117889175502234e-13,-0.0,-0.0,-0.0,False
Ro180_q0.55_L45W_r0.60_th160_kc+10_ko+10,tj_radius,-7.16434590499818e-14,-49737798.46216366,5.940003960000709e-08,-0.27765055238704317,1.0,7.16434590499818e-14,-49737798.46216366,5.940003960000709e-08,-0.27765055238704317,False
Ro180_q0.55_L45W_r0.60_th160_kc+10_ko+10,center_curvature,1.905530388702614e-14,-125000000.0,0.0,-3.2109869258717394,-1.0,1.905530388702614e-14,125000000.0,-0.0,3.2109869258717394,True
Ro180_q0.55_L45W_r0.60_th160_kc+10_ko+10,outer_curvature,2.1416393537695757e-13,-125000000.0,0.0,-3.2109869258717394,-1.0,2.1416393537695757e-13,125000000.0,-0.0,3.2109869258717394,True
Ro180_q0.55_L45W_r0.60_th160_kc+10_ko+10,center_angle,5.693149497980481e-15,2192527.130374685,0.0,0.05632106060016184,-1.0,5.693149497980481e-15,-2192527.130374685,-0.0,-0.05632106060016184,False
Ro180_q0.55_L45W_r0.60_th160_kc+10_ko+10,outer_angle,1.9145633998300796e-14,2192527.130374685,0.0,0.05632106060016184,-1.0,1.9145633998300796e-14,-2192527.130374685,-0.0,-0.05632106060016184,False
Ro180_q0.55_L45W_r0.60_th160_kc+10_ko+10,gb_spacing,-1.0209027797285782e-14,0.0,0.0,0.0,1.0,1.0209027797285782e-14,0.0,0.0,0.0,False
Ro180_q0.55_L45W_r0.75_th140_kc+0_ko+0,center_outer_exchange,4.123214638895419e-14,0.0,0.0,0.0,-1.0,4.123214638895419e-14,-0.0,-0.0,-0.0,False
Ro180_q0.55_L45W_r0.75_th140_kc+0_ko+0,tj_radius,-8.089117742436777e-14,-37967403.92920375,7.425004950001134e-08,-0.0031201866133034883,1.0,8.089117742436777e-14,-37967403.92920375,7.425004950001134e-08,-0.0031201866133034883,False
Ro180_q0.55_L45W_r0.75_th140_kc+0_ko+0,center_curvature,-2.067937159624297e-15,-125000000.0,0.0,-3.3025952551115623,1.0,2.067937159624297e-15,-125000000.0,0.0,-3.3025952551115623,False
Ro180_q0.55_L45W_r0.75_th140_kc+0_ko+0,outer_curvature,2.3367346096523194e-13,-125000000.0,0.0,-3.3025952551115623,-1.0,2.3367346096523194e-13,125000000.0,-0.0,3.3025952551115623,True
Ro180_q0.55_L45W_r0.75_th140_kc+0_ko+0,center_angle,-5.620803021903013e-16,3454748.3466900885,0.0,0.09127646488582553,1.0,5.620803021903013e-16,3454748.3466900885,0.0,0.09127646488582553,True
Ro180_q0.55_L45W_r0.75_th140_kc+0_ko+0,outer_angle,2.4263853378726185e-14,3454748.3466900885,0.0,0.09127646488582553,-1.0,2.4263853378726185e-14,-3454748.3466900885,-0.0,-0.09127646488582553,False
Ro180_q0.55_L45W_r0.75_th140_kc+0_ko+0,gb_spacing,3.3046816023489237e-14,0.0,0.0,0.0,-1.0,3.3046816023489237e-14,-0.0,-0.0,-0.0,False
Ro180_q0.55_L45W_r0.75_th140_kc+10_ko+10,center_outer_exchange,4.8914478844088645e-14,0.0,0.0,0.0,-1.0,4.8914478844088645e-14,-0.0,-0.0,-0.0,False
Ro180_q0.55_L45W_r0.75_th140_kc+10_ko+10,tj_radius,-7.694927401329508e-14,-37967403.92920375,7.425004950001134e-08,-0.20918990891549694,1.0,7.694927401329508e-14,-37967403.92920375,7.425004950001134e-08,-0.20918990891549694,False
Ro180_q0.55_L45W_r0.75_th140_kc+10_ko+10,center_curvature,3.2123252375842783e-15,-125000000.0,0.0,-3.9810651879754744,-1.0,3.2123252375842783e-15,125000000.0,-0.0,3.9810651879754744,True
Ro180_q0.55_L45W_r0.75_th140_kc+10_ko+10,outer_curvature,2.9154078285298317e-13,-125000000.0,0.0,-3.9810651879754744,-1.0,2.9154078285298317e-13,125000000.0,-0.0,3.9810651879754744,True
Ro180_q0.55_L45W_r0.75_th140_kc+10_ko+10,center_angle,7.375753787736649e-16,3454748.3466900885,0.0,0.1100272692688975,-1.0,7.375753787736649e-16,-3454748.3466900885,-0.0,-0.1100272692688975,False
Ro180_q0.55_L45W_r0.75_th140_kc+10_ko+10,outer_angle,2.2983942552348722e-14,3454748.3466900885,0.0,0.1100272692688975,-1.0,2.2983942552348722e-14,-3454748.3466900885,-0.0,-0.1100272692688975,False
Ro180_q0.55_L45W_r0.75_th140_kc+10_ko+10,gb_spacing,2.9099298130925576e-14,0.0,0.0,0.0,-1.0,2.9099298130925576e-14,-0.0,-0.0,-0.0,False
Ro180_q0.55_L45W_r0.75_th160_kc-10_ko-10,center_outer_exchange,5.674957378675171e-14,0.0,0.0,0.0,-1.0,5.674957378675171e-14,-0.0,-0.0,-0.0,False
Ro180_q0.55_L45W_r0.75_th160_kc-10_ko-10,tj_radius,-9.010597630879926e-14,-39790238.769732416,7.425004950001134e-08,0.11171283201139026,1.0,9.010597630879926e-14,-39790238.769732416,7.425004950001134e-08,0.11171283201139026,False
Ro180_q0.55_L45W_r0.75_th160_kc-10_ko-10,center_curvature,3.913122512013098e-15,-125000000.0,0.0,-2.790544142177498,-1.0,3.913122512013098e-15,125000000.0,-0.0,2.790544142177498,True
Ro180_q0.55_L45W_r0.75_th160_kc-10_ko-10,outer_curvature,1.9414449631087503e-13,-125000000.0,0.0,-2.790544142177498,-1.0,1.9414449631087503e-13,125000000.0,-0.0,2.790544142177498,True
Ro180_q0.55_L45W_r0.75_th160_kc-10_ko-10,center_angle,1.420929224652047e-15,1754021.7042993754,0.0,0.03915724378600327,-1.0,1.420929224652047e-15,-1754021.7042993754,-0.0,-0.03915724378600327,False
Ro180_q0.55_L45W_r0.75_th160_kc-10_ko-10,outer_angle,2.2280838247260608e-14,1754021.7042993754,0.0,0.03915724378600327,-1.0,2.2280838247260608e-14,-1754021.7042993754,-0.0,-0.03915724378600327,False
Ro180_q0.55_L45W_r0.75_th160_kc-10_ko-10,gb_spacing,2.6647017230166078e-14,0.0,0.0,0.0,-1.0,2.6647017230166078e-14,-0.0,-0.0,-0.0,False
Ro180_q0.55_L45W_r0.75_th160_kc+0_ko+0,center_outer_exchange,6.285325387304596e-14,0.0,0.0,0.0,-1.0,6.285325387304596e-14,-0.0,-0.0,-0.0,False
Ro180_q0.55_L45W_r0.75_th160_kc+0_ko+0,tj_radius,-8.744999284067182e-14,-39790238.769732416,7.425004950001134e-08,-0.02128748688545734,1.0,8.744999284067182e-14,-39790238.769732416,7.425004950001134e-08,-0.02128748688545734,False
Ro180_q0.55_L45W_r0.75_th160_kc+0_ko+0,center_curvature,7.819949319668415e-15,-125000000.0,0.0,-3.2083703193057644,-1.0,7.819949319668415e-15,125000000.0,-0.0,3.2083703193057644,True
Ro180_q0.55_L45W_r0.75_th160_kc+0_ko+0,outer_curvature,2.379341343879082e-13,-125000000.0,0.0,-3.2083703193057644,-1.0,2.379341343879082e-13,125000000.0,-0.0,3.2083703193057644,True
Ro180_q0.55_L45W_r0.75_th160_kc+0_ko+0,center_angle,2.408301419708518e-15,1754021.7042993754,0.0,0.04502013097518187,-1.0,2.408301419708518e-15,-1754021.7042993754,-0.0,-0.04502013097518187,False
Ro180_q0.55_L45W_r0.75_th160_kc+0_ko+0,outer_angle,2.3877682843286952e-14,1754021.7042993754,0.0,0.04502013097518187,-1.0,2.3877682843286952e-14,-1754021.7042993754,-0.0,-0.04502013097518187,False
Ro180_q0.55_L45W_r0.75_th160_kc+0_ko+0,gb_spacing,2.374979020992977e-14,0.0,0.0,0.0,-1.0,2.374979020992977e-14,-0.0,-0.0,-0.0,False
Ro180_q0.55_L45W_r0.75_th160_kc+10_ko+10,center_outer_exchange,6.814143110977751e-14,0.0,0.0,0.0,-1.0,6.814143110977751e-14,-0.0,-0.0,-0.0,False
Ro180_q0.55_L45W_r0.75_th160_kc+10_ko+10,tj_radius,-7.982233615443735e-14,-39790238.769731484,7.425004950001134e-08,-0.21957701376640326,1.0,7.982233615443735e-14,-39790238.769731484,7.425004950001134e-08,-0.21957701376640326,False
Ro180_q0.55_L45W_r0.75_th160_kc+10_ko+10,center_curvature,1.1645851425695751e-14,-125000000.0,0.0,-3.8313139289902765,-1.0,1.1645851425695751e-14,125000000.0,-0.0,3.8313139289902765,True
Ro180_q0.55_L45W_r0.75_th160_kc+10_ko+10,outer_curvature,2.8143005475228063e-13,-125000000.0,0.0,-3.8313139289902765,-1.0,2.8143005475228063e-13,125000000.0,-0.0,3.8313139289902765,True
Ro180_q0.55_L45W_r0.75_th160_kc+10_ko+10,center_angle,3.2924105968636587e-15,1754021.7042993754,0.0,0.05376107622634407,-1.0,3.2924105968636587e-15,-1754021.7042993754,-0.0,-0.05376107622634407,False
Ro180_q0.55_L45W_r0.75_th160_kc+10_ko+10,outer_angle,2.4527358383682488e-14,1754021.7042993754,0.0,0.05376107622634407,-1.0,2.4527358383682488e-14,-1754021.7042993754,-0.0,-0.05376107622634407,False
Ro180_q0.55_L45W_r0.75_th160_kc+10_ko+10,gb_spacing,2.153380748989142e-14,0.0,0.0,0.0,-1.0,2.153380748989142e-14,-0.0,-0.0,-0.0,False
Ro180_q0.55_L54W_r0.45_th120_kc-10_ko-10,center_outer_exchange,9.166210497763975e-14,0.0,0.0,0.0,-1.0,9.166210497763975e-14,-0.0,-0.0,-0.0,False
Ro180_q0.55_L54W_r0.45_th120_kc-10_ko-10,tj_radius,-5.11757267373456e-14,-58318247.88786471,4.4550029700006144e-08,-0.06549858169557776,1.0,5.11757267373456e-14,-58318247.88786471,4.4550029700006144e-08,-0.06549858169557776,False
Ro180_q0.55_L54W_r0.45_th120_kc-10_ko-10,center_curvature,5.924309543736972e-15,-125000000.0,0.0,-2.2838083555338784,-1.0,5.924309543736972e-15,125000000.0,-0.0,2.2838083555338784,True
Ro180_q0.55_L54W_r0.45_th120_kc-10_ko-10,outer_curvature,1.38764671252001e-13,-125000000.0,0.0,-2.2838083555338784,-1.0,1.38764671252001e-13,125000000.0,-0.0,2.2838083555338784,True
Ro180_q0.55_L54W_r0.45_th120_kc-10_ko-10,center_angle,1.8055417338026127e-15,8417507.014591247,0.0,0.15379146082761253,-1.0,1.8055417338026127e-15,-8417507.014591247,-0.0,-0.15379146082761253,False
Ro180_q0.55_L54W_r0.45_th120_kc-10_ko-10,outer_angle,2.1869111425069988e-14,8417507.014591247,0.0,0.15379146082761253,-1.0,2.1869111425069988e-14,-8417507.014591247,-0.0,-0.15379146082761253,False
Ro180_q0.55_L54W_r0.45_th120_kc-10_ko-10,gb_spacing,1.5580076834594776e-14,0.0,0.0,0.0,-1.0,1.5580076834594776e-14,-0.0,-0.0,-0.0,False
Ro180_q0.55_L54W_r0.45_th120_kc+0_ko+0,center_outer_exchange,9.585433180203695e-14,0.0,0.0,0.0,-1.0,9.585433180203695e-14,-0.0,-0.0,-0.0,False
Ro180_q0.55_L54W_r0.45_th120_kc+0_ko+0,tj_radius,-4.797649368192336e-14,-58318247.88786657,4.4550029700006144e-08,-0.17849131319847,1.0,4.797649368192336e-14,-58318247.88786657,4.4550029700006144e-08,-0.17849131319847,False
Ro180_q0.55_L54W_r0.45_th120_kc+0_ko+0,center_curvature,1.0385329865145619e-14,-125000000.0,0.0,-2.526000966687647,-1.0,1.0385329865145619e-14,125000000.0,-0.0,2.526000966687647,True
Ro180_q0.55_L54W_r0.45_th120_kc+0_ko+0,outer_curvature,1.6608234812588195e-13,-125000000.0,0.0,-2.526000966687647,-1.0,1.6608234812588195e-13,125000000.0,-0.0,2.526000966687647,True
Ro180_q0.55_L54W_r0.45_th120_kc+0_ko+0,center_angle,2.606534900803985e-15,8417507.014591247,0.0,0.1701005598402361,-1.0,2.606534900803985e-15,-8417507.014591247,-0.0,-0.1701005598402361,False
Ro180_q0.55_L54W_r0.45_th120_kc+0_ko+0,outer_angle,1.9930712526870752e-14,8417507.014591247,0.0,0.1701005598402361,-1.0,1.9930712526870752e-14,-8417507.014591247,-0.0,-0.1701005598402361,False
Ro180_q0.55_L54W_r0.45_th120_kc+0_ko+0,gb_spacing,1.2653745083934046e-14,0.0,0.0,0.0,-1.0,1.2653745083934046e-14,-0.0,-0.0,-0.0,False
Ro180_q0.55_L54W_r0.45_th120_kc+10_ko+10,center_outer_exchange,9.925482628433034e-14,0.0,0.0,0.0,-1.0,9.925482628433034e-14,-0.0,-0.0,-0.0,False
Ro180_q0.55_L54W_r0.45_th120_kc+10_ko+10,tj_radius,-4.157661507016444e-14,-58318247.88786657,4.4550029700006144e-08,-0.32660442638687837,1.0,4.157661507016444e-14,-58318247.88786657,4.4550029700006144e-08,-0.32660442638687837,False
Ro180_q0.55_L54W_r0.45_th120_kc+10_ko+10,center_curvature,1.4703485255691302e-14,-125000000.0,0.0,-2.8434731004223224,-1.0,1.4703485255691302e-14,125000000.0,-0.0,2.8434731004223224,True
Ro180_q0.55_L54W_r0.45_th120_kc+10_ko+10,outer_curvature,1.9240737138862e-13,-125000000.0,0.0,-2.8434731004223224,-1.0,1.9240737138862e-13,125000000.0,-0.0,2.8434731004223224,True
Ro180_q0.55_L54W_r0.45_th120_kc+10_ko+10,center_angle,3.0716300334768616e-15,8417507.014591247,0.0,0.1914788434902448,-1.0,3.0716300334768616e-15,-8417507.014591247,-0.0,-0.1914788434902448,False
Ro180_q0.55_L54W_r0.45_th120_kc+10_ko+10,outer_angle,1.601638547055205e-14,8417507.014591247,0.0,0.1914788434902448,-1.0,1.601638547055205e-14,-8417507.014591247,-0.0,-0.1914788434902448,False
Ro180_q0.55_L54W_r0.45_th120_kc+10_ko+10,gb_spacing,1.0558510213857223e-14,0.0,0.0,0.0,-1.0,1.0558510213857223e-14,-0.0,-0.0,-0.0,False
Ro180_q0.55_L54W_r0.45_th140_kc-10_ko-10,center_outer_exchange,1.0162491946287897e-13,0.0,0.0,0.0,-1.0,1.0162491946287897e-13,-0.0,-0.0,-0.0,False
Ro180_q0.55_L54W_r0.45_th140_kc-10_ko-10,tj_radius,-4.992440333806633e-14,-63279006.548672915,4.4550029700006144e-08,-0.1052472087680334,1.0,4.992440333806633e-14,-63279006.548672915,4.4550029700006144e-08,-0.1052472087680334,False
Ro180_q0.55_L54W_r0.45_th140_kc-10_ko-10,center_curvature,1.1398642568864397e-14,-125000000.0,0.0,-2.1832873738594216,-1.0,1.1398642568864397e-14,125000000.0,-0.0,2.1832873738594216,True
Ro180_q0.55_L54W_r0.45_th140_kc-10_ko-10,outer_curvature,1.2987915245379268e-13,-125000000.0,0.0,-2.1832873738594216,-1.0,1.2987915245379268e-13,125000000.0,-0.0,2.1832873738594216,True
Ro180_q0.55_L54W_r0.45_th140_kc-10_ko-10,center_angle,3.284629907113483e-15,5757913.911152631,0.0,0.10056926329227167,-1.0,3.284629907113483e-15,-5757913.911152631,-0.0,-0.10056926329227167,False
Ro180_q0.55_L54W_r0.45_th140_kc-10_ko-10,outer_angle,1.7788178167204918e-14,5757913.911152631,0.0,0.10056926329227167,-1.0,1.7788178167204918e-14,-5757913.911152631,-0.0,-0.10056926329227167,False
Ro180_q0.55_L54W_r0.45_th140_kc-10_ko-10,gb_spacing,9.090780566396779e-15,0.0,0.0,0.0,-1.0,9.090780566396779e-15,-0.0,-0.0,-0.0,False
Ro180_q0.55_L54W_r0.45_th140_kc+0_ko+0,center_outer_exchange,1.0393719279915655e-13,0.0,0.0,0.0,-1.0,1.0393719279915655e-13,-0.0,-0.0,-0.0,False
Ro180_q0.55_L54W_r0.45_th140_kc+0_ko+0,tj_radius,-4.5023593270811604e-14,-63279006.548672915,4.4550029700006144e-08,-0.21412263603559634,1.0,4.5023593270811604e-14,-63279006.548672915,4.4550029700006144e-08,-0.21412263603559634,False
Ro180_q0.55_L54W_r0.45_th140_kc+0_ko+0,center_curvature,1.3982167537162731e-14,-125000000.0,0.0,-2.398359645943704,-1.0,1.3982167537162731e-14,125000000.0,-0.0,2.398359645943704,True
Ro180_q0.55_L54W_r0.45_th140_kc+0_ko+0,outer_curvature,1.460201285277709e-13,-125000000.0,0.0,-2.398359645943704,-1.0,1.460201285277709e-13,125000000.0,-0.0,2.398359645943704,True
Ro180_q0.55_L54W_r0.45_th140_kc+0_ko+0,center_angle,3.62917014621199e-15,5757913.911150768,0.0,0.11047611847381233,-1.0,3.62917014621199e-15,-5757913.911150768,-0.0,-0.11047611847381233,False
Ro180_q0.55_L54W_r0.45_th140_kc+0_ko+0,outer_angle,1.651664187916009e-14,5757913.911150768,0.0,0.11047611847381233,-1.0,1.651664187916009e-14,-5757913.911150768,-0.0,-0.11047611847381233,False
Ro180_q0.55_L54W_r0.45_th140_kc+0_ko+0,gb_spacing,7.778877068530265e-15,0.0,0.0,0.0,-1.0,7.778877068530265e-15,-0.0,-0.0,-0.0,False
Ro180_q0.55_L54W_r0.45_th140_kc+10_ko+10,center_outer_exchange,1.0579861077458224e-13,0.0,0.0,0.0,-1.0,1.0579861077458224e-13,-0.0,-0.0,-0.0,False
Ro180_q0.55_L54W_r0.45_th140_kc+10_ko+10,tj_radius,-3.819629298457042e-14,-63279006.548672915,4.4550029700006144e-08,-0.3538269583381881,1.0,3.819629298457042e-14,-63279006.548672915,4.4550029700006144e-08,-0.3538269583381881,False
Ro180_q0.55_L54W_r0.45_th140_kc+10_ko+10,center_curvature,1.651168071424693e-14,-125000000.0,0.0,-2.674332081822328,-1.0,1.651168071424693e-14,125000000.0,-0.0,2.674332081822328,True
Ro180_q0.55_L54W_r0.45_th140_kc+10_ko+10,outer_curvature,1.6179991646041307e-13,-125000000.0,0.0,-2.674332081822328,-1.0,1.6179991646041307e-13,125000000.0,-0.0,2.674332081822328,True
Ro180_q0.55_L54W_r0.45_th140_kc+10_ko+10,center_angle,3.8504827408697686e-15,5757913.911150768,0.0,0.12318817031164997,-1.0,3.8504827408697686e-15,-5757913.911150768,-0.0,-0.12318817031164997,False
Ro180_q0.55_L54W_r0.45_th140_kc+10_ko+10,outer_angle,1.4509286803578647e-14,5757913.911150768,0.0,0.12318817031164997,-1.0,1.4509286803578647e-14,-5757913.911150768,-0.0,-0.12318817031164997,False
Ro180_q0.55_L54W_r0.45_th140_kc+10_ko+10,gb_spacing,6.948108034095702e-15,0.0,0.0,0.0,-1.0,6.948108034095702e-15,-0.0,-0.0,-0.0,False
Ro180_q0.55_L54W_r0.45_th160_kc-10_ko-10,center_outer_exchange,1.0791779084636254e-13,0.0,0.0,0.0,-1.0,1.0791779084636254e-13,-0.0,-0.0,-0.0,False
Ro180_q0.55_L54W_r0.45_th160_kc-10_ko-10,tj_radius,-4.579624109968153e-14,-66317064.61621821,4.4550029700006144e-08,-0.1283643414881075,1.0,4.579624109968153e-14,-66317064.61621821,4.4550029700006144e-08,-0.1283643414881075,False
Ro180_q0.55_L54W_r0.45_th160_kc-10_ko-10,center_curvature,1.4308031607825127e-14,-125000000.0,0.0,-2.1268414929069834,-1.0,1.4308031607825127e-14,125000000.0,-0.0,2.1268414929069834,True
Ro180_q0.55_L54W_r0.45_th160_kc-10_ko-10,outer_curvature,1.251138554857603e-13,-125000000.0,0.0,-2.1268414929069834,-1.0,1.251138554857603e-13,125000000.0,-0.0,2.1268414929069834,True
Ro180_q0.55_L54W_r0.45_th160_kc-10_ko-10,center_angle,3.95368841875644e-15,2923369.5071674883,0.0,0.049740265392728134,-1.0,3.95368841875644e-15,-2923369.5071674883,-0.0,-0.049740265392728134,False
Ro180_q0.55_L54W_r0.45_th160_kc-10_ko-10,outer_angle,1.4484802335096234e-14,2923369.5071674883,0.0,0.049740265392728134,-1.0,1.4484802335096234e-14,-2923369.5071674883,-0.0,-0.049740265392728134,False
Ro180_q0.55_L54W_r0.45_th160_kc-10_ko-10,gb_spacing,5.381580926242424e-15,0.0,0.0,0.0,-1.0,5.381580926242424e-15,-0.0,-0.0,-0.0,False
Ro180_q0.55_L54W_r0.45_th160_kc+0_ko+0,center_outer_exchange,1.0932394618245206e-13,0.0,0.0,0.0,-1.0,1.0932394618245206e-13,-0.0,-0.0,-0.0,False
Ro180_q0.55_L54W_r0.45_th160_kc+0_ko+0,tj_radius,-3.9969728868694365e-14,-66317064.61621821,4.4550029700006144e-08,-0.23490727782904397,1.0,3.9969728868694365e-14,-66317064.61621821,4.4550029700006144e-08,-0.23490727782904397,False
Ro180_q0.55_L54W_r0.45_th160_kc+0_ko+0,center_curvature,1.6190621226499498e-14,-125000000.0,0.0,-2.3276643953504816,-1.0,1.6190621226499498e-14,125000000.0,-0.0,2.3276643953504816,True
Ro180_q0.55_L54W_r0.45_th160_kc+0_ko+0,outer_curvature,1.3704553788313766e-13,-125000000.0,0.0,-2.3276643953504816,-1.0,1.3704553788313766e-13,125000000.0,-0.0,2.3276643953504816,True
Ro180_q0.55_L54W_r0.45_th160_kc+0_ko+0,center_angle,4.230401881245903e-15,2923369.5071674883,0.0,0.054436864581397515,-1.0,4.230401881245903e-15,-2923369.5071674883,-0.0,-0.054436864581397515,False
Ro180_q0.55_L54W_r0.45_th160_kc+0_ko+0,outer_angle,1.4191946748551202e-14,2923369.5071674883,0.0,0.054436864581397515,-1.0,1.4191946748551202e-14,-2923369.5071674883,-0.0,-0.054436864581397515,False
Ro180_q0.55_L54W_r0.45_th160_kc+0_ko+0,gb_spacing,4.866516741121976e-15,0.0,0.0,0.0,-1.0,4.866516741121976e-15,-0.0,-0.0,-0.0,False
Ro180_q0.55_L54W_r0.45_th160_kc+10_ko+10,center_outer_exchange,1.1041728998247272e-13,0.0,0.0,0.0,-1.0,1.1041728998247272e-13,-0.0,-0.0,-0.0,False
Ro180_q0.55_L54W_r0.45_th160_kc+10_ko+10,tj_radius,-3.269725966129273e-14,-66317064.61621821,4.4550029700006144e-08,-0.3700615899496773,1.0,3.269725966129273e-14,-66317064.61621821,4.4550029700006144e-08,-0.3700615899496773,False
Ro180_q0.55_L54W_r0.45_th160_kc+10_ko+10,center_curvature,1.80469592572789e-14,-125000000.0,0.0,-2.5824175720421394,-1.0,1.80469592572789e-14,125000000.0,-0.0,2.5824175720421394,True
Ro180_q0.55_L54W_r0.45_th160_kc+10_ko+10,outer_curvature,1.4878049560765397e-13,-125000000.0,0.0,-2.5824175720421394,-1.0,1.4878049560765397e-13,125000000.0,-0.0,2.5824175720421394,True
Ro180_q0.55_L54W_r0.45_th160_kc+10_ko+10,center_angle,4.462167956203075e-15,2923369.5071656257,0.0,0.060394701592692,-1.0,4.462167956203075e-15,-2923369.5071656257,-0.0,-0.060394701592692,False
Ro180_q0.55_L54W_r0.45_th160_kc+10_ko+10,outer_angle,1.3627811918389604e-14,2923369.5071656257,0.0,0.060394701592692,-1.0,1.3627811918389604e-14,-2923369.5071656257,-0.0,-0.060394701592692,False
Ro180_q0.55_L54W_r0.45_th160_kc+10_ko+10,gb_spacing,4.6958329998504894e-15,0.0,0.0,0.0,-1.0,4.6958329998504894e-15,-0.0,-0.0,-0.0,False
Ro180_q0.55_L54W_r0.60_th120_kc+0_ko+0,center_outer_exchange,4.5353207540526597e-14,0.0,0.0,0.0,-1.0,4.5353207540526597e-14,-0.0,-0.0,-0.0,False
Ro180_q0.55_L54W_r0.60_th120_kc+0_ko+0,tj_radius,-5.548681868991367e-14,-43738685.91589853,5.940003960000709e-08,-0.058688652391447604,1.0,5.548681868991367e-14,-43738685.91589853,5.940003960000709e-08,-0.058688652391447604,False
Ro180_q0.55_L54W_r0.60_th120_kc+0_ko+0,center_curvature,-1.2270286348506095e-14,-125000000.0,0.0,-3.025624950764083,1.0,1.2270286348506095e-14,-125000000.0,0.0,-3.025624950764083,False
Ro180_q0.55_L54W_r0.60_th120_kc+0_ko+0,outer_curvature,2.093065436156541e-13,-125000000.0,0.0,-3.025624950764083,-1.0,2.093065436156541e-13,125000000.0,-0.0,3.025624950764083,True
Ro180_q0.55_L54W_r0.60_th120_kc+0_ko+0,center_angle,-2.914298824719423e-15,6313130.260944366,0.0,0.1528085342457075,1.0,2.914298824719423e-15,6313130.260944366,0.0,0.1528085342457075,True
Ro180_q0.55_L54W_r0.60_th120_kc+0_ko+0,outer_angle,2.318268132977733e-14,6313130.260944366,0.0,0.1528085342457075,-1.0,2.318268132977733e-14,-6313130.260944366,-0.0,-0.1528085342457075,False
Ro180_q0.55_L54W_r0.60_th120_kc+0_ko+0,gb_spacing,4.2438843151393774e-14,0.0,0.0,0.0,-1.0,4.2438843151393774e-14,-0.0,-0.0,-0.0,False
Ro180_q0.55_L54W_r0.60_th120_kc+10_ko+10,center_outer_exchange,5.390931411177205e-14,0.0,0.0,0.0,-1.0,5.390931411177205e-14,-0.0,-0.0,-0.0,False
Ro180_q0.55_L54W_r0.60_th120_kc+10_ko+10,tj_radius,-5.25976422340696e-14,-43738685.91589853,5.940003960000709e-08,-0.24254623826924782,1.0,5.25976422340696e-14,-43738685.91589853,5.940003960000709e-08,-0.24254623826924782,False
Ro180_q0.55_L54W_r0.60_th120_kc+10_ko+10,center_curvature,-2.0607524746595597e-15,-125000000.0,0.0,-3.551083265135091,1.0,2.0607524746595597e-15,-125000000.0,0.0,-3.551083265135091,False
Ro180_q0.55_L54W_r0.60_th120_kc+10_ko+10,outer_curvature,2.6351906004530996e-13,-125000000.0,0.0,-3.551083265135091,-1.0,2.6351906004530996e-13,125000000.0,-0.0,3.551083265135091,True
Ro180_q0.55_L54W_r0.60_th120_kc+10_ko+10,center_angle,-6.625438424695165e-16,6313130.260944366,0.0,0.1793460845540551,1.0,6.625438424695165e-16,6313130.260944366,0.0,0.1793460845540551,True
Ro180_q0.55_L54W_r0.60_th120_kc+10_ko+10,outer_angle,1.9239786128140447e-14,6313130.260944366,0.0,0.1793460845540551,-1.0,1.9239786128140447e-14,-6313130.260944366,-0.0,-0.1793460845540551,False
Ro180_q0.55_L54W_r0.60_th120_kc+10_ko+10,gb_spacing,3.6918929075874705e-14,0.0,0.0,0.0,-1.0,3.6918929075874705e-14,-0.0,-0.0,-0.0,False
Ro180_q0.55_L54W_r0.60_th140_kc-10_ko-10,center_outer_exchange,5.711866653180604e-14,0.0,0.0,0.0,-1.0,5.711866653180604e-14,-0.0,-0.0,-0.0,False
Ro180_q0.55_L54W_r0.60_th140_kc-10_ko-10,tj_radius,-6.232048988230718e-14,-47459254.91150282,5.940003960000709e-08,0.03189538694381433,1.0,6.232048988230718e-14,-47459254.91150282,5.940003960000709e-08,0.03189538694381433,False
Ro180_q0.55_L54W_r0.60_th140_kc-10_ko-10,center_curvature,-2.548584212938753e-15,-125000000.0,0.0,-2.5498404215351655,1.0,2.548584212938753e-15,-125000000.0,0.0,-2.5498404215351655,False
Ro180_q0.55_L54W_r0.60_th140_kc-10_ko-10,outer_curvature,1.6118911788157076e-13,-125000000.0,0.0,-2.5498404215351655,-1.0,1.6118911788157076e-13,125000000.0,-0.0,2.5498404215351655,True
Ro180_q0.55_L54W_r0.60_th140_kc-10_ko-10,center_angle,-4.924798284571487e-16,4318435.433363542,0.0,0.08809030654333139,1.0,4.924798284571487e-16,4318435.433363542,0.0,0.08809030654333139,True
Ro180_q0.55_L54W_r0.60_th140_kc-10_ko-10,outer_angle,2.138484613961556e-14,4318435.433363542,0.0,0.08809030654333139,-1.0,2.138484613961556e-14,-4318435.433363542,-0.0,-0.08809030654333139,False
Ro180_q0.55_L54W_r0.60_th140_kc-10_ko-10,gb_spacing,3.6463028331470884e-14,0.0,0.0,0.0,-1.0,3.6463028331470884e-14,-0.0,-0.0,-0.0,False
Ro180_q0.55_L54W_r0.60_th140_kc+0_ko+0,center_outer_exchange,6.328634856290227e-14,0.0,0.0,0.0,-1.0,6.328634856290227e-14,-0.0,-0.0,-0.0,False
Ro180_q0.55_L54W_r0.60_th140_kc+0_ko+0,tj_radius,-6.047488582057379e-14,-47459254.91150282,5.940003960000709e-08,-0.09176180144399027,1.0,6.047488582057379e-14,-47459254.91150282,5.940003960000709e-08,-0.09176180144399027,False
Ro180_q0.55_L54W_r0.60_th140_kc+0_ko+0,center_curvature,3.628461884626472e-15,-125000000.0,0.0,-2.8755386689233164,-1.0,3.628461884626472e-15,125000000.0,-0.0,2.8755386689233164,True
Ro180_q0.55_L54W_r0.60_th140_kc+0_ko+0,outer_curvature,1.9451662102320433e-13,-125000000.0,0.0,-2.8755386689233164,-1.0,1.9451662102320433e-13,125000000.0,-0.0,2.8755386689233164,True
Ro180_q0.55_L54W_r0.60_th140_kc+0_ko+0,center_angle,9.214009916594598e-16,4318435.433363542,0.0,0.09934219244822629,-1.0,9.214009916594598e-16,-4318435.433363542,-0.0,-0.09934219244822629,False
Ro180_q0.55_L54W_r0.60_th140_kc+0_ko+0,outer_angle,2.0920788337172136e-14,4318435.433363542,0.0,0.09934219244822629,-1.0,2.0920788337172136e-14,-4318435.433363542,-0.0,-0.09934219244822629,False
Ro180_q0.55_L54W_r0.60_th140_kc+0_ko+0,gb_spacing,3.2623366128207874e-14,0.0,0.0,0.0,-1.0,3.2623366128207874e-14,-0.0,-0.0,-0.0,False
Ro180_q0.55_L54W_r0.60_th140_kc+10_ko+10,center_outer_exchange,6.854329221216351e-14,0.0,0.0,0.0,-1.0,6.854329221216351e-14,-0.0,-0.0,-0.0,False
Ro180_q0.55_L54W_r0.60_th140_kc+10_ko+10,tj_radius,-5.4557650134139754e-14,-47459254.91150282,5.940003960000709e-08,-0.2643540290477864,1.0,5.4557650134139754e-14,-47459254.91150282,5.940003960000709e-08,-0.2643540290477864,False
Ro180_q0.55_L54W_r0.60_th140_kc+10_ko+10,center_curvature,9.686981322352663e-15,-125000000.0,0.0,-3.3301294842774665,-1.0,9.686981322352663e-15,125000000.0,-0.0,3.3301294842774665,True
Ro180_q0.55_L54W_r0.60_th140_kc+10_ko+10,outer_curvature,2.2735742321729217e-13,-125000000.0,0.0,-3.3301294842774665,-1.0,2.2735742321729217e-13,125000000.0,-0.0,3.3301294842774665,True
Ro180_q0.55_L54W_r0.60_th140_kc+10_ko+10,center_angle,2.0418988553328328e-15,4318435.433365405,0.0,0.11504679697538212,-1.0,2.0418988553328328e-15,-4318435.433365405,-0.0,-0.11504679697538212,False
Ro180_q0.55_L54W_r0.60_th140_kc+10_ko+10,outer_angle,1.8969005328041272e-14,4318435.433365405,0.0,0.11504679697538212,-1.0,1.8969005328041272e-14,-4318435.433365405,-0.0,-0.11504679697538212,False
Ro180_q0.55_L54W_r0.60_th140_kc+10_ko+10,gb_spacing,2.9782508150875924e-14,0.0,0.0,0.0,-1.0,2.9782508150875924e-14,-0.0,-0.0,-0.0,False
Ro180_q0.55_L54W_r0.60_th160_kc-10_ko-10,center_outer_exchange,7.17328682219631e-14,0.0,0.0,0.0,-1.0,7.17328682219631e-14,-0.0,-0.0,-0.0,False
Ro180_q0.55_L54W_r0.60_th160_kc-10_ko-10,tj_radius,-6.463260320598826e-14,-49737798.46216366,5.940003960000709e-08,0.01010787515176581,1.0,6.463260320598826e-14,-49737798.46216366,5.940003960000709e-08,0.01010787515176581,False
Ro180_q0.55_L54W_r0.60_th160_kc-10_ko-10,center_curvature,7.945693473007909e-15,-125000000.0,0.0,-2.4877849840380106,-1.0,7.945693473007909e-15,125000000.0,-0.0,2.4877849840380106,True
Ro180_q0.55_L54W_r0.60_th160_kc-10_ko-10,outer_curvature,1.6460254595857949e-13,-125000000.0,0.0,-2.4877849840380106,-1.0,1.6460254595857949e-13,125000000.0,-0.0,2.4877849840380106,True
Ro180_q0.55_L54W_r0.60_th160_kc-10_ko-10,center_angle,2.2695802953100918e-15,2192527.1303728223,0.0,0.043636167912919355,-1.0,2.2695802953100918e-15,-2192527.1303728223,-0.0,-0.043636167912919355,False
Ro180_q0.55_L54W_r0.60_th160_kc-10_ko-10,outer_angle,1.893242971144183e-14,2192527.1303728223,0.0,0.043636167912919355,-1.0,1.893242971144183e-14,-2192527.1303728223,-0.0,-0.043636167912919355,False
Ro180_q0.55_L54W_r0.60_th160_kc-10_ko-10,gb_spacing,2.849628663890216e-14,0.0,0.0,0.0,-1.0,2.849628663890216e-14,-0.0,-0.0,-0.0,False
Ro180_q0.55_L54W_r0.60_th160_kc+0_ko+0,center_outer_exchange,7.585565197796894e-14,0.0,0.0,0.0,-1.0,7.585565197796894e-14,-0.0,-0.0,-0.0,False
Ro180_q0.55_L54W_r0.60_th160_kc+0_ko+0,tj_radius,-5.974277626852458e-14,-49737798.46216366,5.940003960000709e-08,-0.11109254874985819,1.0,5.974277626852458e-14,-49737798.46216366,5.940003960000709e-08,-0.11109254874985819,False
Ro180_q0.55_L54W_r0.60_th160_kc+0_ko+0,center_curvature,1.2424222079096896e-14,-125000000.0,0.0,-2.7923878584797945,-1.0,1.2424222079096896e-14,125000000.0,-0.0,2.7923878584797945,True
Ro180_q0.55_L54W_r0.60_th160_kc+0_ko+0,outer_curvature,1.8946870549412722e-13,-125000000.0,0.0,-2.7923878584797945,-1.0,1.8946870549412722e-13,125000000.0,-0.0,2.7923878584797945,True
Ro180_q0.55_L54W_r0.60_th160_kc+0_ko+0,center_angle,3.1686108417673055e-15,2192527.130374685,0.0,0.04897889494348551,-1.0,3.1686108417673055e-15,-2192527.130374685,-0.0,-0.04897889494348551,False
Ro180_q0.55_L54W_r0.60_th160_kc+0_ko+0,outer_angle,1.9307619117843224e-14,2192527.130374685,0.0,0.04897889494348551,-1.0,1.9307619117843224e-14,-2192527.130374685,-0.0,-0.04897889494348551,False
Ro180_q0.55_L54W_r0.60_th160_kc+0_ko+0,gb_spacing,2.6400000778756184e-14,0.0,0.0,0.0,-1.0,2.6400000778756184e-14,-0.0,-0.0,-0.0,False
Ro180_q0.55_L54W_r0.60_th160_kc+10_ko+10,center_outer_exchange,7.926925850500795e-14,0.0,0.0,0.0,-1.0,7.926925850500795e-14,-0.0,-0.0,-0.0,False
Ro180_q0.55_L54W_r0.60_th160_kc+10_ko+10,tj_radius,-5.1787472774738225e-14,-49737798.46216366,5.940003960000709e-08,-0.27765055238704317,1.0,5.1787472774738225e-14,-49737798.46216366,5.940003960000709e-08,-0.27765055238704317,False
Ro180_q0.55_L54W_r0.60_th160_kc+10_ko+10,center_curvature,1.6791800539214526e-14,-125000000.0,0.0,-3.2109869258717394,-1.0,1.6791800539214526e-14,125000000.0,-0.0,3.2109869258717394,True
Ro180_q0.55_L54W_r0.60_th160_kc+10_ko+10,outer_curvature,2.1416393537690709e-13,-125000000.0,0.0,-3.2109869258717394,-1.0,2.1416393537690709e-13,125000000.0,-0.0,3.2109869258717394,True
Ro180_q0.55_L54W_r0.60_th160_kc+10_ko+10,center_angle,3.949698981693033e-15,2192527.130374685,0.0,0.05632106060016184,-1.0,3.949698981693033e-15,-2192527.130374685,-0.0,-0.05632106060016184,False
Ro180_q0.55_L54W_r0.60_th160_kc+10_ko+10,outer_angle,1.9145633998300796e-14,2192527.130374685,0.0,0.05632106060016184,-1.0,1.9145633998300796e-14,-2192527.130374685,-0.0,-0.05632106060016184,False
Ro180_q0.55_L54W_r0.60_th160_kc+10_ko+10,gb_spacing,2.5053193942932007e-14,0.0,0.0,0.0,-1.0,2.5053193942932007e-14,-0.0,-0.0,-0.0,False
Ro180_q0.55_L54W_r0.75_th160_kc+10_ko+10,center_outer_exchange,1.9183196860615875e-14,0.0,0.0,0.0,-1.0,1.9183196860615875e-14,-0.0,-0.0,-0.0,False
Ro180_q0.55_L54W_r0.75_th160_kc+10_ko+10,tj_radius,-4.5803139743328624e-14,-39790238.769731484,7.425004950001134e-08,-0.21957701376640326,1.0,4.5803139743328624e-14,-39790238.769731484,7.425004950001134e-08,-0.21957701376640326,False
Ro180_q0.55_L54W_r0.75_th160_kc+10_ko+10,center_curvature,-1.1698900693211494e-15,-125000000.0,0.0,-3.8313139289902765,1.0,1.1698900693211494e-15,-125000000.0,0.0,-3.8313139289902765,False
Ro180_q0.55_L54W_r0.75_th160_kc+10_ko+10,outer_curvature,2.8143005475228063e-13,-125000000.0,0.0,-3.8313139289902765,-1.0,2.8143005475228063e-13,125000000.0,-0.0,3.8313139289902765,True
Ro180_q0.55_L54W_r0.75_th160_kc+10_ko+10,center_angle,-5.38450301183236e-16,1754021.7042993754,0.0,0.05376107622634407,1.0,5.38450301183236e-16,1754021.7042993754,0.0,0.05376107622634407,True
Ro180_q0.55_L54W_r0.75_th160_kc+10_ko+10,outer_angle,2.4527358383732975e-14,1754021.7042993754,0.0,0.05376107622634407,-1.0,2.4527358383732975e-14,-1754021.7042993754,-0.0,-0.05376107622634407,False
Ro180_q0.55_L54W_r0.75_th160_kc+10_ko+10,gb_spacing,5.1210704525193465e-14,0.0,0.0,0.0,-1.0,5.1210704525193465e-14,-0.0,-0.0,-0.0,False
