q_over_b,u_m,z_m,surface_radius_m
0.0,0.0,-3.901751373626374e-07,4.95374257734477e-09
0.0,0.0,-3.8967651098901105e-07,1.376657348620922e-08
0.0,0.0,-3.891778846153847e-07,1.8844359627305618e-08
0.0,0.0,-3.886792582417583e-07,2.283465310752468e-08
0.0,0.0,-3.8818063186813194e-07,2.623810514288631e-08
0.0,0.0,-3.876820054945055e-07,2.9259269709641954e-08
0.0,0.0,-3.8718337912087915e-07,3.200606783373262e-08
0.0,0.0,-3.866847527472528e-07,3.454542358599123e-08
0.0,0.0,-3.861861263736264e-07,3.691938356281044e-08
0.0,0.0,-3.8568750000000004e-07,3.915800427781486e-08
0.0,0.0,-3.851888736263737e-07,4.128316439949816e-08
0.0,0.0,-3.846902472527473e-07,4.331106987765124e-08
0.0,0.0,-3.8419162087912094e-07,4.5255293977676015e-08
0.0,0.0,-3.8369299450549457e-07,4.712523468193577e-08
0.0,0.0,-3.831943681318682e-07,4.8930165175227325e-08
0.0,0.0,-3.826957417582418e-07,5.067683327683561e-08
0.0,0.0,-3.821971153846154e-07,5.237052608570018e-08
0.0,0.0,-3.8169848901098904e-07,5.4016260084995464e-08
0.0,0.0,-3.811998626373627e-07,5.561845097188257e-08
0.0,0.0,-3.807012362637363e-07,5.718049531008027e-08
0.0,0.0,-3.8020260989010994e-07,5.870538891679302e-08
0.0,0.0,-3.7970398351648357e-07,6.019580637148778e-08
0.0,0.0,-3.792053571428572e-07,6.165415395866731e-08
0.0,0.0,-3.7870673076923083e-07,6.308260116703736e-08
0.0,0.0,-3.7820810439560446e-07,6.448309483839786e-08
0.0,0.0,-3.7770947802197804e-07,6.585735923750246e-08
0.0,0.0,-3.7721085164835167e-07,6.720668993276373e-08
0.0,0.0,-3.767122252747253e-07,6.8532261858341e-08
0.0,0.0,-3.7621359890109894e-07,6.983589493095221e-08
0.0,0.0,-3.7571497252747257e-07,7.111805591369853e-08
0.0,0.0,-3.752163461538462e-07,7.238022921540377e-08
0.0,0.0,-3.7471771978021983e-07,7.362300991450124e-08
0.0,0.0,-3.7421909340659346e-07,7.484753790809484e-08
0.0,0.0,-3.737204670329671e-07,7.605416784965734e-08
0.0,0.0,-3.732218406593407e-07,7.724423657700155e-08
0.0,0.0,-3.7272321428571435e-07,7.841758623806151e-08
0.0,0.0,-3.7222458791208793e-07,7.957535426117238e-08
0.0,0.0,-3.7172596153846156e-07,8.071820795762543e-08
0.0,0.0,-3.712273351648352e-07,8.184623440143618e-08
0.0,0.0,-3.7072870879120883e-07,8.296002567148438e-08
0.0,0.0,-3.7023008241758246e-07,8.406017173407279e-08
0.0,0.0,-3.697314560439561e-07,8.514709161871553e-08
0.0,0.0,-3.692328296703297e-07,8.622115575887881e-08
0.0,0.0,-3.6873420329670335e-07,8.728256912641182e-08
0.0,0.0,-3.68235576923077e-07,8.833165140767555e-08
0.0,0.0,-3.677369505494506e-07,8.936881036294177e-08
0.0,0.0,-3.672383241758242e-07,9.039433536825548e-08
0.0,0.0,-3.667396978021978e-07,9.140849490779541e-08
0.0,0.0,-3.6624107142857146e-07,9.24115399158811e-08
0.0,0.0,-3.657424450549451e-07,9.340370600385915e-08
0.0,0.0,-3.652438186813187e-07,9.438521461441647e-08
0.0,0.0,-3.6474519230769235e-07,9.535627313522784e-08
0.0,0.0,-3.64246565934066e-07,9.631707399407296e-08
0.0,0.0,-3.637479395604396e-07,9.72677927479754e-08
0.0,0.0,-3.6324931318681325e-07,9.820847579983805e-08
0.0,0.0,-3.627506868131869e-07,9.913940272200133e-08
0.0,0.0,-3.622520604395605e-07,1.0006080325820024e-07
0.0,0.0,-3.617534340659341e-07,1.0097282124427342e-07
0.0,0.0,-3.612548076923077e-07,1.0187556992596683e-07
0.0,0.0,-3.6075618131868135e-07,1.0276912424646897e-07
0.0,0.0,-3.60257554945055e-07,1.0365335226842914e-07
0.0,0.0,-3.597589285714286e-07,1.045287742575366e-07
0.0,0.0,-3.5926030219780224e-07,1.0539548633323907e-07
0.0,0.0,-3.587616758241759e-07,1.0625345146564306e-07
0.0,0.0,-3.582630494505495e-07,1.0710244952293301e-07
0.0,0.0,-3.5776442307692314e-07,1.0794318455970847e-07
0.0,0.0,-3.5726579670329677e-07,1.087755199975073e-07
0.0,0.0,-3.5676717032967035e-07,1.095991193221008e-07
0.0,0.0,-3.56268543956044e-07,1.1041473518916439e-07
0.0,0.0,-3.557699175824176e-07,1.1122205827735465e-07
0.0,0.0,-3.5527129120879124e-07,1.1202105482933121e-07
0.0,0.0,-3.5477266483516487e-07,1.1281227918425331e-07
0.0,0.0,-3.542740384615385e-07,1.1359509757231146e-07
0.0,0.0,-3.5377541208791214e-07,1.1437032192855928e-07
0.0,0.0,-3.5327678571428577e-07,1.1513735041062918e-07
0.0,0.0,-3.527781593406594e-07,1.1589680384496984e-07
0.0,0.0,-3.5227953296703303e-07,1.1664824842598486e-07
0.0,0.0,-3.5178090659340666e-07,1.1739219909931467e-07
0.0,0.0,-3.5128228021978024e-07,1.1812822521281171e-07
0.0,0.0,-3.5078365384615387e-07,1.1885693994936417e-07
0.0,0.0,-3.502850274725275e-07,1.19577731175313e-07
0.0,0.0,-3.4978640109890113e-07,1.2029141227919862e-07
0.0,0.0,-3.4928777472527477e-07,1.209972163473975e-07
0.0,0.0,-3.487891483516484e-07,1.2169581863537986e-07
0.0,0.0,-3.4829052197802203e-07,1.2238707393879814e-07
0.0,0.0,-3.4779189560439566e-07,1.2307075841099e-07
0.0,0.0,-3.472932692307693e-07,1.237475334176125e-07
0.0,0.0,-3.467946428571429e-07,1.2441676499742575e-07
0.0,0.0,-3.462960164835165e-07,1.2507873577520897e-07
0.0,0.0,-3.4579739010989013e-07,1.257338618307192e-07
0.0,0.0,-3.4529876373626376e-07,1.2638169822116868e-07
0.0,0.0,-3.448001373626374e-07,1.2702230437889825e-07
0.0,0.0,-3.44301510989011e-07,1.2765601708309364e-07
0.0,0.0,-3.4380288461538466e-07,1.2828295626252342e-07
0.0,0.0,-3.433042582417583e-07,1.2890265907437831e-07
0.0,0.0,-3.428056318681319e-07,1.2951539401604212e-07
0.0,0.0,-3.4230700549450555e-07,1.301213392870982e-07
0.0,0.0,-3.418083791208792e-07,1.307206313133974e-07
0.0,0.0,-3.413097527472528e-07,1.313131036788729e-07
0.0,0.0,-3.408111263736264e-07,1.3189865856083358e-07
0.0,0.0,-3.403125e-07,1.3247746823594e-07
0.0,0.0,-3.3981387362637366e-07,1.330496255100184e-07
0.0,0.0,-3.393152472527473e-07,1.3361520173546755e-07
0.0,0.0,-3.388166208791209e-07,1.3417425084095522e-07
0.0,0.0,-3.3831799450549455e-07,1.3472681309826416e-07
0.0,0.0,-3.378193681318682e-07,1.3527285107057414e-07
0.0,0.0,-3.373207417582418e-07,1.3581233658315828e-07
0.0,0.0,-3.3682211538461544e-07,1.3634536827463808e-07
0.0,0.0,-3.363234890109891e-07,1.3687199882565543e-07
0.0,0.0,-3.3582486263736265e-07,1.3739227588345725e-07
0.0,0.0,-3.353262362637363e-07,1.3790624368576687e-07
0.0,0.0,-3.348276098901099e-07,1.3841394429999243e-07
0.0,0.0,-3.3432898351648355e-07,1.3891541845961774e-07
0.0,0.0,-3.338303571428572e-07,1.394107059792276e-07
0.0,0.0,-3.333317307692308e-07,1.398998457295871e-07
0.0,0.0,-3.3283310439560444e-07,1.4038287515427992e-07
0.0,0.0,-3.3233447802197807e-07,1.4085982930969774e-07
0.0,0.0,-3.318358516483517e-07,1.413307394102935e-07
0.0,0.0,-3.3133722527472534e-07,1.417956308610186e-07
0.0,0.0,-3.308385989010989e-07,1.4225452075837645e-07
0.0,0.0,-3.3033997252747255e-07,1.4270741329419341e-07
0.0,0.0,-3.298413461538462e-07,1.4315448501521425e-07
0.0,0.0,-3.293427197802198e-07,1.4359578945280088e-07
0.0,0.0,-3.2884409340659344e-07,1.4403135846660102e-07
0.0,0.0,-3.2834546703296707e-07,1.4446120498071702e-07
0.0,0.0,-3.278468406593407e-07,1.4488531730659618e-07
0.0,0.0,-3.2734821428571433e-07,1.4530365281186549e-07
0.0,0.0,-3.2684958791208797e-07,1.457161383492142e-07
0.0,0.0,-3.263509615384616e-07,1.4612311141609892e-07
0.0,0.0,-3.2585233516483523e-07,1.4652470106721587e-07
0.0,0.0,-3.253537087912088e-07,1.4692081936878438e-07
0.0,0.0,-3.2485508241758244e-07,1.473113184126002e-07
0.0,0.0,-3.2435645604395607e-07,1.4769605772788164e-07
0.0,0.0,-3.238578296703297e-07,1.4807561464685731e-07
0.0,0.0,-3.2335920329670333e-07,1.484499884649487e-07
0.0,0.0,-3.2286057692307696e-07,1.4881889428738503e-07
0.0,0.0,-3.223619505494506e-07,1.4918210659931542e-07
0.0,0.0,-3.218633241758242e-07,1.4954039694426845e-07
0.0,0.0,-3.2136469780219786e-07,1.4989359707763994e-07
0.0,0.0,-3.208660714285715e-07,1.5024118475171377e-07
0.0,0.0,-3.2036744505494507e-07,1.5058365659652323e-07
0.0,0.0,-3.198688186813187e-07,1.509213563768721e-07
0.0,0.0,-3.1937019230769233e-07,1.512535649860229e-07
0.0,0.0,-3.1887156593406596e-07,1.5158067296894334e-07
0.0,0.0,-3.183729395604396e-07,1.519031634087461e-07
0.0,0.0,-3.178743131868132e-07,1.5222009907431302e-07
0.0,0.0,-3.1737568681318686e-07,1.5253235960817623e-07
0.0,0.0,-3.168770604395605e-07,1.5283985435701863e-07
0.0,0.0,-3.163784340659341e-07,1.5314184045693162e-07
0.0,0.0,-3.1587980769230775e-07,1.5343960934405829e-07
0.0,0.0,-3.153811813186814e-07,1.5373201153305375e-07
0.0,0.0,-3.1488255494505496e-07,1.5401985979550072e-07
0.0,0.0,-3.143839285714286e-07,1.543030074347415e-07
0.0,0.0,-3.138853021978022e-07,1.5458097052697035e-07
0.0,0.0,-3.1338667582417585e-07,1.5485478989329886e-07
0.0,0.0,-3.128880494505495e-07,1.5512319961771703e-07
0.0,0.0,-3.123894230769231e-07,1.5538768747206474e-07
0.0,0.0,-3.1189079670329675e-07,1.556467555388373e-07
0.0,0.0,-3.113921703296704e-07,1.5590198311334442e-07
0.0,0.0,-3.10893543956044e-07,1.5615183742114073e-07
0.0,0.0,-3.1039491758241764e-07,1.5639791603644672e-07
0.0,0.0,-3.098962912087912e-07,1.5663865780150247e-07
0.0,0.0,-3.0939766483516485e-07,1.5687569364123306e-07
0.0,0.0,-3.088990384615385e-07,1.5710744725292802e-07
0.0,0.0,-3.084004120879121e-07,1.573354852683691e-07
0.0,0.0,-3.0790178571428575e-07,1.5755844047495456e-07
0.0,0.0,-3.074031593406594e-07,1.577773974836472e-07
0.0,0.0,-3.06904532967033e-07,1.579918436252883e-07
0.0,0.0,-3.0640590659340664e-07,1.582016543755611e-07
0.0,0.0,-3.0590728021978027e-07,1.5840778283004427e-07
0.0,0.0,-3.054086538461539e-07,1.5860880573411464e-07
0.0,0.0,-3.0491002747252753e-07,1.5880623383234648e-07
0.0,0.0,-3.044114010989011e-07,1.589989851765317e-07
0.0,0.0,-3.0391277472527474e-07,1.5918729804186289e-07
0.0,0.0,-3.034141483516484e-07,1.5937210544815242e-07
0.0,0.0,-3.02915521978022e-07,1.5955195429530842e-07
0.0,0.0,-3.0241689560439564e-07,1.5972781374458584e-07
0.0,0.0,-3.0191826923076927e-07,1.5990000130536713e-07
0.0,0.0,-3.014196428571429e-07,1.6006731733354989e-07
0.0,0.0,-3.0092101648351653e-07,1.6023076825153782e-07
0.0,0.0,-3.0042239010989016e-07,1.603905827974206e-07
0.0,0.0,-2.999237637362638e-07,1.605456162546257e-07
0.0,0.0,-2.994251373626374e-07,1.6069668643746348e-07
0.0,0.0,-2.98926510989011e-07,1.608443361006137e-07
0.0,0.0,-2.9842788461538464e-07,1.6098737483668053e-07
0.0,0.0,-2.9792925824175827e-07,1.611262166464266e-07
0.0,0.0,-2.974306318681319e-07,1.6126152052329183e-07
0.0,0.0,-2.9693200549450553e-07,1.6139299336212868e-07
0.0,0.0,-2.9643337912087916e-07,1.615199702682042e-07
0.0,0.0,-2.959347527472528e-07,1.6164297245808454e-07
0.0,0.0,-2.954361263736264e-07,1.6176247196220738e-07
0.0,0.0,-2.9493750000000006e-07,1.6187819000623886e-07
0.0,0.0,-2.944388736263737e-07,1.6198954135891982e-07
0.0,0.0,-2.9394024725274727e-07,1.6209689793414218e-07
0.0,0.0,-2.934416208791209e-07,1.6220056818855902e-07
0.0,0.0,-2.9294299450549453e-07,1.6230082412194587e-07
0.0,0.0,-2.9244436813186816e-07,1.623970102497548e-07
0.0,0.0,-2.919457417582418e-07,1.6248908261150056e-07
0.0,0.0,-2.914471153846154e-07,1.6257726543541135e-07
0.0,0.0,-2.9094848901098905e-07,1.6266173898189166e-07
0.0,0.0,-2.904498626373627e-07,1.627426440225184e-07
0.0,0.0,-2.899512362637363e-07,1.6282004203820224e-07
0.0,0.0,-2.8945260989010995e-07,1.628934050543641e-07
0.0,0.0,-2.8895398351648353e-07,1.6296284597834666e-07
0.0,0.0,-2.8845535714285716e-07,1.630284785894397e-07
0.0,0.0,-2.879567307692308e-07,1.6309039114003342e-07
0.0,0.0,-2.874581043956044e-07,1.6314864963876663e-07
0.0,0.0,-2.8695947802197805e-07,1.6320330091719333e-07
0.0,0.0,-2.864608516483517e-07,1.63254390795871e-07
0.0,0.0,-2.859622252747253e-07,1.633019197611574e-07
0.0,0.0,-2.8546359890109895e-07,1.6334564649787183e-07
0.0,0.0,-2.849649725274726e-07,1.633856266306818e-07
0.0,0.0,-2.844663461538462e-07,1.6342190427158437e-07
0.0,0.0,-2.8396771978021984e-07,1.6345451400451655e-07
0.0,0.0,-2.834690934065934e-07,1.6348348267982627e-07
0.0,0.0,-2.8297046703296705e-07,1.6350883102278781e-07
0.0,0.0,-2.824718406593407e-07,1.6353057505916933e-07
0.0,0.0,-2.819732142857143e-07,1.6354872736002304e-07
0.0,0.0,-2.8147458791208794e-07,1.635632981073867e-07
0.0,0.0,-2.809759615384616e-07,1.6357429598217329e-07
0.0,0.0,-2.804773351648352e-07,1.6358172887552585e-07
0.0,0.0,-2.7997870879120884e-07,1.6358560442491893e-07
0.0,0.0,-2.7948008241758247e-07,1.635859303765602e-07
0.0,0.0,-2.789814560439561e-07,1.6358271477590395e-07
0.0,0.0,-2.784828296703297e-07,1.6357596598848172e-07
0.0,0.0,-2.779842032967033e-07,1.6356569255365453e-07
0.0,0.0,-2.7748557692307694e-07,1.6355190287429176e-07
0.0,0.0,-2.769869505494506e-07,1.6353460474568758e-07
0.0,0.0,-2.764883241758242e-07,1.6351380472736672e-07
0.0,0.0,-2.7598969780219784e-07,1.6348950736153198e-07
0.0,0.0,-2.7549107142857147e-07,1.6346171424202985e-07
0.0,0.0,-2.749924450549451e-07,1.6343042293751446e-07
0.0,0.0,-2.7449381868131873e-07,1.6339562577227536e-07
0.0,0.0,-2.7399519230769236e-07,1.6335730846766354e-07
0.0,0.0,-2.7349656593406594e-07,1.6331544864636937e-07
0.0,0.0,-2.7299793956043957e-07,1.6327001420084917e-07
0.0,0.0,-2.724993131868132e-07,1.6322111441611173e-07
0.0,0.0,-2.7200068681318683e-07,1.631689233086492e-07
0.0,0.0,-2.7150206043956047e-07,1.631133880101264e-07
0.0,0.0,-2.710034340659341e-07,1.6305448787262308e-07
0.0,0.0,-2.7050480769230773e-07,1.6299218645496228e-07
0.0,0.0,-2.7000618131868136e-07,1.629264291622402e-07
0.0,0.0,-2.69507554945055e-07,1.628571407628212e-07
0.0,0.0,-2.690089285714286e-07,1.6278422277303464e-07
0.0,0.0,-2.6851030219780225e-07,1.6270779623176916e-07
0.0,0.0,-2.6801167582417583e-07,1.6262826859825274e-07
0.0,0.0,-2.6751304945054946e-07,1.625455092693563e-07
0.0,0.0,-2.670144230769231e-07,1.6245939730471965e-07
0.0,0.0,-2.6651579670329673e-07,1.62369777895995e-07
0.0,0.0,-2.6601717032967036e-07,1.622764591034817e-07
0.0,0.0,-2.65518543956044e-07,1.6217971740443708e-07
0.0,0.0,-2.650199175824176e-07,1.6207999971049029e-07
0.0,0.0,-2.6452129120879125e-07,1.6197705830479127e-07
0.0,0.0,-2.640226648351649e-07,1.618706369816249e-07
0.0,0.0,-2.635240384615385e-07,1.6176042905804043e-07
0.0,0.0,-2.630254120879121e-07,1.616469923707468e-07
0.0,0.0,-2.625267857142857e-07,1.6153062318076242e-07
0.0,0.0,-2.6202815934065936e-07,1.6141094576108118e-07
0.0,0.0,-2.61529532967033e-07,1.61287545933988e-07
0.0,0.0,-2.610309065934066e-07,1.6116064514900694e-07
0.0,0.0,-2.6053228021978025e-07,1.6103097320967143e-07
0.0,0.0,-2.600336538461539e-07,1.6089802724400206e-07
0.0,0.0,-2.595350274725275e-07,1.6076124741465242e-07
0.0,0.0,-2.5903640109890114e-07,1.6062126826841192e-07
0.0,0.0,-2.585377747252748e-07,1.6047847868187092e-07
0.0,0.0,-2.580391483516484e-07,1.6033219739360987e-07
0.0,0.0,-2.57540521978022e-07,1.6018209442278535e-07
0.0,0.0,-2.570418956043956e-07,1.600293626694158e-07
0.0,0.0,-2.5654326923076925e-07,1.5987341562247405e-07
0.0,0.0,-2.560446428571429e-07,1.5971352576899675e-07
0.0,0.0,-2.555460164835165e-07,1.5955091669000769e-07
0.0,0.0,-2.5504739010989014e-07,1.593852561434185e-07
0.0,0.0,-2.545487637362638e-07,1.5921564196393743e-07
0.0,0.0,-2.540501373626374e-07,1.5904332066514144e-07
0.0,0.0,-2.5355151098901104e-07,1.5886794637182902e-07
0.0,0.0,-2.5305288461538467e-07,1.5868862306515537e-07
0.0,0.0,-2.5255425824175825e-07,1.5850676759104308e-07
0.0,0.0,-2.520556318681319e-07,1.5832163522688527e-07
0.0,0.0,-2.515570054945055e-07,1.581327535940811e-07
0.0,0.0,-2.5105837912087914e-07,1.5794144750948582e-07
0.0,0.0,-2.5055975274725277e-07,1.5774636463605598e-07
0.0,0.0,-2.500611263736264e-07,1.5754834644542883e-07
0.0,0.0,-2.4956250000000004e-07,1.5734745551097866e-07
0.0,0.0,-2.4906387362637367e-07,1.5714269914673198e-07
0.0,0.0,-2.485652472527473e-07,1.569355982312197e-07
0.0,0.0,-2.4806662087912093e-07,1.5672470180822878e-07
0.0,0.0,-2.4756799450549456e-07,1.5651111064849826e-07
0.0,0.0,-2.4706936813186814e-07,1.562943874541853e-07
0.0,0.0,-2.4657074175824177e-07,1.5607419453612843e-07
0.0,0.0,-2.460721153846154e-07,1.558514961833945e-07
0.0,0.0,-2.4557348901098903e-07,1.5562497323489505e-07
0.0,0.0,-2.4507486263736266e-07,1.5539617777092177e-07
0.0,0.0,-2.445762362637363e-07,1.551635265852133e-07
0.0,0.0,-2.4407760989010993e-07,1.5492859137048188e-07
0.0,0.0,-2.4357898351648356e-07,1.5468991757987315e-07
0.0,0.0,-2.430803571428572e-07,1.5444886289887452e-07
0.0,0.0,-2.425817307692308e-07,1.5420421143681883e-07
0.0,0.0,-2.420831043956044e-07,1.5395710225004958e-07
0.0,0.0,-2.4158447802197803e-07,1.537064877459518e-07
0.0,0.0,-2.4108585164835166e-07,1.5345341387135773e-07
0.0,0.0,-2.405872252747253e-07,1.5319684633379955e-07
0.0,0.0,-2.400885989010989e-07,1.5293790137910437e-07
0.0,0.0,-2.3958997252747256e-07,1.5267540749658998e-07
0.0,0.0,-2.390913461538462e-07,1.5241066687251591e-07
0.0,0.0,-2.385927197802198e-07,1.521423072613178e-07
0.0,0.0,-2.3809409340659342e-07,1.518718055899201e-07
0.0,0.0,-2.3759546703296706e-07,1.5159768833514768e-07
0.0,0.0,-2.370968406593407e-07,1.513213965290146e-07
0.0,0.0,-2.3659821428571432e-07,1.5104168738876095e-07
0.0,0.0,-2.3609958791208795e-07,1.5075948961842747e-07
0.0,0.0,-2.3560096153846156e-07,1.504744192849722e-07
0.0,0.0,-2.3510233516483519e-07,1.5018629835896196e-07
0.0,0.0,-2.3460370879120882e-07,1.4989595880868897e-07
0.0,0.0,-2.3410508241758245e-07,1.4960218990712074e-07
0.0,0.0,-2.3360645604395608e-07,1.4930632037874244e-07
0.0,0.0,-2.3310782967032969e-07,1.4900726160232542e-07
0.0,0.0,-2.3260920329670332e-07,1.4870553297260238e-07
0.0,0.0,-2.3211057692307695e-07,1.4840152641277004e-07
0.0,0.0,-2.3161195054945058e-07,1.4809424934345953e-07
0.0,0.0,-2.311133241758242e-07,1.4778488949036695e-07
0.0,0.0,-2.3061469780219784e-07,1.4747259271895817e-07
0.0,0.0,-2.3011607142857145e-07,1.4715750763483291e-07
0.0,0.0,-2.2961744505494508e-07,1.4684041379645793e-07
0.0,0.0,-2.291188186813187e-07,1.4652018378404453e-07
0.0,0.0,-2.2862019230769234e-07,1.4619751885084523e-07
0.0,0.0,-2.2812156593406597e-07,1.4587273127611316e-07
0.0,0.0,-2.2762293956043958e-07,1.4554487455095254e-07
0.0,0.0,-2.271243131868132e-07,1.4521476575408184e-07
0.0,0.0,-2.2662568681318684e-07,1.4488247518585741e-07
0.0,0.0,-2.2612706043956047e-07,1.4454722844993298e-07
0.0,0.0,-2.256284340659341e-07,1.4420978682954305e-07
0.0,0.0,-2.251298076923077e-07,1.4387024605376255e-07
0.0,0.0,-2.2463118131868134e-07,1.4352783301718475e-07
0.0,0.0,-2.2413255494505497e-07,1.4318319280858435e-07
0.0,0.0,-2.236339285714286e-07,1.4283663101844304e-07
0.0,0.0,-2.2313530219780223e-07,1.4248730212853752e-07
0.0,0.0,-2.2263667582417584e-07,1.4213565302300455e-07
0.0,0.0,-2.2213804945054947e-07,1.4178219472275673e-07
0.0,0.0,-2.216394230769231e-07,1.4142625293344428e-07
0.0,0.0,-2.2114079670329673e-07,1.4106785942857688e-07
0.0,0.0,-2.2064217032967036e-07,1.407075123929737e-07
0.0,0.0,-2.20143543956044e-07,1.403452646305928e-07
0.0,0.0,-2.196449175824176e-07,1.3998047523318032e-07
0.0,0.0,-2.1914629120879123e-07,1.3961352777352375e-07
0.0,0.0,-2.1864766483516486e-07,1.3924482484236301e-07
0.0,0.0,-2.181490384615385e-07,1.3887407402571063e-07
0.0,0.0,-2.1765041208791213e-07,1.385009606483551e-07
0.0,0.0,-2.1715178571428573e-07,1.3812585069220976e-07
0.0,0.0,-2.1665315934065936e-07,1.3774907392249077e-07
0.0,0.0,-2.16154532967033e-07,1.3737031802336716e-07
0.0,0.0,-2.1565590659340662e-07,1.3698933884869905e-07
0.0,0.0,-2.1515728021978026e-07,1.3660644048609797e-07
0.0,0.0,-2.1465865384615386e-07,1.3622189747788576e-07
0.0,0.0,-2.141600274725275e-07,1.3583564581985487e-07
0.0,0.0,-2.1366140109890112e-07,1.3544726796446832e-07
0.0,0.0,-2.1316277472527476e-07,1.3505699846614596e-07
0.0,0.0,-2.126641483516484e-07,1.3466507021371577e-07
0.0,0.0,-2.12165521978022e-07,1.3427166976334854e-07
0.0,0.0,-2.1166689560439562e-07,1.3387641065783787e-07
0.0,0.0,-2.1116826923076925e-07,1.3347926121296382e-07
0.0,0.0,-2.1066964285714289e-07,1.3308042306011326e-07
0.0,0.0,-2.1017101648351652e-07,1.3268007963329503e-07
0.0,0.0,-2.0967239010989012e-07,1.3227835956610798e-07
0.0,0.0,-2.0917376373626375e-07,1.3187490568056713e-07
0.0,0.0,-2.0867513736263738e-07,1.31469730347977e-07
0.0,0.0,-2.0817651098901102e-07,1.3106299661334108e-07
0.0,0.0,-2.0767788461538465e-07,1.306548536791662e-07
0.0,0.0,-2.0717925824175828e-07,1.302454381762265e-07
0.0,0.0,-2.0668063186813188e-07,1.2983458853356745e-07
0.0,0.0,-2.0618200549450552e-07,1.2942213725506063e-07
0.0,0.0,-2.0568337912087915e-07,1.29008221014877e-07
0.0,0.0,-2.0518475274725278e-07,1.2859296550100985e-07
0.0,0.0,-2.046861263736264e-07,1.2817648676609833e-07
0.0,0.0,-2.0418750000000001e-07,1.2775888743172985e-07
0.0,0.0,-2.0368887362637365e-07,1.2733996695223032e-07
0.0,0.0,-2.0319024725274728e-07,1.2691966001823938e-07
0.0,0.0,-2.026916208791209e-07,1.2649807628597257e-07
0.0,0.0,-2.0219299450549454e-07,1.260753179592212e-07
0.0,0.0,-2.0169436813186814e-07,1.2565148050934173e-07
0.0,0.0,-2.0119574175824178e-07,1.252266533415425e-07
0.0,0.0,-2.006971153846154e-07,1.2480082025832595e-07
0.0,0.0,-2.0019848901098904e-07,1.2437379206724736e-07
0.0,0.0,-1.9969986263736267e-07,1.2394564548612208e-07
0.0,0.0,-1.9920123626373628e-07,1.2351646825174514e-07
0.0,0.0,-1.987026098901099e-07,1.230863433937978e-07
0.0,0.0,-1.9820398351648354e-07,1.2265534973528006e-07
0.0,0.0,-1.9770535714285717e-07,1.2222356235933043e-07
0.0,0.0,-1.972067307692308e-07,1.2179099091916614e-07
0.0,0.0,-1.9670810439560443e-07,1.2135747451934943e-07
0.0,0.0,-1.9620947802197804e-07,1.2092306913615289e-07
0.0,0.0,-1.9571085164835167e-07,1.204878505848294e-07
0.0,0.0,-1.952122252747253e-07,1.2005189178970996e-07
0.0,0.0,-1.9471359890109893e-07,1.1961526314737058e-07
0.0,0.0,-1.9421497252747256e-07,1.1917803286893762e-07
0.0,0.0,-1.9371634615384617e-07,1.1874026730372705e-07
0.0,0.0,-1.932177197802198e-07,1.1830193875832312e-07
0.0,0.0,-1.9271909340659343e-07,1.1786294562909476e-07
0.0,0.0,-1.9222046703296706e-07,1.1742335421246606e-07
0.0,0.0,-1.917218406593407e-07,1.169832328301256e-07
0.0,0.0,-1.912232142857143e-07,1.1654264842930182e-07
0.0,0.0,-1.9072458791208793e-07,1.1610166684948403e-07
0.0,0.0,-1.9022596153846156e-07,1.1566035307877384e-07
0.0,0.0,-1.897273351648352e-07,1.1521877150146116e-07
0.0,0.0,-1.8922870879120882e-07,1.1477696514526226e-07
0.0,0.0,-1.8873008241758243e-07,1.1433482419207669e-07
0.0,0.0,-1.8823145604395606e-07,1.1389237688756343e-07
0.0,0.0,-1.877328296703297e-07,1.1344968973649507e-07
0.0,0.0,-1.8723420329670332e-07,1.1300682893106697e-07
0.0,0.0,-1.8673557692307695e-07,1.1256386057383597e-07
0.0,0.0,-1.8623695054945056e-07,1.1212085089864223e-07
0.0,0.0,-1.857383241758242e-07,1.1167786649103144e-07
0.0,0.0,-1.8523969780219782e-07,1.1123497450971239e-07
0.0,0.0,-1.8474107142857145e-07,1.1079219348590168e-07
0.0,0.0,-1.8424244505494508e-07,1.1034942633929027e-07
0.0,0.0,-1.8374381868131872e-07,1.0990672909514445e-07
0.0,0.0,-1.8324519230769232e-07,1.0946417053330775e-07
0.0,0.0,-1.8274656593406595e-07,1.0902182022588163e-07
0.0,0.0,-1.8224793956043958e-07,1.0857974877048925e-07
0.0,0.0,-1.8174931318681321e-07,1.0813802803254763e-07
0.0,0.0,-1.8125068681318685e-07,1.0769673139856899e-07
0.0,0.0,-1.8075206043956045e-07,1.0725593534173634e-07
0.0,0.0,-1.8025343406593408e-07,1.068155910668596e-07
0.0,0.0,-1.7975480769230771e-07,1.0637564974310445e-07
0.0,0.0,-1.7925618131868135e-07,1.0593618557512581e-07
0.0,0.0,-1.7875755494505498e-07,1.0549727460090783e-07
0.0,0.0,-1.7825892857142858e-07,1.0505899500215383e-07
0.0,0.0,-1.777603021978022e-07,1.0462142743788366e-07
0.0,0.0,-1.7726167582417584e-07,1.0418465540436868e-07
0.0,0.0,-1.7676304945054948e-07,1.0374876562481644e-07
0.0,0.0,-1.762644230769231e-07,1.0331373996511002e-07
0.0,0.0,-1.757657967032967e-07,1.0287947528176975e-07
0.0,0.0,-1.7526717032967034e-07,1.024460547360456e-07
0.0,0.0,-1.7476854395604397e-07,1.0201356573144212e-07
0.0,0.0,-1.742699175824176e-07,1.0158209968001458e-07
0.0,0.0,-1.7377129120879124e-07,1.0115175254527111e-07
0.0,0.0,-1.7327266483516487e-07,1.007226254373753e-07
0.0,0.0,-1.7277403846153847e-07,1.0029478237732741e-07
0.0,0.0,-1.722754120879121e-07,9.986803998396132e-08
0.0,0.0,-1.7177678571428574e-07,9.944245084195189e-08
0.0,0.0,-1.7127815934065937e-07,9.90181180022261e-08
0.0,0.0,-1.70779532967033e-07,9.859515122508218e-08
0.0,0.0,-1.702809065934066e-07,9.817366785229978e-08
0.0,0.0,-1.6978228021978024e-07,9.775379598284314e-08
0.0,0.0,-1.6928365384615387e-07,9.733545854224732e-08
0.0,0.0,-1.687850274725275e-07,9.691850136648467e-08
0.0,0.0,-1.6828640109890113e-07,9.650304695826493e-08
0.0,0.0,-1.6778777472527473e-07,9.608922808887836e-08
0.0,0.0,-1.6728914835164837e-07,9.567718910265952e-08
0.0,0.0,-1.66790521978022e-07,9.526708968790252e-08
0.0,0.0,-1.6629189560439563e-07,9.485873585557324e-08
0.0,0.0,-1.6579326923076926e-07,9.44520168910009e-08
0.0,0.0,-1.6529464285714287e-07,9.404708988620593e-08
0.0,0.0,-1.647960164835165e-07,9.364412800214396e-08
0.0,0.0,-1.6429739010989013e-07,9.32433224361256e-08
0.0,0.0,-1.6379876373626376e-07,9.284461846458698e-08
0.0,0.0,-1.633001373626374e-07,9.244770282561618e-08
0.0,0.0,-1.62801510989011e-07,9.205276473481801e-08
0.0,0.0,-1.6230288461538463e-07,9.166002309466013e-08
0.0,0.0,-1.6180425824175826e-07,9.126972312423224e-08
0.0,0.0,-1.613056318681319e-07,9.088156493067954e-08
0.0,0.0,-1.6080700549450552e-07,9.049539166831697e-08
0.0,0.0,-1.6030837912087915e-07,9.011146227354961e-08
0.0,0.0,-1.5980975274725276e-07,8.973006775238452e-08
0.0,0.0,-1.593111263736264e-07,8.935120969884307e-08
0.0,0.0,-1.5881250000000002e-07,8.897439259767633e-08
0.0,0.0,-1.5831387362637365e-07,8.859990082577212e-08
0.0,0.0,-1.5781524725274728e-07,8.822809150535187e-08
0.0,0.0,-1.573166208791209e-07,8.785897278746046e-08
0.0,0.0,-1.5681799450549452e-07,8.749197826317699e-08
0.0,0.0,-1.5631936813186815e-07,8.712746831301806e-08
0.0,0.0,-1.5582074175824178e-07,8.676589435019232e-08
0.0,0.0,-1.553221153846154e-07,8.640686008876476e-08
0.0,0.0,-1.5482348901098902e-07,8.605010342264831e-08
0.0,0.0,-1.5432486263736265e-07,8.569613395846801e-08
0.0,0.0,-1.5382623626373628e-07,8.534521887993403e-08
0.0,0.0,-1.533276098901099e-07,8.49965426795268e-08
0.0,0.0,-1.5282898351648354e-07,8.465052968708635e-08
0.0,0.0,-1.5233035714285715e-07,8.430774244839697e-08
0.0,0.0,-1.5183173076923078e-07,8.39673528468445e-08
0.0,0.0,-1.513331043956044e-07,8.362955087751937e-08
0.0,0.0,-1.5083447802197804e-07,8.329505045238382e-08
0.0,0.0,-1.5033585164835167e-07,8.296305235881147e-08
0.0,0.0,-1.498372252747253e-07,8.263364867991109e-08
0.0,0.0,-1.493385989010989e-07,8.230763448463788e-08
0.0,0.0,-1.4883997252747254e-07,8.198406902758225e-08
0.0,0.0,-1.4834134615384617e-07,8.166323016157733e-08
0.0,0.0,-1.478427197802198e-07,8.13458316465635e-08
0.0,0.0,-1.4734409340659344e-07,8.103073431091569e-08
0.0,0.0,-1.4684546703296704e-07,8.071867398731968e-08
0.0,0.0,-1.4634684065934067e-07,8.040984129703904e-08
0.0,0.0,-1.458482142857143e-07,8.010332329834151e-08
0.0,0.0,-1.4534958791208793e-07,7.980030601597777e-08
0.0,0.0,-1.4485096153846157e-07,7.949979362674627e-08
0.0,0.0,-1.4435233516483517e-07,7.920214857724532e-08
0.0,0.0,-1.438537087912088e-07,7.890787828430766e-08
0.0,0.0,-1.4335508241758243e-07,7.861587722632315e-08
0.0,0.0,-1.4285645604395607e-07,7.832746994966875e-08
0.0,0.0,-1.423578296703297e-07,7.804138236572303e-08
0.0,0.0,-1.418592032967033e-07,7.775853175510398e-08
0.0,0.0,-1.4136057692307693e-07,7.747853736678312e-08
0.0,0.0,-1.4086195054945056e-07,7.720120548501353e-08
0.0,0.0,-1.403633241758242e-07,7.692726257124265e-08
0.0,0.0,-1.3986469780219783e-07,7.665558414470784e-08
0.0,0.0,-1.3936607142857143e-07,7.638750403878215e-08
0.0,0.0,-1.3886744505494506e-07,7.612154715011627e-08
0.0,0.0,-1.383688186813187e-07,7.585921569318763e-08
0.0,0.0,-1.3787019230769233e-07,7.559899185175825e-08
0.0,0.0,-1.3737156593406596e-07,7.534234515958103e-08
0.0,0.0,-1.368729395604396e-07,7.508782155684464e-08
0.0,0.0,-1.363743131868132e-07,7.483682355608611e-08
0.0,0.0,-1.3587568681318683e-07,7.458793791728948e-08
0.0,0.0,-1.3537706043956046e-07,7.434255944716184e-08
0.0,0.0,-1.348784340659341e-07,7.409923742920853e-08
0.0,0.0,-1.3437980769230772e-07,7.38594370886089e-08
0.0,0.0,-1.3388118131868132e-07,7.36216121045036e-08
0.0,0.0,-1.3338255494505496e-07,7.338731900284677e-08
0.0,0.0,-1.328839285714286e-07,7.315495429710583e-08
0.0,0.0,-1.3238530219780222e-07,7.292605282564533e-08
0.0,0.0,-1.3188667582417585e-07,7.269916558771534e-08
0.0,0.0,-1.3138804945054945e-07,7.247548227113134e-08
0.0,0.0,-1.3088942307692309e-07,7.225416989825129e-08
0.0,0.0,-1.3039079670329672e-07,7.203546197883039e-08
0.0,0.0,-1.2989217032967035e-07,7.181969350060962e-08
0.0,0.0,-1.2939354395604398e-07,7.160587594307216e-08
0.0,0.0,-1.2889491758241759e-07,7.139538180504933e-08
0.0,0.0,-1.2839629120879122e-07,7.118665918781572e-08
0.0,0.0,-1.2789766483516485e-07,7.09810746086131e-08
0.0,0.0,-1.2739903846153848e-07,7.077779042787141e-08
0.0,0.0,-1.269004120879121e-07,7.057668326369225e-08
0.0,0.0,-1.2640178571428574e-07,7.037862907388384e-08
0.0,0.0,-1.2590315934065935e-07,7.018221920660098e-08
0.0,0.0,-1.2540453296703298e-07,6.99888438081538e-08
0.0,0.0,-1.249059065934066e-07,6.979771957032703e-08
0.0,0.0,-1.2440728021978024e-07,6.960846820505737e-08
0.0,0.0,-1.2390865384615387e-07,6.942224332702033e-08
0.0,0.0,-1.2341002747252748e-07,6.92376991969006e-08
0.0,0.0,-1.229114010989011e-07,6.905560254217662e-08
0.0,0.0,-1.2241277472527474e-07,6.887611075569732e-08
0.0,0.0,-1.2191414835164837e-07,6.869808341846775e-08
0.0,0.0,-1.21415521978022e-07,6.85227634458334e-08
0.0,0.0,-1.209168956043956e-07,6.834970708036041e-08
0.0,0.0,-1.2041826923076924e-07,6.817805906700263e-08
0.0,0.0,-1.1991964285714287e-07,6.800912646060847e-08
0.0,0.0,-1.194210164835165e-07,6.78422656326896e-08
0.0,0.0,-1.1892239010989012e-07,6.767675416632282e-08
0.0,0.0,-1.1842376373626375e-07,6.751385923634171e-08
0.0,0.0,-1.1792513736263738e-07,6.735296287984667e-08
0.0,0.0,-1.17426510989011e-07,6.719331507816942e-08
0.0,0.0,-1.1692788461538463e-07,6.703610606831395e-08
0.0,0.0,-1.1642925824175825e-07,6.688091488621227e-08
0.0,0.0,-1.1593063186813188e-07,6.672690167702341e-08
0.0,0.0,-1.1543200549450551e-07,6.657499399263466e-08
0.0,0.0,-1.1493337912087913e-07,6.642519406633776e-08
0.0,0.0,-1.1443475274725276e-07,6.627668533932194e-08
0.0,0.0,-1.1393612637362638e-07,6.612965495764106e-08
0.0,0.0,-1.1343750000000001e-07,6.598486054690513e-08
0.0,0.0,-1.1293887362637364e-07,6.584156347592467e-08
0.0,0.0,-1.1244024725274726e-07,6.569925859052675e-08
0.0,0.0,-1.1194162087912089e-07,6.55590025009896e-08
0.0,0.0,-1.1144299450549452e-07,6.542047962055814e-08
0.0,0.0,-1.1094436813186814e-07,6.528302890917102e-08
0.0,0.0,-1.1044574175824177e-07,6.514678023650215e-08
0.0,0.0,-1.0994711538461539e-07,6.501249955563721e-08
0.0,0.0,-1.0944848901098902e-07,6.487959020016359e-08
0.0,0.0,-1.0894986263736266e-07,6.474746959819506e-08
0.0,0.0,-1.0845123626373627e-07,6.461680815347919e-08
0.0,0.0,-1.079526098901099e-07,6.44878243444388e-08
0.0,0.0,-1.0745398351648352e-07,6.435996567290496e-08
0.0,0.0,-1.0695535714285715e-07,6.423275125770725e-08
0.0,0.0,-1.0645673076923079e-07,6.410698961523273e-08
0.0,0.0,-1.059581043956044e-07,6.398269230284506e-08
0.0,0.0,-1.0545947802197804e-07,6.38593600447187e-08
0.0,0.0,-1.0496085164835167e-07,6.373655044068488e-08
0.0,0.0,-1.0446222527472528e-07,6.361503310533563e-08
0.0,0.0,-1.0396359890109892e-07,6.349484235461825e-08
0.0,0.0,-1.0346497252747253e-07,6.337552288162455e-08
0.0,0.0,-1.0296634615384617e-07,6.325663796625008e-08
0.0,0.0,-1.024677197802198e-07,6.313873357022035e-08
0.0,0.0,-1.0196909340659342e-07,6.302209215324731e-08
0.0,0.0,-1.0147046703296705e-07,6.290628640427333e-08
0.0,0.0,-1.0097184065934068e-07,6.27909170458506e-08
0.0,0.0,-1.004732142857143e-07,6.267609072955282e-08
0.0,0.0,-9.997458791208793e-08,6.256249986465701e-08
0.0,0.0,-9.947596153846155e-08,6.244977834520994e-08
0.0,0.0,-9.897733516483518e-08,6.233756977559309e-08
0.0,0.0,-9.847870879120881e-08,6.222562876328519e-08
0.0,0.0,-9.798008241758243e-08,6.211477252923919e-08
0.0,0.0,-9.748145604395606e-08,6.200494046201313e-08
0.0,0.0,-9.698282967032968e-08,6.189584443694404e-08
0.0,0.0,-9.648420329670331e-08,6.178723097734062e-08
0.0,0.0,-9.598557692307694e-08,6.167932002805623e-08
0.0,0.0,-9.548695054945056e-08,6.157284657792006e-08
0.0,0.0,-9.498832417582419e-08,6.146766945500717e-08
0.0,0.0,-9.448969780219782e-08,6.136371202517424e-08
0.0,0.0,-9.399107142857144e-08,6.126099011252859e-08
0.0,0.0,-9.349244505494507e-08,6.116007736745827e-08
0.0,0.0,-9.299381868131869e-08,6.106180828455118e-08
0.0,0.0,-9.249519230769232e-08,6.096652089609589e-08
0.0,0.0,-9.199656593406595e-08,6.087636685277036e-08
0.0,0.0,-9.149793956043957e-08,6.079956917882282e-08
0.0,0.0,-9.09993131868132e-08,6.074741555929826e-08
0.0,0.0,-9.050068681318682e-08,6.07277471267506e-08
0.0,0.0,-9.000206043956045e-08,6.074080169702174e-08
0.0,0.0,-8.950343406593408e-08,6.077832948656329e-08
0.0,0.0,-8.90048076923077e-08,6.082886553667654e-08
0.0,0.0,-8.850618131868133e-08,6.088408317920077e-08
0.0,0.0,-8.800755494505496e-08,6.09416343686261e-08
0.0,0.0,-8.750892857142858e-08,6.10009541223177e-08
0.0,0.0,-8.701030219780221e-08,6.10616287688616e-08
0.0,0.0,-8.651167582417583e-08,6.112334793072111e-08
0.0,0.0,-8.601304945054946e-08,6.118588131555802e-08
0.0,0.0,-8.551442307692309e-08,6.124906043000029e-08
0.0,0.0,-8.501579670329671e-08,6.131269839346573e-08
0.0,0.0,-8.451717032967034e-08,6.13763043427326e-08
0.0,0.0,-8.401854395604397e-08,6.14398090847121e-08
0.0,0.0,-8.351991758241759e-08,6.150317160709992e-08
0.0,0.0,-8.302129120879122e-08,6.156637009138189e-08
0.0,0.0,-8.252266483516484e-08,6.16293968941591e-08
0.0,0.0,-8.202403846153847e-08,6.169225469755502e-08
0.0,0.0,-8.15254120879121e-08,6.17549699876064e-08
0.0,0.0,-8.102678571428572e-08,6.181747570759052e-08
0.0,0.0,-8.052815934065935e-08,6.187938482700248e-08
0.0,0.0,-8.002953296703297e-08,6.194072597790314e-08
0.0,0.0,-7.95309065934066e-08,6.200152948510436e-08
0.0,0.0,-7.903228021978023e-08,6.206182640943785e-08
0.0,0.0,-7.853365384615385e-08,6.212164782054498e-08
0.0,0.0,-7.803502747252748e-08,6.218102424415554e-08
0.0,0.0,-7.753640109890111e-08,6.223998524239417e-08
0.0,0.0,-7.703777472527473e-08,6.229860046801111e-08
0.0,0.0,-7.653914835164836e-08,6.235648358760356e-08
0.0,0.0,-7.604052197802198e-08,6.241362705106005e-08
0.0,0.0,-7.554189560439561e-08,6.247006612058916e-08
0.0,0.0,-7.504326923076924e-08,6.252583413191226e-08
0.0,0.0,-7.454464285714286e-08,6.25809624173621e-08
0.0,0.0,-7.40460164835165e-08,6.263548025644212e-08
0.0,0.0,-7.354739010989011e-08,6.268941484828425e-08
0.0,0.0,-7.304876373626374e-08,6.274279130172108e-08
0.0,0.0,-7.255013736263738e-08,6.279568244319654e-08
0.0,0.0,-7.2051510989011e-08,6.284775160847453e-08
0.0,0.0,-7.155288461538462e-08,6.289899929432809e-08
0.0,0.0,-7.105425824175826e-08,6.294945525892355e-08
0.0,0.0,-7.055563186813187e-08,6.29991471424015e-08
0.0,0.0,-7.00570054945055e-08,6.304810051614364e-08
0.0,0.0,-6.955837912087912e-08,6.309633893726915e-08
0.0,0.0,-6.905975274725276e-08,6.31438840075501e-08
0.0,0.0,-6.856112637362639e-08,6.319075543609163e-08
0.0,0.0,-6.80625e-08,6.323697110524149e-08
0.0,0.0,-6.756387362637364e-08,6.328260876326292e-08
0.0,0.0,-6.706524725274725e-08,6.3327429010602e-08
0.0,0.0,-6.656662087912089e-08,6.337139533210233e-08
0.0,0.0,-6.606799450549452e-08,6.34145310399771e-08
0.0,0.0,-6.556936813186814e-08,6.34568577410738e-08
0.0,0.0,-6.507074175824177e-08,6.349839541567523e-08
0.0,0.0,-6.45721153846154e-08,6.353916249658135e-08
0.0,0.0,-6.407348901098902e-08,6.35791759482356e-08
0.0,0.0,-6.357486263736265e-08,6.36184513456873e-08
0.0,0.0,-6.307623626373627e-08,6.36570029531303e-08
0.0,0.0,-6.25776098901099e-08,6.369484380188206e-08
0.0,0.0,-6.207898351648353e-08,6.373198576753736e-08
0.0,0.0,-6.158035714285715e-08,6.376848916310847e-08
0.0,0.0,-6.108173076923078e-08,6.380423972679645e-08
0.0,0.0,-6.058310439560441e-08,6.383916673381029e-08
0.0,0.0,-6.008447802197803e-08,6.387328782824421e-08
0.0,0.0,-5.958585164835165e-08,6.39066195807431e-08
0.0,0.0,-5.9087225274725284e-08,6.393917756051985e-08
0.0,0.0,-5.858859890109891e-08,6.397097640535632e-08
0.0,0.0,-5.808997252747253e-08,6.400202988949798e-08
0.0,0.0,-5.759134615384616e-08,6.403235098938966e-08
0.0,0.0,-5.709271978021979e-08,6.406195194716151e-08
0.0,0.0,-5.6594093406593414e-08,6.409084433183218e-08
0.0,0.0,-5.609546703296704e-08,6.41190390981614e-08
0.0,0.0,-5.5596840659340664e-08,6.414654664311436e-08
0.0,0.0,-5.5098214285714295e-08,6.4173376859914e-08
0.0,0.0,-5.459958791208792e-08,6.419953918965317e-08
0.0,0.0,-5.4100961538461544e-08,6.422504267044257e-08
0.0,0.0,-5.360233516483517e-08,6.424989598408886e-08
0.0,0.0,-5.31037087912088e-08,6.427415833392426e-08
0.0,0.0,-5.2605082417582425e-08,6.42977150616563e-08
0.0,0.0,-5.210645604395605e-08,6.432057949782383e-08
0.0,0.0,-5.1607829670329675e-08,6.43427649025417e-08
0.0,0.0,-5.11092032967033e-08,6.436428412692841e-08
0.0,0.0,-5.061057692307693e-08,6.438514965045403e-08
0.0,0.0,-5.0111950549450556e-08,6.440537361597402e-08
0.0,0.0,-4.961332417582418e-08,6.442496786249037e-08
0.0,0.0,-4.9114697802197805e-08,6.44439439557127e-08
0.0,0.0,-4.861607142857144e-08,6.446231321645923e-08
0.0,0.0,-4.811744505494506e-08,6.448008674696935e-08
0.0,0.0,-4.7618818681318686e-08,6.449727545520026e-08
0.0,0.0,-4.712019230769231e-08,6.451389007714919e-08
0.0,0.0,-4.662156593406594e-08,6.452994119730625e-08
0.0,0.0,-4.612293956043957e-08,6.454543926727326e-08
0.0,0.0,-4.562431318681319e-08,6.456039462265088e-08
0.0,0.0,-4.5125686813186817e-08,6.457481749824665e-08
0.0,0.0,-4.462706043956045e-08,6.458871804169445e-08
0.0,0.0,-4.412843406593407e-08,6.460210632555157e-08
0.0,0.0,-4.36298076923077e-08,6.461499235795113e-08
0.0,0.0,-4.313118131868132e-08,6.462738609188634e-08
0.0,0.0,-4.263255494505495e-08,6.463929743320828e-08
0.0,0.0,-4.213392857142858e-08,6.465073624739708e-08
0.0,0.0,-4.16353021978022e-08,6.466171236519953e-08
0.0,0.0,-4.113667582417583e-08,6.467223558718844e-08
0.0,0.0,-4.063804945054945e-08,6.468231568733325e-08
0.0,0.0,-4.0139423076923084e-08,6.469196241563462e-08
0.0,0.0,-3.964079670329671e-08,6.470118549990828e-08
0.0,0.0,-3.9142170329670334e-08,6.470999464677373e-08
0.0,0.0,-3.864354395604396e-08,6.471839954191708e-08
0.0,0.0,-3.814491758241759e-08,6.472640984969211e-08
0.0,0.0,-3.7646291208791215e-08,6.473403521212009e-08
0.0,0.0,-3.714766483516484e-08,6.474128524734298e-08
0.0,0.0,-3.6649038461538464e-08,6.4748169547591e-08
0.0,0.0,-3.6150412087912096e-08,6.47547106049294e-08
0.0,0.0,-3.565178571428572e-08,6.476090472464079e-08
0.0,0.0,-3.5153159340659345e-08,6.476675642724875e-08
0.0,0.0,-3.465453296703297e-08,6.477227593732635e-08
0.0,0.0,-3.4155906593406595e-08,6.477747336864845e-08
0.0,0.0,-3.3657280219780226e-08,6.478235872441048e-08
0.0,0.0,-3.315865384615385e-08,6.478694189714608e-08
0.0,0.0,-3.2660027472527475e-08,6.479123266837663e-08
0.0,0.0,-3.21614010989011e-08,6.479524070802529e-08
0.0,0.0,-3.166277472527473e-08,6.479897557362593e-08
0.0,0.0,-3.1164148351648356e-08,6.48024467093541e-08
0.0,0.0,-3.066552197802198e-08,6.480566344490654e-08
0.0,0.0,-3.0166895604395606e-08,6.480863499425261e-08
0.0,0.0,-2.9668269230769234e-08,6.481137045427911e-08
0.0,0.0,-2.9169642857142862e-08,6.481387880335215e-08
0.0,0.0,-2.8671016483516487e-08,6.481616889980648e-08
0.0,0.0,-2.8172390109890115e-08,6.481824948039065e-08
0.0,0.0,-2.767376373626374e-08,6.48201291586705e-08
0.0,0.0,-2.7175137362637364e-08,6.482181642341503e-08
0.0,0.0,-2.6676510989010992e-08,6.482331963697069e-08
0.0,0.0,-2.6177884615384617e-08,6.482464703363648e-08
0.0,0.0,-2.5679258241758245e-08,6.482580671805135e-08
0.0,0.0,-2.518063186813187e-08,6.482680666359884e-08
0.0,0.0,-2.4682005494505498e-08,6.482765471083888e-08
0.0,0.0,-2.4183379120879123e-08,6.48283585659736e-08
0.0,0.0,-2.368475274725275e-08,6.482892579934757e-08
0.0,0.0,-2.3186126373626376e-08,6.482936384399374e-08
0.0,0.0,-2.2687500000000004e-08,6.482967999422511e-08
0.0,0.0,-2.218887362637363e-08,6.482988140427232e-08
0.0,0.0,-2.1690247252747257e-08,6.482997508697724e-08
0.0,0.0,-2.119162087912088e-08,6.482996791253427e-08
0.0,0.0,-2.069299450549451e-08,6.4829866607289e-08
0.0,0.0,-2.0194368131868134e-08,6.482967775259194e-08
0.0,0.0,-1.969574175824176e-08,6.482940778370076e-08
0.0,0.0,-1.9197115384615387e-08,6.482906298874702e-08
0.0,0.0,-1.8698489010989012e-08,6.482864950774807e-08
0.0,0.0,-1.819986263736264e-08,6.482817333167524e-08
0.0,0.0,-1.7701236263736265e-08,6.482764030157558e-08
0.0,0.0,-1.7202609890109893e-08,6.482705610774155e-08
0.0,0.0,-1.6703983516483518e-08,6.482642628893245e-08
0.0,0.0,-1.6205357142857146e-08,6.482575623163928e-08
0.0,0.0,-1.570673076923077e-08,6.482505116940403e-08
0.0,0.0,-1.52081043956044e-08,6.482431618217112e-08
0.0,0.0,-1.4709478021978023e-08,6.482355619569352e-08
0.0,0.0,-1.421085164835165e-08,6.482277598096733e-08
0.0,0.0,-1.3712225274725276e-08,6.482198015371548e-08
0.0,0.0,-1.3213598901098902e-08,6.482117317390128e-08
0.0,0.0,-1.2714972527472529e-08,6.48203593452784e-08
0.0,0.0,-1.2216346153846155e-08,6.481954281497426e-08
0.0,0.0,-1.1717719780219782e-08,6.481872757310405e-08
0.0,0.0,-1.1219093406593408e-08,6.481791745241193e-08
0.0,0.0,-1.0720467032967035e-08,6.481711612794535e-08
0.0,0.0,-1.0221840659340661e-08,6.481632711674479e-08
0.0,0.0,-9.723214285714287e-09,6.481555377757148e-08
0.0,0.0,-9.224587912087914e-09,6.481479931064241e-08
0.0,0.0,-8.72596153846154e-09,6.481406675740135e-08
0.0,0.0,-8.227335164835167e-09,6.48133590002983e-08
0.0,0.0,-7.728708791208791e-09,6.481267876259237e-08
0.0,0.0,-7.230082417582419e-09,6.481202860817227e-08
0.0,0.0,-6.731456043956045e-09,6.481141094139118e-08
0.0,0.0,-6.2328296703296714e-09,6.481082800691839e-08
0.0,0.0,-5.734203296703297e-09,6.481028188960285e-08
0.0,0.0,-5.2355769230769234e-09,6.480977451435199e-08
0.0,0.0,-4.73695054945055e-09,6.480930764602287e-08
0.0,0.0,-4.238324175824176e-09,6.480888288932267e-08
0.0,0.0,-3.739697802197803e-09,6.480850168872283e-08
0.0,0.0,-3.241071428571429e-09,6.480816532838328e-08
0.0,0.0,-2.742445054945055e-09,6.480787493208355e-08
0.0,0.0,-2.2438186813186815e-09,6.480763146316739e-08
0.0,0.0,-1.745192307692308e-09,6.480743572449406e-08
0.0,0.0,-1.2465659340659342e-09,6.480728835839655e-08
0.0,0.0,-7.479395604395606e-10,6.4807189846654e-08
0.0,0.0,-2.4931318681318684e-10,6.480714051046477e-08
0.0,0.0,2.4931318681318684e-10,6.480714051043031e-08
0.0,0.0,7.479395604395606e-10,6.48071898465506e-08
0.0,0.0,1.2465659340659342e-09,6.480728835822391e-08
0.0,0.0,1.745192307692308e-09,6.480743572425141e-08
0.0,0.0,2.2438186813186815e-09,6.480763146285594e-08
0.0,0.0,2.742445054945055e-09,6.480787493170337e-08
0.0,0.0,3.241071428571429e-09,6.480816532793428e-08
0.0,0.0,3.739697802197803e-09,6.480850168820576e-08
0.0,0.0,4.238324175824176e-09,6.48088828887363e-08
0.0,0.0,4.73695054945055e-09,6.480930764536888e-08
0.0,0.0,5.2355769230769234e-09,6.480977451363012e-08
0.0,0.0,5.734203296703297e-09,6.481028188881251e-08
0.0,0.0,6.2328296703296714e-09,6.481082800606116e-08
0.0,0.0,6.731456043956045e-09,6.481141094046747e-08
0.0,0.0,7.230082417582419e-09,6.481202860718165e-08
0.0,0.0,7.728708791208791e-09,6.481267876153608e-08
0.0,0.0,8.227335164835167e-09,6.481335899917665e-08
0.0,0.0,8.72596153846154e-09,6.481406675621541e-08
0.0,0.0,9.224587912087914e-09,6.481479930939263e-08
0.0,0.0,9.723214285714287e-09,6.481555377625831e-08
0.0,0.0,1.0221840659340661e-08,6.481632711537052e-08
0.0,0.0,1.0720467032967035e-08,6.481711612650932e-08
0.0,0.0,1.1219093406593408e-08,6.481791745091693e-08
0.0,0.0,1.1717719780219782e-08,6.481872757154936e-08
0.0,0.0,1.2216346153846155e-08,6.481954281336304e-08
0.0,0.0,1.2714972527472529e-08,6.482035934361093e-08
0.0,0.0,1.3213598901098902e-08,6.482117317218028e-08
0.0,0.0,1.3712225274725276e-08,6.482198015194187e-08
0.0,0.0,1.421085164835165e-08,6.48227759791435e-08
0.0,0.0,1.4709478021978023e-08,6.48235561938219e-08
0.0,0.0,1.52081043956044e-08,6.482431618025408e-08
0.0,0.0,1.570673076923077e-08,6.482505116744254e-08
0.0,0.0,1.6205357142857146e-08,6.482575622963693e-08
0.0,0.0,1.6703983516483518e-08,6.482642628689116e-08
0.0,0.0,1.7202609890109893e-08,6.482705610566422e-08
0.0,0.0,1.7701236263736265e-08,6.4827640299467e-08
0.0,0.0,1.819986263736264e-08,6.482817332953742e-08
0.0,0.0,1.8698489010989012e-08,6.482864950558489e-08
0.0,0.0,1.9197115384615387e-08,6.482906298656118e-08
0.0,0.0,1.969574175824176e-08,6.482940778149626e-08
0.0,0.0,2.0194368131868134e-08,6.482967775037231e-08
0.0,0.0,2.069299450549451e-08,6.482986660505945e-08
0.0,0.0,2.119162087912088e-08,6.4829967910298e-08
0.0,0.0,2.1690247252747257e-08,6.482997508473848e-08
0.0,0.0,2.218887362637363e-08,6.482988140203624e-08
0.0,0.0,2.2687500000000004e-08,6.482967999199604e-08
0.0,0.0,2.3186126373626376e-08,6.482936384177693e-08
0.0,0.0,2.368475274725275e-08,6.482892579714751e-08
0.0,0.0,2.4183379120879123e-08,6.482835856379546e-08
0.0,0.0,2.4682005494505498e-08,6.482765470868778e-08
0.0,0.0,2.518063186813187e-08,6.482680666147951e-08
0.0,0.0,2.5679258241758245e-08,6.482580671596953e-08
0.0,0.0,2.6177884615384617e-08,6.482464703159719e-08
0.0,0.0,2.6676510989010992e-08,6.482331963497906e-08
0.0,0.0,2.7175137362637364e-08,6.482181642147711e-08
0.0,0.0,2.767376373626374e-08,6.482012915679129e-08
0.0,0.0,2.8172390109890115e-08,6.481824947857562e-08
0.0,0.0,2.8671016483516487e-08,6.481616889806142e-08
0.0,0.0,2.9169642857142862e-08,6.48138788016815e-08
0.0,0.0,2.9668269230769234e-08,6.48113704526891e-08
0.0,0.0,3.0166895604395606e-08,6.480863499274765e-08
0.0,0.0,3.066552197802198e-08,6.480566344349181e-08
0.0,0.0,3.1164148351648356e-08,6.480244670803447e-08
0.0,0.0,3.166277472527473e-08,6.479897557240607e-08
0.0,0.0,3.21614010989011e-08,6.47952407069095e-08
0.0,0.0,3.2660027472527475e-08,6.479123266736933e-08
0.0,0.0,3.315865384615385e-08,6.478694189625113e-08
0.0,0.0,3.3657280219780226e-08,6.478235872363156e-08
0.0,0.0,3.4155906593406595e-08,6.477747336798883e-08
0.0,0.0,3.465453296703297e-08,6.477227593678906e-08
0.0,0.0,3.5153159340659345e-08,6.47667564268363e-08
0.0,0.0,3.565178571428572e-08,6.476090472435541e-08
0.0,0.0,3.6150412087912096e-08,6.475471060477276e-08
0.0,0.0,3.6649038461538464e-08,6.474816954756442e-08
0.0,0.0,3.714766483516484e-08,6.474128524744706e-08
0.0,0.0,3.7646291208791215e-08,6.473403521235443e-08
0.0,0.0,3.814491758241759e-08,6.472640985005637e-08
0.0,0.0,3.864354395604396e-08,6.471839954240985e-08
0.0,0.0,3.9142170329670334e-08,6.47099946473935e-08
0.0,0.0,3.964079670329671e-08,6.470118550065251e-08
0.0,0.0,4.0139423076923084e-08,6.469196241649954e-08
0.0,0.0,4.063804945054945e-08,6.46823156883153e-08
0.0,0.0,4.113667582417583e-08,6.467223558828342e-08
0.0,0.0,4.16353021978022e-08,6.466171236640123e-08
0.0,0.0,4.213392857142858e-08,6.465073624870052e-08
0.0,0.0,4.263255494505495e-08,6.463929743460535e-08
0.0,0.0,4.313118131868132e-08,6.462738609336954e-08
0.0,0.0,4.36298076923077e-08,6.461499235951201e-08
0.0,0.0,4.412843406593407e-08,6.460210632718097e-08
0.0,0.0,4.462706043956045e-08,6.458871804338175e-08
0.0,0.0,4.5125686813186817e-08,6.457481749998083e-08
0.0,0.0,4.562431318681319e-08,6.456039462441975e-08
0.0,0.0,4.612293956043957e-08,6.454543926906398e-08
0.0,0.0,4.662156593406594e-08,6.452994119910549e-08
0.0,0.0,4.712019230769231e-08,6.451389007894235e-08
0.0,0.0,4.7618818681318686e-08,6.449727545697121e-08
0.0,0.0,4.811744505494506e-08,6.448008674870304e-08
0.0,0.0,4.861607142857144e-08,6.446231321813757e-08
0.0,0.0,4.9114697802197805e-08,6.444394395731817e-08
0.0,0.0,4.961332417582418e-08,6.442496786400465e-08
0.0,0.0,5.0111950549450556e-08,6.440537361737584e-08
0.0,0.0,5.061057692307693e-08,6.438514965172442e-08
0.0,0.0,5.11092032967033e-08,6.436428412804664e-08
0.0,0.0,5.1607829670329675e-08,6.434276490348409e-08
0.0,0.0,5.210645604395605e-08,6.432057949856924e-08
0.0,0.0,5.2605082417582425e-08,6.429771506218053e-08
0.0,0.0,5.31037087912088e-08,6.427415833420524e-08
0.0,0.0,5.360233516483517e-08,6.424989598409954e-08
0.0,0.0,5.4100961538461544e-08,6.422504267016303e-08
0.0,0.0,5.459958791208792e-08,6.419953918906141e-08
0.0,0.0,5.5098214285714295e-08,6.417337685898484e-08
0.0,0.0,5.5596840659340664e-08,6.414654664182273e-08
0.0,0.0,5.609546703296704e-08,6.411903909648592e-08
0.0,0.0,5.6594093406593414e-08,6.409084432974926e-08
0.0,0.0,5.709271978021979e-08,6.406195194464523e-08
0.0,0.0,5.759134615384616e-08,6.403235098641702e-08
0.0,0.0,5.808997252747253e-08,6.400202988604495e-08
0.0,0.0,5.858859890109891e-08,6.397097640140016e-08
0.0,0.0,5.9087225274725284e-08,6.393917755603543e-08
0.0,0.0,5.958585164835165e-08,6.390661957570708e-08
0.0,0.0,6.008447802197803e-08,6.3873287822635e-08
0.0,0.0,6.058310439560441e-08,6.383916672760503e-08
0.0,0.0,6.108173076923078e-08,6.38042397199697e-08
0.0,0.0,6.158035714285715e-08,6.376848915564293e-08
0.0,0.0,6.207898351648353e-08,6.373198575946147e-08
0.0,0.0,6.25776098901099e-08,6.369484379317443e-08
0.0,0.0,6.307623626373627e-08,6.365700294377732e-08
0.0,0.0,6.357486263736265e-08,6.361845133567936e-08
0.0,0.0,6.407348901098902e-08,6.357917593756378e-08
0.0,0.0,6.45721153846154e-08,6.353916248523445e-08
0.0,0.0,6.507074175824177e-08,6.349839540364774e-08
0.0,0.0,6.556936813186814e-08,6.34568577283572e-08
0.0,0.0,6.606799450549452e-08,6.341453102656661e-08
0.0,0.0,6.656662087912089e-08,6.337139531799948e-08
0.0,0.0,6.706524725274725e-08,6.332742899579966e-08
0.0,0.0,6.756387362637364e-08,6.328260874776444e-08
0.0,0.0,6.80625e-08,6.323697108913328e-08
0.0,0.0,6.856112637362639e-08,6.319075541939432e-08
0.0,0.0,6.905975274725276e-08,6.31438839902785e-08
0.0,0.0,6.955837912087912e-08,6.309633891943421e-08
0.0,0.0,7.00570054945055e-08,6.304810049776008e-08
0.0,0.0,7.055563186813187e-08,6.299914712348868e-08
0.0,0.0,7.105425824175826e-08,6.2949455239498e-08
0.0,0.0,7.155288461538462e-08,6.289899927440966e-08
0.0,0.0,7.2051510989011e-08,6.284775158808143e-08
0.0,0.0,7.255013736263738e-08,6.279568242234688e-08
0.0,0.0,7.304876373626374e-08,6.274279128053796e-08
0.0,0.0,7.354739010989011e-08,6.268941482683355e-08
0.0,0.0,7.40460164835165e-08,6.263548023474957e-08
0.0,0.0,7.454464285714286e-08,6.258096239545228e-08
0.0,0.0,7.504326923076924e-08,6.252583410980586e-08
0.0,0.0,7.554189560439561e-08,6.247006609830485e-08
0.0,0.0,7.604052197802198e-08,6.2413627028619e-08
0.0,0.0,7.653914835164836e-08,6.235648356501857e-08
0.0,0.0,7.703777472527473e-08,6.229860044529062e-08
0.0,0.0,7.753640109890111e-08,6.223998521966171e-08
0.0,0.0,7.803502747252748e-08,6.218102422147413e-08
0.0,0.0,7.853365384615385e-08,6.212164779791865e-08
0.0,0.0,7.903228021978023e-08,6.206182638686578e-08
0.0,0.0,7.95309065934066e-08,6.200152946258477e-08
0.0,0.0,8.002953296703297e-08,6.194072595542698e-08
0.0,0.0,8.052815934065935e-08,6.187938480456118e-08
0.0,0.0,8.102678571428572e-08,6.181747568517634e-08
0.0,0.0,8.15254120879121e-08,6.175496996520953e-08
0.0,0.0,8.202403846153847e-08,6.169225467542507e-08
0.0,0.0,8.252266483516484e-08,6.162939687222945e-08
0.0,0.0,8.302129120879122e-08,6.15663700696587e-08
0.0,0.0,8.351991758241759e-08,6.15031715855964e-08
0.0,0.0,8.401854395604397e-08,6.14398090634637e-08
0.0,0.0,8.451717032967034e-08,6.137630432177723e-08
0.0,0.0,8.501579670329671e-08,6.131269837285602e-08
0.0,0.0,8.551442307692309e-08,6.124906040986013e-08
0.0,0.0,8.601304945054946e-08,6.118588129607988e-08
0.0,0.0,8.651167582417583e-08,6.112334791199292e-08
0.0,0.0,8.701030219780221e-08,6.106162875098809e-08
0.0,0.0,8.750892857142858e-08,6.100095410541495e-08
0.0,0.0,8.800755494505496e-08,6.094163435281957e-08
0.0,0.0,8.850618131868133e-08,6.088408316462392e-08
0.0,0.0,8.90048076923077e-08,6.082886552346135e-08
0.0,0.0,8.950343406593408e-08,6.07783294748374e-08
0.0,0.0,9.000206043956045e-08,6.07408016868597e-08
0.0,0.0,9.050068681318682e-08,6.07277471183225e-08
0.0,0.0,9.09993131868132e-08,6.0747415552681e-08
0.0,0.0,9.149793956043957e-08,6.079956917416948e-08
0.0,0.0,9.199656593406595e-08,6.087636685013548e-08
0.0,0.0,9.249519230769232e-08,6.096652089557108e-08
0.0,0.0,9.299381868131869e-08,6.106180828622007e-08
0.0,0.0,9.349244505494507e-08,6.116007737138923e-08
0.0,0.0,9.399107142857144e-08,6.126099011877849e-08
0.0,0.0,9.448969780219782e-08,6.13637120337353e-08
0.0,0.0,9.498832417582419e-08,6.146766946586625e-08
0.0,0.0,9.548695054945056e-08,6.157284659106301e-08
0.0,0.0,9.598557692307694e-08,6.167932004346711e-08
0.0,0.0,9.648420329670331e-08,6.17872309949813e-08
0.0,0.0,9.698282967032968e-08,6.189584445662215e-08
0.0,0.0,9.748145604395606e-08,6.200494048366681e-08
0.0,0.0,9.798008241758243e-08,6.211477255281577e-08
0.0,0.0,9.847870879120881e-08,6.222562878873891e-08
0.0,0.0,9.897733516483518e-08,6.23375698027216e-08
0.0,0.0,9.947596153846155e-08,6.244977837382119e-08
0.0,0.0,9.997458791208793e-08,6.256249989468965e-08
0.0,0.0,1.004732142857143e-07,6.267609076095372e-08
0.0,0.0,1.0097184065934068e-07,6.27909170785138e-08
0.0,0.0,1.0147046703296705e-07,6.29062864378276e-08
0.0,0.0,1.0196909340659342e-07,6.302209218762678e-08
0.0,0.0,1.024677197802198e-07,6.313873360537088e-08
0.0,0.0,1.0296634615384617e-07,6.325663800216797e-08
0.0,0.0,1.0346497252747253e-07,6.337552291777822e-08
0.0,0.0,1.0396359890109892e-07,6.349484239094605e-08
0.0,0.0,1.0446222527472528e-07,6.361503314178177e-08
0.0,0.0,1.0496085164835167e-07,6.3736550477199e-08
0.0,0.0,1.0545947802197804e-07,6.385936008091553e-08
0.0,0.0,1.059581043956044e-07,6.398269233855894e-08
0.0,0.0,1.0645673076923079e-07,6.410698965041914e-08
0.0,0.0,1.0695535714285715e-07,6.4232751292325e-08
0.0,0.0,1.0745398351648352e-07,6.435996570659301e-08
0.0,0.0,1.079526098901099e-07,6.44878243770536e-08
0.0,0.0,1.0845123626373627e-07,6.461680818499624e-08
0.0,0.0,1.0894986263736266e-07,6.474746962859081e-08
0.0,0.0,1.0944848901098902e-07,6.487959022907711e-08
0.0,0.0,1.0994711538461539e-07,6.50124995830158e-08
0.0,0.0,1.1044574175824177e-07,6.514678026234445e-08
0.0,0.0,1.1094436813186814e-07,6.528302893342386e-08
0.0,0.0,1.1144299450549452e-07,6.542047964295463e-08
0.0,0.0,1.1194162087912089e-07,6.555900252155014e-08
0.0,0.0,1.1244024725274726e-07,6.569925860926631e-08
0.0,0.0,1.1293887362637364e-07,6.584156349272266e-08
0.0,0.0,1.1343750000000001e-07,6.598486056169338e-08
0.0,0.0,1.1393612637362638e-07,6.612965497045007e-08
0.0,0.0,1.1443475274725276e-07,6.627668535015496e-08
0.0,0.0,1.1493337912087913e-07,6.642519407510724e-08
0.0,0.0,1.1543200549450551e-07,6.657499399937966e-08
0.0,0.0,1.1593063186813188e-07,6.672690168176982e-08
0.0,0.0,1.1642925824175825e-07,6.688091488895907e-08
0.0,0.0,1.1692788461538463e-07,6.703610606909211e-08
0.0,0.0,1.17426510989011e-07,6.719331507700193e-08
0.0,0.0,1.1792513736263738e-07,6.735296287679091e-08
0.0,0.0,1.1842376373626375e-07,6.751385923145526e-08
0.0,0.0,1.1892239010989012e-07,6.7676754159615e-08
0.0,0.0,1.194210164835165e-07,6.784226562424854e-08
0.0,0.0,1.1991964285714287e-07,6.800912645052996e-08
0.0,0.0,1.2041826923076924e-07,6.817805905527452e-08
0.0,0.0,1.209168956043956e-07,6.834970706711322e-08
0.0,0.0,1.21415521978022e-07,6.852276343117196e-08
0.0,0.0,1.2191414835164837e-07,6.869808340235626e-08
0.0,0.0,1.2241277472527474e-07,6.887611073833416e-08
0.0,0.0,1.229114010989011e-07,6.905560252363011e-08
0.0,0.0,1.2341002747252748e-07,6.923769917710707e-08
0.0,0.0,1.2390865384615387e-07,6.942224330629873e-08
0.0,0.0,1.2440728021978024e-07,6.960846818337062e-08
0.0,0.0,1.249059065934066e-07,6.979771954769242e-08
0.0,0.0,1.2540453296703298e-07,6.998884378485156e-08
0.0,0.0,1.2590315934065935e-07,7.018221918251764e-08
0.0,0.0,1.2640178571428574e-07,7.037862904924214e-08
0.0,0.0,1.269004120879121e-07,7.057668323856161e-08
0.0,0.0,1.2739903846153848e-07,7.077779040217165e-08
0.0,0.0,1.2789766483516485e-07,7.098107458270939e-08
0.0,0.0,1.2839629120879122e-07,7.118665916154011e-08
0.0,0.0,1.2889491758241759e-07,7.139538177864922e-08
0.0,0.0,1.2939354395604398e-07,7.160587591655947e-08
0.0,0.0,1.2989217032967035e-07,7.181969347399122e-08
0.0,0.0,1.3039079670329672e-07,7.203546195234033e-08
0.0,0.0,1.3088942307692309e-07,7.225416987168363e-08
0.0,0.0,1.3138804945054945e-07,7.24754822449108e-08
0.0,0.0,1.3188667582417585e-07,7.269916556161954e-08
0.0,0.0,1.3238530219780222e-07,7.292605279993265e-08
0.0,0.0,1.328839285714286e-07,7.315495427169666e-08
0.0,0.0,1.3338255494505496e-07,7.338731897786762e-08
0.0,0.0,1.3388118131868132e-07,7.362161207997585e-08
0.0,0.0,1.3437980769230772e-07,7.385943706456642e-08
0.0,0.0,1.348784340659341e-07,7.409923740573824e-08
0.0,0.0,1.3537706043956046e-07,7.434255942423814e-08
0.0,0.0,1.3587568681318683e-07,7.458793789503067e-08
0.0,0.0,1.363743131868132e-07,7.483682353443944e-08
0.0,0.0,1.368729395604396e-07,7.508782153592732e-08
0.0,0.0,1.3737156593406596e-07,7.534234513933304e-08
0.0,0.0,1.3787019230769233e-07,7.559899183228316e-08
0.0,0.0,1.383688186813187e-07,7.585921567444144e-08
0.0,0.0,1.3886744505494506e-07,7.612154713215719e-08
0.0,0.0,1.3936607142857143e-07,7.638750402160991e-08
0.0,0.0,1.3986469780219783e-07,7.665558412831146e-08
0.0,0.0,1.403633241758242e-07,7.692726255567815e-08
0.0,0.0,1.4086195054945056e-07,7.720120547020202e-08
0.0,0.0,1.4136057692307693e-07,7.747853735283944e-08
0.0,0.0,1.418592032967033e-07,7.775853174188123e-08
0.0,0.0,1.423578296703297e-07,7.804138235338344e-08
0.0,0.0,1.4285645604395607e-07,7.832746993808895e-08
0.0,0.0,1.4335508241758243e-07,7.861587721555244e-08
0.0,0.0,1.438537087912088e-07,7.890787827431576e-08
0.0,0.0,1.4435233516483517e-07,7.920214856798782e-08
0.0,0.0,1.4485096153846157e-07,7.949979361827512e-08
0.0,0.0,1.4534958791208793e-07,7.9800306008201e-08
0.0,0.0,1.458482142857143e-07,8.010332329130276e-08
0.0,0.0,1.4634684065934067e-07,8.040984129069587e-08
0.0,0.0,1.4684546703296704e-07,8.071867398162225e-08
0.0,0.0,1.4734409340659344e-07,8.103073430589271e-08
0.0,0.0,1.478427197802198e-07,8.134583164215498e-08
0.0,0.0,1.4834134615384617e-07,8.166323015776639e-08
0.0,0.0,1.4883997252747254e-07,8.198406902435608e-08
0.0,0.0,1.493385989010989e-07,8.230763448194525e-08
0.0,0.0,1.498372252747253e-07,8.263364867774753e-08
0.0,0.0,1.5033585164835167e-07,8.296305235714272e-08
0.0,0.0,1.5083447802197804e-07,8.329505045117082e-08
0.0,0.0,1.513331043956044e-07,8.362955087674982e-08
0.0,0.0,1.5183173076923078e-07,8.396735284648441e-08
0.0,0.0,1.5233035714285715e-07,8.430774244841472e-08
0.0,0.0,1.5282898351648354e-07,8.46505296874596e-08
0.0,0.0,1.533276098901099e-07,8.499654268022623e-08
0.0,0.0,1.5382623626373628e-07,8.534521888093214e-08
0.0,0.0,1.5432486263736265e-07,8.569613395973635e-08
0.0,0.0,1.5482348901098902e-07,8.605010342416111e-08
0.0,0.0,1.553221153846154e-07,8.640686009049811e-08
0.0,0.0,1.5582074175824178e-07,8.67658943521246e-08
0.0,0.0,1.5631936813186815e-07,8.712746831511817e-08
0.0,0.0,1.5681799450549452e-07,8.749197826542165e-08
0.0,0.0,1.573166208791209e-07,8.785897278983474e-08
0.0,0.0,1.5781524725274728e-07,8.82280915078328e-08
0.0,0.0,1.5831387362637365e-07,8.859990082833219e-08
0.0,0.0,1.5881250000000002e-07,8.897439260029927e-08
0.0,0.0,1.593111263736264e-07,8.935120970151443e-08
0.0,0.0,1.5980975274725276e-07,8.973006775508938e-08
0.0,0.0,1.6030837912087915e-07,9.011146227626015e-08
0.0,0.0,1.6080700549450552e-07,9.049539167102374e-08
0.0,0.0,1.613056318681319e-07,9.088156493337235e-08
0.0,0.0,1.6180425824175826e-07,9.126972312690429e-08
0.0,0.0,1.6230288461538463e-07,9.166002309728498e-08
0.0,0.0,1.62801510989011e-07,9.205276473738774e-08
0.0,0.0,1.633001373626374e-07,9.244770282812546e-08
0.0,0.0,1.6379876373626376e-07,9.284461846703147e-08
0.0,0.0,1.6429739010989013e-07,9.32433224384965e-08
0.0,0.0,1.647960164835165e-07,9.364412800442576e-08
0.0,0.0,1.6529464285714287e-07,9.404708988839727e-08
0.0,0.0,1.6579326923076926e-07,9.445201689309972e-08
0.0,0.0,1.6629189560439563e-07,9.485873585757804e-08
0.0,0.0,1.66790521978022e-07,9.526708968981222e-08
0.0,0.0,1.6728914835164837e-07,9.567718910446345e-08
0.0,0.0,1.6778777472527473e-07,9.608922809057822e-08
0.0,0.0,1.6828640109890113e-07,9.650304695986066e-08
0.0,0.0,1.687850274725275e-07,9.691850136797804e-08
0.0,0.0,1.6928365384615387e-07,9.733545854364098e-08
0.0,0.0,1.6978228021978024e-07,9.775379598413892e-08
0.0,0.0,1.702809065934066e-07,9.817366785349247e-08
0.0,0.0,1.70779532967033e-07,9.859515122617741e-08
0.0,0.0,1.7127815934065937e-07,9.901811800322661e-08
0.0,0.0,1.7177678571428574e-07,9.944245084286205e-08
0.0,0.0,1.722754120879121e-07,9.986803998478472e-08
0.0,0.0,1.7277403846153847e-07,1.0029478237806813e-07
0.0,0.0,1.7327266483516487e-07,1.0072262543803508e-07
0.0,0.0,1.7377129120879124e-07,1.011517525458541e-07
0.0,0.0,1.742699175824176e-07,1.0158209968052541e-07
0.0,0.0,1.7476854395604397e-07,1.020135657318858e-07
0.0,0.0,1.7526717032967034e-07,1.0244605473642615e-07
0.0,0.0,1.757657967032967e-07,1.0287947528209185e-07
0.0,0.0,1.762644230769231e-07,1.0331373996537798e-07
0.0,0.0,1.7676304945054948e-07,1.037487656250344e-07
0.0,0.0,1.7726167582417584e-07,1.0418465540454118e-07
0.0,0.0,1.777603021978022e-07,1.0462142743801458e-07
0.0,0.0,1.7825892857142858e-07,1.0505899500224755e-07
0.0,0.0,1.7875755494505498e-07,1.0549727460096828e-07
0.0,0.0,1.7925618131868135e-07,1.0593618557515723e-07
0.0,0.0,1.7975480769230771e-07,1.0637564974310984e-07
0.0,0.0,1.8025343406593408e-07,1.0681559106684271e-07
0.0,0.0,1.8075206043956045e-07,1.0725593534170064e-07
0.0,0.0,1.8125068681318685e-07,1.0769673139851757e-07
0.0,0.0,1.8174931318681321e-07,1.0813802803248408e-07
0.0,0.0,1.8224793956043958e-07,1.0857974877041613e-07
0.0,0.0,1.8274656593406595e-07,1.0902182022580137e-07
0.0,0.0,1.8324519230769232e-07,1.0946417053322263e-07
0.0,0.0,1.8374381868131872e-07,1.0990672909505687e-07
0.0,0.0,1.8424244505494508e-07,1.1034942633920144e-07
0.0,0.0,1.8474107142857145e-07,1.1079219348581407e-07
0.0,0.0,1.8523969780219782e-07,1.1123497450962715e-07
0.0,0.0,1.857383241758242e-07,1.1167786649095092e-07
0.0,0.0,1.8623695054945056e-07,1.1212085089856711e-07
0.0,0.0,1.8673557692307695e-07,1.1256386057376746e-07
0.0,0.0,1.8723420329670332e-07,1.1300682893100605e-07
0.0,0.0,1.877328296703297e-07,1.1344968973644217e-07
0.0,0.0,1.8823145604395606e-07,1.1389237688751947e-07
0.0,0.0,1.8873008241758243e-07,1.1433482419204167e-07
0.0,0.0,1.8922870879120882e-07,1.1477696514523627e-07
0.0,0.0,1.897273351648352e-07,1.1521877150144525e-07
0.0,0.0,1.9022596153846156e-07,1.1566035307876729e-07
0.0,0.0,1.9072458791208793e-07,1.1610166684948804e-07
0.0,0.0,1.912232142857143e-07,1.1654264842931532e-07
0.0,0.0,1.917218406593407e-07,1.1698323283014855e-07
0.0,0.0,1.9222046703296706e-07,1.1742335421249843e-07
0.0,0.0,1.9271909340659343e-07,1.1786294562913633e-07
0.0,0.0,1.932177197802198e-07,1.1830193875837328e-07
0.0,0.0,1.9371634615384617e-07,1.1874026730378496e-07
0.0,0.0,1.9421497252747256e-07,1.1917803286900367e-07
0.0,0.0,1.9471359890109893e-07,1.1961526314744343e-07
0.0,0.0,1.952122252747253e-07,1.2005189178979011e-07
0.0,0.0,1.9571085164835167e-07,1.2048785058491487e-07
0.0,0.0,1.9620947802197804e-07,1.2092306913624482e-07
0.0,0.0,1.9670810439560443e-07,1.2135747451944594e-07
0.0,0.0,1.972067307692308e-07,1.2179099091926755e-07
0.0,0.0,1.9770535714285717e-07,1.2222356235943604e-07
0.0,0.0,1.9820398351648354e-07,1.2265534973538877e-07
0.0,0.0,1.987026098901099e-07,1.2308634339390986e-07
0.0,0.0,1.9920123626373628e-07,1.2351646825185888e-07
0.0,0.0,1.9969986263736267e-07,1.2394564548623778e-07
0.0,0.0,2.0019848901098904e-07,1.2437379206736486e-07
0.0,0.0,2.006971153846154e-07,1.2480082025844414e-07
0.0,0.0,2.0119574175824178e-07,1.2522665334166146e-07
0.0,0.0,2.0169436813186814e-07,1.2565148050946158e-07
0.0,0.0,2.0219299450549454e-07,1.2607531795933994e-07
0.0,0.0,2.026916208791209e-07,1.264980762860904e-07
0.0,0.0,2.0319024725274728e-07,1.269196600183561e-07
0.0,0.0,2.0368887362637365e-07,1.2733996695234615e-07
0.0,0.0,2.0418750000000001e-07,1.2775888743184438e-07
0.0,0.0,2.046861263736264e-07,1.2817648676621056e-07
0.0,0.0,2.0518475274725278e-07,1.2859296550112002e-07
0.0,0.0,2.0568337912087915e-07,1.290082210149841e-07
0.0,0.0,2.0618200549450552e-07,1.2942213725516635e-07
0.0,0.0,2.0668063186813188e-07,1.298345885336703e-07
0.0,0.0,2.0717925824175828e-07,1.302454381763267e-07
0.0,0.0,2.0767788461538465e-07,1.306548536792632e-07
0.0,0.0,2.0817651098901102e-07,1.3106299661343545e-07
0.0,0.0,2.0867513736263738e-07,1.3146973034806725e-07
0.0,0.0,2.0917376373626375e-07,1.3187490568065626e-07
0.0,0.0,2.0967239010989012e-07,1.3227835956619144e-07
0.0,0.0,2.1017101648351652e-07,1.326800796333765e-07
0.0,0.0,2.1066964285714289e-07,1.3308042306019153e-07
0.0,0.0,2.1116826923076925e-07,1.3347926121303868e-07
0.0,0.0,2.1166689560439562e-07,1.3387641065790942e-07
0.0,0.0,2.12165521978022e-07,1.3427166976341792e-07
0.0,0.0,2.126641483516484e-07,1.346650702137804e-07
0.0,0.0,2.1316277472527476e-07,1.3505699846620848e-07
0.0,0.0,2.1366140109890112e-07,1.354472679645275e-07
0.0,0.0,2.141600274725275e-07,1.35835645819912e-07
0.0,0.0,2.1465865384615386e-07,1.3622189747793912e-07
0.0,0.0,2.1515728021978026e-07,1.366064404861495e-07
0.0,0.0,2.1565590659340662e-07,1.3698933884874776e-07
0.0,0.0,2.16154532967033e-07,1.3737031802341284e-07
0.0,0.0,2.1665315934065936e-07,1.377490739225336e-07
0.0,0.0,2.1715178571428573e-07,1.381258506922507e-07
0.0,0.0,2.1765041208791213e-07,1.3850096064839387e-07
0.0,0.0,2.181490384615385e-07,1.3887407402574753e-07
0.0,0.0,2.1864766483516486e-07,1.392448248423979e-07
0.0,0.0,2.1914629120879123e-07,1.3961352777355705e-07
0.0,0.0,2.196449175824176e-07,1.3998047523321132e-07
0.0,0.0,2.20143543956044e-07,1.4034526463062276e-07
0.0,0.0,2.2064217032967036e-07,1.407075123930009e-07
0.0,0.0,2.2114079670329673e-07,1.4106785942860314e-07
0.0,0.0,2.216394230769231e-07,1.4142625293346853e-07
0.0,0.0,2.2213804945054947e-07,1.4178219472278008e-07
0.0,0.0,2.2263667582417584e-07,1.4213565302302551e-07
0.0,0.0,2.2313530219780223e-07,1.4248730212855857e-07
0.0,0.0,2.236339285714286e-07,1.4283663101846268e-07
0.0,0.0,2.2413255494505497e-07,1.4318319280860304e-07
0.0,0.0,2.2463118131868134e-07,1.435278330172017e-07
0.0,0.0,2.251298076923077e-07,1.4387024605377915e-07
0.0,0.0,2.256284340659341e-07,1.4420978682955893e-07
0.0,0.0,2.2612706043956047e-07,1.445472284499472e-07
0.0,0.0,2.2662568681318684e-07,1.4488247518587107e-07
0.0,0.0,2.271243131868132e-07,1.4521476575409428e-07
0.0,0.0,2.2762293956043958e-07,1.4554487455096525e-07
0.0,0.0,2.2812156593406597e-07,1.4587273127612578e-07
0.0,0.0,2.2862019230769234e-07,1.46197518850857e-07
0.0,0.0,2.291188186813187e-07,1.4652018378405527e-07
0.0,0.0,2.2961744505494508e-07,1.4684041379646802e-07
0.0,0.0,2.3011607142857145e-07,1.4715750763484395e-07
0.0,0.0,2.3061469780219784e-07,1.4747259271896677e-07
0.0,0.0,2.311133241758242e-07,1.4778488949037606e-07
0.0,0.0,2.3161195054945058e-07,1.480942493434677e-07
0.0,0.0,2.3211057692307695e-07,1.484015264127783e-07
0.0,0.0,2.3260920329670332e-07,1.4870553297261099e-07
0.0,0.0,2.3310782967032969e-07,1.490072616023335e-07
0.0,0.0,2.3360645604395608e-07,1.4930632037875036e-07
0.0,0.0,2.3410508241758245e-07,1.4960218990712775e-07
0.0,0.0,2.3460370879120882e-07,1.498959588086968e-07
0.0,0.0,2.3510233516483519e-07,1.501862983589693e-07
0.0,0.0,2.3560096153846156e-07,1.5047441928497917e-07
0.0,0.0,2.3609958791208795e-07,1.5075948961843433e-07
0.0,0.0,2.3659821428571432e-07,1.5104168738876773e-07
0.0,0.0,2.370968406593407e-07,1.51321396529021e-07
0.0,0.0,2.3759546703296706e-07,1.5159768833515374e-07
0.0,0.0,2.3809409340659342e-07,1.518718055899259e-07
0.0,0.0,2.385927197802198e-07,1.521423072613236e-07
0.0,0.0,2.390913461538462e-07,1.524106668725216e-07
0.0,0.0,2.3958997252747256e-07,1.5267540749659586e-07
0.0,0.0,2.400885989010989e-07,1.5293790137910977e-07
0.0,0.0,2.405872252747253e-07,1.5319684633380509e-07
0.0,0.0,2.4108585164835166e-07,1.5345341387136305e-07
0.0,0.0,2.4158447802197803e-07,1.5370648774595707e-07
0.0,0.0,2.420831043956044e-07,1.5395710225005467e-07
0.0,0.0,2.425817307692308e-07,1.5420421143682394e-07
0.0,0.0,2.430803571428572e-07,1.5444886289887942e-07
0.0,0.0,2.4357898351648356e-07,1.546899175798779e-07
0.0,0.0,2.4407760989010993e-07,1.5492859137048654e-07
0.0,0.0,2.445762362637363e-07,1.5516352658521787e-07
0.0,0.0,2.4507486263736266e-07,1.553961777709262e-07
0.0,0.0,2.4557348901098903e-07,1.5562497323489936e-07
0.0,0.0,2.460721153846154e-07,1.558514961833987e-07
0.0,0.0,2.4657074175824177e-07,1.5607419453613248e-07
0.0,0.0,2.4706936813186814e-07,1.5629438745418943e-07
0.0,0.0,2.4756799450549456e-07,1.5651111064850218e-07
0.0,0.0,2.4806662087912093e-07,1.5672470180823277e-07
0.0,0.0,2.485652472527473e-07,1.5693559823122368e-07
0.0,0.0,2.4906387362637367e-07,1.5714269914673569e-07
0.0,0.0,2.4956250000000004e-07,1.5734745551098215e-07
0.0,0.0,2.500611263736264e-07,1.5754834644543214e-07
0.0,0.0,2.5055975274725277e-07,1.5774636463605926e-07
0.0,0.0,2.5105837912087914e-07,1.5794144750948892e-07
0.0,0.0,2.515570054945055e-07,1.5813275359408374e-07
0.0,0.0,2.520556318681319e-07,1.5832163522688808e-07
0.0,0.0,2.5255425824175825e-07,1.5850676759104644e-07
0.0,0.0,2.5305288461538467e-07,1.586886230651579e-07
0.0,0.0,2.5355151098901104e-07,1.58867946371832e-07
0.0,0.0,2.540501373626374e-07,1.590433206651441e-07
0.0,0.0,2.545487637362638e-07,1.5921564196393965e-07
0.0,0.0,2.5504739010989014e-07,1.5938525614342115e-07
0.0,0.0,2.555460164835165e-07,1.5955091669001044e-07
0.0,0.0,2.560446428571429e-07,1.5971352576899897e-07
0.0,0.0,2.5654326923076925e-07,1.5987341562247614e-07
0.0,0.0,2.570418956043956e-07,1.600293626694182e-07
0.0,0.0,2.57540521978022e-07,1.60182094422787e-07
0.0,0.0,2.580391483516484e-07,1.6033219739361204e-07
0.0,0.0,2.585377747252748e-07,1.604784786818726e-07
0.0,0.0,2.5903640109890114e-07,1.6062126826841464e-07
0.0,0.0,2.595350274725275e-07,1.6076124741465472e-07
0.0,0.0,2.600336538461539e-07,1.6089802724400413e-07
0.0,0.0,2.6053228021978025e-07,1.6103097320967368e-07
0.0,0.0,2.610309065934066e-07,1.6116064514900917e-07
0.0,0.0,2.61529532967033e-07,1.612875459339892e-07
0.0,0.0,2.6202815934065936e-07,1.614109457610825e-07
0.0,0.0,2.625267857142857e-07,1.6153062318076374e-07
0.0,0.0,2.630254120879121e-07,1.6164699237074787e-07
0.0,0.0,2.635240384615385e-07,1.6176042905804252e-07
0.0,0.0,2.640226648351649e-07,1.6187063698162607e-07
0.0,0.0,2.6452129120879125e-07,1.6197705830479368e-07
0.0,0.0,2.650199175824176e-07,1.620799997104907e-07
0.0,0.0,2.65518543956044e-07,1.6217971740443816e-07
0.0,0.0,2.6601717032967036e-07,1.62276459103483e-07
0.0,0.0,2.6651579670329673e-07,1.623697778959954e-07
0.0,0.0,2.670144230769231e-07,1.624593973047218e-07
0.0,0.0,2.6751304945054946e-07,1.625455092693575e-07
0.0,0.0,2.6801167582417583e-07,1.626282685982537e-07
0.0,0.0,2.6851030219780225e-07,1.6270779623177127e-07
0.0,0.0,2.690089285714286e-07,1.627842227730354e-07
0.0,0.0,2.69507554945055e-07,1.628571407628207e-07
0.0,0.0,2.7000618131868136e-07,1.6292642916224157e-07
0.0,0.0,2.7050480769230773e-07,1.6299218645496344e-07
0.0,0.0,2.710034340659341e-07,1.6305448787262477e-07
0.0,0.0,2.7150206043956047e-07,1.6311338801012646e-07
0.0,0.0,2.7200068681318683e-07,1.6316892330864915e-07
0.0,0.0,2.724993131868132e-07,1.6322111441611123e-07
0.0,0.0,2.7299793956043957e-07,1.6327001420085012e-07
0.0,0.0,2.7349656593406594e-07,1.633154486463704e-07
0.0,0.0,2.7399519230769236e-07,1.6335730846766587e-07
0.0,0.0,2.7449381868131873e-07,1.6339562577227528e-07
0.0,0.0,2.749924450549451e-07,1.634304229375151e-07
0.0,0.0,2.7549107142857147e-07,1.6346171424202914e-07
0.0,0.0,2.7598969780219784e-07,1.6348950736153293e-07
0.0,0.0,2.764883241758242e-07,1.635138047273677e-07
0.0,0.0,2.769869505494506e-07,1.6353460474568763e-07
0.0,0.0,2.7748557692307694e-07,1.6355190287429181e-07
0.0,0.0,2.779842032967033e-07,1.6356569255365503e-07
0.0,0.0,2.784828296703297e-07,1.6357596598848077e-07
0.0,0.0,2.789814560439561e-07,1.6358271477590382e-07
0.0,0.0,2.7948008241758247e-07,1.6358593037656176e-07
0.0,0.0,2.7997870879120884e-07,1.6358560442491843e-07
0.0,0.0,2.804773351648352e-07,1.6358172887552638e-07
0.0,0.0,2.809759615384616e-07,1.6357429598217588e-07
0.0,0.0,2.8147458791208794e-07,1.6356329810738706e-07
0.0,0.0,2.819732142857143e-07,1.6354872736002335e-07
0.0,0.0,2.824718406593407e-07,1.6353057505916923e-07
0.0,0.0,2.8297046703296705e-07,1.6350883102279e-07
0.0,0.0,2.834690934065934e-07,1.6348348267982598e-07
0.0,0.0,2.8396771978021984e-07,1.6345451400451658e-07
0.0,0.0,2.844663461538462e-07,1.6342190427158588e-07
0.0,0.0,2.849649725274726e-07,1.6338562663068225e-07
0.0,0.0,2.8546359890109895e-07,1.6334564649787167e-07
0.0,0.0,2.859622252747253e-07,1.6330191976115832e-07
0.0,0.0,2.864608516483517e-07,1.6325439079587067e-07
0.0,0.0,2.8695947802197805e-07,1.6320330091719429e-07
0.0,0.0,2.874581043956044e-07,1.6314864963876448e-07
0.0,0.0,2.879567307692308e-07,1.6309039114003572e-07
0.0,0.0,2.8845535714285716e-07,1.6302847858944116e-07
0.0,0.0,2.8895398351648353e-07,1.6296284597834695e-07
0.0,0.0,2.8945260989010995e-07,1.628934050543647e-07
0.0,0.0,2.899512362637363e-07,1.6282004203820298e-07
0.0,0.0,2.904498626373627e-07,1.6274264402251977e-07
0.0,0.0,2.9094848901098905e-07,1.6266173898189214e-07
0.0,0.0,2.914471153846154e-07,1.6257726543541138e-07
0.0,0.0,2.919457417582418e-07,1.6248908261150117e-07
0.0,0.0,2.9244436813186816e-07,1.6239701024975656e-07
0.0,0.0,2.9294299450549453e-07,1.6230082412194743e-07
0.0,0.0,2.934416208791209e-07,1.6220056818856227e-07
0.0,0.0,2.9394024725274727e-07,1.6209689793414255e-07
0.0,0.0,2.944388736263737e-07,1.6198954135892085e-07
0.0,0.0,2.9493750000000006e-07,1.6187819000623857e-07
0.0,0.0,2.954361263736264e-07,1.6176247196220834e-07
0.0,0.0,2.959347527472528e-07,1.6164297245808552e-07
0.0,0.0,2.9643337912087916e-07,1.615199702682057e-07
0.0,0.0,2.9693200549450553e-07,1.6139299336212958e-07
0.0,0.0,2.974306318681319e-07,1.6126152052329233e-07
0.0,0.0,2.9792925824175827e-07,1.6112621664642735e-07
0.0,0.0,2.9842788461538464e-07,1.6098737483668032e-07
0.0,0.0,2.98926510989011e-07,1.6084433610061397e-07
0.0,0.0,2.994251373626374e-07,1.6069668643746313e-07
0.0,0.0,2.999237637362638e-07,1.6054561625462485e-07
0.0,0.0,3.0042239010989016e-07,1.6039058279742343e-07
0.0,0.0,3.0092101648351653e-07,1.6023076825153777e-07
0.0,0.0,3.014196428571429e-07,1.6006731733355018e-07
0.0,0.0,3.0191826923076927e-07,1.599000013053676e-07
0.0,0.0,3.0241689560439564e-07,1.5972781374458674e-07
0.0,0.0,3.02915521978022e-07,1.595519542953078e-07
0.0,0.0,3.034141483516484e-07,1.5937210544815276e-07
0.0,0.0,3.0391277472527474e-07,1.5918729804186199e-07
0.0,0.0,3.044114010989011e-07,1.5899898517653234e-07
0.0,0.0,3.0491002747252753e-07,1.58806233832348e-07
0.0,0.0,3.054086538461539e-07,1.586088057341146e-07
0.0,0.0,3.0590728021978027e-07,1.5840778283004486e-07
0.0,0.0,3.0640590659340664e-07,1.582016543755614e-07
0.0,0.0,3.06904532967033e-07,1.5799184362528831e-07
0.0,0.0,3.074031593406594e-07,1.5777739748364788e-07
0.0,0.0,3.0790178571428575e-07,1.5755844047495456e-07
0.0,0.0,3.084004120879121e-07,1.5733548526837015e-07
0.0,0.0,3.088990384615385e-07,1.571074472529286e-07
0.0,0.0,3.0939766483516485e-07,1.5687569364123314e-07
0.0,0.0,3.098962912087912e-07,1.5663865780150294e-07
0.0,0.0,3.1039491758241764e-07,1.5639791603644712e-07
0.0,0.0,3.10893543956044e-07,1.5615183742114137e-07
0.0,0.0,3.113921703296704e-07,1.5590198311334413e-07
0.0,0.0,3.1189079670329675e-07,1.5564675553883572e-07
0.0,0.0,3.123894230769231e-07,1.5538768747206485e-07
0.0,0.0,3.128880494505495e-07,1.5512319961771684e-07
0.0,0.0,3.1338667582417585e-07,1.548547898932981e-07
0.0,0.0,3.138853021978022e-07,1.5458097052697024e-07
0.0,0.0,3.143839285714286e-07,1.5430300743474247e-07
0.0,0.0,3.1488255494505496e-07,1.5401985979550004e-07
0.0,0.0,3.153811813186814e-07,1.5373201153305435e-07
0.0,0.0,3.1587980769230775e-07,1.534396093440585e-07
0.0,0.0,3.163784340659341e-07,1.5314184045693207e-07
0.0,0.0,3.168770604395605e-07,1.5283985435701926e-07
0.0,0.0,3.1737568681318686e-07,1.5253235960817626e-07
0.0,0.0,3.178743131868132e-07,1.5222009907431392e-07
0.0,0.0,3.183729395604396e-07,1.5190316340874611e-07
0.0,0.0,3.1887156593406596e-07,1.5158067296894369e-07
0.0,0.0,3.1937019230769233e-07,1.5125356498602263e-07
0.0,0.0,3.198688186813187e-07,1.5092135637687257e-07
0.0,0.0,3.2036744505494507e-07,1.505836565965234e-07
0.0,0.0,3.208660714285715e-07,1.5024118475171422e-07
0.0,0.0,3.2136469780219786e-07,1.4989359707763997e-07
0.0,0.0,3.218633241758242e-07,1.4954039694426868e-07
0.0,0.0,3.223619505494506e-07,1.4918210659931565e-07
0.0,0.0,3.2286057692307696e-07,1.4881889428738543e-07
0.0,0.0,3.2335920329670333e-07,1.4844998846494882e-07
0.0,0.0,3.238578296703297e-07,1.4807561464685747e-07
0.0,0.0,3.2435645604395607e-07,1.4769605772788143e-07
0.0,0.0,3.2485508241758244e-07,1.473113184126003e-07
0.0,0.0,3.253537087912088e-07,1.469208193687847e-07
0.0,0.0,3.2585233516483523e-07,1.4652470106721603e-07
0.0,0.0,3.263509615384616e-07,1.4612311141609906e-07
0.0,0.0,3.2684958791208797e-07,1.4571613834921432e-07
0.0,0.0,3.2734821428571433e-07,1.4530365281186557e-07
0.0,0.0,3.278468406593407e-07,1.4488531730659623e-07
0.0,0.0,3.2834546703296707e-07,1.444612049807171e-07
0.0,0.0,3.2884409340659344e-07,1.4403135846660102e-07
0.0,0.0,3.293427197802198e-07,1.4359578945280093e-07
0.0,0.0,3.298413461538462e-07,1.4315448501521432e-07
0.0,0.0,3.3033997252747255e-07,1.4270741329419357e-07
0.0,0.0,3.308385989010989e-07,1.422545207583766e-07
0.0,0.0,3.3133722527472534e-07,1.4179563086101888e-07
0.0,0.0,3.318358516483517e-07,1.4133073941029317e-07
0.0,0.0,3.3233447802197807e-07,1.4085982930969766e-07
0.0,0.0,3.3283310439560444e-07,1.4038287515428034e-07
0.0,0.0,3.333317307692308e-07,1.398998457295873e-07
0.0,0.0,3.338303571428572e-07,1.394107059792284e-07
0.0,0.0,3.3432898351648355e-07,1.389154184596181e-07
0.0,0.0,3.348276098901099e-07,1.3841394429999283e-07
0.0,0.0,3.353262362637363e-07,1.379062436857663e-07
0.0,0.0,3.3582486263736265e-07,1.3739227588345683e-07
0.0,0.0,3.363234890109891e-07,1.36871998825656e-07
0.0,0.0,3.3682211538461544e-07,1.3634536827463855e-07
0.0,0.0,3.373207417582418e-07,1.3581233658315863e-07
0.0,0.0,3.378193681318682e-07,1.3527285107057308e-07
0.0,0.0,3.3831799450549455e-07,1.347268130982637e-07
0.0,0.0,3.388166208791209e-07,1.3417425084095517e-07
0.0,0.0,3.393152472527473e-07,1.3361520173546795e-07
0.0,0.0,3.3981387362637366e-07,1.3304962551001795e-07
0.0,0.0,3.403125e-07,1.324774682359398e-07
0.0,0.0,3.408111263736264e-07,1.3189865856083302e-07
0.0,0.0,3.413097527472528e-07,1.313131036788728e-07
0.0,0.0,3.418083791208792e-07,1.307206313133968e-07
0.0,0.0,3.4230700549450555e-07,1.3012133928709755e-07
0.0,0.0,3.428056318681319e-07,1.2951539401604257e-07
0.0,0.0,3.433042582417583e-07,1.2890265907437776e-07
0.0,0.0,3.4380288461538466e-07,1.2828295626252318e-07
0.0,0.0,3.44301510989011e-07,1.2765601708309501e-07
0.0,0.0,3.448001373626374e-07,1.27022304378899e-07
0.0,0.0,3.4529876373626376e-07,1.26381698221168e-07
0.0,0.0,3.4579739010989013e-07,1.2573386183071934e-07
0.0,0.0,3.462960164835165e-07,1.2507873577520913e-07
0.0,0.0,3.467946428571429e-07,1.2441676499742705e-07
0.0,0.0,3.472932692307693e-07,1.2374753341761287e-07
0.0,0.0,3.4779189560439566e-07,1.2307075841099015e-07
0.0,0.0,3.4829052197802203e-07,1.2238707393879597e-07
0.0,0.0,3.487891483516484e-07,1.216958186353787e-07
0.0,0.0,3.4928777472527477e-07,1.2099721634739772e-07
0.0,0.0,3.4978640109890113e-07,1.202914122791986e-07
0.0,0.0,3.502850274725275e-07,1.1957773117531408e-07
0.0,0.0,3.5078365384615387e-07,1.1885693994936392e-07
0.0,0.0,3.5128228021978024e-07,1.1812822521281148e-07
0.0,0.0,3.5178090659340666e-07,1.1739219909931488e-07
0.0,0.0,3.5227953296703303e-07,1.1664824842598403e-07
0.0,0.0,3.527781593406594e-07,1.1589680384497092e-07
0.0,0.0,3.5327678571428577e-07,1.1513735041062971e-07
0.0,0.0,3.5377541208791214e-07,1.1437032192855815e-07
0.0,0.0,3.542740384615385e-07,1.135950975723106e-07
0.0,0.0,3.5477266483516487e-07,1.1281227918425088e-07
0.0,0.0,3.5527129120879124e-07,1.1202105482933158e-07
0.0,0.0,3.557699175824176e-07,1.1122205827735526e-07
0.0,0.0,3.56268543956044e-07,1.1041473518916497e-07
0.0,0.0,3.5676717032967035e-07,1.0959911932209976e-07
0.0,0.0,3.5726579670329677e-07,1.0877551999750457e-07
0.0,0.0,3.5776442307692314e-07,1.0794318455970968e-07
0.0,0.0,3.582630494505495e-07,1.0710244952293369e-07
0.0,0.0,3.587616758241759e-07,1.0625345146564281e-07
0.0,0.0,3.5926030219780224e-07,1.0539548633323732e-07
0.0,0.0,3.597589285714286e-07,1.045287742575367e-07
0.0,0.0,3.60257554945055e-07,1.0365335226842953e-07
0.0,0.0,3.6075618131868135e-07,1.0276912424646803e-07
0.0,0.0,3.612548076923077e-07,1.0187556992596651e-07
0.0,0.0,3.617534340659341e-07,1.0097282124427263e-07
0.0,0.0,3.622520604395605e-07,1.0006080325819813e-07
0.0,0.0,3.627506868131869e-07,9.913940272200167e-08
0.0,0.0,3.6324931318681325e-07,9.820847579983829e-08
0.0,0.0,3.637479395604396e-07,9.726779274797441e-08
0.0,0.0,3.64246565934066e-07,9.631707399407157e-08
0.0,0.0,3.6474519230769235e-07,9.535627313522843e-08
0.0,0.0,3.652438186813187e-07,9.438521461441703e-08
0.0,0.0,3.657424450549451e-07,9.340370600385849e-08
0.0,0.0,3.6624107142857146e-07,9.241153991588004e-08
0.0,0.0,3.667396978021978e-07,9.140849490779538e-08
0.0,0.0,3.672383241758242e-07,9.03943353682547e-08
0.0,0.0,3.677369505494506e-07,8.936881036294279e-08
0.0,0.0,3.68235576923077e-07,8.833165140767654e-08
0.0,0.0,3.6873420329670335e-07,8.728256912640956e-08
0.0,0.0,3.692328296703297e-07,8.622115575887975e-08
0.0,0.0,3.697314560439561e-07,8.514709161871463e-08
0.0,0.0,3.7023008241758246e-07,8.40601717340722e-08
0.0,0.0,3.7072870879120883e-07,8.296002567148471e-08
0.0,0.0,3.712273351648352e-07,8.184623440143687e-08
0.0,0.0,3.7172596153846156e-07,8.071820795762601e-08
0.0,0.0,3.7222458791208793e-07,7.957535426117211e-08
0.0,0.0,3.7272321428571435e-07,7.84175862380617e-08
0.0,0.0,3.732218406593407e-07,7.724423657700116e-08
0.0,0.0,3.737204670329671e-07,7.605416784965703e-08
0.0,0.0,3.7421909340659346e-07,7.484753790809555e-08
0.0,0.0,3.7471771978021983e-07,7.362300991450122e-08
0.0,0.0,3.752163461538462e-07,7.238022921540441e-08
0.0,0.0,3.7571497252747257e-07,7.111805591369802e-08
0.0,0.0,3.7621359890109894e-07,6.98358949309528e-08
0.0,0.0,3.767122252747253e-07,6.853226185834105e-08
0.0,0.0,3.7721085164835167e-07,6.720668993276357e-08
0.0,0.0,3.7770947802197804e-07,6.585735923750207e-08
0.0,0.0,3.7820810439560446e-07,6.448309483839769e-08
0.0,0.0,3.7870673076923083e-07,6.308260116703728e-08
0.0,0.0,3.792053571428572e-07,6.165415395866798e-08
0.0,0.0,3.7970398351648357e-07,6.0195806371488e-08
0.0,0.0,3.8020260989010994e-07,5.870538891679317e-08
0.0,0.0,3.807012362637363e-07,5.718049531008032e-08
0.0,0.0,3.811998626373627e-07,5.561845097188264e-08
0.0,0.0,3.8169848901098904e-07,5.401626008499542e-08
0.0,0.0,3.821971153846154e-07,5.2370526085700154e-08
0.0,0.0,3.826957417582418e-07,5.06768332768359e-08
0.0,0.0,3.831943681318682e-07,4.893016517522763e-08
0.0,0.0,3.8369299450549457e-07,4.7125234681935924e-08
0.0,0.0,3.8419162087912094e-07,4.52552939776757e-08
0.0,0.0,3.846902472527473e-07,4.3311069877650954e-08
0.0,0.0,3.851888736263737e-07,4.1283164399499555e-08
0.0,0.0,3.8568750000000004e-07,3.915800427781385e-08
0.0,0.0,3.861861263736264e-07,3.6919383562808045e-08
0.0,0.0,3.866847527472528e-07,3.4545423585992224e-08
0.0,0.0,3.8718337912087915e-07,3.200606783373266e-08
0.0,0.0,3.876820054945055e-07,2.9259269709641123e-08
0.0,0.0,3.8818063186813194e-07,2.623810514288961e-08
0.0,0.0,3.886792582417583e-07,2.2834653107524342e-08
0.0,0.0,3.891778846153847e-07,1.8844359627309135e-08
0.0,0.0,3.8967651098901105e-07,1.3766573486202612e-08
0.0,0.0,3.901751373626374e-07,4.9537425773429265e-09
0.1,2.5000000000000004e-11,-3.901751373626374e-07,4.95374257734477e-09
0.1,2.5000000000000004e-11,-3.8967651098901105e-07,1.376657348620922e-08
0.1,2.5000000000000004e-11,-3.891778846153847e-07,1.8844359627305618e-08
0.1,2.5000000000000004e-11,-3.886792582417583e-07,2.283465310752468e-08
0.1,2.5000000000000004e-11,-3.8818063186813194e-07,2.623810514288631e-08
0.1,2.5000000000000004e-11,-3.876820054945055e-07,2.9259269709641954e-08
0.1,2.5000000000000004e-11,-3.8718337912087915e-07,3.200606783373262e-08
0.1,2.5000000000000004e-11,-3.866847527472528e-07,3.454542358599123e-08
0.1,2.5000000000000004e-11,-3.861861263736264e-07,3.691938356281044e-08
0.1,2.5000000000000004e-11,-3.8568750000000004e-07,3.915800427781486e-08
0.1,2.5000000000000004e-11,-3.851888736263737e-07,4.128316439949816e-08
0.1,2.5000000000000004e-11,-3.846902472527473e-07,4.331106987765124e-08
0.1,2.5000000000000004e-11,-3.8419162087912094e-07,4.5255293977676015e-08
0.1,2.5000000000000004e-11,-3.8369299450549457e-07,4.712523468193577e-08
0.1,2.5000000000000004e-11,-3.831943681318682e-07,4.8930165175227325e-08
0.1,2.5000000000000004e-11,-3.826957417582418e-07,5.067683327683561e-08
0.1,2.5000000000000004e-11,-3.821971153846154e-07,5.237052608570018e-08
0.1,2.5000000000000004e-11,-3.8169848901098904e-07,5.4016260084995464e-08
0.1,2.5000000000000004e-11,-3.811998626373627e-07,5.561845097188257e-08
0.1,2.5000000000000004e-11,-3.807012362637363e-07,5.718049531008027e-08
0.1,2.5000000000000004e-11,-3.8020260989010994e-07,5.870538891679302e-08
0.1,2.5000000000000004e-11,-3.7970398351648357e-07,6.019580637148778e-08
0.1,2.5000000000000004e-11,-3.792053571428572e-07,6.165415395866731e-08
0.1,2.5000000000000004e-11,-3.7870673076923083e-07,6.308260116703736e-08
0.1,2.5000000000000004e-11,-3.7820810439560446e-07,6.448309483839786e-08
0.1,2.5000000000000004e-11,-3.7770947802197804e-07,6.585735923750246e-08
0.1,2.5000000000000004e-11,-3.7721085164835167e-07,6.720668993276373e-08
0.1,2.5000000000000004e-11,-3.767122252747253e-07,6.8532261858341e-08
0.1,2.5000000000000004e-11,-3.7621359890109894e-07,6.983589493095221e-08
0.1,2.5000000000000004e-11,-3.7571497252747257e-07,7.111805591369853e-08
0.1,2.5000000000000004e-11,-3.752163461538462e-07,7.238022921540377e-08
0.1,2.5000000000000004e-11,-3.7471771978021983e-07,7.362300991450124e-08
0.1,2.5000000000000004e-11,-3.7421909340659346e-07,7.484753790809484e-08
0.1,2.5000000000000004e-11,-3.737204670329671e-07,7.605416784965734e-08
0.1,2.5000000000000004e-11,-3.732218406593407e-07,7.724423657700155e-08
0.1,2.5000000000000004e-11,-3.7272321428571435e-07,7.841758623806151e-08
0.1,2.5000000000000004e-11,-3.7222458791208793e-07,7.957535426117238e-08
0.1,2.5000000000000004e-11,-3.7172596153846156e-07,8.071820795762543e-08
0.1,2.5000000000000004e-11,-3.712273351648352e-07,8.184623440143618e-08
0.1,2.5000000000000004e-11,-3.7072870879120883e-07,8.296002567148438e-08
0.1,2.5000000000000004e-11,-3.7023008241758246e-07,8.406017173407279e-08
0.1,2.5000000000000004e-11,-3.697314560439561e-07,8.514709161871553e-08
0.1,2.5000000000000004e-11,-3.692328296703297e-07,8.622115575887881e-08
0.1,2.5000000000000004e-11,-3.6873420329670335e-07,8.728256912641182e-08
0.1,2.5000000000000004e-11,-3.68235576923077e-07,8.833165140767555e-08
0.1,2.5000000000000004e-11,-3.677369505494506e-07,8.936881036294177e-08
0.1,2.5000000000000004e-11,-3.672383241758242e-07,9.039433536825548e-08
0.1,2.5000000000000004e-11,-3.667396978021978e-07,9.140849490779541e-08
0.1,2.5000000000000004e-11,-3.6624107142857146e-07,9.24115399158811e-08
0.1,2.5000000000000004e-11,-3.657424450549451e-07,9.340370600385915e-08
0.1,2.5000000000000004e-11,-3.652438186813187e-07,9.438521461441647e-08
0.1,2.5000000000000004e-11,-3.6474519230769235e-07,9.535627313522784e-08
0.1,2.5000000000000004e-11,-3.64246565934066e-07,9.631707399407296e-08
0.1,2.5000000000000004e-11,-3.637479395604396e-07,9.72677927479754e-08
0.1,2.5000000000000004e-11,-3.6324931318681325e-07,9.820847579983805e-08
0.1,2.5000000000000004e-11,-3.627506868131869e-07,9.913940272200133e-08
0.1,2.5000000000000004e-11,-3.622520604395605e-07,1.0006080325820024e-07
0.1,2.5000000000000004e-11,-3.617534340659341e-07,1.0097282124427342e-07
0.1,2.5000000000000004e-11,-3.612548076923077e-07,1.0187556992596683e-07
0.1,2.5000000000000004e-11,-3.6075618131868135e-07,1.0276912424646897e-07
0.1,2.5000000000000004e-11,-3.60257554945055e-07,1.0365335226842914e-07
0.1,2.5000000000000004e-11,-3.597589285714286e-07,1.045287742575366e-07
0.1,2.5000000000000004e-11,-3.5926030219780224e-07,1.0539548633323907e-07
0.1,2.5000000000000004e-11,-3.587616758241759e-07,1.0625345146564306e-07
0.1,2.5000000000000004e-11,-3.582630494505495e-07,1.0710244952293301e-07
0.1,2.5000000000000004e-11,-3.5776442307692314e-07,1.0794318455970847e-07
0.1,2.5000000000000004e-11,-3.5726579670329677e-07,1.087755199975073e-07
0.1,2.5000000000000004e-11,-3.5676717032967035e-07,1.095991193221008e-07
0.1,2.5000000000000004e-11,-3.56268543956044e-07,1.1041473518916439e-07
0.1,2.5000000000000004e-11,-3.557699175824176e-07,1.1122205827735465e-07
0.1,2.5000000000000004e-11,-3.5527129120879124e-07,1.1202105482933121e-07
0.1,2.5000000000000004e-11,-3.5477266483516487e-07,1.1281227918425331e-07
0.1,2.5000000000000004e-11,-3.542740384615385e-07,1.1359509757231146e-07
0.1,2.5000000000000004e-11,-3.5377541208791214e-07,1.1437032192855928e-07
0.1,2.5000000000000004e-11,-3.5327678571428577e-07,1.1513735041062918e-07
0.1,2.5000000000000004e-11,-3.527781593406594e-07,1.1589680384496984e-07
0.1,2.5000000000000004e-11,-3.5227953296703303e-07,1.1664824842598486e-07
0.1,2.5000000000000004e-11,-3.5178090659340666e-07,1.1739219909931467e-07
0.1,2.5000000000000004e-11,-3.5128228021978024e-07,1.1812822521281171e-07
0.1,2.5000000000000004e-11,-3.5078365384615387e-07,1.1885693994936417e-07
0.1,2.5000000000000004e-11,-3.502850274725275e-07,1.19577731175313e-07
0.1,2.5000000000000004e-11,-3.4978640109890113e-07,1.2029141227919862e-07
0.1,2.5000000000000004e-11,-3.4928777472527477e-07,1.209972163473975e-07
0.1,2.5000000000000004e-11,-3.487891483516484e-07,1.2169581863537986e-07
0.1,2.5000000000000004e-11,-3.4829052197802203e-07,1.2238707393879814e-07
0.1,2.5000000000000004e-11,-3.4779189560439566e-07,1.2307075841099e-07
0.1,2.5000000000000004e-11,-3.472932692307693e-07,1.237475334176125e-07
0.1,2.5000000000000004e-11,-3.467946428571429e-07,1.2441676499742575e-07
0.1,2.5000000000000004e-11,-3.462960164835165e-07,1.2507873577520897e-07
0.1,2.5000000000000004e-11,-3.4579739010989013e-07,1.257338618307192e-07
0.1,2.5000000000000004e-11,-3.4529876373626376e-07,1.2638169822116868e-07
0.1,2.5000000000000004e-11,-3.448001373626374e-07,1.2702230437889825e-07
0.1,2.5000000000000004e-11,-3.44301510989011e-07,1.2765601708309364e-07
0.1,2.5000000000000004e-11,-3.4380288461538466e-07,1.2828295626252342e-07
0.1,2.5000000000000004e-11,-3.433042582417583e-07,1.2890265907437831e-07
0.1,2.5000000000000004e-11,-3.428056318681319e-07,1.2951539401604212e-07
0.1,2.5000000000000004e-11,-3.4230700549450555e-07,1.301213392870982e-07
0.1,2.5000000000000004e-11,-3.418083791208792e-07,1.307206313133974e-07
0.1,2.5000000000000004e-11,-3.413097527472528e-07,1.313131036788729e-07
0.1,2.5000000000000004e-11,-3.408111263736264e-07,1.3189865856083358e-07
0.1,2.5000000000000004e-11,-3.403125e-07,1.3247746823594e-07
0.1,2.5000000000000004e-11,-3.3981387362637366e-07,1.330496255100184e-07
0.1,2.5000000000000004e-11,-3.393152472527473e-07,1.3361520173546755e-07
0.1,2.5000000000000004e-11,-3.388166208791209e-07,1.3417425084095522e-07
0.1,2.5000000000000004e-11,-3.3831799450549455e-07,1.3472681309826416e-07
0.1,2.5000000000000004e-11,-3.378193681318682e-07,1.3527285107057414e-07
0.1,2.5000000000000004e-11,-3.373207417582418e-07,1.3581233658315828e-07
0.1,2.5000000000000004e-11,-3.3682211538461544e-07,1.3634536827463808e-07
0.1,2.5000000000000004e-11,-3.363234890109891e-07,1.3687199882565543e-07
0.1,2.5000000000000004e-11,-3.3582486263736265e-07,1.3739227588345725e-07
0.1,2.5000000000000004e-11,-3.353262362637363e-07,1.3790624368576687e-07
0.1,2.5000000000000004e-11,-3.348276098901099e-07,1.3841394429999243e-07
0.1,2.5000000000000004e-11,-3.3432898351648355e-07,1.3891541845961774e-07
0.1,2.5000000000000004e-11,-3.338303571428572e-07,1.394107059792276e-07
0.1,2.5000000000000004e-11,-3.333317307692308e-07,1.398998457295871e-07
0.1,2.5000000000000004e-11,-3.3283310439560444e-07,1.4038287515427992e-07
0.1,2.5000000000000004e-11,-3.3233447802197807e-07,1.4085982930969774e-07
0.1,2.5000000000000004e-11,-3.318358516483517e-07,1.413307394102935e-07
0.1,2.5000000000000004e-11,-3.3133722527472534e-07,1.417956308610186e-07
0.1,2.5000000000000004e-11,-3.308385989010989e-07,1.4225452075837645e-07
0.1,2.5000000000000004e-11,-3.3033997252747255e-07,1.4270741329419341e-07
0.1,2.5000000000000004e-11,-3.298413461538462e-07,1.4315448501521425e-07
0.1,2.5000000000000004e-11,-3.293427197802198e-07,1.4359578945280088e-07
0.1,2.5000000000000004e-11,-3.2884409340659344e-07,1.4403135846660102e-07
0.1,2.5000000000000004e-11,-3.2834546703296707e-07,1.4446120498071702e-07
0.1,2.5000000000000004e-11,-3.278468406593407e-07,1.4488531730659618e-07
0.1,2.5000000000000004e-11,-3.2734821428571433e-07,1.4530365281186549e-07
0.1,2.5000000000000004e-11,-3.2684958791208797e-07,1.457161383492142e-07
0.1,2.5000000000000004e-11,-3.263509615384616e-07,1.4612311141609892e-07
0.1,2.5000000000000004e-11,-3.2585233516483523e-07,1.4652470106721587e-07
0.1,2.5000000000000004e-11,-3.253537087912088e-07,1.4692081936878438e-07
0.1,2.5000000000000004e-11,-3.2485508241758244e-07,1.473113184126002e-07
0.1,2.5000000000000004e-11,-3.2435645604395607e-07,1.4769605772788164e-07
0.1,2.5000000000000004e-11,-3.238578296703297e-07,1.4807561464685731e-07
0.1,2.5000000000000004e-11,-3.2335920329670333e-07,1.484499884649487e-07
0.1,2.5000000000000004e-11,-3.2286057692307696e-07,1.4881889428738503e-07
0.1,2.5000000000000004e-11,-3.223619505494506e-07,1.4918210659931542e-07
0.1,2.5000000000000004e-11,-3.218633241758242e-07,1.4954039694426845e-07
0.1,2.5000000000000004e-11,-3.2136469780219786e-07,1.4989359707763994e-07
0.1,2.5000000000000004e-11,-3.208660714285715e-07,1.5024118475171377e-07
0.1,2.5000000000000004e-11,-3.2036744505494507e-07,1.5058365659652323e-07
0.1,2.5000000000000004e-11,-3.198688186813187e-07,1.509213563768721e-07
0.1,2.5000000000000004e-11,-3.1937019230769233e-07,1.512535649860229e-07
0.1,2.5000000000000004e-11,-3.1887156593406596e-07,1.5158067296894334e-07
0.1,2.5000000000000004e-11,-3.183729395604396e-07,1.519031634087461e-07
0.1,2.5000000000000004e-11,-3.178743131868132e-07,1.5222009907431302e-07
0.1,2.5000000000000004e-11,-3.1737568681318686e-07,1.5253235960817623e-07
0.1,2.5000000000000004e-11,-3.168770604395605e-07,1.5283985435701863e-07
0.1,2.5000000000000004e-11,-3.163784340659341e-07,1.5314184045693162e-07
0.1,2.5000000000000004e-11,-3.1587980769230775e-07,1.5343960934405829e-07
0.1,2.5000000000000004e-11,-3.153811813186814e-07,1.5373201153305375e-07
0.1,2.5000000000000004e-11,-3.1488255494505496e-07,1.5401985979550072e-07
0.1,2.5000000000000004e-11,-3.143839285714286e-07,1.543030074347415e-07
0.1,2.5000000000000004e-11,-3.138853021978022e-07,1.5458097052697035e-07
0.1,2.5000000000000004e-11,-3.1338667582417585e-07,1.5485478989329886e-07
0.1,2.5000000000000004e-11,-3.128880494505495e-07,1.5512319961771703e-07
0.1,2.5000000000000004e-11,-3.123894230769231e-07,1.5538768747206474e-07
0.1,2.5000000000000004e-11,-3.1189079670329675e-07,1.556467555388373e-07
0.1,2.5000000000000004e-11,-3.113921703296704e-07,1.5590198311334442e-07
0.1,2.5000000000000004e-11,-3.10893543956044e-07,1.5615183742114073e-07
0.1,2.5000000000000004e-11,-3.1039491758241764e-07,1.5639791603644672e-07
0.1,2.5000000000000004e-11,-3.098962912087912e-07,1.5663865780150247e-07
0.1,2.5000000000000004e-11,-3.0939766483516485e-07,1.5687569364123306e-07
0.1,2.5000000000000004e-11,-3.088990384615385e-07,1.5710744725292802e-07
0.1,2.5000000000000004e-11,-3.084004120879121e-07,1.573354852683691e-07
0.1,2.5000000000000004e-11,-3.0790178571428575e-07,1.5755844047495456e-07
0.1,2.5000000000000004e-11,-3.074031593406594e-07,1.577773974836472e-07
0.1,2.5000000000000004e-11,-3.06904532967033e-07,1.579918436252883e-07
0.1,2.5000000000000004e-11,-3.0640590659340664e-07,1.582016543755611e-07
0.1,2.5000000000000004e-11,-3.0590728021978027e-07,1.5840778283004427e-07
0.1,2.5000000000000004e-11,-3.054086538461539e-07,1.5860880573411464e-07
0.1,2.5000000000000004e-11,-3.0491002747252753e-07,1.5880623383234648e-07
0.1,2.5000000000000004e-11,-3.044114010989011e-07,1.589989851765317e-07
0.1,2.5000000000000004e-11,-3.0391277472527474e-07,1.5918729804186289e-07
0.1,2.5000000000000004e-11,-3.034141483516484e-07,1.5937210544815242e-07
0.1,2.5000000000000004e-11,-3.02915521978022e-07,1.5955195429530842e-07
0.1,2.5000000000000004e-11,-3.0241689560439564e-07,1.5972781374458584e-07
0.1,2.5000000000000004e-11,-3.0191826923076927e-07,1.5990000130536713e-07
0.1,2.5000000000000004e-11,-3.014196428571429e-07,1.6006731733354989e-07
0.1,2.5000000000000004e-11,-3.0092101648351653e-07,1.6023076825153782e-07
0.1,2.5000000000000004e-11,-3.0042239010989016e-07,1.603905827974206e-07
0.1,2.5000000000000004e-11,-2.999237637362638e-07,1.605456162546257e-07
0.1,2.5000000000000004e-11,-2.994251373626374e-07,1.6069668643746348e-07
0.1,2.5000000000000004e-11,-2.98926510989011e-07,1.608443361006137e-07
0.1,2.5000000000000004e-11,-2.9842788461538464e-07,1.6098737483668053e-07
0.1,2.5000000000000004e-11,-2.9792925824175827e-07,1.611262166464266e-07
0.1,2.5000000000000004e-11,-2.974306318681319e-07,1.6126152052329183e-07
0.1,2.5000000000000004e-11,-2.9693200549450553e-07,1.6139299336212868e-07
0.1,2.5000000000000004e-11,-2.9643337912087916e-07,1.615199702682042e-07
0.1,2.5000000000000004e-11,-2.959347527472528e-07,1.6164297245808454e-07
0.1,2.5000000000000004e-11,-2.954361263736264e-07,1.6176247196220738e-07
0.1,2.5000000000000004e-11,-2.9493750000000006e-07,1.6187819000623886e-07
0.1,2.5000000000000004e-11,-2.944388736263737e-07,1.6198954135891982e-07
0.1,2.5000000000000004e-11,-2.9394024725274727e-07,1.6209689793414218e-07
0.1,2.5000000000000004e-11,-2.934416208791209e-07,1.6220056818855902e-07
0.1,2.5000000000000004e-11,-2.9294299450549453e-07,1.6230082412194587e-07
0.1,2.5000000000000004e-11,-2.9244436813186816e-07,1.623970102497548e-07
0.1,2.5000000000000004e-11,-2.919457417582418e-07,1.6248908261150056e-07
0.1,2.5000000000000004e-11,-2.914471153846154e-07,1.6257726543541135e-07
0.1,2.5000000000000004e-11,-2.9094848901098905e-07,1.6266173898189166e-07
0.1,2.5000000000000004e-11,-2.904498626373627e-07,1.627426440225184e-07
0.1,2.5000000000000004e-11,-2.899512362637363e-07,1.6282004203820224e-07
0.1,2.5000000000000004e-11,-2.8945260989010995e-07,1.628934050543641e-07
0.1,2.5000000000000004e-11,-2.8895398351648353e-07,1.6296284597834666e-07
0.1,2.5000000000000004e-11,-2.8845535714285716e-07,1.630284785894397e-07
0.1,2.5000000000000004e-11,-2.879567307692308e-07,1.6309039114003342e-07
0.1,2.5000000000000004e-11,-2.874581043956044e-07,1.6314864963876663e-07
0.1,2.5000000000000004e-11,-2.8695947802197805e-07,1.6320330091719333e-07
0.1,2.5000000000000004e-11,-2.864608516483517e-07,1.63254390795871e-07
0.1,2.5000000000000004e-11,-2.859622252747253e-07,1.633019197611574e-07
0.1,2.5000000000000004e-11,-2.8546359890109895e-07,1.6334564649787183e-07
0.1,2.5000000000000004e-11,-2.849649725274726e-07,1.633856266306818e-07
0.1,2.5000000000000004e-11,-2.844663461538462e-07,1.6342190427158437e-07
0.1,2.5000000000000004e-11,-2.8396771978021984e-07,1.6345451400451655e-07
0.1,2.5000000000000004e-11,-2.834690934065934e-07,1.6348348267982627e-07
0.1,2.5000000000000004e-11,-2.8297046703296705e-07,1.6350883102278781e-07
0.1,2.5000000000000004e-11,-2.824718406593407e-07,1.6353057505916933e-07
0.1,2.5000000000000004e-11,-2.819732142857143e-07,1.6354872736002304e-07
0.1,2.5000000000000004e-11,-2.8147458791208794e-07,1.635632981073867e-07
0.1,2.5000000000000004e-11,-2.809759615384616e-07,1.6357429598217329e-07
0.1,2.5000000000000004e-11,-2.804773351648352e-07,1.6358172887552585e-07
0.1,2.5000000000000004e-11,-2.7997870879120884e-07,1.6358560442491893e-07
0.1,2.5000000000000004e-11,-2.7948008241758247e-07,1.635859303765602e-07
0.1,2.5000000000000004e-11,-2.789814560439561e-07,1.6358271477590395e-07
0.1,2.5000000000000004e-11,-2.784828296703297e-07,1.6357596598848172e-07
0.1,2.5000000000000004e-11,-2.779842032967033e-07,1.6356569255365453e-07
0.1,2.5000000000000004e-11,-2.7748557692307694e-07,1.6355190287429176e-07
0.1,2.5000000000000004e-11,-2.769869505494506e-07,1.6353460474568758e-07
0.1,2.5000000000000004e-11,-2.764883241758242e-07,1.6351380472736672e-07
0.1,2.5000000000000004e-11,-2.7598969780219784e-07,1.6348950736153198e-07
0.1,2.5000000000000004e-11,-2.7549107142857147e-07,1.6346171424202985e-07
0.1,2.5000000000000004e-11,-2.749924450549451e-07,1.6343042293751446e-07
0.1,2.5000000000000004e-11,-2.7449381868131873e-07,1.6339562577227536e-07
0.1,2.5000000000000004e-11,-2.7399519230769236e-07,1.6335730846766354e-07
0.1,2.5000000000000004e-11,-2.7349656593406594e-07,1.6331544864636937e-07
0.1,2.5000000000000004e-11,-2.7299793956043957e-07,1.6327001420084917e-07
0.1,2.5000000000000004e-11,-2.724993131868132e-07,1.6322111441611173e-07
0.1,2.5000000000000004e-11,-2.7200068681318683e-07,1.631689233086492e-07
0.1,2.5000000000000004e-11,-2.7150206043956047e-07,1.631133880101264e-07
0.1,2.5000000000000004e-11,-2.710034340659341e-07,1.6305448787262308e-07
0.1,2.5000000000000004e-11,-2.7050480769230773e-07,1.6299218645496228e-07
0.1,2.5000000000000004e-11,-2.7000618131868136e-07,1.629264291622402e-07
0.1,2.5000000000000004e-11,-2.69507554945055e-07,1.628571407628212e-07
0.1,2.5000000000000004e-11,-2.690089285714286e-07,1.6278422277303464e-07
0.1,2.5000000000000004e-11,-2.6851030219780225e-07,1.6270779623176916e-07
0.1,2.5000000000000004e-11,-2.6801167582417583e-07,1.6262826859825274e-07
0.1,2.5000000000000004e-11,-2.6751304945054946e-07,1.625455092693563e-07
0.1,2.5000000000000004e-11,-2.670144230769231e-07,1.6245939730471965e-07
0.1,2.5000000000000004e-11,-2.6651579670329673e-07,1.62369777895995e-07
0.1,2.5000000000000004e-11,-2.6601717032967036e-07,1.622764591034817e-07
0.1,2.5000000000000004e-11,-2.65518543956044e-07,1.6217971740443708e-07
0.1,2.5000000000000004e-11,-2.650199175824176e-07,1.6207999971049029e-07
0.1,2.5000000000000004e-11,-2.6452129120879125e-07,1.6197705830479127e-07
0.1,2.5000000000000004e-11,-2.640226648351649e-07,1.618706369816249e-07
0.1,2.5000000000000004e-11,-2.635240384615385e-07,1.6176042905804043e-07
0.1,2.5000000000000004e-11,-2.630254120879121e-07,1.616469923707468e-07
0.1,2.5000000000000004e-11,-2.625267857142857e-07,1.6153062318076242e-07
0.1,2.5000000000000004e-11,-2.6202815934065936e-07,1.6141094576108118e-07
0.1,2.5000000000000004e-11,-2.61529532967033e-07,1.61287545933988e-07
0.1,2.5000000000000004e-11,-2.610309065934066e-07,1.6116064514900694e-07
0.1,2.5000000000000004e-11,-2.6053228021978025e-07,1.6103097320967143e-07
0.1,2.5000000000000004e-11,-2.600336538461539e-07,1.6089802724400206e-07
0.1,2.5000000000000004e-11,-2.595350274725275e-07,1.6076124741465242e-07
0.1,2.5000000000000004e-11,-2.5903640109890114e-07,1.6062126826841192e-07
0.1,2.5000000000000004e-11,-2.585377747252748e-07,1.6047847868187092e-07
0.1,2.5000000000000004e-11,-2.580391483516484e-07,1.6033219739360987e-07
0.1,2.5000000000000004e-11,-2.57540521978022e-07,1.6018209442278535e-07
0.1,2.5000000000000004e-11,-2.570418956043956e-07,1.600293626694158e-07
0.1,2.5000000000000004e-11,-2.5654326923076925e-07,1.5987341562247405e-07
0.1,2.5000000000000004e-11,-2.560446428571429e-07,1.5971352576899675e-07
0.1,2.5000000000000004e-11,-2.555460164835165e-07,1.5955091669000769e-07
0.1,2.5000000000000004e-11,-2.5504739010989014e-07,1.593852561434185e-07
0.1,2.5000000000000004e-11,-2.545487637362638e-07,1.5921564196393743e-07
0.1,2.5000000000000004e-11,-2.540501373626374e-07,1.5904332066514144e-07
0.1,2.5000000000000004e-11,-2.5355151098901104e-07,1.5886794637182902e-07
0.1,2.5000000000000004e-11,-2.5305288461538467e-07,1.5868862306515537e-07
0.1,2.5000000000000004e-11,-2.5255425824175825e-07,1.5850676759104308e-07
0.1,2.5000000000000004e-11,-2.520556318681319e-07,1.5832163522688527e-07
0.1,2.5000000000000004e-11,-2.515570054945055e-07,1.581327535940811e-07
0.1,2.5000000000000004e-11,-2.5105837912087914e-07,1.5794144750948582e-07
0.1,2.5000000000000004e-11,-2.5055975274725277e-07,1.5774636463605598e-07
0.1,2.5000000000000004e-11,-2.500611263736264e-07,1.5754834644542883e-07
0.1,2.5000000000000004e-11,-2.4956250000000004e-07,1.5734745551097866e-07
0.1,2.5000000000000004e-11,-2.4906387362637367e-07,1.5714269914673198e-07
0.1,2.5000000000000004e-11,-2.485652472527473e-07,1.569355982312197e-07
0.1,2.5000000000000004e-11,-2.4806662087912093e-07,1.5672470180822878e-07
0.1,2.5000000000000004e-11,-2.4756799450549456e-07,1.5651111064849826e-07
0.1,2.5000000000000004e-11,-2.4706936813186814e-07,1.562943874541853e-07
0.1,2.5000000000000004e-11,-2.4657074175824177e-07,1.5607419453612843e-07
0.1,2.5000000000000004e-11,-2.460721153846154e-07,1.558514961833945e-07
0.1,2.5000000000000004e-11,-2.4557348901098903e-07,1.5562497323489505e-07
0.1,2.5000000000000004e-11,-2.4507486263736266e-07,1.5539617777092177e-07
0.1,2.5000000000000004e-11,-2.445762362637363e-07,1.551635265852133e-07
0.1,2.5000000000000004e-11,-2.4407760989010993e-07,1.5492859137048188e-07
0.1,2.5000000000000004e-11,-2.4357898351648356e-07,1.5468991757987315e-07
0.1,2.5000000000000004e-11,-2.430803571428572e-07,1.5444886289887452e-07
0.1,2.5000000000000004e-11,-2.425817307692308e-07,1.5420421143681883e-07
0.1,2.5000000000000004e-11,-2.420831043956044e-07,1.5395710225004958e-07
0.1,2.5000000000000004e-11,-2.4158447802197803e-07,1.537064877459518e-07
0.1,2.5000000000000004e-11,-2.4108585164835166e-07,1.5345341387135773e-07
0.1,2.5000000000000004e-11,-2.405872252747253e-07,1.5319684633379955e-07
0.1,2.5000000000000004e-11,-2.400885989010989e-07,1.5293790137910437e-07
0.1,2.5000000000000004e-11,-2.3958997252747256e-07,1.5267540749658998e-07
0.1,2.5000000000000004e-11,-2.390913461538462e-07,1.5241066687251591e-07
0.1,2.5000000000000004e-11,-2.385927197802198e-07,1.521423072613178e-07
0.1,2.5000000000000004e-11,-2.3809409340659342e-07,1.518718055899201e-07
0.1,2.5000000000000004e-11,-2.3759546703296706e-07,1.5159768833514768e-07
0.1,2.5000000000000004e-11,-2.370968406593407e-07,1.513213965290146e-07
0.1,2.5000000000000004e-11,-2.3659821428571432e-07,1.5104168738876095e-07
0.1,2.5000000000000004e-11,-2.3609958791208795e-07,1.5075948961842747e-07
0.1,2.5000000000000004e-11,-2.3560096153846156e-07,1.504744192849722e-07
0.1,2.5000000000000004e-11,-2.3510233516483519e-07,1.5018629835896196e-07
0.1,2.5000000000000004e-11,-2.3460370879120882e-07,1.4989595880868897e-07
0.1,2.5000000000000004e-11,-2.3410508241758245e-07,1.4960218990712074e-07
0.1,2.5000000000000004e-11,-2.3360645604395608e-07,1.4930632037874244e-07
0.1,2.5000000000000004e-11,-2.3310782967032969e-07,1.4900726160232542e-07
0.1,2.5000000000000004e-11,-2.3260920329670332e-07,1.4870553297260238e-07
0.1,2.5000000000000004e-11,-2.3211057692307695e-07,1.4840152641277004e-07
0.1,2.5000000000000004e-11,-2.3161195054945058e-07,1.4809424934345953e-07
0.1,2.5000000000000004e-11,-2.311133241758242e-07,1.4778488949036695e-07
0.1,2.5000000000000004e-11,-2.3061469780219784e-07,1.4747259271895817e-07
0.1,2.5000000000000004e-11,-2.3011607142857145e-07,1.4715750763483291e-07
0.1,2.5000000000000004e-11,-2.2961744505494508e-07,1.4684041379645793e-07
0.1,2.5000000000000004e-11,-2.291188186813187e-07,1.4652018378404453e-07
0.1,2.5000000000000004e-11,-2.2862019230769234e-07,1.4619751885084523e-07
0.1,2.5000000000000004e-11,-2.2812156593406597e-07,1.4587273127611316e-07
0.1,2.5000000000000004e-11,-2.2762293956043958e-07,1.4554487455095254e-07
0.1,2.5000000000000004e-11,-2.271243131868132e-07,1.4521476575408184e-07
0.1,2.5000000000000004e-11,-2.2662568681318684e-07,1.4488247518585741e-07
0.1,2.5000000000000004e-11,-2.2612706043956047e-07,1.4454722844993298e-07
0.1,2.5000000000000004e-11,-2.256284340659341e-07,1.4420978682954305e-07
0.1,2.5000000000000004e-11,-2.251298076923077e-07,1.4387024605376255e-07
0.1,2.5000000000000004e-11,-2.2463118131868134e-07,1.4352783301718475e-07
0.1,2.5000000000000004e-11,-2.2413255494505497e-07,1.4318319280858435e-07
0.1,2.5000000000000004e-11,-2.236339285714286e-07,1.4283663101844304e-07
0.1,2.5000000000000004e-11,-2.2313530219780223e-07,1.4248730212853752e-07
0.1,2.5000000000000004e-11,-2.2263667582417584e-07,1.4213565302300455e-07
0.1,2.5000000000000004e-11,-2.2213804945054947e-07,1.4178219472275673e-07
0.1,2.5000000000000004e-11,-2.216394230769231e-07,1.4142625293344428e-07
0.1,2.5000000000000004e-11,-2.2114079670329673e-07,1.4106785942857688e-07
0.1,2.5000000000000004e-11,-2.2064217032967036e-07,1.407075123929737e-07
0.1,2.5000000000000004e-11,-2.20143543956044e-07,1.403452646305928e-07
0.1,2.5000000000000004e-11,-2.196449175824176e-07,1.3998047523318032e-07
0.1,2.5000000000000004e-11,-2.1914629120879123e-07,1.3961352777352375e-07
0.1,2.5000000000000004e-11,-2.1864766483516486e-07,1.3924482484236301e-07
0.1,2.5000000000000004e-11,-2.181490384615385e-07,1.3887407402571063e-07
0.1,2.5000000000000004e-11,-2.1765041208791213e-07,1.385009606483551e-07
0.1,2.5000000000000004e-11,-2.1715178571428573e-07,1.3812585069220976e-07
0.1,2.5000000000000004e-11,-2.1665315934065936e-07,1.3774907392249077e-07
0.1,2.5000000000000004e-11,-2.16154532967033e-07,1.3737031802336716e-07
0.1,2.5000000000000004e-11,-2.1565590659340662e-07,1.3698933884869905e-07
0.1,2.5000000000000004e-11,-2.1515728021978026e-07,1.3660644048609797e-07
0.1,2.5000000000000004e-11,-2.1465865384615386e-07,1.3622189747788576e-07
0.1,2.5000000000000004e-11,-2.141600274725275e-07,1.3583564581985487e-07
0.1,2.5000000000000004e-11,-2.1366140109890112e-07,1.3544726796446832e-07
0.1,2.5000000000000004e-11,-2.1316277472527476e-07,1.3505699846614596e-07
0.1,2.5000000000000004e-11,-2.126641483516484e-07,1.3466507021371577e-07
0.1,2.5000000000000004e-11,-2.12165521978022e-07,1.3427166976334854e-07
0.1,2.5000000000000004e-11,-2.1166689560439562e-07,1.3387641065783787e-07
0.1,2.5000000000000004e-11,-2.1116826923076925e-07,1.3347926121296382e-07
0.1,2.5000000000000004e-11,-2.1066964285714289e-07,1.3308042306011326e-07
0.1,2.5000000000000004e-11,-2.1017101648351652e-07,1.3268007963329503e-07
0.1,2.5000000000000004e-11,-2.0967239010989012e-07,1.3227835956610798e-07
0.1,2.5000000000000004e-11,-2.0917376373626375e-07,1.3187490568056713e-07
0.1,2.5000000000000004e-11,-2.0867513736263738e-07,1.31469730347977e-07
0.1,2.5000000000000004e-11,-2.0817651098901102e-07,1.3106299661334108e-07
0.1,2.5000000000000004e-11,-2.0767788461538465e-07,1.306548536791662e-07
0.1,2.5000000000000004e-11,-2.0717925824175828e-07,1.302454381762265e-07
0.1,2.5000000000000004e-11,-2.0668063186813188e-07,1.2983458853356745e-07
0.1,2.5000000000000004e-11,-2.0618200549450552e-07,1.2942213725506063e-07
0.1,2.5000000000000004e-11,-2.0568337912087915e-07,1.29008221014877e-07
0.1,2.5000000000000004e-11,-2.0518475274725278e-07,1.2859296550100985e-07
0.1,2.5000000000000004e-11,-2.046861263736264e-07,1.2817648676609833e-07
0.1,2.5000000000000004e-11,-2.0418750000000001e-07,1.2775888743172985e-07
0.1,2.5000000000000004e-11,-2.0368887362637365e-07,1.2733996695223032e-07
0.1,2.5000000000000004e-11,-2.0319024725274728e-07,1.2691966001823938e-07
0.1,2.5000000000000004e-11,-2.026916208791209e-07,1.2649807628597257e-07
0.1,2.5000000000000004e-11,-2.0219299450549454e-07,1.260753179592212e-07
0.1,2.5000000000000004e-11,-2.0169436813186814e-07,1.2565148050934173e-07
0.1,2.5000000000000004e-11,-2.0119574175824178e-07,1.252266533415425e-07
0.1,2.5000000000000004e-11,-2.006971153846154e-07,1.2480082025832595e-07
0.1,2.5000000000000004e-11,-2.0019848901098904e-07,1.2437379206724736e-07
0.1,2.5000000000000004e-11,-1.9969986263736267e-07,1.2394564548612208e-07
0.1,2.5000000000000004e-11,-1.9920123626373628e-07,1.2351646825174514e-07
0.1,2.5000000000000004e-11,-1.987026098901099e-07,1.230863433937978e-07
0.1,2.5000000000000004e-11,-1.9820398351648354e-07,1.2265534973528006e-07
0.1,2.5000000000000004e-11,-1.9770535714285717e-07,1.2222356235933043e-07
0.1,2.5000000000000004e-11,-1.972067307692308e-07,1.2179099091916614e-07
0.1,2.5000000000000004e-11,-1.9670810439560443e-07,1.2135747451934943e-07
0.1,2.5000000000000004e-11,-1.9620947802197804e-07,1.2092306913615289e-07
0.1,2.5000000000000004e-11,-1.9571085164835167e-07,1.204878505848294e-07
0.1,2.5000000000000004e-11,-1.952122252747253e-07,1.2005189178970996e-07
0.1,2.5000000000000004e-11,-1.9471359890109893e-07,1.1961526314737058e-07
0.1,2.5000000000000004e-11,-1.9421497252747256e-07,1.1917803286893762e-07
0.1,2.5000000000000004e-11,-1.9371634615384617e-07,1.1874026730372705e-07
0.1,2.5000000000000004e-11,-1.932177197802198e-07,1.1830193875832312e-07
0.1,2.5000000000000004e-11,-1.9271909340659343e-07,1.1786294562909476e-07
0.1,2.5000000000000004e-11,-1.9222046703296706e-07,1.1742335421246606e-07
0.1,2.5000000000000004e-11,-1.917218406593407e-07,1.169832328301256e-07
0.1,2.5000000000000004e-11,-1.912232142857143e-07,1.1654264842930182e-07
0.1,2.5000000000000004e-11,-1.9072458791208793e-07,1.1610166684948403e-07
0.1,2.5000000000000004e-11,-1.9022596153846156e-07,1.1566035307877384e-07
0.1,2.5000000000000004e-11,-1.897273351648352e-07,1.1521877150146116e-07
0.1,2.5000000000000004e-11,-1.8922870879120882e-07,1.1477696514526226e-07
0.1,2.5000000000000004e-11,-1.8873008241758243e-07,1.1433482419207669e-07
0.1,2.5000000000000004e-11,-1.8823145604395606e-07,1.1389237688756343e-07
0.1,2.5000000000000004e-11,-1.877328296703297e-07,1.1344968973649507e-07
0.1,2.5000000000000004e-11,-1.8723420329670332e-07,1.1300682893106697e-07
0.1,2.5000000000000004e-11,-1.8673557692307695e-07,1.1256386057383597e-07
0.1,2.5000000000000004e-11,-1.8623695054945056e-07,1.1212085089864223e-07
0.1,2.5000000000000004e-11,-1.857383241758242e-07,1.1167786649103144e-07
0.1,2.5000000000000004e-11,-1.8523969780219782e-07,1.1123497450971239e-07
0.1,2.5000000000000004e-11,-1.8474107142857145e-07,1.1079219348590168e-07
0.1,2.5000000000000004e-11,-1.8424244505494508e-07,1.1034942633929027e-07
0.1,2.5000000000000004e-11,-1.8374381868131872e-07,1.0990672909514445e-07
0.1,2.5000000000000004e-11,-1.8324519230769232e-07,1.0946417053330775e-07
0.1,2.5000000000000004e-11,-1.8274656593406595e-07,1.0902182022588163e-07
0.1,2.5000000000000004e-11,-1.8224793956043958e-07,1.0857974877048925e-07
0.1,2.5000000000000004e-11,-1.8174931318681321e-07,1.0813802803254763e-07
0.1,2.5000000000000004e-11,-1.8125068681318685e-07,1.0769673139856899e-07
0.1,2.5000000000000004e-11,-1.8075206043956045e-07,1.0725593534173634e-07
0.1,2.5000000000000004e-11,-1.8025343406593408e-07,1.068155910668596e-07
0.1,2.5000000000000004e-11,-1.7975480769230771e-07,1.0637564974310445e-07
0.1,2.5000000000000004e-11,-1.7925618131868135e-07,1.0593618557512581e-07
0.1,2.5000000000000004e-11,-1.7875755494505498e-07,1.0549727460090783e-07
0.1,2.5000000000000004e-11,-1.7825892857142858e-07,1.0505899500215383e-07
0.1,2.5000000000000004e-11,-1.777603021978022e-07,1.0462142743788366e-07
0.1,2.5000000000000004e-11,-1.7726167582417584e-07,1.0418465540436868e-07
0.1,2.5000000000000004e-11,-1.7676304945054948e-07,1.0374876562481644e-07
0.1,2.5000000000000004e-11,-1.762644230769231e-07,1.0331373996511002e-07
0.1,2.5000000000000004e-11,-1.757657967032967e-07,1.0287947528176975e-07
0.1,2.5000000000000004e-11,-1.7526717032967034e-07,1.024460547360456e-07
0.1,2.5000000000000004e-11,-1.7476854395604397e-07,1.0201356573144212e-07
0.1,2.5000000000000004e-11,-1.742699175824176e-07,1.0158209968001458e-07
0.1,2.5000000000000004e-11,-1.7377129120879124e-07,1.0115175254527111e-07
0.1,2.5000000000000004e-11,-1.7327266483516487e-07,1.007226254373753e-07
0.1,2.5000000000000004e-11,-1.7277403846153847e-07,1.0029478237732741e-07
0.1,2.5000000000000004e-11,-1.722754120879121e-07,9.986803998396132e-08
0.1,2.5000000000000004e-11,-1.7177678571428574e-07,9.944245084195189e-08
0.1,2.5000000000000004e-11,-1.7127815934065937e-07,9.90181180022261e-08
0.1,2.5000000000000004e-11,-1.70779532967033e-07,9.859515122508218e-08
0.1,2.5000000000000004e-11,-1.702809065934066e-07,9.817366785229978e-08
0.1,2.5000000000000004e-11,-1.6978228021978024e-07,9.775379598284314e-08
0.1,2.5000000000000004e-11,-1.6928365384615387e-07,9.733545854224732e-08
0.1,2.5000000000000004e-11,-1.687850274725275e-07,9.691850136648467e-08
0.1,2.5000000000000004e-11,-1.6828640109890113e-07,9.650304695826493e-08
0.1,2.5000000000000004e-11,-1.6778777472527473e-07,9.608922808887836e-08
0.1,2.5000000000000004e-11,-1.6728914835164837e-07,9.567718910265952e-08
0.1,2.5000000000000004e-11,-1.66790521978022e-07,9.526708968790252e-08
0.1,2.5000000000000004e-11,-1.6629189560439563e-07,9.485873585557324e-08
0.1,2.5000000000000004e-11,-1.6579326923076926e-07,9.44520168910009e-08
0.1,2.5000000000000004e-11,-1.6529464285714287e-07,9.404708988620593e-08
0.1,2.5000000000000004e-11,-1.647960164835165e-07,9.364412800214396e-08
0.1,2.5000000000000004e-11,-1.6429739010989013e-07,9.32433224361256e-08
0.1,2.5000000000000004e-11,-1.6379876373626376e-07,9.284461846458698e-08
0.1,2.5000000000000004e-11,-1.633001373626374e-07,9.244770282561618e-08
0.1,2.5000000000000004e-11,-1.62801510989011e-07,9.205276473481801e-08
0.1,2.5000000000000004e-11,-1.6230288461538463e-07,9.166002309466013e-08
0.1,2.5000000000000004e-11,-1.6180425824175826e-07,9.126972312423224e-08
0.1,2.5000000000000004e-11,-1.613056318681319e-07,9.088156493067954e-08
0.1,2.5000000000000004e-11,-1.6080700549450552e-07,9.049539166831697e-08
0.1,2.5000000000000004e-11,-1.6030837912087915e-07,9.011146227354961e-08
0.1,2.5000000000000004e-11,-1.5980975274725276e-07,8.973006775238452e-08
0.1,2.5000000000000004e-11,-1.593111263736264e-07,8.935120969884307e-08
0.1,2.5000000000000004e-11,-1.5881250000000002e-07,8.897439259767633e-08
0.1,2.5000000000000004e-11,-1.5831387362637365e-07,8.859990082577212e-08
0.1,2.5000000000000004e-11,-1.5781524725274728e-07,8.822809150535187e-08
0.1,2.5000000000000004e-11,-1.573166208791209e-07,8.785897278746046e-08
0.1,2.5000000000000004e-11,-1.5681799450549452e-07,8.749197826317699e-08
0.1,2.5000000000000004e-11,-1.5631936813186815e-07,8.712746831301806e-08
0.1,2.5000000000000004e-11,-1.5582074175824178e-07,8.676589435019232e-08
0.1,2.5000000000000004e-11,-1.553221153846154e-07,8.640686008876476e-08
0.1,2.5000000000000004e-11,-1.5482348901098902e-07,8.605010342264831e-08
0.1,2.5000000000000004e-11,-1.5432486263736265e-07,8.569613395846801e-08
0.1,2.5000000000000004e-11,-1.5382623626373628e-07,8.534521887993403e-08
0.1,2.5000000000000004e-11,-1.533276098901099e-07,8.49965426795268e-08
0.1,2.5000000000000004e-11,-1.5282898351648354e-07,8.465052968708635e-08
0.1,2.5000000000000004e-11,-1.5233035714285715e-07,8.430774244839697e-08
0.1,2.5000000000000004e-11,-1.5183173076923078e-07,8.39673528468445e-08
0.1,2.5000000000000004e-11,-1.513331043956044e-07,8.362955087751937e-08
0.1,2.5000000000000004e-11,-1.5083447802197804e-07,8.329505045238382e-08
0.1,2.5000000000000004e-11,-1.5033585164835167e-07,8.296305235881147e-08
0.1,2.5000000000000004e-11,-1.498372252747253e-07,8.263364867991109e-08
0.1,2.5000000000000004e-11,-1.493385989010989e-07,8.230763448463788e-08
0.1,2.5000000000000004e-11,-1.4883997252747254e-07,8.198406902758225e-08
0.1,2.5000000000000004e-11,-1.4834134615384617e-07,8.166323016157733e-08
0.1,2.5000000000000004e-11,-1.478427197802198e-07,8.13458316465635e-08
0.1,2.5000000000000004e-11,-1.4734409340659344e-07,8.103073431091569e-08
0.1,2.5000000000000004e-11,-1.4684546703296704e-07,8.071867398731968e-08
0.1,2.5000000000000004e-11,-1.4634684065934067e-07,8.040984129703904e-08
0.1,2.5000000000000004e-11,-1.458482142857143e-07,8.010332329834151e-08
0.1,2.5000000000000004e-11,-1.4534958791208793e-07,7.980030601597777e-08
0.1,2.5000000000000004e-11,-1.4485096153846157e-07,7.949979362674627e-08
0.1,2.5000000000000004e-11,-1.4435233516483517e-07,7.920214857724532e-08
0.1,2.5000000000000004e-11,-1.438537087912088e-07,7.890787828430766e-08
0.1,2.5000000000000004e-11,-1.4335508241758243e-07,7.861587722632315e-08
0.1,2.5000000000000004e-11,-1.4285645604395607e-07,7.832746994966875e-08
0.1,2.5000000000000004e-11,-1.423578296703297e-07,7.804138236572303e-08
0.1,2.5000000000000004e-11,-1.418592032967033e-07,7.775853175510398e-08
0.1,2.5000000000000004e-11,-1.4136057692307693e-07,7.747853736678312e-08
0.1,2.5000000000000004e-11,-1.4086195054945056e-07,7.720120548501353e-08
0.1,2.5000000000000004e-11,-1.403633241758242e-07,7.692726257124265e-08
0.1,2.5000000000000004e-11,-1.3986469780219783e-07,7.665558414470784e-08
0.1,2.5000000000000004e-11,-1.3936607142857143e-07,7.638750403878215e-08
0.1,2.5000000000000004e-11,-1.3886744505494506e-07,7.612154715011627e-08
0.1,2.5000000000000004e-11,-1.383688186813187e-07,7.585921569318763e-08
0.1,2.5000000000000004e-11,-1.3787019230769233e-07,7.559899185175825e-08
0.1,2.5000000000000004e-11,-1.3737156593406596e-07,7.534234515958103e-08
0.1,2.5000000000000004e-11,-1.368729395604396e-07,7.508782155684464e-08
0.1,2.5000000000000004e-11,-1.363743131868132e-07,7.483682355608611e-08
0.1,2.5000000000000004e-11,-1.3587568681318683e-07,7.458793791728948e-08
0.1,2.5000000000000004e-11,-1.3537706043956046e-07,7.434255944716184e-08
0.1,2.5000000000000004e-11,-1.348784340659341e-07,7.409923742920853e-08
0.1,2.5000000000000004e-11,-1.3437980769230772e-07,7.38594370886089e-08
0.1,2.5000000000000004e-11,-1.3388118131868132e-07,7.36216121045036e-08
0.1,2.5000000000000004e-11,-1.3338255494505496e-07,7.338731900284677e-08
0.1,2.5000000000000004e-11,-1.328839285714286e-07,7.315495429710583e-08
0.1,2.5000000000000004e-11,-1.3238530219780222e-07,7.292605282564533e-08
0.1,2.5000000000000004e-11,-1.3188667582417585e-07,7.269916558771534e-08
0.1,2.5000000000000004e-11,-1.3138804945054945e-07,7.247548227113134e-08
0.1,2.5000000000000004e-11,-1.3088942307692309e-07,7.225416989825129e-08
0.1,2.5000000000000004e-11,-1.3039079670329672e-07,7.203546197883039e-08
0.1,2.5000000000000004e-11,-1.2989217032967035e-07,7.181969350060962e-08
0.1,2.5000000000000004e-11,-1.2939354395604398e-07,7.160587594307216e-08
0.1,2.5000000000000004e-11,-1.2889491758241759e-07,7.139538180504933e-08
0.1,2.5000000000000004e-11,-1.2839629120879122e-07,7.118665918781572e-08
0.1,2.5000000000000004e-11,-1.2789766483516485e-07,7.09810746086131e-08
0.1,2.5000000000000004e-11,-1.2739903846153848e-07,7.077779042787141e-08
0.1,2.5000000000000004e-11,-1.269004120879121e-07,7.057668326369225e-08
0.1,2.5000000000000004e-11,-1.2640178571428574e-07,7.037862907388384e-08
0.1,2.5000000000000004e-11,-1.2590315934065935e-07,7.018221920660098e-08
0.1,2.5000000000000004e-11,-1.2540453296703298e-07,6.99888438081538e-08
0.1,2.5000000000000004e-11,-1.249059065934066e-07,6.979771957032703e-08
0.1,2.5000000000000004e-11,-1.2440728021978024e-07,6.960846820505737e-08
0.1,2.5000000000000004e-11,-1.2390865384615387e-07,6.942224332702033e-08
0.1,2.5000000000000004e-11,-1.2341002747252748e-07,6.92376991969006e-08
0.1,2.5000000000000004e-11,-1.229114010989011e-07,6.905560254217662e-08
0.1,2.5000000000000004e-11,-1.2241277472527474e-07,6.887611075569732e-08
0.1,2.5000000000000004e-11,-1.2191414835164837e-07,6.869808341846775e-08
0.1,2.5000000000000004e-11,-1.21415521978022e-07,6.85227634458334e-08
0.1,2.5000000000000004e-11,-1.209168956043956e-07,6.834970708036041e-08
0.1,2.5000000000000004e-11,-1.2041826923076924e-07,6.817805906700263e-08
0.1,2.5000000000000004e-11,-1.1991964285714287e-07,6.800912646060847e-08
0.1,2.5000000000000004e-11,-1.194210164835165e-07,6.78422656326896e-08
0.1,2.5000000000000004e-11,-1.1892239010989012e-07,6.767675416632282e-08
0.1,2.5000000000000004e-11,-1.1842376373626375e-07,6.751385923634171e-08
0.1,2.5000000000000004e-11,-1.1792513736263738e-07,6.735296287984667e-08
0.1,2.5000000000000004e-11,-1.17426510989011e-07,6.719331507816942e-08
0.1,2.5000000000000004e-11,-1.1692788461538463e-07,6.703610606831395e-08
0.1,2.5000000000000004e-11,-1.1642925824175825e-07,6.688091488621227e-08
0.1,2.5000000000000004e-11,-1.1593063186813188e-07,6.672690167702341e-08
0.1,2.5000000000000004e-11,-1.1543200549450551e-07,6.657499399263466e-08
0.1,2.5000000000000004e-11,-1.1493337912087913e-07,6.642519406633776e-08
0.1,2.5000000000000004e-11,-1.1443475274725276e-07,6.627668533932194e-08
0.1,2.5000000000000004e-11,-1.1393612637362638e-07,6.612965495764106e-08
0.1,2.5000000000000004e-11,-1.1343750000000001e-07,6.598486054690513e-08
0.1,2.5000000000000004e-11,-1.1293887362637364e-07,6.584156347592467e-08
0.1,2.5000000000000004e-11,-1.1244024725274726e-07,6.569925859052675e-08
0.1,2.5000000000000004e-11,-1.1194162087912089e-07,6.55590025009896e-08
0.1,2.5000000000000004e-11,-1.1144299450549452e-07,6.542047962055814e-08
0.1,2.5000000000000004e-11,-1.1094436813186814e-07,6.528302890917102e-08
0.1,2.5000000000000004e-11,-1.1044574175824177e-07,6.514678023650215e-08
0.1,2.5000000000000004e-11,-1.0994711538461539e-07,6.501249955563721e-08
0.1,2.5000000000000004e-11,-1.0944848901098902e-07,6.487959020016359e-08
0.1,2.5000000000000004e-11,-1.0894986263736266e-07,6.474746959819506e-08
0.1,2.5000000000000004e-11,-1.0845123626373627e-07,6.461680815347919e-08
0.1,2.5000000000000004e-11,-1.079526098901099e-07,6.44878243444388e-08
0.1,2.5000000000000004e-11,-1.0745398351648352e-07,6.435996567290496e-08
0.1,2.5000000000000004e-11,-1.0695535714285715e-07,6.423275125770725e-08
0.1,2.5000000000000004e-11,-1.0645673076923079e-07,6.410698961523273e-08
0.1,2.5000000000000004e-11,-1.059581043956044e-07,6.398269230284506e-08
0.1,2.5000000000000004e-11,-1.0545947802197804e-07,6.38593600447187e-08
0.1,2.5000000000000004e-11,-1.0496085164835167e-07,6.373655044068488e-08
0.1,2.5000000000000004e-11,-1.0446222527472528e-07,6.361503310533563e-08
0.1,2.5000000000000004e-11,-1.0396359890109892e-07,6.349484235461825e-08
0.1,2.5000000000000004e-11,-1.0346497252747253e-07,6.337552288162455e-08
0.1,2.5000000000000004e-11,-1.0296634615384617e-07,6.325663796625008e-08
0.1,2.5000000000000004e-11,-1.024677197802198e-07,6.313873357022035e-08
0.1,2.5000000000000004e-11,-1.0196909340659342e-07,6.302209215324731e-08
0.1,2.5000000000000004e-11,-1.0147046703296705e-07,6.290628640427333e-08
0.1,2.5000000000000004e-11,-1.0097184065934068e-07,6.27909170458506e-08
0.1,2.5000000000000004e-11,-1.004732142857143e-07,6.267609072955282e-08
0.1,2.5000000000000004e-11,-9.997458791208793e-08,6.256249986465701e-08
0.1,2.5000000000000004e-11,-9.947596153846155e-08,6.244977834520994e-08
0.1,2.5000000000000004e-11,-9.897733516483518e-08,6.233756977559309e-08
0.1,2.5000000000000004e-11,-9.847870879120881e-08,6.222562876328519e-08
0.1,2.5000000000000004e-11,-9.798008241758243e-08,6.211477252923919e-08
0.1,2.5000000000000004e-11,-9.748145604395606e-08,6.200494046201313e-08
0.1,2.5000000000000004e-11,-9.698282967032968e-08,6.189584443694404e-08
0.1,2.5000000000000004e-11,-9.648420329670331e-08,6.178723097734062e-08
0.1,2.5000000000000004e-11,-9.598557692307694e-08,6.167932002805623e-08
0.1,2.5000000000000004e-11,-9.548695054945056e-08,6.157284657792006e-08
0.1,2.5000000000000004e-11,-9.498832417582419e-08,6.146766945500717e-08
0.1,2.5000000000000004e-11,-9.448969780219782e-08,6.136371202517424e-08
0.1,2.5000000000000004e-11,-9.399107142857144e-08,6.126099011252859e-08
0.1,2.5000000000000004e-11,-9.349244505494507e-08,6.116007736745827e-08
0.1,2.5000000000000004e-11,-9.299381868131869e-08,6.106180828455118e-08
0.1,2.5000000000000004e-11,-9.249519230769232e-08,6.096652089609589e-08
0.1,2.5000000000000004e-11,-9.199656593406595e-08,6.087636685277036e-08
0.1,2.5000000000000004e-11,-9.149793956043957e-08,6.079956917882282e-08
0.1,2.5000000000000004e-11,-9.09993131868132e-08,6.074741555929826e-08
0.1,2.5000000000000004e-11,-9.050068681318682e-08,6.07277471267506e-08
0.1,2.5000000000000004e-11,-9.000206043956045e-08,6.074080169702174e-08
0.1,2.5000000000000004e-11,-8.950343406593408e-08,6.077832948656329e-08
0.1,2.5000000000000004e-11,-8.90048076923077e-08,6.082886553667654e-08
0.1,2.5000000000000004e-11,-8.850618131868133e-08,6.088408317920077e-08
0.1,2.5000000000000004e-11,-8.800755494505496e-08,6.09416343686261e-08
0.1,2.5000000000000004e-11,-8.750892857142858e-08,6.10009541223177e-08
0.1,2.5000000000000004e-11,-8.701030219780221e-08,6.10616287688616e-08
0.1,2.5000000000000004e-11,-8.651167582417583e-08,6.112334793072111e-08
0.1,2.5000000000000004e-11,-8.601304945054946e-08,6.118588131555802e-08
0.1,2.5000000000000004e-11,-8.551442307692309e-08,6.124906043000029e-08
0.1,2.5000000000000004e-11,-8.501579670329671e-08,6.131269839346573e-08
0.1,2.5000000000000004e-11,-8.451717032967034e-08,6.13763043427326e-08
0.1,2.5000000000000004e-11,-8.401854395604397e-08,6.14398090847121e-08
0.1,2.5000000000000004e-11,-8.351991758241759e-08,6.150317160709992e-08
0.1,2.5000000000000004e-11,-8.302129120879122e-08,6.156637009138189e-08
0.1,2.5000000000000004e-11,-8.252266483516484e-08,6.16293968941591e-08
0.1,2.5000000000000004e-11,-8.202403846153847e-08,6.169225469755502e-08
0.1,2.5000000000000004e-11,-8.15254120879121e-08,6.17549699876064e-08
0.1,2.5000000000000004e-11,-8.102678571428572e-08,6.181747570759052e-08
0.1,2.5000000000000004e-11,-8.052815934065935e-08,6.187938482700248e-08
0.1,2.5000000000000004e-11,-8.002953296703297e-08,6.194072597790314e-08
0.1,2.5000000000000004e-11,-7.95309065934066e-08,6.200152948510436e-08
0.1,2.5000000000000004e-11,-7.903228021978023e-08,6.206182640943785e-08
0.1,2.5000000000000004e-11,-7.853365384615385e-08,6.212164782054498e-08
0.1,2.5000000000000004e-11,-7.803502747252748e-08,6.218102424415554e-08
0.1,2.5000000000000004e-11,-7.753640109890111e-08,6.223998524239417e-08
0.1,2.5000000000000004e-11,-7.703777472527473e-08,6.229860046801111e-08
0.1,2.5000000000000004e-11,-7.653914835164836e-08,6.235648358760356e-08
0.1,2.5000000000000004e-11,-7.604052197802198e-08,6.241362705106005e-08
0.1,2.5000000000000004e-11,-7.554189560439561e-08,6.247006612058916e-08
0.1,2.5000000000000004e-11,-7.504326923076924e-08,6.252583413191226e-08
0.1,2.5000000000000004e-11,-7.454464285714286e-08,6.25809624173621e-08
0.1,2.5000000000000004e-11,-7.40460164835165e-08,6.263548025644212e-08
0.1,2.5000000000000004e-11,-7.354739010989011e-08,6.268941484828425e-08
0.1,2.5000000000000004e-11,-7.304876373626374e-08,6.274279130172108e-08
0.1,2.5000000000000004e-11,-7.255013736263738e-08,6.279568244319654e-08
0.1,2.5000000000000004e-11,-7.2051510989011e-08,6.284775160847453e-08
0.1,2.5000000000000004e-11,-7.155288461538462e-08,6.289899929432809e-08
0.1,2.5000000000000004e-11,-7.105425824175826e-08,6.294945525892355e-08
0.1,2.5000000000000004e-11,-7.055563186813187e-08,6.29991471424015e-08
0.1,2.5000000000000004e-11,-7.00570054945055e-08,6.304810051614364e-08
0.1,2.5000000000000004e-11,-6.955837912087912e-08,6.309633893726915e-08
0.1,2.5000000000000004e-11,-6.905975274725276e-08,6.31438840075501e-08
0.1,2.5000000000000004e-11,-6.856112637362639e-08,6.319075543609163e-08
0.1,2.5000000000000004e-11,-6.80625e-08,6.323697110524149e-08
0.1,2.5000000000000004e-11,-6.756387362637364e-08,6.328260876326292e-08
0.1,2.5000000000000004e-11,-6.706524725274725e-08,6.3327429010602e-08
0.1,2.5000000000000004e-11,-6.656662087912089e-08,6.337139533210233e-08
0.1,2.5000000000000004e-11,-6.606799450549452e-08,6.34145310399771e-08
0.1,2.5000000000000004e-11,-6.556936813186814e-08,6.34568577410738e-08
0.1,2.5000000000000004e-11,-6.507074175824177e-08,6.349839541567523e-08
0.1,2.5000000000000004e-11,-6.45721153846154e-08,6.353916249658135e-08
0.1,2.5000000000000004e-11,-6.407348901098902e-08,6.35791759482356e-08
0.1,2.5000000000000004e-11,-6.357486263736265e-08,6.36184513456873e-08
0.1,2.5000000000000004e-11,-6.307623626373627e-08,6.36570029531303e-08
0.1,2.5000000000000004e-11,-6.25776098901099e-08,6.369484380188206e-08
0.1,2.5000000000000004e-11,-6.207898351648353e-08,6.373198576753736e-08
0.1,2.5000000000000004e-11,-6.158035714285715e-08,6.376848916310847e-08
0.1,2.5000000000000004e-11,-6.108173076923078e-08,6.380423972679645e-08
0.1,2.5000000000000004e-11,-6.058310439560441e-08,6.383916673381029e-08
0.1,2.5000000000000004e-11,-6.008447802197803e-08,6.387328782824421e-08
0.1,2.5000000000000004e-11,-5.958585164835165e-08,6.39066195807431e-08
0.1,2.5000000000000004e-11,-5.9087225274725284e-08,6.393917756051985e-08
0.1,2.5000000000000004e-11,-5.858859890109891e-08,6.397097640535632e-08
0.1,2.5000000000000004e-11,-5.808997252747253e-08,6.400202988949798e-08
0.1,2.5000000000000004e-11,-5.759134615384616e-08,6.403235098938966e-08
0.1,2.5000000000000004e-11,-5.709271978021979e-08,6.406195194716151e-08
0.1,2.5000000000000004e-11,-5.6594093406593414e-08,6.409084433183218e-08
0.1,2.5000000000000004e-11,-5.609546703296704e-08,6.41190390981614e-08
0.1,2.5000000000000004e-11,-5.5596840659340664e-08,6.414654664311436e-08
0.1,2.5000000000000004e-11,-5.5098214285714295e-08,6.4173376859914e-08
0.1,2.5000000000000004e-11,-5.459958791208792e-08,6.419953918965317e-08
0.1,2.5000000000000004e-11,-5.4100961538461544e-08,6.422504267044257e-08
0.1,2.5000000000000004e-11,-5.360233516483517e-08,6.424989598408886e-08
0.1,2.5000000000000004e-11,-5.31037087912088e-08,6.427415833392426e-08
0.1,2.5000000000000004e-11,-5.2605082417582425e-08,6.42977150616563e-08
0.1,2.5000000000000004e-11,-5.210645604395605e-08,6.432057949782383e-08
0.1,2.5000000000000004e-11,-5.1607829670329675e-08,6.43427649025417e-08
0.1,2.5000000000000004e-11,-5.11092032967033e-08,6.436428412692841e-08
0.1,2.5000000000000004e-11,-5.061057692307693e-08,6.438514965045403e-08
0.1,2.5000000000000004e-11,-5.0111950549450556e-08,6.440537361597402e-08
0.1,2.5000000000000004e-11,-4.961332417582418e-08,6.442496786249037e-08
0.1,2.5000000000000004e-11,-4.9114697802197805e-08,6.44439439557127e-08
0.1,2.5000000000000004e-11,-4.861607142857144e-08,6.446231321645923e-08
0.1,2.5000000000000004e-11,-4.811744505494506e-08,6.448008674696935e-08
0.1,2.5000000000000004e-11,-4.7618818681318686e-08,6.449727545520026e-08
0.1,2.5000000000000004e-11,-4.712019230769231e-08,6.451389007714919e-08
0.1,2.5000000000000004e-11,-4.662156593406594e-08,6.452994119730625e-08
0.1,2.5000000000000004e-11,-4.612293956043957e-08,6.454543926727326e-08
0.1,2.5000000000000004e-11,-4.562431318681319e-08,6.456039462265088e-08
0.1,2.5000000000000004e-11,-4.5125686813186817e-08,6.457481749824665e-08
0.1,2.5000000000000004e-11,-4.462706043956045e-08,6.458871804169445e-08
0.1,2.5000000000000004e-11,-4.412843406593407e-08,6.460210632555157e-08
0.1,2.5000000000000004e-11,-4.36298076923077e-08,6.461499235795113e-08
0.1,2.5000000000000004e-11,-4.313118131868132e-08,6.462738609188634e-08
0.1,2.5000000000000004e-11,-4.263255494505495e-08,6.463929743320828e-08
0.1,2.5000000000000004e-11,-4.213392857142858e-08,6.465073624739708e-08
0.1,2.5000000000000004e-11,-4.16353021978022e-08,6.466171236519953e-08
0.1,2.5000000000000004e-11,-4.113667582417583e-08,6.467223558718844e-08
0.1,2.5000000000000004e-11,-4.063804945054945e-08,6.468231568733325e-08
0.1,2.5000000000000004e-11,-4.0139423076923084e-08,6.469196241563462e-08
0.1,2.5000000000000004e-11,-3.964079670329671e-08,6.470118549990828e-08
0.1,2.5000000000000004e-11,-3.9142170329670334e-08,6.470999464677373e-08
0.1,2.5000000000000004e-11,-3.864354395604396e-08,6.471839954191708e-08
0.1,2.5000000000000004e-11,-3.814491758241759e-08,6.472640984969211e-08
0.1,2.5000000000000004e-11,-3.7646291208791215e-08,6.473403521212009e-08
0.1,2.5000000000000004e-11,-3.714766483516484e-08,6.474128524734298e-08
0.1,2.5000000000000004e-11,-3.6649038461538464e-08,6.4748169547591e-08
0.1,2.5000000000000004e-11,-3.6150412087912096e-08,6.47547106049294e-08
0.1,2.5000000000000004e-11,-3.565178571428572e-08,6.476090472464079e-08
0.1,2.5000000000000004e-11,-3.5153159340659345e-08,6.476675642724875e-08
0.1,2.5000000000000004e-11,-3.465453296703297e-08,6.477227593732635e-08
0.1,2.5000000000000004e-11,-3.4155906593406595e-08,6.477747336864845e-08
0.1,2.5000000000000004e-11,-3.3657280219780226e-08,6.478235872441048e-08
0.1,2.5000000000000004e-11,-3.315865384615385e-08,6.478694189714608e-08
0.1,2.5000000000000004e-11,-3.2660027472527475e-08,6.479123266837663e-08
0.1,2.5000000000000004e-11,-3.21614010989011e-08,6.479524070802529e-08
0.1,2.5000000000000004e-11,-3.166277472527473e-08,6.479897557362593e-08
0.1,2.5000000000000004e-11,-3.1164148351648356e-08,6.48024467093541e-08
0.1,2.5000000000000004e-11,-3.066552197802198e-08,6.480566344490654e-08
0.1,2.5000000000000004e-11,-3.0166895604395606e-08,6.480863499425261e-08
0.1,2.5000000000000004e-11,-2.9668269230769234e-08,6.481137045427911e-08
0.1,2.5000000000000004e-11,-2.9169642857142862e-08,6.481387880335215e-08
0.1,2.5000000000000004e-11,-2.8671016483516487e-08,6.481616889980648e-08
0.1,2.5000000000000004e-11,-2.8172390109890115e-08,6.481824948039065e-08
0.1,2.5000000000000004e-11,-2.767376373626374e-08,6.48201291586705e-08
0.1,2.5000000000000004e-11,-2.7175137362637364e-08,6.482181642341503e-08
0.1,2.5000000000000004e-11,-2.6676510989010992e-08,6.482331963697069e-08
0.1,2.5000000000000004e-11,-2.6177884615384617e-08,6.482464703363648e-08
0.1,2.5000000000000004e-11,-2.5679258241758245e-08,6.482580671805135e-08
0.1,2.5000000000000004e-11,-2.518063186813187e-08,6.482680666359884e-08
0.1,2.5000000000000004e-11,-2.4682005494505498e-08,6.482765471083888e-08
0.1,2.5000000000000004e-11,-2.4183379120879123e-08,6.48283585659736e-08
0.1,2.5000000000000004e-11,-2.368475274725275e-08,6.482892579934757e-08
0.1,2.5000000000000004e-11,-2.3186126373626376e-08,6.482936384399374e-08
0.1,2.5000000000000004e-11,-2.2687500000000004e-08,6.482967999422511e-08
0.1,2.5000000000000004e-11,-2.218887362637363e-08,6.482988140427232e-08
0.1,2.5000000000000004e-11,-2.1690247252747257e-08,6.482997508697724e-08
0.1,2.5000000000000004e-11,-2.119162087912088e-08,6.482996791253427e-08
0.1,2.5000000000000004e-11,-2.069299450549451e-08,6.4829866607289e-08
0.1,2.5000000000000004e-11,-2.0194368131868134e-08,6.482967775259194e-08
0.1,2.5000000000000004e-11,-1.969574175824176e-08,6.482940778370076e-08
0.1,2.5000000000000004e-11,-1.9197115384615387e-08,6.482906298874702e-08
0.1,2.5000000000000004e-11,-1.8698489010989012e-08,6.482864950774807e-08
0.1,2.5000000000000004e-11,-1.819986263736264e-08,6.482817333167524e-08
0.1,2.5000000000000004e-11,-1.7701236263736265e-08,6.482764030157558e-08
0.1,2.5000000000000004e-11,-1.7202609890109893e-08,6.482705610774155e-08
0.1,2.5000000000000004e-11,-1.6703983516483518e-08,6.482642628893245e-08
0.1,2.5000000000000004e-11,-1.6205357142857146e-08,6.482575623163928e-08
0.1,2.5000000000000004e-11,-1.570673076923077e-08,6.482505116940403e-08
0.1,2.5000000000000004e-11,-1.52081043956044e-08,6.482431618217112e-08
0.1,2.5000000000000004e-11,-1.4709478021978023e-08,6.482355619569352e-08
0.1,2.5000000000000004e-11,-1.421085164835165e-08,6.482277598096733e-08
0.1,2.5000000000000004e-11,-1.3712225274725276e-08,6.482198015371548e-08
0.1,2.5000000000000004e-11,-1.3213598901098902e-08,6.482117317390128e-08
0.1,2.5000000000000004e-11,-1.2714972527472529e-08,6.48203593452784e-08
0.1,2.5000000000000004e-11,-1.2216346153846155e-08,6.481954281497426e-08
0.1,2.5000000000000004e-11,-1.1717719780219782e-08,6.481872757310405e-08
0.1,2.5000000000000004e-11,-1.1219093406593408e-08,6.481791745241193e-08
0.1,2.5000000000000004e-11,-1.0720467032967035e-08,6.481711612794535e-08
0.1,2.5000000000000004e-11,-1.0221840659340661e-08,6.481632711674479e-08
0.1,2.5000000000000004e-11,-9.723214285714287e-09,6.481555377757148e-08
0.1,2.5000000000000004e-11,-9.224587912087914e-09,6.481479931064241e-08
0.1,2.5000000000000004e-11,-8.72596153846154e-09,6.481406675740135e-08
0.1,2.5000000000000004e-11,-8.227335164835167e-09,6.48133590002983e-08
0.1,2.5000000000000004e-11,-7.728708791208791e-09,6.481267876259237e-08
0.1,2.5000000000000004e-11,-7.230082417582419e-09,6.481202860817227e-08
0.1,2.5000000000000004e-11,-6.731456043956045e-09,6.481141094139118e-08
0.1,2.5000000000000004e-11,-6.2328296703296714e-09,6.481082800691839e-08
0.1,2.5000000000000004e-11,-5.734203296703297e-09,6.481028188960285e-08
0.1,2.5000000000000004e-11,-5.2355769230769234e-09,6.480977451435199e-08
0.1,2.5000000000000004e-11,-4.73695054945055e-09,6.480930764602287e-08
0.1,2.5000000000000004e-11,-4.238324175824176e-09,6.480888288932267e-08
0.1,2.5000000000000004e-11,-3.739697802197803e-09,6.480850168872283e-08
0.1,2.5000000000000004e-11,-3.241071428571429e-09,6.480816532838328e-08
0.1,2.5000000000000004e-11,-2.742445054945055e-09,6.480787493208355e-08
0.1,2.5000000000000004e-11,-2.2438186813186815e-09,6.480763146316739e-08
0.1,2.5000000000000004e-11,-1.745192307692308e-09,6.480743572449406e-08
0.1,2.5000000000000004e-11,-1.2465659340659342e-09,6.480728835839655e-08
0.1,2.5000000000000004e-11,-7.479395604395606e-10,6.4807189846654e-08
0.1,2.5000000000000004e-11,-2.4931318681318684e-10,6.480714051046477e-08
0.1,2.5000000000000004e-11,2.4931318681318684e-10,6.480714051043031e-08
0.1,2.5000000000000004e-11,7.479395604395606e-10,6.48071898465506e-08
0.1,2.5000000000000004e-11,1.2465659340659342e-09,6.480728835822391e-08
0.1,2.5000000000000004e-11,1.745192307692308e-09,6.480743572425141e-08
0.1,2.5000000000000004e-11,2.2438186813186815e-09,6.480763146285594e-08
0.1,2.5000000000000004e-11,2.742445054945055e-09,6.480787493170337e-08
0.1,2.5000000000000004e-11,3.241071428571429e-09,6.480816532793428e-08
0.1,2.5000000000000004e-11,3.739697802197803e-09,6.480850168820576e-08
0.1,2.5000000000000004e-11,4.238324175824176e-09,6.48088828887363e-08
0.1,2.5000000000000004e-11,4.73695054945055e-09,6.480930764536888e-08
0.1,2.5000000000000004e-11,5.2355769230769234e-09,6.480977451363012e-08
0.1,2.5000000000000004e-11,5.734203296703297e-09,6.481028188881251e-08
0.1,2.5000000000000004e-11,6.2328296703296714e-09,6.481082800606116e-08
0.1,2.5000000000000004e-11,6.731456043956045e-09,6.481141094046747e-08
0.1,2.5000000000000004e-11,7.230082417582419e-09,6.481202860718165e-08
0.1,2.5000000000000004e-11,7.728708791208791e-09,6.481267876153608e-08
0.1,2.5000000000000004e-11,8.227335164835167e-09,6.481335899917665e-08
0.1,2.5000000000000004e-11,8.72596153846154e-09,6.481406675621541e-08
0.1,2.5000000000000004e-11,9.224587912087914e-09,6.481479930939263e-08
0.1,2.5000000000000004e-11,9.723214285714287e-09,6.481555377625831e-08
0.1,2.5000000000000004e-11,1.0221840659340661e-08,6.481632711537052e-08
0.1,2.5000000000000004e-11,1.0720467032967035e-08,6.481711612650932e-08
0.1,2.5000000000000004e-11,1.1219093406593408e-08,6.481791745091693e-08
0.1,2.5000000000000004e-11,1.1717719780219782e-08,6.481872757154936e-08
0.1,2.5000000000000004e-11,1.2216346153846155e-08,6.481954281336304e-08
0.1,2.5000000000000004e-11,1.2714972527472529e-08,6.482035934361093e-08
0.1,2.5000000000000004e-11,1.3213598901098902e-08,6.482117317218028e-08
0.1,2.5000000000000004e-11,1.3712225274725276e-08,6.482198015194187e-08
0.1,2.5000000000000004e-11,1.421085164835165e-08,6.48227759791435e-08
0.1,2.5000000000000004e-11,1.4709478021978023e-08,6.48235561938219e-08
0.1,2.5000000000000004e-11,1.52081043956044e-08,6.482431618025408e-08
0.1,2.5000000000000004e-11,1.570673076923077e-08,6.482505116744254e-08
0.1,2.5000000000000004e-11,1.6205357142857146e-08,6.482575622963693e-08
0.1,2.5000000000000004e-11,1.6703983516483518e-08,6.482642628689116e-08
0.1,2.5000000000000004e-11,1.7202609890109893e-08,6.482705610566422e-08
0.1,2.5000000000000004e-11,1.7701236263736265e-08,6.4827640299467e-08
0.1,2.5000000000000004e-11,1.819986263736264e-08,6.482817332953742e-08
0.1,2.5000000000000004e-11,1.8698489010989012e-08,6.482864950558489e-08
0.1,2.5000000000000004e-11,1.9197115384615387e-08,6.482906298656118e-08
0.1,2.5000000000000004e-11,1.969574175824176e-08,6.482940778149626e-08
0.1,2.5000000000000004e-11,2.0194368131868134e-08,6.482967775037231e-08
0.1,2.5000000000000004e-11,2.069299450549451e-08,6.482986660505945e-08
0.1,2.5000000000000004e-11,2.119162087912088e-08,6.4829967910298e-08
0.1,2.5000000000000004e-11,2.1690247252747257e-08,6.482997508473848e-08
0.1,2.5000000000000004e-11,2.218887362637363e-08,6.482988140203624e-08
0.1,2.5000000000000004e-11,2.2687500000000004e-08,6.482967999199604e-08
0.1,2.5000000000000004e-11,2.3186126373626376e-08,6.482936384177693e-08
0.1,2.5000000000000004e-11,2.368475274725275e-08,6.482892579714751e-08
0.1,2.5000000000000004e-11,2.4183379120879123e-08,6.482835856379546e-08
0.1,2.5000000000000004e-11,2.4682005494505498e-08,6.482765470868778e-08
0.1,2.5000000000000004e-11,2.518063186813187e-08,6.482680666147951e-08
0.1,2.5000000000000004e-11,2.5679258241758245e-08,6.482580671596953e-08
0.1,2.5000000000000004e-11,2.6177884615384617e-08,6.482464703159719e-08
0.1,2.5000000000000004e-11,2.6676510989010992e-08,6.482331963497906e-08
0.1,2.5000000000000004e-11,2.7175137362637364e-08,6.482181642147711e-08
0.1,2.5000000000000004e-11,2.767376373626374e-08,6.482012915679129e-08
0.1,2.5000000000000004e-11,2.8172390109890115e-08,6.481824947857562e-08
0.1,2.5000000000000004e-11,2.8671016483516487e-08,6.481616889806142e-08
0.1,2.5000000000000004e-11,2.9169642857142862e-08,6.48138788016815e-08
0.1,2.5000000000000004e-11,2.9668269230769234e-08,6.48113704526891e-08
0.1,2.5000000000000004e-11,3.0166895604395606e-08,6.480863499274765e-08
0.1,2.5000000000000004e-11,3.066552197802198e-08,6.480566344349181e-08
0.1,2.5000000000000004e-11,3.1164148351648356e-08,6.480244670803447e-08
0.1,2.5000000000000004e-11,3.166277472527473e-08,6.479897557240607e-08
0.1,2.5000000000000004e-11,3.21614010989011e-08,6.47952407069095e-08
0.1,2.5000000000000004e-11,3.2660027472527475e-08,6.479123266736933e-08
0.1,2.5000000000000004e-11,3.315865384615385e-08,6.478694189625113e-08
0.1,2.5000000000000004e-11,3.3657280219780226e-08,6.478235872363156e-08
0.1,2.5000000000000004e-11,3.4155906593406595e-08,6.477747336798883e-08
0.1,2.5000000000000004e-11,3.465453296703297e-08,6.477227593678906e-08
0.1,2.5000000000000004e-11,3.5153159340659345e-08,6.47667564268363e-08
0.1,2.5000000000000004e-11,3.565178571428572e-08,6.476090472435541e-08
0.1,2.5000000000000004e-11,3.6150412087912096e-08,6.475471060477276e-08
0.1,2.5000000000000004e-11,3.6649038461538464e-08,6.474816954756442e-08
0.1,2.5000000000000004e-11,3.714766483516484e-08,6.474128524744706e-08
0.1,2.5000000000000004e-11,3.7646291208791215e-08,6.473403521235443e-08
0.1,2.5000000000000004e-11,3.814491758241759e-08,6.472640985005637e-08
0.1,2.5000000000000004e-11,3.864354395604396e-08,6.471839954240985e-08
0.1,2.5000000000000004e-11,3.9142170329670334e-08,6.47099946473935e-08
0.1,2.5000000000000004e-11,3.964079670329671e-08,6.470118550065251e-08
0.1,2.5000000000000004e-11,4.0139423076923084e-08,6.469196241649954e-08
0.1,2.5000000000000004e-11,4.063804945054945e-08,6.46823156883153e-08
0.1,2.5000000000000004e-11,4.113667582417583e-08,6.467223558828342e-08
0.1,2.5000000000000004e-11,4.16353021978022e-08,6.466171236640123e-08
0.1,2.5000000000000004e-11,4.213392857142858e-08,6.465073624870052e-08
0.1,2.5000000000000004e-11,4.263255494505495e-08,6.463929743460535e-08
0.1,2.5000000000000004e-11,4.313118131868132e-08,6.462738609336954e-08
0.1,2.5000000000000004e-11,4.36298076923077e-08,6.461499235951201e-08
0.1,2.5000000000000004e-11,4.412843406593407e-08,6.460210632718097e-08
0.1,2.5000000000000004e-11,4.462706043956045e-08,6.458871804338175e-08
0.1,2.5000000000000004e-11,4.5125686813186817e-08,6.457481749998083e-08
0.1,2.5000000000000004e-11,4.562431318681319e-08,6.456039462441975e-08
0.1,2.5000000000000004e-11,4.612293956043957e-08,6.454543926906398e-08
0.1,2.5000000000000004e-11,4.662156593406594e-08,6.452994119910549e-08
0.1,2.5000000000000004e-11,4.712019230769231e-08,6.451389007894235e-08
0.1,2.5000000000000004e-11,4.7618818681318686e-08,6.449727545697121e-08
0.1,2.5000000000000004e-11,4.811744505494506e-08,6.448008674870304e-08
0.1,2.5000000000000004e-11,4.861607142857144e-08,6.446231321813757e-08
0.1,2.5000000000000004e-11,4.9114697802197805e-08,6.444394395731817e-08
0.1,2.5000000000000004e-11,4.961332417582418e-08,6.442496786400465e-08
0.1,2.5000000000000004e-11,5.0111950549450556e-08,6.440537361737584e-08
0.1,2.5000000000000004e-11,5.061057692307693e-08,6.438514965172442e-08
0.1,2.5000000000000004e-11,5.11092032967033e-08,6.436428412804664e-08
0.1,2.5000000000000004e-11,5.1607829670329675e-08,6.434276490348409e-08
0.1,2.5000000000000004e-11,5.210645604395605e-08,6.432057949856924e-08
0.1,2.5000000000000004e-11,5.2605082417582425e-08,6.429771506218053e-08
0.1,2.5000000000000004e-11,5.31037087912088e-08,6.427415833420524e-08
0.1,2.5000000000000004e-11,5.360233516483517e-08,6.424989598409954e-08
0.1,2.5000000000000004e-11,5.4100961538461544e-08,6.422504267016303e-08
0.1,2.5000000000000004e-11,5.459958791208792e-08,6.419953918906141e-08
0.1,2.5000000000000004e-11,5.5098214285714295e-08,6.417337685898484e-08
0.1,2.5000000000000004e-11,5.5596840659340664e-08,6.414654664182273e-08
0.1,2.5000000000000004e-11,5.609546703296704e-08,6.411903909648592e-08
0.1,2.5000000000000004e-11,5.6594093406593414e-08,6.409084432974926e-08
0.1,2.5000000000000004e-11,5.709271978021979e-08,6.406195194464523e-08
0.1,2.5000000000000004e-11,5.759134615384616e-08,6.403235098641702e-08
0.1,2.5000000000000004e-11,5.808997252747253e-08,6.400202988604495e-08
0.1,2.5000000000000004e-11,5.858859890109891e-08,6.397097640140016e-08
0.1,2.5000000000000004e-11,5.9087225274725284e-08,6.393917755603543e-08
0.1,2.5000000000000004e-11,5.958585164835165e-08,6.390661957570708e-08
0.1,2.5000000000000004e-11,6.008447802197803e-08,6.387328782263501e-08
0.1,2.5000000000000004e-11,6.058310439560441e-08,6.383916672760509e-08
0.1,2.5000000000000004e-11,6.108173076923078e-08,6.38042397199698e-08
0.1,2.5000000000000004e-11,6.158035714285715e-08,6.376848915564321e-08
0.1,2.5000000000000004e-11,6.207898351648353e-08,6.373198575946216e-08
0.1,2.5000000000000004e-11,6.25776098901099e-08,6.369484379317608e-08
0.1,2.5000000000000004e-11,6.307623626373627e-08,6.365700294378131e-08
0.1,2.5000000000000004e-11,6.357486263736265e-08,6.36184513356888e-08
0.1,2.5000000000000004e-11,6.407348901098902e-08,6.357917593758575e-08
0.1,2.5000000000000004e-11,6.45721153846154e-08,6.35391624852848e-08
0.1,2.5000000000000004e-11,6.507074175824177e-08,6.349839540376157e-08
0.1,2.5000000000000004e-11,6.556936813186814e-08,6.345685772861067e-08
0.1,2.5000000000000004e-11,6.606799450549452e-08,6.341453102712276e-08
0.1,2.5000000000000004e-11,6.656662087912089e-08,6.33713953192018e-08
0.1,2.5000000000000004e-11,6.706524725274725e-08,6.332742899836081e-08
0.1,2.5000000000000004e-11,6.756387362637364e-08,6.328260875314024e-08
0.1,2.5000000000000004e-11,6.80625e-08,6.323697110017896e-08
0.1,2.5000000000000004e-11,6.856112637362639e-08,6.319075544169737e-08
0.1,2.5000000000000004e-11,6.905975274725276e-08,6.314388403465702e-08
0.1,2.5000000000000004e-11,6.955837912087912e-08,6.309633900645664e-08
0.1,2.5000000000000004e-11,7.00570054945055e-08,6.304810066593075e-08
0.1,2.5000000000000004e-11,7.055563186813187e-08,6.299914744377565e-08
0.1,2.5000000000000004e-11,7.105425824175826e-08,6.294945584067934e-08
0.1,2.5000000000000004e-11,7.155288461538462e-08,6.289900038653556e-08
0.1,2.5000000000000004e-11,7.2051510989011e-08,6.284775361570548e-08
0.1,2.5000000000000004e-11,7.255013736263738e-08,6.27956860657427e-08
0.1,2.5000000000000004e-11,7.304876373626374e-08,6.274279769803544e-08
0.1,2.5000000000000004e-11,7.354739010989011e-08,6.268942590604435e-08
0.1,2.5000000000000004e-11,7.40460164835165e-08,6.263549908826957e-08
0.1,2.5000000000000004e-11,7.454464285714286e-08,6.258099402041106e-08
0.1,2.5000000000000004e-11,7.504326923076924e-08,6.252588640139634e-08
0.1,2.5000000000000004e-11,7.554189560439561e-08,6.247015133082406e-08
0.1,2.5000000000000004e-11,7.604052197802198e-08,6.24137639761226e-08
0.1,2.5000000000000004e-11,7.653914835164836e-08,6.23567004743393e-08
0.1,2.5000000000000004e-11,7.703777472527473e-08,6.229893911284893e-08
0.1,2.5000000000000004e-11,7.753640109890111e-08,6.22405034112289e-08
0.1,2.5000000000000004e-11,7.803502747252748e-08,6.218180083734654e-08
0.1,2.5000000000000004e-11,7.853365384615385e-08,6.212279527204819e-08
0.1,2.5000000000000004e-11,7.903228021978023e-08,6.206349789993998e-08
0.1,2.5000000000000004e-11,7.95309065934066e-08,6.200393001236828e-08
0.1,2.5000000000000004e-11,8.002953296703297e-08,6.194412489310246e-08
0.1,2.5000000000000004e-11,8.052815934065935e-08,6.188412938452e-08
0.1,2.5000000000000004e-11,8.102678571428572e-08,6.182400484874639e-08
0.1,2.5000000000000004e-11,8.15254120879121e-08,6.176382719595782e-08
0.1,2.5000000000000004e-11,8.202403846153847e-08,6.170393377950061e-08
0.1,2.5000000000000004e-11,8.252266483516484e-08,6.164459837101858e-08
0.1,2.5000000000000004e-11,8.302129120879122e-08,6.158587688626794e-08
0.1,2.5000000000000004e-11,8.351991758241759e-08,6.152784873258447e-08
0.1,2.5000000000000004e-11,8.401854395604397e-08,6.14705834336097e-08
0.1,2.5000000000000004e-11,8.451717032967034e-08,6.141413450792208e-08
0.1,2.5000000000000004e-11,8.501579670329671e-08,6.135853424140732e-08
0.1,2.5000000000000004e-11,8.551442307692309e-08,6.130379067492891e-08
0.1,2.5000000000000004e-11,8.601304945054946e-08,6.124988800048907e-08
0.1,2.5000000000000004e-11,8.651167582417583e-08,6.119671824820991e-08
0.1,2.5000000000000004e-11,8.701030219780221e-08,6.114452553979293e-08
0.1,2.5000000000000004e-11,8.750892857142858e-08,6.109326556797221e-08
0.1,2.5000000000000004e-11,8.800755494505496e-08,6.104294315885152e-08
0.1,2.5000000000000004e-11,8.850618131868133e-08,6.0993649623284e-08
0.1,2.5000000000000004e-11,8.90048076923077e-08,6.094562736915459e-08
0.1,2.5000000000000004e-11,8.950343406593408e-08,6.090091149597697e-08
0.1,2.5000000000000004e-11,9.000206043956045e-08,6.086755912286602e-08
0.1,2.5000000000000004e-11,9.050068681318682e-08,6.08567034094651e-08
0.1,2.5000000000000004e-11,9.09993131868132e-08,6.087878959906213e-08
0.1,2.5000000000000004e-11,9.149793956043957e-08,6.092998732061518e-08
0.1,2.5000000000000004e-11,9.199656593406595e-08,6.10034627078592e-08
0.1,2.5000000000000004e-11,9.249519230769232e-08,6.108839774201842e-08
0.1,2.5000000000000004e-11,9.299381868131869e-08,6.117716129041006e-08
0.1,2.5000000000000004e-11,9.349244505494507e-08,6.126776443994924e-08
0.1,2.5000000000000004e-11,9.399107142857144e-08,6.135909416784909e-08
0.1,2.5000000000000004e-11,9.448969780219782e-08,6.145169130852781e-08
0.1,2.5000000000000004e-11,9.498832417582419e-08,6.154571180385691e-08
0.1,2.5000000000000004e-11,9.548695054945056e-08,6.164137596194329e-08
0.1,2.5000000000000004e-11,9.598557692307694e-08,6.173894056864039e-08
0.1,2.5000000000000004e-11,9.648420329670331e-08,6.18380375098419e-08
0.1,2.5000000000000004e-11,9.698282967032968e-08,6.193850047941993e-08
0.1,2.5000000000000004e-11,9.748145604395606e-08,6.204056284732108e-08
0.1,2.5000000000000004e-11,9.798008241758243e-08,6.214443144195709e-08
0.1,2.5000000000000004e-11,9.847870879120881e-08,6.225031677069703e-08
0.1,2.5000000000000004e-11,9.897733516483518e-08,6.235785189680702e-08
0.1,2.5000000000000004e-11,9.947596153846155e-08,6.246650385679931e-08
0.1,2.5000000000000004e-11,9.997458791208793e-08,6.257646242274461e-08
0.1,2.5000000000000004e-11,1.004732142857143e-07,6.268794690022962e-08
0.1,2.5000000000000004e-11,1.0097184065934068e-07,6.280114830591327e-08
0.1,2.5000000000000004e-11,1.0147046703296705e-07,6.291522722625505e-08
0.1,2.5000000000000004e-11,1.0196909340659342e-07,6.303012024995852e-08
0.1,2.5000000000000004e-11,1.024677197802198e-07,6.314613821589024e-08
0.1,2.5000000000000004e-11,1.0296634615384617e-07,6.32636435968016e-08
0.1,2.5000000000000004e-11,1.0346497252747253e-07,6.338219034699227e-08
0.1,2.5000000000000004e-11,1.0396359890109892e-07,6.350130729223551e-08
0.1,2.5000000000000004e-11,1.0446222527472528e-07,6.362139692403099e-08
0.1,2.5000000000000004e-11,1.0496085164835167e-07,6.374289037987044e-08
0.1,2.5000000000000004e-11,1.0545947802197804e-07,6.386566302106676e-08
0.1,2.5000000000000004e-11,1.059581043956044e-07,6.398898864026587e-08
0.1,2.5000000000000004e-11,1.0645673076923079e-07,6.411332061989247e-08
0.1,2.5000000000000004e-11,1.0695535714285715e-07,6.423915319339526e-08
0.1,2.5000000000000004e-11,1.0745398351648352e-07,6.436639641474736e-08
0.1,2.5000000000000004e-11,1.079526098901099e-07,6.449429318183817e-08
0.1,2.5000000000000004e-11,1.0845123626373627e-07,6.46233448152608e-08
0.1,2.5000000000000004e-11,1.0894986263736266e-07,6.475410900333948e-08
0.1,2.5000000000000004e-11,1.0944848901098902e-07,6.488625869694023e-08
0.1,2.5000000000000004e-11,1.0994711538461539e-07,6.501922252534996e-08
0.1,2.5000000000000004e-11,1.1044574175824177e-07,6.515358825136166e-08
0.1,2.5000000000000004e-11,1.1094436813186814e-07,6.528993347972739e-08
0.1,2.5000000000000004e-11,1.1144299450549452e-07,6.54274230796287e-08
0.1,2.5000000000000004e-11,1.1194162087912089e-07,6.556601733664331e-08
0.1,2.5000000000000004e-11,1.1244024725274726e-07,6.570637898233459e-08
0.1,2.5000000000000004e-11,1.1293887362637364e-07,6.584875421232541e-08
0.1,2.5000000000000004e-11,1.1343750000000001e-07,6.599210952844485e-08
0.1,2.5000000000000004e-11,1.1393612637362638e-07,6.613699902624943e-08
0.1,2.5000000000000004e-11,1.1443475274725276e-07,6.62841447004838e-08
0.1,2.5000000000000004e-11,1.1493337912087913e-07,6.643269975065475e-08
0.1,2.5000000000000004e-11,1.1543200549450551e-07,6.658258598512778e-08
0.1,2.5000000000000004e-11,1.1593063186813188e-07,6.673462223542501e-08
0.1,2.5000000000000004e-11,1.1642925824175825e-07,6.688869537661522e-08
0.1,2.5000000000000004e-11,1.1692788461538463e-07,6.70439664762581e-08
0.1,2.5000000000000004e-11,1.17426510989011e-07,6.72013015167491e-08
0.1,2.5000000000000004e-11,1.1792513736263738e-07,6.736103224538624e-08
0.1,2.5000000000000004e-11,1.1842376373626375e-07,6.752200538922724e-08
0.1,2.5000000000000004e-11,1.1892239010989012e-07,6.768502767302427e-08
0.1,2.5000000000000004e-11,1.194210164835165e-07,6.785063467996581e-08
0.1,2.5000000000000004e-11,1.1991964285714287e-07,6.801757349743903e-08
0.1,2.5000000000000004e-11,1.2041826923076924e-07,6.818663977327916e-08
0.1,2.5000000000000004e-11,1.209168956043956e-07,6.835838458458495e-08
0.1,2.5000000000000004e-11,1.21415521978022e-07,6.853152575635176e-08
0.1,2.5000000000000004e-11,1.2191414835164837e-07,6.870699205705302e-08
0.1,2.5000000000000004e-11,1.2241277472527474e-07,6.888510522606554e-08
0.1,2.5000000000000004e-11,1.229114010989011e-07,6.906469574848971e-08
0.1,2.5000000000000004e-11,1.2341002747252748e-07,6.924695931001061e-08
0.1,2.5000000000000004e-11,1.2390865384615387e-07,6.943156536419532e-08
0.1,2.5000000000000004e-11,1.2440728021978024e-07,6.961791174098841e-08
0.1,2.5000000000000004e-11,1.249059065934066e-07,6.980730938741574e-08
0.1,2.5000000000000004e-11,1.2540453296703298e-07,6.999850909589425e-08
0.1,2.5000000000000004e-11,1.2590315934065935e-07,7.019203954073928e-08
0.1,2.5000000000000004e-11,1.2640178571428574e-07,7.038854906085676e-08
0.1,2.5000000000000004e-11,1.269004120879121e-07,7.058671622465324e-08
0.1,2.5000000000000004e-11,1.2739903846153848e-07,7.078799257333424e-08
0.1,2.5000000000000004e-11,1.2789766483516485e-07,7.099134800580308e-08
0.1,2.5000000000000004e-11,1.2839629120879122e-07,7.119709733045136e-08
0.1,2.5000000000000004e-11,1.2889491758241759e-07,7.14059182259623e-08
0.1,2.5000000000000004e-11,1.2939354395604398e-07,7.161654154662681e-08
0.1,2.5000000000000004e-11,1.2989217032967035e-07,7.183051038088402e-08
0.1,2.5000000000000004e-11,1.3039079670329672e-07,7.204637418896147e-08
0.1,2.5000000000000004e-11,1.3088942307692309e-07,7.226527966534928e-08
0.1,2.5000000000000004e-11,1.3138804945054945e-07,7.248665574817472e-08
0.1,2.5000000000000004e-11,1.3188667582417585e-07,7.27105193772081e-08
0.1,2.5000000000000004e-11,1.3238530219780222e-07,7.293749806051812e-08
0.1,2.5000000000000004e-11,1.328839285714286e-07,7.316655806687298e-08
0.1,2.5000000000000004e-11,1.3338255494505496e-07,7.339904273188131e-08
0.1,2.5000000000000004e-11,1.3388118131868132e-07,7.363347661163046e-08
0.1,2.5000000000000004e-11,1.3437980769230772e-07,7.387144281617264e-08
0.1,2.5000000000000004e-11,1.348784340659341e-07,7.41113709058026e-08
0.1,2.5000000000000004e-11,1.3537706043956046e-07,7.435484808042353e-08
0.1,2.5000000000000004e-11,1.3587568681318683e-07,7.460034675068545e-08
0.1,2.5000000000000004e-11,1.363743131868132e-07,7.48493941517519e-08
0.1,2.5000000000000004e-11,1.368729395604396e-07,7.510051107091915e-08
0.1,2.5000000000000004e-11,1.3737156593406596e-07,7.535519577820705e-08
0.1,2.5000000000000004e-11,1.3787019230769233e-07,7.561196718540066e-08
0.1,2.5000000000000004e-11,1.383688186813187e-07,7.587234435303209e-08
0.1,2.5000000000000004e-11,1.3886744505494506e-07,7.613481422599445e-08
0.1,2.5000000000000004e-11,1.3936607142857143e-07,7.640090975815873e-08
0.1,2.5000000000000004e-11,1.3986469780219783e-07,7.66691507193574e-08
0.1,2.5000000000000004e-11,1.403633241758242e-07,7.694094648653382e-08
0.1,2.5000000000000004e-11,1.4086195054945056e-07,7.721508227021684e-08
0.1,2.5000000000000004e-11,1.4136057692307693e-07,7.74925039125433e-08
0.1,2.5000000000000004e-11,1.418592032967033e-07,7.777271912412195e-08
0.1,2.5000000000000004e-11,1.423578296703297e-07,7.805564050380331e-08
0.1,2.5000000000000004e-11,1.4285645604395607e-07,7.834190966220454e-08
0.1,2.5000000000000004e-11,1.4335508241758243e-07,7.863044171296642e-08
0.1,2.5000000000000004e-11,1.438537087912088e-07,7.892257977725986e-08
0.1,2.5000000000000004e-11,1.4435233516483517e-07,7.921704126027376e-08
0.1,2.5000000000000004e-11,1.4485096153846157e-07,7.951477394298274e-08
0.1,2.5000000000000004e-11,1.4534958791208793e-07,7.98154854559727e-08
0.1,2.5000000000000004e-11,1.458482142857143e-07,8.011860840306338e-08
0.1,2.5000000000000004e-11,1.4634684065934067e-07,8.04252662899697e-08
0.1,2.5000000000000004e-11,1.4684546703296704e-07,8.073430009409795e-08
0.1,2.5000000000000004e-11,1.4734409340659344e-07,8.104643765148285e-08
0.1,2.5000000000000004e-11,1.478427197802198e-07,8.136170998663247e-08
0.1,2.5000000000000004e-11,1.4834134615384617e-07,8.16792567305032e-08
0.1,2.5000000000000004e-11,1.4883997252747254e-07,8.200019990184474e-08
0.1,2.5000000000000004e-11,1.493385989010989e-07,8.232395942545141e-08
0.1,2.5000000000000004e-11,1.498372252747253e-07,8.265008840425626e-08
0.1,2.5000000000000004e-11,1.5033585164835167e-07,8.297960855379758e-08
0.1,2.5000000000000004e-11,1.5083447802197804e-07,8.331180509124732e-08
0.1,2.5000000000000004e-11,1.513331043956044e-07,8.364640879008588e-08
0.1,2.5000000000000004e-11,1.5183173076923078e-07,8.39843259863854e-08
0.1,2.5000000000000004e-11,1.5233035714285715e-07,8.432490530951662e-08
0.1,2.5000000000000004e-11,1.5282898351648354e-07,8.466780849783404e-08
0.1,2.5000000000000004e-11,1.533276098901099e-07,8.501392372856056e-08
0.1,2.5000000000000004e-11,1.5382623626373628e-07,8.536276959602636e-08
0.1,2.5000000000000004e-11,1.5432486263736265e-07,8.571383940623003e-08
0.1,2.5000000000000004e-11,1.5482348901098902e-07,8.606788813961434e-08
0.1,2.5000000000000004e-11,1.553221153846154e-07,8.642478494775994e-08
0.1,2.5000000000000004e-11,1.5582074175824178e-07,8.678401766515682e-08
0.1,2.5000000000000004e-11,1.5631936813186815e-07,8.714566245179922e-08
0.1,2.5000000000000004e-11,1.5681799450549452e-07,8.751027541055888e-08
0.1,2.5000000000000004e-11,1.573166208791209e-07,8.787742531436314e-08
0.1,2.5000000000000004e-11,1.5781524725274728e-07,8.82467156051323e-08
0.1,2.5000000000000004e-11,1.5831387362637365e-07,8.861858496217123e-08
0.1,2.5000000000000004e-11,1.5881250000000002e-07,8.89931838658581e-08
0.1,2.5000000000000004e-11,1.593111263736264e-07,8.937015287854707e-08
0.1,2.5000000000000004e-11,1.5980975274725276e-07,8.974917423091094e-08
0.1,2.5000000000000004e-11,1.6030837912087915e-07,9.013062408208714e-08
0.1,2.5000000000000004e-11,1.6080700549450552e-07,9.051464906301955e-08
0.1,2.5000000000000004e-11,1.613056318681319e-07,9.090095606133092e-08
0.1,2.5000000000000004e-11,1.6180425824175826e-07,9.128928416445973e-08
0.1,2.5000000000000004e-11,1.6230288461538463e-07,9.167965047165981e-08
0.1,2.5000000000000004e-11,1.62801510989011e-07,9.207246426736988e-08
0.1,2.5000000000000004e-11,1.633001373626374e-07,9.246750701418119e-08
0.1,2.5000000000000004e-11,1.6379876373626376e-07,9.286455802675985e-08
0.1,2.5000000000000004e-11,1.6429739010989013e-07,9.326341936133288e-08
0.1,2.5000000000000004e-11,1.647960164835165e-07,9.366426117775944e-08
0.1,2.5000000000000004e-11,1.6529464285714287e-07,9.406729111427924e-08
0.1,2.5000000000000004e-11,1.6579326923076926e-07,9.447231238586112e-08
0.1,2.5000000000000004e-11,1.6629189560439563e-07,9.487915034025078e-08
0.1,2.5000000000000004e-11,1.66790521978022e-07,9.528764648688362e-08
0.1,2.5000000000000004e-11,1.6728914835164837e-07,9.56977984464048e-08
0.1,2.5000000000000004e-11,1.6778777472527473e-07,9.610988672738887e-08
0.1,2.5000000000000004e-11,1.6828640109890113e-07,9.652377616292456e-08
0.1,2.5000000000000004e-11,1.687850274725275e-07,9.693932118073415e-08
0.1,2.5000000000000004e-11,1.6928365384615387e-07,9.735638786338644e-08
0.1,2.5000000000000004e-11,1.6978228021978024e-07,9.777485263919748e-08
0.1,2.5000000000000004e-11,1.702809065934066e-07,9.819475222093646e-08
0.1,2.5000000000000004e-11,1.70779532967033e-07,9.861627409368075e-08
0.1,2.5000000000000004e-11,1.7127815934065937e-07,9.903929587234763e-08
0.1,2.5000000000000004e-11,1.7177678571428574e-07,9.946369929137909e-08
0.1,2.5000000000000004e-11,1.722754120879121e-07,9.988937373529305e-08
0.1,2.5000000000000004e-11,1.7277403846153847e-07,1.0031621536324317e-07
0.1,2.5000000000000004e-11,1.7327266483516487e-07,1.0074413134915813e-07
0.1,2.5000000000000004e-11,1.7377129120879124e-07,1.011732739841083e-07
0.1,2.5000000000000004e-11,1.742699175824176e-07,1.0160364979859648e-07
0.1,2.5000000000000004e-11,1.7476854395604397e-07,1.0203515700796489e-07
0.1,2.5000000000000004e-11,1.7526717032967034e-07,1.0246769903199739e-07
0.1,2.5000000000000004e-11,1.757657967032967e-07,1.0290118389718008e-07
0.1,2.5000000000000004e-11,1.762644230769231e-07,1.0333552369149075e-07
0.1,2.5000000000000004e-11,1.7676304945054948e-07,1.0377063406640998e-07
0.1,2.5000000000000004e-11,1.7726167582417584e-07,1.0420652400826348e-07
0.1,2.5000000000000004e-11,1.777603021978022e-07,1.0464330292836916e-07
0.1,2.5000000000000004e-11,1.7825892857142858e-07,1.0508088736139308e-07
0.1,2.5000000000000004e-11,1.7875755494505498e-07,1.0551919343144717e-07
0.1,2.5000000000000004e-11,1.7925618131868135e-07,1.0595814014506196e-07
0.1,2.5000000000000004e-11,1.7975480769230771e-07,1.0639764902965208e-07
0.1,2.5000000000000004e-11,1.8025343406593408e-07,1.0683764379847981e-07
0.1,2.5000000000000004e-11,1.8075206043956045e-07,1.0727805003896481e-07
0.1,2.5000000000000004e-11,1.8125068681318685e-07,1.0771884186951425e-07
0.1,2.5000000000000004e-11,1.8174931318681321e-07,1.0816012607101956e-07
0.1,2.5000000000000004e-11,1.8224793956043958e-07,1.0860184274905522e-07
0.1,2.5000000000000004e-11,1.8274656593406595e-07,1.0904391835885672e-07
0.1,2.5000000000000004e-11,1.8324519230769232e-07,1.0948628091384438e-07
0.1,2.5000000000000004e-11,1.8374381868131872e-07,1.0992885973144774e-07
0.1,2.5000000000000004e-11,1.8424244505494508e-07,1.1037158519008083e-07
0.1,2.5000000000000004e-11,1.8474107142857145e-07,1.1081438849525162e-07
0.1,2.5000000000000004e-11,1.8523969780219782e-07,1.1125720145289613e-07
0.1,2.5000000000000004e-11,1.857383241758242e-07,1.117000570416256e-07
0.1,2.5000000000000004e-11,1.8623695054945056e-07,1.1214301320292216e-07
0.1,2.5000000000000004e-11,1.8673557692307695e-07,1.125860025161418e-07
0.1,2.5000000000000004e-11,1.8723420329670332e-07,1.130289584481985e-07
0.1,2.5000000000000004e-11,1.877328296703297e-07,1.1347181485058207e-07
0.1,2.5000000000000004e-11,1.8823145604395606e-07,1.1391450573880934e-07
0.1,2.5000000000000004e-11,1.8873008241758243e-07,1.1435696507148618e-07
0.1,2.5000000000000004e-11,1.8922870879120882e-07,1.147991265274715e-07
0.1,2.5000000000000004e-11,1.897273351648352e-07,1.1524092753923997e-07
0.1,2.5000000000000004e-11,1.9022596153846156e-07,1.1568245687082609e-07
0.1,2.5000000000000004e-11,1.9072458791208793e-07,1.1612372681835871e-07
0.1,2.5000000000000004e-11,1.912232142857143e-07,1.1656467321172481e-07
0.1,2.5000000000000004e-11,1.917218406593407e-07,1.1700523131020878e-07
0.1,2.5000000000000004e-11,1.9222046703296706e-07,1.1744533555539342e-07
0.1,2.5000000000000004e-11,1.9271909340659343e-07,1.1788491931541506e-07
0.1,2.5000000000000004e-11,1.932177197802198e-07,1.1832391461897624e-07
0.1,2.5000000000000004e-11,1.9371634615384617e-07,1.1876225187746598e-07
0.1,2.5000000000000004e-11,1.9421497252747256e-07,1.1919994919190764e-07
0.1,2.5000000000000004e-11,1.9471359890109893e-07,1.196371162517982e-07
0.1,2.5000000000000004e-11,1.952122252747253e-07,1.200736919122716e-07
0.1,2.5000000000000004e-11,1.9571085164835167e-07,1.2050960838732227e-07
0.1,2.5000000000000004e-11,1.9620947802197804e-07,1.2094479574373495e-07
0.1,2.5000000000000004e-11,1.9670810439560443e-07,1.2137918156009608e-07
0.1,2.5000000000000004e-11,1.972067307692308e-07,1.218126905651332e-07
0.1,2.5000000000000004e-11,1.9770535714285717e-07,1.2224524474651365e-07
0.1,2.5000000000000004e-11,1.9820398351648354e-07,1.2267694551918789e-07
0.1,2.5000000000000004e-11,1.987026098901099e-07,1.2310786492370028e-07
0.1,2.5000000000000004e-11,1.9920123626373628e-07,1.2353792847250717e-07
0.1,2.5000000000000004e-11,1.9969986263736267e-07,1.239670579831229e-07
0.1,2.5000000000000004e-11,2.0019848901098904e-07,1.2439517111340078e-07
0.1,2.5000000000000004e-11,2.006971153846154e-07,1.2482218086344013e-07
0.1,2.5000000000000004e-11,2.0119574175824178e-07,1.2524799489606751e-07
0.1,2.5000000000000004e-11,2.0169436813186814e-07,1.2567272015867437e-07
0.1,2.5000000000000004e-11,2.0219299450549454e-07,1.2609647114647297e-07
0.1,2.5000000000000004e-11,2.026916208791209e-07,1.265191592594701e-07
0.1,2.5000000000000004e-11,2.0319024725274728e-07,1.2694068988677347e-07
0.1,2.5000000000000004e-11,2.0368887362637365e-07,1.2736096174355876e-07
0.1,2.5000000000000004e-11,2.0418750000000001e-07,1.2777986615467164e-07
0.1,2.5000000000000004e-11,2.046861263736264e-07,1.2819737694329558e-07
0.1,2.5000000000000004e-11,2.0518475274725278e-07,1.2861375193858587e-07
0.1,2.5000000000000004e-11,2.0568337912087915e-07,1.2902892351368027e-07
0.1,2.5000000000000004e-11,2.0618200549450552e-07,1.2944277668666408e-07
0.1,2.5000000000000004e-11,2.0668063186813188e-07,1.2985518691157313e-07
0.1,2.5000000000000004e-11,2.0717925824175828e-07,1.3026601909548012e-07
0.1,2.5000000000000004e-11,2.0767788461538465e-07,1.3067531600164778e-07
0.1,2.5000000000000004e-11,2.0817651098901102e-07,1.3108335003369908e-07
0.1,2.5000000000000004e-11,2.0867513736263738e-07,1.3148999931689654e-07
0.1,2.5000000000000004e-11,2.0917376373626375e-07,1.3189511597912996e-07
0.1,2.5000000000000004e-11,2.0967239010989012e-07,1.322985383956818e-07
0.1,2.5000000000000004e-11,2.1017101648351652e-07,1.3270017000358845e-07
0.1,2.5000000000000004e-11,2.1066964285714289e-07,1.3310038824064444e-07
0.1,2.5000000000000004e-11,2.1116826923076925e-07,1.334991300919428e-07
0.1,2.5000000000000004e-11,2.1166689560439562e-07,1.338962136758723e-07
0.1,2.5000000000000004e-11,2.12165521978022e-07,1.3429143902168907e-07
0.1,2.5000000000000004e-11,2.126641483516484e-07,1.3468473129454318e-07
0.1,2.5000000000000004e-11,2.1316277472527476e-07,1.3507653031408294e-07
0.1,2.5000000000000004e-11,2.1366140109890112e-07,1.354667048915508e-07
0.1,2.5000000000000004e-11,2.141600274725275e-07,1.3585502395728622e-07
0.1,2.5000000000000004e-11,2.1465865384615386e-07,1.3624123284034684e-07
0.1,2.5000000000000004e-11,2.1515728021978026e-07,1.3662562025811123e-07
0.1,2.5000000000000004e-11,2.1565590659340662e-07,1.370084019002413e-07
0.1,2.5000000000000004e-11,2.16154532967033e-07,1.3738930522028927e-07
0.1,2.5000000000000004e-11,2.1665315934065936e-07,1.3776802851839823e-07
0.1,2.5000000000000004e-11,2.1715178571428573e-07,1.3814465029597989e-07
0.1,2.5000000000000004e-11,2.1765041208791213e-07,1.3851963128011873e-07
0.1,2.5000000000000004e-11,2.181490384615385e-07,1.3889266204263452e-07
0.1,2.5000000000000004e-11,2.1864766483516486e-07,1.392633793392923e-07
0.1,2.5000000000000004e-11,2.1914629120879123e-07,1.3963191388248545e-07
0.1,2.5000000000000004e-11,2.196449175824176e-07,1.3999873227534724e-07
0.1,2.5000000000000004e-11,2.20143543956044e-07,1.4036344526263336e-07
0.1,2.5000000000000004e-11,2.2064217032967036e-07,1.4072562688824436e-07
0.1,2.5000000000000004e-11,2.2114079670329673e-07,1.410858026955156e-07
0.1,2.5000000000000004e-11,2.216394230769231e-07,1.4144408207967723e-07
0.1,2.5000000000000004e-11,2.2213804945054947e-07,1.417999695744503e-07
0.1,2.5000000000000004e-11,2.2263667582417584e-07,1.4215328446521372e-07
0.1,2.5000000000000004e-11,2.2313530219780223e-07,1.425047876886448e-07
0.1,2.5000000000000004e-11,2.236339285714286e-07,1.4285403556791639e-07
0.1,2.5000000000000004e-11,2.2413255494505497e-07,1.4320050234238592e-07
0.1,2.5000000000000004e-11,2.2463118131868134e-07,1.43544972117344e-07
0.1,2.5000000000000004e-11,2.251298076923077e-07,1.4388728515136076e-07
0.1,2.5000000000000004e-11,2.256284340659341e-07,1.442267558758056e-07
0.1,2.5000000000000004e-11,2.2612706043956047e-07,1.4456401108232947e-07
0.1,2.5000000000000004e-11,2.2662568681318684e-07,1.4489914789006085e-07
0.1,2.5000000000000004e-11,2.271243131868132e-07,1.452313710980396e-07
0.1,2.5000000000000004e-11,2.2762293956043958e-07,1.4556128749795336e-07
0.1,2.5000000000000004e-11,2.2812156593406597e-07,1.458890348383796e-07
0.1,2.5000000000000004e-11,2.2862019230769234e-07,1.4621373678902687e-07
0.1,2.5000000000000004e-11,2.291188186813187e-07,1.4653621479121122e-07
0.1,2.5000000000000004e-11,2.2961744505494508e-07,1.4685634786277563e-07
0.1,2.5000000000000004e-11,2.3011607142857145e-07,1.4717331834670128e-07
0.1,2.5000000000000004e-11,2.3061469780219784e-07,1.4748823485758817e-07
0.1,2.5000000000000004e-11,2.311133241758242e-07,1.4780046046605043e-07
0.1,2.5000000000000004e-11,2.3161195054945058e-07,1.4810964140413452e-07
0.1,2.5000000000000004e-11,2.3211057692307695e-07,1.4841678255780638e-07
0.1,2.5000000000000004e-11,2.3260920329670332e-07,1.4872070513299983e-07
0.1,2.5000000000000004e-11,2.3310782967032969e-07,1.4902223654341045e-07
0.1,2.5000000000000004e-11,2.3360645604395608e-07,1.493212077261898e-07
0.1,2.5000000000000004e-11,2.3410508241758245e-07,1.4961690707645384e-07
0.1,2.5000000000000004e-11,2.3460370879120882e-07,1.4991053564139598e-07
0.1,2.5000000000000004e-11,2.3510233516483519e-07,1.5020077214655052e-07
0.1,2.5000000000000004e-11,2.3560096153846156e-07,1.5048870460025636e-07
0.1,2.5000000000000004e-11,2.3609958791208795e-07,1.50773709260833e-07
0.1,2.5000000000000004e-11,2.3659821428571432e-07,1.5105569271174942e-07
0.1,2.5000000000000004e-11,2.370968406593407e-07,1.5133529809662496e-07
0.1,2.5000000000000004e-11,2.3759546703296706e-07,1.5161141889230397e-07
0.1,2.5000000000000004e-11,2.3809409340659342e-07,1.5188540003292537e-07
0.1,2.5000000000000004e-11,2.385927197802198e-07,1.521557631508886e-07
0.1,2.5000000000000004e-11,2.390913461538462e-07,1.5242396042535716e-07
0.1,2.5000000000000004e-11,2.3958997252747256e-07,1.5268858485856744e-07
0.1,2.5000000000000004e-11,2.400885989010989e-07,1.5295089672594548e-07
0.1,2.5000000000000004e-11,2.405872252747253e-07,1.5320973851714716e-07
0.1,2.5000000000000004e-11,2.4108585164835166e-07,1.534661112942221e-07
0.1,2.5000000000000004e-11,2.4158447802197803e-07,1.5371908646640434e-07
0.1,2.5000000000000004e-11,2.420831043956044e-07,1.5396950075349423e-07
0.1,2.5000000000000004e-11,2.425817307692308e-07,1.5421650791474743e-07
0.1,2.5000000000000004e-11,2.430803571428572e-07,1.544609613019467e-07
0.1,2.5000000000000004e-11,2.4357898351648356e-07,1.5470190364471447e-07
0.1,2.5000000000000004e-11,2.4407760989010993e-07,1.549403893544071e-07
0.1,2.5000000000000004e-11,2.445762362637363e-07,1.551751957309547e-07
0.1,2.5000000000000004e-11,2.4507486263736266e-07,1.5540767686965352e-07
0.1,2.5000000000000004e-11,2.4557348901098903e-07,1.5563632161022305e-07
0.1,2.5000000000000004e-11,2.460721153846154e-07,1.5586270070389295e-07
0.1,2.5000000000000004e-11,2.4657074175824177e-07,1.560852218531747e-07
0.1,2.5000000000000004e-11,2.4706936813186814e-07,1.5630530531411856e-07
0.1,2.5000000000000004e-11,2.4756799450549456e-07,1.5652182099564415e-07
0.1,2.5000000000000004e-11,2.4806662087912093e-07,1.5673530886743862e-07
0.1,2.5000000000000004e-11,2.485652472527473e-07,1.5694600077808577e-07
0.1,2.5000000000000004e-11,2.4906387362637367e-07,1.5715295842354277e-07
0.1,2.5000000000000004e-11,2.4956250000000004e-07,1.5735756509736557e-07
0.1,2.5000000000000004e-11,2.500611263736264e-07,1.5755827098478048e-07
0.1,2.5000000000000004e-11,2.5055975274725277e-07,1.5775619587229705e-07
0.1,2.5000000000000004e-11,2.5105837912087914e-07,1.579510571206054e-07
0.1,2.5000000000000004e-11,2.515570054945055e-07,1.5814221410051178e-07
0.1,2.5000000000000004e-11,2.520556318681319e-07,1.583309567398076e-07
0.1,2.5000000000000004e-11,2.5255425824175825e-07,1.5851589181955643e-07
0.1,2.5000000000000004e-11,2.5305288461538467e-07,1.5869761753588733e-07
0.1,2.5000000000000004e-11,2.5355151098901104e-07,1.5887676879544338e-07
0.1,2.5000000000000004e-11,2.540501373626374e-07,1.5905196173853997e-07
0.1,2.5000000000000004e-11,2.545487637362638e-07,1.5922415919058767e-07
0.1,2.5000000000000004e-11,2.5504739010989014e-07,1.593935872804672e-07
0.1,2.5000000000000004e-11,2.555460164835165e-07,1.5955907071939807e-07
0.1,2.5000000000000004e-11,2.560446428571429e-07,1.597215514385464e-07
0.1,2.5000000000000004e-11,2.5654326923076925e-07,1.5988125970726427e-07
0.1,2.5000000000000004e-11,2.570418956043956e-07,1.600370250800124e-07
0.1,2.5000000000000004e-11,2.57540521978022e-07,1.6018961637942477e-07
0.1,2.5000000000000004e-11,2.580391483516484e-07,1.603395597733922e-07
0.1,2.5000000000000004e-11,2.585377747252748e-07,1.6048564865786745e-07
0.1,2.5000000000000004e-11,2.5903640109890114e-07,1.6062828072954994e-07
0.1,2.5000000000000004e-11,2.595350274725275e-07,1.607681381263938e-07
0.1,2.5000000000000004e-11,2.600336538461539e-07,1.6090471100533992e-07
0.1,2.5000000000000004e-11,2.6053228021978025e-07,1.610374797311415e-07
0.1,2.5000000000000004e-11,2.610309065934066e-07,1.6116700026388986e-07
0.1,2.5000000000000004e-11,2.61529532967033e-07,1.6129375868031932e-07
0.1,2.5000000000000004e-11,2.6202815934065936e-07,1.6141696078142591e-07
0.1,2.5000000000000004e-11,2.625267857142857e-07,1.6153646259449217e-07
0.1,2.5000000000000004e-11,2.630254120879121e-07,1.6165267506863123e-07
0.1,2.5000000000000004e-11,2.635240384615385e-07,1.6176597790584032e-07
0.1,2.5000000000000004e-11,2.640226648351649e-07,1.618759876578495e-07
0.1,2.5000000000000004e-11,2.6452129120879125e-07,1.6198222730565595e-07
0.1,2.5000000000000004e-11,2.650199175824176e-07,1.6208500088180043e-07
0.1,2.5000000000000004e-11,2.65518543956044e-07,1.6218456215228656e-07
0.1,2.5000000000000004e-11,2.6601717032967036e-07,1.6228115461510233e-07
0.1,2.5000000000000004e-11,2.6651579670329673e-07,1.6237428254563672e-07
0.1,2.5000000000000004e-11,2.670144230769231e-07,1.624637215339278e-07
0.1,2.5000000000000004e-11,2.6751304945054946e-07,1.6254966157183917e-07
0.1,2.5000000000000004e-11,2.6801167582417583e-07,1.6263225569421721e-07
0.1,2.5000000000000004e-11,2.6851030219780225e-07,1.6271162323133244e-07
0.1,2.5000000000000004e-11,2.690089285714286e-07,1.6278788925178045e-07
0.1,2.5000000000000004e-11,2.69507554945055e-07,1.628606223293363e-07
0.1,2.5000000000000004e-11,2.7000618131868136e-07,1.6292973126928942e-07
0.1,2.5000000000000004e-11,2.7050480769230773e-07,1.6299531332961957e-07
0.1,2.5000000000000004e-11,2.710034340659341e-07,1.630574426530596e-07
0.1,2.5000000000000004e-11,2.7150206043956047e-07,1.631161728748259e-07
0.1,2.5000000000000004e-11,2.7200068681318683e-07,1.6317153959873437e-07
0.1,2.5000000000000004e-11,2.724993131868132e-07,1.6322356275125282e-07
0.1,2.5000000000000004e-11,2.7299793956043957e-07,1.6327229670111143e-07
0.1,2.5000000000000004e-11,2.7349656593406594e-07,1.6331755081393764e-07
0.1,2.5000000000000004e-11,2.7399519230769236e-07,1.633592321364829e-07
0.1,2.5000000000000004e-11,2.7449381868131873e-07,1.633973722541309e-07
0.1,2.5000000000000004e-11,2.749924450549451e-07,1.63431993107182e-07
0.1,2.5000000000000004e-11,2.7549107142857147e-07,1.634631086153955e-07
0.1,2.5000000000000004e-11,2.7598969780219784e-07,1.634907261667246e-07
0.1,2.5000000000000004e-11,2.764883241758242e-07,1.6351484796880682e-07
0.1,2.5000000000000004e-11,2.769869505494506e-07,1.6353547226098237e-07
0.1,2.5000000000000004e-11,2.7748557692307694e-07,1.635525943838175e-07
0.1,2.5000000000000004e-11,2.779842032967033e-07,1.6356620770266701e-07
0.1,2.5000000000000004e-11,2.784828296703297e-07,1.635763043815806e-07
0.1,2.5000000000000004e-11,2.789814560439561e-07,1.6358287600367778e-07
0.1,2.5000000000000004e-11,2.7948008241758247e-07,1.6358591403421364e-07
0.1,2.5000000000000004e-11,2.7997870879120884e-07,1.635854101227292e-07
0.1,2.5000000000000004e-11,2.804773351648352e-07,1.6358135624098374e-07
0.1,2.5000000000000004e-11,2.809759615384616e-07,1.635737446536415e-07
0.1,2.5000000000000004e-11,2.8147458791208794e-07,1.6356256771918593e-07
0.1,2.5000000000000004e-11,2.819732142857143e-07,1.6354781751886051e-07
0.1,2.5000000000000004e-11,2.824718406593407e-07,1.6352948531180288e-07
0.1,2.5000000000000004e-11,2.8297046703296705e-07,1.6350756081490256e-07
0.1,2.5000000000000004e-11,2.834690934065934e-07,1.6348203130605017e-07
0.1,2.5000000000000004e-11,2.8396771978021984e-07,1.6345288054957596e-07
0.1,2.5000000000000004e-11,2.844663461538462e-07,1.6342008754250868e-07
0.1,2.5000000000000004e-11,2.849649725274726e-07,1.6338362508003153e-07
0.1,2.5000000000000004e-11,2.8546359890109895e-07,1.6334345813790906e-07
0.1,2.5000000000000004e-11,2.859622252747253e-07,1.632995420688185e-07
0.1,2.5000000000000004e-11,2.864608516483517e-07,1.6325182060836825e-07
0.1,2.5000000000000004e-11,2.8695947802197805e-07,1.632005608973954e-07
0.1,2.5000000000000004e-11,2.874581043956044e-07,1.6314572990402928e-07
0.1,2.5000000000000004e-11,2.879567307692308e-07,1.630872897145532e-07
0.1,2.5000000000000004e-11,2.8845535714285716e-07,1.630251925944223e-07
0.1,2.5000000000000004e-11,2.8895398351648353e-07,1.62959371484279e-07
0.1,2.5000000000000004e-11,2.8945260989010995e-07,1.6288973692353865e-07
0.1,2.5000000000000004e-11,2.899512362637363e-07,1.6281617375679288e-07
0.1,2.5000000000000004e-11,2.904498626373627e-07,1.627385868264757e-07
0.1,2.5000000000000004e-11,2.9094848901098905e-07,1.6265750622322294e-07
0.1,2.5000000000000004e-11,2.914471153846154e-07,1.625728508140532e-07
0.1,2.5000000000000004e-11,2.919457417582418e-07,1.6248447794262408e-07
0.1,2.5000000000000004e-11,2.9244436813186816e-07,1.6239220525309232e-07
0.1,2.5000000000000004e-11,2.9294299450549453e-07,1.622958061966797e-07
0.1,2.5000000000000004e-11,2.934416208791209e-07,1.621953724093084e-07
0.1,2.5000000000000004e-11,2.9394024725274727e-07,1.6209152440524943e-07
0.1,2.5000000000000004e-11,2.944388736263737e-07,1.6198397584781218e-07
0.1,2.5000000000000004e-11,2.9493750000000006e-07,1.6187241525826964e-07
0.1,2.5000000000000004e-11,2.954361263736264e-07,1.6175646741949416e-07
0.1,2.5000000000000004e-11,2.959347527472528e-07,1.6163681391053685e-07
0.1,2.5000000000000004e-11,2.9643337912087916e-07,1.6151362419510632e-07
0.1,2.5000000000000004e-11,2.9693200549450553e-07,1.613864354016779e-07
0.1,2.5000000000000004e-11,2.974306318681319e-07,1.6125472214147872e-07
0.1,2.5000000000000004e-11,2.9792925824175827e-07,1.61119268695847e-07
0.1,2.5000000000000004e-11,2.9842788461538464e-07,1.6098023296102248e-07
0.1,2.5000000000000004e-11,2.98926510989011e-07,1.6083696585081993e-07
0.1,2.5000000000000004e-11,2.994251373626374e-07,1.6068911955583977e-07
0.1,2.5000000000000004e-11,2.999237637362638e-07,1.6053787093496758e-07
0.1,2.5000000000000004e-11,3.0042239010989016e-07,1.6038261690224898e-07
0.1,2.5000000000000004e-11,3.0092101648351653e-07,1.602225776967759e-07
0.1,2.5000000000000004e-11,3.014196428571429e-07,1.6005895789359217e-07
0.1,2.5000000000000004e-11,3.0191826923076927e-07,1.5989142119716707e-07
0.1,2.5000000000000004e-11,3.0241689560439564e-07,1.5971900308471255e-07
0.1,2.5000000000000004e-11,3.02915521978022e-07,1.5954297406684885e-07
0.1,2.5000000000000004e-11,3.034141483516484e-07,1.593628921118606e-07
0.1,2.5000000000000004e-11,3.0391277472527474e-07,1.5917787232972977e-07
0.1,2.5000000000000004e-11,3.044114010989011e-07,1.589893739463008e-07
0.1,2.5000000000000004e-11,3.0491002747252753e-07,1.5879635952642962e-07
0.1,2.5000000000000004e-11,3.054086538461539e-07,1.5859876200586863e-07
0.1,2.5000000000000004e-11,3.0590728021978027e-07,1.5839751671389814e-07
0.1,2.5000000000000004e-11,3.0640590659340664e-07,1.5819115291229918e-07
0.1,2.5000000000000004e-11,3.06904532967033e-07,1.5798115896651135e-07
0.1,2.5000000000000004e-11,3.074031593406594e-07,1.5776642640554976e-07
0.1,2.5000000000000004e-11,3.0790178571428575e-07,1.5754731839614669e-07
0.1,2.5000000000000004e-11,3.084004120879121e-07,1.5732410267385128e-07
0.1,2.5000000000000004e-11,3.088990384615385e-07,1.5709587592911022e-07
0.1,2.5000000000000004e-11,3.0939766483516485e-07,1.5686388201434412e-07
0.1,2.5000000000000004e-11,3.098962912087912e-07,1.5662663124520958e-07
0.1,2.5000000000000004e-11,3.1039491758241764e-07,1.563856619181109e-07
0.1,2.5000000000000004e-11,3.10893543956044e-07,1.561393538439826e-07
0.1,2.5000000000000004e-11,3.113921703296704e-07,1.558892753024811e-07
0.1,2.5000000000000004e-11,3.1189079670329675e-07,1.5563381529601556e-07
0.1,2.5000000000000004e-11,3.123894230769231e-07,1.5537451484145265e-07
0.1,2.5000000000000004e-11,3.128880494505495e-07,1.5510980275729755e-07
0.1,2.5000000000000004e-11,3.1338667582417585e-07,1.5484113883732206e-07
0.1,2.5000000000000004e-11,3.138853021978022e-07,1.5456711397659336e-07
0.1,2.5000000000000004e-11,3.143839285714286e-07,1.542888589724106e-07
0.1,2.5000000000000004e-11,3.1488255494505496e-07,1.540055342241674e-07
0.1,2.5000000000000004e-11,3.153811813186814e-07,1.5371738254508607e-07
0.1,2.5000000000000004e-11,3.1587980769230775e-07,1.5342479573411468e-07
0.1,2.5000000000000004e-11,3.163784340659341e-07,1.531267695206798e-07
0.1,2.5000000000000004e-11,3.168770604395605e-07,1.5282452031071442e-07
0.1,2.5000000000000004e-11,3.1737568681318686e-07,1.525168212402006e-07
0.1,2.5000000000000004e-11,3.178743131868132e-07,1.522042527881982e-07
0.1,2.5000000000000004e-11,3.183729395604396e-07,1.5188711320560259e-07
0.1,2.5000000000000004e-11,3.1887156593406596e-07,1.5156438191107494e-07
0.1,2.5000000000000004e-11,3.1937019230769233e-07,1.5123694353130965e-07
0.1,2.5000000000000004e-11,3.198688186813187e-07,1.5090455573543002e-07
0.1,2.5000000000000004e-11,3.2036744505494507e-07,1.505666034057596e-07
0.1,2.5000000000000004e-11,3.208660714285715e-07,1.5022380269726135e-07
0.1,2.5000000000000004e-11,3.2136469780219786e-07,1.4987601786735408e-07
0.1,2.5000000000000004e-11,3.218633241758242e-07,1.4952257422119058e-07
0.1,2.5000000000000004e-11,3.223619505494506e-07,1.491639767599985e-07
0.1,2.5000000000000004e-11,3.2286057692307696e-07,1.48800496519359e-07
0.1,2.5000000000000004e-11,3.2335920329670333e-07,1.484313716126773e-07
0.1,2.5000000000000004e-11,3.238578296703297e-07,1.48056726436565e-07
0.1,2.5000000000000004e-11,3.2435645604395607e-07,1.4767685105638174e-07
0.1,2.5000000000000004e-11,3.2485508241758244e-07,1.4729184417686719e-07
0.1,2.5000000000000004e-11,3.253537087912088e-07,1.4690111669477258e-07
0.1,2.5000000000000004e-11,3.2585233516483523e-07,1.46504731984915e-07
0.1,2.5000000000000004e-11,3.263509615384616e-07,1.4610284269155495e-07
0.1,2.5000000000000004e-11,3.2684958791208797e-07,1.4569554136061217e-07
0.1,2.5000000000000004e-11,3.2734821428571433e-07,1.4528279309095359e-07
0.1,2.5000000000000004e-11,3.278468406593407e-07,1.4486421332589923e-07
0.1,2.5000000000000004e-11,3.2834546703296707e-07,1.444398336119156e-07
0.1,2.5000000000000004e-11,3.2884409340659344e-07,1.440097003923723e-07
0.1,2.5000000000000004e-11,3.293427197802198e-07,1.435738289669702e-07
0.1,2.5000000000000004e-11,3.298413461538462e-07,1.4313220981100896e-07
0.1,2.5000000000000004e-11,3.3033997252747255e-07,1.4268481423810596e-07
0.1,2.5000000000000004e-11,3.308385989010989e-07,1.4223159943740975e-07
0.1,2.5000000000000004e-11,3.3133722527472534e-07,1.417724589955744e-07
0.1,2.5000000000000004e-11,3.318358516483517e-07,1.4130728927901675e-07
0.1,2.5000000000000004e-11,3.3233447802197807e-07,1.408360926826812e-07
0.1,2.5000000000000004e-11,3.3283310439560444e-07,1.4035884543366754e-07
0.1,2.5000000000000004e-11,3.333317307692308e-07,1.3987551763794937e-07
0.1,2.5000000000000004e-11,3.338303571428572e-07,1.393860752363027e-07
0.1,2.5000000000000004e-11,3.3432898351648355e-07,1.388904814482018e-07
0.1,2.5000000000000004e-11,3.348276098901099e-07,1.383886977219969e-07
0.1,2.5000000000000004e-11,3.353262362637363e-07,1.3788068420957584e-07
0.1,2.5000000000000004e-11,3.3582486263736265e-07,1.3736639978381298e-07
0.1,2.5000000000000004e-11,3.363234890109891e-07,1.3684580161727515e-07
0.1,2.5000000000000004e-11,3.3682211538461544e-07,1.3631884434071922e-07
0.1,2.5000000000000004e-11,3.373207417582418e-07,1.3578547879979292e-07
0.1,2.5000000000000004e-11,3.378193681318682e-07,1.35245640919781e-07
0.1,2.5000000000000004e-11,3.3831799450549455e-07,1.3469925083117743e-07
0.1,2.5000000000000004e-11,3.388166208791209e-07,1.3414639978883737e-07
0.1,2.5000000000000004e-11,3.393152472527473e-07,1.335870545902024e-07
0.1,2.5000000000000004e-11,3.3981387362637366e-07,1.330211714877328e-07
0.1,2.5000000000000004e-11,3.403125e-07,1.3244869269424254e-07
0.1,2.5000000000000004e-11,3.408111263736264e-07,1.318695426168454e-07
0.1,2.5000000000000004e-11,3.413097527472528e-07,1.3128362382651266e-07
0.1,2.5000000000000004e-11,3.418083791208792e-07,1.3069074915623438e-07
0.1,2.5000000000000004e-11,3.4230700549450555e-07,1.3009118017008174e-07
0.1,2.5000000000000004e-11,3.428056318681319e-07,1.2948492732102038e-07
0.1,2.5000000000000004e-11,3.433042582417583e-07,1.2887184799758127e-07
0.1,2.5000000000000004e-11,3.4380288461538466e-07,1.2825175743911455e-07
0.1,2.5000000000000004e-11,3.44301510989011e-07,1.2762445941472337e-07
0.1,2.5000000000000004e-11,3.448001373626374e-07,1.2699044973222718e-07
0.1,2.5000000000000004e-11,3.4529876373626376e-07,1.263494897350543e-07
0.1,2.5000000000000004e-11,3.4579739010989013e-07,1.257011917178721e-07
0.1,2.5000000000000004e-11,3.462960164835165e-07,1.2504580317673464e-07
0.1,2.5000000000000004e-11,3.467946428571429e-07,1.2438349559538063e-07
0.1,2.5000000000000004e-11,3.472932692307693e-07,1.2371377605678676e-07
0.1,2.5000000000000004e-11,3.4779189560439566e-07,1.2303674753028416e-07
0.1,2.5000000000000004e-11,3.4829052197802203e-07,1.2235271400993808e-07
0.1,2.5000000000000004e-11,3.487891483516484e-07,1.2166100797093054e-07
0.1,2.5000000000000004e-11,3.4928777472527477e-07,1.2096212312775498e-07
0.1,2.5000000000000004e-11,3.4978640109890113e-07,1.2025591624697353e-07
0.1,2.5000000000000004e-11,3.502850274725275e-07,1.1954187120003515e-07
0.1,2.5000000000000004e-11,3.5078365384615387e-07,1.1882071836898416e-07
0.1,2.5000000000000004e-11,3.5128228021978024e-07,1.1809158662935514e-07
0.1,2.5000000000000004e-11,3.5178090659340666e-07,1.1735522546491741e-07
0.1,2.5000000000000004e-11,3.5227953296703303e-07,1.166108328795479e-07
0.1,2.5000000000000004e-11,3.527781593406594e-07,1.158590611021122e-07
0.1,2.5000000000000004e-11,3.5327678571428577e-07,1.1509916473924522e-07
0.1,2.5000000000000004e-11,3.5377541208791214e-07,1.1433179422452513e-07
0.1,2.5000000000000004e-11,3.542740384615385e-07,1.1355614538914262e-07
0.1,2.5000000000000004e-11,3.5477266483516487e-07,1.127729435407684e-07
0.1,2.5000000000000004e-11,3.5527129120879124e-07,1.1198132807130518e-07
0.1,2.5000000000000004e-11,3.557699175824176e-07,1.1118182021606539e-07
0.1,2.5000000000000004e-11,3.56268543956044e-07,1.1037420568967192e-07
0.1,2.5000000000000004e-11,3.5676717032967035e-07,1.0955813840926518e-07
0.1,2.5000000000000004e-11,3.5726579670329677e-07,1.0873408629787058e-07
0.1,2.5000000000000004e-11,3.5776442307692314e-07,1.0790140725170867e-07
0.1,2.5000000000000004e-11,3.582630494505495e-07,1.0706020560533109e-07
0.1,2.5000000000000004e-11,3.587616758241759e-07,1.0621068511142026e-07
0.1,2.5000000000000004e-11,3.5926030219780224e-07,1.0535242230756127e-07
0.1,2.5000000000000004e-11,3.597589285714286e-07,1.0448525712512906e-07
0.1,2.5000000000000004e-11,3.60257554945055e-07,1.0360933384641675e-07
0.1,2.5000000000000004e-11,3.6075618131868135e-07,1.0272463117517406e-07
0.1,2.5000000000000004e-11,3.612548076923077e-07,1.0183071902496613e-07
0.1,2.5000000000000004e-11,3.617534340659341e-07,1.0092750665117367e-07
0.1,2.5000000000000004e-11,3.622520604395605e-07,1.0001499647576751e-07
0.1,2.5000000000000004e-11,3.627506868131869e-07,9.909308171052311e-08
0.1,2.5000000000000004e-11,3.6324931318681325e-07,9.816162428772067e-08
0.1,2.5000000000000004e-11,3.637479395604396e-07,9.722046147818328e-08
0.1,2.5000000000000004e-11,3.64246565934066e-07,9.626934322459444e-08
0.1,2.5000000000000004e-11,3.6474519230769235e-07,9.530804239872476e-08
0.1,2.5000000000000004e-11,3.652438186813187e-07,9.433646990882272e-08
0.1,2.5000000000000004e-11,3.657424450549451e-07,9.335443520902668e-08
0.1,2.5000000000000004e-11,3.6624107142857146e-07,9.2361731950654e-08
0.1,2.5000000000000004e-11,3.667396978021978e-07,9.135813885589461e-08
0.1,2.5000000000000004e-11,3.672383241758242e-07,9.034341957110354e-08
0.1,2.5000000000000004e-11,3.677369505494506e-07,8.931732147746664e-08
0.1,2.5000000000000004e-11,3.68235576923077e-07,8.82795734267921e-08
0.1,2.5000000000000004e-11,3.6873420329670335e-07,8.722981601219479e-08
0.1,2.5000000000000004e-11,3.692328296703297e-07,8.616771188097784e-08
0.1,2.5000000000000004e-11,3.697314560439561e-07,8.509306686964883e-08
0.1,2.5000000000000004e-11,3.7023008241758246e-07,8.40055420434869e-08
0.1,2.5000000000000004e-11,3.7072870879120883e-07,8.29047586623589e-08
0.1,2.5000000000000004e-11,3.712273351648352e-07,8.179028810906687e-08
0.1,2.5000000000000004e-11,3.7172596153846156e-07,8.066138162887198e-08
0.1,2.5000000000000004e-11,3.7222458791208793e-07,7.951788556474878e-08
0.1,2.5000000000000004e-11,3.7272321428571435e-07,7.835940889428504e-08
0.1,2.5000000000000004e-11,3.732218406593407e-07,7.718507040759767e-08
0.1,2.5000000000000004e-11,3.737204670329671e-07,7.599431345661318e-08
0.1,2.5000000000000004e-11,3.7421909340659346e-07,7.478688955385618e-08
0.1,2.5000000000000004e-11,3.7471771978021983e-07,7.356134748490014e-08
0.1,2.5000000000000004e-11,3.752163461538462e-07,7.231774308973556e-08
0.1,2.5000000000000004e-11,3.7571497252747257e-07,7.105447072639235e-08
0.1,2.5000000000000004e-11,3.7621359890109894e-07,6.977141138322278e-08
0.1,2.5000000000000004e-11,3.767122252747253e-07,6.846661808829836e-08
0.1,2.5000000000000004e-11,3.7721085164835167e-07,6.713976043900085e-08
0.1,2.5000000000000004e-11,3.7770947802197804e-07,6.578945481791979e-08
0.1,2.5000000000000004e-11,3.7820810439560446e-07,6.441385851378852e-08
0.1,2.5000000000000004e-11,3.7870673076923083e-07,6.301193645680941e-08
0.1,2.5000000000000004e-11,3.792053571428572e-07,6.158197504433092e-08
0.1,2.5000000000000004e-11,3.7970398351648357e-07,6.01220333071107e-08
0.1,2.5000000000000004e-11,3.8020260989010994e-07,5.8629942044017435e-08
0.1,2.5000000000000004e-11,3.807012362637363e-07,5.710328875945488e-08
0.1,2.5000000000000004e-11,3.811998626373627e-07,5.553938511886422e-08
0.1,2.5000000000000004e-11,3.8169848901098904e-07,5.3935212806104707e-08
0.1,2.5000000000000004e-11,3.821971153846154e-07,5.228734262476908e-08
0.1,2.5000000000000004e-11,3.826957417582418e-07,5.059078432455233e-08
0.1,2.5000000000000004e-11,3.831943681318682e-07,4.884167351627268e-08
0.1,2.5000000000000004e-11,3.8369299450549457e-07,4.703338945219713e-08
0.1,2.5000000000000004e-11,3.8419162087912094e-07,4.5159781022770226e-08
0.1,2.5000000000000004e-11,3.846902472527473e-07,4.3212008461478564e-08
0.1,2.5000000000000004e-11,3.851888736263737e-07,4.117937548722878e-08
0.1,2.5000000000000004e-11,3.8568750000000004e-07,3.9048920178399964e-08
0.1,2.5000000000000004e-11,3.861861263736264e-07,3.6804711268297066e-08
0.1,2.5000000000000004e-11,3.866847527472528e-07,3.442299576507984e-08
0.1,2.5000000000000004e-11,3.8718337912087915e-07,3.187456893608239e-08
0.1,2.5000000000000004e-11,3.876820054945055e-07,2.9115007606879802e-08
0.1,2.5000000000000004e-11,3.8818063186813194e-07,2.6077673851813474e-08
0.1,2.5000000000000004e-11,3.886792582417583e-07,2.2651809229935913e-08
0.1,2.5000000000000004e-11,3.891778846153847e-07,1.862319054283721e-08
0.1,2.5000000000000004e-11,3.8967651098901105e-07,1.3461951338190758e-08
0.1,2.5000000000000004e-11,3.901751373626374e-07,4.0412334885315945e-09
0.5,1.25e-10,-3.901751373626374e-07,4.95374257734477e-09
0.5,1.25e-10,-3.8967651098901105e-07,1.376657348620922e-08
0.5,1.25e-10,-3.891778846153847e-07,1.8844359627305618e-08
0.5,1.25e-10,-3.886792582417583e-07,2.283465310752468e-08
0.5,1.25e-10,-3.8818063186813194e-07,2.623810514288631e-08
0.5,1.25e-10,-3.876820054945055e-07,2.9259269709641954e-08
0.5,1.25e-10,-3.8718337912087915e-07,3.200606783373262e-08
0.5,1.25e-10,-3.866847527472528e-07,3.454542358599123e-08
0.5,1.25e-10,-3.861861263736264e-07,3.691938356281044e-08
0.5,1.25e-10,-3.8568750000000004e-07,3.915800427781486e-08
0.5,1.25e-10,-3.851888736263737e-07,4.128316439949816e-08
0.5,1.25e-10,-3.846902472527473e-07,4.331106987765124e-08
0.5,1.25e-10,-3.8419162087912094e-07,4.5255293977676015e-08
0.5,1.25e-10,-3.8369299450549457e-07,4.712523468193577e-08
0.5,1.25e-10,-3.831943681318682e-07,4.8930165175227325e-08
0.5,1.25e-10,-3.826957417582418e-07,5.067683327683561e-08
0.5,1.25e-10,-3.821971153846154e-07,5.237052608570018e-08
0.5,1.25e-10,-3.8169848901098904e-07,5.4016260084995464e-08
0.5,1.25e-10,-3.811998626373627e-07,5.561845097188257e-08
0.5,1.25e-10,-3.807012362637363e-07,5.718049531008027e-08
0.5,1.25e-10,-3.8020260989010994e-07,5.870538891679302e-08
0.5,1.25e-10,-3.7970398351648357e-07,6.019580637148778e-08
0.5,1.25e-10,-3.792053571428572e-07,6.165415395866731e-08
0.5,1.25e-10,-3.7870673076923083e-07,6.308260116703736e-08
0.5,1.25e-10,-3.7820810439560446e-07,6.448309483839786e-08
0.5,1.25e-10,-3.7770947802197804e-07,6.585735923750246e-08
0.5,1.25e-10,-3.7721085164835167e-07,6.720668993276373e-08
0.5,1.25e-10,-3.767122252747253e-07,6.8532261858341e-08
0.5,1.25e-10,-3.7621359890109894e-07,6.983589493095221e-08
0.5,1.25e-10,-3.7571497252747257e-07,7.111805591369853e-08
0.5,1.25e-10,-3.752163461538462e-07,7.238022921540377e-08
0.5,1.25e-10,-3.7471771978021983e-07,7.362300991450124e-08
0.5,1.25e-10,-3.7421909340659346e-07,7.484753790809484e-08
0.5,1.25e-10,-3.737204670329671e-07,7.605416784965734e-08
0.5,1.25e-10,-3.732218406593407e-07,7.724423657700155e-08
0.5,1.25e-10,-3.7272321428571435e-07,7.841758623806151e-08
0.5,1.25e-10,-3.7222458791208793e-07,7.957535426117238e-08
0.5,1.25e-10,-3.7172596153846156e-07,8.071820795762543e-08
0.5,1.25e-10,-3.712273351648352e-07,8.184623440143618e-08
0.5,1.25e-10,-3.7072870879120883e-07,8.296002567148438e-08
0.5,1.25e-10,-3.7023008241758246e-07,8.406017173407279e-08
0.5,1.25e-10,-3.697314560439561e-07,8.514709161871553e-08
0.5,1.25e-10,-3.692328296703297e-07,8.622115575887881e-08
0.5,1.25e-10,-3.6873420329670335e-07,8.728256912641182e-08
0.5,1.25e-10,-3.68235576923077e-07,8.833165140767555e-08
0.5,1.25e-10,-3.677369505494506e-07,8.936881036294177e-08
0.5,1.25e-10,-3.672383241758242e-07,9.039433536825548e-08
0.5,1.25e-10,-3.667396978021978e-07,9.140849490779541e-08
0.5,1.25e-10,-3.6624107142857146e-07,9.24115399158811e-08
0.5,1.25e-10,-3.657424450549451e-07,9.340370600385915e-08
0.5,1.25e-10,-3.652438186813187e-07,9.438521461441647e-08
0.5,1.25e-10,-3.6474519230769235e-07,9.535627313522784e-08
0.5,1.25e-10,-3.64246565934066e-07,9.631707399407296e-08
0.5,1.25e-10,-3.637479395604396e-07,9.72677927479754e-08
0.5,1.25e-10,-3.6324931318681325e-07,9.820847579983805e-08
0.5,1.25e-10,-3.627506868131869e-07,9.913940272200133e-08
0.5,1.25e-10,-3.622520604395605e-07,1.0006080325820024e-07
0.5,1.25e-10,-3.617534340659341e-07,1.0097282124427342e-07
0.5,1.25e-10,-3.612548076923077e-07,1.0187556992596683e-07
0.5,1.25e-10,-3.6075618131868135e-07,1.0276912424646897e-07
0.5,1.25e-10,-3.60257554945055e-07,1.0365335226842914e-07
0.5,1.25e-10,-3.597589285714286e-07,1.045287742575366e-07
0.5,1.25e-10,-3.5926030219780224e-07,1.0539548633323907e-07
0.5,1.25e-10,-3.587616758241759e-07,1.0625345146564306e-07
0.5,1.25e-10,-3.582630494505495e-07,1.0710244952293301e-07
0.5,1.25e-10,-3.5776442307692314e-07,1.0794318455970847e-07
0.5,1.25e-10,-3.5726579670329677e-07,1.087755199975073e-07
0.5,1.25e-10,-3.5676717032967035e-07,1.095991193221008e-07
0.5,1.25e-10,-3.56268543956044e-07,1.1041473518916439e-07
0.5,1.25e-10,-3.557699175824176e-07,1.1122205827735465e-07
0.5,1.25e-10,-3.5527129120879124e-07,1.1202105482933121e-07
0.5,1.25e-10,-3.5477266483516487e-07,1.1281227918425331e-07
0.5,1.25e-10,-3.542740384615385e-07,1.1359509757231146e-07
0.5,1.25e-10,-3.5377541208791214e-07,1.1437032192855928e-07
0.5,1.25e-10,-3.5327678571428577e-07,1.1513735041062918e-07
0.5,1.25e-10,-3.527781593406594e-07,1.1589680384496984e-07
0.5,1.25e-10,-3.5227953296703303e-07,1.1664824842598486e-07
0.5,1.25e-10,-3.5178090659340666e-07,1.1739219909931467e-07
0.5,1.25e-10,-3.5128228021978024e-07,1.1812822521281171e-07
0.5,1.25e-10,-3.5078365384615387e-07,1.1885693994936417e-07
0.5,1.25e-10,-3.502850274725275e-07,1.19577731175313e-07
0.5,1.25e-10,-3.4978640109890113e-07,1.2029141227919862e-07
0.5,1.25e-10,-3.4928777472527477e-07,1.209972163473975e-07
0.5,1.25e-10,-3.487891483516484e-07,1.2169581863537986e-07
0.5,1.25e-10,-3.4829052197802203e-07,1.2238707393879814e-07
0.5,1.25e-10,-3.4779189560439566e-07,1.2307075841099e-07
0.5,1.25e-10,-3.472932692307693e-07,1.237475334176125e-07
0.5,1.25e-10,-3.467946428571429e-07,1.2441676499742575e-07
0.5,1.25e-10,-3.462960164835165e-07,1.2507873577520897e-07
0.5,1.25e-10,-3.4579739010989013e-07,1.257338618307192e-07
0.5,1.25e-10,-3.4529876373626376e-07,1.2638169822116868e-07
0.5,1.25e-10,-3.448001373626374e-07,1.2702230437889825e-07
0.5,1.25e-10,-3.44301510989011e-07,1.2765601708309364e-07
0.5,1.25e-10,-3.4380288461538466e-07,1.2828295626252342e-07
0.5,1.25e-10,-3.433042582417583e-07,1.2890265907437831e-07
0.5,1.25e-10,-3.428056318681319e-07,1.2951539401604212e-07
0.5,1.25e-10,-3.4230700549450555e-07,1.301213392870982e-07
0.5,1.25e-10,-3.418083791208792e-07,1.307206313133974e-07
0.5,1.25e-10,-3.413097527472528e-07,1.313131036788729e-07
0.5,1.25e-10,-3.408111263736264e-07,1.3189865856083358e-07
0.5,1.25e-10,-3.403125e-07,1.3247746823594e-07
0.5,1.25e-10,-3.3981387362637366e-07,1.330496255100184e-07
0.5,1.25e-10,-3.393152472527473e-07,1.3361520173546755e-07
0.5,1.25e-10,-3.388166208791209e-07,1.3417425084095522e-07
0.5,1.25e-10,-3.3831799450549455e-07,1.3472681309826416e-07
0.5,1.25e-10,-3.378193681318682e-07,1.3527285107057414e-07
0.5,1.25e-10,-3.373207417582418e-07,1.3581233658315828e-07
0.5,1.25e-10,-3.3682211538461544e-07,1.3634536827463808e-07
0.5,1.25e-10,-3.363234890109891e-07,1.3687199882565543e-07
0.5,1.25e-10,-3.3582486263736265e-07,1.3739227588345725e-07
0.5,1.25e-10,-3.353262362637363e-07,1.3790624368576687e-07
0.5,1.25e-10,-3.348276098901099e-07,1.3841394429999243e-07
0.5,1.25e-10,-3.3432898351648355e-07,1.3891541845961774e-07
0.5,1.25e-10,-3.338303571428572e-07,1.394107059792276e-07
0.5,1.25e-10,-3.333317307692308e-07,1.398998457295871e-07
0.5,1.25e-10,-3.3283310439560444e-07,1.4038287515427992e-07
0.5,1.25e-10,-3.3233447802197807e-07,1.4085982930969774e-07
0.5,1.25e-10,-3.318358516483517e-07,1.413307394102935e-07
0.5,1.25e-10,-3.3133722527472534e-07,1.417956308610186e-07
0.5,1.25e-10,-3.308385989010989e-07,1.4225452075837645e-07
0.5,1.25e-10,-3.3033997252747255e-07,1.4270741329419341e-07
0.5,1.25e-10,-3.298413461538462e-07,1.4315448501521425e-07
0.5,1.25e-10,-3.293427197802198e-07,1.4359578945280088e-07
0.5,1.25e-10,-3.2884409340659344e-07,1.4403135846660102e-07
0.5,1.25e-10,-3.2834546703296707e-07,1.4446120498071702e-07
0.5,1.25e-10,-3.278468406593407e-07,1.4488531730659618e-07
0.5,1.25e-10,-3.2734821428571433e-07,1.4530365281186549e-07
0.5,1.25e-10,-3.2684958791208797e-07,1.457161383492142e-07
0.5,1.25e-10,-3.263509615384616e-07,1.4612311141609892e-07
0.5,1.25e-10,-3.2585233516483523e-07,1.4652470106721587e-07
0.5,1.25e-10,-3.253537087912088e-07,1.4692081936878438e-07
0.5,1.25e-10,-3.2485508241758244e-07,1.473113184126002e-07
0.5,1.25e-10,-3.2435645604395607e-07,1.4769605772788164e-07
0.5,1.25e-10,-3.238578296703297e-07,1.4807561464685731e-07
0.5,1.25e-10,-3.2335920329670333e-07,1.484499884649487e-07
0.5,1.25e-10,-3.2286057692307696e-07,1.4881889428738503e-07
0.5,1.25e-10,-3.223619505494506e-07,1.4918210659931542e-07
0.5,1.25e-10,-3.218633241758242e-07,1.4954039694426845e-07
0.5,1.25e-10,-3.2136469780219786e-07,1.4989359707763994e-07
0.5,1.25e-10,-3.208660714285715e-07,1.5024118475171377e-07
0.5,1.25e-10,-3.2036744505494507e-07,1.5058365659652323e-07
0.5,1.25e-10,-3.198688186813187e-07,1.509213563768721e-07
0.5,1.25e-10,-3.1937019230769233e-07,1.512535649860229e-07
0.5,1.25e-10,-3.1887156593406596e-07,1.5158067296894334e-07
0.5,1.25e-10,-3.183729395604396e-07,1.519031634087461e-07
0.5,1.25e-10,-3.178743131868132e-07,1.5222009907431302e-07
0.5,1.25e-10,-3.1737568681318686e-07,1.5253235960817623e-07
0.5,1.25e-10,-3.168770604395605e-07,1.5283985435701863e-07
0.5,1.25e-10,-3.163784340659341e-07,1.5314184045693162e-07
0.5,1.25e-10,-3.1587980769230775e-07,1.5343960934405829e-07
0.5,1.25e-10,-3.153811813186814e-07,1.5373201153305375e-07
0.5,1.25e-10,-3.1488255494505496e-07,1.5401985979550072e-07
0.5,1.25e-10,-3.143839285714286e-07,1.543030074347415e-07
0.5,1.25e-10,-3.138853021978022e-07,1.5458097052697035e-07
0.5,1.25e-10,-3.1338667582417585e-07,1.5485478989329886e-07
0.5,1.25e-10,-3.128880494505495e-07,1.5512319961771703e-07
0.5,1.25e-10,-3.123894230769231e-07,1.5538768747206474e-07
0.5,1.25e-10,-3.1189079670329675e-07,1.556467555388373e-07
0.5,1.25e-10,-3.113921703296704e-07,1.5590198311334442e-07
0.5,1.25e-10,-3.10893543956044e-07,1.5615183742114073e-07
0.5,1.25e-10,-3.1039491758241764e-07,1.5639791603644672e-07
0.5,1.25e-10,-3.098962912087912e-07,1.5663865780150247e-07
0.5,1.25e-10,-3.0939766483516485e-07,1.5687569364123306e-07
0.5,1.25e-10,-3.088990384615385e-07,1.5710744725292802e-07
0.5,1.25e-10,-3.084004120879121e-07,1.573354852683691e-07
0.5,1.25e-10,-3.0790178571428575e-07,1.5755844047495456e-07
0.5,1.25e-10,-3.074031593406594e-07,1.577773974836472e-07
0.5,1.25e-10,-3.06904532967033e-07,1.579918436252883e-07
0.5,1.25e-10,-3.0640590659340664e-07,1.582016543755611e-07
0.5,1.25e-10,-3.0590728021978027e-07,1.5840778283004427e-07
0.5,1.25e-10,-3.054086538461539e-07,1.5860880573411464e-07
0.5,1.25e-10,-3.0491002747252753e-07,1.5880623383234648e-07
0.5,1.25e-10,-3.044114010989011e-07,1.589989851765317e-07
0.5,1.25e-10,-3.0391277472527474e-07,1.5918729804186289e-07
0.5,1.25e-10,-3.034141483516484e-07,1.5937210544815242e-07
0.5,1.25e-10,-3.02915521978022e-07,1.5955195429530842e-07
0.5,1.25e-10,-3.0241689560439564e-07,1.5972781374458584e-07
0.5,1.25e-10,-3.0191826923076927e-07,1.5990000130536713e-07
0.5,1.25e-10,-3.014196428571429e-07,1.6006731733354989e-07
0.5,1.25e-10,-3.0092101648351653e-07,1.6023076825153782e-07
0.5,1.25e-10,-3.0042239010989016e-07,1.603905827974206e-07
0.5,1.25e-10,-2.999237637362638e-07,1.605456162546257e-07
0.5,1.25e-10,-2.994251373626374e-07,1.6069668643746348e-07
0.5,1.25e-10,-2.98926510989011e-07,1.608443361006137e-07
0.5,1.25e-10,-2.9842788461538464e-07,1.6098737483668053e-07
0.5,1.25e-10,-2.9792925824175827e-07,1.611262166464266e-07
0.5,1.25e-10,-2.974306318681319e-07,1.6126152052329183e-07
0.5,1.25e-10,-2.9693200549450553e-07,1.6139299336212868e-07
0.5,1.25e-10,-2.9643337912087916e-07,1.615199702682042e-07
0.5,1.25e-10,-2.959347527472528e-07,1.6164297245808454e-07
0.5,1.25e-10,-2.954361263736264e-07,1.6176247196220738e-07
0.5,1.25e-10,-2.9493750000000006e-07,1.6187819000623886e-07
0.5,1.25e-10,-2.944388736263737e-07,1.6198954135891982e-07
0.5,1.25e-10,-2.9394024725274727e-07,1.6209689793414218e-07
0.5,1.25e-10,-2.934416208791209e-07,1.6220056818855902e-07
0.5,1.25e-10,-2.9294299450549453e-07,1.6230082412194587e-07
0.5,1.25e-10,-2.9244436813186816e-07,1.623970102497548e-07
0.5,1.25e-10,-2.919457417582418e-07,1.6248908261150056e-07
0.5,1.25e-10,-2.914471153846154e-07,1.6257726543541135e-07
0.5,1.25e-10,-2.9094848901098905e-07,1.6266173898189166e-07
0.5,1.25e-10,-2.904498626373627e-07,1.627426440225184e-07
0.5,1.25e-10,-2.899512362637363e-07,1.6282004203820224e-07
0.5,1.25e-10,-2.8945260989010995e-07,1.628934050543641e-07
0.5,1.25e-10,-2.8895398351648353e-07,1.6296284597834666e-07
0.5,1.25e-10,-2.8845535714285716e-07,1.630284785894397e-07
0.5,1.25e-10,-2.879567307692308e-07,1.6309039114003342e-07
0.5,1.25e-10,-2.874581043956044e-07,1.6314864963876663e-07
0.5,1.25e-10,-2.8695947802197805e-07,1.6320330091719333e-07
0.5,1.25e-10,-2.864608516483517e-07,1.63254390795871e-07
0.5,1.25e-10,-2.859622252747253e-07,1.633019197611574e-07
0.5,1.25e-10,-2.8546359890109895e-07,1.6334564649787183e-07
0.5,1.25e-10,-2.849649725274726e-07,1.633856266306818e-07
0.5,1.25e-10,-2.844663461538462e-07,1.6342190427158437e-07
0.5,1.25e-10,-2.8396771978021984e-07,1.6345451400451655e-07
0.5,1.25e-10,-2.834690934065934e-07,1.6348348267982627e-07
0.5,1.25e-10,-2.8297046703296705e-07,1.6350883102278781e-07
0.5,1.25e-10,-2.824718406593407e-07,1.6353057505916933e-07
0.5,1.25e-10,-2.819732142857143e-07,1.6354872736002304e-07
0.5,1.25e-10,-2.8147458791208794e-07,1.635632981073867e-07
0.5,1.25e-10,-2.809759615384616e-07,1.6357429598217329e-07
0.5,1.25e-10,-2.804773351648352e-07,1.6358172887552585e-07
0.5,1.25e-10,-2.7997870879120884e-07,1.6358560442491893e-07
0.5,1.25e-10,-2.7948008241758247e-07,1.635859303765602e-07
0.5,1.25e-10,-2.789814560439561e-07,1.6358271477590395e-07
0.5,1.25e-10,-2.784828296703297e-07,1.6357596598848172e-07
0.5,1.25e-10,-2.779842032967033e-07,1.6356569255365453e-07
0.5,1.25e-10,-2.7748557692307694e-07,1.6355190287429176e-07
0.5,1.25e-10,-2.769869505494506e-07,1.6353460474568758e-07
0.5,1.25e-10,-2.764883241758242e-07,1.6351380472736672e-07
0.5,1.25e-10,-2.7598969780219784e-07,1.6348950736153198e-07
0.5,1.25e-10,-2.7549107142857147e-07,1.6346171424202985e-07
0.5,1.25e-10,-2.749924450549451e-07,1.6343042293751446e-07
0.5,1.25e-10,-2.7449381868131873e-07,1.6339562577227536e-07
0.5,1.25e-10,-2.7399519230769236e-07,1.6335730846766354e-07
0.5,1.25e-10,-2.7349656593406594e-07,1.6331544864636937e-07
0.5,1.25e-10,-2.7299793956043957e-07,1.6327001420084917e-07
0.5,1.25e-10,-2.724993131868132e-07,1.6322111441611173e-07
0.5,1.25e-10,-2.7200068681318683e-07,1.631689233086492e-07
0.5,1.25e-10,-2.7150206043956047e-07,1.631133880101264e-07
0.5,1.25e-10,-2.710034340659341e-07,1.6305448787262308e-07
0.5,1.25e-10,-2.7050480769230773e-07,1.6299218645496228e-07
0.5,1.25e-10,-2.7000618131868136e-07,1.629264291622402e-07
0.5,1.25e-10,-2.69507554945055e-07,1.628571407628212e-07
0.5,1.25e-10,-2.690089285714286e-07,1.6278422277303464e-07
0.5,1.25e-10,-2.6851030219780225e-07,1.6270779623176916e-07
0.5,1.25e-10,-2.6801167582417583e-07,1.6262826859825274e-07
0.5,1.25e-10,-2.6751304945054946e-07,1.625455092693563e-07
0.5,1.25e-10,-2.670144230769231e-07,1.6245939730471965e-07
0.5,1.25e-10,-2.6651579670329673e-07,1.62369777895995e-07
0.5,1.25e-10,-2.6601717032967036e-07,1.622764591034817e-07
0.5,1.25e-10,-2.65518543956044e-07,1.6217971740443708e-07
0.5,1.25e-10,-2.650199175824176e-07,1.6207999971049029e-07
0.5,1.25e-10,-2.6452129120879125e-07,1.6197705830479127e-07
0.5,1.25e-10,-2.640226648351649e-07,1.618706369816249e-07
0.5,1.25e-10,-2.635240384615385e-07,1.6176042905804043e-07
0.5,1.25e-10,-2.630254120879121e-07,1.616469923707468e-07
0.5,1.25e-10,-2.625267857142857e-07,1.6153062318076242e-07
0.5,1.25e-10,-2.6202815934065936e-07,1.6141094576108118e-07
0.5,1.25e-10,-2.61529532967033e-07,1.61287545933988e-07
0.5,1.25e-10,-2.610309065934066e-07,1.6116064514900694e-07
0.5,1.25e-10,-2.6053228021978025e-07,1.6103097320967143e-07
0.5,1.25e-10,-2.600336538461539e-07,1.6089802724400206e-07
0.5,1.25e-10,-2.595350274725275e-07,1.6076124741465242e-07
0.5,1.25e-10,-2.5903640109890114e-07,1.6062126826841192e-07
0.5,1.25e-10,-2.585377747252748e-07,1.6047847868187092e-07
0.5,1.25e-10,-2.580391483516484e-07,1.6033219739360987e-07
0.5,1.25e-10,-2.57540521978022e-07,1.6018209442278535e-07
0.5,1.25e-10,-2.570418956043956e-07,1.600293626694158e-07
0.5,1.25e-10,-2.5654326923076925e-07,1.5987341562247405e-07
0.5,1.25e-10,-2.560446428571429e-07,1.5971352576899675e-07
0.5,1.25e-10,-2.555460164835165e-07,1.5955091669000769e-07
0.5,1.25e-10,-2.5504739010989014e-07,1.593852561434185e-07
0.5,1.25e-10,-2.545487637362638e-07,1.5921564196393743e-07
0.5,1.25e-10,-2.540501373626374e-07,1.5904332066514144e-07
0.5,1.25e-10,-2.5355151098901104e-07,1.5886794637182902e-07
0.5,1.25e-10,-2.5305288461538467e-07,1.5868862306515537e-07
0.5,1.25e-10,-2.5255425824175825e-07,1.5850676759104308e-07
0.5,1.25e-10,-2.520556318681319e-07,1.5832163522688527e-07
0.5,1.25e-10,-2.515570054945055e-07,1.581327535940811e-07
0.5,1.25e-10,-2.5105837912087914e-07,1.5794144750948582e-07
0.5,1.25e-10,-2.5055975274725277e-07,1.5774636463605598e-07
0.5,1.25e-10,-2.500611263736264e-07,1.5754834644542883e-07
0.5,1.25e-10,-2.4956250000000004e-07,1.5734745551097866e-07
0.5,1.25e-10,-2.4906387362637367e-07,1.5714269914673198e-07
0.5,1.25e-10,-2.485652472527473e-07,1.569355982312197e-07
0.5,1.25e-10,-2.4806662087912093e-07,1.5672470180822878e-07
0.5,1.25e-10,-2.4756799450549456e-07,1.5651111064849826e-07
0.5,1.25e-10,-2.4706936813186814e-07,1.562943874541853e-07
0.5,1.25e-10,-2.4657074175824177e-07,1.5607419453612843e-07
0.5,1.25e-10,-2.460721153846154e-07,1.558514961833945e-07
0.5,1.25e-10,-2.4557348901098903e-07,1.5562497323489505e-07
0.5,1.25e-10,-2.4507486263736266e-07,1.5539617777092177e-07
0.5,1.25e-10,-2.445762362637363e-07,1.551635265852133e-07
0.5,1.25e-10,-2.4407760989010993e-07,1.5492859137048188e-07
0.5,1.25e-10,-2.4357898351648356e-07,1.5468991757987315e-07
0.5,1.25e-10,-2.430803571428572e-07,1.5444886289887452e-07
0.5,1.25e-10,-2.425817307692308e-07,1.5420421143681883e-07
0.5,1.25e-10,-2.420831043956044e-07,1.5395710225004958e-07
0.5,1.25e-10,-2.4158447802197803e-07,1.537064877459518e-07
0.5,1.25e-10,-2.4108585164835166e-07,1.5345341387135773e-07
0.5,1.25e-10,-2.405872252747253e-07,1.5319684633379955e-07
0.5,1.25e-10,-2.400885989010989e-07,1.5293790137910437e-07
0.5,1.25e-10,-2.3958997252747256e-07,1.5267540749658998e-07
0.5,1.25e-10,-2.390913461538462e-07,1.5241066687251591e-07
0.5,1.25e-10,-2.385927197802198e-07,1.521423072613178e-07
0.5,1.25e-10,-2.3809409340659342e-07,1.518718055899201e-07
0.5,1.25e-10,-2.3759546703296706e-07,1.5159768833514768e-07
0.5,1.25e-10,-2.370968406593407e-07,1.513213965290146e-07
0.5,1.25e-10,-2.3659821428571432e-07,1.5104168738876095e-07
0.5,1.25e-10,-2.3609958791208795e-07,1.5075948961842747e-07
0.5,1.25e-10,-2.3560096153846156e-07,1.504744192849722e-07
0.5,1.25e-10,-2.3510233516483519e-07,1.5018629835896196e-07
0.5,1.25e-10,-2.3460370879120882e-07,1.4989595880868897e-07
0.5,1.25e-10,-2.3410508241758245e-07,1.4960218990712074e-07
0.5,1.25e-10,-2.3360645604395608e-07,1.4930632037874244e-07
0.5,1.25e-10,-2.3310782967032969e-07,1.4900726160232542e-07
0.5,1.25e-10,-2.3260920329670332e-07,1.4870553297260238e-07
0.5,1.25e-10,-2.3211057692307695e-07,1.4840152641277004e-07
0.5,1.25e-10,-2.3161195054945058e-07,1.4809424934345953e-07
0.5,1.25e-10,-2.311133241758242e-07,1.4778488949036695e-07
0.5,1.25e-10,-2.3061469780219784e-07,1.4747259271895817e-07
0.5,1.25e-10,-2.3011607142857145e-07,1.4715750763483291e-07
0.5,1.25e-10,-2.2961744505494508e-07,1.4684041379645793e-07
0.5,1.25e-10,-2.291188186813187e-07,1.4652018378404453e-07
0.5,1.25e-10,-2.2862019230769234e-07,1.4619751885084523e-07
0.5,1.25e-10,-2.2812156593406597e-07,1.4587273127611316e-07
0.5,1.25e-10,-2.2762293956043958e-07,1.4554487455095254e-07
0.5,1.25e-10,-2.271243131868132e-07,1.4521476575408184e-07
0.5,1.25e-10,-2.2662568681318684e-07,1.4488247518585741e-07
0.5,1.25e-10,-2.2612706043956047e-07,1.4454722844993298e-07
0.5,1.25e-10,-2.256284340659341e-07,1.4420978682954305e-07
0.5,1.25e-10,-2.251298076923077e-07,1.4387024605376255e-07
0.5,1.25e-10,-2.2463118131868134e-07,1.4352783301718475e-07
0.5,1.25e-10,-2.2413255494505497e-07,1.4318319280858435e-07
0.5,1.25e-10,-2.236339285714286e-07,1.4283663101844304e-07
0.5,1.25e-10,-2.2313530219780223e-07,1.4248730212853752e-07
0.5,1.25e-10,-2.2263667582417584e-07,1.4213565302300455e-07
0.5,1.25e-10,-2.2213804945054947e-07,1.4178219472275673e-07
0.5,1.25e-10,-2.216394230769231e-07,1.4142625293344428e-07
0.5,1.25e-10,-2.2114079670329673e-07,1.4106785942857688e-07
0.5,1.25e-10,-2.2064217032967036e-07,1.407075123929737e-07
0.5,1.25e-10,-2.20143543956044e-07,1.403452646305928e-07
0.5,1.25e-10,-2.196449175824176e-07,1.3998047523318032e-07
0.5,1.25e-10,-2.1914629120879123e-07,1.3961352777352375e-07
0.5,1.25e-10,-2.1864766483516486e-07,1.3924482484236301e-07
0.5,1.25e-10,-2.181490384615385e-07,1.3887407402571063e-07
0.5,1.25e-10,-2.1765041208791213e-07,1.385009606483551e-07
0.5,1.25e-10,-2.1715178571428573e-07,1.3812585069220976e-07
0.5,1.25e-10,-2.1665315934065936e-07,1.3774907392249077e-07
0.5,1.25e-10,-2.16154532967033e-07,1.3737031802336716e-07
0.5,1.25e-10,-2.1565590659340662e-07,1.3698933884869905e-07
0.5,1.25e-10,-2.1515728021978026e-07,1.3660644048609797e-07
0.5,1.25e-10,-2.1465865384615386e-07,1.3622189747788576e-07
0.5,1.25e-10,-2.141600274725275e-07,1.3583564581985487e-07
0.5,1.25e-10,-2.1366140109890112e-07,1.3544726796446832e-07
0.5,1.25e-10,-2.1316277472527476e-07,1.3505699846614596e-07
0.5,1.25e-10,-2.126641483516484e-07,1.3466507021371577e-07
0.5,1.25e-10,-2.12165521978022e-07,1.3427166976334854e-07
0.5,1.25e-10,-2.1166689560439562e-07,1.3387641065783787e-07
0.5,1.25e-10,-2.1116826923076925e-07,1.3347926121296382e-07
0.5,1.25e-10,-2.1066964285714289e-07,1.3308042306011326e-07
0.5,1.25e-10,-2.1017101648351652e-07,1.3268007963329503e-07
0.5,1.25e-10,-2.0967239010989012e-07,1.3227835956610798e-07
0.5,1.25e-10,-2.0917376373626375e-07,1.3187490568056713e-07
0.5,1.25e-10,-2.0867513736263738e-07,1.31469730347977e-07
0.5,1.25e-10,-2.0817651098901102e-07,1.3106299661334108e-07
0.5,1.25e-10,-2.0767788461538465e-07,1.306548536791662e-07
0.5,1.25e-10,-2.0717925824175828e-07,1.302454381762265e-07
0.5,1.25e-10,-2.0668063186813188e-07,1.2983458853356745e-07
0.5,1.25e-10,-2.0618200549450552e-07,1.2942213725506063e-07
0.5,1.25e-10,-2.0568337912087915e-07,1.29008221014877e-07
0.5,1.25e-10,-2.0518475274725278e-07,1.2859296550100985e-07
0.5,1.25e-10,-2.046861263736264e-07,1.2817648676609833e-07
0.5,1.25e-10,-2.0418750000000001e-07,1.2775888743172985e-07
0.5,1.25e-10,-2.0368887362637365e-07,1.2733996695223032e-07
0.5,1.25e-10,-2.0319024725274728e-07,1.2691966001823938e-07
0.5,1.25e-10,-2.026916208791209e-07,1.2649807628597257e-07
0.5,1.25e-10,-2.0219299450549454e-07,1.260753179592212e-07
0.5,1.25e-10,-2.0169436813186814e-07,1.2565148050934173e-07
0.5,1.25e-10,-2.0119574175824178e-07,1.252266533415425e-07
0.5,1.25e-10,-2.006971153846154e-07,1.2480082025832595e-07
0.5,1.25e-10,-2.0019848901098904e-07,1.2437379206724736e-07
0.5,1.25e-10,-1.9969986263736267e-07,1.2394564548612208e-07
0.5,1.25e-10,-1.9920123626373628e-07,1.2351646825174514e-07
0.5,1.25e-10,-1.987026098901099e-07,1.230863433937978e-07
0.5,1.25e-10,-1.9820398351648354e-07,1.2265534973528006e-07
0.5,1.25e-10,-1.9770535714285717e-07,1.2222356235933043e-07
0.5,1.25e-10,-1.972067307692308e-07,1.2179099091916614e-07
0.5,1.25e-10,-1.9670810439560443e-07,1.2135747451934943e-07
0.5,1.25e-10,-1.9620947802197804e-07,1.2092306913615289e-07
0.5,1.25e-10,-1.9571085164835167e-07,1.204878505848294e-07
0.5,1.25e-10,-1.952122252747253e-07,1.2005189178970996e-07
0.5,1.25e-10,-1.9471359890109893e-07,1.1961526314737058e-07
0.5,1.25e-10,-1.9421497252747256e-07,1.1917803286893762e-07
0.5,1.25e-10,-1.9371634615384617e-07,1.1874026730372705e-07
0.5,1.25e-10,-1.932177197802198e-07,1.1830193875832312e-07
0.5,1.25e-10,-1.9271909340659343e-07,1.1786294562909476e-07
0.5,1.25e-10,-1.9222046703296706e-07,1.1742335421246606e-07
0.5,1.25e-10,-1.917218406593407e-07,1.169832328301256e-07
0.5,1.25e-10,-1.912232142857143e-07,1.1654264842930182e-07
0.5,1.25e-10,-1.9072458791208793e-07,1.1610166684948403e-07
0.5,1.25e-10,-1.9022596153846156e-07,1.1566035307877384e-07
0.5,1.25e-10,-1.897273351648352e-07,1.1521877150146116e-07
0.5,1.25e-10,-1.8922870879120882e-07,1.1477696514526226e-07
0.5,1.25e-10,-1.8873008241758243e-07,1.1433482419207669e-07
0.5,1.25e-10,-1.8823145604395606e-07,1.1389237688756343e-07
0.5,1.25e-10,-1.877328296703297e-07,1.1344968973649507e-07
0.5,1.25e-10,-1.8723420329670332e-07,1.1300682893106697e-07
0.5,1.25e-10,-1.8673557692307695e-07,1.1256386057383597e-07
0.5,1.25e-10,-1.8623695054945056e-07,1.1212085089864223e-07
0.5,1.25e-10,-1.857383241758242e-07,1.1167786649103144e-07
0.5,1.25e-10,-1.8523969780219782e-07,1.1123497450971239e-07
0.5,1.25e-10,-1.8474107142857145e-07,1.1079219348590168e-07
0.5,1.25e-10,-1.8424244505494508e-07,1.1034942633929027e-07
0.5,1.25e-10,-1.8374381868131872e-07,1.0990672909514445e-07
0.5,1.25e-10,-1.8324519230769232e-07,1.0946417053330775e-07
0.5,1.25e-10,-1.8274656593406595e-07,1.0902182022588163e-07
0.5,1.25e-10,-1.8224793956043958e-07,1.0857974877048925e-07
0.5,1.25e-10,-1.8174931318681321e-07,1.0813802803254763e-07
0.5,1.25e-10,-1.8125068681318685e-07,1.0769673139856899e-07
0.5,1.25e-10,-1.8075206043956045e-07,1.0725593534173634e-07
0.5,1.25e-10,-1.8025343406593408e-07,1.068155910668596e-07
0.5,1.25e-10,-1.7975480769230771e-07,1.0637564974310445e-07
0.5,1.25e-10,-1.7925618131868135e-07,1.0593618557512581e-07
0.5,1.25e-10,-1.7875755494505498e-07,1.0549727460090783e-07
0.5,1.25e-10,-1.7825892857142858e-07,1.0505899500215383e-07
0.5,1.25e-10,-1.777603021978022e-07,1.0462142743788366e-07
0.5,1.25e-10,-1.7726167582417584e-07,1.0418465540436868e-07
0.5,1.25e-10,-1.7676304945054948e-07,1.0374876562481644e-07
0.5,1.25e-10,-1.762644230769231e-07,1.0331373996511002e-07
0.5,1.25e-10,-1.757657967032967e-07,1.0287947528176975e-07
0.5,1.25e-10,-1.7526717032967034e-07,1.024460547360456e-07
0.5,1.25e-10,-1.7476854395604397e-07,1.0201356573144212e-07
0.5,1.25e-10,-1.742699175824176e-07,1.0158209968001458e-07
0.5,1.25e-10,-1.7377129120879124e-07,1.0115175254527111e-07
0.5,1.25e-10,-1.7327266483516487e-07,1.007226254373753e-07
0.5,1.25e-10,-1.7277403846153847e-07,1.0029478237732741e-07
0.5,1.25e-10,-1.722754120879121e-07,9.986803998396132e-08
0.5,1.25e-10,-1.7177678571428574e-07,9.944245084195189e-08
0.5,1.25e-10,-1.7127815934065937e-07,9.90181180022261e-08
0.5,1.25e-10,-1.70779532967033e-07,9.859515122508218e-08
0.5,1.25e-10,-1.702809065934066e-07,9.817366785229978e-08
0.5,1.25e-10,-1.6978228021978024e-07,9.775379598284314e-08
0.5,1.25e-10,-1.6928365384615387e-07,9.733545854224732e-08
0.5,1.25e-10,-1.687850274725275e-07,9.691850136648467e-08
0.5,1.25e-10,-1.6828640109890113e-07,9.650304695826493e-08
0.5,1.25e-10,-1.6778777472527473e-07,9.608922808887836e-08
0.5,1.25e-10,-1.6728914835164837e-07,9.567718910265952e-08
0.5,1.25e-10,-1.66790521978022e-07,9.526708968790252e-08
0.5,1.25e-10,-1.6629189560439563e-07,9.485873585557324e-08
0.5,1.25e-10,-1.6579326923076926e-07,9.44520168910009e-08
0.5,1.25e-10,-1.6529464285714287e-07,9.404708988620593e-08
0.5,1.25e-10,-1.647960164835165e-07,9.364412800214396e-08
0.5,1.25e-10,-1.6429739010989013e-07,9.32433224361256e-08
0.5,1.25e-10,-1.6379876373626376e-07,9.284461846458698e-08
0.5,1.25e-10,-1.633001373626374e-07,9.244770282561618e-08
0.5,1.25e-10,-1.62801510989011e-07,9.205276473481801e-08
0.5,1.25e-10,-1.6230288461538463e-07,9.166002309466013e-08
0.5,1.25e-10,-1.6180425824175826e-07,9.126972312423224e-08
0.5,1.25e-10,-1.613056318681319e-07,9.088156493067954e-08
0.5,1.25e-10,-1.6080700549450552e-07,9.049539166831697e-08
0.5,1.25e-10,-1.6030837912087915e-07,9.011146227354961e-08
0.5,1.25e-10,-1.5980975274725276e-07,8.973006775238452e-08
0.5,1.25e-10,-1.593111263736264e-07,8.935120969884307e-08
0.5,1.25e-10,-1.5881250000000002e-07,8.897439259767633e-08
0.5,1.25e-10,-1.5831387362637365e-07,8.859990082577212e-08
0.5,1.25e-10,-1.5781524725274728e-07,8.822809150535187e-08
0.5,1.25e-10,-1.573166208791209e-07,8.785897278746046e-08
0.5,1.25e-10,-1.5681799450549452e-07,8.749197826317699e-08
0.5,1.25e-10,-1.5631936813186815e-07,8.712746831301806e-08
0.5,1.25e-10,-1.5582074175824178e-07,8.676589435019232e-08
0.5,1.25e-10,-1.553221153846154e-07,8.640686008876476e-08
0.5,1.25e-10,-1.5482348901098902e-07,8.605010342264831e-08
0.5,1.25e-10,-1.5432486263736265e-07,8.569613395846801e-08
0.5,1.25e-10,-1.5382623626373628e-07,8.534521887993403e-08
0.5,1.25e-10,-1.533276098901099e-07,8.49965426795268e-08
0.5,1.25e-10,-1.5282898351648354e-07,8.465052968708635e-08
0.5,1.25e-10,-1.5233035714285715e-07,8.430774244839697e-08
0.5,1.25e-10,-1.5183173076923078e-07,8.39673528468445e-08
0.5,1.25e-10,-1.513331043956044e-07,8.362955087751937e-08
0.5,1.25e-10,-1.5083447802197804e-07,8.329505045238382e-08
0.5,1.25e-10,-1.5033585164835167e-07,8.296305235881147e-08
0.5,1.25e-10,-1.498372252747253e-07,8.263364867991109e-08
0.5,1.25e-10,-1.493385989010989e-07,8.230763448463788e-08
0.5,1.25e-10,-1.4883997252747254e-07,8.198406902758225e-08
0.5,1.25e-10,-1.4834134615384617e-07,8.166323016157733e-08
0.5,1.25e-10,-1.478427197802198e-07,8.13458316465635e-08
0.5,1.25e-10,-1.4734409340659344e-07,8.103073431091569e-08
0.5,1.25e-10,-1.4684546703296704e-07,8.071867398731968e-08
0.5,1.25e-10,-1.4634684065934067e-07,8.040984129703904e-08
0.5,1.25e-10,-1.458482142857143e-07,8.010332329834151e-08
0.5,1.25e-10,-1.4534958791208793e-07,7.980030601597777e-08
0.5,1.25e-10,-1.4485096153846157e-07,7.949979362674627e-08
0.5,1.25e-10,-1.4435233516483517e-07,7.920214857724532e-08
0.5,1.25e-10,-1.438537087912088e-07,7.890787828430766e-08
0.5,1.25e-10,-1.4335508241758243e-07,7.861587722632315e-08
0.5,1.25e-10,-1.4285645604395607e-07,7.832746994966875e-08
0.5,1.25e-10,-1.423578296703297e-07,7.804138236572303e-08
0.5,1.25e-10,-1.418592032967033e-07,7.775853175510398e-08
0.5,1.25e-10,-1.4136057692307693e-07,7.747853736678312e-08
0.5,1.25e-10,-1.4086195054945056e-07,7.720120548501353e-08
0.5,1.25e-10,-1.403633241758242e-07,7.692726257124265e-08
0.5,1.25e-10,-1.3986469780219783e-07,7.665558414470784e-08
0.5,1.25e-10,-1.3936607142857143e-07,7.638750403878215e-08
0.5,1.25e-10,-1.3886744505494506e-07,7.612154715011627e-08
0.5,1.25e-10,-1.383688186813187e-07,7.585921569318763e-08
0.5,1.25e-10,-1.3787019230769233e-07,7.559899185175825e-08
0.5,1.25e-10,-1.3737156593406596e-07,7.534234515958103e-08
0.5,1.25e-10,-1.368729395604396e-07,7.508782155684464e-08
0.5,1.25e-10,-1.363743131868132e-07,7.483682355608611e-08
0.5,1.25e-10,-1.3587568681318683e-07,7.458793791728948e-08
0.5,1.25e-10,-1.3537706043956046e-07,7.434255944716184e-08
0.5,1.25e-10,-1.348784340659341e-07,7.409923742920853e-08
0.5,1.25e-10,-1.3437980769230772e-07,7.38594370886089e-08
0.5,1.25e-10,-1.3388118131868132e-07,7.36216121045036e-08
0.5,1.25e-10,-1.3338255494505496e-07,7.338731900284677e-08
0.5,1.25e-10,-1.328839285714286e-07,7.315495429710583e-08
0.5,1.25e-10,-1.3238530219780222e-07,7.292605282564533e-08
0.5,1.25e-10,-1.3188667582417585e-07,7.269916558771534e-08
0.5,1.25e-10,-1.3138804945054945e-07,7.247548227113134e-08
0.5,1.25e-10,-1.3088942307692309e-07,7.225416989825129e-08
0.5,1.25e-10,-1.3039079670329672e-07,7.203546197883039e-08
0.5,1.25e-10,-1.2989217032967035e-07,7.181969350060962e-08
0.5,1.25e-10,-1.2939354395604398e-07,7.160587594307216e-08
0.5,1.25e-10,-1.2889491758241759e-07,7.139538180504933e-08
0.5,1.25e-10,-1.2839629120879122e-07,7.118665918781572e-08
0.5,1.25e-10,-1.2789766483516485e-07,7.09810746086131e-08
0.5,1.25e-10,-1.2739903846153848e-07,7.077779042787141e-08
0.5,1.25e-10,-1.269004120879121e-07,7.057668326369225e-08
0.5,1.25e-10,-1.2640178571428574e-07,7.037862907388384e-08
0.5,1.25e-10,-1.2590315934065935e-07,7.018221920660098e-08
0.5,1.25e-10,-1.2540453296703298e-07,6.99888438081538e-08
0.5,1.25e-10,-1.249059065934066e-07,6.979771957032703e-08
0.5,1.25e-10,-1.2440728021978024e-07,6.960846820505737e-08
0.5,1.25e-10,-1.2390865384615387e-07,6.942224332702033e-08
0.5,1.25e-10,-1.2341002747252748e-07,6.92376991969006e-08
0.5,1.25e-10,-1.229114010989011e-07,6.905560254217662e-08
0.5,1.25e-10,-1.2241277472527474e-07,6.887611075569732e-08
0.5,1.25e-10,-1.2191414835164837e-07,6.869808341846775e-08
0.5,1.25e-10,-1.21415521978022e-07,6.85227634458334e-08
0.5,1.25e-10,-1.209168956043956e-07,6.834970708036041e-08
0.5,1.25e-10,-1.2041826923076924e-07,6.817805906700263e-08
0.5,1.25e-10,-1.1991964285714287e-07,6.800912646060847e-08
0.5,1.25e-10,-1.194210164835165e-07,6.78422656326896e-08
0.5,1.25e-10,-1.1892239010989012e-07,6.767675416632282e-08
0.5,1.25e-10,-1.1842376373626375e-07,6.751385923634171e-08
0.5,1.25e-10,-1.1792513736263738e-07,6.735296287984667e-08
0.5,1.25e-10,-1.17426510989011e-07,6.719331507816942e-08
0.5,1.25e-10,-1.1692788461538463e-07,6.703610606831395e-08
0.5,1.25e-10,-1.1642925824175825e-07,6.688091488621227e-08
0.5,1.25e-10,-1.1593063186813188e-07,6.672690167702341e-08
0.5,1.25e-10,-1.1543200549450551e-07,6.657499399263466e-08
0.5,1.25e-10,-1.1493337912087913e-07,6.642519406633776e-08
0.5,1.25e-10,-1.1443475274725276e-07,6.627668533932194e-08
0.5,1.25e-10,-1.1393612637362638e-07,6.612965495764106e-08
0.5,1.25e-10,-1.1343750000000001e-07,6.598486054690513e-08
0.5,1.25e-10,-1.1293887362637364e-07,6.584156347592467e-08
0.5,1.25e-10,-1.1244024725274726e-07,6.569925859052675e-08
0.5,1.25e-10,-1.1194162087912089e-07,6.55590025009896e-08
0.5,1.25e-10,-1.1144299450549452e-07,6.542047962055814e-08
0.5,1.25e-10,-1.1094436813186814e-07,6.528302890917102e-08
0.5,1.25e-10,-1.1044574175824177e-07,6.514678023650215e-08
0.5,1.25e-10,-1.0994711538461539e-07,6.501249955563721e-08
0.5,1.25e-10,-1.0944848901098902e-07,6.487959020016359e-08
0.5,1.25e-10,-1.0894986263736266e-07,6.474746959819506e-08
0.5,1.25e-10,-1.0845123626373627e-07,6.461680815347919e-08
0.5,1.25e-10,-1.079526098901099e-07,6.44878243444388e-08
0.5,1.25e-10,-1.0745398351648352e-07,6.435996567290496e-08
0.5,1.25e-10,-1.0695535714285715e-07,6.423275125770725e-08
0.5,1.25e-10,-1.0645673076923079e-07,6.410698961523273e-08
0.5,1.25e-10,-1.059581043956044e-07,6.398269230284506e-08
0.5,1.25e-10,-1.0545947802197804e-07,6.38593600447187e-08
0.5,1.25e-10,-1.0496085164835167e-07,6.373655044068488e-08
0.5,1.25e-10,-1.0446222527472528e-07,6.361503310533563e-08
0.5,1.25e-10,-1.0396359890109892e-07,6.349484235461825e-08
0.5,1.25e-10,-1.0346497252747253e-07,6.337552288162455e-08
0.5,1.25e-10,-1.0296634615384617e-07,6.325663796625008e-08
0.5,1.25e-10,-1.024677197802198e-07,6.313873357022035e-08
0.5,1.25e-10,-1.0196909340659342e-07,6.302209215324731e-08
0.5,1.25e-10,-1.0147046703296705e-07,6.290628640427333e-08
0.5,1.25e-10,-1.0097184065934068e-07,6.27909170458506e-08
0.5,1.25e-10,-1.004732142857143e-07,6.267609072955282e-08
0.5,1.25e-10,-9.997458791208793e-08,6.256249986465701e-08
0.5,1.25e-10,-9.947596153846155e-08,6.244977834520994e-08
0.5,1.25e-10,-9.897733516483518e-08,6.233756977559309e-08
0.5,1.25e-10,-9.847870879120881e-08,6.222562876328519e-08
0.5,1.25e-10,-9.798008241758243e-08,6.211477252923919e-08
0.5,1.25e-10,-9.748145604395606e-08,6.200494046201313e-08
0.5,1.25e-10,-9.698282967032968e-08,6.189584443694404e-08
0.5,1.25e-10,-9.648420329670331e-08,6.178723097734062e-08
0.5,1.25e-10,-9.598557692307694e-08,6.167932002805623e-08
0.5,1.25e-10,-9.548695054945056e-08,6.157284657792006e-08
0.5,1.25e-10,-9.498832417582419e-08,6.146766945500717e-08
0.5,1.25e-10,-9.448969780219782e-08,6.136371202517424e-08
0.5,1.25e-10,-9.399107142857144e-08,6.126099011252859e-08
0.5,1.25e-10,-9.349244505494507e-08,6.116007736745827e-08
0.5,1.25e-10,-9.299381868131869e-08,6.106180828455118e-08
0.5,1.25e-10,-9.249519230769232e-08,6.096652089609589e-08
0.5,1.25e-10,-9.199656593406595e-08,6.087636685277036e-08
0.5,1.25e-10,-9.149793956043957e-08,6.079956917882282e-08
0.5,1.25e-10,-9.09993131868132e-08,6.074741555929826e-08
0.5,1.25e-10,-9.050068681318682e-08,6.07277471267506e-08
0.5,1.25e-10,-9.000206043956045e-08,6.074080169702174e-08
0.5,1.25e-10,-8.950343406593408e-08,6.077832948656329e-08
0.5,1.25e-10,-8.90048076923077e-08,6.082886553667654e-08
0.5,1.25e-10,-8.850618131868133e-08,6.088408317920077e-08
0.5,1.25e-10,-8.800755494505496e-08,6.09416343686261e-08
0.5,1.25e-10,-8.750892857142858e-08,6.10009541223177e-08
0.5,1.25e-10,-8.701030219780221e-08,6.10616287688616e-08
0.5,1.25e-10,-8.651167582417583e-08,6.112334793072111e-08
0.5,1.25e-10,-8.601304945054946e-08,6.118588131555802e-08
0.5,1.25e-10,-8.551442307692309e-08,6.124906043000029e-08
0.5,1.25e-10,-8.501579670329671e-08,6.131269839346573e-08
0.5,1.25e-10,-8.451717032967034e-08,6.13763043427326e-08
0.5,1.25e-10,-8.401854395604397e-08,6.14398090847121e-08
0.5,1.25e-10,-8.351991758241759e-08,6.150317160709992e-08
0.5,1.25e-10,-8.302129120879122e-08,6.156637009138189e-08
0.5,1.25e-10,-8.252266483516484e-08,6.16293968941591e-08
0.5,1.25e-10,-8.202403846153847e-08,6.169225469755502e-08
0.5,1.25e-10,-8.15254120879121e-08,6.17549699876064e-08
0.5,1.25e-10,-8.102678571428572e-08,6.181747570759052e-08
0.5,1.25e-10,-8.052815934065935e-08,6.187938482700248e-08
0.5,1.25e-10,-8.002953296703297e-08,6.194072597790314e-08
0.5,1.25e-10,-7.95309065934066e-08,6.200152948510436e-08
0.5,1.25e-10,-7.903228021978023e-08,6.206182640943785e-08
0.5,1.25e-10,-7.853365384615385e-08,6.212164782054498e-08
0.5,1.25e-10,-7.803502747252748e-08,6.218102424415554e-08
0.5,1.25e-10,-7.753640109890111e-08,6.223998524239417e-08
0.5,1.25e-10,-7.703777472527473e-08,6.229860046801111e-08
0.5,1.25e-10,-7.653914835164836e-08,6.235648358760356e-08
0.5,1.25e-10,-7.604052197802198e-08,6.241362705106005e-08
0.5,1.25e-10,-7.554189560439561e-08,6.247006612058916e-08
0.5,1.25e-10,-7.504326923076924e-08,6.252583413191226e-08
0.5,1.25e-10,-7.454464285714286e-08,6.25809624173621e-08
0.5,1.25e-10,-7.40460164835165e-08,6.263548025644212e-08
0.5,1.25e-10,-7.354739010989011e-08,6.268941484828425e-08
0.5,1.25e-10,-7.304876373626374e-08,6.274279130172108e-08
0.5,1.25e-10,-7.255013736263738e-08,6.279568244319654e-08
0.5,1.25e-10,-7.2051510989011e-08,6.284775160847453e-08
0.5,1.25e-10,-7.155288461538462e-08,6.289899929432809e-08
0.5,1.25e-10,-7.105425824175826e-08,6.294945525892355e-08
0.5,1.25e-10,-7.055563186813187e-08,6.29991471424015e-08
0.5,1.25e-10,-7.00570054945055e-08,6.304810051614364e-08
0.5,1.25e-10,-6.955837912087912e-08,6.309633893726915e-08
0.5,1.25e-10,-6.905975274725276e-08,6.31438840075501e-08
0.5,1.25e-10,-6.856112637362639e-08,6.319075543609163e-08
0.5,1.25e-10,-6.80625e-08,6.323697110524149e-08
0.5,1.25e-10,-6.756387362637364e-08,6.328260876326292e-08
0.5,1.25e-10,-6.706524725274725e-08,6.3327429010602e-08
0.5,1.25e-10,-6.656662087912089e-08,6.337139533210233e-08
0.5,1.25e-10,-6.606799450549452e-08,6.34145310399771e-08
0.5,1.25e-10,-6.556936813186814e-08,6.34568577410738e-08
0.5,1.25e-10,-6.507074175824177e-08,6.349839541567523e-08
0.5,1.25e-10,-6.45721153846154e-08,6.353916249658135e-08
0.5,1.25e-10,-6.407348901098902e-08,6.35791759482356e-08
0.5,1.25e-10,-6.357486263736265e-08,6.36184513456873e-08
0.5,1.25e-10,-6.307623626373627e-08,6.36570029531303e-08
0.5,1.25e-10,-6.25776098901099e-08,6.369484380188206e-08
0.5,1.25e-10,-6.207898351648353e-08,6.373198576753736e-08
0.5,1.25e-10,-6.158035714285715e-08,6.376848916310847e-08
0.5,1.25e-10,-6.108173076923078e-08,6.380423972679645e-08
0.5,1.25e-10,-6.058310439560441e-08,6.383916673381029e-08
0.5,1.25e-10,-6.008447802197803e-08,6.387328782824421e-08
0.5,1.25e-10,-5.958585164835165e-08,6.39066195807431e-08
0.5,1.25e-10,-5.9087225274725284e-08,6.393917756051985e-08
0.5,1.25e-10,-5.858859890109891e-08,6.397097640535632e-08
0.5,1.25e-10,-5.808997252747253e-08,6.400202988949798e-08
0.5,1.25e-10,-5.759134615384616e-08,6.403235098938966e-08
0.5,1.25e-10,-5.709271978021979e-08,6.406195194716151e-08
0.5,1.25e-10,-5.6594093406593414e-08,6.409084433183218e-08
0.5,1.25e-10,-5.609546703296704e-08,6.41190390981614e-08
0.5,1.25e-10,-5.5596840659340664e-08,6.414654664311436e-08
0.5,1.25e-10,-5.5098214285714295e-08,6.4173376859914e-08
0.5,1.25e-10,-5.459958791208792e-08,6.419953918965317e-08
0.5,1.25e-10,-5.4100961538461544e-08,6.422504267044257e-08
0.5,1.25e-10,-5.360233516483517e-08,6.424989598408886e-08
0.5,1.25e-10,-5.31037087912088e-08,6.427415833392426e-08
0.5,1.25e-10,-5.2605082417582425e-08,6.42977150616563e-08
0.5,1.25e-10,-5.210645604395605e-08,6.432057949782383e-08
0.5,1.25e-10,-5.1607829670329675e-08,6.43427649025417e-08
0.5,1.25e-10,-5.11092032967033e-08,6.436428412692841e-08
0.5,1.25e-10,-5.061057692307693e-08,6.438514965045403e-08
0.5,1.25e-10,-5.0111950549450556e-08,6.440537361597402e-08
0.5,1.25e-10,-4.961332417582418e-08,6.442496786249037e-08
0.5,1.25e-10,-4.9114697802197805e-08,6.44439439557127e-08
0.5,1.25e-10,-4.861607142857144e-08,6.446231321645923e-08
0.5,1.25e-10,-4.811744505494506e-08,6.448008674696935e-08
0.5,1.25e-10,-4.7618818681318686e-08,6.449727545520026e-08
0.5,1.25e-10,-4.712019230769231e-08,6.451389007714919e-08
0.5,1.25e-10,-4.662156593406594e-08,6.452994119730625e-08
0.5,1.25e-10,-4.612293956043957e-08,6.454543926727326e-08
0.5,1.25e-10,-4.562431318681319e-08,6.456039462265088e-08
0.5,1.25e-10,-4.5125686813186817e-08,6.457481749824665e-08
0.5,1.25e-10,-4.462706043956045e-08,6.458871804169445e-08
0.5,1.25e-10,-4.412843406593407e-08,6.460210632555157e-08
0.5,1.25e-10,-4.36298076923077e-08,6.461499235795113e-08
0.5,1.25e-10,-4.313118131868132e-08,6.462738609188634e-08
0.5,1.25e-10,-4.263255494505495e-08,6.463929743320828e-08
0.5,1.25e-10,-4.213392857142858e-08,6.465073624739708e-08
0.5,1.25e-10,-4.16353021978022e-08,6.466171236519953e-08
0.5,1.25e-10,-4.113667582417583e-08,6.467223558718844e-08
0.5,1.25e-10,-4.063804945054945e-08,6.468231568733325e-08
0.5,1.25e-10,-4.0139423076923084e-08,6.469196241563462e-08
0.5,1.25e-10,-3.964079670329671e-08,6.470118549990828e-08
0.5,1.25e-10,-3.9142170329670334e-08,6.470999464677373e-08
0.5,1.25e-10,-3.864354395604396e-08,6.471839954191708e-08
0.5,1.25e-10,-3.814491758241759e-08,6.472640984969211e-08
0.5,1.25e-10,-3.7646291208791215e-08,6.473403521212009e-08
0.5,1.25e-10,-3.714766483516484e-08,6.474128524734298e-08
0.5,1.25e-10,-3.6649038461538464e-08,6.4748169547591e-08
0.5,1.25e-10,-3.6150412087912096e-08,6.47547106049294e-08
0.5,1.25e-10,-3.565178571428572e-08,6.476090472464079e-08
0.5,1.25e-10,-3.5153159340659345e-08,6.476675642724875e-08
0.5,1.25e-10,-3.465453296703297e-08,6.477227593732635e-08
0.5,1.25e-10,-3.4155906593406595e-08,6.477747336864845e-08
0.5,1.25e-10,-3.3657280219780226e-08,6.478235872441048e-08
0.5,1.25e-10,-3.315865384615385e-08,6.478694189714608e-08
0.5,1.25e-10,-3.2660027472527475e-08,6.479123266837663e-08
0.5,1.25e-10,-3.21614010989011e-08,6.479524070802529e-08
0.5,1.25e-10,-3.166277472527473e-08,6.479897557362593e-08
0.5,1.25e-10,-3.1164148351648356e-08,6.48024467093541e-08
0.5,1.25e-10,-3.066552197802198e-08,6.480566344490654e-08
0.5,1.25e-10,-3.0166895604395606e-08,6.480863499425261e-08
0.5,1.25e-10,-2.9668269230769234e-08,6.481137045427911e-08
0.5,1.25e-10,-2.9169642857142862e-08,6.481387880335215e-08
0.5,1.25e-10,-2.8671016483516487e-08,6.481616889980648e-08
0.5,1.25e-10,-2.8172390109890115e-08,6.481824948039065e-08
0.5,1.25e-10,-2.767376373626374e-08,6.48201291586705e-08
0.5,1.25e-10,-2.7175137362637364e-08,6.482181642341503e-08
0.5,1.25e-10,-2.6676510989010992e-08,6.482331963697069e-08
0.5,1.25e-10,-2.6177884615384617e-08,6.482464703363648e-08
0.5,1.25e-10,-2.5679258241758245e-08,6.482580671805135e-08
0.5,1.25e-10,-2.518063186813187e-08,6.482680666359884e-08
0.5,1.25e-10,-2.4682005494505498e-08,6.482765471083888e-08
0.5,1.25e-10,-2.4183379120879123e-08,6.48283585659736e-08
0.5,1.25e-10,-2.368475274725275e-08,6.482892579934757e-08
0.5,1.25e-10,-2.3186126373626376e-08,6.482936384399374e-08
0.5,1.25e-10,-2.2687500000000004e-08,6.482967999422511e-08
0.5,1.25e-10,-2.218887362637363e-08,6.482988140427232e-08
0.5,1.25e-10,-2.1690247252747257e-08,6.482997508697724e-08
0.5,1.25e-10,-2.119162087912088e-08,6.482996791253427e-08
0.5,1.25e-10,-2.069299450549451e-08,6.4829866607289e-08
0.5,1.25e-10,-2.0194368131868134e-08,6.482967775259194e-08
0.5,1.25e-10,-1.969574175824176e-08,6.482940778370076e-08
0.5,1.25e-10,-1.9197115384615387e-08,6.482906298874702e-08
0.5,1.25e-10,-1.8698489010989012e-08,6.482864950774807e-08
0.5,1.25e-10,-1.819986263736264e-08,6.482817333167524e-08
0.5,1.25e-10,-1.7701236263736265e-08,6.482764030157558e-08
0.5,1.25e-10,-1.7202609890109893e-08,6.482705610774155e-08
0.5,1.25e-10,-1.6703983516483518e-08,6.482642628893245e-08
0.5,1.25e-10,-1.6205357142857146e-08,6.482575623163928e-08
0.5,1.25e-10,-1.570673076923077e-08,6.482505116940403e-08
0.5,1.25e-10,-1.52081043956044e-08,6.482431618217112e-08
0.5,1.25e-10,-1.4709478021978023e-08,6.482355619569352e-08
0.5,1.25e-10,-1.421085164835165e-08,6.482277598096733e-08
0.5,1.25e-10,-1.3712225274725276e-08,6.482198015371548e-08
0.5,1.25e-10,-1.3213598901098902e-08,6.482117317390128e-08
0.5,1.25e-10,-1.2714972527472529e-08,6.48203593452784e-08
0.5,1.25e-10,-1.2216346153846155e-08,6.481954281497426e-08
0.5,1.25e-10,-1.1717719780219782e-08,6.481872757310405e-08
0.5,1.25e-10,-1.1219093406593408e-08,6.481791745241193e-08
0.5,1.25e-10,-1.0720467032967035e-08,6.481711612794535e-08
0.5,1.25e-10,-1.0221840659340661e-08,6.481632711674479e-08
0.5,1.25e-10,-9.723214285714287e-09,6.481555377757148e-08
0.5,1.25e-10,-9.224587912087914e-09,6.481479931064241e-08
0.5,1.25e-10,-8.72596153846154e-09,6.481406675740135e-08
0.5,1.25e-10,-8.227335164835167e-09,6.48133590002983e-08
0.5,1.25e-10,-7.728708791208791e-09,6.481267876259237e-08
0.5,1.25e-10,-7.230082417582419e-09,6.481202860817227e-08
0.5,1.25e-10,-6.731456043956045e-09,6.481141094139118e-08
0.5,1.25e-10,-6.2328296703296714e-09,6.481082800691839e-08
0.5,1.25e-10,-5.734203296703297e-09,6.481028188960285e-08
0.5,1.25e-10,-5.2355769230769234e-09,6.480977451435199e-08
0.5,1.25e-10,-4.73695054945055e-09,6.480930764602287e-08
0.5,1.25e-10,-4.238324175824176e-09,6.480888288932267e-08
0.5,1.25e-10,-3.739697802197803e-09,6.480850168872283e-08
0.5,1.25e-10,-3.241071428571429e-09,6.480816532838328e-08
0.5,1.25e-10,-2.742445054945055e-09,6.480787493208355e-08
0.5,1.25e-10,-2.2438186813186815e-09,6.480763146316739e-08
0.5,1.25e-10,-1.745192307692308e-09,6.480743572449406e-08
0.5,1.25e-10,-1.2465659340659342e-09,6.480728835839655e-08
0.5,1.25e-10,-7.479395604395606e-10,6.4807189846654e-08
0.5,1.25e-10,-2.4931318681318684e-10,6.480714051046477e-08
0.5,1.25e-10,2.4931318681318684e-10,6.480714051043031e-08
0.5,1.25e-10,7.479395604395606e-10,6.48071898465506e-08
0.5,1.25e-10,1.2465659340659342e-09,6.480728835822391e-08
0.5,1.25e-10,1.745192307692308e-09,6.480743572425141e-08
0.5,1.25e-10,2.2438186813186815e-09,6.480763146285594e-08
0.5,1.25e-10,2.742445054945055e-09,6.480787493170337e-08
0.5,1.25e-10,3.241071428571429e-09,6.480816532793428e-08
0.5,1.25e-10,3.739697802197803e-09,6.480850168820576e-08
0.5,1.25e-10,4.238324175824176e-09,6.48088828887363e-08
0.5,1.25e-10,4.73695054945055e-09,6.480930764536888e-08
0.5,1.25e-10,5.2355769230769234e-09,6.480977451363012e-08
0.5,1.25e-10,5.734203296703297e-09,6.481028188881251e-08
0.5,1.25e-10,6.2328296703296714e-09,6.481082800606116e-08
0.5,1.25e-10,6.731456043956045e-09,6.481141094046747e-08
0.5,1.25e-10,7.230082417582419e-09,6.481202860718165e-08
0.5,1.25e-10,7.728708791208791e-09,6.481267876153608e-08
0.5,1.25e-10,8.227335164835167e-09,6.481335899917665e-08
0.5,1.25e-10,8.72596153846154e-09,6.481406675621541e-08
0.5,1.25e-10,9.224587912087914e-09,6.481479930939263e-08
0.5,1.25e-10,9.723214285714287e-09,6.481555377625831e-08
0.5,1.25e-10,1.0221840659340661e-08,6.481632711537052e-08
0.5,1.25e-10,1.0720467032967035e-08,6.481711612650932e-08
0.5,1.25e-10,1.1219093406593408e-08,6.481791745091693e-08
0.5,1.25e-10,1.1717719780219782e-08,6.481872757154936e-08
0.5,1.25e-10,1.2216346153846155e-08,6.481954281336304e-08
0.5,1.25e-10,1.2714972527472529e-08,6.482035934361093e-08
0.5,1.25e-10,1.3213598901098902e-08,6.482117317218028e-08
0.5,1.25e-10,1.3712225274725276e-08,6.482198015194187e-08
0.5,1.25e-10,1.421085164835165e-08,6.48227759791435e-08
0.5,1.25e-10,1.4709478021978023e-08,6.48235561938219e-08
0.5,1.25e-10,1.52081043956044e-08,6.482431618025408e-08
0.5,1.25e-10,1.570673076923077e-08,6.482505116744254e-08
0.5,1.25e-10,1.6205357142857146e-08,6.482575622963693e-08
0.5,1.25e-10,1.6703983516483518e-08,6.482642628689116e-08
0.5,1.25e-10,1.7202609890109893e-08,6.482705610566422e-08
0.5,1.25e-10,1.7701236263736265e-08,6.4827640299467e-08
0.5,1.25e-10,1.819986263736264e-08,6.482817332953742e-08
0.5,1.25e-10,1.8698489010989012e-08,6.482864950558489e-08
0.5,1.25e-10,1.9197115384615387e-08,6.482906298656118e-08
0.5,1.25e-10,1.969574175824176e-08,6.482940778149626e-08
0.5,1.25e-10,2.0194368131868134e-08,6.482967775037231e-08
0.5,1.25e-10,2.069299450549451e-08,6.482986660505945e-08
0.5,1.25e-10,2.119162087912088e-08,6.4829967910298e-08
0.5,1.25e-10,2.1690247252747257e-08,6.482997508473848e-08
0.5,1.25e-10,2.218887362637363e-08,6.482988140203624e-08
0.5,1.25e-10,2.2687500000000004e-08,6.482967999199604e-08
0.5,1.25e-10,2.3186126373626376e-08,6.482936384177693e-08
0.5,1.25e-10,2.368475274725275e-08,6.482892579714751e-08
0.5,1.25e-10,2.4183379120879123e-08,6.482835856379546e-08
0.5,1.25e-10,2.4682005494505498e-08,6.482765470868778e-08
0.5,1.25e-10,2.518063186813187e-08,6.482680666147951e-08
0.5,1.25e-10,2.5679258241758245e-08,6.482580671596953e-08
0.5,1.25e-10,2.6177884615384617e-08,6.482464703159719e-08
0.5,1.25e-10,2.6676510989010992e-08,6.482331963497906e-08
0.5,1.25e-10,2.7175137362637364e-08,6.482181642147711e-08
0.5,1.25e-10,2.767376373626374e-08,6.482012915679129e-08
0.5,1.25e-10,2.8172390109890115e-08,6.481824947857562e-08
0.5,1.25e-10,2.8671016483516487e-08,6.481616889806142e-08
0.5,1.25e-10,2.9169642857142862e-08,6.48138788016815e-08
0.5,1.25e-10,2.9668269230769234e-08,6.48113704526891e-08
0.5,1.25e-10,3.0166895604395606e-08,6.480863499274765e-08
0.5,1.25e-10,3.066552197802198e-08,6.480566344349181e-08
0.5,1.25e-10,3.1164148351648356e-08,6.480244670803447e-08
0.5,1.25e-10,3.166277472527473e-08,6.479897557240607e-08
0.5,1.25e-10,3.21614010989011e-08,6.47952407069095e-08
0.5,1.25e-10,3.2660027472527475e-08,6.479123266736933e-08
0.5,1.25e-10,3.315865384615385e-08,6.478694189625113e-08
0.5,1.25e-10,3.3657280219780226e-08,6.478235872363156e-08
0.5,1.25e-10,3.4155906593406595e-08,6.477747336798883e-08
0.5,1.25e-10,3.465453296703297e-08,6.477227593678906e-08
0.5,1.25e-10,3.5153159340659345e-08,6.47667564268363e-08
0.5,1.25e-10,3.565178571428572e-08,6.476090472435541e-08
0.5,1.25e-10,3.6150412087912096e-08,6.475471060477276e-08
0.5,1.25e-10,3.6649038461538464e-08,6.474816954756442e-08
0.5,1.25e-10,3.714766483516484e-08,6.474128524744706e-08
0.5,1.25e-10,3.7646291208791215e-08,6.473403521235443e-08
0.5,1.25e-10,3.814491758241759e-08,6.472640985005637e-08
0.5,1.25e-10,3.864354395604396e-08,6.471839954240985e-08
0.5,1.25e-10,3.9142170329670334e-08,6.47099946473935e-08
0.5,1.25e-10,3.964079670329671e-08,6.470118550065251e-08
0.5,1.25e-10,4.0139423076923084e-08,6.469196241649954e-08
0.5,1.25e-10,4.063804945054945e-08,6.46823156883153e-08
0.5,1.25e-10,4.113667582417583e-08,6.467223558828342e-08
0.5,1.25e-10,4.16353021978022e-08,6.466171236640123e-08
0.5,1.25e-10,4.213392857142858e-08,6.465073624870052e-08
0.5,1.25e-10,4.263255494505495e-08,6.463929743460535e-08
0.5,1.25e-10,4.313118131868132e-08,6.462738609336954e-08
0.5,1.25e-10,4.36298076923077e-08,6.461499235951201e-08
0.5,1.25e-10,4.412843406593407e-08,6.460210632718097e-08
0.5,1.25e-10,4.462706043956045e-08,6.458871804338175e-08
0.5,1.25e-10,4.5125686813186817e-08,6.457481749998083e-08
0.5,1.25e-10,4.562431318681319e-08,6.456039462441975e-08
0.5,1.25e-10,4.612293956043957e-08,6.454543926906398e-08
0.5,1.25e-10,4.662156593406594e-08,6.452994119910549e-08
0.5,1.25e-10,4.712019230769231e-08,6.451389007894235e-08
0.5,1.25e-10,4.7618818681318686e-08,6.449727545697121e-08
0.5,1.25e-10,4.811744505494506e-08,6.448008674870304e-08
0.5,1.25e-10,4.861607142857144e-08,6.446231321813757e-08
0.5,1.25e-10,4.9114697802197805e-08,6.444394395731817e-08
0.5,1.25e-10,4.961332417582418e-08,6.442496786400465e-08
0.5,1.25e-10,5.0111950549450556e-08,6.440537361737584e-08
0.5,1.25e-10,5.061057692307693e-08,6.438514965172442e-08
0.5,1.25e-10,5.11092032967033e-08,6.436428412804664e-08
0.5,1.25e-10,5.1607829670329675e-08,6.434276490348409e-08
0.5,1.25e-10,5.210645604395605e-08,6.432057949856924e-08
0.5,1.25e-10,5.2605082417582425e-08,6.429771506218053e-08
0.5,1.25e-10,5.31037087912088e-08,6.427415833420524e-08
0.5,1.25e-10,5.360233516483517e-08,6.424989598409954e-08
0.5,1.25e-10,5.4100961538461544e-08,6.422504267016303e-08
0.5,1.25e-10,5.459958791208792e-08,6.419953918906141e-08
0.5,1.25e-10,5.5098214285714295e-08,6.417337685898484e-08
0.5,1.25e-10,5.5596840659340664e-08,6.414654664182273e-08
0.5,1.25e-10,5.609546703296704e-08,6.411903909648592e-08
0.5,1.25e-10,5.6594093406593414e-08,6.409084432974926e-08
0.5,1.25e-10,5.709271978021979e-08,6.406195194464523e-08
0.5,1.25e-10,5.759134615384616e-08,6.403235098641702e-08
0.5,1.25e-10,5.808997252747253e-08,6.400202988604495e-08
0.5,1.25e-10,5.858859890109891e-08,6.397097640140017e-08
0.5,1.25e-10,5.9087225274725284e-08,6.393917755603545e-08
0.5,1.25e-10,5.958585164835165e-08,6.39066195757071e-08
0.5,1.25e-10,6.008447802197803e-08,6.387328782263508e-08
0.5,1.25e-10,6.058310439560441e-08,6.383916672760525e-08
0.5,1.25e-10,6.108173076923078e-08,6.380423971997024e-08
0.5,1.25e-10,6.158035714285715e-08,6.376848915564432e-08
0.5,1.25e-10,6.207898351648353e-08,6.373198575946488e-08
0.5,1.25e-10,6.25776098901099e-08,6.369484379318275e-08
0.5,1.25e-10,6.307623626373627e-08,6.365700294379728e-08
0.5,1.25e-10,6.357486263736265e-08,6.361845133572653e-08
0.5,1.25e-10,6.407348901098902e-08,6.357917593767357e-08
0.5,1.25e-10,6.45721153846154e-08,6.353916248548628e-08
0.5,1.25e-10,6.507074175824177e-08,6.349839540421689e-08
0.5,1.25e-10,6.556936813186814e-08,6.345685772962458e-08
0.5,1.25e-10,6.606799450549452e-08,6.341453102934733e-08
0.5,1.25e-10,6.656662087912089e-08,6.337139532401106e-08
0.5,1.25e-10,6.706524725274725e-08,6.332742900860545e-08
0.5,1.25e-10,6.756387362637364e-08,6.32826087746434e-08
0.5,1.25e-10,6.80625e-08,6.323697114436168e-08
0.5,1.25e-10,6.856112637362639e-08,6.319075553090956e-08
0.5,1.25e-10,6.905975274725276e-08,6.31438842121711e-08
0.5,1.25e-10,6.955837912087912e-08,6.30963393545463e-08
0.5,1.25e-10,7.00570054945055e-08,6.304810133861334e-08
0.5,1.25e-10,7.055563186813187e-08,6.299914872492326e-08
0.5,1.25e-10,7.105425824175826e-08,6.294945824540363e-08
0.5,1.25e-10,7.155288461538462e-08,6.289900483503507e-08
0.5,1.25e-10,7.2051510989011e-08,6.284776172618734e-08
0.5,1.25e-10,7.255013736263738e-08,6.279570063927698e-08
0.5,1.25e-10,7.304876373626374e-08,6.274282336798392e-08
0.5,1.25e-10,7.354739010989011e-08,6.268947022273107e-08
0.5,1.25e-10,7.40460164835165e-08,6.263557450180075e-08
0.5,1.25e-10,7.454464285714286e-08,6.258112051843315e-08
0.5,1.25e-10,7.504326923076924e-08,6.252609556207187e-08
0.5,1.25e-10,7.554189560439561e-08,6.247049224388168e-08
0.5,1.25e-10,7.604052197802198e-08,6.241431171735735e-08
0.5,1.25e-10,7.653914835164836e-08,6.235756797741042e-08
0.5,1.25e-10,7.703777472527473e-08,6.23002934279675e-08
0.5,1.25e-10,7.753640109890111e-08,6.224257607348708e-08
0.5,1.25e-10,7.803502747252748e-08,6.218490688935519e-08
0.5,1.25e-10,7.853365384615385e-08,6.212738387976889e-08
0.5,1.25e-10,7.903228021978023e-08,6.207018038953064e-08
0.5,1.25e-10,7.95309065934066e-08,6.201352316857975e-08
0.5,1.25e-10,8.002953296703297e-08,6.195769916768288e-08
0.5,1.25e-10,8.052815934065935e-08,6.190305948269786e-08
0.5,1.25e-10,8.102678571428572e-08,6.185001848720716e-08
0.5,1.25e-10,8.15254120879121e-08,6.179904588745373e-08
0.5,1.25e-10,8.202403846153847e-08,6.175064941120188e-08
0.5,1.25e-10,8.252266483516484e-08,6.170533263495163e-08
0.5,1.25e-10,8.302129120879122e-08,6.166366708849399e-08
0.5,1.25e-10,8.351991758241759e-08,6.1625989128563e-08
0.5,1.25e-10,8.401854395604397e-08,6.159250897275894e-08
0.5,1.25e-10,8.451717032967034e-08,6.156326133010381e-08
0.5,1.25e-10,8.501579670329671e-08,6.153806126960401e-08
0.5,1.25e-10,8.551442307692309e-08,6.1516475235834e-08
0.5,1.25e-10,8.601304945054946e-08,6.14978158836133e-08
0.5,1.25e-10,8.651167582417583e-08,6.148116698620357e-08
0.5,1.25e-10,8.701030219780221e-08,6.146544020871157e-08
0.5,1.25e-10,8.750892857142858e-08,6.144946009616211e-08
0.5,1.25e-10,8.800755494505496e-08,6.143206890074589e-08
0.5,1.25e-10,8.850618131868133e-08,6.141224051101548e-08
0.5,1.25e-10,8.90048076923077e-08,6.138921207263573e-08
0.5,1.25e-10,8.950343406593408e-08,6.136415804254939e-08
0.5,1.25e-10,9.000206043956045e-08,6.134438812881438e-08
0.5,1.25e-10,9.050068681318682e-08,6.134042659845243e-08
0.5,1.25e-10,9.09993131868132e-08,6.137149574909079e-08
0.5,1.25e-10,9.149793956043957e-08,6.141986335283788e-08
0.5,1.25e-10,9.199656593406595e-08,6.148193911975976e-08
0.5,1.25e-10,9.249519230769232e-08,6.154799302978958e-08
0.5,1.25e-10,9.299381868131869e-08,6.161212108405166e-08
0.5,1.25e-10,9.349244505494507e-08,6.167360274044135e-08
0.5,1.25e-10,9.399107142857144e-08,6.173328388224716e-08
0.5,1.25e-10,9.448969780219782e-08,6.179096118351374e-08
0.5,1.25e-10,9.498832417582419e-08,6.184849474540624e-08
0.5,1.25e-10,9.548695054945056e-08,6.19076643601938e-08
0.5,1.25e-10,9.598557692307694e-08,6.196965830560825e-08
0.5,1.25e-10,9.648420329670331e-08,6.203547817270235e-08
0.5,1.25e-10,9.698282967032968e-08,6.210589402659072e-08
0.5,1.25e-10,9.748145604395606e-08,6.218143374141433e-08
0.5,1.25e-10,9.798008241758243e-08,6.226230304991736e-08
0.5,1.25e-10,9.847870879120881e-08,6.234779396238181e-08
0.5,1.25e-10,9.897733516483518e-08,6.243809503542405e-08
0.5,1.25e-10,9.947596153846155e-08,6.253295982986497e-08
0.5,1.25e-10,9.997458791208793e-08,6.263211447565241e-08
0.5,1.25e-10,1.004732142857143e-07,6.273530944528392e-08
0.5,1.25e-10,1.0097184065934068e-07,6.284188537531364e-08
0.5,1.25e-10,1.0147046703296705e-07,6.295089559322278e-08
0.5,1.25e-10,1.0196909340659342e-07,6.306219353686091e-08
0.5,1.25e-10,1.024677197802198e-07,6.317575265052564e-08
0.5,1.25e-10,1.0296634615384617e-07,6.329161629281502e-08
0.5,1.25e-10,1.0346497252747253e-07,6.340883615006166e-08
0.5,1.25e-10,1.0396359890109892e-07,6.352716231405406e-08
0.5,1.25e-10,1.0446222527472528e-07,6.364686326255405e-08
0.5,1.25e-10,1.0496085164835167e-07,6.376828752680351e-08
0.5,1.25e-10,1.0545947802197804e-07,6.389086483147908e-08
0.5,1.25e-10,1.059581043956044e-07,6.401417705426634e-08
0.5,1.25e-10,1.0645673076923079e-07,6.41386605840848e-08
0.5,1.25e-10,1.0695535714285715e-07,6.426480098221004e-08
0.5,1.25e-10,1.0745398351648352e-07,6.439211266934056e-08
0.5,1.25e-10,1.079526098901099e-07,6.452017487582216e-08
0.5,1.25e-10,1.0845123626373627e-07,6.464951131443057e-08
0.5,1.25e-10,1.0894986263736266e-07,6.478066516999143e-08
0.5,1.25e-10,1.0944848901098902e-07,6.491292903673562e-08
0.5,1.25e-10,1.0994711538461539e-07,6.504612516650643e-08
0.5,1.25e-10,1.1044574175824177e-07,6.518084618021484e-08
0.5,1.25e-10,1.1094436813186814e-07,6.531753804554285e-08
0.5,1.25e-10,1.1144299450549452e-07,6.545519881803832e-08
0.5,1.25e-10,1.1194162087912089e-07,6.55940948861455e-08
0.5,1.25e-10,1.1244024725274726e-07,6.573489597096987e-08
0.5,1.25e-10,1.1293887362637364e-07,6.587751062930232e-08
0.5,1.25e-10,1.1343750000000001e-07,6.602111668172124e-08
0.5,1.25e-10,1.1393612637362638e-07,6.616640519869229e-08
0.5,1.25e-10,1.1443475274725276e-07,6.631396787505503e-08
0.5,1.25e-10,1.1493337912087913e-07,6.646272768082709e-08
0.5,1.25e-10,1.1543200549450551e-07,6.661297954031016e-08
0.5,1.25e-10,1.1593063186813188e-07,6.676555132999426e-08
0.5,1.25e-10,1.1642925824175825e-07,6.691981779973208e-08
0.5,1.25e-10,1.1692788461538463e-07,6.707543096074096e-08
0.5,1.25e-10,1.17426510989011e-07,6.723329382789929e-08
0.5,1.25e-10,1.1792513736263738e-07,6.739330719733127e-08
0.5,1.25e-10,1.1842376373626375e-07,6.755461217198561e-08
0.5,1.25e-10,1.1892239010989012e-07,6.77181699696124e-08
0.5,1.25e-10,1.194210164835165e-07,6.788410770233294e-08
0.5,1.25e-10,1.1991964285714287e-07,6.805138575849775e-08
0.5,1.25e-10,1.2041826923076924e-07,6.82210155596248e-08
0.5,1.25e-10,1.209168956043956e-07,6.839309374407952e-08
0.5,1.25e-10,1.21415521978022e-07,6.856660435508159e-08
0.5,1.25e-10,1.2191414835164837e-07,6.874268796318506e-08
0.5,1.25e-10,1.2241277472527474e-07,6.892108826842939e-08
0.5,1.25e-10,1.229114010989011e-07,6.910110725809387e-08
0.5,1.25e-10,1.2341002747252748e-07,6.928402608155527e-08
0.5,1.25e-10,1.2390865384615387e-07,6.946886923908474e-08
0.5,1.25e-10,1.2440728021978024e-07,6.965573888689323e-08
0.5,1.25e-10,1.249059065934066e-07,6.984566103284306e-08
0.5,1.25e-10,1.2540453296703298e-07,7.003720203259007e-08
0.5,1.25e-10,1.2590315934065935e-07,7.023139424215059e-08
0.5,1.25e-10,1.2640178571428574e-07,7.042823963262826e-08
0.5,1.25e-10,1.269004120879121e-07,7.062690249866945e-08
0.5,1.25e-10,1.2739903846153848e-07,7.082879073361423e-08
0.5,1.25e-10,1.2789766483516485e-07,7.103247762745472e-08
0.5,1.25e-10,1.2839629120879122e-07,7.123893485854492e-08
0.5,1.25e-10,1.2889491758241759e-07,7.144808220572103e-08
0.5,1.25e-10,1.2939354395604398e-07,7.165927389347681e-08
0.5,1.25e-10,1.2989217032967035e-07,7.187377931443097e-08
0.5,1.25e-10,1.3039079670329672e-07,7.209007915332044e-08
0.5,1.25e-10,1.3088942307692309e-07,7.230970437235328e-08
0.5,1.25e-10,1.3138804945054945e-07,7.253139341575232e-08
0.5,1.25e-10,1.3188667582417585e-07,7.275603930770858e-08
0.5,1.25e-10,1.3238530219780222e-07,7.298331211893746e-08
0.5,1.25e-10,1.328839285714286e-07,7.321307079853938e-08
0.5,1.25e-10,1.3338255494505496e-07,7.344596217308866e-08
0.5,1.25e-10,1.3388118131868132e-07,7.368102748061007e-08
0.5,1.25e-10,1.3437980769230772e-07,7.391948406078032e-08
0.5,1.25e-10,1.348784340659341e-07,7.4159995512353e-08
0.5,1.25e-10,1.3537706043956046e-07,7.440401754107038e-08
0.5,1.25e-10,1.3587568681318683e-07,7.465007367621597e-08
0.5,1.25e-10,1.363743131868132e-07,7.489969123531948e-08
0.5,1.25e-10,1.368729395604396e-07,7.515136502524102e-08
0.5,1.25e-10,1.3737156593406596e-07,7.540661631067721e-08
0.5,1.25e-10,1.3787019230769233e-07,7.56639725384563e-08
0.5,1.25e-10,1.383688186813187e-07,7.592488439692116e-08
0.5,1.25e-10,1.3886744505494506e-07,7.618799889916113e-08
0.5,1.25e-10,1.3936607142857143e-07,7.645456978176877e-08
0.5,1.25e-10,1.3986469780219783e-07,7.672355040386845e-08
0.5,1.25e-10,1.403633241758242e-07,7.699573583751614e-08
0.5,1.25e-10,1.4086195054945056e-07,7.727073359072982e-08
0.5,1.25e-10,1.4136057692307693e-07,7.754844554615892e-08
0.5,1.25e-10,1.418592032967033e-07,7.7829462431454e-08
0.5,1.25e-10,1.423578296703297e-07,7.811277591915755e-08
0.5,1.25e-10,1.4285645604395607e-07,7.839969003408094e-08
0.5,1.25e-10,1.4335508241758243e-07,7.868883605856867e-08
0.5,1.25e-10,1.438537087912088e-07,7.898144110384535e-08
0.5,1.25e-10,1.4435233516483517e-07,7.927676992617293e-08
0.5,1.25e-10,1.4485096153846157e-07,7.957479097425473e-08
0.5,1.25e-10,1.4534958791208793e-07,7.987621712436401e-08
0.5,1.25e-10,1.458482142857143e-07,8.017989209629212e-08
0.5,1.25e-10,1.4634684065934067e-07,8.048702856788024e-08
0.5,1.25e-10,1.4684546703296704e-07,8.079693259160819e-08
0.5,1.25e-10,1.4734409340659344e-07,8.110936916782453e-08
0.5,1.25e-10,1.478427197802198e-07,8.142526056507539e-08
0.5,1.25e-10,1.4834134615384617e-07,8.174354513684872e-08
0.5,1.25e-10,1.4883997252747254e-07,8.206482573754806e-08
0.5,1.25e-10,1.493385989010989e-07,8.238928100061823e-08
0.5,1.25e-10,1.498372252747253e-07,8.271602323050722e-08
0.5,1.25e-10,1.5033585164835167e-07,8.304593033125076e-08
0.5,1.25e-10,1.5083447802197804e-07,8.337884101006885e-08
0.5,1.25e-10,1.513331043956044e-07,8.371402141618702e-08
0.5,1.25e-10,1.5183173076923078e-07,8.405232179622041e-08
0.5,1.25e-10,1.5233035714285715e-07,8.439358176403699e-08
0.5,1.25e-10,1.5282898351648354e-07,8.473712204062234e-08
0.5,1.25e-10,1.533276098901099e-07,8.508357003258788e-08
0.5,1.25e-10,1.5382623626373628e-07,8.543301815683515e-08
0.5,1.25e-10,1.5432486263736265e-07,8.578486670557154e-08
0.5,1.25e-10,1.5482348901098902e-07,8.61391814505896e-08
0.5,1.25e-10,1.553221153846154e-07,8.649656455860145e-08
0.5,1.25e-10,1.5582074175824178e-07,8.685651639367202e-08
0.5,1.25e-10,1.5631936813186815e-07,8.72186400469444e-08
0.5,1.25e-10,1.5681799450549452e-07,8.75835930602477e-08
0.5,1.25e-10,1.573166208791209e-07,8.795129255522289e-08
0.5,1.25e-10,1.5781524725274728e-07,8.832132899544331e-08
0.5,1.25e-10,1.5831387362637365e-07,8.869351443908543e-08
0.5,1.25e-10,1.5881250000000002e-07,8.906847267373267e-08
0.5,1.25e-10,1.593111263736264e-07,8.944598026899812e-08
0.5,1.25e-10,1.5980975274725276e-07,8.98257097147573e-08
0.5,1.25e-10,1.6030837912087915e-07,9.020747705311947e-08
0.5,1.25e-10,1.6080700549450552e-07,9.059181829391021e-08
0.5,1.25e-10,1.613056318681319e-07,9.097859446889736e-08
0.5,1.25e-10,1.6180425824175826e-07,9.136753646339e-08
0.5,1.25e-10,1.6230288461538463e-07,9.175840447930737e-08
0.5,1.25e-10,1.62801510989011e-07,9.215143985105612e-08
0.5,1.25e-10,1.633001373626374e-07,9.254683896957038e-08
0.5,1.25e-10,1.6379876373626376e-07,9.294436953110609e-08
0.5,1.25e-10,1.6429739010989013e-07,9.33438266711022e-08
0.5,1.25e-10,1.647960164835165e-07,9.374503119107197e-08
0.5,1.25e-10,1.6529464285714287e-07,9.414827454307198e-08
0.5,1.25e-10,1.6579326923076926e-07,9.455361467012485e-08
0.5,1.25e-10,1.6629189560439563e-07,9.49608707709755e-08
0.5,1.25e-10,1.66790521978022e-07,9.536987859502853e-08
0.5,1.25e-10,1.6728914835164837e-07,9.578048862671286e-08
0.5,1.25e-10,1.6778777472527473e-07,9.619272989757673e-08
0.5,1.25e-10,1.6828640109890113e-07,9.660684741240095e-08
0.5,1.25e-10,1.687850274725275e-07,9.70227012028742e-08
0.5,1.25e-10,1.6928365384615387e-07,9.744015263449568e-08
0.5,1.25e-10,1.6978228021978024e-07,9.785907373923214e-08
0.5,1.25e-10,1.702809065934066e-07,9.827934601065565e-08
0.5,1.25e-10,1.70779532967033e-07,9.870098144731878e-08
0.5,1.25e-10,1.7127815934065937e-07,9.912417336303117e-08
0.5,1.25e-10,1.7177678571428574e-07,9.954880974582608e-08
0.5,1.25e-10,1.722754120879121e-07,9.99747764562614e-08
0.5,1.25e-10,1.7277403846153847e-07,1.0040196639845123e-07
0.5,1.25e-10,1.7327266483516487e-07,1.0083027871219748e-07
0.5,1.25e-10,1.7377129120879124e-07,1.0125961803896938e-07
0.5,1.25e-10,1.742699175824176e-07,1.016900595734463e-07
0.5,1.25e-10,1.7476854395604397e-07,1.0212168577416967e-07
0.5,1.25e-10,1.7526717032967034e-07,1.0255439466243765e-07
0.5,1.25e-10,1.757657967032967e-07,1.0298809193714117e-07
0.5,1.25e-10,1.762644230769231e-07,1.0342268757494971e-07
0.5,1.25e-10,1.7676304945054948e-07,1.0385809532337664e-07
0.5,1.25e-10,1.7726167582417584e-07,1.0429423223699874e-07
0.5,1.25e-10,1.777603021978022e-07,1.0473104086381094e-07
0.5,1.25e-10,1.7825892857142858e-07,1.0516865031604793e-07
0.5,1.25e-10,1.7875755494505498e-07,1.0560702015990962e-07
0.5,1.25e-10,1.7925618131868135e-07,1.060460679933363e-07
0.5,1.25e-10,1.7975480769230771e-07,1.06485714111941e-07
0.5,1.25e-10,1.8025343406593408e-07,1.0692588116780152e-07
0.5,1.25e-10,1.8075206043956045e-07,1.0736649385220015e-07
0.5,1.25e-10,1.8125068681318685e-07,1.0780747859937447e-07
0.5,1.25e-10,1.8174931318681321e-07,1.0824876385847726e-07
0.5,1.25e-10,1.8224793956043958e-07,1.0869042396792001e-07
0.5,1.25e-10,1.8274656593406595e-07,1.0913247605972155e-07
0.5,1.25e-10,1.8324519230769232e-07,1.0957484759956547e-07
0.5,1.25e-10,1.8374381868131872e-07,1.1001746750295233e-07
0.5,1.25e-10,1.8424244505494508e-07,1.1046026588886708e-07
0.5,1.25e-10,1.8474107142857145e-07,1.1090317384306866e-07
0.5,1.25e-10,1.8523969780219782e-07,1.113461231890825e-07
0.5,1.25e-10,1.857383241758242e-07,1.1178904626507914e-07
0.5,1.25e-10,1.8623695054945056e-07,1.1223189181876264e-07
0.5,1.25e-10,1.8673557692307695e-07,1.126747598617888e-07
0.5,1.25e-10,1.8723420329670332e-07,1.1311762626780101e-07
0.5,1.25e-10,1.877328296703297e-07,1.1356042517003558e-07
0.5,1.25e-10,1.8823145604395606e-07,1.1400309099620424e-07
0.5,1.25e-10,1.8873008241758243e-07,1.1444555824721144e-07
0.5,1.25e-10,1.8922870879120882e-07,1.1488776127442573e-07
0.5,1.25e-10,1.897273351648352e-07,1.153296340540115e-07
0.5,1.25e-10,1.9022596153846156e-07,1.1577110995683238e-07
0.5,1.25e-10,1.9072458791208793e-07,1.1621217614516057e-07
0.5,1.25e-10,1.912232142857143e-07,1.1665294058447723e-07
0.5,1.25e-10,1.917218406593407e-07,1.1709335208705522e-07
0.5,1.25e-10,1.9222046703296706e-07,1.1753334615665584e-07
0.5,1.25e-10,1.9271909340659343e-07,1.1797285735859569e-07
0.5,1.25e-10,1.932177197802198e-07,1.1841181905633739e-07
0.5,1.25e-10,1.9371634615384617e-07,1.1885016313670943e-07
0.5,1.25e-10,1.9421497252747256e-07,1.1928781972204387e-07
0.5,1.25e-10,1.9471359890109893e-07,1.197247396013529e-07
0.5,1.25e-10,1.952122252747253e-07,1.2016105942369103e-07
0.5,1.25e-10,1.9571085164835167e-07,1.2059676242833544e-07
0.5,1.25e-10,1.9620947802197804e-07,1.2103178046557888e-07
0.5,1.25e-10,1.9670810439560443e-07,1.21466043051668e-07
0.5,1.25e-10,1.972067307692308e-07,1.2189947701264105e-07
0.5,1.25e-10,1.9770535714285717e-07,1.2233200610583738e-07
0.5,1.25e-10,1.9820398351648354e-07,1.2276355061662448e-07
0.5,1.25e-10,1.987026098901099e-07,1.2319413329295825e-07
0.5,1.25e-10,1.9920123626373628e-07,1.2362390399450947e-07
0.5,1.25e-10,1.9969986263736267e-07,1.2405279461259037e-07
0.5,1.25e-10,2.0019848901098904e-07,1.2448072546690618e-07
0.5,1.25e-10,2.006971153846154e-07,1.2490761240981404e-07
0.5,1.25e-10,2.0119574175824178e-07,1.2533336630103192e-07
0.5,1.25e-10,2.0169436813186814e-07,1.2575789244271383e-07
0.5,1.25e-10,2.0219299450549454e-07,1.2618124980246825e-07
0.5,1.25e-10,2.026916208791209e-07,1.2660360546506334e-07
0.5,1.25e-10,2.0319024725274728e-07,1.270248716344051e-07
0.5,1.25e-10,2.0368887362637365e-07,1.2744495058696775e-07
0.5,1.25e-10,2.0418750000000001e-07,1.278637374466584e-07
0.5,1.25e-10,2.046861263736264e-07,1.2828111942442366e-07
0.5,1.25e-10,2.0518475274725278e-07,1.2869706633340663e-07
0.5,1.25e-10,2.0568337912087915e-07,1.2911184665957084e-07
0.5,1.25e-10,2.0618200549450552e-07,1.295253916419146e-07
0.5,1.25e-10,2.0668063186813188e-07,1.2993758115696052e-07
0.5,1.25e-10,2.0717925824175828e-07,1.303482848251843e-07
0.5,1.25e-10,2.0767788461538465e-07,1.3075736096252657e-07
0.5,1.25e-10,2.0817651098901102e-07,1.3116490411026555e-07
0.5,1.25e-10,2.0867513736263738e-07,1.315711561162741e-07
0.5,1.25e-10,2.0917376373626375e-07,1.3197597815047018e-07
0.5,1.25e-10,2.0967239010989012e-07,1.3237921407498974e-07
0.5,1.25e-10,2.1017101648351652e-07,1.327806929865906e-07
0.5,1.25e-10,2.1066964285714289e-07,1.331803919022948e-07
0.5,1.25e-10,2.1116826923076925e-07,1.3357868551719972e-07
0.5,1.25e-10,2.1166689560439562e-07,1.3397544221089227e-07
0.5,1.25e-10,2.12165521978022e-07,1.3437046841227538e-07
0.5,1.25e-10,2.126641483516484e-07,1.3476355109479248e-07
0.5,1.25e-10,2.1316277472527476e-07,1.351547779783481e-07
0.5,1.25e-10,2.1366140109890112e-07,1.3554450643448345e-07
0.5,1.25e-10,2.141600274725275e-07,1.3593252346065672e-07
0.5,1.25e-10,2.1465865384615386e-07,1.3631858149309e-07
0.5,1.25e-10,2.1515728021978026e-07,1.3670248132264014e-07
0.5,1.25e-10,2.1565590659340662e-07,1.3708472668384927e-07
0.5,1.25e-10,2.16154532967033e-07,1.3746525692992454e-07
0.5,1.25e-10,2.1665315934065936e-07,1.378437785967702e-07
0.5,1.25e-10,2.1715178571428573e-07,1.382199937842139e-07
0.5,1.25e-10,2.1765041208791213e-07,1.3859438672074383e-07
0.5,1.25e-10,2.181490384615385e-07,1.3896701473465812e-07
0.5,1.25e-10,2.1864766483516486e-07,1.39337523658243e-07
0.5,1.25e-10,2.1914629120879123e-07,1.3970558823387451e-07
0.5,1.25e-10,2.196449175824176e-07,1.4007181576109847e-07
0.5,1.25e-10,2.20143543956044e-07,1.404361484060671e-07
0.5,1.25e-10,2.2064217032967036e-07,1.4079815210679615e-07
0.5,1.25e-10,2.2114079670329673e-07,1.4115767300185966e-07
0.5,1.25e-10,2.216394230769231e-07,1.415154192240247e-07
0.5,1.25e-10,2.2213804945054947e-07,1.4187101263176818e-07
0.5,1.25e-10,2.2263667582417584e-07,1.422239369931917e-07
0.5,1.25e-10,2.2313530219780223e-07,1.4257477805717198e-07
0.5,1.25e-10,2.236339285714286e-07,1.4292362340254822e-07
0.5,1.25e-10,2.2413255494505497e-07,1.432698644595503e-07
0.5,1.25e-10,2.2463118131868134e-07,1.436135923198539e-07
0.5,1.25e-10,2.251298076923077e-07,1.4395542538874156e-07
0.5,1.25e-10,2.256284340659341e-07,1.442946904654608e-07
0.5,1.25e-10,2.2612706043956047e-07,1.4463120970769392e-07
0.5,1.25e-10,2.2662568681318684e-07,1.4496582560259412e-07
0.5,1.25e-10,2.271243131868132e-07,1.4529783360355868e-07
0.5,1.25e-10,2.2762293956043958e-07,1.4562700090185793e-07
0.5,1.25e-10,2.2812156593406597e-07,1.4595422853823016e-07
0.5,1.25e-10,2.2862019230769234e-07,1.4627870010907945e-07
0.5,1.25e-10,2.291188186813187e-07,1.466003839054789e-07
0.5,1.25e-10,2.2961744505494508e-07,1.4692004637593602e-07
0.5,1.25e-10,2.3011607142857145e-07,1.4723666445178735e-07
0.5,1.25e-10,2.3061469780219784e-07,1.47550822749747e-07
0.5,1.25e-10,2.311133241758242e-07,1.4786268043999556e-07
0.5,1.25e-10,2.3161195054945058e-07,1.4817127875894008e-07
0.5,1.25e-10,2.3211057692307695e-07,1.4847779240804423e-07
0.5,1.25e-10,2.3260920329670332e-07,1.48781465407733e-07
0.5,1.25e-10,2.3310782967032969e-07,1.490821636688785e-07
0.5,1.25e-10,2.3360645604395608e-07,1.493807008822008e-07
0.5,1.25e-10,2.3410508241758245e-07,1.4967583860273471e-07
0.5,1.25e-10,2.3460370879120882e-07,1.499688219800261e-07
0.5,1.25e-10,2.3510233516483519e-07,1.5025875837648065e-07
0.5,1.25e-10,2.3560096153846156e-07,1.50545853789717e-07
0.5,1.25e-10,2.3609958791208795e-07,1.5083051270421645e-07
0.5,1.25e-10,2.3659821428571432e-07,1.5111174495249126e-07
0.5,1.25e-10,2.370968406593407e-07,1.5139085257858248e-07
0.5,1.25e-10,2.3759546703296706e-07,1.5166638955875133e-07
0.5,1.25e-10,2.3809409340659342e-07,1.5193974385395103e-07
0.5,1.25e-10,2.385927197802198e-07,1.522096474466197e-07
0.5,1.25e-10,2.390913461538462e-07,1.5247711343868287e-07
0.5,1.25e-10,2.3958997252747256e-07,1.5274136249005636e-07
0.5,1.25e-10,2.400885989010989e-07,1.530028649793696e-07
0.5,1.25e-10,2.405872252747253e-07,1.5326137962523704e-07
0.5,1.25e-10,2.4108585164835166e-07,1.5351689161607855e-07
0.5,1.25e-10,2.4158447802197803e-07,1.5376954691714464e-07
0.5,1.25e-10,2.420831043956044e-07,1.5401908525322594e-07
0.5,1.25e-10,2.425817307692308e-07,1.5426575940287943e-07
0.5,1.25e-10,2.430803571428572e-07,1.5450934174346058e-07
0.5,1.25e-10,2.4357898351648356e-07,1.5474990454037325e-07
0.5,1.25e-10,2.4407760989010993e-07,1.5498756135160648e-07
0.5,1.25e-10,2.445762362637363e-07,1.552219177186555e-07
0.5,1.25e-10,2.4507486263736266e-07,1.5545364384879818e-07
0.5,1.25e-10,2.4557348901098903e-07,1.556817468039387e-07
0.5,1.25e-10,2.460721153846154e-07,1.559074775770799e-07
0.5,1.25e-10,2.4657074175824177e-07,1.5612934705692908e-07
0.5,1.25e-10,2.4706936813186814e-07,1.5634892181231746e-07
0.5,1.25e-10,2.4756799450549456e-07,1.565646609389551e-07
0.5,1.25e-10,2.4806662087912093e-07,1.5677778172501126e-07
0.5,1.25e-10,2.485652472527473e-07,1.5698759090527845e-07
0.5,1.25e-10,2.4906387362637367e-07,1.5719402205405174e-07
0.5,1.25e-10,2.4956250000000004e-07,1.5739796387793985e-07
0.5,1.25e-10,2.500611263736264e-07,1.5759797298946793e-07
0.5,1.25e-10,2.5055975274725277e-07,1.5779548661828964e-07
0.5,1.25e-10,2.5105837912087914e-07,1.5798947658102117e-07
0.5,1.25e-10,2.515570054945055e-07,1.5818007464522574e-07
0.5,1.25e-10,2.520556318681319e-07,1.5836820106433167e-07
0.5,1.25e-10,2.5255425824175825e-07,1.5855238196730213e-07
0.5,1.25e-10,2.5305288461538467e-07,1.5873362090298333e-07
0.5,1.25e-10,2.5355151098901104e-07,1.589120272088962e-07
0.5,1.25e-10,2.540501373626374e-07,1.5908652468835543e-07
0.5,1.25e-10,2.545487637362638e-07,1.5925826663476908e-07
0.5,1.25e-10,2.5504739010989014e-07,1.5942688506475635e-07
0.5,1.25e-10,2.555460164835165e-07,1.5959168559374544e-07
0.5,1.25e-10,2.560446428571429e-07,1.5975368318831324e-07
0.5,1.25e-10,2.5654326923076925e-07,1.599126093202616e-07
0.5,1.25e-10,2.570418956043956e-07,1.6006766966792716e-07
0.5,1.25e-10,2.57540521978022e-07,1.6021971879176373e-07
0.5,1.25e-10,2.580391483516484e-07,1.603689794676406e-07
0.5,1.25e-10,2.585377747252748e-07,1.605143171165411e-07
0.5,1.25e-10,2.5903640109890114e-07,1.6065633560418728e-07
0.5,1.25e-10,2.595350274725275e-07,1.6079566613121423e-07
0.5,1.25e-10,2.600336538461539e-07,1.6093142684788417e-07
0.5,1.25e-10,2.6053228021978025e-07,1.6106350046842704e-07
0.5,1.25e-10,2.610309065934066e-07,1.6119242767446173e-07
0.5,1.25e-10,2.61529532967033e-07,1.613185823843534e-07
0.5,1.25e-10,2.6202815934065936e-07,1.6144100535149563e-07
0.5,1.25e-10,2.625267857142857e-07,1.6155981504625953e-07
0.5,1.25e-10,2.630254120879121e-07,1.616754096725164e-07
0.5,1.25e-10,2.635240384615385e-07,1.6178814864815964e-07
0.5,1.25e-10,2.640226648351649e-07,1.618973745438275e-07
0.5,1.25e-10,2.6452129120879125e-07,1.6200289511646487e-07
0.5,1.25e-10,2.650199175824176e-07,1.6210500392885712e-07
0.5,1.25e-10,2.65518543956044e-07,1.622039450995736e-07
0.5,1.25e-10,2.6601717032967036e-07,1.622999189627612e-07
0.5,1.25e-10,2.6651579670329673e-07,1.6239228915428864e-07
0.5,1.25e-10,2.670144230769231e-07,1.624810112951186e-07
0.5,1.25e-10,2.6751304945054946e-07,1.6256626767982752e-07
0.5,1.25e-10,2.6801167582417583e-07,1.6264820433135155e-07
0.5,1.25e-10,2.6851030219780225e-07,1.627269342119275e-07
0.5,1.25e-10,2.690089285714286e-07,1.628025440193756e-07
0.5,1.25e-10,2.69507554945055e-07,1.6287454055550947e-07
0.5,1.25e-10,2.7000618131868136e-07,1.6294293421703883e-07
0.5,1.25e-10,2.7050480769230773e-07,1.6300781742373329e-07
0.5,1.25e-10,2.710034340659341e-07,1.6306926002095894e-07
0.5,1.25e-10,2.7150206043956047e-07,1.631273118582061e-07
0.5,1.25e-10,2.7200068681318683e-07,1.6318200523844412e-07
0.5,1.25e-10,2.724993131868132e-07,1.6323335724722606e-07
0.5,1.25e-10,2.7299793956043957e-07,1.6328142192321184e-07
0.5,1.25e-10,2.7349656593406594e-07,1.6332595587898317e-07
0.5,1.25e-10,2.7399519230769236e-07,1.6336692414262206e-07
0.5,1.25e-10,2.7449381868131873e-07,1.634043562474227e-07
0.5,1.25e-10,2.749924450549451e-07,1.634382724185414e-07
0.5,1.25e-10,2.7549107142857147e-07,1.6346868516973957e-07
0.5,1.25e-10,2.7598969780219784e-07,1.6349560076423535e-07
0.5,1.25e-10,2.764883241758242e-07,1.6351902053803402e-07
0.5,1.25e-10,2.769869505494506e-07,1.6353894208331405e-07
0.5,1.25e-10,2.7748557692307694e-07,1.6355536028872361e-07
0.5,1.25e-10,2.779842032967033e-07,1.635682682330483e-07
0.5,1.25e-10,2.784828296703297e-07,1.635776579284905e-07
0.5,1.25e-10,2.789814560439561e-07,1.6358352090968424e-07
0.5,1.25e-10,2.7948008241758247e-07,1.6358584866468292e-07
0.5,1.25e-10,2.7997870879120884e-07,1.635846329043631e-07
0.5,1.25e-10,2.804773351648352e-07,1.6357986566698646e-07
0.5,1.25e-10,2.809759615384616e-07,1.6357153925499154e-07
0.5,1.25e-10,2.8147458791208794e-07,1.6355964600155664e-07
0.5,1.25e-10,2.819732142857143e-07,1.6354417786481268e-07
0.5,1.25e-10,2.824718406593407e-07,1.6352512584796286e-07
0.5,1.25e-10,2.8297046703296705e-07,1.6350247924388463e-07
0.5,1.25e-10,2.834690934065934e-07,1.6347622470293612e-07
0.5,1.25e-10,2.8396771978021984e-07,1.6344634512276123e-07
0.5,1.25e-10,2.844663461538462e-07,1.634128183587131e-07
0.5,1.25e-10,2.849649725274726e-07,1.6337561575319464e-07
0.5,1.25e-10,2.8546359890109895e-07,1.6333470048156975e-07
0.5,1.25e-10,2.859622252747253e-07,1.6329002571140303e-07
0.5,1.25e-10,2.864608516483517e-07,1.6324156870825424e-07
0.5,1.25e-10,2.8695947802197805e-07,1.631896007423538e-07
0.5,1.25e-10,2.874581043956044e-07,1.6313404968307665e-07
0.5,1.25e-10,2.879567307692308e-07,1.630748811326606e-07
0.5,1.25e-10,2.8845535714285716e-07,1.630120436836697e-07
0.5,1.25e-10,2.8895398351648353e-07,1.6294546600682537e-07
0.5,1.25e-10,2.8945260989010995e-07,1.6287505373456843e-07
0.5,1.25e-10,2.899512362637363e-07,1.6280068612429634e-07
0.5,1.25e-10,2.904498626373627e-07,1.6272235888704985e-07
0.5,1.25e-10,2.9094848901098905e-07,1.6264057249347413e-07
0.5,1.25e-10,2.914471153846154e-07,1.6255518529955635e-07
0.5,1.25e-10,2.919457417582418e-07,1.624660470124958e-07
0.5,1.25e-10,2.9244436813186816e-07,1.6237296678347589e-07
0.5,1.25e-10,2.9294299450549453e-07,1.6227570865345057e-07
0.5,1.25e-10,2.934416208791209e-07,1.6217458716772647e-07
0.5,1.25e-10,2.9394024725274727e-07,1.620700207091629e-07
0.5,1.25e-10,2.944388736263737e-07,1.6196169548577653e-07
0.5,1.25e-10,2.9493750000000006e-07,1.618492877698268e-07
0.5,1.25e-10,2.954361263736264e-07,1.6173248434543866e-07
0.5,1.25e-10,2.959347527472528e-07,1.6161217075215328e-07
0.5,1.25e-10,2.9643337912087916e-07,1.614882185660277e-07
0.5,1.25e-10,2.9693200549450553e-07,1.6136016803196878e-07
0.5,1.25e-10,2.974306318681319e-07,1.6122757538655904e-07
0.5,1.25e-10,2.9792925824175827e-07,1.6109146291185329e-07
0.5,1.25e-10,2.9842788461538464e-07,1.609516341405379e-07
0.5,1.25e-10,2.98926510989011e-07,1.6080743387232056e-07
0.5,1.25e-10,2.994251373626374e-07,1.6065884418526932e-07
0.5,1.25e-10,2.999237637362638e-07,1.605068604880921e-07
0.5,1.25e-10,3.0042239010989016e-07,1.603507002328867e-07
0.5,1.25e-10,3.0092101648351653e-07,1.6018981072389244e-07
0.5,1.25e-10,3.014196428571429e-07,1.6002548917438723e-07
0.5,1.25e-10,3.0191826923076927e-07,1.5985704067479818e-07
0.5,1.25e-10,3.0241689560439564e-07,1.5968375354966215e-07
0.5,1.25e-10,3.02915521978022e-07,1.595070142334263e-07
0.5,1.25e-10,3.034141483516484e-07,1.5932596445888834e-07
0.5,1.25e-10,3.0391277472527474e-07,1.5914015275018998e-07
0.5,1.25e-10,3.044114010989011e-07,1.5895087343496197e-07
0.5,1.25e-10,3.0491002747252753e-07,1.587567638516975e-07
0.5,1.25e-10,3.054086538461539e-07,1.5855855013386818e-07
0.5,1.25e-10,3.0590728021978027e-07,1.5835636839646055e-07
0.5,1.25e-10,3.0640590659340664e-07,1.5814912811016975e-07
0.5,1.25e-10,3.06904532967033e-07,1.579383497539244e-07
0.5,1.25e-10,3.074031593406594e-07,1.5772250620479936e-07
0.5,1.25e-10,3.0790178571428575e-07,1.5750277078633657e-07
0.5,1.25e-10,3.084004120879121e-07,1.5727845117816905e-07
0.5,1.25e-10,3.088990384615385e-07,1.5704953983390978e-07
0.5,1.25e-10,3.0939766483516485e-07,1.5681651690852054e-07
0.5,1.25e-10,3.098962912087912e-07,1.5657847902690177e-07
0.5,1.25e-10,3.1039491758241764e-07,1.5633652504809755e-07
0.5,1.25e-10,3.10893543956044e-07,1.5608937368287038e-07
0.5,1.25e-10,3.113921703296704e-07,1.5583831658292006e-07
0.5,1.25e-10,3.1189079670329675e-07,1.5558200291309967e-07
0.5,1.25e-10,3.123894230769231e-07,1.5532168344180548e-07
0.5,1.25e-10,3.128880494505495e-07,1.5505615157193036e-07
0.5,1.25e-10,3.1338667582417585e-07,1.5478637289587313e-07
0.5,1.25e-10,3.138853021978022e-07,1.54511603817091e-07
0.5,1.25e-10,3.143839285714286e-07,1.5423210363865403e-07
0.5,1.25e-10,3.1488255494505496e-07,1.5394811872338408e-07
0.5,1.25e-10,3.153811813186814e-07,1.536588335036317e-07
0.5,1.25e-10,3.1587980769230775e-07,1.533653885270217e-07
0.5,1.25e-10,3.163784340659341e-07,1.5306641218460775e-07
0.5,1.25e-10,3.168770604395605e-07,1.5276298010356845e-07
0.5,1.25e-10,3.1737568681318686e-07,1.52454541709851e-07
0.5,1.25e-10,3.178743131868132e-07,1.5214082113515596e-07
0.5,1.25e-10,3.183729395604396e-07,1.518227204021019e-07
0.5,1.25e-10,3.1887156593406596e-07,1.5149910279895242e-07
0.5,1.25e-10,3.1937019230769233e-07,1.5117042023387542e-07
0.5,1.25e-10,3.198688186813187e-07,1.5083715465427217e-07
0.5,1.25e-10,3.2036744505494507e-07,1.5049826709481337e-07
0.5,1.25e-10,3.208660714285715e-07,1.5015422685352943e-07
0.5,1.25e-10,3.2136469780219786e-07,1.4980547303600907e-07
0.5,1.25e-10,3.218633241758242e-07,1.4945112672535363e-07
0.5,1.25e-10,3.223619505494506e-07,1.4909137239647693e-07
0.5,1.25e-10,3.2286057692307696e-07,1.4872663032433465e-07
0.5,1.25e-10,3.2335920329670333e-07,1.483566854427378e-07
0.5,1.25e-10,3.238578296703297e-07,1.479810205972223e-07
0.5,1.25e-10,3.2435645604395607e-07,1.47599936743598e-07
0.5,1.25e-10,3.2485508241758244e-07,1.4721365382124198e-07
0.5,1.25e-10,3.253537087912088e-07,1.4682204951534012e-07
0.5,1.25e-10,3.2585233516483523e-07,1.4642465647366703e-07
0.5,1.25e-10,3.263509615384616e-07,1.460216246008057e-07
0.5,1.25e-10,3.2684958791208797e-07,1.4561306490352212e-07
0.5,1.25e-10,3.2734821428571433e-07,1.4519903710600814e-07
0.5,1.25e-10,3.278468406593407e-07,1.447794902514289e-07
0.5,1.25e-10,3.2834546703296707e-07,1.4435408472334127e-07
0.5,1.25e-10,3.2884409340659344e-07,1.439228460445634e-07
0.5,1.25e-10,3.293427197802198e-07,1.43485803845557e-07
0.5,1.25e-10,3.298413461538462e-07,1.430429620483124e-07
0.5,1.25e-10,3.3033997252747255e-07,1.4259430447771576e-07
0.5,1.25e-10,3.308385989010989e-07,1.4213979984035138e-07
0.5,1.25e-10,3.3133722527472534e-07,1.4167940609734245e-07
0.5,1.25e-10,3.318358516483517e-07,1.4121307425260938e-07
0.5,1.25e-10,3.3233447802197807e-07,1.407407515744412e-07
0.5,1.25e-10,3.3283310439560444e-07,1.4026235644874523e-07
0.5,1.25e-10,3.333317307692308e-07,1.3977784172044287e-07
0.5,1.25e-10,3.338303571428572e-07,1.3928719090127362e-07
0.5,1.25e-10,3.3432898351648355e-07,1.3879036966040155e-07
0.5,1.25e-10,3.348276098901099e-07,1.382873405170685e-07
0.5,1.25e-10,3.353262362637363e-07,1.377780632813068e-07
0.5,1.25e-10,3.3582486263736265e-07,1.3726249504147544e-07
0.5,1.25e-10,3.363234890109891e-07,1.367405715521206e-07
0.5,1.25e-10,3.3682211538461544e-07,1.3621225379374133e-07
0.5,1.25e-10,3.373207417582418e-07,1.3567754709882418e-07
0.5,1.25e-10,3.378193681318682e-07,1.351364239716991e-07
0.5,1.25e-10,3.3831799450549455e-07,1.345888535348363e-07
0.5,1.25e-10,3.388166208791209e-07,1.3403479892940368e-07
0.5,1.25e-10,3.393152472527473e-07,1.334742144025094e-07
0.5,1.25e-10,3.3981387362637366e-07,1.3290704209662733e-07
0.5,1.25e-10,3.403125e-07,1.3233320855377485e-07
0.5,1.25e-10,3.408111263736264e-07,1.3175262094348713e-07
0.5,1.25e-10,3.413097527472528e-07,1.31165129577557e-07
0.5,1.25e-10,3.418083791208792e-07,1.3057104261932014e-07
0.5,1.25e-10,3.4230700549450555e-07,1.2997027095696492e-07
0.5,1.25e-10,3.428056318681319e-07,1.2936268522927404e-07
0.5,1.25e-10,3.433042582417583e-07,1.2874811262810528e-07
0.5,1.25e-10,3.4380288461538466e-07,1.2812638899085943e-07
0.5,1.25e-10,3.44301510989011e-07,1.274979706669243e-07
0.5,1.25e-10,3.448001373626374e-07,1.2686264054029998e-07
0.5,1.25e-10,3.4529876373626376e-07,1.2622006052289e-07
0.5,1.25e-10,3.4579739010989013e-07,1.2557031586574317e-07
0.5,1.25e-10,3.462960164835165e-07,1.2491372098893404e-07
0.5,1.25e-10,3.467946428571429e-07,1.2424990047618024e-07
0.5,1.25e-10,3.472932692307693e-07,1.235785529901454e-07
0.5,1.25e-10,3.4779189560439566e-07,1.2290032858642684e-07
0.5,1.25e-10,3.4829052197802203e-07,1.2221463105718944e-07
0.5,1.25e-10,3.487891483516484e-07,1.215215067341289e-07
0.5,1.25e-10,3.4928777472527477e-07,1.2082128312286273e-07
0.5,1.25e-10,3.4978640109890113e-07,1.2011322517909374e-07
0.5,1.25e-10,3.502850274725275e-07,1.1939803588090983e-07
0.5,1.25e-10,3.5078365384615387e-07,1.1867508780377845e-07
0.5,1.25e-10,3.5128228021978024e-07,1.1794467898474024e-07
0.5,1.25e-10,3.5178090659340666e-07,1.1720662758504029e-07
0.5,1.25e-10,3.5227953296703303e-07,1.164608280491586e-07
0.5,1.25e-10,3.527781593406594e-07,1.1570737685351968e-07
0.5,1.25e-10,3.5327678571428577e-07,1.1494605682723408e-07
0.5,1.25e-10,3.5377541208791214e-07,1.1417689707903601e-07
0.5,1.25e-10,3.542740384615385e-07,1.133999138794782e-07
0.5,1.25e-10,3.5477266483516487e-07,1.1261477211628588e-07
0.5,1.25e-10,3.5527129120879124e-07,1.1182190406741222e-07
0.5,1.25e-10,3.557699175824176e-07,1.1102056843660763e-07
0.5,1.25e-10,3.56268543956044e-07,1.1021134432326207e-07
0.5,1.25e-10,3.5676717032967035e-07,1.0939376539823598e-07
0.5,1.25e-10,3.5726579670329677e-07,1.0856773780059902e-07
0.5,1.25e-10,3.5776442307692314e-07,1.0773361138695788e-07
0.5,1.25e-10,3.582630494505495e-07,1.0689076449665308e-07
0.5,1.25e-10,3.587616758241759e-07,1.0603927772317027e-07
0.5,1.25e-10,3.5926030219780224e-07,1.0517930363261655e-07
0.5,1.25e-10,3.597589285714286e-07,1.0431061653169507e-07
0.5,1.25e-10,3.60257554945055e-07,1.0343282590594606e-07
0.5,1.25e-10,3.6075618131868135e-07,1.0254609076308385e-07
0.5,1.25e-10,3.612548076923077e-07,1.0165036746714497e-07
0.5,1.25e-10,3.617534340659341e-07,1.0074556424258112e-07
0.5,1.25e-10,3.622520604395605e-07,9.983119521144085e-08
0.5,1.25e-10,3.627506868131869e-07,9.890730913348838e-08
0.5,1.25e-10,3.6324931318681325e-07,9.797380457498306e-08
0.5,1.25e-10,3.637479395604396e-07,9.703053865861758e-08
0.5,1.25e-10,3.64246565934066e-07,9.60773464432148e-08
0.5,1.25e-10,3.6474519230769235e-07,9.511404540966795e-08
0.5,1.25e-10,3.652438186813187e-07,9.414043895431778e-08
0.5,1.25e-10,3.657424450549451e-07,9.31563189004995e-08
0.5,1.25e-10,3.6624107142857146e-07,9.216146702918422e-08
0.5,1.25e-10,3.667396978021978e-07,9.115565562066554e-08
0.5,1.25e-10,3.672383241758242e-07,9.013864699074237e-08
0.5,1.25e-10,3.677369505494506e-07,8.91101919962073e-08
0.5,1.25e-10,3.68235576923077e-07,8.807002747542034e-08
0.5,1.25e-10,3.6873420329670335e-07,8.701787257979838e-08
0.5,1.25e-10,3.692328296703297e-07,8.595342394068632e-08
0.5,1.25e-10,3.697314560439561e-07,8.487634960289054e-08
0.5,1.25e-10,3.7023008241758246e-07,8.378628164059935e-08
0.5,1.25e-10,3.7072870879120883e-07,8.26826036560014e-08
0.5,1.25e-10,3.712273351648352e-07,8.156511089269953e-08
0.5,1.25e-10,3.7172596153846156e-07,8.043349615316929e-08
0.5,1.25e-10,3.7222458791208793e-07,7.928723124079531e-08
0.5,1.25e-10,3.7272321428571435e-07,7.81253529540614e-08
0.5,1.25e-10,3.732218406593407e-07,7.694781418927319e-08
0.5,1.25e-10,3.737204670329671e-07,7.57540390208549e-08
0.5,1.25e-10,3.7421909340659346e-07,7.454266139162242e-08
0.5,1.25e-10,3.7471771978021983e-07,7.33138944872438e-08
0.5,1.25e-10,3.752163461538462e-07,7.206613221203415e-08
0.5,1.25e-10,3.7571497252747257e-07,7.079927977535653e-08
0.5,1.25e-10,3.7621359890109894e-07,6.951158517385404e-08
0.5,1.25e-10,3.767122252747253e-07,6.82028262167591e-08
0.5,1.25e-10,3.7721085164835167e-07,6.687124214814381e-08
0.5,1.25e-10,3.7770947802197804e-07,6.551576817907802e-08
0.5,1.25e-10,3.7820810439560446e-07,6.41352566657547e-08
0.5,1.25e-10,3.7870673076923083e-07,6.272811332804488e-08
0.5,1.25e-10,3.792053571428572e-07,6.129227511890374e-08
0.5,1.25e-10,3.7970398351648357e-07,5.982598044538525e-08
0.5,1.25e-10,3.8020260989010994e-07,5.8327171427943705e-08
0.5,1.25e-10,3.807012362637363e-07,5.679340660438876e-08
0.5,1.25e-10,3.811998626373627e-07,5.5221760506000674e-08
0.5,1.25e-10,3.8169848901098904e-07,5.3608810596768877e-08
0.5,1.25e-10,3.821971153846154e-07,5.195134573467249e-08
0.5,1.25e-10,3.826957417582418e-07,5.02453010322906e-08
0.5,1.25e-10,3.831943681318682e-07,4.848431258823946e-08
0.5,1.25e-10,3.8369299450549457e-07,4.6663880740586874e-08
0.5,1.25e-10,3.8419162087912094e-07,4.477620059305916e-08
0.5,1.25e-10,3.846902472527473e-07,4.281210918840717e-08
0.5,1.25e-10,3.851888736263737e-07,4.076141381671796e-08
0.5,1.25e-10,3.8568750000000004e-07,3.8609374022956994e-08
0.5,1.25e-10,3.861861263736264e-07,3.6339567986290634e-08
0.5,1.25e-10,3.866847527472528e-07,3.392728847983994e-08
0.5,1.25e-10,3.8718337912087915e-07,3.134084127624806e-08
0.5,1.25e-10,3.876820054945055e-07,2.8531723117467675e-08
0.5,1.25e-10,3.8818063186813194e-07,2.542767903758488e-08
0.5,1.25e-10,3.886792582417583e-07,2.190322877474734e-08
0.5,1.25e-10,3.891778846153847e-07,1.7710132211805443e-08
0.5,1.25e-10,3.8967651098901105e-07,1.2173305482976486e-08
1.0,2.5e-10,-3.901751373626374e-07,4.95374257734477e-09
1.0,2.5e-10,-3.8967651098901105e-07,1.376657348620922e-08
1.0,2.5e-10,-3.891778846153847e-07,1.8844359627305618e-08
1.0,2.5e-10,-3.886792582417583e-07,2.283465310752468e-08
1.0,2.5e-10,-3.8818063186813194e-07,2.623810514288631e-08
1.0,2.5e-10,-3.876820054945055e-07,2.9259269709641954e-08
1.0,2.5e-10,-3.8718337912087915e-07,3.200606783373262e-08
1.0,2.5e-10,-3.866847527472528e-07,3.454542358599123e-08
1.0,2.5e-10,-3.861861263736264e-07,3.691938356281044e-08
1.0,2.5e-10,-3.8568750000000004e-07,3.915800427781486e-08
1.0,2.5e-10,-3.851888736263737e-07,4.128316439949816e-08
1.0,2.5e-10,-3.846902472527473e-07,4.331106987765124e-08
1.0,2.5e-10,-3.8419162087912094e-07,4.5255293977676015e-08
1.0,2.5e-10,-3.8369299450549457e-07,4.712523468193577e-08
1.0,2.5e-10,-3.831943681318682e-07,4.8930165175227325e-08
1.0,2.5e-10,-3.826957417582418e-07,5.067683327683561e-08
1.0,2.5e-10,-3.821971153846154e-07,5.237052608570018e-08
1.0,2.5e-10,-3.8169848901098904e-07,5.4016260084995464e-08
1.0,2.5e-10,-3.811998626373627e-07,5.561845097188257e-08
1.0,2.5e-10,-3.807012362637363e-07,5.718049531008027e-08
1.0,2.5e-10,-3.8020260989010994e-07,5.870538891679302e-08
1.0,2.5e-10,-3.7970398351648357e-07,6.019580637148778e-08
1.0,2.5e-10,-3.792053571428572e-07,6.165415395866731e-08
1.0,2.5e-10,-3.7870673076923083e-07,6.308260116703736e-08
1.0,2.5e-10,-3.7820810439560446e-07,6.448309483839786e-08
1.0,2.5e-10,-3.7770947802197804e-07,6.585735923750246e-08
1.0,2.5e-10,-3.7721085164835167e-07,6.720668993276373e-08
1.0,2.5e-10,-3.767122252747253e-07,6.8532261858341e-08
1.0,2.5e-10,-3.7621359890109894e-07,6.983589493095221e-08
1.0,2.5e-10,-3.7571497252747257e-07,7.111805591369853e-08
1.0,2.5e-10,-3.752163461538462e-07,7.238022921540377e-08
1.0,2.5e-10,-3.7471771978021983e-07,7.362300991450124e-08
1.0,2.5e-10,-3.7421909340659346e-07,7.484753790809484e-08
1.0,2.5e-10,-3.737204670329671e-07,7.605416784965734e-08
1.0,2.5e-10,-3.732218406593407e-07,7.724423657700155e-08
1.0,2.5e-10,-3.7272321428571435e-07,7.841758623806151e-08
1.0,2.5e-10,-3.7222458791208793e-07,7.957535426117238e-08
1.0,2.5e-10,-3.7172596153846156e-07,8.071820795762543e-08
1.0,2.5e-10,-3.712273351648352e-07,8.184623440143618e-08
1.0,2.5e-10,-3.7072870879120883e-07,8.296002567148438e-08
1.0,2.5e-10,-3.7023008241758246e-07,8.406017173407279e-08
1.0,2.5e-10,-3.697314560439561e-07,8.514709161871553e-08
1.0,2.5e-10,-3.692328296703297e-07,8.622115575887881e-08
1.0,2.5e-10,-3.6873420329670335e-07,8.728256912641182e-08
1.0,2.5e-10,-3.68235576923077e-07,8.833165140767555e-08
1.0,2.5e-10,-3.677369505494506e-07,8.936881036294177e-08
1.0,2.5e-10,-3.672383241758242e-07,9.039433536825548e-08
1.0,2.5e-10,-3.667396978021978e-07,9.140849490779541e-08
1.0,2.5e-10,-3.6624107142857146e-07,9.24115399158811e-08
1.0,2.5e-10,-3.657424450549451e-07,9.340370600385915e-08
1.0,2.5e-10,-3.652438186813187e-07,9.438521461441647e-08
1.0,2.5e-10,-3.6474519230769235e-07,9.535627313522784e-08
1.0,2.5e-10,-3.64246565934066e-07,9.631707399407296e-08
1.0,2.5e-10,-3.637479395604396e-07,9.72677927479754e-08
1.0,2.5e-10,-3.6324931318681325e-07,9.820847579983805e-08
1.0,2.5e-10,-3.627506868131869e-07,9.913940272200133e-08
1.0,2.5e-10,-3.622520604395605e-07,1.0006080325820024e-07
1.0,2.5e-10,-3.617534340659341e-07,1.0097282124427342e-07
1.0,2.5e-10,-3.612548076923077e-07,1.0187556992596683e-07
1.0,2.5e-10,-3.6075618131868135e-07,1.0276912424646897e-07
1.0,2.5e-10,-3.60257554945055e-07,1.0365335226842914e-07
1.0,2.5e-10,-3.597589285714286e-07,1.045287742575366e-07
1.0,2.5e-10,-3.5926030219780224e-07,1.0539548633323907e-07
1.0,2.5e-10,-3.587616758241759e-07,1.0625345146564306e-07
1.0,2.5e-10,-3.582630494505495e-07,1.0710244952293301e-07
1.0,2.5e-10,-3.5776442307692314e-07,1.0794318455970847e-07
1.0,2.5e-10,-3.5726579670329677e-07,1.087755199975073e-07
1.0,2.5e-10,-3.5676717032967035e-07,1.095991193221008e-07
1.0,2.5e-10,-3.56268543956044e-07,1.1041473518916439e-07
1.0,2.5e-10,-3.557699175824176e-07,1.1122205827735465e-07
1.0,2.5e-10,-3.5527129120879124e-07,1.1202105482933121e-07
1.0,2.5e-10,-3.5477266483516487e-07,1.1281227918425331e-07
1.0,2.5e-10,-3.542740384615385e-07,1.1359509757231146e-07
1.0,2.5e-10,-3.5377541208791214e-07,1.1437032192855928e-07
1.0,2.5e-10,-3.5327678571428577e-07,1.1513735041062918e-07
1.0,2.5e-10,-3.527781593406594e-07,1.1589680384496984e-07
1.0,2.5e-10,-3.5227953296703303e-07,1.1664824842598486e-07
1.0,2.5e-10,-3.5178090659340666e-07,1.1739219909931467e-07
1.0,2.5e-10,-3.5128228021978024e-07,1.1812822521281171e-07
1.0,2.5e-10,-3.5078365384615387e-07,1.1885693994936417e-07
1.0,2.5e-10,-3.502850274725275e-07,1.19577731175313e-07
1.0,2.5e-10,-3.4978640109890113e-07,1.2029141227919862e-07
1.0,2.5e-10,-3.4928777472527477e-07,1.209972163473975e-07
1.0,2.5e-10,-3.487891483516484e-07,1.2169581863537986e-07
1.0,2.5e-10,-3.4829052197802203e-07,1.2238707393879814e-07
1.0,2.5e-10,-3.4779189560439566e-07,1.2307075841099e-07
1.0,2.5e-10,-3.472932692307693e-07,1.237475334176125e-07
1.0,2.5e-10,-3.467946428571429e-07,1.2441676499742575e-07
1.0,2.5e-10,-3.462960164835165e-07,1.2507873577520897e-07
1.0,2.5e-10,-3.4579739010989013e-07,1.257338618307192e-07
1.0,2.5e-10,-3.4529876373626376e-07,1.2638169822116868e-07
1.0,2.5e-10,-3.448001373626374e-07,1.2702230437889825e-07
1.0,2.5e-10,-3.44301510989011e-07,1.2765601708309364e-07
1.0,2.5e-10,-3.4380288461538466e-07,1.2828295626252342e-07
1.0,2.5e-10,-3.433042582417583e-07,1.2890265907437831e-07
1.0,2.5e-10,-3.428056318681319e-07,1.2951539401604212e-07
1.0,2.5e-10,-3.4230700549450555e-07,1.301213392870982e-07
1.0,2.5e-10,-3.418083791208792e-07,1.307206313133974e-07
1.0,2.5e-10,-3.413097527472528e-07,1.313131036788729e-07
1.0,2.5e-10,-3.408111263736264e-07,1.3189865856083358e-07
1.0,2.5e-10,-3.403125e-07,1.3247746823594e-07
1.0,2.5e-10,-3.3981387362637366e-07,1.330496255100184e-07
1.0,2.5e-10,-3.393152472527473e-07,1.3361520173546755e-07
1.0,2.5e-10,-3.388166208791209e-07,1.3417425084095522e-07
1.0,2.5e-10,-3.3831799450549455e-07,1.3472681309826416e-07
1.0,2.5e-10,-3.378193681318682e-07,1.3527285107057414e-07
1.0,2.5e-10,-3.373207417582418e-07,1.3581233658315828e-07
1.0,2.5e-10,-3.3682211538461544e-07,1.3634536827463808e-07
1.0,2.5e-10,-3.363234890109891e-07,1.3687199882565543e-07
1.0,2.5e-10,-3.3582486263736265e-07,1.3739227588345725e-07
1.0,2.5e-10,-3.353262362637363e-07,1.3790624368576687e-07
1.0,2.5e-10,-3.348276098901099e-07,1.3841394429999243e-07
1.0,2.5e-10,-3.3432898351648355e-07,1.3891541845961774e-07
1.0,2.5e-10,-3.338303571428572e-07,1.394107059792276e-07
1.0,2.5e-10,-3.333317307692308e-07,1.398998457295871e-07
1.0,2.5e-10,-3.3283310439560444e-07,1.4038287515427992e-07
1.0,2.5e-10,-3.3233447802197807e-07,1.4085982930969774e-07
1.0,2.5e-10,-3.318358516483517e-07,1.413307394102935e-07
1.0,2.5e-10,-3.3133722527472534e-07,1.417956308610186e-07
1.0,2.5e-10,-3.308385989010989e-07,1.4225452075837645e-07
1.0,2.5e-10,-3.3033997252747255e-07,1.4270741329419341e-07
1.0,2.5e-10,-3.298413461538462e-07,1.4315448501521425e-07
1.0,2.5e-10,-3.293427197802198e-07,1.4359578945280088e-07
1.0,2.5e-10,-3.2884409340659344e-07,1.4403135846660102e-07
1.0,2.5e-10,-3.2834546703296707e-07,1.4446120498071702e-07
1.0,2.5e-10,-3.278468406593407e-07,1.4488531730659618e-07
1.0,2.5e-10,-3.2734821428571433e-07,1.4530365281186549e-07
1.0,2.5e-10,-3.2684958791208797e-07,1.457161383492142e-07
1.0,2.5e-10,-3.263509615384616e-07,1.4612311141609892e-07
1.0,2.5e-10,-3.2585233516483523e-07,1.4652470106721587e-07
1.0,2.5e-10,-3.253537087912088e-07,1.4692081936878438e-07
1.0,2.5e-10,-3.2485508241758244e-07,1.473113184126002e-07
1.0,2.5e-10,-3.2435645604395607e-07,1.4769605772788164e-07
1.0,2.5e-10,-3.238578296703297e-07,1.4807561464685731e-07
1.0,2.5e-10,-3.2335920329670333e-07,1.484499884649487e-07
1.0,2.5e-10,-3.2286057692307696e-07,1.4881889428738503e-07
1.0,2.5e-10,-3.223619505494506e-07,1.4918210659931542e-07
1.0,2.5e-10,-3.218633241758242e-07,1.4954039694426845e-07
1.0,2.5e-10,-3.2136469780219786e-07,1.4989359707763994e-07
1.0,2.5e-10,-3.208660714285715e-07,1.5024118475171377e-07
1.0,2.5e-10,-3.2036744505494507e-07,1.5058365659652323e-07
1.0,2.5e-10,-3.198688186813187e-07,1.509213563768721e-07
1.0,2.5e-10,-3.1937019230769233e-07,1.512535649860229e-07
1.0,2.5e-10,-3.1887156593406596e-07,1.5158067296894334e-07
1.0,2.5e-10,-3.183729395604396e-07,1.519031634087461e-07
1.0,2.5e-10,-3.178743131868132e-07,1.5222009907431302e-07
1.0,2.5e-10,-3.1737568681318686e-07,1.5253235960817623e-07
1.0,2.5e-10,-3.168770604395605e-07,1.5283985435701863e-07
1.0,2.5e-10,-3.163784340659341e-07,1.5314184045693162e-07
1.0,2.5e-10,-3.1587980769230775e-07,1.5343960934405829e-07
1.0,2.5e-10,-3.153811813186814e-07,1.5373201153305375e-07
1.0,2.5e-10,-3.1488255494505496e-07,1.5401985979550072e-07
1.0,2.5e-10,-3.143839285714286e-07,1.543030074347415e-07
1.0,2.5e-10,-3.138853021978022e-07,1.5458097052697035e-07
1.0,2.5e-10,-3.1338667582417585e-07,1.5485478989329886e-07
1.0,2.5e-10,-3.128880494505495e-07,1.5512319961771703e-07
1.0,2.5e-10,-3.123894230769231e-07,1.5538768747206474e-07
1.0,2.5e-10,-3.1189079670329675e-07,1.556467555388373e-07
1.0,2.5e-10,-3.113921703296704e-07,1.5590198311334442e-07
1.0,2.5e-10,-3.10893543956044e-07,1.5615183742114073e-07
1.0,2.5e-10,-3.1039491758241764e-07,1.5639791603644672e-07
1.0,2.5e-10,-3.098962912087912e-07,1.5663865780150247e-07
1.0,2.5e-10,-3.0939766483516485e-07,1.5687569364123306e-07
1.0,2.5e-10,-3.088990384615385e-07,1.5710744725292802e-07
1.0,2.5e-10,-3.084004120879121e-07,1.573354852683691e-07
1.0,2.5e-10,-3.0790178571428575e-07,1.5755844047495456e-07
1.0,2.5e-10,-3.074031593406594e-07,1.577773974836472e-07
1.0,2.5e-10,-3.06904532967033e-07,1.579918436252883e-07
1.0,2.5e-10,-3.0640590659340664e-07,1.582016543755611e-07
1.0,2.5e-10,-3.0590728021978027e-07,1.5840778283004427e-07
1.0,2.5e-10,-3.054086538461539e-07,1.5860880573411464e-07
1.0,2.5e-10,-3.0491002747252753e-07,1.5880623383234648e-07
1.0,2.5e-10,-3.044114010989011e-07,1.589989851765317e-07
1.0,2.5e-10,-3.0391277472527474e-07,1.5918729804186289e-07
1.0,2.5e-10,-3.034141483516484e-07,1.5937210544815242e-07
1.0,2.5e-10,-3.02915521978022e-07,1.5955195429530842e-07
1.0,2.5e-10,-3.0241689560439564e-07,1.5972781374458584e-07
1.0,2.5e-10,-3.0191826923076927e-07,1.5990000130536713e-07
1.0,2.5e-10,-3.014196428571429e-07,1.6006731733354989e-07
1.0,2.5e-10,-3.0092101648351653e-07,1.6023076825153782e-07
1.0,2.5e-10,-3.0042239010989016e-07,1.603905827974206e-07
1.0,2.5e-10,-2.999237637362638e-07,1.605456162546257e-07
1.0,2.5e-10,-2.994251373626374e-07,1.6069668643746348e-07
1.0,2.5e-10,-2.98926510989011e-07,1.608443361006137e-07
1.0,2.5e-10,-2.9842788461538464e-07,1.6098737483668053e-07
1.0,2.5e-10,-2.9792925824175827e-07,1.611262166464266e-07
1.0,2.5e-10,-2.974306318681319e-07,1.6126152052329183e-07
1.0,2.5e-10,-2.9693200549450553e-07,1.6139299336212868e-07
1.0,2.5e-10,-2.9643337912087916e-07,1.615199702682042e-07
1.0,2.5e-10,-2.959347527472528e-07,1.6164297245808454e-07
1.0,2.5e-10,-2.954361263736264e-07,1.6176247196220738e-07
1.0,2.5e-10,-2.9493750000000006e-07,1.6187819000623886e-07
1.0,2.5e-10,-2.944388736263737e-07,1.6198954135891982e-07
1.0,2.5e-10,-2.9394024725274727e-07,1.6209689793414218e-07
1.0,2.5e-10,-2.934416208791209e-07,1.6220056818855902e-07
1.0,2.5e-10,-2.9294299450549453e-07,1.6230082412194587e-07
1.0,2.5e-10,-2.9244436813186816e-07,1.623970102497548e-07
1.0,2.5e-10,-2.919457417582418e-07,1.6248908261150056e-07
1.0,2.5e-10,-2.914471153846154e-07,1.6257726543541135e-07
1.0,2.5e-10,-2.9094848901098905e-07,1.6266173898189166e-07
1.0,2.5e-10,-2.904498626373627e-07,1.627426440225184e-07
1.0,2.5e-10,-2.899512362637363e-07,1.6282004203820224e-07
1.0,2.5e-10,-2.8945260989010995e-07,1.628934050543641e-07
1.0,2.5e-10,-2.8895398351648353e-07,1.6296284597834666e-07
1.0,2.5e-10,-2.8845535714285716e-07,1.630284785894397e-07
1.0,2.5e-10,-2.879567307692308e-07,1.6309039114003342e-07
1.0,2.5e-10,-2.874581043956044e-07,1.6314864963876663e-07
1.0,2.5e-10,-2.8695947802197805e-07,1.6320330091719333e-07
1.0,2.5e-10,-2.864608516483517e-07,1.63254390795871e-07
1.0,2.5e-10,-2.859622252747253e-07,1.633019197611574e-07
1.0,2.5e-10,-2.8546359890109895e-07,1.6334564649787183e-07
1.0,2.5e-10,-2.849649725274726e-07,1.633856266306818e-07
1.0,2.5e-10,-2.844663461538462e-07,1.6342190427158437e-07
1.0,2.5e-10,-2.8396771978021984e-07,1.6345451400451655e-07
1.0,2.5e-10,-2.834690934065934e-07,1.6348348267982627e-07
1.0,2.5e-10,-2.8297046703296705e-07,1.6350883102278781e-07
1.0,2.5e-10,-2.824718406593407e-07,1.6353057505916933e-07
1.0,2.5e-10,-2.819732142857143e-07,1.6354872736002304e-07
1.0,2.5e-10,-2.8147458791208794e-07,1.635632981073867e-07
1.0,2.5e-10,-2.809759615384616e-07,1.6357429598217329e-07
1.0,2.5e-10,-2.804773351648352e-07,1.6358172887552585e-07
1.0,2.5e-10,-2.7997870879120884e-07,1.6358560442491893e-07
1.0,2.5e-10,-2.7948008241758247e-07,1.635859303765602e-07
1.0,2.5e-10,-2.789814560439561e-07,1.6358271477590395e-07
1.0,2.5e-10,-2.784828296703297e-07,1.6357596598848172e-07
1.0,2.5e-10,-2.779842032967033e-07,1.6356569255365453e-07
1.0,2.5e-10,-2.7748557692307694e-07,1.6355190287429176e-07
1.0,2.5e-10,-2.769869505494506e-07,1.6353460474568758e-07
1.0,2.5e-10,-2.764883241758242e-07,1.6351380472736672e-07
1.0,2.5e-10,-2.7598969780219784e-07,1.6348950736153198e-07
1.0,2.5e-10,-2.7549107142857147e-07,1.6346171424202985e-07
1.0,2.5e-10,-2.749924450549451e-07,1.6343042293751446e-07
1.0,2.5e-10,-2.7449381868131873e-07,1.6339562577227536e-07
1.0,2.5e-10,-2.7399519230769236e-07,1.6335730846766354e-07
1.0,2.5e-10,-2.7349656593406594e-07,1.6331544864636937e-07
1.0,2.5e-10,-2.7299793956043957e-07,1.6327001420084917e-07
1.0,2.5e-10,-2.724993131868132e-07,1.6322111441611173e-07
1.0,2.5e-10,-2.7200068681318683e-07,1.631689233086492e-07
1.0,2.5e-10,-2.7150206043956047e-07,1.631133880101264e-07
1.0,2.5e-10,-2.710034340659341e-07,1.6305448787262308e-07
1.0,2.5e-10,-2.7050480769230773e-07,1.6299218645496228e-07
1.0,2.5e-10,-2.7000618131868136e-07,1.629264291622402e-07
1.0,2.5e-10,-2.69507554945055e-07,1.628571407628212e-07
1.0,2.5e-10,-2.690089285714286e-07,1.6278422277303464e-07
1.0,2.5e-10,-2.6851030219780225e-07,1.6270779623176916e-07
1.0,2.5e-10,-2.6801167582417583e-07,1.6262826859825274e-07
1.0,2.5e-10,-2.6751304945054946e-07,1.625455092693563e-07
1.0,2.5e-10,-2.670144230769231e-07,1.6245939730471965e-07
1.0,2.5e-10,-2.6651579670329673e-07,1.62369777895995e-07
1.0,2.5e-10,-2.6601717032967036e-07,1.622764591034817e-07
1.0,2.5e-10,-2.65518543956044e-07,1.6217971740443708e-07
1.0,2.5e-10,-2.650199175824176e-07,1.6207999971049029e-07
1.0,2.5e-10,-2.6452129120879125e-07,1.6197705830479127e-07
1.0,2.5e-10,-2.640226648351649e-07,1.618706369816249e-07
1.0,2.5e-10,-2.635240384615385e-07,1.6176042905804043e-07
1.0,2.5e-10,-2.630254120879121e-07,1.616469923707468e-07
1.0,2.5e-10,-2.625267857142857e-07,1.6153062318076242e-07
1.0,2.5e-10,-2.6202815934065936e-07,1.6141094576108118e-07
1.0,2.5e-10,-2.61529532967033e-07,1.61287545933988e-07
1.0,2.5e-10,-2.610309065934066e-07,1.6116064514900694e-07
1.0,2.5e-10,-2.6053228021978025e-07,1.6103097320967143e-07
1.0,2.5e-10,-2.600336538461539e-07,1.6089802724400206e-07
1.0,2.5e-10,-2.595350274725275e-07,1.6076124741465242e-07
1.0,2.5e-10,-2.5903640109890114e-07,1.6062126826841192e-07
1.0,2.5e-10,-2.585377747252748e-07,1.6047847868187092e-07
1.0,2.5e-10,-2.580391483516484e-07,1.6033219739360987e-07
1.0,2.5e-10,-2.57540521978022e-07,1.6018209442278535e-07
1.0,2.5e-10,-2.570418956043956e-07,1.600293626694158e-07
1.0,2.5e-10,-2.5654326923076925e-07,1.5987341562247405e-07
1.0,2.5e-10,-2.560446428571429e-07,1.5971352576899675e-07
1.0,2.5e-10,-2.555460164835165e-07,1.5955091669000769e-07
1.0,2.5e-10,-2.5504739010989014e-07,1.593852561434185e-07
1.0,2.5e-10,-2.545487637362638e-07,1.5921564196393743e-07
1.0,2.5e-10,-2.540501373626374e-07,1.5904332066514144e-07
1.0,2.5e-10,-2.5355151098901104e-07,1.5886794637182902e-07
1.0,2.5e-10,-2.5305288461538467e-07,1.5868862306515537e-07
1.0,2.5e-10,-2.5255425824175825e-07,1.5850676759104308e-07
1.0,2.5e-10,-2.520556318681319e-07,1.5832163522688527e-07
1.0,2.5e-10,-2.515570054945055e-07,1.581327535940811e-07
1.0,2.5e-10,-2.5105837912087914e-07,1.5794144750948582e-07
1.0,2.5e-10,-2.5055975274725277e-07,1.5774636463605598e-07
1.0,2.5e-10,-2.500611263736264e-07,1.5754834644542883e-07
1.0,2.5e-10,-2.4956250000000004e-07,1.5734745551097866e-07
1.0,2.5e-10,-2.4906387362637367e-07,1.5714269914673198e-07
1.0,2.5e-10,-2.485652472527473e-07,1.569355982312197e-07
1.0,2.5e-10,-2.4806662087912093e-07,1.5672470180822878e-07
1.0,2.5e-10,-2.4756799450549456e-07,1.5651111064849826e-07
1.0,2.5e-10,-2.4706936813186814e-07,1.562943874541853e-07
1.0,2.5e-10,-2.4657074175824177e-07,1.5607419453612843e-07
1.0,2.5e-10,-2.460721153846154e-07,1.558514961833945e-07
1.0,2.5e-10,-2.4557348901098903e-07,1.5562497323489505e-07
1.0,2.5e-10,-2.4507486263736266e-07,1.5539617777092177e-07
1.0,2.5e-10,-2.445762362637363e-07,1.551635265852133e-07
1.0,2.5e-10,-2.4407760989010993e-07,1.5492859137048188e-07
1.0,2.5e-10,-2.4357898351648356e-07,1.5468991757987315e-07
1.0,2.5e-10,-2.430803571428572e-07,1.5444886289887452e-07
1.0,2.5e-10,-2.425817307692308e-07,1.5420421143681883e-07
1.0,2.5e-10,-2.420831043956044e-07,1.5395710225004958e-07
1.0,2.5e-10,-2.4158447802197803e-07,1.537064877459518e-07
1.0,2.5e-10,-2.4108585164835166e-07,1.5345341387135773e-07
1.0,2.5e-10,-2.405872252747253e-07,1.5319684633379955e-07
1.0,2.5e-10,-2.400885989010989e-07,1.5293790137910437e-07
1.0,2.5e-10,-2.3958997252747256e-07,1.5267540749658998e-07
1.0,2.5e-10,-2.390913461538462e-07,1.5241066687251591e-07
1.0,2.5e-10,-2.385927197802198e-07,1.521423072613178e-07
1.0,2.5e-10,-2.3809409340659342e-07,1.518718055899201e-07
1.0,2.5e-10,-2.3759546703296706e-07,1.5159768833514768e-07
1.0,2.5e-10,-2.370968406593407e-07,1.513213965290146e-07
1.0,2.5e-10,-2.3659821428571432e-07,1.5104168738876095e-07
1.0,2.5e-10,-2.3609958791208795e-07,1.5075948961842747e-07
1.0,2.5e-10,-2.3560096153846156e-07,1.504744192849722e-07
1.0,2.5e-10,-2.3510233516483519e-07,1.5018629835896196e-07
1.0,2.5e-10,-2.3460370879120882e-07,1.4989595880868897e-07
1.0,2.5e-10,-2.3410508241758245e-07,1.4960218990712074e-07
1.0,2.5e-10,-2.3360645604395608e-07,1.4930632037874244e-07
1.0,2.5e-10,-2.3310782967032969e-07,1.4900726160232542e-07
1.0,2.5e-10,-2.3260920329670332e-07,1.4870553297260238e-07
1.0,2.5e-10,-2.3211057692307695e-07,1.4840152641277004e-07
1.0,2.5e-10,-2.3161195054945058e-07,1.4809424934345953e-07
1.0,2.5e-10,-2.311133241758242e-07,1.4778488949036695e-07
1.0,2.5e-10,-2.3061469780219784e-07,1.4747259271895817e-07
1.0,2.5e-10,-2.3011607142857145e-07,1.4715750763483291e-07
1.0,2.5e-10,-2.2961744505494508e-07,1.4684041379645793e-07
1.0,2.5e-10,-2.291188186813187e-07,1.4652018378404453e-07
1.0,2.5e-10,-2.2862019230769234e-07,1.4619751885084523e-07
1.0,2.5e-10,-2.2812156593406597e-07,1.4587273127611316e-07
1.0,2.5e-10,-2.2762293956043958e-07,1.4554487455095254e-07
1.0,2.5e-10,-2.271243131868132e-07,1.4521476575408184e-07
1.0,2.5e-10,-2.2662568681318684e-07,1.4488247518585741e-07
1.0,2.5e-10,-2.2612706043956047e-07,1.4454722844993298e-07
1.0,2.5e-10,-2.256284340659341e-07,1.4420978682954305e-07
1.0,2.5e-10,-2.251298076923077e-07,1.4387024605376255e-07
1.0,2.5e-10,-2.2463118131868134e-07,1.4352783301718475e-07
1.0,2.5e-10,-2.2413255494505497e-07,1.4318319280858435e-07
1.0,2.5e-10,-2.236339285714286e-07,1.4283663101844304e-07
1.0,2.5e-10,-2.2313530219780223e-07,1.4248730212853752e-07
1.0,2.5e-10,-2.2263667582417584e-07,1.4213565302300455e-07
1.0,2.5e-10,-2.2213804945054947e-07,1.4178219472275673e-07
1.0,2.5e-10,-2.216394230769231e-07,1.4142625293344428e-07
1.0,2.5e-10,-2.2114079670329673e-07,1.4106785942857688e-07
1.0,2.5e-10,-2.2064217032967036e-07,1.407075123929737e-07
1.0,2.5e-10,-2.20143543956044e-07,1.403452646305928e-07
1.0,2.5e-10,-2.196449175824176e-07,1.3998047523318032e-07
1.0,2.5e-10,-2.1914629120879123e-07,1.3961352777352375e-07
1.0,2.5e-10,-2.1864766483516486e-07,1.3924482484236301e-07
1.0,2.5e-10,-2.181490384615385e-07,1.3887407402571063e-07
1.0,2.5e-10,-2.1765041208791213e-07,1.385009606483551e-07
1.0,2.5e-10,-2.1715178571428573e-07,1.3812585069220976e-07
1.0,2.5e-10,-2.1665315934065936e-07,1.3774907392249077e-07
1.0,2.5e-10,-2.16154532967033e-07,1.3737031802336716e-07
1.0,2.5e-10,-2.1565590659340662e-07,1.3698933884869905e-07
1.0,2.5e-10,-2.1515728021978026e-07,1.3660644048609797e-07
1.0,2.5e-10,-2.1465865384615386e-07,1.3622189747788576e-07
1.0,2.5e-10,-2.141600274725275e-07,1.3583564581985487e-07
1.0,2.5e-10,-2.1366140109890112e-07,1.3544726796446832e-07
1.0,2.5e-10,-2.1316277472527476e-07,1.3505699846614596e-07
1.0,2.5e-10,-2.126641483516484e-07,1.3466507021371577e-07
1.0,2.5e-10,-2.12165521978022e-07,1.3427166976334854e-07
1.0,2.5e-10,-2.1166689560439562e-07,1.3387641065783787e-07
1.0,2.5e-10,-2.1116826923076925e-07,1.3347926121296382e-07
1.0,2.5e-10,-2.1066964285714289e-07,1.3308042306011326e-07
1.0,2.5e-10,-2.1017101648351652e-07,1.3268007963329503e-07
1.0,2.5e-10,-2.0967239010989012e-07,1.3227835956610798e-07
1.0,2.5e-10,-2.0917376373626375e-07,1.3187490568056713e-07
1.0,2.5e-10,-2.0867513736263738e-07,1.31469730347977e-07
1.0,2.5e-10,-2.0817651098901102e-07,1.3106299661334108e-07
1.0,2.5e-10,-2.0767788461538465e-07,1.306548536791662e-07
1.0,2.5e-10,-2.0717925824175828e-07,1.302454381762265e-07
1.0,2.5e-10,-2.0668063186813188e-07,1.2983458853356745e-07
1.0,2.5e-10,-2.0618200549450552e-07,1.2942213725506063e-07
1.0,2.5e-10,-2.0568337912087915e-07,1.29008221014877e-07
1.0,2.5e-10,-2.0518475274725278e-07,1.2859296550100985e-07
1.0,2.5e-10,-2.046861263736264e-07,1.2817648676609833e-07
1.0,2.5e-10,-2.0418750000000001e-07,1.2775888743172985e-07
1.0,2.5e-10,-2.0368887362637365e-07,1.2733996695223032e-07
1.0,2.5e-10,-2.0319024725274728e-07,1.2691966001823938e-07
1.0,2.5e-10,-2.026916208791209e-07,1.2649807628597257e-07
1.0,2.5e-10,-2.0219299450549454e-07,1.260753179592212e-07
1.0,2.5e-10,-2.0169436813186814e-07,1.2565148050934173e-07
1.0,2.5e-10,-2.0119574175824178e-07,1.252266533415425e-07
1.0,2.5e-10,-2.006971153846154e-07,1.2480082025832595e-07
1.0,2.5e-10,-2.0019848901098904e-07,1.2437379206724736e-07
1.0,2.5e-10,-1.9969986263736267e-07,1.2394564548612208e-07
1.0,2.5e-10,-1.9920123626373628e-07,1.2351646825174514e-07
1.0,2.5e-10,-1.987026098901099e-07,1.230863433937978e-07
1.0,2.5e-10,-1.9820398351648354e-07,1.2265534973528006e-07
1.0,2.5e-10,-1.9770535714285717e-07,1.2222356235933043e-07
1.0,2.5e-10,-1.972067307692308e-07,1.2179099091916614e-07
1.0,2.5e-10,-1.9670810439560443e-07,1.2135747451934943e-07
1.0,2.5e-10,-1.9620947802197804e-07,1.2092306913615289e-07
1.0,2.5e-10,-1.9571085164835167e-07,1.204878505848294e-07
1.0,2.5e-10,-1.952122252747253e-07,1.2005189178970996e-07
1.0,2.5e-10,-1.9471359890109893e-07,1.1961526314737058e-07
1.0,2.5e-10,-1.9421497252747256e-07,1.1917803286893762e-07
1.0,2.5e-10,-1.9371634615384617e-07,1.1874026730372705e-07
1.0,2.5e-10,-1.932177197802198e-07,1.1830193875832312e-07
1.0,2.5e-10,-1.9271909340659343e-07,1.1786294562909476e-07
1.0,2.5e-10,-1.9222046703296706e-07,1.1742335421246606e-07
1.0,2.5e-10,-1.917218406593407e-07,1.169832328301256e-07
1.0,2.5e-10,-1.912232142857143e-07,1.1654264842930182e-07
1.0,2.5e-10,-1.9072458791208793e-07,1.1610166684948403e-07
1.0,2.5e-10,-1.9022596153846156e-07,1.1566035307877384e-07
1.0,2.5e-10,-1.897273351648352e-07,1.1521877150146116e-07
1.0,2.5e-10,-1.8922870879120882e-07,1.1477696514526226e-07
1.0,2.5e-10,-1.8873008241758243e-07,1.1433482419207669e-07
1.0,2.5e-10,-1.8823145604395606e-07,1.1389237688756343e-07
1.0,2.5e-10,-1.877328296703297e-07,1.1344968973649507e-07
1.0,2.5e-10,-1.8723420329670332e-07,1.1300682893106697e-07
1.0,2.5e-10,-1.8673557692307695e-07,1.1256386057383597e-07
1.0,2.5e-10,-1.8623695054945056e-07,1.1212085089864223e-07
1.0,2.5e-10,-1.857383241758242e-07,1.1167786649103144e-07
1.0,2.5e-10,-1.8523969780219782e-07,1.1123497450971239e-07
1.0,2.5e-10,-1.8474107142857145e-07,1.1079219348590168e-07
1.0,2.5e-10,-1.8424244505494508e-07,1.1034942633929027e-07
1.0,2.5e-10,-1.8374381868131872e-07,1.0990672909514445e-07
1.0,2.5e-10,-1.8324519230769232e-07,1.0946417053330775e-07
1.0,2.5e-10,-1.8274656593406595e-07,1.0902182022588163e-07
1.0,2.5e-10,-1.8224793956043958e-07,1.0857974877048925e-07
1.0,2.5e-10,-1.8174931318681321e-07,1.0813802803254763e-07
1.0,2.5e-10,-1.8125068681318685e-07,1.0769673139856899e-07
1.0,2.5e-10,-1.8075206043956045e-07,1.0725593534173634e-07
1.0,2.5e-10,-1.8025343406593408e-07,1.068155910668596e-07
1.0,2.5e-10,-1.7975480769230771e-07,1.0637564974310445e-07
1.0,2.5e-10,-1.7925618131868135e-07,1.0593618557512581e-07
1.0,2.5e-10,-1.7875755494505498e-07,1.0549727460090783e-07
1.0,2.5e-10,-1.7825892857142858e-07,1.0505899500215383e-07
1.0,2.5e-10,-1.777603021978022e-07,1.0462142743788366e-07
1.0,2.5e-10,-1.7726167582417584e-07,1.0418465540436868e-07
1.0,2.5e-10,-1.7676304945054948e-07,1.0374876562481644e-07
1.0,2.5e-10,-1.762644230769231e-07,1.0331373996511002e-07
1.0,2.5e-10,-1.757657967032967e-07,1.0287947528176975e-07
1.0,2.5e-10,-1.7526717032967034e-07,1.024460547360456e-07
1.0,2.5e-10,-1.7476854395604397e-07,1.0201356573144212e-07
1.0,2.5e-10,-1.742699175824176e-07,1.0158209968001458e-07
1.0,2.5e-10,-1.7377129120879124e-07,1.0115175254527111e-07
1.0,2.5e-10,-1.7327266483516487e-07,1.007226254373753e-07
1.0,2.5e-10,-1.7277403846153847e-07,1.0029478237732741e-07
1.0,2.5e-10,-1.722754120879121e-07,9.986803998396132e-08
1.0,2.5e-10,-1.7177678571428574e-07,9.944245084195189e-08
1.0,2.5e-10,-1.7127815934065937e-07,9.90181180022261e-08
1.0,2.5e-10,-1.70779532967033e-07,9.859515122508218e-08
1.0,2.5e-10,-1.702809065934066e-07,9.817366785229978e-08
1.0,2.5e-10,-1.6978228021978024e-07,9.775379598284314e-08
1.0,2.5e-10,-1.6928365384615387e-07,9.733545854224732e-08
1.0,2.5e-10,-1.687850274725275e-07,9.691850136648467e-08
1.0,2.5e-10,-1.6828640109890113e-07,9.650304695826493e-08
1.0,2.5e-10,-1.6778777472527473e-07,9.608922808887836e-08
1.0,2.5e-10,-1.6728914835164837e-07,9.567718910265952e-08
1.0,2.5e-10,-1.66790521978022e-07,9.526708968790252e-08
1.0,2.5e-10,-1.6629189560439563e-07,9.485873585557324e-08
1.0,2.5e-10,-1.6579326923076926e-07,9.44520168910009e-08
1.0,2.5e-10,-1.6529464285714287e-07,9.404708988620593e-08
1.0,2.5e-10,-1.647960164835165e-07,9.364412800214396e-08
1.0,2.5e-10,-1.6429739010989013e-07,9.32433224361256e-08
1.0,2.5e-10,-1.6379876373626376e-07,9.284461846458698e-08
1.0,2.5e-10,-1.633001373626374e-07,9.244770282561618e-08
1.0,2.5e-10,-1.62801510989011e-07,9.205276473481801e-08
1.0,2.5e-10,-1.6230288461538463e-07,9.166002309466013e-08
1.0,2.5e-10,-1.6180425824175826e-07,9.126972312423224e-08
1.0,2.5e-10,-1.613056318681319e-07,9.088156493067954e-08
1.0,2.5e-10,-1.6080700549450552e-07,9.049539166831697e-08
1.0,2.5e-10,-1.6030837912087915e-07,9.011146227354961e-08
1.0,2.5e-10,-1.5980975274725276e-07,8.973006775238452e-08
1.0,2.5e-10,-1.593111263736264e-07,8.935120969884307e-08
1.0,2.5e-10,-1.5881250000000002e-07,8.897439259767633e-08
1.0,2.5e-10,-1.5831387362637365e-07,8.859990082577212e-08
1.0,2.5e-10,-1.5781524725274728e-07,8.822809150535187e-08
1.0,2.5e-10,-1.573166208791209e-07,8.785897278746046e-08
1.0,2.5e-10,-1.5681799450549452e-07,8.749197826317699e-08
1.0,2.5e-10,-1.5631936813186815e-07,8.712746831301806e-08
1.0,2.5e-10,-1.5582074175824178e-07,8.676589435019232e-08
1.0,2.5e-10,-1.553221153846154e-07,8.640686008876476e-08
1.0,2.5e-10,-1.5482348901098902e-07,8.605010342264831e-08
1.0,2.5e-10,-1.5432486263736265e-07,8.569613395846801e-08
1.0,2.5e-10,-1.5382623626373628e-07,8.534521887993403e-08
1.0,2.5e-10,-1.533276098901099e-07,8.49965426795268e-08
1.0,2.5e-10,-1.5282898351648354e-07,8.465052968708635e-08
1.0,2.5e-10,-1.5233035714285715e-07,8.430774244839697e-08
1.0,2.5e-10,-1.5183173076923078e-07,8.39673528468445e-08
1.0,2.5e-10,-1.513331043956044e-07,8.362955087751937e-08
1.0,2.5e-10,-1.5083447802197804e-07,8.329505045238382e-08
1.0,2.5e-10,-1.5033585164835167e-07,8.296305235881147e-08
1.0,2.5e-10,-1.498372252747253e-07,8.263364867991109e-08
1.0,2.5e-10,-1.493385989010989e-07,8.230763448463788e-08
1.0,2.5e-10,-1.4883997252747254e-07,8.198406902758225e-08
1.0,2.5e-10,-1.4834134615384617e-07,8.166323016157733e-08
1.0,2.5e-10,-1.478427197802198e-07,8.13458316465635e-08
1.0,2.5e-10,-1.4734409340659344e-07,8.103073431091569e-08
1.0,2.5e-10,-1.4684546703296704e-07,8.071867398731968e-08
1.0,2.5e-10,-1.4634684065934067e-07,8.040984129703904e-08
1.0,2.5e-10,-1.458482142857143e-07,8.010332329834151e-08
1.0,2.5e-10,-1.4534958791208793e-07,7.980030601597777e-08
1.0,2.5e-10,-1.4485096153846157e-07,7.949979362674627e-08
1.0,2.5e-10,-1.4435233516483517e-07,7.920214857724532e-08
1.0,2.5e-10,-1.438537087912088e-07,7.890787828430766e-08
1.0,2.5e-10,-1.4335508241758243e-07,7.861587722632315e-08
1.0,2.5e-10,-1.4285645604395607e-07,7.832746994966875e-08
1.0,2.5e-10,-1.423578296703297e-07,7.804138236572303e-08
1.0,2.5e-10,-1.418592032967033e-07,7.775853175510398e-08
1.0,2.5e-10,-1.4136057692307693e-07,7.747853736678312e-08
1.0,2.5e-10,-1.4086195054945056e-07,7.720120548501353e-08
1.0,2.5e-10,-1.403633241758242e-07,7.692726257124265e-08
1.0,2.5e-10,-1.3986469780219783e-07,7.665558414470784e-08
1.0,2.5e-10,-1.3936607142857143e-07,7.638750403878215e-08
1.0,2.5e-10,-1.3886744505494506e-07,7.612154715011627e-08
1.0,2.5e-10,-1.383688186813187e-07,7.585921569318763e-08
1.0,2.5e-10,-1.3787019230769233e-07,7.559899185175825e-08
1.0,2.5e-10,-1.3737156593406596e-07,7.534234515958103e-08
1.0,2.5e-10,-1.368729395604396e-07,7.508782155684464e-08
1.0,2.5e-10,-1.363743131868132e-07,7.483682355608611e-08
1.0,2.5e-10,-1.3587568681318683e-07,7.458793791728948e-08
1.0,2.5e-10,-1.3537706043956046e-07,7.434255944716184e-08
1.0,2.5e-10,-1.348784340659341e-07,7.409923742920853e-08
1.0,2.5e-10,-1.3437980769230772e-07,7.38594370886089e-08
1.0,2.5e-10,-1.3388118131868132e-07,7.36216121045036e-08
1.0,2.5e-10,-1.3338255494505496e-07,7.338731900284677e-08
1.0,2.5e-10,-1.328839285714286e-07,7.315495429710583e-08
1.0,2.5e-10,-1.3238530219780222e-07,7.292605282564533e-08
1.0,2.5e-10,-1.3188667582417585e-07,7.269916558771534e-08
1.0,2.5e-10,-1.3138804945054945e-07,7.247548227113134e-08
1.0,2.5e-10,-1.3088942307692309e-07,7.225416989825129e-08
1.0,2.5e-10,-1.3039079670329672e-07,7.203546197883039e-08
1.0,2.5e-10,-1.2989217032967035e-07,7.181969350060962e-08
1.0,2.5e-10,-1.2939354395604398e-07,7.160587594307216e-08
1.0,2.5e-10,-1.2889491758241759e-07,7.139538180504933e-08
1.0,2.5e-10,-1.2839629120879122e-07,7.118665918781572e-08
1.0,2.5e-10,-1.2789766483516485e-07,7.09810746086131e-08
1.0,2.5e-10,-1.2739903846153848e-07,7.077779042787141e-08
1.0,2.5e-10,-1.269004120879121e-07,7.057668326369225e-08
1.0,2.5e-10,-1.2640178571428574e-07,7.037862907388384e-08
1.0,2.5e-10,-1.2590315934065935e-07,7.018221920660098e-08
1.0,2.5e-10,-1.2540453296703298e-07,6.99888438081538e-08
1.0,2.5e-10,-1.249059065934066e-07,6.979771957032703e-08
1.0,2.5e-10,-1.2440728021978024e-07,6.960846820505737e-08
1.0,2.5e-10,-1.2390865384615387e-07,6.942224332702033e-08
1.0,2.5e-10,-1.2341002747252748e-07,6.92376991969006e-08
1.0,2.5e-10,-1.229114010989011e-07,6.905560254217662e-08
1.0,2.5e-10,-1.2241277472527474e-07,6.887611075569732e-08
1.0,2.5e-10,-1.2191414835164837e-07,6.869808341846775e-08
1.0,2.5e-10,-1.21415521978022e-07,6.85227634458334e-08
1.0,2.5e-10,-1.209168956043956e-07,6.834970708036041e-08
1.0,2.5e-10,-1.2041826923076924e-07,6.817805906700263e-08
1.0,2.5e-10,-1.1991964285714287e-07,6.800912646060847e-08
1.0,2.5e-10,-1.194210164835165e-07,6.78422656326896e-08
1.0,2.5e-10,-1.1892239010989012e-07,6.767675416632282e-08
1.0,2.5e-10,-1.1842376373626375e-07,6.751385923634171e-08
1.0,2.5e-10,-1.1792513736263738e-07,6.735296287984667e-08
1.0,2.5e-10,-1.17426510989011e-07,6.719331507816942e-08
1.0,2.5e-10,-1.1692788461538463e-07,6.703610606831395e-08
1.0,2.5e-10,-1.1642925824175825e-07,6.688091488621227e-08
1.0,2.5e-10,-1.1593063186813188e-07,6.672690167702341e-08
1.0,2.5e-10,-1.1543200549450551e-07,6.657499399263466e-08
1.0,2.5e-10,-1.1493337912087913e-07,6.642519406633776e-08
1.0,2.5e-10,-1.1443475274725276e-07,6.627668533932194e-08
1.0,2.5e-10,-1.1393612637362638e-07,6.612965495764106e-08
1.0,2.5e-10,-1.1343750000000001e-07,6.598486054690513e-08
1.0,2.5e-10,-1.1293887362637364e-07,6.584156347592467e-08
1.0,2.5e-10,-1.1244024725274726e-07,6.569925859052675e-08
1.0,2.5e-10,-1.1194162087912089e-07,6.55590025009896e-08
1.0,2.5e-10,-1.1144299450549452e-07,6.542047962055814e-08
1.0,2.5e-10,-1.1094436813186814e-07,6.528302890917102e-08
1.0,2.5e-10,-1.1044574175824177e-07,6.514678023650215e-08
1.0,2.5e-10,-1.0994711538461539e-07,6.501249955563721e-08
1.0,2.5e-10,-1.0944848901098902e-07,6.487959020016359e-08
1.0,2.5e-10,-1.0894986263736266e-07,6.474746959819506e-08
1.0,2.5e-10,-1.0845123626373627e-07,6.461680815347919e-08
1.0,2.5e-10,-1.079526098901099e-07,6.44878243444388e-08
1.0,2.5e-10,-1.0745398351648352e-07,6.435996567290496e-08
1.0,2.5e-10,-1.0695535714285715e-07,6.423275125770725e-08
1.0,2.5e-10,-1.0645673076923079e-07,6.410698961523273e-08
1.0,2.5e-10,-1.059581043956044e-07,6.398269230284506e-08
1.0,2.5e-10,-1.0545947802197804e-07,6.38593600447187e-08
1.0,2.5e-10,-1.0496085164835167e-07,6.373655044068488e-08
1.0,2.5e-10,-1.0446222527472528e-07,6.361503310533563e-08
1.0,2.5e-10,-1.0396359890109892e-07,6.349484235461825e-08
1.0,2.5e-10,-1.0346497252747253e-07,6.337552288162455e-08
1.0,2.5e-10,-1.0296634615384617e-07,6.325663796625008e-08
1.0,2.5e-10,-1.024677197802198e-07,6.313873357022035e-08
1.0,2.5e-10,-1.0196909340659342e-07,6.302209215324731e-08
1.0,2.5e-10,-1.0147046703296705e-07,6.290628640427333e-08
1.0,2.5e-10,-1.0097184065934068e-07,6.27909170458506e-08
1.0,2.5e-10,-1.004732142857143e-07,6.267609072955282e-08
1.0,2.5e-10,-9.997458791208793e-08,6.256249986465701e-08
1.0,2.5e-10,-9.947596153846155e-08,6.244977834520994e-08
1.0,2.5e-10,-9.897733516483518e-08,6.233756977559309e-08
1.0,2.5e-10,-9.847870879120881e-08,6.222562876328519e-08
1.0,2.5e-10,-9.798008241758243e-08,6.211477252923919e-08
1.0,2.5e-10,-9.748145604395606e-08,6.200494046201313e-08
1.0,2.5e-10,-9.698282967032968e-08,6.189584443694404e-08
1.0,2.5e-10,-9.648420329670331e-08,6.178723097734062e-08
1.0,2.5e-10,-9.598557692307694e-08,6.167932002805623e-08
1.0,2.5e-10,-9.548695054945056e-08,6.157284657792006e-08
1.0,2.5e-10,-9.498832417582419e-08,6.146766945500717e-08
1.0,2.5e-10,-9.448969780219782e-08,6.136371202517424e-08
1.0,2.5e-10,-9.399107142857144e-08,6.126099011252859e-08
1.0,2.5e-10,-9.349244505494507e-08,6.116007736745827e-08
1.0,2.5e-10,-9.299381868131869e-08,6.106180828455118e-08
1.0,2.5e-10,-9.249519230769232e-08,6.096652089609589e-08
1.0,2.5e-10,-9.199656593406595e-08,6.087636685277036e-08
1.0,2.5e-10,-9.149793956043957e-08,6.079956917882282e-08
1.0,2.5e-10,-9.09993131868132e-08,6.074741555929826e-08
1.0,2.5e-10,-9.050068681318682e-08,6.07277471267506e-08
1.0,2.5e-10,-9.000206043956045e-08,6.074080169702174e-08
1.0,2.5e-10,-8.950343406593408e-08,6.077832948656329e-08
1.0,2.5e-10,-8.90048076923077e-08,6.082886553667654e-08
1.0,2.5e-10,-8.850618131868133e-08,6.088408317920077e-08
1.0,2.5e-10,-8.800755494505496e-08,6.09416343686261e-08
1.0,2.5e-10,-8.750892857142858e-08,6.10009541223177e-08
1.0,2.5e-10,-8.701030219780221e-08,6.10616287688616e-08
1.0,2.5e-10,-8.651167582417583e-08,6.112334793072111e-08
1.0,2.5e-10,-8.601304945054946e-08,6.118588131555802e-08
1.0,2.5e-10,-8.551442307692309e-08,6.124906043000029e-08
1.0,2.5e-10,-8.501579670329671e-08,6.131269839346573e-08
1.0,2.5e-10,-8.451717032967034e-08,6.13763043427326e-08
1.0,2.5e-10,-8.401854395604397e-08,6.14398090847121e-08
1.0,2.5e-10,-8.351991758241759e-08,6.150317160709992e-08
1.0,2.5e-10,-8.302129120879122e-08,6.156637009138189e-08
1.0,2.5e-10,-8.252266483516484e-08,6.16293968941591e-08
1.0,2.5e-10,-8.202403846153847e-08,6.169225469755502e-08
1.0,2.5e-10,-8.15254120879121e-08,6.17549699876064e-08
1.0,2.5e-10,-8.102678571428572e-08,6.181747570759052e-08
1.0,2.5e-10,-8.052815934065935e-08,6.187938482700248e-08
1.0,2.5e-10,-8.002953296703297e-08,6.194072597790314e-08
1.0,2.5e-10,-7.95309065934066e-08,6.200152948510436e-08
1.0,2.5e-10,-7.903228021978023e-08,6.206182640943785e-08
1.0,2.5e-10,-7.853365384615385e-08,6.212164782054498e-08
1.0,2.5e-10,-7.803502747252748e-08,6.218102424415554e-08
1.0,2.5e-10,-7.753640109890111e-08,6.223998524239417e-08
1.0,2.5e-10,-7.703777472527473e-08,6.229860046801111e-08
1.0,2.5e-10,-7.653914835164836e-08,6.235648358760356e-08
1.0,2.5e-10,-7.604052197802198e-08,6.241362705106005e-08
1.0,2.5e-10,-7.554189560439561e-08,6.247006612058916e-08
1.0,2.5e-10,-7.504326923076924e-08,6.252583413191226e-08
1.0,2.5e-10,-7.454464285714286e-08,6.25809624173621e-08
1.0,2.5e-10,-7.40460164835165e-08,6.263548025644212e-08
1.0,2.5e-10,-7.354739010989011e-08,6.268941484828425e-08
1.0,2.5e-10,-7.304876373626374e-08,6.274279130172108e-08
1.0,2.5e-10,-7.255013736263738e-08,6.279568244319654e-08
1.0,2.5e-10,-7.2051510989011e-08,6.284775160847453e-08
1.0,2.5e-10,-7.155288461538462e-08,6.289899929432809e-08
1.0,2.5e-10,-7.105425824175826e-08,6.294945525892355e-08
1.0,2.5e-10,-7.055563186813187e-08,6.29991471424015e-08
1.0,2.5e-10,-7.00570054945055e-08,6.304810051614364e-08
1.0,2.5e-10,-6.955837912087912e-08,6.309633893726915e-08
1.0,2.5e-10,-6.905975274725276e-08,6.31438840075501e-08
1.0,2.5e-10,-6.856112637362639e-08,6.319075543609163e-08
1.0,2.5e-10,-6.80625e-08,6.323697110524149e-08
1.0,2.5e-10,-6.756387362637364e-08,6.328260876326292e-08
1.0,2.5e-10,-6.706524725274725e-08,6.3327429010602e-08
1.0,2.5e-10,-6.656662087912089e-08,6.337139533210233e-08
1.0,2.5e-10,-6.606799450549452e-08,6.34145310399771e-08
1.0,2.5e-10,-6.556936813186814e-08,6.34568577410738e-08
1.0,2.5e-10,-6.507074175824177e-08,6.349839541567523e-08
1.0,2.5e-10,-6.45721153846154e-08,6.353916249658135e-08
1.0,2.5e-10,-6.407348901098902e-08,6.35791759482356e-08
1.0,2.5e-10,-6.357486263736265e-08,6.36184513456873e-08
1.0,2.5e-10,-6.307623626373627e-08,6.36570029531303e-08
1.0,2.5e-10,-6.25776098901099e-08,6.369484380188206e-08
1.0,2.5e-10,-6.207898351648353e-08,6.373198576753736e-08
1.0,2.5e-10,-6.158035714285715e-08,6.376848916310847e-08
1.0,2.5e-10,-6.108173076923078e-08,6.380423972679645e-08
1.0,2.5e-10,-6.058310439560441e-08,6.383916673381029e-08
1.0,2.5e-10,-6.008447802197803e-08,6.387328782824421e-08
1.0,2.5e-10,-5.958585164835165e-08,6.39066195807431e-08
1.0,2.5e-10,-5.9087225274725284e-08,6.393917756051985e-08
1.0,2.5e-10,-5.858859890109891e-08,6.397097640535632e-08
1.0,2.5e-10,-5.808997252747253e-08,6.400202988949798e-08
1.0,2.5e-10,-5.759134615384616e-08,6.403235098938966e-08
1.0,2.5e-10,-5.709271978021979e-08,6.406195194716151e-08
1.0,2.5e-10,-5.6594093406593414e-08,6.409084433183218e-08
1.0,2.5e-10,-5.609546703296704e-08,6.41190390981614e-08
1.0,2.5e-10,-5.5596840659340664e-08,6.414654664311436e-08
1.0,2.5e-10,-5.5098214285714295e-08,6.4173376859914e-08
1.0,2.5e-10,-5.459958791208792e-08,6.419953918965317e-08
1.0,2.5e-10,-5.4100961538461544e-08,6.422504267044257e-08
1.0,2.5e-10,-5.360233516483517e-08,6.424989598408886e-08
1.0,2.5e-10,-5.31037087912088e-08,6.427415833392426e-08
1.0,2.5e-10,-5.2605082417582425e-08,6.42977150616563e-08
1.0,2.5e-10,-5.210645604395605e-08,6.432057949782383e-08
1.0,2.5e-10,-5.1607829670329675e-08,6.43427649025417e-08
1.0,2.5e-10,-5.11092032967033e-08,6.436428412692841e-08
1.0,2.5e-10,-5.061057692307693e-08,6.438514965045403e-08
1.0,2.5e-10,-5.0111950549450556e-08,6.440537361597402e-08
1.0,2.5e-10,-4.961332417582418e-08,6.442496786249037e-08
1.0,2.5e-10,-4.9114697802197805e-08,6.44439439557127e-08
1.0,2.5e-10,-4.861607142857144e-08,6.446231321645923e-08
1.0,2.5e-10,-4.811744505494506e-08,6.448008674696935e-08
1.0,2.5e-10,-4.7618818681318686e-08,6.449727545520026e-08
1.0,2.5e-10,-4.712019230769231e-08,6.451389007714919e-08
1.0,2.5e-10,-4.662156593406594e-08,6.452994119730625e-08
1.0,2.5e-10,-4.612293956043957e-08,6.454543926727326e-08
1.0,2.5e-10,-4.562431318681319e-08,6.456039462265088e-08
1.0,2.5e-10,-4.5125686813186817e-08,6.457481749824665e-08
1.0,2.5e-10,-4.462706043956045e-08,6.458871804169445e-08
1.0,2.5e-10,-4.412843406593407e-08,6.460210632555157e-08
1.0,2.5e-10,-4.36298076923077e-08,6.461499235795113e-08
1.0,2.5e-10,-4.313118131868132e-08,6.462738609188634e-08
1.0,2.5e-10,-4.263255494505495e-08,6.463929743320828e-08
1.0,2.5e-10,-4.213392857142858e-08,6.465073624739708e-08
1.0,2.5e-10,-4.16353021978022e-08,6.466171236519953e-08
1.0,2.5e-10,-4.113667582417583e-08,6.467223558718844e-08
1.0,2.5e-10,-4.063804945054945e-08,6.468231568733325e-08
1.0,2.5e-10,-4.0139423076923084e-08,6.469196241563462e-08
1.0,2.5e-10,-3.964079670329671e-08,6.470118549990828e-08
1.0,2.5e-10,-3.9142170329670334e-08,6.470999464677373e-08
1.0,2.5e-10,-3.864354395604396e-08,6.471839954191708e-08
1.0,2.5e-10,-3.814491758241759e-08,6.472640984969211e-08
1.0,2.5e-10,-3.7646291208791215e-08,6.473403521212009e-08
1.0,2.5e-10,-3.714766483516484e-08,6.474128524734298e-08
1.0,2.5e-10,-3.6649038461538464e-08,6.4748169547591e-08
1.0,2.5e-10,-3.6150412087912096e-08,6.47547106049294e-08
1.0,2.5e-10,-3.565178571428572e-08,6.476090472464079e-08
1.0,2.5e-10,-3.5153159340659345e-08,6.476675642724875e-08
1.0,2.5e-10,-3.465453296703297e-08,6.477227593732635e-08
1.0,2.5e-10,-3.4155906593406595e-08,6.477747336864845e-08
1.0,2.5e-10,-3.3657280219780226e-08,6.478235872441048e-08
1.0,2.5e-10,-3.315865384615385e-08,6.478694189714608e-08
1.0,2.5e-10,-3.2660027472527475e-08,6.479123266837663e-08
1.0,2.5e-10,-3.21614010989011e-08,6.479524070802529e-08
1.0,2.5e-10,-3.166277472527473e-08,6.479897557362593e-08
1.0,2.5e-10,-3.1164148351648356e-08,6.48024467093541e-08
1.0,2.5e-10,-3.066552197802198e-08,6.480566344490654e-08
1.0,2.5e-10,-3.0166895604395606e-08,6.480863499425261e-08
1.0,2.5e-10,-2.9668269230769234e-08,6.481137045427911e-08
1.0,2.5e-10,-2.9169642857142862e-08,6.481387880335215e-08
1.0,2.5e-10,-2.8671016483516487e-08,6.481616889980648e-08
1.0,2.5e-10,-2.8172390109890115e-08,6.481824948039065e-08
1.0,2.5e-10,-2.767376373626374e-08,6.48201291586705e-08
1.0,2.5e-10,-2.7175137362637364e-08,6.482181642341503e-08
1.0,2.5e-10,-2.6676510989010992e-08,6.482331963697069e-08
1.0,2.5e-10,-2.6177884615384617e-08,6.482464703363648e-08
1.0,2.5e-10,-2.5679258241758245e-08,6.482580671805135e-08
1.0,2.5e-10,-2.518063186813187e-08,6.482680666359884e-08
1.0,2.5e-10,-2.4682005494505498e-08,6.482765471083888e-08
1.0,2.5e-10,-2.4183379120879123e-08,6.48283585659736e-08
1.0,2.5e-10,-2.368475274725275e-08,6.482892579934757e-08
1.0,2.5e-10,-2.3186126373626376e-08,6.482936384399374e-08
1.0,2.5e-10,-2.2687500000000004e-08,6.482967999422511e-08
1.0,2.5e-10,-2.218887362637363e-08,6.482988140427232e-08
1.0,2.5e-10,-2.1690247252747257e-08,6.482997508697724e-08
1.0,2.5e-10,-2.119162087912088e-08,6.482996791253427e-08
1.0,2.5e-10,-2.069299450549451e-08,6.4829866607289e-08
1.0,2.5e-10,-2.0194368131868134e-08,6.482967775259194e-08
1.0,2.5e-10,-1.969574175824176e-08,6.482940778370076e-08
1.0,2.5e-10,-1.9197115384615387e-08,6.482906298874702e-08
1.0,2.5e-10,-1.8698489010989012e-08,6.482864950774807e-08
1.0,2.5e-10,-1.819986263736264e-08,6.482817333167524e-08
1.0,2.5e-10,-1.7701236263736265e-08,6.482764030157558e-08
1.0,2.5e-10,-1.7202609890109893e-08,6.482705610774155e-08
1.0,2.5e-10,-1.6703983516483518e-08,6.482642628893245e-08
1.0,2.5e-10,-1.6205357142857146e-08,6.482575623163928e-08
1.0,2.5e-10,-1.570673076923077e-08,6.482505116940403e-08
1.0,2.5e-10,-1.52081043956044e-08,6.482431618217112e-08
1.0,2.5e-10,-1.4709478021978023e-08,6.482355619569352e-08
1.0,2.5e-10,-1.421085164835165e-08,6.482277598096733e-08
1.0,2.5e-10,-1.3712225274725276e-08,6.482198015371548e-08
1.0,2.5e-10,-1.3213598901098902e-08,6.482117317390128e-08
1.0,2.5e-10,-1.2714972527472529e-08,6.48203593452784e-08
1.0,2.5e-10,-1.2216346153846155e-08,6.481954281497426e-08
1.0,2.5e-10,-1.1717719780219782e-08,6.481872757310405e-08
1.0,2.5e-10,-1.1219093406593408e-08,6.481791745241193e-08
1.0,2.5e-10,-1.0720467032967035e-08,6.481711612794535e-08
1.0,2.5e-10,-1.0221840659340661e-08,6.481632711674479e-08
1.0,2.5e-10,-9.723214285714287e-09,6.481555377757148e-08
1.0,2.5e-10,-9.224587912087914e-09,6.481479931064241e-08
1.0,2.5e-10,-8.72596153846154e-09,6.481406675740135e-08
1.0,2.5e-10,-8.227335164835167e-09,6.48133590002983e-08
1.0,2.5e-10,-7.728708791208791e-09,6.481267876259237e-08
1.0,2.5e-10,-7.230082417582419e-09,6.481202860817227e-08
1.0,2.5e-10,-6.731456043956045e-09,6.481141094139118e-08
1.0,2.5e-10,-6.2328296703296714e-09,6.481082800691839e-08
1.0,2.5e-10,-5.734203296703297e-09,6.481028188960285e-08
1.0,2.5e-10,-5.2355769230769234e-09,6.480977451435199e-08
1.0,2.5e-10,-4.73695054945055e-09,6.480930764602287e-08
1.0,2.5e-10,-4.238324175824176e-09,6.480888288932267e-08
1.0,2.5e-10,-3.739697802197803e-09,6.480850168872283e-08
1.0,2.5e-10,-3.241071428571429e-09,6.480816532838328e-08
1.0,2.5e-10,-2.742445054945055e-09,6.480787493208355e-08
1.0,2.5e-10,-2.2438186813186815e-09,6.480763146316739e-08
1.0,2.5e-10,-1.745192307692308e-09,6.480743572449406e-08
1.0,2.5e-10,-1.2465659340659342e-09,6.480728835839655e-08
1.0,2.5e-10,-7.479395604395606e-10,6.4807189846654e-08
1.0,2.5e-10,-2.4931318681318684e-10,6.480714051046477e-08
1.0,2.5e-10,2.4931318681318684e-10,6.480714051043031e-08
1.0,2.5e-10,7.479395604395606e-10,6.48071898465506e-08
1.0,2.5e-10,1.2465659340659342e-09,6.480728835822391e-08
1.0,2.5e-10,1.745192307692308e-09,6.480743572425141e-08
1.0,2.5e-10,2.2438186813186815e-09,6.480763146285594e-08
1.0,2.5e-10,2.742445054945055e-09,6.480787493170337e-08
1.0,2.5e-10,3.241071428571429e-09,6.480816532793428e-08
1.0,2.5e-10,3.739697802197803e-09,6.480850168820576e-08
1.0,2.5e-10,4.238324175824176e-09,6.48088828887363e-08
1.0,2.5e-10,4.73695054945055e-09,6.480930764536888e-08
1.0,2.5e-10,5.2355769230769234e-09,6.480977451363012e-08
1.0,2.5e-10,5.734203296703297e-09,6.481028188881251e-08
1.0,2.5e-10,6.2328296703296714e-09,6.481082800606116e-08
1.0,2.5e-10,6.731456043956045e-09,6.481141094046747e-08
1.0,2.5e-10,7.230082417582419e-09,6.481202860718165e-08
1.0,2.5e-10,7.728708791208791e-09,6.481267876153608e-08
1.0,2.5e-10,8.227335164835167e-09,6.481335899917665e-08
1.0,2.5e-10,8.72596153846154e-09,6.481406675621541e-08
1.0,2.5e-10,9.224587912087914e-09,6.481479930939263e-08
1.0,2.5e-10,9.723214285714287e-09,6.481555377625831e-08
1.0,2.5e-10,1.0221840659340661e-08,6.481632711537052e-08
1.0,2.5e-10,1.0720467032967035e-08,6.481711612650932e-08
1.0,2.5e-10,1.1219093406593408e-08,6.481791745091693e-08
1.0,2.5e-10,1.1717719780219782e-08,6.481872757154936e-08
1.0,2.5e-10,1.2216346153846155e-08,6.481954281336304e-08
1.0,2.5e-10,1.2714972527472529e-08,6.482035934361093e-08
1.0,2.5e-10,1.3213598901098902e-08,6.482117317218028e-08
1.0,2.5e-10,1.3712225274725276e-08,6.482198015194187e-08
1.0,2.5e-10,1.421085164835165e-08,6.48227759791435e-08
1.0,2.5e-10,1.4709478021978023e-08,6.48235561938219e-08
1.0,2.5e-10,1.52081043956044e-08,6.482431618025408e-08
1.0,2.5e-10,1.570673076923077e-08,6.482505116744254e-08
1.0,2.5e-10,1.6205357142857146e-08,6.482575622963693e-08
1.0,2.5e-10,1.6703983516483518e-08,6.482642628689116e-08
1.0,2.5e-10,1.7202609890109893e-08,6.482705610566422e-08
1.0,2.5e-10,1.7701236263736265e-08,6.4827640299467e-08
1.0,2.5e-10,1.819986263736264e-08,6.482817332953742e-08
1.0,2.5e-10,1.8698489010989012e-08,6.482864950558489e-08
1.0,2.5e-10,1.9197115384615387e-08,6.482906298656118e-08
1.0,2.5e-10,1.969574175824176e-08,6.482940778149626e-08
1.0,2.5e-10,2.0194368131868134e-08,6.482967775037231e-08
1.0,2.5e-10,2.069299450549451e-08,6.482986660505945e-08
1.0,2.5e-10,2.119162087912088e-08,6.4829967910298e-08
1.0,2.5e-10,2.1690247252747257e-08,6.482997508473848e-08
1.0,2.5e-10,2.218887362637363e-08,6.482988140203624e-08
1.0,2.5e-10,2.2687500000000004e-08,6.482967999199604e-08
1.0,2.5e-10,2.3186126373626376e-08,6.482936384177693e-08
1.0,2.5e-10,2.368475274725275e-08,6.482892579714751e-08
1.0,2.5e-10,2.4183379120879123e-08,6.482835856379546e-08
1.0,2.5e-10,2.4682005494505498e-08,6.482765470868778e-08
1.0,2.5e-10,2.518063186813187e-08,6.482680666147951e-08
1.0,2.5e-10,2.5679258241758245e-08,6.482580671596953e-08
1.0,2.5e-10,2.6177884615384617e-08,6.482464703159719e-08
1.0,2.5e-10,2.6676510989010992e-08,6.482331963497906e-08
1.0,2.5e-10,2.7175137362637364e-08,6.482181642147711e-08
1.0,2.5e-10,2.767376373626374e-08,6.482012915679129e-08
1.0,2.5e-10,2.8172390109890115e-08,6.481824947857562e-08
1.0,2.5e-10,2.8671016483516487e-08,6.481616889806142e-08
1.0,2.5e-10,2.9169642857142862e-08,6.48138788016815e-08
1.0,2.5e-10,2.9668269230769234e-08,6.48113704526891e-08
1.0,2.5e-10,3.0166895604395606e-08,6.480863499274765e-08
1.0,2.5e-10,3.066552197802198e-08,6.480566344349181e-08
1.0,2.5e-10,3.1164148351648356e-08,6.480244670803447e-08
1.0,2.5e-10,3.166277472527473e-08,6.479897557240607e-08
1.0,2.5e-10,3.21614010989011e-08,6.47952407069095e-08
1.0,2.5e-10,3.2660027472527475e-08,6.479123266736933e-08
1.0,2.5e-10,3.315865384615385e-08,6.478694189625113e-08
1.0,2.5e-10,3.3657280219780226e-08,6.478235872363156e-08
1.0,2.5e-10,3.4155906593406595e-08,6.477747336798883e-08
1.0,2.5e-10,3.465453296703297e-08,6.477227593678906e-08
1.0,2.5e-10,3.5153159340659345e-08,6.47667564268363e-08
1.0,2.5e-10,3.565178571428572e-08,6.476090472435541e-08
1.0,2.5e-10,3.6150412087912096e-08,6.475471060477276e-08
1.0,2.5e-10,3.6649038461538464e-08,6.474816954756442e-08
1.0,2.5e-10,3.714766483516484e-08,6.474128524744706e-08
1.0,2.5e-10,3.7646291208791215e-08,6.473403521235443e-08
1.0,2.5e-10,3.814491758241759e-08,6.472640985005637e-08
1.0,2.5e-10,3.864354395604396e-08,6.471839954240985e-08
1.0,2.5e-10,3.9142170329670334e-08,6.47099946473935e-08
1.0,2.5e-10,3.964079670329671e-08,6.470118550065251e-08
1.0,2.5e-10,4.0139423076923084e-08,6.469196241649954e-08
1.0,2.5e-10,4.063804945054945e-08,6.46823156883153e-08
1.0,2.5e-10,4.113667582417583e-08,6.467223558828342e-08
1.0,2.5e-10,4.16353021978022e-08,6.466171236640123e-08
1.0,2.5e-10,4.213392857142858e-08,6.465073624870052e-08
1.0,2.5e-10,4.263255494505495e-08,6.463929743460535e-08
1.0,2.5e-10,4.313118131868132e-08,6.462738609336954e-08
1.0,2.5e-10,4.36298076923077e-08,6.461499235951201e-08
1.0,2.5e-10,4.412843406593407e-08,6.460210632718097e-08
1.0,2.5e-10,4.462706043956045e-08,6.458871804338175e-08
1.0,2.5e-10,4.5125686813186817e-08,6.457481749998083e-08
1.0,2.5e-10,4.562431318681319e-08,6.456039462441975e-08
1.0,2.5e-10,4.612293956043957e-08,6.454543926906398e-08
1.0,2.5e-10,4.662156593406594e-08,6.452994119910549e-08
1.0,2.5e-10,4.712019230769231e-08,6.451389007894235e-08
1.0,2.5e-10,4.7618818681318686e-08,6.449727545697121e-08
1.0,2.5e-10,4.811744505494506e-08,6.448008674870304e-08
1.0,2.5e-10,4.861607142857144e-08,6.446231321813757e-08
1.0,2.5e-10,4.9114697802197805e-08,6.444394395731817e-08
1.0,2.5e-10,4.961332417582418e-08,6.442496786400465e-08
1.0,2.5e-10,5.0111950549450556e-08,6.440537361737584e-08
1.0,2.5e-10,5.061057692307693e-08,6.438514965172442e-08
1.0,2.5e-10,5.11092032967033e-08,6.436428412804664e-08
1.0,2.5e-10,5.1607829670329675e-08,6.434276490348409e-08
1.0,2.5e-10,5.210645604395605e-08,6.432057949856924e-08
1.0,2.5e-10,5.2605082417582425e-08,6.429771506218053e-08
1.0,2.5e-10,5.31037087912088e-08,6.427415833420524e-08
1.0,2.5e-10,5.360233516483517e-08,6.424989598409954e-08
1.0,2.5e-10,5.4100961538461544e-08,6.422504267016303e-08
1.0,2.5e-10,5.459958791208792e-08,6.419953918906141e-08
1.0,2.5e-10,5.5098214285714295e-08,6.417337685898484e-08
1.0,2.5e-10,5.5596840659340664e-08,6.414654664182273e-08
1.0,2.5e-10,5.609546703296704e-08,6.411903909648592e-08
1.0,2.5e-10,5.6594093406593414e-08,6.409084432974926e-08
1.0,2.5e-10,5.709271978021979e-08,6.406195194464523e-08
1.0,2.5e-10,5.759134615384616e-08,6.403235098641702e-08
1.0,2.5e-10,5.808997252747253e-08,6.400202988604495e-08
1.0,2.5e-10,5.858859890109891e-08,6.397097640140017e-08
1.0,2.5e-10,5.9087225274725284e-08,6.393917755603546e-08
1.0,2.5e-10,5.958585164835165e-08,6.390661957570714e-08
1.0,2.5e-10,6.008447802197803e-08,6.387328782263516e-08
1.0,2.5e-10,6.058310439560441e-08,6.383916672760547e-08
1.0,2.5e-10,6.108173076923078e-08,6.380423971997079e-08
1.0,2.5e-10,6.158035714285715e-08,6.37684891556457e-08
1.0,2.5e-10,6.207898351648353e-08,6.373198575946831e-08
1.0,2.5e-10,6.25776098901099e-08,6.369484379319106e-08
1.0,2.5e-10,6.307623626373627e-08,6.365700294381724e-08
1.0,2.5e-10,6.357486263736265e-08,6.361845133577368e-08
1.0,2.5e-10,6.407348901098902e-08,6.357917593778337e-08
1.0,2.5e-10,6.45721153846154e-08,6.353916248573813e-08
1.0,2.5e-10,6.507074175824177e-08,6.349839540478605e-08
1.0,2.5e-10,6.556936813186814e-08,6.345685773089197e-08
1.0,2.5e-10,6.606799450549452e-08,6.341453103212806e-08
1.0,2.5e-10,6.656662087912089e-08,6.337139533002264e-08
1.0,2.5e-10,6.706524725274725e-08,6.332742902141122e-08
1.0,2.5e-10,6.756387362637364e-08,6.328260880152238e-08
1.0,2.5e-10,6.80625e-08,6.323697119959009e-08
1.0,2.5e-10,6.856112637362639e-08,6.319075564242478e-08
1.0,2.5e-10,6.905975274725276e-08,6.314388443406369e-08
1.0,2.5e-10,6.955837912087912e-08,6.309633978965835e-08
1.0,2.5e-10,7.00570054945055e-08,6.30481021794664e-08
1.0,2.5e-10,7.055563186813187e-08,6.299915032635713e-08
1.0,2.5e-10,7.105425824175826e-08,6.294946125130649e-08
1.0,2.5e-10,7.155288461538462e-08,6.289901039565037e-08
1.0,2.5e-10,7.2051510989011e-08,6.284777186425741e-08
1.0,2.5e-10,7.255013736263738e-08,6.279571885608456e-08
1.0,2.5e-10,7.304876373626374e-08,6.274285545532628e-08
1.0,2.5e-10,7.354739010989011e-08,6.268952561823742e-08
1.0,2.5e-10,7.40460164835165e-08,6.263566876747987e-08
1.0,2.5e-10,7.454464285714286e-08,6.258127863688154e-08
1.0,2.5e-10,7.504326923076924e-08,6.25263570001227e-08
1.0,2.5e-10,7.554189560439561e-08,6.247091834691419e-08
1.0,2.5e-10,7.604052197802198e-08,6.241499628416609e-08
1.0,2.5e-10,7.653914835164836e-08,6.235865205436619e-08
1.0,2.5e-10,7.703777472527473e-08,6.230198552327652e-08
1.0,2.5e-10,7.753640109890111e-08,6.224516666730948e-08
1.0,2.5e-10,7.803502747252748e-08,6.218878852877926e-08
1.0,2.5e-10,7.853365384615385e-08,6.21331167412537e-08
1.0,2.5e-10,7.903228021978023e-08,6.207852549396884e-08
1.0,2.5e-10,7.95309065934066e-08,6.202549430555583e-08
1.0,2.5e-10,8.002953296703297e-08,6.197461884205356e-08
1.0,2.5e-10,8.052815934065935e-08,6.19266141566595e-08
1.0,2.5e-10,8.102678571428572e-08,6.188230557103987e-08
1.0,2.5e-10,8.15254120879121e-08,6.184260181155414e-08
1.0,2.5e-10,8.202403846153847e-08,6.180844537423457e-08
1.0,2.5e-10,8.252266483516484e-08,6.178073709682824e-08
1.0,2.5e-10,8.302129120879122e-08,6.176023613312334e-08
1.0,2.5e-10,8.351991758241759e-08,6.17474008253303e-08
1.0,2.5e-10,8.401854395604397e-08,6.174232876323742e-08
1.0,2.5e-10,8.451717032967034e-08,6.17448746253455e-08
1.0,2.5e-10,8.501579670329671e-08,6.17541122424682e-08
1.0,2.5e-10,8.551442307692309e-08,6.17684237075388e-08
1.0,2.5e-10,8.601304945054946e-08,6.178609379429343e-08
1.0,2.5e-10,8.651167582417583e-08,6.1804989218755e-08
1.0,2.5e-10,8.701030219780221e-08,6.182286292905066e-08
1.0,2.5e-10,8.750892857142858e-08,6.18375420933871e-08
1.0,2.5e-10,8.800755494505496e-08,6.184709464483491e-08
1.0,2.5e-10,8.850618131868133e-08,6.184995709288678e-08
1.0,2.5e-10,8.90048076923077e-08,6.184503941867072e-08
1.0,2.5e-10,8.950343406593408e-08,6.18333646564388e-08
1.0,2.5e-10,9.000206043956045e-08,6.182228407086616e-08
1.0,2.5e-10,9.050068681318682e-08,6.182249928771095e-08
1.0,2.5e-10,9.09993131868132e-08,6.186107460467769e-08
1.0,2.5e-10,9.149793956043957e-08,6.190840553731272e-08
1.0,2.5e-10,9.199656593406595e-08,6.19630932750306e-08
1.0,2.5e-10,9.249519230769232e-08,6.201569085355294e-08
1.0,2.5e-10,9.299381868131869e-08,6.206125927728489e-08
1.0,2.5e-10,9.349244505494507e-08,6.209956104369807e-08
1.0,2.5e-10,9.399107142857144e-08,6.213181396965779e-08
1.0,2.5e-10,9.448969780219782e-08,6.215967629538396e-08
1.0,2.5e-10,9.498832417582419e-08,6.218516280500475e-08
1.0,2.5e-10,9.548695054945056e-08,6.22105223539019e-08
1.0,2.5e-10,9.598557692307694e-08,6.223806795665972e-08
1.0,2.5e-10,9.648420329670331e-08,6.226946445273313e-08
1.0,2.5e-10,9.698282967032968e-08,6.230663578428726e-08
1.0,2.5e-10,9.748145604395606e-08,6.235129683780221e-08
1.0,2.5e-10,9.798008241758243e-08,6.240432473315304e-08
1.0,2.5e-10,9.847870879120881e-08,6.246607316800685e-08
1.0,2.5e-10,9.897733516483518e-08,6.253645017163335e-08
1.0,2.5e-10,9.947596153846155e-08,6.261503967735918e-08
1.0,2.5e-10,9.997458791208793e-08,6.270123705783677e-08
1.0,2.5e-10,1.004732142857143e-07,6.279414382220112e-08
1.0,2.5e-10,1.0097184065934068e-07,6.289238793362784e-08
1.0,2.5e-10,1.0147046703296705e-07,6.29952689092786e-08
1.0,2.5e-10,1.0196909340659342e-07,6.310219769250876e-08
1.0,2.5e-10,1.024677197802198e-07,6.321276167951534e-08
1.0,2.5e-10,1.0296634615384617e-07,6.332647077284066e-08
1.0,2.5e-10,1.0346497252747253e-07,6.344208969428362e-08
1.0,2.5e-10,1.0396359890109892e-07,6.355947078246899e-08
1.0,2.5e-10,1.0446222527472528e-07,6.367872142936494e-08
1.0,2.5e-10,1.0496085164835167e-07,6.379999975593097e-08
1.0,2.5e-10,1.0545947802197804e-07,6.392234472422557e-08
1.0,2.5e-10,1.059581043956044e-07,6.404566978974381e-08
1.0,2.5e-10,1.0645673076923079e-07,6.417037177950994e-08
1.0,2.5e-10,1.0695535714285715e-07,6.429684776657777e-08
1.0,2.5e-10,1.0745398351648352e-07,6.442424319459562e-08
1.0,2.5e-10,1.079526098901099e-07,6.455254156899781e-08
1.0,2.5e-10,1.0845123626373627e-07,6.468226445788852e-08
1.0,2.5e-10,1.0894986263736266e-07,6.48138212060075e-08
1.0,2.5e-10,1.0944848901098902e-07,6.494625901735525e-08
1.0,2.5e-10,1.0994711538461539e-07,6.507977794933353e-08
1.0,2.5e-10,1.1044574175824177e-07,6.521497714162579e-08
1.0,2.5e-10,1.1094436813186814e-07,6.535201313937298e-08
1.0,2.5e-10,1.1144299450549452e-07,6.54899229730482e-08
1.0,2.5e-10,1.1194162087912089e-07,6.562923302724373e-08
1.0,2.5e-10,1.1244024725274726e-07,6.577062084134931e-08
1.0,2.5e-10,1.1293887362637364e-07,6.591344161882726e-08
1.0,2.5e-10,1.1343750000000001e-07,6.605740103720188e-08
1.0,2.5e-10,1.1393612637362638e-07,6.620323043758874e-08
1.0,2.5e-10,1.1443475274725276e-07,6.635121486360583e-08
1.0,2.5e-10,1.1493337912087913e-07,6.650027436060018e-08
1.0,2.5e-10,1.1543200549450551e-07,6.665102920900288e-08
1.0,2.5e-10,1.1593063186813188e-07,6.680419911753554e-08
1.0,2.5e-10,1.1642925824175825e-07,6.695872189176812e-08
1.0,2.5e-10,1.1692788461538463e-07,6.711481306675688e-08
1.0,2.5e-10,1.17426510989011e-07,6.727337599836e-08
1.0,2.5e-10,1.1792513736263738e-07,6.743364521266782e-08
1.0,2.5e-10,1.1842376373626375e-07,6.759542055950422e-08
1.0,2.5e-10,1.1892239010989012e-07,6.775970784754179e-08
1.0,2.5e-10,1.194210164835165e-07,6.792594178053936e-08
1.0,2.5e-10,1.1991964285714287e-07,6.809370532726001e-08
1.0,2.5e-10,1.2041826923076924e-07,6.82641018508695e-08
1.0,2.5e-10,1.209168956043956e-07,6.843647814517244e-08
1.0,2.5e-10,1.21415521978022e-07,6.861051863431706e-08
1.0,2.5e-10,1.2191414835164837e-07,6.878738808039638e-08
1.0,2.5e-10,1.2241277472527474e-07,6.896607853036314e-08
1.0,2.5e-10,1.229114010989011e-07,6.914670870260077e-08
1.0,2.5e-10,1.2341002747252748e-07,6.933031718997979e-08
1.0,2.5e-10,1.2390865384615387e-07,6.951553430967308e-08
1.0,2.5e-10,1.2440728021978024e-07,6.970314221303373e-08
1.0,2.5e-10,1.249059065934066e-07,6.98935832413072e-08
1.0,2.5e-10,1.2540453296703298e-07,7.008563962864675e-08
1.0,2.5e-10,1.2590315934065935e-07,7.028071372693636e-08
1.0,2.5e-10,1.2640178571428574e-07,7.047787654186363e-08
1.0,2.5e-10,1.269004120879121e-07,7.067725791432585e-08
1.0,2.5e-10,1.2739903846153848e-07,7.087976476634152e-08
1.0,2.5e-10,1.2789766483516485e-07,7.108397063687838e-08
1.0,2.5e-10,1.2839629120879122e-07,7.129134633353762e-08
1.0,2.5e-10,1.2889491758241759e-07,7.150082814440448e-08
1.0,2.5e-10,1.2939354395604398e-07,7.171284695197842e-08
1.0,2.5e-10,1.2989217032967035e-07,7.192786841998749e-08
1.0,2.5e-10,1.3039079670329672e-07,7.214483672291544e-08
1.0,2.5e-10,1.3088942307692309e-07,7.236520272506514e-08
1.0,2.5e-10,1.3138804945054945e-07,7.258741391496245e-08
1.0,2.5e-10,1.3188667582417585e-07,7.281299020816927e-08
1.0,2.5e-10,1.3238530219780222e-07,7.30406540853598e-08
1.0,2.5e-10,1.328839285714286e-07,7.327141528931681e-08
1.0,2.5e-10,1.3338255494505496e-07,7.350466648846908e-08
1.0,2.5e-10,1.3388118131868132e-07,7.374067555430842e-08
1.0,2.5e-10,1.3437980769230772e-07,7.397957668363233e-08
1.0,2.5e-10,1.348784340659341e-07,7.422098089729642e-08
1.0,2.5e-10,1.3537706043956046e-07,7.446551276782198e-08
1.0,2.5e-10,1.3587568681318683e-07,7.471243897516692e-08
1.0,2.5e-10,1.363743131868132e-07,7.496259549111342e-08
1.0,2.5e-10,1.368729395604396e-07,7.521514886587469e-08
1.0,2.5e-10,1.3737156593406596e-07,7.547093245275843e-08
1.0,2.5e-10,1.3787019230769233e-07,7.572921403467991e-08
1.0,2.5e-10,1.383688186813187e-07,7.599061649822113e-08
1.0,2.5e-10,1.3886744505494506e-07,7.625474334058194e-08
1.0,2.5e-10,1.3936607142857143e-07,7.652172835091115e-08
1.0,2.5e-10,1.3986469780219783e-07,7.67917850164807e-08
1.0,2.5e-10,1.403633241758242e-07,7.70643434249232e-08
1.0,2.5e-10,1.4086195054945056e-07,7.734032598815453e-08
1.0,2.5e-10,1.4136057692307693e-07,7.761854268497145e-08
1.0,2.5e-10,1.418592032967033e-07,7.790037757001877e-08
1.0,2.5e-10,1.423578296703297e-07,7.818442735467286e-08
1.0,2.5e-10,1.4285645604395607e-07,7.847196385455312e-08
1.0,2.5e-10,1.4335508241758243e-07,7.876213656682042e-08
1.0,2.5e-10,1.438537087912088e-07,7.90551424547571e-08
1.0,2.5e-10,1.4435233516483517e-07,7.935145288754469e-08
1.0,2.5e-10,1.4485096153846157e-07,7.965002835069489e-08
1.0,2.5e-10,1.4534958791208793e-07,7.99521629480642e-08
1.0,2.5e-10,1.458482142857143e-07,8.025682236321357e-08
1.0,2.5e-10,1.4634684065934067e-07,8.056437183029028e-08
1.0,2.5e-10,1.4684546703296704e-07,8.087520319274306e-08
1.0,2.5e-10,1.4734409340659344e-07,8.118830036638576e-08
1.0,2.5e-10,1.478427197802198e-07,8.150478258743517e-08
1.0,2.5e-10,1.4834134615384617e-07,8.182412321857546e-08
1.0,2.5e-10,1.4883997252747254e-07,8.214583899650956e-08
1.0,2.5e-10,1.493385989010989e-07,8.247098205491105e-08
1.0,2.5e-10,1.498372252747253e-07,8.279876982923833e-08
1.0,2.5e-10,1.5033585164835167e-07,8.31290514226052e-08
1.0,2.5e-10,1.5083447802197804e-07,8.346267498549311e-08
1.0,2.5e-10,1.513331043956044e-07,8.37988796136548e-08
1.0,2.5e-10,1.5183173076923078e-07,8.41375495792081e-08
1.0,2.5e-10,1.5233035714285715e-07,8.447948364595708e-08
1.0,2.5e-10,1.5282898351648354e-07,8.482403742795517e-08
1.0,2.5e-10,1.533276098901099e-07,8.517090362849853e-08
1.0,2.5e-10,1.5382623626373628e-07,8.552093181777977e-08
1.0,2.5e-10,1.5432486263736265e-07,8.587368238871791e-08
1.0,2.5e-10,1.5482348901098902e-07,8.62286471121637e-08
1.0,2.5e-10,1.553221153846154e-07,8.658646988514648e-08
1.0,2.5e-10,1.5582074175824178e-07,8.694715212804717e-08
1.0,2.5e-10,1.5631936813186815e-07,8.7310217934611e-08
1.0,2.5e-10,1.5681799450549452e-07,8.767553155400189e-08
1.0,2.5e-10,1.573166208791209e-07,8.804375537670652e-08
1.0,2.5e-10,1.5781524725274728e-07,8.841456540663413e-08
1.0,2.5e-10,1.5831387362637365e-07,8.878758719357205e-08
1.0,2.5e-10,1.5881250000000002e-07,8.916286302953729e-08
1.0,2.5e-10,1.593111263736264e-07,8.954088771999098e-08
1.0,2.5e-10,1.5980975274725276e-07,8.992134706562884e-08
1.0,2.5e-10,1.6030837912087915e-07,9.030393948907675e-08
1.0,2.5e-10,1.6080700549450552e-07,9.068859521564254e-08
1.0,2.5e-10,1.613056318681319e-07,9.107580906085709e-08
1.0,2.5e-10,1.6180425824175826e-07,9.146537017546633e-08
1.0,2.5e-10,1.6230288461538463e-07,9.185702851458331e-08
1.0,2.5e-10,1.62801510989011e-07,9.225056087387405e-08
1.0,2.5e-10,1.633001373626374e-07,9.264626389405235e-08
1.0,2.5e-10,1.6379876373626376e-07,9.304425391894598e-08
1.0,2.5e-10,1.6429739010989013e-07,9.344431648054378e-08
1.0,2.5e-10,1.647960164835165e-07,9.384625883489674e-08
1.0,2.5e-10,1.6529464285714287e-07,9.424990728974008e-08
1.0,2.5e-10,1.6579326923076926e-07,9.465551403376534e-08
1.0,2.5e-10,1.6629189560439563e-07,9.506316214988787e-08
1.0,2.5e-10,1.66790521978022e-07,9.54726798012178e-08
1.0,2.5e-10,1.6728914835164837e-07,9.588391037880198e-08
1.0,2.5e-10,1.6778777472527473e-07,9.629671082433593e-08
1.0,2.5e-10,1.6828640109890113e-07,9.671103525482477e-08
1.0,2.5e-10,1.687850274725275e-07,9.712715351494044e-08
1.0,2.5e-10,1.6928365384615387e-07,9.754496557697618e-08
1.0,2.5e-10,1.6978228021978024e-07,9.796433769545436e-08
1.0,2.5e-10,1.702809065934066e-07,9.838514599164159e-08
1.0,2.5e-10,1.70779532967033e-07,9.880727533884475e-08
1.0,2.5e-10,1.7127815934065937e-07,9.923064522527564e-08
1.0,2.5e-10,1.7177678571428574e-07,9.96554610212909e-08
1.0,2.5e-10,1.722754120879121e-07,1.0008168246709521e-07
1.0,2.5e-10,1.7277403846153847e-07,1.0050919817424604e-07
1.0,2.5e-10,1.7327266483516487e-07,1.0093790332711223e-07
1.0,2.5e-10,1.7377129120879124e-07,1.0136769893259474e-07
1.0,2.5e-10,1.742699175824176e-07,1.0179849113798295e-07
1.0,2.5e-10,1.7476854395604397e-07,1.0223021636945126e-07
1.0,2.5e-10,1.7526717032967034e-07,1.0266303143906833e-07
1.0,2.5e-10,1.757657967032967e-07,1.0309689282201504e-07
1.0,2.5e-10,1.762644230769231e-07,1.0353170767542553e-07
1.0,2.5e-10,1.7676304945054948e-07,1.0396738719622993e-07
1.0,2.5e-10,1.7726167582417584e-07,1.044038461459397e-07
1.0,2.5e-10,1.777603021978022e-07,1.048410024150511e-07
1.0,2.5e-10,1.7825892857142858e-07,1.0527877662284743e-07
1.0,2.5e-10,1.7875755494505498e-07,1.0571714541384172e-07
1.0,2.5e-10,1.7925618131868135e-07,1.0615622494909975e-07
1.0,2.5e-10,1.7975480769230771e-07,1.065959485572726e-07
1.0,2.5e-10,1.8025343406593408e-07,1.0703623741137442e-07
1.0,2.5e-10,1.8075206043956045e-07,1.0747701493455358e-07
1.0,2.5e-10,1.8125068681318685e-07,1.0791820649674726e-07
1.0,2.5e-10,1.8174931318681321e-07,1.0835973913032816e-07
1.0,2.5e-10,1.8224793956043958e-07,1.0880154126218135e-07
1.0,2.5e-10,1.8274656593406595e-07,1.0924354620669008e-07
1.0,2.5e-10,1.8324519230769232e-07,1.0968583837221771e-07
1.0,2.5e-10,1.8374381868131872e-07,1.1012841934529088e-07
1.0,2.5e-10,1.8424244505494508e-07,1.1057121878092017e-07
1.0,2.5e-10,1.8474107142857145e-07,1.1101416747691977e-07
1.0,2.5e-10,1.8523969780219782e-07,1.1145719714131088e-07
1.0,2.5e-10,1.857383241758242e-07,1.1190024016620368e-07
1.0,2.5e-10,1.8623695054945056e-07,1.1234322940641801e-07
1.0,2.5e-10,1.8673557692307695e-07,1.127860979611667e-07
1.0,2.5e-10,1.8723420329670332e-07,1.1322879912364694e-07
1.0,2.5e-10,1.877328296703297e-07,1.136714358753448e-07
1.0,2.5e-10,1.8823145604395606e-07,1.1411397998373205e-07
1.0,2.5e-10,1.8873008241758243e-07,1.145563664919573e-07
1.0,2.5e-10,1.8922870879120882e-07,1.1499853045454913e-07
1.0,2.5e-10,1.897273351648352e-07,1.1544040671179431e-07
1.0,2.5e-10,1.9022596153846156e-07,1.1588192966025787e-07
1.0,2.5e-10,1.9072458791208793e-07,1.1632303301795479e-07
1.0,2.5e-10,1.912232142857143e-07,1.16763649582671e-07
1.0,2.5e-10,1.917218406593407e-07,1.1720378930963768e-07
1.0,2.5e-10,1.9222046703296706e-07,1.1764355154715512e-07
1.0,2.5e-10,1.9271909340659343e-07,1.1808287742924796e-07
1.0,2.5e-10,1.932177197802198e-07,1.1852170184172535e-07
1.0,2.5e-10,1.9371634615384617e-07,1.1895995836381684e-07
1.0,2.5e-10,1.9421497252747256e-07,1.193975789840256e-07
1.0,2.5e-10,1.9471359890109893e-07,1.1983449380178662e-07
1.0,2.5e-10,1.952122252747253e-07,1.202706307130617e-07
1.0,2.5e-10,1.9571085164835167e-07,1.2070598213142826e-07
1.0,2.5e-10,1.9620947802197804e-07,1.2114068784229845e-07
1.0,2.5e-10,1.9670810439560443e-07,1.2157469496391047e-07
1.0,2.5e-10,1.972067307692308e-07,1.2200793277376222e-07
1.0,2.5e-10,1.9770535714285717e-07,1.22440327677406e-07
1.0,2.5e-10,1.9820398351648354e-07,1.2287180281271092e-07
1.0,2.5e-10,1.987026098901099e-07,1.2330227762760062e-07
1.0,2.5e-10,1.9920123626373628e-07,1.2373167728748013e-07
1.0,2.5e-10,1.9969986263736267e-07,1.2416016073856404e-07
1.0,2.5e-10,2.0019848901098904e-07,1.245877543665503e-07
1.0,2.5e-10,2.006971153846154e-07,1.250143773833851e-07
1.0,2.5e-10,2.0119574175824178e-07,1.2543994424222302e-07
1.0,2.5e-10,2.0169436813186814e-07,1.258643640844039e-07
1.0,2.5e-10,2.0219299450549454e-07,1.2628754014404052e-07
1.0,2.5e-10,2.026916208791209e-07,1.26709421122445e-07
1.0,2.5e-10,2.0319024725274728e-07,1.2713023914297055e-07
1.0,2.5e-10,2.0368887362637365e-07,1.2754995842300596e-07
1.0,2.5e-10,2.0418750000000001e-07,1.279684785650511e-07
1.0,2.5e-10,2.046861263736264e-07,1.2838569155008158e-07
1.0,2.5e-10,2.0518475274725278e-07,1.2880148093227706e-07
1.0,2.5e-10,2.0568337912087915e-07,1.2921575587861504e-07
1.0,2.5e-10,2.0618200549450552e-07,1.2962878928045738e-07
1.0,2.5e-10,2.0668063186813188e-07,1.300405756147202e-07
1.0,2.5e-10,2.0717925824175828e-07,1.304509900466011e-07
1.0,2.5e-10,2.0767788461538465e-07,1.3085989679344365e-07
1.0,2.5e-10,2.0817651098901102e-07,1.3126714800914657e-07
1.0,2.5e-10,2.0867513736263738e-07,1.3167278455847153e-07
1.0,2.5e-10,2.0917376373626375e-07,1.3207710308839938e-07
1.0,2.5e-10,2.0967239010989012e-07,1.3247996957470934e-07
1.0,2.5e-10,2.1017101648351652e-07,1.3288121996835817e-07
1.0,2.5e-10,2.1066964285714289e-07,1.3328067442749567e-07
1.0,2.5e-10,2.1116826923076925e-07,1.3367830995738334e-07
1.0,2.5e-10,2.1166689560439562e-07,1.3407451493719685e-07
1.0,2.5e-10,2.12165521978022e-07,1.3446914808397614e-07
1.0,2.5e-10,2.126641483516484e-07,1.3486200434418294e-07
1.0,2.5e-10,2.1316277472527476e-07,1.3525285780857655e-07
1.0,2.5e-10,2.1366140109890112e-07,1.356418796594002e-07
1.0,2.5e-10,2.141600274725275e-07,1.3602936849596483e-07
1.0,2.5e-10,2.1465865384615386e-07,1.3641508664785412e-07
1.0,2.5e-10,2.1515728021978026e-07,1.367987700143248e-07
1.0,2.5e-10,2.1565590659340662e-07,1.3718029627419185e-07
1.0,2.5e-10,2.16154532967033e-07,1.3756020314226622e-07
1.0,2.5e-10,2.1665315934065936e-07,1.3793831491214527e-07
1.0,2.5e-10,2.1715178571428573e-07,1.3831431685625942e-07
1.0,2.5e-10,2.1765041208791213e-07,1.3868799539806166e-07
1.0,2.5e-10,2.181490384615385e-07,1.3905995700478145e-07
1.0,2.5e-10,2.1864766483516486e-07,1.394300418504453e-07
1.0,2.5e-10,2.1914629120879123e-07,1.3979786840576909e-07
1.0,2.5e-10,2.196449175824176e-07,1.4016329477070436e-07
1.0,2.5e-10,2.20143543956044e-07,1.4052698374323532e-07
1.0,2.5e-10,2.2064217032967036e-07,1.4088861879477088e-07
1.0,2.5e-10,2.2114079670329673e-07,1.4124773026548455e-07
1.0,2.5e-10,2.216394230769231e-07,1.4160463694004175e-07
1.0,2.5e-10,2.2213804945054947e-07,1.4195968986815649e-07
1.0,2.5e-10,2.2263667582417584e-07,1.4231236296243833e-07
1.0,2.5e-10,2.2313530219780223e-07,1.4266237445537343e-07
1.0,2.5e-10,2.236339285714286e-07,1.4301053993824215e-07
1.0,2.5e-10,2.2413255494505497e-07,1.4335643971775317e-07
1.0,2.5e-10,2.2463118131868134e-07,1.4369951139480406e-07
1.0,2.5e-10,2.251298076923077e-07,1.4404056435856296e-07
1.0,2.5e-10,2.256284340659341e-07,1.4437941711579327e-07
1.0,2.5e-10,2.2612706043956047e-07,1.447153615161822e-07
1.0,2.5e-10,2.2662568681318684e-07,1.45049143270337e-07
1.0,2.5e-10,2.271243131868132e-07,1.4538071637254584e-07
1.0,2.5e-10,2.2762293956043958e-07,1.457092815531023e-07
1.0,2.5e-10,2.2812156593406597e-07,1.4603567445655159e-07
1.0,2.5e-10,2.2862019230769234e-07,1.463597440929063e-07
1.0,2.5e-10,2.291188186813187e-07,1.4668069688376164e-07
1.0,2.5e-10,2.2961744505494508e-07,1.4699958467579487e-07
1.0,2.5e-10,2.3011607142857145e-07,1.4731588814099942e-07
1.0,2.5e-10,2.3061469780219784e-07,1.4762910115161313e-07
1.0,2.5e-10,2.311133241758242e-07,1.4794031186270817e-07
1.0,2.5e-10,2.3161195054945058e-07,1.4824848130426209e-07
1.0,2.5e-10,2.3211057692307695e-07,1.485540215946195e-07
1.0,2.5e-10,2.3260920329670332e-07,1.488572496480532e-07
1.0,2.5e-10,2.3310782967032969e-07,1.491571341945914e-07
1.0,2.5e-10,2.3360645604395608e-07,1.4945494104002104e-07
1.0,2.5e-10,2.3410508241758245e-07,1.4974964472304835e-07
1.0,2.5e-10,2.3460370879120882e-07,1.5004163270493626e-07
1.0,2.5e-10,2.3510233516483519e-07,1.5033116657050868e-07
1.0,2.5e-10,2.3560096153846156e-07,1.5061730812028539e-07
1.0,2.5e-10,2.3609958791208795e-07,1.5090134842040741e-07
1.0,2.5e-10,2.3659821428571432e-07,1.51181879965234e-07
1.0,2.5e-10,2.370968406593407e-07,1.5146017937384373e-07
1.0,2.5e-10,2.3759546703296706e-07,1.5173521206937023e-07
1.0,2.5e-10,2.3809409340659342e-07,1.5200759733587452e-07
1.0,2.5e-10,2.385927197802198e-07,1.5227711841350855e-07
1.0,2.5e-10,2.390913461538462e-07,1.5254350704781562e-07
1.0,2.5e-10,2.3958997252747256e-07,1.5280736182262428e-07
1.0,2.5e-10,2.400885989010989e-07,1.5306779575976227e-07
1.0,2.5e-10,2.405872252747253e-07,1.5332585570926755e-07
1.0,2.5e-10,2.4108585164835166e-07,1.5358034594462134e-07
1.0,2.5e-10,2.4158447802197803e-07,1.538325127187344e-07
1.0,2.5e-10,2.420831043956044e-07,1.5408104447954266e-07
1.0,2.5e-10,2.425817307692308e-07,1.5432723319670498e-07
1.0,2.5e-10,2.430803571428572e-07,1.545697876772797e-07
1.0,2.5e-10,2.4357898351648356e-07,1.5480990627654223e-07
1.0,2.5e-10,2.4407760989010993e-07,1.550464815244111e-07
1.0,2.5e-10,2.445762362637363e-07,1.5528040581366635e-07
1.0,2.5e-10,2.4507486263736266e-07,1.555110364718588e-07
1.0,2.5e-10,2.4557348901098903e-07,1.5573859970367028e-07
1.0,2.5e-10,2.460721153846154e-07,1.5596335611913513e-07
1.0,2.5e-10,2.4657074175824177e-07,1.5618453944260612e-07
1.0,2.5e-10,2.4706936813186814e-07,1.5640331912730052e-07
1.0,2.5e-10,2.4756799450549456e-07,1.5661820761648526e-07
1.0,2.5e-10,2.4806662087912093e-07,1.5683075367307405e-07
1.0,2.5e-10,2.485652472527473e-07,1.5703953347219282e-07
1.0,2.5e-10,2.4906387362637367e-07,1.5724541134676117e-07
1.0,2.5e-10,2.4956250000000004e-07,1.5744837350652578e-07
1.0,2.5e-10,2.500611263736264e-07,1.5764760915341696e-07
1.0,2.5e-10,2.5055975274725277e-07,1.578444661915372e-07
1.0,2.5e-10,2.5105837912087914e-07,1.5803745823459874e-07
1.0,2.5e-10,2.515570054945055e-07,1.582274420346746e-07
1.0,2.5e-10,2.520556318681319e-07,1.5841466279379272e-07
1.0,2.5e-10,2.5255425824175825e-07,1.5859797943346615e-07
1.0,2.5e-10,2.5305288461538467e-07,1.587786891655381e-07
1.0,2.5e-10,2.5355151098901104e-07,1.5895602996814268e-07
1.0,2.5e-10,2.540501373626374e-07,1.5912972535238196e-07
1.0,2.5e-10,2.545487637362638e-07,1.5930088747659412e-07
1.0,2.5e-10,2.5504739010989014e-07,1.5946844717300303e-07
1.0,2.5e-10,2.555460164835165e-07,1.596324513896858e-07
1.0,2.5e-10,2.560446428571429e-07,1.5979386595320304e-07
1.0,2.5e-10,2.5654326923076925e-07,1.5995173630501503e-07
1.0,2.5e-10,2.570418956043956e-07,1.6010596403403137e-07
1.0,2.5e-10,2.57540521978022e-07,1.6025739325309252e-07
1.0,2.5e-10,2.580391483516484e-07,1.6040568711527352e-07
1.0,2.5e-10,2.585377747252748e-07,1.605501269584906e-07
1.0,2.5e-10,2.5903640109890114e-07,1.6069141551926022e-07
1.0,2.5e-10,2.595350274725275e-07,1.608299979403814e-07
1.0,2.5e-10,2.600336538461539e-07,1.609647785067894e-07
1.0,2.5e-10,2.6053228021978025e-07,1.6109601436066102e-07
1.0,2.5e-10,2.610309065934066e-07,1.6122422758609282e-07
1.0,2.5e-10,2.61529532967033e-07,1.6134955076612527e-07
1.0,2.5e-10,2.6202815934065936e-07,1.614710262086198e-07
1.0,2.5e-10,2.625267857142857e-07,1.6158899390910406e-07
1.0,2.5e-10,2.630254120879121e-07,1.617038365080419e-07
1.0,2.5e-10,2.635240384615385e-07,1.6181580673914166e-07
1.0,2.5e-10,2.640226648351649e-07,1.6192407261131404e-07
1.0,2.5e-10,2.6452129120879125e-07,1.6202871146113825e-07
1.0,2.5e-10,2.650199175824176e-07,1.6213000405237186e-07
1.0,2.5e-10,2.65518543956044e-07,1.6222818268807712e-07
1.0,2.5e-10,2.6601717032967036e-07,1.6232333464997413e-07
1.0,2.5e-10,2.6651579670329673e-07,1.6241477047367703e-07
1.0,2.5e-10,2.670144230769231e-07,1.6250260740974805e-07
1.0,2.5e-10,2.6751304945054946e-07,1.625870183380582e-07
1.0,2.5e-10,2.6801167582417583e-07,1.626681406976683e-07
1.0,2.5e-10,2.6851030219780225e-07,1.6274607965057458e-07
1.0,2.5e-10,2.690089285714286e-07,1.6282083743535253e-07
1.0,2.5e-10,2.69507554945055e-07,1.6289192026935015e-07
1.0,2.5e-10,2.7000618131868136e-07,1.6295942558095944e-07
1.0,2.5e-10,2.7050480769230773e-07,1.6302343988539498e-07
1.0,2.5e-10,2.710034340659341e-07,1.6308402778586428e-07
1.0,2.5e-10,2.7150206043956047e-07,1.6314123451783314e-07
1.0,2.5e-10,2.7200068681318683e-07,1.6319508836676008e-07
1.0,2.5e-10,2.724993131868132e-07,1.6324560296747163e-07
1.0,2.5e-10,2.7299793956043957e-07,1.6329281770946207e-07
1.0,2.5e-10,2.7349656593406594e-07,1.6333645410549026e-07
1.0,2.5e-10,2.7399519230769236e-07,1.633765331489211e-07
1.0,2.5e-10,2.7449381868131873e-07,1.6341308188965259e-07
1.0,2.5e-10,2.749924450549451e-07,1.6344611848263654e-07
1.0,2.5e-10,2.7549107142857147e-07,1.6347565375035807e-07
1.0,2.5e-10,2.7598969780219784e-07,1.6350169260915663e-07
1.0,2.5e-10,2.764883241758242e-07,1.635242353575466e-07
1.0,2.5e-10,2.769869505494506e-07,1.635432788238963e-07
1.0,2.5e-10,2.7748557692307694e-07,1.6355881737019293e-07
1.0,2.5e-10,2.779842032967033e-07,1.6357084374828425e-07
1.0,2.5e-10,2.784828296703297e-07,1.635793498047786e-07
1.0,2.5e-10,2.789814560439561e-07,1.6358432703074125e-07
1.0,2.5e-10,2.7948008241758247e-07,1.6358576695245844e-07
1.0,2.5e-10,2.7997870879120884e-07,1.6358366135978448e-07
1.0,2.5e-10,2.804773351648352e-07,1.6357800236887585e-07
1.0,2.5e-10,2.809759615384616e-07,1.6356878231651141e-07
1.0,2.5e-10,2.8147458791208794e-07,1.6355599348362245e-07
1.0,2.5e-10,2.819732142857143e-07,1.6353962764600722e-07
1.0,2.5e-10,2.824718406593407e-07,1.635196754505874e-07
1.0,2.5e-10,2.8297046703296705e-07,1.634961256158246e-07
1.0,2.5e-10,2.834690934065934e-07,1.634689639550676e-07
1.0,2.5e-10,2.8396771978021984e-07,1.6343817222159597e-07
1.0,2.5e-10,2.844663461538462e-07,1.6340372677393843e-07
1.0,2.5e-10,2.849649725274726e-07,1.6336559705963364e-07
1.0,2.5e-10,2.8546359890109895e-07,1.6332374391490166e-07
1.0,2.5e-10,2.859622252747253e-07,1.632781176767239e-07
1.0,2.5e-10,2.864608516483517e-07,1.63228763907012e-07
1.0,2.5e-10,2.8695947802197805e-07,1.6317590037789572e-07
1.0,2.5e-10,2.874581043956044e-07,1.631194465217258e-07
1.0,2.5e-10,2.879567307692308e-07,1.6305936392236975e-07
1.0,2.5e-10,2.8845535714285716e-07,1.629955964428786e-07
1.0,2.5e-10,2.8895398351648353e-07,1.6292806726412046e-07
1.0,2.5e-10,2.8945260989010995e-07,1.6285667571569337e-07
1.0,2.5e-10,2.899512362637363e-07,1.6278129388198784e-07
1.0,2.5e-10,2.904498626373627e-07,1.6270207586325816e-07
1.0,2.5e-10,2.9094848901098905e-07,1.6261939926544538e-07
1.0,2.5e-10,2.914471153846154e-07,1.6253308757844496e-07
1.0,2.5e-10,2.919457417582418e-07,1.6244298074022572e-07
1.0,2.5e-10,2.9244436813186816e-07,1.6234887702973567e-07
1.0,2.5e-10,2.9294299450549453e-07,1.6225052842964322e-07
1.0,2.5e-10,2.934416208791209e-07,1.6214860083449721e-07
1.0,2.5e-10,2.9394024725274727e-07,1.6204311951367342e-07
1.0,2.5e-10,2.944388736263737e-07,1.6193380375074955e-07
1.0,2.5e-10,2.9493750000000006e-07,1.6182031413360254e-07
1.0,2.5e-10,2.954361263736264e-07,1.6170253289924337e-07
1.0,2.5e-10,2.959347527472528e-07,1.6158134661105143e-07
1.0,2.5e-10,2.9643337912087916e-07,1.614564134413741e-07
1.0,2.5e-10,2.9693200549450553e-07,1.6132725366522597e-07
1.0,2.5e-10,2.974306318681319e-07,1.6119366159916122e-07
1.0,2.5e-10,2.9792925824175827e-07,1.610566741914294e-07
1.0,2.5e-10,2.9842788461538464e-07,1.6091581499509454e-07
1.0,2.5e-10,2.98926510989011e-07,1.6077040379833534e-07
1.0,2.5e-10,2.994251373626374e-07,1.6062098231373275e-07
1.0,2.5e-10,2.999237637362638e-07,1.6046803167725108e-07
1.0,2.5e-10,3.0042239010989016e-07,1.6031068454798927e-07
1.0,2.5e-10,3.0092101648351653e-07,1.601488413085527e-07
1.0,2.5e-10,3.014196428571429e-07,1.5998358348768137e-07
1.0,2.5e-10,3.0191826923076927e-07,1.5981392934604915e-07
1.0,2.5e-10,3.0241689560439564e-07,1.5963967610978088e-07
1.0,2.5e-10,3.02915521978022e-07,1.5946197668261376e-07
1.0,2.5e-10,3.034141483516484e-07,1.592796370245283e-07
1.0,2.5e-10,3.0391277472527474e-07,1.5909296559756537e-07
1.0,2.5e-10,3.044114010989011e-07,1.589026223551154e-07
1.0,2.5e-10,3.0491002747252753e-07,1.5870723961273939e-07
1.0,2.5e-10,3.054086538461539e-07,1.585082019829372e-07
1.0,2.5e-10,3.0590728021978027e-07,1.583047435586564e-07
1.0,2.5e-10,3.0640590659340664e-07,1.58096554433593e-07
1.0,2.5e-10,3.06904532967033e-07,1.5788467891352105e-07
1.0,2.5e-10,3.074031593406594e-07,1.576676221841083e-07
1.0,2.5e-10,3.0790178571428575e-07,1.5744695250516881e-07
1.0,2.5e-10,3.084004120879121e-07,1.5722120490726027e-07
1.0,2.5e-10,3.088990384615385e-07,1.5699150516390105e-07
1.0,2.5e-10,3.0939766483516485e-07,1.5675704233709256e-07
1.0,2.5e-10,3.098962912087912e-07,1.565181850713976e-07
1.0,2.5e-10,3.1039491758241764e-07,1.5627483173404144e-07
1.0,2.5e-10,3.10893543956044e-07,1.560267951237631e-07
1.0,2.5e-10,3.113921703296704e-07,1.5577432992000923e-07
1.0,2.5e-10,3.1189079670329675e-07,1.555171215282561e-07
1.0,2.5e-10,3.123894230769231e-07,1.552553255190386e-07
1.0,2.5e-10,3.128880494505495e-07,1.5498894382530072e-07
1.0,2.5e-10,3.1338667582417585e-07,1.5471763045057839e-07
1.0,2.5e-10,3.138853021978022e-07,1.5444202663905943e-07
1.0,2.5e-10,3.143839285714286e-07,1.5416110378132016e-07
1.0,2.5e-10,3.1488255494505496e-07,1.5387609360405508e-07
1.0,2.5e-10,3.153811813186814e-07,1.5358557266600678e-07
1.0,2.5e-10,3.1587980769230775e-07,1.5329078401474724e-07
1.0,2.5e-10,3.163784340659341e-07,1.529907995298702e-07
1.0,2.5e-10,3.168770604395605e-07,1.5268580483354074e-07
1.0,2.5e-10,3.1737568681318686e-07,1.523764075125586e-07
1.0,2.5e-10,3.178743131868132e-07,1.5206142677087233e-07
1.0,2.5e-10,3.183729395604396e-07,1.5174179911108654e-07
1.0,2.5e-10,3.1887156593406596e-07,1.514172445143579e-07
1.0,2.5e-10,3.1937019230769233e-07,1.5108718430624512e-07
1.0,2.5e-10,3.198688186813187e-07,1.507524539965324e-07
1.0,2.5e-10,3.2036744505494507e-07,1.5041256771457608e-07
1.0,2.5e-10,3.208660714285715e-07,1.5006714974363887e-07
1.0,2.5e-10,3.2136469780219786e-07,1.4971681129357785e-07
1.0,2.5e-10,3.218633241758242e-07,1.4936146344618154e-07
1.0,2.5e-10,3.223619505494506e-07,1.4900042522908478e-07
1.0,2.5e-10,3.2286057692307696e-07,1.4863410913415353e-07
1.0,2.5e-10,3.2335920329670333e-07,1.482628326179578e-07
1.0,2.5e-10,3.238578296703297e-07,1.4788604265509703e-07
1.0,2.5e-10,3.2435645604395607e-07,1.4750359624208534e-07
1.0,2.5e-10,3.2485508241758244e-07,1.4711573943248855e-07
1.0,2.5e-10,3.253537087912088e-07,1.467226386647208e-07
1.0,2.5e-10,3.2585233516483523e-07,1.4632411168433193e-07
1.0,2.5e-10,3.263509615384616e-07,1.459197786640018e-07
1.0,2.5e-10,3.2684958791208797e-07,1.4550976977284585e-07
1.0,2.5e-10,3.2734821428571433e-07,1.4509416702483504e-07
1.0,2.5e-10,3.278468406593407e-07,1.4467300885386743e-07
1.0,2.5e-10,3.2834546703296707e-07,1.442462979007766e-07
1.0,2.5e-10,3.2884409340659344e-07,1.438137759275431e-07
1.0,2.5e-10,3.293427197802198e-07,1.4337535857056772e-07
1.0,2.5e-10,3.298413461538462e-07,1.4293107062437132e-07
1.0,2.5e-10,3.3033997252747255e-07,1.4248091117863492e-07
1.0,2.5e-10,3.308385989010989e-07,1.4202486290559877e-07
1.0,2.5e-10,3.3133722527472534e-07,1.4156289636760057e-07
1.0,2.5e-10,3.318358516483517e-07,1.4109497373679665e-07
1.0,2.5e-10,3.3233447802197807e-07,1.406210519473918e-07
1.0,2.5e-10,3.3283310439560444e-07,1.4014108529830235e-07
1.0,2.5e-10,3.333317307692308e-07,1.3965502752289674e-07
1.0,2.5e-10,3.338303571428572e-07,1.3916283334204058e-07
1.0,2.5e-10,3.3432898351648355e-07,1.3866445951686877e-07
1.0,2.5e-10,3.348276098901099e-07,1.381598654183124e-07
1.0,2.5e-10,3.353262362637363e-07,1.376490131312287e-07
1.0,2.5e-10,3.3582486263736265e-07,1.3713186711182914e-07
1.0,2.5e-10,3.363234890109891e-07,1.3660839341785824e-07
1.0,2.5e-10,3.3682211538461544e-07,1.3607855853147773e-07
1.0,2.5e-10,3.373207417582418e-07,1.3554232779497256e-07
1.0,2.5e-10,3.378193681318682e-07,1.3499966347913319e-07
1.0,2.5e-10,3.3831799450549455e-07,1.3445052250340643e-07
1.0,2.5e-10,3.388166208791209e-07,1.338948538256044e-07
1.0,2.5e-10,3.393152472527473e-07,1.3333259551706322e-07
1.0,2.5e-10,3.3981387362637366e-07,1.3276367153668847e-07
1.0,2.5e-10,3.403125e-07,1.3218793314847488e-07
1.0,2.5e-10,3.408111263736264e-07,1.3160560643400152e-07
1.0,2.5e-10,3.413097527472528e-07,1.310166626560031e-07
1.0,2.5e-10,3.418083791208792e-07,1.304210079611994e-07
1.0,2.5e-10,3.4230700549450555e-07,1.2981851798300836e-07
1.0,2.5e-10,3.428056318681319e-07,1.292089644185101e-07
1.0,2.5e-10,3.433042582417583e-07,1.2859253284672522e-07
1.0,2.5e-10,3.4380288461538466e-07,1.2796937083886857e-07
1.0,2.5e-10,3.44301510989011e-07,1.2733927668579953e-07
1.0,2.5e-10,3.448001373626374e-07,1.2670191504594524e-07
1.0,2.5e-10,3.4529876373626376e-07,1.260575290054555e-07
1.0,2.5e-10,3.4579739010989013e-07,1.2540628008216435e-07
1.0,2.5e-10,3.462960164835165e-07,1.2474781636934156e-07
1.0,2.5e-10,3.467946428571429e-07,1.24081881372643e-07
1.0,2.5e-10,3.472932692307693e-07,1.2340908725314754e-07
1.0,2.5e-10,3.4779189560439566e-07,1.227289039612758e-07
1.0,2.5e-10,3.4829052197802203e-07,1.22041235951454e-07
1.0,2.5e-10,3.487891483516484e-07,1.2134654622047585e-07
1.0,2.5e-10,3.4928777472527477e-07,1.2064409560849625e-07
1.0,2.5e-10,3.4978640109890113e-07,1.19934458817641e-07
1.0,2.5e-10,3.502850274725275e-07,1.1921727151421491e-07
1.0,2.5e-10,3.5078365384615387e-07,1.1849241938966146e-07
1.0,2.5e-10,3.5128228021978024e-07,1.1776024563753101e-07
1.0,2.5e-10,3.5178090659340666e-07,1.1702004220440627e-07
1.0,2.5e-10,3.5227953296703303e-07,1.1627254752250966e-07
1.0,2.5e-10,3.527781593406594e-07,1.155168993100353e-07
1.0,2.5e-10,3.5327678571428577e-07,1.1475384623838062e-07
1.0,2.5e-10,3.5377541208791214e-07,1.1398254979966538e-07
1.0,2.5e-10,3.542740384615385e-07,1.1320356536881192e-07
1.0,2.5e-10,3.5477266483516487e-07,1.124165327437713e-07
1.0,2.5e-10,3.5527129120879124e-07,1.1162134825030755e-07
1.0,2.5e-10,3.557699175824176e-07,1.108183272469692e-07
1.0,2.5e-10,3.56268543956044e-07,1.1000676153281058e-07
1.0,2.5e-10,3.5676717032967035e-07,1.0918715456102519e-07
1.0,2.5e-10,3.5726579670329677e-07,1.0835922516383264e-07
1.0,2.5e-10,3.5776442307692314e-07,1.0752265412157601e-07
1.0,2.5e-10,3.582630494505495e-07,1.0667776871587228e-07
1.0,2.5e-10,3.587616758241759e-07,1.0582434488510149e-07
1.0,2.5e-10,3.5926030219780224e-07,1.049619858521643e-07
1.0,2.5e-10,3.597589285714286e-07,1.0409090707654432e-07
1.0,2.5e-10,3.60257554945055e-07,1.0321110932349155e-07
1.0,2.5e-10,3.6075618131868135e-07,1.0232222607489496e-07
1.0,2.5e-10,3.612548076923077e-07,1.0142406957360544e-07
1.0,2.5e-10,3.617534340659341e-07,1.0051668636851166e-07
1.0,2.5e-10,3.622520604395605e-07,9.959998097528493e-08
1.0,2.5e-10,3.627506868131869e-07,9.867382383331162e-08
1.0,2.5e-10,3.6324931318681325e-07,9.773805841031244e-08
1.0,2.5e-10,3.637479395604396e-07,9.67923449233404e-08
1.0,2.5e-10,3.64246565934066e-07,9.583659326592433e-08
1.0,2.5e-10,3.6474519230769235e-07,9.487067388347754e-08
1.0,2.5e-10,3.652438186813187e-07,9.389440242130025e-08
1.0,2.5e-10,3.657424450549451e-07,9.29075787697952e-08
1.0,2.5e-10,3.6624107142857146e-07,9.190998845339114e-08
1.0,2.5e-10,3.667396978021978e-07,9.090140301693738e-08
1.0,2.5e-10,3.672383241758242e-07,8.988157939271324e-08
1.0,2.5e-10,3.677369505494506e-07,8.8850258221589e-08
1.0,2.5e-10,3.68235576923077e-07,8.780716109183279e-08
1.0,2.5e-10,3.6873420329670335e-07,8.675198664803027e-08
1.0,2.5e-10,3.692328296703297e-07,8.568421757805613e-08
1.0,2.5e-10,3.697314560439561e-07,8.460375511218449e-08
1.0,2.5e-10,3.7023008241758246e-07,8.351025629651264e-08
1.0,2.5e-10,3.7072870879120883e-07,8.240332787991014e-08
1.0,2.5e-10,3.712273351648352e-07,8.128252270093044e-08
1.0,2.5e-10,3.7172596153846156e-07,8.014703670718516e-08
1.0,2.5e-10,3.7222458791208793e-07,7.899678391184785e-08
1.0,2.5e-10,3.7272321428571435e-07,7.783130688938618e-08
1.0,2.5e-10,3.732218406593407e-07,7.66495925594529e-08
1.0,2.5e-10,3.737204670329671e-07,7.545133287689514e-08
1.0,2.5e-10,3.7421909340659346e-07,7.423600574668528e-08
1.0,2.5e-10,3.7471771978021983e-07,7.30022216711709e-08
1.0,2.5e-10,3.752163461538462e-07,7.175011038699229e-08
1.0,2.5e-10,3.7571497252747257e-07,7.047774296246123e-08
1.0,2.5e-10,3.7621359890109894e-07,6.918509400522547e-08
1.0,2.5e-10,3.767122252747253e-07,6.787057511285617e-08
1.0,2.5e-10,3.7721085164835167e-07,6.653307306516304e-08
1.0,2.5e-10,3.7770947802197804e-07,6.517164197946363e-08
1.0,2.5e-10,3.7820810439560446e-07,6.378462676241371e-08
1.0,2.5e-10,3.7870673076923083e-07,6.237015611905338e-08
1.0,2.5e-10,3.792053571428572e-07,6.092681174733777e-08
1.0,2.5e-10,3.7970398351648357e-07,5.945258562857389e-08
1.0,2.5e-10,3.8020260989010994e-07,5.794522423644357e-08
1.0,2.5e-10,3.807012362637363e-07,5.6402205738120644e-08
1.0,2.5e-10,3.811998626373627e-07,5.482069816008656e-08
1.0,2.5e-10,3.8169848901098904e-07,5.3197149679764746e-08
1.0,2.5e-10,3.821971153846154e-07,5.152758615990391e-08
1.0,2.5e-10,3.826957417582418e-07,4.9808340582245135e-08
1.0,2.5e-10,3.831943681318682e-07,4.8033019572230895e-08
1.0,2.5e-10,3.8369299450549457e-07,4.619652795022329e-08
1.0,2.5e-10,3.8419162087912094e-07,4.4290490752725595e-08
1.0,2.5e-10,3.846902472527473e-07,4.230575778490722e-08
1.0,2.5e-10,3.851888736263737e-07,4.023114613841952e-08
1.0,2.5e-10,3.8568750000000004e-07,3.805116858337436e-08
1.0,2.5e-10,3.861861263736264e-07,3.574871505980786e-08
1.0,2.5e-10,3.866847527472528e-07,3.329613495384319e-08
1.0,2.5e-10,3.8718337912087915e-07,3.065865866321753e-08
1.0,2.5e-10,3.876820054945055e-07,2.778442513804764e-08
1.0,2.5e-10,3.8818063186813194e-07,2.45888594312597e-08
1.0,2.5e-10,3.886792582417583e-07,2.0927534227101207e-08
1.0,2.5e-10,3.891778846153847e-07,1.649222009090171e-08
1.0,2.5e-10,3.8967651098901105e-07,1.0331910421769864e-08
