frame,time_s,phase,avalanche_id,event_number,q_over_b,active_contact,V_left_m3,V_center_m3,V_right_m3,R_left_m,R_center_m,R_right_m,V_center_over_source,centroid_left_m,centroid_center_m,centroid_right_m,outer_centroid_separation_m,GB_LEFT_m,GB_RIGHT_m,center_span_m,near_axis_low_m,near_axis_high_m,near_axis_extent_m,near_axis_extent_strain,center_max_radius_m,center_envelope_aspect_ratio,center_second_moment_aspect_ratio,surface_area_proxy_m2,LEFT_stress_Pa,RIGHT_stress_Pa,quota_strain,centroid_strain,mirror_error,left_outer_curvature_rms,left_outer_curvature_p95,left_outer_curvature_grad_max,left_outer_curvature_grad_z,left_outer_curvature_kappa_max,left_outer_curvature_kappa_z,center_curvature_rms,center_curvature_p95,center_curvature_grad_max,center_curvature_grad_z,center_curvature_kappa_max,center_curvature_kappa_z,right_outer_curvature_rms,right_outer_curvature_p95,right_outer_curvature_grad_max,right_outer_curvature_grad_z,right_outer_curvature_kappa_max,right_outer_curvature_kappa_z,LEFT_TJ_radius_m,LEFT_TJ_z_m,RIGHT_TJ_radius_m,RIGHT_TJ_z_m,morphology_departure_max_fraction
-1,305.76900020092603,POST_TRANSIENT_NEW_TRAJECTORY,0,0,0.0,,7.270539097300522e-21,1.9493371444489102e-21,7.270539070538172e-21,1.201782848604999e-07,7.749364989594144e-08,1.2017828471304393e-07,0.9999999999999938,-8.043480087643429e-08,1.2714897295190766e-15,8.043480129084713e-08,1.608696021672814e-07,-1.639999424029289e-08,1.639999424029289e-08,3.279998848058578e-08,-1.80799516812253e-07,1.8079951540866861e-07,3.615990322209216e-07,0.0,1.3772127903329215e-07,8.397641914710366,7.263612561076353,3.180476561511622e-13,18506938.035943095,18506922.67906852,0.0,0.0,4.528288709467156e-05,7367833.126741766,7939877.176602813,1932034071128007.0,-1.79157512837139e-07,8314292.973929325,-7.529088264861736e-08,7763854.713728312,7781189.781091232,31325295109213.0,-2.7333323733821485e-09,7781191.133377418,2.4848476121655894e-10,7367832.575944318,7939867.141104458,1932046078864777.0,1.79157512837139e-07,8314291.7870437205,7.529088264861736e-08,1.3686070706822664e-07,-1.639999424029289e-08,1.368607092318786e-07,1.639999424029289e-08,0.0
0,306.02964897696233,ACTIVE_ONE_B,1,1,0.36250000000000027,LEFT,7.270405865809162e-21,1.9494901244323332e-21,7.270519322046117e-21,1.201775507732605e-07,7.749567702384758e-08,1.2017817590212787e-07,1.0000784779502339,-8.04284271658854e-08,-2.599763244605696e-11,8.043518293467308e-08,1.6086361010055847e-07,-1.639999424029289e-08,1.639999424029289e-08,3.279998848058578e-08,-1.8079982541656557e-07,1.8079982400971113e-07,3.615996494262767e-07,-1.706877784890537e-06,1.3766547309969046e-07,8.394239112685925,7.259364696268077,3.1795652479250555e-13,15244274.050229907,19344950.121203095,0.0005633444652008463,3.724797377635536e-05,0.08148097176478847,7247253.394687396,8895959.213172669,1929387896874482.0,-1.79157512837139e-07,10001258.542885419,-5.292725413912706e-08,5466683.062162155,6120251.12171234,987782348959301.0,-2.7333323733821485e-09,6123405.722714058,1.2424238060827948e-09,7366107.154457755,7930739.898568934,1929399944849036.0,1.79157512837139e-07,8314423.341240121,7.529088264861736e-08,1.37431273325102e-07,-1.639999424029289e-08,1.367995279311469e-07,1.638834348715895e-08,0.00040520923123432695
1,306.03474366223844,ACTIVE_ONE_B,1,1,0.4000000000000003,LEFT,7.27039211162842e-21,1.9495105487363906e-21,7.2705126519228e-21,1.2017747498910084e-07,7.749594765696053e-08,1.2017813915081007e-07,1.00008895551391,-8.042776134967788e-08,-2.8599300991212014e-11,8.04352444337616e-08,1.6086300578343948e-07,-1.639999424029289e-08,1.639999424029289e-08,3.279998848058578e-08,-1.807998256390981e-07,1.807998242322412e-07,3.6159964987133925e-07,-1.7081086027825876e-06,1.3769173576618043e-07,8.39584049535138,7.2590048096969975,3.1795330189783067e-13,14587014.598666761,19313781.08611254,0.0006216214788423132,4.100453878863597e-05,0.08813852882421602,7234712.207321768,9081052.595884359,1929385987483029.0,-1.79157512837139e-07,10187131.823638609,-5.292725413912706e-08,4913103.064256175,5561348.288236743,934526620490139.0,-2.2363628509490305e-09,5576657.645333453,1.2424238060827948e-09,7364624.8980000075,7926775.157745054,1929398035475813.0,1.79157512837139e-07,8314424.098817398,7.529088264861736e-08,1.3747927935154193e-07,-1.639999424029289e-08,1.3679076745044733e-07,1.6387143620823398e-08,0.00029666702931685496
2,306.04906064186076,ACTIVE_ONE_B,1,1,0.5000000000000003,LEFT,7.2703557681606e-21,1.9495685815177965e-21,7.270490962609193e-21,1.2017727473976966e-07,7.749671661249295e-08,1.20178019645989e-07,1.0001187260344027,-8.042599850499955e-08,-3.5446570039900816e-11,8.043544398372769e-08,1.6086144248872723e-07,-1.639999424029289e-08,1.639999424029289e-08,3.279998848058578e-08,-1.8079982634598194e-07,1.8079982493911742e-07,3.615996512850994e-07,-1.7120183479768514e-06,1.377849639655691e-07,8.401525143652025,7.258115435320843,3.1794805366174344e-13,12956592.549919674,19228830.053943917,0.0007770268485528913,5.072231449732012e-05,0.1051070741906246,7211211.715928216,9417068.475773623,1929379922199711.0,-1.79157512837139e-07,10583716.419400163,-5.292725413912706e-08,3388731.9159526625,3961521.5478495536,719296510007715.8,-2.2363628509490305e-09,3969315.912845644,1.2424238060827948e-09,7360355.939701508,7911067.615098978,1929391970271208.0,1.79157512837139e-07,8314426.716272553,7.529088264861736e-08,1.3760288891575213e-07,-1.639999424029289e-08,1.3676667010885654e-07,1.6383949650232697e-08,0.0004624189720279226
3,306.0648396508301,ACTIVE_ONE_B,1,1,0.6024999999999984,LEFT,7.27031887945057e-21,1.9496336571589425e-21,7.270462775678039e-21,1.2017707148551915e-07,7.74975788703375e-08,1.2017786433992776e-07,1.0001521095059747,-8.042421373078718e-08,-4.2321294740805346e-11,8.043570261895781e-08,1.6085991634974497e-07,-1.639999424029289e-08,1.639999424029289e-08,3.279998848058578e-08,-1.8079982724041771e-07,1.8079982583354358e-07,3.615996530739613e-07,-1.7169654351611996e-06,1.3788683163903947e-07,8.407736589337786,7.257310765974633,3.1794713318417105e-13,11465288.737803508,19156449.40027865,0.0009363173525062309,6.020912220827679e-05,0.12137616118828548,7204665.915074481,9757375.65603564,1929372247626110.0,-1.79157512837139e-07,10848850.835106626,-5.292725413912706e-08,1879862.0841786298,2288890.519348322,461762802101571.25,-1.7393933285159125e-09,2292990.5774856047,1.7393933285159125e-09,7356351.6381233055,7911082.730786173,1929384295818190.0,1.79157512837139e-07,8314417.719123063,7.529088264861736e-08,1.377233921366578e-07,-1.639999424029289e-08,1.3674097874027982e-07,1.6380703300397053e-08,0.0012020844339333259
4,306.0813465249663,ACTIVE_ONE_B,1,1,0.7024999999999985,LEFT,7.27028316381194e-21,1.9497026596253052e-21,7.270429488850247e-21,1.2017687469415615e-07,7.749849313799548e-08,1.201776809336301e-07,1.000187507418829,-8.042249760512161e-08,-4.8878244109290235e-11,8.043600748211394e-08,1.6085850508723555e-07,-1.639999424029289e-08,1.639999424029289e-08,3.279998848058578e-08,-1.8079982828096667e-07,1.8079982687408105e-07,3.615996551550477e-07,-1.722720667451938e-06,1.3798484580928582e-07,8.413713065232242,7.256634496716326,3.179502787825982e-13,10090199.059727743,19118481.77830518,0.0010917227222168092,6.898183308967631e-05,0.13634464927923334,7214751.775768556,10109113.566831505,1929363319284951.0,-1.79157512837139e-07,11019673.848112399,-5.292725413912706e-08,538280.3188847236,734292.557285141,232177710180640.25,-7.454542836496768e-10,736270.277128945,1.7393933285159125e-09,7353324.510869706,7911120.9487908995,1929375367657695.0,1.79157512837139e-07,8314349.8866522005,7.529088264861736e-08,1.3783324723503829e-07,-1.639999424029289e-08,1.3671509452870617e-07,1.6377558489568226e-08,0.0019137694468400746
5,306.0990042021534,ACTIVE_ONE_B,1,1,0.8024999999999985,LEFT,7.270247728716685e-21,1.9497773335763612e-21,7.270390249994341e-21,1.2017667944793604e-07,7.749948252728756e-08,1.2017746473167597e-07,1.000225814774367,-8.042080962776345e-08,-5.527258141641101e-11,8.043636637897062e-08,1.6085717600673407e-07,-1.639999424029289e-08,1.639999424029289e-08,3.279998848058578e-08,-1.8079982950368657e-07,1.8079982809678655e-07,3.615996576004731e-07,-1.7294834770975598e-06,1.3808062060232225e-07,8.419552993687896,7.256071934582834,3.179567334171892e-13,8816721.901808213,19122484.13029593,0.0012471280919273875,7.724368295802808e-05,0.15037933990278124,7238496.652895288,10394074.2416648,1929352827794295.0,-1.79157512837139e-07,11124681.597135812,-5.292725413912706e-08,703602.0658830493,754650.1292523395,306069916877230.56,-2.7333323733821485e-09,769567.3953626452,2.7333323733821485e-09,7351416.047995992,7925547.516057177,1929364876396348.0,1.79157512837139e-07,8314182.837276131,7.529088264861736e-08,1.379362148903938e-07,-1.639999424029289e-08,1.3668839765853301e-07,1.6374439230809046e-08,0.0026091942476313967
6,306.117857419244,ACTIVE_ONE_B,1,1,0.9024999999999986,LEFT,7.270212607501452e-21,1.949857891125655e-21,7.270344813660167e-21,1.201764859305586e-07,7.750054984273549e-08,1.2017721438129886e-07,1.000267140385754,-8.041915245781256e-08,-6.149176935833454e-11,8.043678149853193e-08,1.608559339563445e-07,-1.639999424029289e-08,1.639999424029289e-08,3.279998848058578e-08,-1.8079983091691888e-07,1.80799829510002e-07,3.615996604269209e-07,-1.737300001858344e-06,1.3817166776691762e-07,8.425104652015413,7.255625884366773,3.1796587427522666e-13,7650857.578696817,19169287.893873103,0.0014025334616379658,8.49645349579875e-05,0.16353841140634506,7272520.1706281295,10496346.96373965,1929340701602420.0,-1.79157512837139e-07,11290101.077497264,-5.392119318399329e-08,1739513.670684656,2018150.5365306314,894784932505282.8,-2.7333323733821485e-09,2022873.5396616915,2.7333323733821485e-09,7350749.1460226355,7924836.122041355,1929352750424419.0,1.79157512837139e-07,8313908.246506586,7.529088264861736e-08,1.3803313310106152e-07,-1.6399994240292887e-08,1.3666088282958463e-07,1.6371338955274662e-08,0.003270291539454684
7,306.1374189027304,ACTIVE_ONE_B,1,1,1.0,LEFT,7.2701786474309e-21,1.9499425071064796e-21,7.270294157749766e-21,1.2017629881047853e-07,7.750167089711437e-08,1.2017693527026636e-07,1.0003105479517902,-8.04175693086033e-08,-6.737399601630682e-11,8.043724379133895e-08,1.6085481309994224e-07,-1.639999424029289e-08,1.639999424029289e-08,3.279998848058578e-08,-1.8079983248756575e-07,1.807998310806303e-07,3.6159966356819606e-07,-1.7459871797242954e-06,1.3825696657129995e-07,8.430305800450745,7.255304180844579,3.1797686553055145e-13,6621575.413108372,19252727.016386762,0.0015540536971057816,9.193201910107085e-05,0.17558594869063476,7312098.393780711,10668173.81845737,1929327224637212.0,-1.79157512837139e-07,11459601.792131186,-5.441816270642641e-08,2583795.2422684357,3061647.7025981294,1583780564308276.0,-2.7333323733821485e-09,3062192.0067049614,2.7333323733821485e-09,7351331.6634948505,7938357.138276082,1929339273681913.0,1.79157512837139e-07,8404661.468574723,3.006665610720363e-08,1.3812209558969613e-07,-1.6399994240292887e-08,1.3663325719419327e-07,1.6368335218498997e-08,0.0038896497459794954
8,306.1374238486241,CHILD_CROSSING,1,1,0.0,LEFT,7.270178659868941e-21,1.949942715105874e-21,7.27029393731233e-21,1.2017629887901228e-07,7.750167365280248e-08,1.2017693405566645e-07,1.0003106546544174,-8.041757020384264e-08,-6.73686086199924e-11,8.043724580231848e-08,1.6085481600616112e-07,-1.639999424029289e-08,1.639999424029289e-08,3.279998848058578e-08,-1.8079983249456772e-07,1.8079983108763215e-07,3.6159966358219984e-07,-1.7460259071899742e-06,1.3825676410560689e-07,8.430293454977319,7.2553079000889165,3.1797690982968333e-13,6617856.784185764,19251288.10992694,0.0015540536971057816,9.191395341989761e-05,0.17554835119124979,7311961.710720958,10668383.367618933,1929327164554652.0,-1.79157512837139e-07,11458426.91451696,-5.441816270642641e-08,2586394.0386771807,3065398.7158653582,1588650223099552.5,-2.7333323733821485e-09,3065581.7291039885,2.2363628509490305e-09,7351336.48422596,7938354.928586326,1929339213599608.0,1.79157512837139e-07,8405573.805677185,3.006665610720363e-08,1.3812168000129803e-07,-1.6399994240292887e-08,1.366331937073625e-07,1.6368335301182723e-08,0.003888179634065736
9,306.1591021712383,ACTIVE_ONE_B,1,2,0.10000000000000002,LEFT,7.27014399438785e-21,1.9500359922749797e-21,7.270235325624185e-21,1.2017610787151746e-07,7.75029094192681e-08,1.2017661110715064e-07,1.00035850536581,-8.041598134079531e-08,-7.321284741354334e-11,8.043778001531211e-08,1.6085376135610742e-07,-1.639999424029289e-08,1.639999424029289e-08,3.279998848058578e-08,-1.8079983430039503e-07,1.8079983289343892e-07,3.61599667193834e-07,-1.7560138600991593e-06,1.3833890065836947e-07,8.435301783124215,7.255087435430552,3.179897219780806e-13,5696164.2065538205,19371695.82675082,0.00170945906681636,9.846988468087403e-05,0.18720825599809282,7356132.768957005,10769225.742858646,1929311669496592.0,-1.79157512837139e-07,11620735.795194862,-5.441816270642641e-08,3300631.814646454,3999245.5026417747,2274383281180460.5,-2.7333323733821485e-09,4040699.55062925,2.7333323733821485e-09,7353216.472545191,7960691.837466007,1929323718761713.0,1.79157512837139e-07,8640937.827305108,3.006665610720363e-08,1.382081073461694e-07,-1.6399994240292884e-08,1.3660411465566344e-07,1.6365273826228437e-08,0.004484576598566381
10,306.1820527898699,ACTIVE_ONE_B,1,2,0.2000000000000001,LEFT,7.270109461706012e-21,1.95013658285044e-21,7.270169267730384e-21,1.2017591759514554e-07,7.750424203197243e-08,1.2017624712820077e-07,1.0004101078173133,-8.041443110054175e-08,-7.884876393554217e-11,8.04383811951368e-08,1.6085281229567855e-07,-1.639999424029289e-08,1.639999424029289e-08,3.279998848058578e-08,-1.807998363188001e-07,1.8079983491182105e-07,3.6159967123062116e-07,-1.7671775713878901e-06,1.3841610008541902e-07,8.440009066914588,7.254980575523404,3.1800392673266147e-13,4860048.033007408,19520096.73430855,0.0018648644365269382,0.0001043694481537294,0.19814960000756243,7401191.138707569,10736210.423892384,1929294350229324.0,-1.79157512837139e-07,11768244.194864059,-5.491513222885953e-08,3885826.113781357,4836257.5489910375,2306122645402191.5,-2.7333323733821485e-09,5071256.5050521055,2.7333323733821485e-09,7356404.958045364,7995356.897362925,1929306399731142.0,1.79157512837139e-07,8891196.080257693,3.006665610720363e-08,1.382883598525786e-07,-1.6399994240292884e-08,1.3657428781671517e-07,1.636223160788149e-08,0.005045124885595165
11,306.2063143375363,ACTIVE_ONE_B,1,2,0.30000000000000016,LEFT,7.270075000210468e-21,1.9502444006109657e-21,7.270095911465294e-21,1.2017572771041206e-07,7.750567033873578e-08,1.2017584293264642e-07,1.0004654177778467,-8.041291883914522e-08,-8.428102135552475e-11,8.043904767067691e-08,1.6085196650982214e-07,-1.639999424029289e-08,1.639999424029289e-08,3.279998848058578e-08,-1.807998385376737e-07,1.8079983713067172e-07,3.615996756683454e-07,-1.7794500717371875e-06,1.3848908902737014e-07,8.44445961371855,7.254975343684497,3.1801919392890086e-13,4090658.821420108,19691721.58249666,0.0020202698062375163,0.0001096270347021866,0.2084953135620759,7445582.893270702,10757097.817216363,1929275310596415.0,-1.79157512837139e-07,11900413.980742814,-5.5412101751292644e-08,4358418.6072651725,5544995.779385987,2903878948598470.5,-2.2363628509490305e-09,5931083.13154322,2.7333323733821485e-09,7360877.162848345,8001902.8373364145,1929287360370389.0,1.79157512837139e-07,9150062.587004112,3.006665610720363e-08,1.3836307778874794e-07,-1.6399994240292884e-08,1.3654393450398003e-07,1.635920769423206e-08,0.005575100663219867
12,306.2319400375582,ACTIVE_ONE_B,1,2,0.40000000000000024,LEFT,7.270040555425694e-21,1.9503594205897988e-21,7.270015336271267e-21,1.201755379171562e-07,7.75071939982508e-08,1.2017539895741083e-07,1.0005244224395906,-8.04114443308223e-08,-8.951209878977099e-11,8.043977840846682e-08,1.608512227392891e-07,-1.639999424029289e-08,1.639999424029289e-08,3.279998848058578e-08,-1.8079984094948251e-07,1.8079983954245623e-07,3.6159968049193875e-07,-1.792789690702179e-06,1.3855834558835522e-07,8.448682576237337,7.255062184810006,3.180351514757659e-13,3397954.0062075593,19880835.390144855,0.002175675175948095,0.00011425047208857286,0.21828526535234422,7488264.136312376,10905877.30678972,1929254615211390.0,-1.79157512837139e-07,12020531.448153185,-5.590907127372576e-08,4731618.549800342,6200523.928105819,2874875155663738.5,-2.2363628509490305e-09,6643505.515304932,2.7333323733821485e-09,7366587.378178094,8062682.517594325,1929266665304092.0,1.79157512837139e-07,9412907.886225276,3.006665610720363e-08,1.3843368721387845e-07,-1.6399994240292884e-08,1.3651324236706478e-07,1.6356201336166256e-08,0.006077975465655694
13,306.2590027387346,ACTIVE_ONE_B,1,2,0.5000000000000003,LEFT,7.270006087523264e-21,1.9504815118991698e-21,7.269927712864346e-21,1.2017534799592034e-07,7.750881126551779e-08,1.201749161422812e-07,1.0005870546577877,-8.041000720254234e-08,-9.454529942490196e-11,8.04405715848559e-08,1.6085057878739822e-07,-1.639999424029289e-08,1.639999424029289e-08,3.279998848058578e-08,-1.8079984354669245e-07,1.8079984213964004e-07,3.6159968568633246e-07,-1.8071547560616352e-06,1.386242605578479e-07,8.45270178310576,7.255232321258072,3.1805160107294924e-13,2768845.3824136276,20082856.957551673,0.0023310805456586733,0.00011825341535565137,0.22753142826926426,7528620.278499914,10825160.891295739,1929232328671927.0,-1.79157512837139e-07,12132091.069919003,-5.640604079615888e-08,5026202.108860986,6742603.755506851,3064803856054727.0,-1.7393933285159125e-09,7228363.740409244,2.7333323733821485e-09,7373468.265544417,8128820.037168783,1929244379097958.0,1.79157512837139e-07,9675828.526046302,3.006665610720363e-08,1.3850061133323657e-07,-1.6399994240292884e-08,1.364823910685618e-07,1.6353211817043553e-08,0.006556586831708566
14,306.28758340145276,ACTIVE_ONE_B,1,2,0.5999999999999992,LEFT,7.269971606670651e-21,1.9506107208894564e-21,7.269832984726686e-21,1.2017515800272715e-07,7.751052274275146e-08,1.2017439417489748e-07,1.0006533382099452,-8.040860858124307e-08,-9.93754646272664e-11,8.04414274428327e-08,1.6085003602407579e-07,-1.639999424029289e-08,1.639999424029289e-08,3.279998848058578e-08,-1.8079984633656942e-07,1.8079984492948808e-07,3.615996912660575e-07,-1.8225854527820218e-06,1.3868688201330794e-07,8.456520165877272,7.255481473314252,3.1806826984892387e-13,2209567.1563501833,20298475.069411434,0.0024864859153692492,0.00012162734874787695,0.23625177207339987,7565856.911479477,11010784.205091368,1963448192390536.8,-3.006665610720363e-08,12236977.696786884,-5.6903010318591994e-08,5238173.920154342,7151838.005044563,3491396825236014.5,-1.7393933285159125e-09,7687191.664197658,2.7333323733821485e-09,7381514.696532106,8196625.922276363,1929220439353916.0,1.79157512837139e-07,9937905.563608093,3.006665610720363e-08,1.3856412876770594e-07,-1.6399994240292884e-08,1.3645156782508362e-07,1.6350239310654102e-08,0.007011283853836314
15,306.3177682794772,ACTIVE_ONE_B,1,2,0.6999999999999971,LEFT,7.26993699690887e-21,1.950746563306264e-21,7.269731752071651e-21,1.201749672986265e-07,7.75123220035697e-08,1.2017383636155733e-07,1.0007230246760317,-8.04072465094589e-08,-1.0401752729439475e-10,8.044234037512281e-08,1.608495868845817e-07,-1.639999424029289e-08,1.639999424029289e-08,3.279998848058578e-08,-1.8079984930027976e-07,1.8079984789316504e-07,3.6159969719344477e-07,-1.838977607526715e-06,1.3874738367444962e-07,8.46020929285227,7.255796716730022,3.180851984270545e-13,1681029.9825519258,20517136.185352817,0.0026418912850798243,0.00012441929631290538,0.24449582100149347,7600193.027901338,11128238.731109433,2070541331542393.0,-3.006665610720363e-08,12346766.955549384,-5.789694936345823e-08,5393435.936621401,7465157.222419473,3307839677749222.0,-1.7393933285159125e-09,8052284.678653089,2.7333323733821485e-09,7390557.042218643,8240704.1065496355,1929195007648838.0,1.79157512837139e-07,10192323.918342164,3.006665610720363e-08,1.3862460132534522e-07,-1.6399994240292884e-08,1.364208496454477e-07,1.6347282981295387e-08,0.007450588960253635
16,306.34970326020346,ACTIVE_ONE_B,1,2,0.7999999999999949,LEFT,7.269902258590562e-21,1.9508884076309127e-21,7.269624646065317e-21,1.2017477588555477e-07,7.751420067175061e-08,1.2017324617917142e-07,1.0007957900901894,-8.04059188099487e-08,-1.0848374099393841e-10,8.044330452789905e-08,1.6084922333784775e-07,-1.639999424029289e-08,1.639999424029289e-08,3.279998848058578e-08,-1.8079985242114364e-07,1.8079985101398856e-07,3.615997034351322e-07,-1.8562389574316995e-06,1.3880462796948834e-07,8.463699799873186,7.256167541254413,3.1810216687352247e-13,1206055.0920621771,20738326.89139632,0.002797296654790399,0.00012667918089637187,0.25231960300483713,7631949.451496683,11234787.135866422,2165555726636329.5,-3.006665610720363e-08,12448796.388803534,-5.789694936345823e-08,5509866.569803457,7694853.336487785,3571859485735045.0,-1.2424238060827948e-09,8336767.742605267,2.7333323733821485e-09,7400451.545939584,8269843.245414537,1929168227114879.0,1.79157512837139e-07,10437902.847294236,3.006665610720363e-08,1.3868267230369633e-07,-1.639999424029289e-08,1.363904225159622e-07,1.6344341897678556e-08,0.00786624219438381
17,306.38348548220716,ACTIVE_ONE_B,1,2,0.8999999999999928,LEFT,7.26986736574345e-21,1.9510357085655186e-21,7.269512237977812e-21,1.2017458362039348e-07,7.751615151404437e-08,1.2017262677468328e-07,1.0008713547173886,-8.040462388542414e-08,-1.1278486425350348e-10,8.044431465541785e-08,1.60848938540842e-07,-1.639999424029289e-08,1.639999424029289e-08,3.279998848058578e-08,-1.8079985568733066e-07,1.807998542801196e-07,3.615997099674503e-07,-1.8743040448576664e-06,1.388596989538359e-07,8.467057787902977,7.25658605529491,3.1811910912020035e-13,778939.0802020002,20959952.4232243,0.002952702024500974,0.00012844954025548194,0.2597567100132736,7661393.973147127,11386385.918523835,2250543878468559.0,-3.006665610720363e-08,12527323.660910483,-5.789694936345823e-08,5593418.812266317,7852882.243601177,4011113325882385.0,-1.2424238060827948e-09,8552246.121113608,2.7333323733821485e-09,7411070.798027254,8267282.529248637,1929140199304385.0,1.79157512837139e-07,10672792.481528409,3.006665610720363e-08,1.387386801634279e-07,-1.639999424029289e-08,1.3636040587856338e-07,1.6341415089299633e-08,0.008266114928169754
18,306.4192622662633,ACTIVE_ONE_B,1,2,1.0,LEFT,7.269832328836214e-21,1.9511880704493494e-21,7.269394913001212e-21,1.201743905608189e-07,7.751816927985545e-08,1.2017198026975448e-07,1.0009495155856944,-8.040336092661924e-08,-1.1692625933582555e-10,8.04453672317169e-08,1.6084872815833614e-07,-1.639999424029289e-08,1.639999424029289e-08,3.279998848058578e-08,-1.8079985909321219e-07,1.8079985768590792e-07,3.615997167791201e-07,-1.8931416776446497e-06,1.3891279603724316e-07,8.470295416077066,7.257047622318095,3.181361319328628e-13,358263.8040445633,21180666.682265595,0.0031081073942115633,0.00012975732309961074,0.26682676597339033,7688648.526468797,11530059.136441724,2327936863151823.5,-3.006665610720363e-08,12574355.853746366,-5.789694936345823e-08,5641772.93261809,7947616.781741068,3778121141667533.5,-1.2424238060827948e-09,8706794.869016673,2.7333323733821485e-09,7422303.935366146,8273767.581774425,1929110972636111.0,1.79157512837139e-07,10896229.046962278,3.006665610720363e-08,1.3879167984267297e-07,-1.6399994240292887e-08,1.3633086583760687e-07,1.6338502076867223e-08,0.008651655084200627
19,306.4193603152915,CHILD_CROSSING,1,2,0.0,LEFT,7.269832451863085e-21,1.9511926247082645e-21,7.269390235715427e-21,1.2017439123871987e-07,7.751822959140685e-08,1.2017195449599922e-07,1.0009518518972595,-8.04033831013446e-08,-1.1680291725009622e-10,8.044540914843776e-08,1.6084879224978237e-07,-1.639999424029289e-08,1.639999424029289e-08,3.279998848058578e-08,-1.8079985923202553e-07,1.8079985782471626e-07,3.6159971705674177e-07,-1.8939094388326083e-06,1.3890890634129667e-07,8.470058239411667,7.257111806626614,3.1813601958432955e-13,361255.45202393644,21173929.232370824,0.0031081073942115633,0.00012935891690368795,0.26642345492238534,7684448.110114928,11535310.888744254,2346359922414316.0,-3.006665610720363e-08,12565065.969085908,-5.789694936345823e-08,5629720.7454715585,7905513.216030778,3755991071697023.0,-1.2424238060827948e-09,8668218.43677526,2.7333323733821485e-09,7422757.614557796,8273777.51469841,1929109781445857.0,1.79157512837139e-07,10904549.136777243,3.006665610720363e-08,1.3878622219927532e-07,-1.6399994240292887e-08,1.3633026397898454e-07,1.6338502991756436e-08,0.008623411838321937
20,306.45766688302365,ACTIVE_ONE_B,1,3,0.10000000000000006,LEFT,7.269797167865241e-21,1.951345107255459e-21,7.269273037166081e-21,1.2017419681700753e-07,7.752024884688793e-08,1.201713086805103e-07,1.0010300746652547,-8.040212910974284e-08,-1.2091297469412385e-10,8.04464589332055e-08,1.6084858804294836e-07,-1.639999424029289e-08,1.639999424029289e-08,3.279998848058578e-08,-1.807998626352945e-07,1.8079986122782066e-07,3.6159972386311515e-07,-1.9127324244472277e-06,1.389640340366927e-07,8.473419685433432,7.257548594981919,3.181531126190363e-13,-40452.13754349947,21399699.58670511,0.0032635127639221414,0.00013062831044519108,0.273546750565938,7713822.188917572,11676544.983719237,2398885699856620.0,-3.006665610720363e-08,12594184.909736745,-5.789694936345823e-08,5668934.374831713,7983913.235100049,3693037522366329.5,-7.454542836496768e-10,8805366.226046225,2.7333323733821485e-09,7434050.937617042,8284393.160511361,1929080577335917.0,1.79157512837139e-07,11107656.843947645,3.006665610720363e-08,1.3884243291917922e-07,-1.6399994240292884e-08,1.363018607488507e-07,1.633560196075242e-08,0.009023696353416266
21,306.4983835713068,ACTIVE_ONE_B,1,3,0.20000000000000015,LEFT,7.269761884845208e-21,1.9515064130163627e-21,7.269147014425202e-21,1.2017400240005407e-07,7.752238482959018e-08,1.201706142321047e-07,1.0011128236968232,-8.040092751081886e-08,-1.2475142986640084e-10,8.044758613002811e-08,1.6084851364084696e-07,-1.639999424029289e-08,1.639999424029289e-08,3.279998848058578e-08,-1.8079986630673037e-07,1.8079986489894205e-07,3.6159973120567245e-07,-1.933038223489447e-06,1.3901355262205482e-07,8.476439112430576,7.258084912485793,3.1817000977669636e-13,-416797.099071675,21614294.49965581,0.00341891813363272,0.0001310908098880459,0.2799363597868652,7737175.891807275,11739324.351123126,2730082985995175.5,-3.006665610720363e-08,12587559.470254019,-5.789694936345823e-08,5681161.235763704,7993642.646064226,4377589092603527.0,-7.454542836496768e-10,8852329.805131106,2.7333323733821485e-09,7446203.353231916,8290278.028800706,1929049072682382.0,1.79157512837139e-07,11307007.340197228,3.006665610720363e-08,1.3889132351967695e-07,-1.6399994240292884e-08,1.362734228415398e-07,1.6332714440731544e-08,0.00938325288461983
22,306.5417653173884,ACTIVE_ONE_B,1,3,0.3000000000000002,LEFT,7.269726517524961e-21,1.9516715575665204e-21,7.26901723719526e-21,1.2017380751795712e-07,7.752457152293483e-08,1.201698990861958e-07,1.0011975420076746,-8.039975504810721e-08,-1.2844750446044038e-10,8.044874530439166e-08,1.6084850035249887e-07,-1.639999424029289e-08,1.639999424029289e-08,3.279998848058578e-08,-1.8079987010302756e-07,1.807998686946671e-07,3.6159973879769467e-07,-1.9540339164514364e-06,1.390614859133379e-07,8.479361875120658,7.258653199684454,3.181867889940059e-13,-769025.9757242529,21821391.976883806,0.003574323503343298,0.00013117341311386088,0.2860158362392788,7758751.47278854,11661064.080891583,3376366914533588.0,-3.006665610720363e-08,12555190.490803713,-5.789694936345823e-08,5666342.618771086,8081575.146373357,4360717777336914.0,-7.454542836496768e-10,8849782.634016352,2.7333323733821485e-09,7458670.905415899,8295764.612939787,1929016498194567.0,1.79157512837139e-07,11494052.405086948,3.006665610720363e-08,1.3893850790585214e-07,-1.6399994240292884e-08,1.3624538464755367e-07,1.6329923015788555e-08,0.009731298528833587
23,306.58814953630684,ACTIVE_ONE_B,1,3,0.4000000000000003,LEFT,7.26969104639341e-21,1.951840237995404e-21,7.268884027897877e-21,1.201736120632011e-07,7.752680490781658e-08,1.2016916501880237e-07,1.001284074206255,-8.039861122550147e-08,-1.3200620902363883e-10,8.044993357952586e-08,1.6084854480502734e-07,-1.639999424029289e-08,1.639999424029289e-08,3.279998848058578e-08,-1.8079987402060987e-07,1.8079987261124538e-07,3.615997466318552e-07,-1.9756992413189067e-06,1.3910795631945443e-07,8.482195437464378,7.259250292364173,3.1820340970022026e-13,-1101577.7574066287,22025879.32333721,0.0037297288730538765,0.00013089708664903998,0.2918041989425101,7778695.564411536,11759295.623512872,4053599758862616.0,-3.006665610720363e-08,12508009.218711816,-5.7399979841025116e-08,5637329.573001859,8131847.371857589,4033479353571235.0,-7.454542836496768e-10,8800638.034306979,2.7333323733821485e-09,7471370.928975805,8298015.540198249,1928982885809981.0,1.79157512837139e-07,11669077.805578057,3.006665610720363e-08,1.3898410217567566e-07,-1.6399994240292884e-08,1.3621798039942348e-07,1.6327153549825286e-08,0.010068722102319905
24,306.6379458581193,ACTIVE_ONE_B,1,3,0.5000000000000004,LEFT,7.269655522086727e-21,1.9520120030871384e-21,7.268747787112772e-21,1.2017341631479966e-07,7.752907900243684e-08,1.2016841423671933e-07,1.0013721888211249,-8.039749495048111e-08,-1.3543352491764544e-10,8.045114739196631e-08,1.6084864234244744e-07,-1.639999424029289e-08,1.639999424029289e-08,3.279998848058578e-08,-1.8079987805356942e-07,1.8079987664251147e-07,3.615997546960809e-07,-1.998000810132794e-06,1.3915307688706302e-07,8.484946692553098,7.259872835370174,3.1821986691845083e-13,-1417206.7780519286,22225218.20598604,0.0038851342427644545,0.000130290773096009,0.2973517417858498,7797154.989362203,11657544.204013657,3782804360398059.0,-3.056362562963675e-08,12443873.277073184,-5.7399979841025116e-08,5607795.310348055,8123578.521340765,4118527181214523.5,-2.4848476121655894e-10,8708515.871768486,2.7333323733821485e-09,7484221.260622709,8426966.240354497,1928948288487428.0,1.79157512837139e-07,11832305.582174314,3.006665610720363e-08,1.3902823058791475e-07,-1.639999424029288e-08,1.361911621862181e-07,1.6324430401085624e-08,0.010396344441622185
25,306.6916825569954,ACTIVE_ONE_B,1,3,0.5999999999999983,LEFT,7.269619907363605e-21,1.9521866047852112e-21,7.268608800137738e-21,1.201732200675394e-07,7.753139051576023e-08,1.2016764831154064e-07,1.0014617586005599,-8.039640601872444e-08,-1.387338856425575e-10,8.045238421938903e-08,1.6084879023811347e-07,-1.639999424029289e-08,1.639999424029289e-08,3.279998848058578e-08,-1.8079988219961245e-07,1.8079988078580972e-07,3.615997629854222e-07,-2.020924934731383e-06,1.3919696661829216e-07,8.487622896616713,7.260518427107737,3.182361498162228e-13,-1718927.5890561752,22420713.220373645,0.00404053961247503,0.00012937142186986161,0.302637824608426,7813843.810128056,11533095.222628828,3886899389108952.5,-3.056362562963675e-08,12355271.644606391,-5.7399979841025116e-08,5576722.159549811,8092771.371393253,4791039922475744.0,-2.4848476121655894e-10,8576240.011999808,2.7333323733821485e-09,7497157.665931658,8556118.173893215,1928912728780170.0,1.79157512837139e-07,11984171.559826177,3.006665610720363e-08,1.3907101108907745e-07,-1.639999424029288e-08,1.3616500624517607e-07,1.6321734010980154e-08,0.010715029626200856
26,306.7500781449917,ACTIVE_ONE_B,1,3,0.6999999999999962,LEFT,7.269584187766298e-21,1.952363612629448e-21,7.268467511890747e-21,1.2017302324174874e-07,7.753373374283716e-08,1.20166869694575e-07,1.001552562720689,-8.039534299652935e-08,-1.4191658363237837e-10,8.045364014228257e-08,1.6084898313881192e-07,-1.639999424029289e-08,1.639999424029289e-08,3.279998848058578e-08,-1.8079988645119996e-07,1.807998850331265e-07,3.615997714843264e-07,-2.0444286044085658e-06,1.3923981286745023e-07,8.49023547370243,7.2611832171678845,3.1825226992196456e-13,-2009167.8228990342,22612943.67356037,0.004195944982185605,0.00012817230969541793,0.307688658708044,7828858.881186007,11401383.946505284,4018079108453130.0,-3.1060595152069866e-08,12307534.818118224,-6.187270554292317e-08,5529720.525873047,8042659.09773426,4763518959291338.0,-2.4848476121655894e-10,8407614.086110923,2.7333323733821485e-09,7510099.959921451,8684462.123456435,1928876275297831.0,1.79157512837139e-07,12124874.454805175,3.006665610720363e-08,1.391126503750154e-07,-1.6399994240292884e-08,1.3613956238044816e-07,1.631905152533001e-08,0.011026138043569889
27,306.8140252592532,ACTIVE_ONE_B,1,3,0.799999999999994,LEFT,7.269548384171087e-21,1.952542702465341e-21,7.268324225650025e-21,1.2017282595245716e-07,7.753610438715305e-08,1.2016608005667978e-07,1.0016444348919051,-8.039430526142728e-08,-1.4498609847523593e-10,8.045491251617783e-08,1.608492177776051e-07,-1.639999424029289e-08,1.639999424029289e-08,3.279998848058578e-08,-1.8079989080472252e-07,1.8079988938023208e-07,3.615997801849546e-07,-2.068490140727519e-06,1.3928108890496816e-07,8.492752306142318,7.261865047725593,3.1826820003885365e-13,-2285246.7258485043,22801295.343317203,0.004351350351896179,0.00012671374455897055,0.31251943288187745,7842296.002711736,11401298.93530046,3903237702787246.0,-3.1060595152069866e-08,12369619.021678137,-6.187270554292317e-08,5481543.8792189,7976310.106924699,5340495914429570.0,-2.7333323733821485e-09,8205289.319245028,2.7333323733821485e-09,7522990.9883925775,8811224.866962422,1928838964182741.0,1.79157512837139e-07,12254960.260093212,3.006665610720363e-08,1.3915323911673014e-07,-1.6399994240292884e-08,1.3611483492743872e-07,1.631638265021155e-08,0.01132584508817236
28,306.8845996261566,ACTIVE_ONE_B,1,3,0.8999999999999919,LEFT,7.269512453277656e-21,1.9527235877042443e-21,7.268179271304502e-21,1.2017262796106033e-07,7.75384986503993e-08,1.201652812154456e-07,1.0017372280956969,-8.039329203812086e-08,-1.4794948173350271e-10,8.045619847770517e-08,1.6084949051582604e-07,-1.639999424029289e-08,1.639999424029289e-08,3.279998848058578e-08,-1.8079989525567586e-07,1.8079989382185461e-07,3.6159978907753045e-07,-2.0930825068710135e-06,1.3932118264437503e-07,8.49519704720865,7.26256227170028,3.182839313432366e-13,-2542683.696917764,22984839.344765253,0.004506755721606754,0.00012501834519684785,0.31714123152058216,7854565.776574958,11462733.167772034,4074308722994242.5,-3.155756467450299e-08,12421067.269902272,-6.187270554292317e-08,5443340.627672033,7896428.843760355,6147163847749767.0,-2.7333323733821485e-09,7973422.677499981,2.7333323733821485e-09,7535777.379856075,8935756.684230298,1928800840491983.0,1.79157512837139e-07,12374891.298808198,3.006665610720363e-08,1.3919284501831324e-07,-1.639999424029288e-08,1.3609081637654889e-07,1.6313726107688832e-08,0.011616967416459456
29,306.9630367902512,ACTIVE_ONE_B,1,3,1.0,LEFT,7.269476439255203e-21,1.95290594984136e-21,7.26803292318982e-21,1.2017242951093977e-07,7.754091231274254e-08,1.201644746823954e-07,1.001830778940729,-8.039230239613026e-08,-1.5081122935183634e-10,8.045749566378772e-08,1.6084979805991797e-07,-1.639999424029289e-08,1.639999424029289e-08,3.279998848058578e-08,-1.8079989980056322e-07,1.8079989835356413e-07,3.6159979815412735e-07,-2.118183782373606e-06,1.3936035366614812e-07,8.49758552498487,7.263273170813643,3.182994563053216e-13,-2780392.4732544897,23164489.055822287,0.004662161091317345,0.0001231065850644253,0.32156780381283745,7865891.949856735,11525092.586581465,4102151946800765.5,-3.155756467450299e-08,12462632.482734188,-6.187270554292317e-08,5414569.384486947,7871035.926409127,5604366589275121.0,-2.7333323733821485e-09,7877993.682748504,1.2424238060827948e-09,7548416.312593177,9057532.748265158,1928761942032615.0,1.79157512837139e-07,12485271.721317424,3.006665610720363e-08,1.3923154496956209e-07,-1.6399994240292884e-08,1.360674903371836e-07,1.631108174681611e-08,0.011901389853195665
30,306.9630960213904,CHILD_CROSSING,1,3,0.0,LEFT,7.269476491120039e-21,1.9529085488908237e-21,7.268030272275522e-21,1.20172429796734e-07,7.754094671149366e-08,1.2016446007295126e-07,1.0018321122398306,-8.039231695676431e-08,-1.5073363469873094e-10,8.045751914182978e-08,1.608498360985941e-07,-1.639999424029289e-08,1.639999424029289e-08,3.279998848058578e-08,-1.807998998847327e-07,1.8079989843744943e-07,3.6159979832218213e-07,-2.1186485368307473e-06,1.3935826590308427e-07,8.497458222314318,7.263306277774613,3.1829925138865085e-13,-2777447.9700767826,23160689.331915237,0.004662161091317345,0.00012287012848333223,0.3213727068103419,7863515.713479787,11527119.24155243,4083270917876809.5,-3.155756467450299e-08,12463211.488988854,-6.187270554292317e-08,5411256.179484921,7878987.797703009,5592719266248169.0,-2.7333323733821485e-09,7880165.217561934,1.7393933285159125e-09,7548644.058285083,9059734.901776282,1928761221977339.0,1.79157512837139e-07,12486996.136499863,3.006665610720363e-08,1.3922862783828617e-07,-1.6399994240292884e-08,1.3606732189487021e-07,1.6311082849722676e-08,0.011886230517772045
31,307.05148007890693,ACTIVE_ONE_B,1,4,0.10000000000000006,LEFT,7.26944036906115e-21,1.95308955908121e-21,7.267885384144024e-21,1.2017223075063664e-07,7.75433423293722e-08,1.201636615750945e-07,1.001924969543095,-8.039133573771845e-08,-1.5357444740300036e-10,8.045880234259943e-08,1.6085013808031787e-07,-1.639999424029289e-08,1.639999424029289e-08,3.279998848058578e-08,-1.8079990443816072e-07,1.807999029730205e-07,3.6159980741118124e-07,-2.1437841104532396e-06,1.3939865239657283e-07,8.49992081424556,7.263996921259009,3.183148555378329e-13,-3013679.219813537,23339945.41143402,0.004817566461027924,0.00012099294522605053,0.32580976124728706,7876301.171717539,11592307.019121358,3958943718571604.5,-3.20545341969361e-08,12497758.219501354,-6.187270554292317e-08,5405793.337630479,7977095.436789094,5309090414772748.0,2.4848476121655894e-10,8042401.418349079,1.7393933285159125e-09,7560878.458284315,9176209.655323721,1928722288581922.0,1.79157512837139e-07,12586732.634029852,3.006665610720363e-08,1.3926888077567568e-07,-1.6399994240292884e-08,1.3604484428748893e-07,1.630844917380117e-08,0.012179478545760514
32,307.15142119442515,ACTIVE_ONE_B,1,4,0.20000000000000015,LEFT,7.26940428220661e-21,1.953274110678863e-21,7.267736919400913e-21,1.2017203189787007e-07,7.754578466437597e-08,1.2016284335504463e-07,1.0020196435702013,-8.039039071424638e-08,-1.562449678644142e-10,8.046011624002734e-08,1.6085050695427372e-07,-1.639999424029289e-08,1.639999424029289e-08,3.279998848058578e-08,-1.8079990916398591e-07,1.8079990767446463e-07,3.615998168384505e-07,-2.1698551684323775e-06,1.394361546139494e-07,8.502207535620402,7.264732218964503,3.183301516274756e-13,-3247547.8545750985,23511555.483414203,0.004972971830738502,0.00011869994548674434,0.32987935928651857,7886193.710113285,11662194.189292306,4463713118061170.0,-3.20545341969361e-08,12521341.594436204,-6.187270554292317e-08,5398706.928458461,8091910.87948351,6072008791706400.0,-2.2363628509490305e-09,8239255.4830496395,1.7393933285159125e-09,7573129.837209685,9291389.085839855,1928681929334448.0,1.79157512837139e-07,12679883.933121445,3.006665610720363e-08,1.393048930207095e-07,-1.6399994240292884e-08,1.3602285503510213e-07,1.630582767984602e-08,0.012451783723579135
33,307.2659607320703,ACTIVE_ONE_B,1,4,0.3000000000000002,LEFT,7.269368245433613e-21,1.953459298308166e-21,7.267587768544591e-21,1.2017183332041576e-07,7.754823526191969e-08,1.2016202134246184e-07,1.002114643878296,-8.038946596918665e-08,-1.588275776813542e-10,8.046143530459269e-08,1.6085090127377934e-07,-1.639999424029289e-08,1.639999424029289e-08,3.279998848058578e-08,-1.807999139745494e-07,1.807999124529624e-07,3.615998264275118e-07,-2.1963736609453832e-06,1.3947294898086796e-07,8.504451095366793,7.265477595532914,3.183453000155511e-13,-3470673.5819317857,23678932.577468496,0.00512837720044908,0.00011624877074478679,0.33379001915281387,7895197.793896619,11740661.44106565,3936095927449764.0,-3.20545341969361e-08,12533420.412687728,-6.187270554292317e-08,5383888.202301172,8157324.525244987,6138440364928748.0,-2.2363628509490305e-09,8323227.974417485,1.7393933285159125e-09,7585144.452116667,9402841.231646264,1928640906344348.0,1.79157512837139e-07,12765242.490942067,3.006665610720363e-08,1.3934013377337966e-07,-1.6399994240292884e-08,1.3600150364807722e-07,1.630321705113739e-08,0.012718949169447935
34,307.40019484204754,ACTIVE_ONE_B,1,4,0.4000000000000003,LEFT,7.26933226701269e-21,1.9536449122962093e-21,7.267438132977448e-21,1.201716350638507e-07,7.7550691346083e-08,1.201611966471989e-07,1.002209862906247,-8.038856061249197e-08,-1.6132713804501113e-10,8.046275782120947e-08,1.6085131843370144e-07,-1.639999424029289e-08,1.639999424029289e-08,3.279998848058578e-08,-1.8079991886667109e-07,1.8079991730373209e-07,3.6159983617040317e-07,-2.223317569827188e-06,1.3950912856025064e-07,8.506657168055147,7.2662316874839705,3.18360323770062e-13,-3685513.9024758376,23842213.63450497,0.005283782570159658,0.00011365561506782029,0.3375559663991734,7903901.353988015,11711380.111175628,4265805469551907.5,-3.255150371936922e-08,12534582.249514064,-6.187270554292317e-08,5359120.261482127,8206760.060001765,5553606909615700.0,-2.2363628509490305e-09,8368688.72577191,1.7393933285159125e-09,7596903.2744339425,9510375.201089134,1928598942378787.0,1.79157512837139e-07,12843422.293664448,3.006665610720363e-08,1.3937471114399748e-07,-1.6399994240292884e-08,1.3598076369861022e-07,1.630061714741562e-08,0.012981650617159168
35,307.5631454167129,ACTIVE_ONE_B,1,4,0.5000000000000003,LEFT,7.2692963248321e-21,1.9538307022001333e-21,7.267288285254073e-21,1.201714370063323e-07,7.75531496022199e-08,1.201603707713225e-07,1.0023051721781464,-8.038767344009179e-08,-1.637514272482534e-10,8.04640814388593e-08,1.6085175487895108e-07,-1.639999424029289e-08,1.639999424029289e-08,3.279998848058578e-08,-1.807999238338214e-07,1.8079992221854232e-07,3.615998460523637e-07,-2.250646073731488e-06,1.3954482043689256e-07,8.50883350276106,7.266992611157711,3.183752559810862e-13,-3897305.258111492,24001918.855347715,0.005439187939870236,0.00011094257765242865,0.3411926438402407,7912371.289783615,11773680.711488668,4506463498712328.0,-3.255150371936922e-08,12525452.649295513,-6.187270554292317e-08,5356475.172072063,8260304.996154393,5577634558026123.0,-1.7393933285159125e-09,8418070.208581366,1.7393933285159125e-09,7608434.732380443,9613806.608743463,1928555100615839.0,1.79157512837139e-07,12923825.233839575,3.006665610720363e-08,1.3940876557610106e-07,-1.6399994240292887e-08,1.3596060810597207e-07,1.6298027538998818e-08,0.013240810834755479
36,307.7731164827334,ACTIVE_ONE_B,1,4,0.5999999999999983,LEFT,7.269260386399256e-21,1.9540164165462408e-21,7.267138509340757e-21,1.201712389688129e-07,7.755560670288571e-08,1.2015954527987785e-07,1.0024004426892719,-8.038680327652094e-08,-1.6610887648468243e-10,8.046540370734561e-08,1.6085220698386654e-07,-1.639999424029289e-08,1.639999424029289e-08,3.279998848058578e-08,-1.80799928867963e-07,1.8079992718759213e-07,3.6159985605555516e-07,-2.278309841008408e-06,1.395801447099801e-07,8.510987422608224,7.267758271084043,3.183901232477054e-13,-4104192.5971448896,24158116.99422663,0.005594593309580812,0.00010813219639083105,0.344728180009341,7920562.222553953,11819720.298038332,3989764636924169.0,-3.255150371936922e-08,12506775.692976216,-6.187270554292317e-08,5380962.234604996,8312902.492200574,6418141150063854.0,-1.7393933285159125e-09,8472756.346498916,1.7393933285159125e-09,7619711.45869085,9712958.533242702,1928510771756583.0,1.79157512837139e-07,13005952.722137176,3.006665610720363e-08,1.394424263378849e-07,-1.639999424029289e-08,1.3594100562988962e-07,1.6295448094492982e-08,0.013497301867481104
37,308.07406418394675,ACTIVE_ONE_B,1,4,0.6999999999999962,LEFT,7.269224329607736e-21,1.954202085460146e-21,7.266988897218307e-21,1.2017104027842607e-07,7.755806304683534e-08,1.2015872067984442e-07,1.0024956898939097,-8.03859505809447e-08,-1.6840331916128615e-10,8.046672385522545e-08,1.6085267443617017e-07,-1.639999424029289e-08,1.639999424029289e-08,3.279998848058578e-08,-1.8079993396717065e-07,1.8079993220705683e-07,3.615998661742275e-07,-2.306292969711521e-06,1.3961516571347066e-07,8.513122850400297,7.268527822260978,3.184049541813304e-13,-4310007.763874568,24310698.23347338,0.005749998679291386,0.00010522641246868414,0.34832667874896744,7928868.53046775,11830441.165416056,4358692100434305.0,-3.304847324180234e-08,12478978.529385293,-6.187270554292317e-08,5349279.954693206,8298198.35880837,6386988211952120.0,-1.7393933285159125e-09,8532397.94995011,1.7393933285159125e-09,7630681.316602925,9807868.25379154,1928465989556304.0,1.79157512837139e-07,13080691.596050618,3.006665610720363e-08,1.3947576068443224e-07,-1.6399994240292894e-08,1.359219215436057e-07,1.6292879005439798e-08,0.013751590846906803
38,308.626312144848,ACTIVE_ONE_B,1,4,0.799999999999994,LEFT,7.269188069027375e-21,1.9543877107900752e-21,7.26683953246869e-21,1.201708404644014e-07,7.756051865865676e-08,1.201578974319377e-07,1.0025909147401901,-8.038511577435966e-08,-1.7063766559114365e-10,8.046804117575985e-08,1.608531569501195e-07,-1.639999424029289e-08,1.639999424029289e-08,3.279998848058578e-08,-1.8079993912990965e-07,1.8079993727343077e-07,3.615998764033404e-07,-2.334581521434842e-06,1.3964986254345572e-07,8.515238511508263,7.269301223545608,3.1841973507983045e-13,-4516569.936463088,24459774.777547956,0.005905404049001961,0.00010222700212059177,0.3518229007301006,7937295.648050682,11828226.833801826,4767933742494783.0,-3.304847324180234e-08,12442566.056449192,-6.187270554292317e-08,5306659.852895851,8435419.248824349,5817505878333506.0,-1.7393933285159125e-09,8597163.232761558,1.7393933285159125e-09,7641346.664608233,9898629.641612075,1928420784919066.0,1.79157512837139e-07,13148426.511168359,3.006665610720363e-08,1.3950873739932853e-07,-1.6399994240292894e-08,1.359033287614067e-07,1.6290320100027145e-08,0.014003525988873111
39,311.6089185499056,EVENT_TRANSPORT_PAUSED,1,4,0.8774999999999924,LEFT,7.269159776323123e-21,1.954531672370366e-21,7.266723863592585e-21,1.2017068455691775e-07,7.756242299944258e-08,1.2015725989652164e-07,1.0026647662956796,-8.038448234648805e-08,-1.7232525982608646e-10,8.046906088014872e-08,1.6085354322663677e-07,-1.639999424029289e-08,1.639999424029289e-08,3.279998848058578e-08,-1.8079994317882656e-07,1.807999412348346e-07,3.6159988441366115e-07,-2.3567340163843653e-06,1.3967647758480157e-07,8.516861380452964,7.26990400874481,3.1843115422204485e-13,-4675926.5122694485,24573129.739147473,0.006025843210527657,9.982582432188636e-05,0.3544563490772277,7943331.385194309,11807079.838351995,4396457270122649.0,-3.304847324180234e-08,12513976.74921413,-3.9012107510999754e-08,5284545.362789827,8549350.341249743,5385411669271249.0,-1.2424238060827948e-09,8649364.052850362,1.7393933285159125e-09,7649418.532726148,9966281.026311519,1928385436442084.0,1.79157512837139e-07,13196454.112919051,3.006665610720363e-08,1.39533986430579e-07,-1.6399994240292897e-08,1.358892432255092e-07,1.6288344492200993e-08,0.01419677892358795
40,311.73770308195213,ACTIVE_ONE_B,1,4,0.8799999999999923,LEFT,7.269159104306941e-21,1.9545480008014804e-21,7.266708207177652e-21,1.2017068085375492e-07,7.756263898795315e-08,1.201571736020968e-07,1.0026731426974533,-8.038453847276208e-08,-1.7198743351985091e-10,8.046919872852648e-08,1.6085373720128856e-07,-1.639999424029289e-08,1.639999424029289e-08,3.279998848058578e-08,-1.8079994374705144e-07,1.8079994178989457e-07,3.61599885536946e-07,-2.3598404541580464e-06,1.3966730805483464e-07,8.51630226257569,7.270071317372133,3.1842986568122365e-13,-4598019.414223034,24571053.311284438,0.00602972834477042,9.862003622296278e-05,0.3536117321089789,7933033.666472242,11786832.596097153,4250726806480037.0,-3.304847324180234e-08,12424392.892379915,-3.9012107510999754e-08,5266298.027100585,8574401.586774595,5549660765892490.0,-1.2424238060827948e-09,8624868.61476776,1.7393933285159125e-09,7650538.888491673,9975446.232724337,1928380483304502.0,1.79157512837139e-07,13204822.04332524,3.006665610720363e-08,1.3952237325323424e-07,-1.6399994240292897e-08,1.358886607961436e-07,1.6288281713692e-08,0.014130198580802222
41,312.7553356913859,EVENT_TRANSPORT_PAUSED,1,4,0.8849999999999922,LEFT,7.269157117368738e-21,1.954550099026025e-21,7.266708095891311e-21,1.2017066990467835e-07,7.756266674266925e-08,1.2015717298871257e-07,1.0026742190759292,-8.038445198701884e-08,-1.723323582955107e-10,8.046919971089146e-08,1.6085365169791028e-07,-1.639999424029289e-08,1.639999424029289e-08,3.279998848058578e-08,-1.8079994375064828e-07,1.8079994179340737e-07,3.615998855440557e-07,-2.359860115985768e-06,1.3967503266160382e-07,8.516773275348989,7.270019058687298,3.1843123229441396e-13,-4596362.779209613,24594790.350086063,0.006037498613255949,9.915154358708378e-05,0.3543822347456045,7939629.986114298,11803883.350177342,4350669851219518.0,-3.304847324180234e-08,12503671.78317469,-3.9012107510999754e-08,5240879.588887634,8557815.334411178,5432766113019766.0,-1.2424238060827948e-09,8628399.872437276,1.7393933285159125e-09,7650546.432241606,9975501.818166848,1928380451957466.0,1.79157512837139e-07,13204896.860969912,3.006665610720363e-08,1.3953255019836375e-07,-1.6399994240292897e-08,1.358881001580307e-07,1.62881521998195e-08,0.014186287275471665
42,314.4425942832249,ACTIVE_ONE_B,1,4,0.894999999999992,LEFT,7.269153748409847e-21,1.9545848394965033e-21,7.266676724379722e-21,1.2017065133993497e-07,7.756312627682175e-08,1.2015700007604843e-07,1.0026920407598678,-8.038447717040496e-08,-1.7200557817886003e-10,8.046947591631306e-08,1.6085395308671802e-07,-1.639999424029289e-08,1.639999424029289e-08,3.279998848058578e-08,-1.807999448907135e-07,1.8079994290638204e-07,3.6159988779709556e-07,-2.366090884553529e-06,1.396652270944223e-07,8.516175374701108,7.270297181493061,3.184304248955083e-13,-4539226.492096376,24599974.726094767,0.006053039150227007,9.72780460236633e-05,0.3534543163860794,7926167.620408861,11791079.169168077,4050805011781751.0,-3.304847324180234e-08,12385497.341306672,-3.9012107510999754e-08,5225566.53259243,8570923.975114204,5744817082807389.0,-1.2424238060827948e-09,8575617.97513061,2.2363628509490305e-09,7652980.32969543,9993816.416408442,1928370520051942.0,1.79157512837139e-07,13222332.732305162,3.006665610720363e-08,1.39518869974465e-07,-1.6399994240292897e-08,1.3588611882909063e-07,1.6287898915578788e-08,0.014115088639717221
43,317.83590533716415,EVENT_TRANSPORT_RECOVERY,1,4,0.8999999999999919,LEFT,7.269152052537924e-21,1.954602101553733e-21,7.266661158194417e-21,1.2017064199478256e-07,7.756335461093412e-08,1.2015691427857708e-07,1.002700896107071,-8.038448943042202e-08,-1.7184473886285221e-10,8.046961294197556e-08,1.6085410237239758e-07,-1.639999424029289e-08,1.639999424029289e-08,3.279998848058578e-08,-1.8079994546117518e-07,1.807999434629469e-07,3.615998889241221e-07,-2.3692076696057995e-06,1.3966048593091127e-07,8.515886279263537,7.270434133460885,3.1843005269316004e-13,-4515230.356756014,24601971.69146838,0.0060608094187125355,9.635005417474307e-05,0.35300109172771515,7919412.342078063,11788233.488448953,3979325834695361.5,-3.354544276423546e-08,12373403.16464022,-6.187270554292317e-08,5212592.105834327,8569624.25290974,5837334848969837.0,-1.2424238060827948e-09,8611935.495347008,2.2363628509490305e-09,7654184.380451165,10003455.386160132,1928365553326879.0,1.79157512837139e-07,13229495.181103865,3.006665610720363e-08,1.395122092995478e-07,-1.6399994240292894e-08,1.3588514201888064e-07,1.6287772234855922e-08,0.014080662852037129
44,321.1808986108509,EVENT_TRANSPORT_PAUSED,1,4,0.9149999999999916,LEFT,7.269146358322925e-21,1.9546233023828456e-21,7.266645651580303e-21,1.2017061061663163e-07,7.756363504336926e-08,1.201568288093275e-07,1.0027117720241348,-8.038432789181498e-08,-1.7237971648821138e-10,8.04697493803845e-08,1.6085407727219947e-07,-1.639999424029289e-08,1.639999424029289e-08,3.279998848058578e-08,-1.8079994603747117e-07,1.807999440249706e-07,3.6159989006244177e-07,-2.3723556861199313e-06,1.3967137566069133e-07,8.516550287410157,7.2704624742775,3.184321521238927e-13,-4454734.751124573,24659089.978363927,0.006084120224169122,9.650608239741842e-05,0.3541305980382733,7925961.783070161,11782067.30566709,4061522856176757.0,-3.354544276423546e-08,12432499.14209301,-3.9012107510999754e-08,5146389.696203527,8530504.586758217,5810715234628304.0,-1.2424238060827948e-09,8570991.1890893,2.2363628509490305e-09,7655406.774909781,10013191.359056361,1928360537833268.0,1.79157512837139e-07,13237635.306042317,3.006665610720363e-08,1.3952672969104204e-07,-1.6399994240292897e-08,1.358832213662755e-07,1.6287385553100046e-08,0.014159733638022365
45,322.4270677080015,ACTIVE_ONE_B,1,4,0.9299999999999913,LEFT,7.269141186913993e-21,1.9546743803532042e-21,7.266599745018875e-21,1.2017058211940577e-07,7.75643106652035e-08,1.2015657578114353e-07,1.0027379747620777,-8.038436240681901e-08,-1.7191449243762483e-10,8.04701533162889e-08,1.608545157231079e-07,-1.639999424029289e-08,1.639999424029289e-08,3.279998848058578e-08,-1.8079994775150285e-07,1.8079994569514752e-07,3.6159989344665036e-07,-2.381714695021131e-06,1.3965808703991298e-07,8.515740005370807,7.270859385156033,3.1843096250656594e-13,-4379717.696853129,24667457.477872875,0.006107431029625708,9.378057737674528e-05,0.3528535718300812,7906120.644213427,11761668.720396101,4294422756329608.5,-3.354544276423546e-08,12338593.492367562,-6.137573602049006e-08,5110294.614263886,8477596.773373473,6195955087325329.0,-1.2424238060827948e-09,8591153.029741533,2.2363628509490305e-09,7658958.664295838,10042942.08582543,1928345632860071.0,1.79157512837139e-07,13254681.668913856,3.006665610720363e-08,1.3950818344469525e-07,-1.6399994240292897e-08,1.358805253456964e-07,1.6287004179366853e-08,0.01406324440359441
46,323.9569904850637,EVENT_TRANSPORT_PAUSED,1,4,0.9424999999999912,LEFT,7.26913645346794e-21,1.9546943981797757e-21,7.266584460638356e-21,1.201705560355775e-07,7.756457544308405e-08,1.2015649153632577e-07,1.0027482438048796,-8.038424377006168e-08,-1.7228070359464153e-10,8.047028778154814e-08,1.608545315516098e-07,-1.639999424029289e-08,1.639999424029289e-08,3.279998848058578e-08,-1.8079994832761337e-07,1.807999462560396e-07,3.6159989458365297e-07,-2.3848590691155636e-06,1.3966541153832778e-07,8.516186621284659,7.270910416214712,3.1843254108177085e-13,-4353707.375069416,24705703.328444175,0.0061268567008395305,9.368218400873651e-05,0.35360111366695457,7909348.81920276,11754601.10003027,4359211348654100.0,-3.354544276423546e-08,12329618.950080704,-6.137573602049006e-08,5066821.1285522245,8448332.10773676,6193238542478542.0,-1.2424238060827948e-09,8565949.818374878,2.2363628509490305e-09,7660125.951152992,10053002.200326337,1928340627241843.0,1.79157512837139e-07,13259347.680864578,3.006665610720363e-08,1.3951748742817027e-07,-1.6399994240292897e-08,1.3587882787326583e-07,1.6286682915908297e-08,0.014116427894673045
47,327.3479364190776,ACTIVE_ONE_B,1,4,0.9649999999999908,LEFT,7.269128428498301e-21,1.9547623552141907e-21,7.26652452857358e-21,1.201705118136618e-07,7.756547430438332e-08,1.2015616120018362e-07,1.0027831054164835,-8.038424293383815e-08,-1.7186112311559078e-10,8.047081487644895e-08,1.608550578102871e-07,-1.639999424029289e-08,1.639999424029289e-08,3.279998848058578e-08,-1.8079995061986264e-07,1.8079994848530745e-07,3.6159989910517006e-07,-2.3973632981011406e-06,1.396535560647314e-07,8.51546372629929,7.271391153225416,3.184315997257129e-13,-4240435.860408211,24731242.161570612,0.00616182290902441,9.041084703664826e-05,0.35240712206469327,7887315.587514562,11724894.656263582,4667069155268587.0,-3.354544276423546e-08,12291054.288751595,-6.137573602049006e-08,4990991.60811313,8295787.315337494,6604583898096482.0,-1.2424238060827948e-09,8411796.012922857,2.2363628509490305e-09,7664643.443300686,10092451.568330394,1928320731828854.0,1.79157512837139e-07,13275607.35754721,3.006665610720363e-08,1.3950003630374554e-07,-1.6399994240292894e-08,1.3587531485058765e-07,1.628610791813953e-08,0.014030344802215655
48,328.77984797139254,EVENT_TRANSPORT_PAUSED,1,4,0.9774999999999904,LEFT,7.269123652439715e-21,1.9547820844550897e-21,7.266509575391269e-21,1.2017048549498476e-07,7.756573525729413e-08,1.2015607878030464e-07,1.002793226416309,-8.038412353383034e-08,-1.7223412137332282e-10,8.047094637153501e-08,1.6085506990536533e-07,-1.639999424029289e-08,1.639999424029289e-08,3.279998848058578e-08,-1.807999511975399e-07,1.8079994904649126e-07,3.6159990024403116e-07,-2.4005128118620433e-06,1.3966070206384341e-07,8.515899458105492,7.2714367224991445,3.184331611836411e-13,-4217935.169133208,24768758.743713997,0.006181248580238231,9.033566143190619e-05,0.35318205646165124,7890675.281535137,11732317.309923748,4725353000987514.0,-3.354544276423546e-08,12281139.697741635,-6.137573602049006e-08,4951350.952257155,8267799.796419832,6594810200338790.0,-1.2424238060827948e-09,8387765.992689187,2.2363628509490305e-09,7665752.303261587,10102333.098694215,1928315723322092.0,1.79157512837139e-07,13278504.44351864,3.006665610720363e-08,1.395097604197168e-07,-1.6399994240292897e-08,1.3587368691292384e-07,1.6285786558263516e-08,0.01408223220234861
49,332.28374924277637,ACTIVE_ONE_B,1,4,0.9874999999999903,LEFT,7.269120095523023e-21,1.9548151751701765e-21,7.266480041592874e-21,1.2017046589443428e-07,7.756617293458193e-08,1.2015591599374818e-07,1.0028102017841571,-8.038414367368068e-08,-1.7194666800772034e-10,8.047120606922525e-08,1.6085534974290593e-07,-1.639999424029289e-08,1.639999424029289e-08,3.279998848058578e-08,-1.8079995234550243e-07,1.8079995016092372e-07,3.6159990250642615e-07,-2.4067694517349025e-06,1.3965371762121703e-07,8.515473577307972,7.271683397671176,3.184325409013481e-13,-4183848.6967273746,24770138.304571528,0.006196789117209289,8.85961311738459e-05,0.35241074869343014,7878414.083134618,11697654.438556205,4695183530145916.0,-3.354544276423546e-08,12261444.896491392,-6.137573602049006e-08,4933272.439601574,8199086.781204009,6795148585898874.0,-1.2424238060827948e-09,8316258.583340772,2.2363628509490305e-09,7667896.784495953,10121732.634306611,1928305776955935.0,1.79157512837139e-07,13283235.227711057,3.006665610720363e-08,1.3949872036006795e-07,-1.6399994240292894e-08,1.3587208743927003e-07,1.6285531533301503e-08,0.014031517870653376
50,333.27747902901444,ACTIVE_ONE_B,1,4,0.9974999999999905,LEFT,7.269116299698562e-21,1.9548336069347622e-21,7.266465405652747e-21,1.2017044497736466e-07,7.756641672181462e-08,1.2015583532213628e-07,1.0028196571852601,-8.038406680681855e-08,-1.7215228271449318e-10,8.047133471172358e-08,1.6085540151854213e-07,-1.639999424029289e-08,1.639999424029289e-08,3.279998848058578e-08,-1.807999529227604e-07,1.807999507209385e-07,3.615999036436989e-07,-2.4099145730094307e-06,1.3965738312141974e-07,8.51569708349639,7.27175117206153,3.1843332237746697e-13,-4137275.5197515683,24800891.5895919,0.006212329654180348,8.827428269875259e-05,0.35283158046863994,7878719.275880346,11694259.968851648,4673982906680898.0,-3.354544276423546e-08,12250045.1472752,-6.137573602049006e-08,4891079.211158823,8165296.387507615,6696902171688056.0,-1.2424238060827948e-09,8285930.225911914,2.2363628509490305e-09,7668966.785329344,10131231.818755396,1928300778708422.0,1.79157512837139e-07,13286312.656703562,3.006665610720363e-08,1.3950403766865477e-07,-1.6399994240292897e-08,1.3587087441413273e-07,1.6285274050631224e-08,0.01405813322180638
51,333.39960589146494,FACILITATED_WINDOW,1,4,0.0,LEFT,7.269115712120527e-21,1.9548629103780233e-21,7.266436689787523e-21,1.2017044173948754e-07,7.756680429985468e-08,1.2015567704328839e-07,1.0028346897020028,-8.038421434290755e-08,-1.7136150631120336e-10,8.04715870427623e-08,1.6085580138566986e-07,-1.639999424029289e-08,1.639999424029289e-08,3.279998848058578e-08,-1.8079995406849502e-07,1.8079995183168266e-07,3.615999059001777e-07,-2.4161548517476206e-06,1.396400728107038e-07,8.514641576374721,7.272065707341482,3.1843052373698804e-13,-4047189.7791291727,24780765.46219539,0.0062162147884231266,8.578862274577492e-05,0.3509858423313513,7857550.654827875,11527546.46734038,4334331274917617.0,-3.354544276423546e-08,12226067.850254428,-6.137573602049006e-08,4838304.077261283,7974003.8269275585,6544388396698047.0,-1.2424238060827948e-09,8183846.334843766,2.2363628509490305e-09,7671099.324068392,10149842.431620037,1928290864912886.0,1.79157512837139e-07,13292260.64591241,3.006665610720363e-08,1.3947963663124853e-07,-1.6399994240292894e-08,1.3587045116539034e-07,1.6285210449116606e-08,0.013932442327578176
52,333.4347291075557,ACTIVE_ONE_B,1,5,0.01,LEFT,7.269113216979224e-21,1.9550059858561155e-21,7.266296109450735e-21,1.2017042798988906e-07,7.756869661274802e-08,1.201549021731469e-07,1.0029080866915896,-8.038501815346106e-08,-1.6717937979410892e-10,8.047281865539559e-08,1.6085783680885665e-07,-1.639999424029289e-08,1.639999424029289e-08,3.279998848058578e-08,-1.807999603381981e-07,1.8079995789135086e-07,3.61599918229549e-07,-2.450251655572444e-06,1.3955436116736698e-07,8.509415254823569,7.273544587959035,3.184093003993089e-13,-2797833.270308925,24889569.538114503,0.006231755325394184,7.313599503100399e-05,0.3430577965307886,7752698.868374807,11366722.997532904,4369706854333685.5,-3.4042412286668574e-08,12159054.47312933,-6.5351492199955e-08,4306688.358125046,7193362.29967556,5419680472309472.0,-1.2424238060827948e-09,7305713.197791508,2.7333323733821485e-09,7683437.320745711,10259660.469143057,1928236775999180.0,1.79157512837139e-07,13305032.633577386,3.006665610720363e-08,1.3937949973947822e-07,-1.639999424029289e-08,1.3587515979626509e-07,1.6284912383924643e-08,0.013310086480039951
53,333.98314556883076,ACTIVE_ONE_B,1,5,0.10000000000000002,LEFT,7.269076942483684e-21,1.9550483411784255e-21,7.266290028623959e-21,1.201702280971477e-07,7.756925678552905e-08,1.2015486865577945e-07,1.0029298147556296,-8.038348858878336e-08,-1.732696780405376e-10,8.047287276292454e-08,1.6085636135170789e-07,-1.639999424029289e-08,1.639999424029289e-08,3.279998848058578e-08,-1.8079996050272469e-07,1.8079995804993247e-07,3.6159991855265716e-07,-2.451145209469985e-06,1.396861750375969e-07,8.51745268875791,7.2726455600225774,3.1843258642755566e-13,-3353142.47195004,25201144.67536351,0.006371620158133704,8.230775357920272e-05,0.35606909654438007,7858968.434564194,11601244.74649476,3778903927811029.5,-3.4042412286668574e-08,12312802.695490358,-4.000604655586599e-08,4231873.030111188,7009954.274700325,5721577567332451.0,-1.2424238060827948e-09,7251285.1334109185,2.2363628509490305e-09,7683935.309651971,10262501.007509548,1928235360395168.0,1.79157512837139e-07,13313651.981598692,3.006665610720363e-08,1.3955032115361708e-07,-1.6399994240292897e-08,1.358628244539401e-07,1.6282609357184806e-08,0.014267192536236761
54,334.3498039502327,EVENT_TRANSPORT_PAUSED,1,5,0.10750000000000003,LEFT,7.269073974914918e-21,1.955054383969048e-21,7.266286953402102e-21,1.2017021174415603e-07,7.756933670414873e-08,1.2015485170522517e-07,1.0029329146763588,-8.038337650089448e-08,-1.7369743718748164e-10,8.04729000986957e-08,1.6085627659959018e-07,-1.639999424029289e-08,1.639999424029289e-08,3.279998848058578e-08,-1.8079996060004832e-07,1.8079995814372882e-07,3.6159991874377717e-07,-2.451673750680783e-06,1.3969590640988593e-07,8.518046065325391,7.272603595393673,3.1843552305421507e-13,-3571819.8456363315,25184015.240100168,0.006383275560861998,8.283459094660106e-05,0.35684498869327963,7865221.538102269,11605174.429701045,3857813617448219.0,-3.354544276423546e-08,12322284.180525484,-4.000604655586599e-08,4264663.739577122,7050850.174272687,5771194948491351.0,-1.2424238060827948e-09,7324691.7823406905,2.2363628509490305e-09,7684161.923942546,10263579.775137147,1928234523104655.0,1.79157512837139e-07,13302696.927047526,3.006665610720363e-08,1.3955918699249333e-07,-1.6399994240292897e-08,1.3586120712408094e-07,1.628242225394525e-08,0.014337852439755716
55,334.3501934488119,EVENT_TRANSPORT_RECOVERY,1,5,0.10750000000000003,LEFT,7.269074295599934e-21,1.9550700636693056e-21,7.266270953016827e-21,1.2017021351131306e-07,7.756954407445809e-08,1.201547635113813e-07,1.0029409582825162,-8.038347782156229e-08,-1.7317901817411307e-10,8.047304178456092e-08,1.6085651960612322e-07,-1.639999424029289e-08,1.639999424029289e-08,3.279998848058578e-08,-1.807999611766733e-07,1.8079995869929239e-07,3.6159991987596567e-07,-2.4548048114247933e-06,1.3968154259656072e-07,8.517170222741866,7.272808665246911,3.184371724110291e-13,-3989410.8175243437,25032018.161867544,0.006383275560861998,8.132401014226964e-05,0.3551035607497913,7846488.828446202,11551426.933817973,3732184008296720.0,-3.354544276423546e-08,12136819.419557652,-6.5351492199955e-08,4355920.533772324,7263526.961093724,5780966614890509.0,-1.2424238060827948e-09,7529710.65489578,2.2363628509490305e-09,7683675.721502076,10280393.629073309,1928229563726886.0,1.79157512837139e-07,13236856.933672171,3.006665610720363e-08,1.3953254911004447e-07,-1.6399994240292897e-08,1.358591033428834e-07,1.628243636553847e-08,0.014233556187019714
56,334.3501934488119,EVENT_TRANSPORT_RECOVERY,1,5,0.10750000000000003,LEFT,7.269074295599934e-21,1.9550700636693056e-21,7.266270953016827e-21,1.2017021351131306e-07,7.756954407445809e-08,1.201547635113813e-07,1.0029409582825162,-8.038347782156229e-08,-1.7317901817411307e-10,8.047304178456092e-08,1.6085651960612322e-07,-1.639999424029289e-08,1.639999424029289e-08,3.279998848058578e-08,-1.807999611766733e-07,1.8079995869929239e-07,3.6159991987596567e-07,-2.4548048114247933e-06,1.3968154259656072e-07,8.517170222741866,7.272808665246911,3.184371724110291e-13,-3989410.8175243437,25032018.161867544,0.006383275560861998,8.132401014226964e-05,0.3551035607497913,7846488.828446202,11551426.933817973,3732184008296720.0,-3.354544276423546e-08,12136819.419557652,-6.5351492199955e-08,4355920.533772324,7263526.961093724,5780966614890509.0,-1.2424238060827948e-09,7529710.65489578,2.2363628509490305e-09,7683675.721502076,10280393.629073309,1928229563726886.0,1.79157512837139e-07,13236856.933672171,3.006665610720363e-08,1.3953254911004447e-07,-1.6399994240292897e-08,1.358591033428834e-07,1.628243636553847e-08,0.014233556187019714
57,336.1353293757053,ACTIVE_ONE_B,1,5,0.11750000000000003,LEFT,7.269071442117524e-21,1.9551432337891778e-21,7.266200636379365e-21,1.2017019778699835e-07,7.757051176390965e-08,1.2015437592577042e-07,1.0029784941803368,-8.038377909062734e-08,-1.7148052285939818e-10,8.047366028937387e-08,1.6085743938000121e-07,-1.639999424029289e-08,1.639999424029289e-08,3.279998848058578e-08,-1.8079996407098965e-07,1.8079996148364464e-07,3.615999255546343e-07,-2.4705091361543197e-06,1.3964067660414327e-07,8.51467839306079,7.273552216016055,3.184329060743588e-13,-3731081.8593782047,24949719.97646984,0.006398816097833056,7.560649815985254e-05,0.3508102658790996,7804000.80823749,11390081.80837356,4195345182418731.0,-3.4042412286668574e-08,12146445.781970214,-6.5351492199955e-08,4455013.899598162,7570502.589289158,5512288704086069.0,-1.2424238060827948e-09,7669880.530652771,2.2363628509490305e-09,7686662.493853031,10302097.276891133,1928204707576450.0,1.79157512837139e-07,13259565.885302698,3.006665610720363e-08,1.3947503556207078e-07,-1.6399994240292894e-08,1.358572927061969e-07,1.6282183966470997e-08,0.013936826497139343
58,340.5850336018559,EVENT_TRANSPORT_RECOVERY,1,5,0.13500000000000004,LEFT,7.269065009865155e-21,1.9551904534085584e-21,7.266159849012354e-21,1.2017016234160603e-07,7.757113623999064e-08,1.2015415110448053e-07,1.0030027176039324,-8.038375642952005e-08,-1.712886492124248e-10,8.04740186773683e-08,1.6085777510688836e-07,-1.639999424029289e-08,1.639999424029289e-08,3.279998848058578e-08,-1.807999658186422e-07,1.8079996316141764e-07,3.6159992898005985e-07,-2.47998213032119e-06,1.3963571920765122e-07,8.514376112680722,7.273851044188339,3.1843293673092687e-13,-3669571.2107322924,24966739.387368895,0.006426012037532407,7.351954771916969e-05,0.3503044748574225,7793110.655654401,11349621.914156334,4396873061947545.0,-3.4042412286668574e-08,12146173.28883188,-6.5351492199955e-08,4415465.38765986,7566531.333147714,5279128157341134.0,-1.2424238060827948e-09,7594569.080003762,2.2363628509490305e-09,7689295.154681664,10321924.557961531,1928189729193129.0,1.79157512837139e-07,13261372.137231128,3.006665610720363e-08,1.394667625645845e-07,-1.6399994240292894e-08,1.358552000754432e-07,1.6281735437607116e-08,0.013900830632688876
59,341.39770006689736,ACTIVE_ONE_B,1,5,0.14500000000000005,LEFT,7.269061179692945e-21,1.955207841522327e-21,7.266146291070794e-21,1.2017014123515485e-07,7.757136619401572e-08,1.201540763724806e-07,1.003011637617496,-8.038367688715852e-08,-1.7151367809360234e-10,8.047413780485056e-08,1.6085781469200907e-07,-1.639999424029289e-08,1.639999424029289e-08,3.279998848058578e-08,-1.807999664043346e-07,1.807999637230967e-07,3.615999301274313e-07,-2.483155179477947e-06,1.396401072921169e-07,8.514643678900649,7.27390555832333,3.184339011900232e-13,-3654661.220125244,24990871.65368131,0.006441552574503466,7.327347810626161e-05,0.35071493164177275,7794434.633697901,11345240.814759886,4438315222229929.0,-3.4042412286668574e-08,12145126.813990206,-6.5351492199955e-08,4399301.1221977975,7555159.218913495,5243521932915158.0,-1.2424238060827948e-09,7577016.339987517,2.2363628509490305e-09,7690155.815877837,10328832.464984693,1928184714652523.0,1.79157512837139e-07,13260914.352992933,3.006665610720363e-08,1.3947250050905985e-07,-1.6399994240292894e-08,1.3585404405836157e-07,1.628147900542028e-08,0.013932692698569227
60,342.70379833136377,EVENT_TRANSPORT_PAUSED,1,5,0.15500000000000005,LEFT,7.269057353124179e-21,1.9552252079489145e-21,7.266132751212974e-21,1.2017012014855334e-07,7.757159585987173e-08,1.201540017400663e-07,1.0030205465056465,-8.038359732516281e-08,-1.7173879162815687e-10,8.047425678179612e-08,1.6085785410695895e-07,-1.639999424029289e-08,1.639999424029289e-08,3.279998848058578e-08,-1.8079996699042598e-07,1.8079996428485737e-07,3.6159993127528335e-07,-2.4863295573496202e-06,1.396445118384825e-07,8.514912248895312,7.273960016708898,3.1843490625631704e-13,-3644703.4532466186,25013514.246373378,0.006457093111474524,7.302846631207505e-05,0.35117477113194073,7795634.656327221,11340636.052493935,4477627817028685.0,-3.4042412286668574e-08,12143857.151595654,-6.5351492199955e-08,4379320.937943563,7545567.2384805735,5176674679325582.0,-1.2424238060827948e-09,7561922.496725048,2.2363628509490305e-09,7690988.731914554,10335863.316523487,1928179699317715.0,1.79157512837139e-07,13259543.937353786,3.006665610720363e-08,1.3947816553509805e-07,-1.6399994240292894e-08,1.3585286666773088e-07,1.6281222833073566e-08,0.013964674294997259
61,343.30711749296205,EVENT_TRANSPORT_RECOVERY,1,5,0.16250000000000006,LEFT,7.269054777808016e-21,1.955254387587298e-21,7.266106146890752e-21,1.2017010595707135e-07,7.757198174889818e-08,1.2015385509536136e-07,1.0030355155111192,-8.038365209030324e-08,-1.7133350672043643e-10,8.04744904857414e-08,1.6085814257604462e-07,-1.639999424029289e-08,1.639999424029289e-08,3.279998848058578e-08,-1.807999681567238e-07,1.8079996540183734e-07,3.6159993355856114e-07,-2.4926439488037744e-06,1.396356797549929e-07,8.51437370702998,7.274195726377072,3.1843395997821333e-13,-3601007.8630166706,25005646.916552745,0.006468748514202816,7.123528051544703e-05,0.3502517526131614,7783455.031530857,11326561.178211646,4361353279820521.5,-3.4042412286668574e-08,12141124.790125009,-6.5351492199955e-08,4364582.48478674,7540815.692939339,5164281079876291.0,-7.454542836496768e-10,7589388.083397482,2.7333323733821485e-09,7692636.000089461,10349617.060476674,1928169726854227.0,1.79157512837139e-07,13257515.084915012,3.006665610720363e-08,1.3946497346233554e-07,-1.6399994240292894e-08,1.35852017476867e-07,1.6281030491781772e-08,0.013900544165277307
62,344.29583423922713,ACTIVE_ONE_B,1,5,0.17250000000000007,LEFT,7.269050959789513e-21,1.9552715999551178e-21,7.266092752541436e-21,1.2017008491757436e-07,7.757220937376597e-08,1.201537812647262e-07,1.0030443453679088,-8.038357205244311e-08,-1.7156115202971558e-10,8.047460817033853e-08,1.6085818022278164e-07,-1.639999424029289e-08,1.639999424029289e-08,3.279998848058578e-08,-1.8079996874402423e-07,1.8079996596384682e-07,3.615999347078711e-07,-2.4958223585613837e-06,1.3964019171117323e-07,8.51464882640589,7.274248236396213,3.184349537865977e-13,-3591744.05770458,25028132.768701278,0.006484289051173875,7.100126031234222e-05,0.3506697996057632,7784747.8753352435,11313044.3717446,4345503525748955.0,-3.4042412286668574e-08,12139290.240167396,-6.5351492199955e-08,4350548.720254966,7529886.17937364,5227040959801832.0,-7.454542836496768e-10,7583570.685336123,2.7333323733821485e-09,7693440.088038,10356582.258038167,1928164709101521.0,1.79157512837139e-07,13255391.5579202,3.006665610720363e-08,1.3947079701061057e-07,-1.6399994240292894e-08,1.3585086463553284e-07,1.628077431397197e-08,0.013933305668887952
63,358.3163885973727,EVENT_TRANSPORT_PAUSED,1,5,0.18250000000000008,LEFT,7.2690471466638e-21,1.955288789747196e-21,7.26607937587507e-21,1.201700639050321e-07,7.757243669874775e-08,1.2015370753147021e-07,1.003053163643458,-8.038349198409615e-08,-1.7178885752549925e-10,8.047472570433826e-08,1.608582176884344e-07,-1.639999424029289e-08,1.639999424029289e-08,3.279998848058578e-08,-1.80799969331735e-07,1.8079996652594125e-07,3.6159993585767627e-07,-2.4990021381121608e-06,1.396447100232016e-07,8.514924333333648,7.274300666716429,3.1843597198229417e-13,-3584766.109864491,25049798.130117126,0.0064998295881449316,7.076836576735968e-05,0.35113509585639874,7785983.316677912,11298915.40342989,4330630308547163.0,-3.4042412286668574e-08,12137344.948975451,-6.5351492199955e-08,4332664.812686528,7520866.683520837,5275468354327079.0,-7.454542836496768e-10,7579127.18037587,2.7333323733821485e-09,7694225.761571297,10363481.074159183,1928159690524125.0,1.79157512837139e-07,13253032.141879132,3.006665610720363e-08,1.3947658455670772e-07,-1.6399994240292894e-08,1.3584969980571458e-07,1.6280518333041778e-08,0.0139661133225788
64,359.35724561475405,EVENT_TRANSPORT_RECOVERY,1,5,0.19000000000000009,LEFT,7.269044609478427e-21,1.9553176126775363e-21,7.266053090130102e-21,1.201700499236598e-07,7.75728178622132e-08,1.201535626420758e-07,1.0030679496595263,-8.038354557441268e-08,-1.7138893707009667e-10,8.047495658776721e-08,1.608585021621799e-07,-1.639999424029289e-08,1.639999424029289e-08,3.279998848058578e-08,-1.8079997050128583e-07,1.8079996764359455e-07,3.615999381448804e-07,-2.5053273877695403e-06,1.39636093810014e-07,8.514398954296231,7.2745323567034115,3.1843507758550597e-13,-3544853.5746678356,25040652.250599086,0.006511484990873226,6.900001586418458e-05,0.3502344146320552,7774165.587643579,11273696.735637734,4171276982943126.0,-3.006665610720363e-08,12133546.596307632,-6.5351492199955e-08,4314569.125234725,7488552.686695459,5396419545102418.0,-7.454542836496768e-10,7577593.398092754,2.7333323733821485e-09,7695796.293587719,10376761.74273571,1928149711523151.0,1.79157512837139e-07,13249636.963667763,3.006665610720363e-08,1.394636608014069e-07,-1.6399994240292894e-08,1.3584888285063266e-07,1.6280325981935688e-08,0.013903550636201745
65,360.42803933467206,EVENT_TRANSPORT_PAUSED,1,5,0.2025000000000001,LEFT,7.269039787010922e-21,1.955335565437432e-21,7.266039959837715e-21,1.2017002334904007e-07,7.757305527324423e-08,1.2015349026659034e-07,1.0030771593336696,-8.038342166750057e-08,-1.717938867213522e-10,8.04750718914402e-08,1.6085849355894077e-07,-1.639999424029289e-08,1.639999424029289e-08,3.279998848058578e-08,-1.8079997109166318e-07,1.8079996820730668e-07,3.6159993929896986e-07,-2.5085190153983916e-06,1.3964423968396804e-07,8.514895654102016,7.2745547108059165,3.1843643341340553e-13,-3507590.1750751305,25081287.304629628,0.006530910662087047,6.905349544572559e-05,0.35107444581691893,7778498.0844484465,11253906.890929246,4143063538607907.0,-3.4042412286668574e-08,12131684.23209693,-6.5351492199955e-08,4287930.769329468,7478635.214673748,5453164667877419.0,-7.454542836496768e-10,7573572.914242187,2.7333323733821485e-09,7696582.678548664,10383396.946370782,1928144678301933.0,1.79157512837139e-07,13247952.357647838,3.006665610720363e-08,1.394752898576569e-07,-1.6399994240292894e-08,1.3584760363344864e-07,1.628000502224785e-08,0.013962698169620147
66,361.39032107973344,EVENT_TRANSPORT_RECOVERY,1,5,0.2100000000000001,LEFT,7.269037282441495e-21,1.9553641723529473e-21,7.266013857491623e-21,1.2017000954739134e-07,7.75734335740426e-08,1.2015334638758795e-07,1.0030918345352358,-8.038347440807233e-08,-1.7139732584093849e-10,8.04753011721751e-08,1.6085877558024743e-07,-1.639999424029289e-08,1.639999424029289e-08,3.279998848058578e-08,-1.80799972263712e-07,1.8079996932548223e-07,3.615999415891942e-07,-2.51485261748563e-06,1.3963589689053626e-07,8.514386947006786,7.274783881159214,3.184357076125121e-13,-3495930.902121123,25066524.597531356,0.00654256606481534,6.730039042923686e-05,0.3501862044424204,7766863.981387012,11254725.33651437,4265619434545821.0,-3.006665610720363e-08,12126628.1855169,-6.5351492199955e-08,4270504.665711369,7418149.018428593,5568215635385363.0,-7.454542836496768e-10,7507960.6964276405,2.7333323733821485e-09,7698115.693279499,10396569.561911942,1928134694238142.0,1.79157512837139e-07,13242485.825298727,3.006665610720363e-08,1.3946219922897647e-07,-1.6399994240292894e-08,1.3584672546552425e-07,1.627981322269321e-08,0.013902120795590944
67,361.98153648104966,ACTIVE_ONE_B,1,5,0.2175000000000001,LEFT,7.269034511287659e-21,1.95537988480737e-21,7.266000916191037e-21,1.2016999427670224e-07,7.757364135558904e-08,1.2015327505358804e-07,1.0030998949441123,-8.038343590362137e-08,-1.7145995076925127e-10,8.047541480839169e-08,1.6085885071201307e-07,-1.639999424029289e-08,1.639999424029289e-08,3.279998848058578e-08,-1.8079997285250818e-07,1.8079996988674227e-07,3.6159994273925045e-07,-2.518033091147842e-06,1.3963702117171888e-07,8.51445550076151,7.274857209363065,3.184360021100596e-13,-3462403.07407556,25082578.52646388,0.006554221467543634,6.68333552367173e-05,0.3503037700814001,7765538.600231619,11258170.145332946,4139813252329545.5,-3.006665610720363e-08,12124407.204178829,-6.5351492199955e-08,4257309.663349366,7396477.257154274,5648422176619546.0,-7.454542836496768e-10,7488181.353247474,2.7333323733821485e-09,7698867.434138275,10403038.832982063,1928129682709342.0,1.79157512837139e-07,13240198.278472824,3.006665610720363e-08,1.3946377158957604e-07,-1.6399994240292894e-08,1.3584599849129973e-07,1.6279620482498305e-08,0.013910284248548344
68,363.99821621327425,EVENT_TRANSPORT_PAUSED,1,5,0.23000000000000012,LEFT,7.269029709945943e-21,1.955397749308604e-21,7.265987853031519e-21,1.201699678184735e-07,7.757387759445703e-08,1.2015320304780122e-07,1.0031090593420129,-8.03833116930636e-08,-1.718657362323772e-10,8.047552954567113e-08,1.6085884123873473e-07,-1.639999424029289e-08,1.639999424029289e-08,3.279998848058578e-08,-1.8079997344458778e-07,1.8079997045081232e-07,3.615999438954001e-07,-2.521230416219211e-06,1.3964533723082842e-07,8.514962577714568,7.274878736265873,3.1843750013814217e-13,-3452638.0961778974,25117369.03229679,0.006573647138757457,6.68922431693586e-05,0.35112307970309914,7769765.113542763,11261328.991335932,4001746488202118.0,-3.006665610720363e-08,12121591.050418312,-6.5351492199955e-08,4232763.717157422,7389905.239395922,5672787882285454.0,-7.454542836496768e-10,7485956.839160064,2.7333323733821485e-09,7699626.339097103,10409464.978524428,1928124646021437.0,1.79157512837139e-07,13237362.870293615,3.006665610720363e-08,1.3947508454237395e-07,-1.6399994240292894e-08,1.3584463240873665e-07,1.6279300456496485e-08,0.013970667503539147
69,364.70319833427294,ACTIVE_ONE_B,1,5,0.2375000000000001,LEFT,7.269027257105915e-21,1.955425909407992e-21,7.26596214577216e-21,1.2016995430187168e-07,7.757424997864628e-08,1.2015306134588544e-07,1.0031235053291876,-8.038336296720818e-08,-1.7147563633762222e-10,8.047575530840125e-08,1.6085911827560944e-07,-1.639999424029289e-08,1.639999424029289e-08,3.279998848058578e-08,-1.807999746200455e-07,1.8079997156970762e-07,3.6159994618975314e-07,-2.5275754360620795e-06,1.3963710466497907e-07,8.514460591815748,7.275103284283411,3.1843668820289613e-13,-3419314.4089115886,25106625.087601744,0.006585302541485749,6.517012245188525e-05,0.35027533195079846,7758555.215772562,11267505.904365694,4234921583433119.5,-3.006665610720363e-08,12116231.101190066,-6.5351492199955e-08,4221065.018915037,7331837.716734592,5817346335133194.0,-7.454542836496768e-10,7423937.141525411,2.7333323733821485e-09,7701115.262779595,10422086.302947126,1928114654990398.0,1.79157512837139e-07,13231222.891671117,3.006665610720363e-08,1.3946262869117572e-07,-1.6399994240292894e-08,1.358438843596869e-07,1.6279107968614687e-08,0.01391089049662253
70,365.96856094422657,EVENT_TRANSPORT_PAUSED,1,5,0.2475000000000001,LEFT,7.269023492819683e-21,1.9554425866294018e-21,7.265949232836982e-21,1.2016993355841837e-07,7.757447051359615e-08,1.2015299016790146e-07,1.0031320606586018,-8.03832812330137e-08,-1.7171108218585e-10,8.047586871872723e-08,1.6085914995174092e-07,-1.639999424029289e-08,1.639999424029289e-08,3.279998848058578e-08,-1.8079997521199982e-07,1.8079997213269436e-07,3.615999473446942e-07,-2.530769418918055e-06,1.396419365500498e-07,8.514755219057681,7.275149689888679,3.1843765302788237e-13,-3411091.520596646,25129225.57941272,0.006600843078456808,6.497321681486756e-05,0.3507339297493157,7760013.736447671,11267787.61299989,4163726437952582.0,-3.006665610720363e-08,12113153.393976834,-6.5351492199955e-08,4204796.80041388,7319272.3860866185,5860658290138982.0,-7.454542836496768e-10,7413898.786803556,2.7333323733821485e-09,7701867.167198112,10428276.477107607,1928109627770399.0,1.79157512837139e-07,13228045.798441552,3.006665610720363e-08,1.39468959598824e-07,-1.6399994240292894e-08,1.3584280427631886e-07,1.6278852032444765e-08,0.01394597501736361
71,366.7953161235031,ACTIVE_ONE_B,1,5,0.2575000000000001,LEFT,7.26902005846177e-21,1.9554714641155323e-21,7.265923789708765e-21,1.2016991463305985e-07,7.757485237849712e-08,1.2015284992141725e-07,1.0031468746615118,-8.038328839680422e-08,-1.7149836600228656e-10,8.047609212430951e-08,1.6085938052111373e-07,-1.639999424029289e-08,1.639999424029289e-08,3.279998848058578e-08,-1.8079997639150236e-07,1.807999732535074e-07,3.6159994964500975e-07,-2.53713092801533e-06,1.3963746232342918e-07,8.514482400265488,7.275344048592245,3.1843734189455885e-13,-3373854.5851499354,25131978.153841607,0.006616383615427865,6.35399480698462e-05,0.35027176939679217,7751927.3101494275,11256578.212325687,4322950354303798.5,-3.006665610720363e-08,12107162.539007366,-6.5351492199955e-08,4187645.965435647,7264801.069960013,5982492812504980.0,-7.454542836496768e-10,7357760.398791064,2.7333323733821485e-09,7703344.422825617,10440461.695100898,1928099619204443.0,1.79157512837139e-07,13221776.02706195,3.006665610720363e-08,1.3946198612181979e-07,-1.6399994240292894e-08,1.358418487134676e-07,1.6278595298188638e-08,0.013913487469672914
72,368.7638736756693,EVENT_TRANSPORT_PAUSED,1,5,0.2675000000000001,LEFT,7.26901631511032e-21,1.9554880233068033e-21,7.265910973868942e-21,1.2016989400495603e-07,7.757507134925276e-08,1.2015277927838876e-07,1.0031553694420674,-8.03832063024595e-08,-1.7173509141615607e-10,8.047620468504307e-08,1.6085941098750256e-07,-1.639999424029289e-08,1.639999424029289e-08,3.279998848058578e-08,-1.807999769847839e-07,1.807999738167782e-07,3.615999508015621e-07,-2.5403293666403925e-06,1.396423478982298e-07,8.514780301272587,7.275389533538593,3.184383386064566e-13,-3370042.4330007816,25153296.858547702,0.0066319241523989225,6.335056245332371e-05,0.3507317384215697,7753367.796849319,11250659.658843402,4254009317463802.5,-3.006665610720363e-08,12103807.658455078,-6.5351492199955e-08,4172803.639991157,7254549.807834093,6024544536869586.0,-7.454542836496768e-10,7349778.250385097,2.7333323733821485e-09,7704059.988681145,10446594.745617397,1928094589239977.0,1.79157512837139e-07,13217618.705455666,3.006665610720363e-08,1.3946830546267574e-07,-1.6399994240292894e-08,1.358407640414959e-07,1.627833959230131e-08,0.013948961833801121
73,369.9403410307078,EVENT_TRANSPORT_RECOVERY,1,5,0.27500000000000013,LEFT,7.269013947316087e-21,1.9555156017861042e-21,7.265885763183876e-21,1.2016988095699094e-07,7.757543603101279e-08,1.2015264031268107e-07,1.0031695170611077,-8.03832554716915e-08,-1.7135336471991936e-10,8.047642604713418e-08,1.6085968151882566e-07,-1.639999424029289e-08,1.639999424029289e-08,3.279998848058578e-08,-1.8079997816551617e-07,1.807999749368026e-07,3.6159995310231877e-07,-2.5466920956507266e-06,1.3963443060235556e-07,8.51429753915949,7.275607987814045,3.1843756854065405e-13,-3337822.677380833,25142719.48442804,0.006643579555127216,6.16688816417188e-05,0.34992337477395147,7742623.27227894,11239240.823639717,4580361274095596.0,-3.006665610720363e-08,12097309.684817882,-6.5351492199955e-08,4160056.188240419,7197692.449340839,6137401239090560.0,-7.454542836496768e-10,7288797.5809092745,2.7333323733821485e-09,7705478.5828110725,10458356.756574418,1928084587301469.0,1.79157512837139e-07,13210599.988687178,3.006665610720363e-08,1.3945634433814715e-07,-1.6399994240292894e-08,1.3584008115221874e-07,1.6278146943486642e-08,0.01389147401543478
74,370.6013949768036,ACTIVE_ONE_B,1,5,0.28250000000000014,LEFT,7.269009199030432e-21,1.9555329546603686e-21,7.265873158595266e-21,1.2016985479108316e-07,7.757566549356551e-08,1.2015257083386244e-07,1.0031784189969857,-8.038312972189743e-08,-1.7176618053504713e-10,8.047653669921957e-08,1.60859666421117e-07,-1.639999424029289e-08,1.639999424029289e-08,3.279998848058578e-08,-1.8079997876158578e-07,1.807999755017268e-07,3.615999542633126e-07,-2.5499028173392446e-06,1.3964289204807072e-07,8.51481348115259,7.275624223590996,3.1843889538954e-13,-3306337.7540734205,25158515.733220465,0.006655234957855509,6.123410213865199e-05,0.3507636742714751,7747046.807846398,11233661.541154293,4287127869779271.0,-3.006665610720363e-08,12094149.856559426,-6.5351492199955e-08,4139375.878300887,7190927.191182119,6188909840369604.0,-7.454542836496768e-10,7287777.650764923,2.7333323733821485e-09,7706186.245157417,10464188.190028308,1928079542361998.0,1.79157512837139e-07,13207186.847239906,3.006665610720363e-08,1.3945827214182395e-07,-1.6399994240292894e-08,1.3583940775354414e-07,1.6277954300879887e-08,0.013952912928684391
75,371.8344947750644,EVENT_TRANSPORT_RECOVERY,1,5,0.29250000000000015,LEFT,7.269007894330566e-21,1.9555591679763253e-21,7.265848249979174e-21,1.2016984760140075e-07,7.757601211797108e-08,1.2015243353273728e-07,1.0031918662942023,-8.038322058718762e-08,-1.7121723759161144e-10,8.047675538349086e-08,1.6085997597067846e-07,-1.639999424029289e-08,1.639999424029289e-08,3.279998848058578e-08,-1.807999799435898e-07,1.8079997662097624e-07,3.61599956564566e-07,-2.5562669201395494e-06,1.3963160934871997e-07,8.514125511438367,7.275865497433651,3.1843762130857176e-13,-3273106.443479982,25160447.390390348,0.006670775494826569,5.9838505679810083e-05,0.3496181491144229,7733811.913287583,11222046.803070035,4676846989323208.0,-3.006665610720363e-08,12087084.17094783,-6.5351492199955e-08,4125701.2615391803,7081594.607399502,6318901899854412.0,-7.454542836496768e-10,7216479.601664282,2.7333323733821485e-09,7707576.178147616,10475610.563447753,1928069546925528.0,1.79157512837139e-07,13199526.625852577,3.006665610720363e-08,1.3945166566998257e-07,-1.6399994240292894e-08,1.3583849852307094e-07,1.6277697603459185e-08,0.013870988774116855
76,373.04183392849893,EVENT_TRANSPORT_PAUSED,1,5,0.30500000000000016,LEFT,7.269003166369339e-21,1.9555764715483343e-21,7.265835674368392e-21,1.2016982154747833e-07,7.757624092518807e-08,1.201523642134113e-07,1.003200742938275,-8.038309462814773e-08,-1.7163030165220867e-10,8.047686580750572e-08,1.6085996043565344e-07,-1.639999424029289e-08,1.639999424029289e-08,3.279998848058578e-08,-1.807999805410376e-07,1.807999771862002e-07,3.6159995772723783e-07,-2.5594822823382657e-06,1.3964020423459546e-07,8.514649590029466,7.275881462483922,3.1843907315107445e-13,-3265412.680133138,25194913.188690282,0.00669020116604039,5.9935074732342386e-05,0.3504474621314192,7738210.245428162,11215914.837061413,4437968563755613.5,-3.006665610720363e-08,12083138.600834778,-6.5351492199955e-08,4112897.835210949,7079769.681404039,6367447944361358.0,-7.454542836496768e-10,7215971.92498672,2.7333323733821485e-09,7708270.704208153,10481307.126217702,1928064499096592.0,1.79157512837139e-07,13195213.60605998,3.006665610720363e-08,1.3946337203873827e-07,-1.6399994240292894e-08,1.3583720242582582e-07,1.6277377971988424e-08,0.013933396601983672
77,378.8043308510277,ACTIVE_ONE_B,1,5,0.3225000000000002,LEFT,7.268997198806888e-21,1.95561960598954e-21,7.265798507489639e-21,1.201697886625882e-07,7.757681129122414e-08,1.2015215934154396e-07,1.0032228706863295,-8.038305820625513e-08,-1.7149933679008751e-10,8.047719212641915e-08,1.608602503326743e-07,-1.639999424029289e-08,1.639999424029289e-08,3.279998848058578e-08,-1.8079998232464554e-07,1.8079997887158243e-07,3.6159996119622797e-07,-2.56907575413301e-06,1.3963769599516996e-07,8.514496648547368,7.2761353314514965,3.184393243206297e-13,-3232938.86408637,25205465.468424056,0.006717397105739742,5.813301258394965e-05,0.350141273244661,7729582.989809377,11197829.510303909,4621423200700100.0,-3.006665610720363e-08,12071308.128617093,-6.5351492199955e-08,4071339.774211309,6948559.893459578,6318196036354731.0,-7.454542836496768e-10,7148453.610611537,2.7333323733821485e-09,7710273.3223419,10498019.980207462,1928049447077376.0,1.79157512837139e-07,13181563.074876389,3.006665610720363e-08,1.394584911009074e-07,-1.6399994240292894e-08,1.3583554943282103e-07,1.6276929602673307e-08,0.013915184170011585
78,380.03605369405307,EVENT_TRANSPORT_PAUSED,1,5,0.3300000000000002,LEFT,7.268994541585031e-21,1.9556345517008878e-21,7.265786219000149e-21,1.2016977401967763e-07,7.757700891617321e-08,1.2015209160458071e-07,1.0032305377599244,-8.038301713684656e-08,-1.7157207072947257e-10,8.047729999620436e-08,1.6086031713305091e-07,-1.639999424029289e-08,1.639999424029289e-08,3.279998848058578e-08,-1.8079998292108093e-07,1.807999794344915e-07,3.615999623555724e-07,-2.572281914359209e-06,1.3963919967638392e-07,8.51458833645847,7.276201247396004,3.1843965834158536e-13,-3205280.8106219433,25220159.71907092,0.006729052508468035,5.771776709473375e-05,0.35028714554019263,7728585.389734604,11192050.888774404,4561107755654980.0,-3.006665610720363e-08,12067550.906610064,-6.5351492199955e-08,4053605.681464414,6915653.4873639485,6291257764071676.0,-7.454542836496768e-10,7132909.251070497,2.7333323733821485e-09,7710919.116673304,10503401.518181149,1928044419636737.0,1.79157512837139e-07,13177300.925995762,3.006665610720363e-08,1.3946054769463174e-07,-1.6399994240292894e-08,1.3583488822968584e-07,1.6276737222181295e-08,0.013926102462555212
79,380.9792264334313,ACTIVE_ONE_B,1,5,0.3400000000000002,LEFT,7.268991287734e-21,1.9556622121925213e-21,7.265761812359543e-21,1.2016975608897211e-07,7.757737466414105e-08,1.2015195706937177e-07,1.0032447274508727,-8.038302002320454e-08,-1.7137628412744287e-10,8.047751423506703e-08,1.6086053425827157e-07,-1.639999424029289e-08,1.639999424029289e-08,3.279998848058578e-08,-1.807999841124808e-07,1.8079998055789628e-07,3.6159996467037706e-07,-2.5786834929597546e-06,1.3963534131354702e-07,8.514353070349204,7.276383535109054,3.184394015460451e-13,-3170595.411715759,25222990.552863676,0.006744593045439093,5.636807008735367e-05,0.3498746914344036,7721441.673801858,11180047.922566878,4712560014512378.0,-3.006665610720363e-08,12059248.003029954,-6.5351492199955e-08,4024143.378689011,6813037.864758707,6171127745614028.0,-7.454542836496768e-10,7079482.662779549,2.7333323733821485e-09,7712238.497307984,10513872.159569625,1928034386093396.0,1.79157512837139e-07,13168791.782533532,3.006665610720363e-08,1.3945450401159154e-07,-1.6399994240292894e-08,1.3583406786720753e-07,1.6276480347405548e-08,0.013898086727702985
80,382.12195780021966,EVENT_TRANSPORT_PAUSED,1,5,0.3500000000000002,LEFT,7.268987623413478e-21,1.955678047114822e-21,7.265749641757766e-21,1.2016973589632274e-07,7.757758404392332e-08,1.20151889982007e-07,1.0032528506851452,-8.038293559016475e-08,-1.7162344079804648e-10,8.047762105336715e-08,1.608605566435319e-07,-1.639999424029289e-08,1.639999424029289e-08,3.279998848058578e-08,-1.807999847117921e-07,1.8079998112248582e-07,3.6159996583427794e-07,-2.5819022539952385e-06,1.3964049680130172e-07,8.51466742946904,7.276421351065836,3.184402071982817e-13,-3141602.5897235945,25250335.376514807,0.006760133582410151,5.6228918500766945e-05,0.3503821874028451,7723163.603765077,11174171.979189822,4581294934164066.0,-3.006665610720363e-08,12055175.217458246,-6.5351492199955e-08,4001884.0082661435,6794535.160017448,6153853170648886.0,-7.454542836496768e-10,7070507.23937599,2.7333323733821485e-09,7712881.795845676,10519148.893199185,1928029343427105.0,1.79157512837139e-07,13164213.56842792,3.006665610720363e-08,1.3946181579666162e-07,-1.6399994240292894e-08,1.3583316568760222e-07,1.627622416095305e-08,0.013935520941143809
81,382.7713954426941,ACTIVE_ONE_B,1,5,0.3575000000000002,LEFT,7.2689854317564e-21,1.9557044064496825e-21,7.265725474079983e-21,1.2016972381894724e-07,7.757793258192038e-08,1.2015175676357235e-07,1.0032663728893139,-8.03829804157529e-08,-1.7125918213306996e-10,8.047783319679114e-08,1.6086081361254406e-07,-1.639999424029289e-08,1.639999424029289e-08,3.279998848058578e-08,-1.8079998590461396e-07,1.8079998224516455e-07,3.615999681497785e-07,-2.5883057572784196e-06,1.3963321014982092e-07,8.514223121295876,7.276627672888857,3.184395179838255e-13,-3113300.670787747,25239595.553314365,0.006771788985138444,5.463154392759684e-05,0.34962351131436936,7713398.962043063,11161953.475818796,4802069765148066.0,-3.006665610720363e-08,12046313.289052222,-6.5351492199955e-08,3979296.9533490697,6678484.626154078,6022703576650454.0,-7.454542836496768e-10,7011007.236035049,2.7333323733821485e-09,7714140.255639946,10529477.967666477,1928019315934192.0,1.79157512837139e-07,13154242.701724246,3.006665610720363e-08,1.3945077211611788e-07,-1.6399994240292894e-08,1.358326176662732e-07,1.627603116200035e-08,0.013882612258245164
82,384.32694611337365,EVENT_TRANSPORT_PAUSED,1,5,0.3675000000000002,LEFT,7.268981786298981e-21,1.9557202175500732e-21,7.265713308437012e-21,1.2016970373023433e-07,7.757814164370747e-08,1.2015168970331818e-07,1.0032744839030683,-8.038289587325823e-08,-1.7150611702505787e-10,8.047794000650182e-08,1.6086083587976006e-07,-1.639999424029289e-08,1.639999424029289e-08,3.279998848058578e-08,-1.8079998650537922e-07,1.8079998281007864e-07,3.615999693154579e-07,-2.591529436823947e-06,1.3963847393209686e-07,8.514544083742496,7.276665668590685,3.184404706518456e-13,-3110105.127926967,25261326.111005038,0.006787329522109502,5.449312613003965e-05,0.3501167933806676,7715109.739150443,11155566.603080425,4727255200152214.0,-3.006665610720363e-08,12041507.9717806,-6.5351492199955e-08,3963743.0639815535,6664119.953248064,6006868311410465.0,-7.454542836496768e-10,7003907.147282393,2.7333323733821485e-09,7714764.753150898,10534575.824665561,1928014270149411.0,1.79157512837139e-07,13148846.887746388,3.006665610720363e-08,1.3945768791477793e-07,-1.6399994240292894e-08,1.3583162422645885e-07,1.6275775755346303e-08,0.01392083280276002
83,386.7897495288931,EVENT_TRANSPORT_RECOVERY,1,5,0.3750000000000002,LEFT,7.268979630418136e-21,1.9557463399990723e-21,7.265689341868858e-21,1.2016969185000152e-07,7.757848704451475e-08,1.2015155759301214e-07,1.0032878845859996,-8.038293989089843e-08,-1.7114508417289298e-10,8.047815038307675e-08,1.608610902739752e-07,-1.639999424029289e-08,1.639999424029289e-08,3.279998848058578e-08,-1.8079998770111462e-07,1.8079998393341016e-07,3.615999716345248e-07,-2.5979428026623452e-06,1.3963129470975482e-07,8.514106326128875,7.276869868100563,3.1843982680914846e-13,-3084827.4873016383,25249809.978084132,0.006798984924837795,5.29117570480242e-05,0.34936461407759667,7705403.772145615,11143251.35926245,5046268363488760.0,-3.006665610720363e-08,12032197.96102144,-6.5351492199955e-08,3935857.3687210693,6550863.032051404,5846887252939342.0,-7.454542836496768e-10,6946812.528841235,2.7333323733821485e-09,7715980.432407841,10544500.085768461,1928004236388526.0,1.79157512837139e-07,13138369.963541498,3.006665610720363e-08,1.3944675639692216e-07,-1.6399994240292894e-08,1.3583108211138888e-07,1.6275582848385747e-08,0.013868704167356416
84,388.25837564785564,EVENT_TRANSPORT_PAUSED,1,5,0.38500000000000023,LEFT,7.268975998998653e-21,1.9557619330194693e-21,7.265677380267945e-21,1.2016967183863564e-07,7.757869321980637e-08,1.20151491657274e-07,1.003295883725831,-8.0382854729008e-08,-1.7139528888659507e-10,8.047825536397397e-08,1.6086111009298196e-07,-1.639999424029289e-08,1.639999424029289e-08,3.279998848058578e-08,-1.8079998830335708e-07,1.8079998449865645e-07,3.6159997280201353e-07,-2.601171485983045e-06,1.396365471247107e-07,8.51442659544598,7.276905594386216,3.184406315288386e-13,-3056675.6035435963,25276738.53487943,0.0068145254618088525,5.2788557844962725e-05,0.3498807667049189,7707283.962628819,11137264.216267463,4817843836207710.0,-3.006665610720363e-08,12027660.973909698,-6.5351492199955e-08,3923835.170971911,6534978.195704366,5859007906823243.0,-7.454542836496768e-10,6940048.853138399,2.7333323733821485e-09,7716579.3207037635,10549389.130748332,1927999187415403.0,1.79157512837139e-07,13133228.933949275,3.006665610720363e-08,1.394541871016057e-07,-1.6399994240292894e-08,1.358302041404856e-07,1.6275326812547867e-08,0.013906842173282197
85,389.3263501569064,EVENT_TRANSPORT_RECOVERY,1,5,0.39250000000000024,LEFT,7.268973869784275e-21,1.955787750279363e-21,7.265653692222428e-21,1.2016966010534528e-07,7.757903458045262e-08,1.2015136108183245e-07,1.0033091278483097,-8.038289767656957e-08,-1.7103935024968562e-10,8.04784632660951e-08,1.6086136094266467e-07,-1.639999424029289e-08,1.639999424029289e-08,3.279998848058578e-08,-1.8079998950205172e-07,1.8079998562265596e-07,3.615999751247077e-07,-2.607594882908515e-06,1.3962955203859628e-07,8.51400006565506,7.27710623327405,3.184399578080713e-13,-3027659.016491442,25267095.595652703,0.006826180864537146,5.122922233746774e-05,0.3491463337799329,7697908.932718345,11124872.736906487,5129894107983861.0,-3.006665610720363e-08,12017821.37005284,-6.5351492199955e-08,3900597.498095087,6417558.283211961,5696255429431183.0,-7.454542836496768e-10,6879759.323309379,2.7333323733821485e-09,7717787.708954206,10558901.701430533,1927989147245337.0,1.79157512837139e-07,13122795.637165155,3.006665610720363e-08,1.394436399183894e-07,-1.6399994240292894e-08,1.358297202815534e-07,1.6275133625868642e-08,0.013856050558772592
86,390.441222240907,EVENT_TRANSPORT_PAUSED,1,5,0.40250000000000025,LEFT,7.268970250016233e-21,1.9558032017211818e-21,7.265641860548652e-21,1.201696401581755e-07,7.757923888087365e-08,1.2015129586207658e-07,1.0033170543590537,-8.038281206182996e-08,-1.7129177617936104e-10,8.047856709768952e-08,1.608613791595195e-07,-1.639999424029289e-08,1.639999424029289e-08,3.279998848058578e-08,-1.807999901057942e-07,1.807999861882421e-07,3.615999762940363e-07,-2.6108286543813364e-06,1.3963488661406784e-07,8.514325344761467,7.27714040064074,3.1844074746914543e-13,-2999812.9130388927,25294124.664937712,0.006841721401508204,5.1115982455218756e-05,0.34966993671710184,7699838.034145934,11118808.854793202,4872984121814418.0,-3.006665610720363e-08,12012991.414288595,-6.5351492199955e-08,3890717.4670174276,6401206.488611818,5708258007320733.0,-7.454542836496768e-10,6872244.677436233,2.7333323733821485e-09,7718373.331527991,10563686.49023321,1927984095012721.0,1.79157512837139e-07,13117273.418810353,3.006665610720363e-08,1.3945120039089748e-07,-1.6399994240292894e-08,1.3582886115128026e-07,1.627487761338663e-08,0.01389478513565856
87,391.3051368679193,EVENT_TRANSPORT_RECOVERY,1,5,0.41000000000000025,LEFT,7.26896814514828e-21,1.9558287489926384e-21,7.265618418145148e-21,1.2016962855904293e-07,7.757957666694603e-08,1.2015116664026603e-07,1.0033301599788431,-8.038285408477157e-08,-1.7094026737072096e-10,8.047877283162126e-08,1.6086162691639282e-07,-1.639999424029289e-08,1.639999424029289e-08,3.279998848058578e-08,-1.8079999130749326e-07,1.8079998731292484e-07,3.615999786204181e-07,-2.617262249593466e-06,1.396280479189724e-07,8.513908351011638,7.277338112441449,3.184400903523975e-13,-2972129.5674031004,25284519.10018915,0.006853376804236497,4.957587251508411e-05,0.3489476174923878,7690746.63689773,11106239.457847219,5003173289005768.0,-3.006665610720363e-08,12002559.09801132,-6.5351492199955e-08,3872620.871703466,6283558.377987728,5544428743076267.0,-7.454542836496768e-10,6811724.610928652,2.7333323733821485e-09,7719547.429381289,10572978.20269837,1927974048293423.0,1.79157512837139e-07,13106040.254149724,3.006665610720363e-08,1.3944087921061937e-07,-1.6399994240292894e-08,1.35828406178853e-07,1.627468434404664e-08,0.013845129082916241
88,398.6081609127026,EVENT_TRANSPORT_PAUSED,1,5,0.42250000000000026,LEFT,7.268963510652319e-21,1.955845130176625e-21,7.265606671457122e-21,1.2016960302007758e-07,7.75797932574445e-08,1.2015110188876795e-07,1.0033385634425709,-8.038272537005179e-08,-1.7136615515356761e-10,8.04788759142594e-08,1.6086160128431117e-07,-1.639999424029289e-08,1.639999424029289e-08,3.279998848058578e-08,-1.8079999191422145e-07,1.8079998788022614e-07,3.615999797944476e-07,-2.6205090213338167e-06,1.396369914209969e-07,8.51445368669246,7.27734485568812,3.1844134567594816e-13,-2944729.3534842636,25323198.417698853,0.00687280247545032,4.9735207040324525e-05,0.3498291353431481,7695254.443492048,11100078.15947631,4680066379930668.0,-3.006665610720363e-08,11997431.821580693,-6.5351492199955e-08,3857376.4133998547,6285652.959362954,5569156206542637.0,-7.454542836496768e-10,6813494.473335454,2.7333323733821485e-09,7720115.44334453,10577643.322529964,1927968980513448.0,1.79157512837139e-07,13100128.63421279,3.006665610720363e-08,1.3945358054525158e-07,-1.6399994240292894e-08,1.358272886081664e-07,1.6274364848135547e-08,0.013910068227304562
89,400.6381037030765,EVENT_TRANSPORT_RECOVERY,1,5,0.42750000000000027,LEFT,7.26896245761824e-21,1.95586944171015e-21,7.265583412957676e-21,1.2016959721720105e-07,7.758011470006126e-08,1.201509736802808e-07,1.0033510351351123,-8.038280958432296e-08,-1.7084531360364734e-10,8.047908005423547e-08,1.6086188963855844e-07,-1.639999424029289e-08,1.639999424029289e-08,3.279998848058578e-08,-1.8079999311750635e-07,1.8079998900423968e-07,3.6159998212174605e-07,-2.6269451514071562e-06,1.3962677846241204e-07,8.513830945096625,7.277567534864863,3.1844030962252045e-13,-2924295.863859635,25299382.802078277,0.006880572743935848,4.794273510411173e-05,0.3487540609763056,7683704.419446462,11085508.04088838,4864808469706878.0,-3.006665610720363e-08,11986592.377624687,-6.5351492199955e-08,3849080.7096165395,6157165.849980954,5394142997452999.0,-7.454542836496768e-10,6749926.4691645,2.7333323733821485e-09,7721218.660862852,10586649.299440498,1927958939321663.0,1.79157512837139e-07,13087741.175071403,3.006665610720363e-08,1.3943813364463544e-07,-1.6399994240292894e-08,1.3582708424202058e-07,1.6274235401796107e-08,0.013835911505434506
90,401.93865849540816,EVENT_TRANSPORT_PAUSED,1,5,0.4375000000000003,LEFT,7.26895885633303e-21,1.9558846312366842e-21,7.265571824716352e-21,1.2016957737186242e-07,7.758031553183035e-08,1.2015090980198685e-07,1.0033588272846528,-8.038272317319882e-08,-1.711018446755729e-10,8.047918173397494e-08,1.6086190490717377e-07,-1.639999424029289e-08,1.639999424029289e-08,3.279998848058578e-08,-1.8079999372431625e-07,1.8079998957052854e-07,3.6159998329484476e-07,-2.630189348984402e-06,1.396321375035344e-07,8.514157716011532,7.277598840529521,3.184410612095288e-13,-2894602.8927594833,25327141.16466406,0.006896113280906906,4.784782211175731e-05,0.34929184280899456,7685782.142194142,11081146.806322796,4590192177019980.0,-3.006665610720363e-08,11981251.37345423,-6.5351492199955e-08,3840905.9285174357,6141089.6945882635,5406772445714266.0,-7.454542836496768e-10,6742288.195007764,2.7333323733821485e-09,7721780.288084337,10590984.805765854,1927953880358953.0,1.79157512837139e-07,13082217.40282585,3.006665610720363e-08,1.3944595365410587e-07,-1.6399994240292894e-08,1.3582626486231074e-07,1.6273979428254777e-08,0.013874823728440067
91,403.1688787250903,EVENT_TRANSPORT_RECOVERY,1,5,0.4450000000000003,LEFT,7.268956789064281e-21,1.9559096795743438e-21,7.265548843647442e-21,1.2016956597991297e-07,7.758064671183497e-08,1.2015078312238452e-07,1.0033716769539522,-8.038276357670274e-08,-1.7075856172152732e-10,8.047938340130175e-08,1.608621469780045e-07,-1.639999424029289e-08,1.639999424029289e-08,3.279998848058578e-08,-1.8079999493215725e-07,1.8079999069662337e-07,3.615999856287806e-07,-2.6366438350411414e-06,1.396259118752172e-07,8.513778104395456,7.277791232814811,3.184404354832697e-13,-2868526.3098266814,25317634.974741682,0.0069077686836351996,4.6343057834019596e-05,0.34859120155977624,7677103.717148202,11068576.279631978,4720253525516496.0,-3.006665610720363e-08,11969837.38999413,-6.5351492199955e-08,3828584.7829977474,6023456.999526865,5241087957085323.0,-7.454542836496768e-10,6681995.723306393,2.7333323733821485e-09,7722892.2627815185,10599640.331320854,1927943820119587.0,1.79157512837139e-07,13069915.200466754,3.006665610720363e-08,1.394360381774301e-07,-1.6399994240292894e-08,1.3582586358778493e-07,1.627378602551032e-08,0.013829619179361874
92,404.73512131729444,EVENT_TRANSPORT_PAUSED,1,5,0.4550000000000003,LEFT,7.268953195239063e-21,1.9559247622243004e-21,7.265537354822702e-21,1.2016954617567327e-07,7.758084612777977e-08,1.2015071979190771e-07,1.0033794142763541,-8.038267687375399e-08,-1.7101668025331943e-10,8.047948421406265e-08,1.6086216108781665e-07,-1.639999424029289e-08,1.639999424029289e-08,3.279998848058578e-08,-1.8079999554053398e-07,1.8079999126327504e-07,3.61599986803809e-07,-2.6398933690163773e-06,1.3963110070634518e-07,8.514094496648523,7.277821572612469,3.1844121023849275e-13,-2842942.827527101,25344313.079752572,0.006923309220606257,4.625534821101063e-05,0.3491313470777522,7679133.516398959,11062350.216523616,4448667713866754.0,-3.006665610720363e-08,11964224.207650607,-6.5351492199955e-08,3820322.1514339643,6009477.965809053,5254411493408200.0,-7.454542836496768e-10,6675562.569764396,2.7333323733821485e-09,7723423.700127687,10603996.745731506,1927938757685248.0,1.79157512837139e-07,13063413.14484352,3.006665610720363e-08,1.3944386038570229e-07,-1.6399994240292894e-08,1.3582504012921832e-07,1.6273530234709557e-08,0.013867295500438637
93,405.34879248408686,ACTIVE_ONE_B,1,5,0.4625000000000003,LEFT,7.268951137971879e-21,1.955949454706787e-21,7.2655147196074e-21,1.2016953483883285e-07,7.758117259835096e-08,1.2015059501837743e-07,1.0033920813937673,-8.03827161814356e-08,-1.7067973558301448e-10,8.047968279721627e-08,1.6086239897865185e-07,-1.639999424029289e-08,1.639999424029289e-08,3.279998848058578e-08,-1.8079999675151126e-07,1.8079999239009872e-07,3.6159998914160995e-07,-2.6463585438563086e-06,1.3962511605323425e-07,8.513729578647746,7.278009765707259,3.184404354295801e-13,-2790231.1863549696,25340652.009751186,0.006934964623334551,4.477656768298033e-05,0.34846283080189955,7670844.358421305,11049937.499828184,4431758203581245.0,-3.006665610720363e-08,11952716.23395265,-6.5351492199955e-08,3815132.355749512,5889088.533185627,5115653119831247.0,-7.454542836496768e-10,6614883.604089838,2.7333323733821485e-09,7724500.808826564,10612304.946562193,1927928690476500.0,1.79157512837139e-07,13051349.489810571,3.006665610720363e-08,1.3943465663921437e-07,-1.6399994240292894e-08,1.3582477993050149e-07,1.627333597735454e-08,0.013823840682469113
94,407.3602514544904,EVENT_TRANSPORT_PAUSED,1,5,0.47250000000000025,LEFT,7.268947548620656e-21,1.9559644983399856e-21,7.265503265325423e-21,1.2016951505923745e-07,7.758137149573875e-08,1.20150531878115e-07,1.0033997987007717,-8.038262932061763e-08,-1.709385892647558e-10,8.047978333371241e-08,1.6086241265433003e-07,-1.639999424029289e-08,1.639999424029289e-08,3.279998848058578e-08,-1.8079999736147644e-07,1.8079999295712084e-07,3.615999903185973e-07,-2.6496134952758155e-06,1.3963039849024933e-07,8.514051678578861,7.278039635547238,3.1844133774590596e-13,-2790122.127951814,25362290.423979174,0.006950505160305608,4.469155673003655e-05,0.34899253523392293,7672770.290797143,11043219.070800958,4306862837129203.0,-3.006665610720363e-08,11946338.703788843,-6.5351492199955e-08,3803221.622945281,5877166.452034488,5101643863104224.0,-7.454542836496768e-10,6607890.162209277,2.7333323733821485e-09,7725028.313090186,10616537.100823568,1927923624500921.0,1.79157512837139e-07,13044076.755631188,3.006665610720363e-08,1.3944217778522997e-07,-1.6399994240292894e-08,1.3582387233463175e-07,1.6273080911627477e-08,0.013862196679829575
95,408.274408644242,ACTIVE_ONE_B,1,5,0.48000000000000026,LEFT,7.268945503195233e-21,1.9559890011569123e-21,7.265480807933922e-21,1.2016950378764675e-07,7.758169545427794e-08,1.201504080844279e-07,1.0034123685207212,-8.038266808986191e-08,-1.7060467077202375e-10,8.047998037211065e-08,1.6086264846197256e-07,-1.639999424029289e-08,1.639999424029289e-08,3.279998848058578e-08,-1.807999985756327e-07,1.8079999408468853e-07,3.6159999266032124e-07,-2.6560895192151435e-06,1.396246146582686e-07,8.51369900577325,7.27822617506718,3.184406351368062e-13,-2743709.9096607827,25356637.297726702,0.006962160563033903,4.3225725775530854e-05,0.34832688148056346,7664575.242144298,11019134.657942621,4293721278318600.0,-3.006665610720363e-08,11934361.429875815,-6.5351492199955e-08,3800945.435023289,5932238.267326388,4964026199837744.0,-7.454542836496768e-10,6551395.488388501,2.7333323733821485e-09,7726043.944200324,10624667.942739775,1927913550182122.0,1.79157512837139e-07,13030740.283849766,3.006665610720363e-08,1.3943296627501586e-07,-1.639999424029289e-08,1.3582360178311216e-07,1.6272886841265552e-08,0.01382020003253337
96,412.35415385775747,EVENT_TRANSPORT_PAUSED,1,5,0.49000000000000027,LEFT,7.268941913348077e-21,1.9560038111150658e-21,7.265469587822924e-21,1.201694840053082e-07,7.758189125953087e-08,1.2015034623481123e-07,1.0034199659536207,-8.038258055503589e-08,-1.7086777739683716e-10,8.0480078805195e-08,1.6086265936023087e-07,-1.639999424029289e-08,1.639999424029289e-08,3.279998848058578e-08,-1.807999991872077e-07,1.8079999465208875e-07,3.6159999383929645e-07,-2.6593499682370236e-06,1.396298407735616e-07,8.51401767145181,7.278253075262922,3.1844135822431016e-13,-2716428.5550426627,25384407.404593967,0.00697770110000496,4.315797986109704e-05,0.3488843258042491,7666602.276377662,11000244.817100527,4116874681945001.0,-3.006665610720363e-08,11928200.833542109,-6.5351492199955e-08,3785667.569091337,5857420.369451135,4949198478897501.0,-7.454542836496768e-10,6543154.731436452,2.7333323733821485e-09,7726562.114405895,10628623.304666627,1927908480595232.0,1.79157512837139e-07,13024248.76441796,3.006665610720363e-08,1.39441122637437e-07,-1.6399994240292894e-08,1.3582282145112615e-07,1.6272631055249108e-08,0.013858147075500815
97,412.7853360190916,ACTIVE_ONE_B,1,5,0.4950000000000003,LEFT,7.268940897711367e-21,1.9560270003019214e-21,7.265447414272776e-21,1.201694784085035e-07,7.758219784616315e-08,1.2015022400538953e-07,1.0034318618880524,-8.03826611620671e-08,-1.703674476435323e-10,8.04802733387087e-08,1.608629345007758e-07,-1.639999424029289e-08,1.639999424029289e-08,3.279998848058578e-08,-1.80800000403104e-07,1.8079999577904377e-07,3.6159999618214776e-07,-2.6658291099046494e-06,1.3962096823830628e-07,8.513476663014533,7.27846256009347,3.1844021938879127e-13,-2670450.606032134,25367460.406526122,0.006985471368490489,4.144764713676086e-05,0.3478788478738573,7656279.881257339,10963191.304811222,4153452118321309.0,-3.006665610720363e-08,11915727.874269653,-6.5351492199955e-08,3794136.093363643,5989513.5736706825,4845039335232059.0,-2.4848476121655894e-10,6476402.256084287,2.7333323733821485e-09,7727553.483094773,10636473.814767016,1927898411284630.0,1.79157512837139e-07,13010389.391570982,3.006665610720363e-08,1.3942713945780683e-07,-1.639999424029289e-08,1.3582285653592833e-07,1.627250025587432e-08,0.013793723223808563
98,414.3753528414009,EVENT_TRANSPORT_PAUSED,1,5,0.5050000000000001,LEFT,7.268937309701669e-21,1.9560417860010447e-21,7.26543621658335e-21,1.2016945863628217e-07,7.758239332815193e-08,1.201501622791802e-07,1.0034394468761934,-8.038257354708769e-08,-1.7063103054160573e-10,8.048037160768793e-08,1.6086294515477562e-07,-1.639999424029289e-08,1.639999424029289e-08,3.279998848058578e-08,-1.808000010163084e-07,1.8079999634682933e-07,3.6159999736313774e-07,-2.669095130691801e-06,1.3962637352269915e-07,8.513806253642047,7.278489271954949,3.1844107241740553e-13,-2668331.0381722664,25390007.89153163,0.007001011905461547,4.1381419585651e-05,0.34842483755841963,7658307.166222916,10945887.632212697,4053847754781507.5,-3.056362562963675e-08,11908824.670838159,-6.5351492199955e-08,3783261.911908864,5943892.96957725,4877355213710600.0,-2.4848476121655894e-10,6468469.487081194,2.7333323733821485e-09,7728061.244640362,10640321.801464863,1927893338019298.0,1.79157512837139e-07,13003054.623178136,3.006665610720363e-08,1.3943495185838886e-07,-1.6399994240292894e-08,1.358219924882489e-07,1.6272245157180573e-08,0.01383297122114624
99,415.2465818309754,ACTIVE_ONE_B,1,5,0.5125,LEFT,7.26893526828824e-21,1.9560658019311084e-21,7.265414242066716e-21,1.2016944738678958e-07,7.758271084108721e-08,1.2015004114654055e-07,1.0034517669256686,-8.038261080687707e-08,-1.703064249338367e-10,8.048056439243331e-08,1.608631751993104e-07,-1.639999424029289e-08,1.639999424029289e-08,3.279998848058578e-08,-1.808000022369456e-07,1.807999974759298e-07,3.615999997128754e-07,-2.6755933162370127e-06,1.3962085700494303e-07,8.513469880490002,7.278670001940994,3.1844039117108373e-13,-2623553.757837577,25384629.68715077,0.00701266730818984,3.995141334678376e-05,0.3477833575186862,7650548.946652693,10948274.886150166,4211532650266615.5,-3.056362562963675e-08,11895818.154120183,-6.5351492199955e-08,3786778.227911065,6028677.915046412,4967612271266511.0,-2.4848476121655894e-10,6411314.672869788,2.7333323733821485e-09,7729018.921973748,10647932.59086071,1927883249069199.0,1.79157512837139e-07,12988513.551403664,3.006665610720363e-08,1.394261955880457e-07,-1.639999424029289e-08,1.358217797824033e-07,1.6272050891731105e-08,0.01379291555367912
100,416.1261149865883,EVENT_TRANSPORT_PAUSED,1,5,0.5199999999999998,LEFT,7.268932705096136e-21,1.9560793197630763e-21,7.265403287426854e-21,1.2016943326196e-07,7.758288955825712e-08,1.2014998075993592e-07,1.0034587015044338,-8.038256524874195e-08,-1.7040257398925001e-10,8.048066049063862e-08,1.608632257393806e-07,-1.639999424029289e-08,1.639999424029289e-08,3.279998848058578e-08,-1.8080000285031508e-07,1.8079999804273556e-07,3.616000008930506e-07,-2.678857083937558e-06,1.3962297677395624e-07,8.513599134743519,7.278720230931639,3.184406689589066e-13,-2598106.4001023574,25400444.772695985,0.007024322710918133,3.963724541466984e-05,0.347999534722617,7650281.151599795,10952430.822034866,4127184940805068.5,-3.056362562963675e-08,11889153.644408397,-6.5351492199955e-08,3780870.288920886,5997737.554966514,5019232727754617.0,-2.4848476121655894e-10,6394561.012338543,2.7333323733821485e-09,7729501.730313551,10651627.77466916,1927878184321834.0,1.79157512837139e-07,12981375.108593268,3.006665610720363e-08,1.3942950213657521e-07,-1.639999424029289e-08,1.358212935580448e-07,1.6271858557787226e-08,0.013808307285647414
101,418.9586935431068,ACTIVE_ONE_B,1,5,0.5299999999999996,LEFT,7.268929634148852e-21,1.95610424080766e-21,7.265381437329554e-21,1.2016941633906998e-07,7.758321903338275e-08,1.2014986031278393e-07,1.0034714858730356,-8.03825593793953e-08,-1.702524836200069e-10,8.04808522103393e-08,1.6086341158973458e-07,-1.639999424029289e-08,1.639999424029289e-08,3.279998848058578e-08,-1.8080000407574184e-07,1.807999991739984e-07,3.616000032497402e-07,-2.6853744952148872e-06,1.396209470915241e-07,8.513475373576142,7.278873005507043,3.184405557907709e-13,-2577901.920907881,25401987.272095393,0.0070398632478891904,3.8481959695801926e-05,0.34770731038256875,7645003.031195822,10945869.23074608,4267411844315870.5,-3.056362562963675e-08,11875121.594040565,-6.5351492199955e-08,3781988.1652643816,6064991.411591624,5086509585496386.0,-2.4848476121655894e-10,6345680.61503109,2.7333323733821485e-09,7730441.176300883,10659012.469099268,1927868075576240.0,1.79157512837139e-07,12965717.729375755,3.006665610720363e-08,1.3942559624808161e-07,-1.639999424029289e-08,1.3582074766673756e-07,1.6271601471903347e-08,0.013793569676133544
102,420.30350921765455,EVENT_TRANSPORT_PAUSED,1,5,0.5374999999999994,LEFT,7.26892706811303e-21,1.956117560643955e-21,7.265370683529079e-21,1.2016940219856241e-07,7.758339513058138e-08,1.2014980103311303e-07,1.0034783188810315,-8.038251329246336e-08,-1.7035223147415354e-10,8.048094651408492e-08,1.608634598065483e-07,-1.639999424029289e-08,1.639999424029289e-08,3.279998848058578e-08,-1.80800004690779e-07,1.8079999974120402e-07,3.61600004431983e-07,-2.688643980786054e-06,1.3962300411302836e-07,8.513600801760697,7.278920909626432,3.184407023798594e-13,-2529614.4601301625,25422488.39885241,0.007051518650617484,3.8182233625505546e-05,0.34794562887721026,7644732.350069301,10936333.0347084,4111559394405152.0,-3.056362562963675e-08,11868681.673034824,-6.5351492199955e-08,3773247.093180812,6003111.62036665,5155200673897673.0,-2.4848476121655894e-10,6330003.857565756,2.7333323733821485e-09,7730894.545322944,10662584.90791203,1927863007017036.0,1.79157512837139e-07,12958674.999392219,3.006665610720363e-08,1.3942939428965676e-07,-1.639999424029289e-08,1.3582036242435403e-07,1.6271408560519833e-08,0.013808505795799952
103,422.782628800254,ACTIVE_ONE_B,1,5,0.5449999999999993,LEFT,7.268925021507633e-21,1.9561412216989887e-21,7.265349069079443e-21,1.2016939092044816e-07,7.758370794367901e-08,1.2014968188459733e-07,1.0034904568814287,-8.038254948225787e-08,-1.7003481096195026e-10,8.04811361710984e-08,1.6086368565335627e-07,-1.639999424029289e-08,1.639999424029289e-08,3.279998848058578e-08,-1.808000059180599e-07,1.8080000087189744e-07,3.6160000678995736e-07,-2.6951649449991066e-06,1.3961785070028784e-07,8.51328656916616,7.279097512806997,3.184401976109744e-13,-2511789.1740012234,25411649.741968986,0.007063174053345777,3.677832135773329e-05,0.34730713985557377,7637146.161946977,10917823.807175312,4337865678592540.0,-3.056362562963675e-08,11854236.630019639,-6.5351492199955e-08,3786089.8010533503,6115642.797227902,5224103778463690.0,-2.4848476121655894e-10,6274352.0767419115,2.7333323733821485e-09,7731792.194853634,10669629.585153056,1927852902882403.0,1.79157512837139e-07,12942525.247944567,3.006665610720363e-08,1.3942057637486882e-07,-1.639999424029289e-08,1.358200979108409e-07,1.6271214844466258e-08,0.013771086649124298
104,426.63557939669556,EVENT_TRANSPORT_PAUSED,1,5,0.5524999999999991,LEFT,7.26892245449318e-21,1.956154539206441e-21,7.265338318586441e-21,1.201693767745417e-07,7.758388400786983e-08,1.2014962262298263e-07,1.0034972886947402,-8.038250341022369e-08,-1.7013466856102545e-10,8.048123048506285e-08,1.6086373389528652e-07,-1.639999424029289e-08,1.639999424029289e-08,3.279998848058578e-08,-1.8080000653478336e-07,1.8080000143951008e-07,3.6160000797429343e-07,-2.6984402194951684e-06,1.396200716782784e-07,8.513421994700952,7.279145581557319,3.1844049216021757e-13,-2488826.8317664983,25426728.508466788,0.00707482945607407,3.647843915777216e-05,0.3475312898870611,7636916.853613757,10908568.838809183,4253756310852859.5,-3.056362562963675e-08,11847130.623920936,-6.5351492199955e-08,3781875.714527712,6083888.217600689,5274295133312270.0,-2.4848476121655894e-10,6259947.849044767,2.7333323733821485e-09,7732232.674500745,10673032.87916147,1927847830446267.0,1.79157512837139e-07,12934778.74471154,3.006665610720363e-08,1.3942398925640392e-07,-1.639999424029289e-08,1.3581962202687325e-07,1.627102264290445e-08,0.013787213263734222
105,430.13690785538796,EVENT_TRANSPORT_RECOVERY,1,5,0.5674999999999988,LEFT,7.268918335230244e-21,1.95620103614239e-21,7.265295940913429e-21,1.2016935407473733e-07,7.758449871463784e-08,1.2014938901737493e-07,1.0035211413854264,-8.038257338760471e-08,-1.6951640247260954e-10,8.048160223098457e-08,1.6086417561858928e-07,-1.639999424029289e-08,1.639999424029289e-08,3.279998848058578e-08,-1.8080000899837678e-07,1.8080000370308742e-07,3.616000127014642e-07,-2.71151318242957e-06,1.396098652106639e-07,8.512799648896133,7.279488275104261,3.184391827263615e-13,-2400516.472127919,25417650.916170895,0.007098140261530657,3.373259223060643e-05,0.3463269192155807,7622363.406582783,10870704.297501458,4573932864157298.0,-3.056362562963675e-08,11817967.778104423,-6.5351492199955e-08,3805090.7398273177,6224530.013886159,5449873757647228.0,-2.4848476121655894e-10,6321839.485838881,-2.7333323733821485e-09,7733971.139903596,10686187.912728168,1927827601319055.0,1.79157512837139e-07,12903224.308974082,3.006665610720363e-08,1.394079825280126e-07,-1.639999424029289e-08,1.358193834949656e-07,1.6270633457780405e-08,0.01371310367307288
106,432.02831984592933,EVENT_TRANSPORT_PAUSED,1,5,0.5774999999999986,LEFT,7.268914728864864e-21,1.956215204251013e-21,7.265285379170187e-21,1.2016933420132336e-07,7.75846860203614e-08,1.2014933079595155e-07,1.0035284095527945,-8.03824841459739e-08,-1.6979168057630873e-10,8.048169488019534e-08,1.6086417902616923e-07,-1.639999424029289e-08,1.639999424029289e-08,3.279998848058578e-08,-1.80800009619454e-07,1.8080000427277144e-07,3.6160001389222544e-07,-2.714806225601052e-06,1.3961542353599403e-07,8.513138571291389,7.279507613103774,3.1843984523125593e-13,-2375984.921062202,25445222.568007417,0.007113680798501713,3.371140998165156e-05,0.3469200055488254,7624619.923212794,10861128.926255217,4357324903512075.5,-3.056362562963675e-08,11810407.144525845,-6.5351492199955e-08,3800026.051528467,6158341.446770909,5497220962069294.0,-2.4848476121655894e-10,6183416.32286149,-2.7333323733821485e-09,7734396.633893002,10689430.040759716,1927822509966367.0,1.79157512837139e-07,12894975.315504244,3.006665610720363e-08,1.3941665969863682e-07,-1.639999424029289e-08,1.358186785512488e-07,1.6270377847840908e-08,0.013753462907093672
107,433.19672115816854,ACTIVE_ONE_B,1,5,0.5849999999999984,LEFT,7.26891265328391e-21,1.956238144548039e-21,7.265264514454117e-21,1.2016932276352214e-07,7.758498929455824e-08,1.2014921577940635e-07,1.0035401778080146,-8.038251822723979e-08,-1.694891502317334e-10,8.048187790499193e-08,1.6086439613223173e-07,-1.639999424029289e-08,1.639999424029289e-08,3.279998848058578e-08,-1.808000108558333e-07,1.808000054056808e-07,3.616000162615141e-07,-2.721358479451652e-06,1.3961050320433872e-07,8.512838550963137,7.279675021301157,3.184391996527931e-13,-2333256.3401433015,25440714.270159684,0.007125336201230006,3.23618320652308e-05,0.3463346263349785,7617628.024213817,10841856.337753331,4503054150834796.5,-3.056362562963675e-08,11795096.661739703,-6.5351492199955e-08,3815801.08977853,6204917.685392,5579382534192588.0,-2.4848476121655894e-10,6372215.823558663,-2.7333323733821485e-09,7735225.324166247,10695766.917973626,1927812384741020.0,1.79157512837139e-07,12878233.525880413,3.006665610720363e-08,1.394089536972232e-07,-1.639999424029289e-08,1.3581859611046095e-07,1.6270183119545672e-08,0.013717736171981576
108,434.97343920662485,EVENT_TRANSPORT_PAUSED,1,5,0.5924999999999983,LEFT,7.268910068436203e-21,1.956251148555501e-21,7.26525409529436e-21,1.201693085193268e-07,7.758516120845107e-08,1.201491583438067e-07,1.0035468487974324,-8.038247127151735e-08,-1.6959560568842515e-10,8.048196930364839e-08,1.6086444057516574e-07,-1.639999424029289e-08,1.639999424029289e-08,3.279998848058578e-08,-1.808000114771481e-07,1.8080000597441534e-07,3.6160001745156345e-07,-2.7246495539756665e-06,1.3961290433459656e-07,8.512984961396132,7.279719030490506,3.1843946875189125e-13,-2311113.610695837,25456152.207870338,0.0071369916039583,3.208556524170181e-05,0.34657784646231066,7617525.966207948,10832274.90751573,4414586518164547.5,-3.056362562963675e-08,11787294.897347275,-6.5351492199955e-08,3811106.4765822846,6165650.176801453,5625900819142463.0,-2.4848476121655894e-10,6321684.599500691,-2.7333323733821485e-09,7735632.3634130405,10698885.087887889,1927807301629564.0,1.79157512837139e-07,12869676.89578366,3.006665610720363e-08,1.394126870052533e-07,-1.639999424029289e-08,1.3581816150718248e-07,1.62699908629211e-08,0.013735170879781933
109,436.4092747268324,ACTIVE_ONE_B,1,5,0.5999999999999981,LEFT,7.268907980271743e-21,1.956273877945404e-21,7.265233454068917e-21,1.2016929701217736e-07,7.75854616907539e-08,1.2014904455892591e-07,1.0035585088583754,-8.03825047531713e-08,-1.6929761816903576e-10,8.048215037127416e-08,1.6086465512444547e-07,-1.639999424029289e-08,1.639999424029289e-08,3.279998848058578e-08,-1.8080001271700865e-07,1.8080000710818279e-07,3.6160001982519143e-07,-2.73121380822694e-06,1.396081056485262e-07,8.512692358484202,7.279883832269839,3.1843884388308403e-13,-2270089.217907686,25451318.61947553,0.007148647006686592,3.0751880836232814e-05,0.34600254162472216,7610703.481148191,10812965.325055994,4559024471490181.0,-3.056362562963675e-08,11771508.238844344,-6.5351492199955e-08,3819185.58994629,6173246.754262172,5706230969908106.0,-2.4848476121655894e-10,6507112.878370245,-2.7333323733821485e-09,7736426.025054625,10704963.25724083,1927797168246011.0,1.79157512837139e-07,12852347.873959504,3.006665610720363e-08,1.3940515330694748e-07,-1.639999424029289e-08,1.3581809716687003e-07,1.626979609586962e-08,0.013700327418379121
110,439.78627830597077,EVENT_TRANSPORT_RECOVERY,1,5,0.6074999999999979,LEFT,7.268905884026954e-21,1.95629647404352e-21,7.26521295421559e-21,1.2016928546049782e-07,7.758576040863361e-08,1.201489315531465e-07,1.0035701005413127,-8.038253785664644e-08,-1.6900251962467496e-10,8.048233020323135e-08,1.608648680598778e-07,-1.639999424029289e-08,1.639999424029289e-08,3.279998848058578e-08,-1.808000139592076e-07,1.8080000824252973e-07,3.6160002220173734e-07,-2.7377861320232455e-06,1.3960338496414163e-07,8.512404511774294,7.280047018720499,3.1843824593105455e-13,-2230882.324727474,25446124.377070375,0.007160302409414886,2.942822845253268e-05,0.34543246090124025,7603892.9049018435,10793760.760314625,4724509619885529.0,-3.056362562963675e-08,11755439.61187155,-6.5351492199955e-08,3823458.251531515,6177567.623343843,5790083855063698.0,-2.4848476121655894e-10,6684493.426036557,-2.7333323733821485e-09,7737196.685450703,10710851.439832918,1927787029355691.0,1.79157512837139e-07,12834685.021287326,3.006665610720363e-08,1.3939771959945885e-07,-1.639999424029289e-08,1.3581803772074572e-07,1.6269601345818285e-08,0.013666050330497725
111,449.58666725571607,ACTIVE_ONE_B,1,5,0.6149999999999978,LEFT,7.268903287923103e-21,1.9563093073042024e-21,7.265202717058758e-21,1.201692711542649e-07,7.758593006187457e-08,1.201488751205711e-07,1.0035766839385043,-8.038249045838713e-08,-1.6911253681641554e-10,8.048242000972797e-08,1.6086491046811508e-07,-1.639999424029289e-08,1.639999424029289e-08,3.279998848058578e-08,-1.8080001458345824e-07,1.8080000881199186e-07,3.616000233954501e-07,-2.7410873375544043e-06,1.3960587477676215e-07,8.512556329670327,7.28008899424515,3.1843851141643965e-13,-2209381.695652116,25461410.245036423,0.007171957812143179,2.9164609740894853e-05,0.345684748050386,7603981.910590794,10784108.956882304,4613643273429560.0,-3.056362562963675e-08,11747279.628247658,-6.5351492199955e-08,3825335.0626921593,6141070.207020556,5830643874542930.0,-2.4848476121655894e-10,6637517.844147544,-2.7333323733821485e-09,7737574.933579332,10713732.625353722,1927781939330742.0,1.79157512837139e-07,12825706.90662412,3.006665610720363e-08,1.3940158161031123e-07,-1.639999424029289e-08,1.358176222179755e-07,1.6269409078564254e-08,0.013684128964663644
112,451.4113689919857,EVENT_TRANSPORT_RECOVERY,1,5,0.6224999999999976,LEFT,7.268901172790083e-21,1.956331635257807e-21,7.265182504238174e-21,1.2016925949849383e-07,7.758622523136367e-08,1.201487636967516e-07,1.0035881380646765,-8.038252272240467e-08,-1.6882355698010974e-10,8.048259730308701e-08,1.6086512002549168e-07,-1.639999424029289e-08,1.639999424029289e-08,3.279998848058578e-08,-1.8080001582919928e-07,1.8080000994722136e-07,3.616000257764206e-07,-2.7476718975627534e-06,1.396013068422846e-07,8.512277796982412,7.280248334415993,3.1843786629994453e-13,-2166580.269534276,25458004.10751988,0.007183613214871472,2.7861956077401828e-05,0.34513448536281566,7597430.16106792,10764490.102584817,4771719472972905.0,-3.056362562963675e-08,11730685.481841197,-6.5351492199955e-08,3833020.4282146655,6142900.855007731,5912495880387599.0,-2.4848476121655894e-10,6813946.627555214,-2.7333323733821485e-09,7738342.919173152,10719307.611051321,1927771792058732.0,1.79157512837139e-07,12808067.270214334,3.006665610720363e-08,1.3939454897164164e-07,-1.639999424029289e-08,1.3581761952441657e-07,1.6269214014542835e-08,0.01365096100028218
113,452.2761541743544,EVENT_TRANSPORT_PAUSED,1,5,0.6299999999999975,LEFT,7.268898563550147e-21,1.9563442487780476e-21,7.265172499957871e-21,1.2016924511986626e-07,7.758639197768648e-08,1.2014870854776024e-07,1.0035946087361436,-8.038247470132623e-08,-1.6893814464092293e-10,8.048268502583659e-08,1.608651597271628e-07,-1.639999424029289e-08,1.639999424029289e-08,3.279998848058578e-08,-1.8080001645523633e-07,1.8080001051713e-07,3.6160002697236634e-07,-2.7509792783764198e-06,1.3960375825213607e-07,8.512427273245363,7.280287334208063,3.1843797169514875e-13,-2120492.850421084,25478781.114749186,0.007195268617599764,2.7615161962257773e-05,0.34541400188693017,7597573.518054343,10754331.956828533,4553780017215736.0,-3.056362562963675e-08,11722708.362509735,-6.5351492199955e-08,3835562.0584866293,6077165.384254997,5976243516885108.0,-2.4848476121655894e-10,6704392.4794440735,-2.7333323733821485e-09,7738704.3896757495,10722125.130396308,1927766697794342.0,1.79157512837139e-07,12799192.01425946,3.006665610720363e-08,1.3939900065893355e-07,-1.639999424029289e-08,1.358173222186162e-07,1.6269021024361553e-08,0.01366876079032675
114,452.98901508537415,ACTIVE_ONE_B,1,5,0.6374999999999973,LEFT,7.268896429989325e-21,1.9563663407224658e-21,7.265152541574274e-21,1.201692333625408e-07,7.758668402373247e-08,1.2014859852622898e-07,1.0036059417908083,-8.038250624872954e-08,-1.686545940367751e-10,8.04828600849256e-08,1.6086536633365513e-07,-1.639999424029289e-08,1.639999424029289e-08,3.279998848058578e-08,-1.8080001770455498e-07,1.8080001165325658e-07,3.6160002935781155e-07,-2.757576213152646e-06,1.3959933964277298e-07,8.51215784575055,7.280443480632103,3.184373265068293e-13,-2078488.854975827,25475474.41282942,0.007206924020328059,2.6330851628952878e-05,0.34487781124414674,7591026.802142277,10734361.894159082,4560046244330172.0,-3.056362562963675e-08,11705530.019274598,-6.5351492199955e-08,3843186.4273627875,6079780.22581835,5896680698210329.0,-2.4848476121655894e-10,6882234.598003174,-2.7333323733821485e-09,7739442.097562279,10727560.945423102,1927756542007484.0,1.79157512837139e-07,12780748.18463173,3.006665610720363e-08,1.393922150192811e-07,-1.639999424029289e-08,1.3581735146137655e-07,1.6268825816903696e-08,0.01363667708188232
115,454.0800387008339,EVENT_TRANSPORT_PAUSED,1,5,0.6449999999999971,LEFT,7.268893813651767e-21,1.9563789410052736e-21,7.265142557629025e-21,1.2016921894479439e-07,7.758685059309147e-08,1.2014854348918414e-07,1.0036124056715403,-8.038245816911924e-08,-1.6876993719210687e-10,8.048294766782347e-08,1.608654058369427e-07,-1.639999424029289e-08,1.639999424029289e-08,3.279998848058578e-08,-1.8080001833239615e-07,1.8080001222361905e-07,3.616000305560152e-07,-2.760889838304692e-06,1.3960197760112367e-07,8.512318696925988,7.280482242860123,3.1843757791730155e-13,-2058964.806905007,25490702.6766363,0.0072185794230563505,2.608529070879939e-05,0.3451448241346668,7590984.075301217,10724529.152217925,4435774271035969.0,-3.056362562963675e-08,11696802.614694297,-6.5351492199955e-08,3837844.206892577,6038671.012842847,5894533706141242.0,-2.4848476121655894e-10,6824425.273575801,-2.7333323733821485e-09,7739792.311753211,10730290.189080525,1927751443436893.0,1.79157512837139e-07,12771011.300603757,3.006665610720363e-08,1.3939631588971961e-07,-1.639999424029289e-08,1.358169593321857e-07,1.6268633557820384e-08,0.013655831408426522
116,455.2884988151955,ACTIVE_ONE_B,1,5,0.652499999999997,LEFT,7.268891669355796e-21,1.95640088692508e-21,7.265122756005188e-21,1.2016920712830602e-07,7.75871407053321e-08,1.2014843433149932e-07,1.003623663816325,-8.038248937638376e-08,-1.6848944820926739e-10,8.048312138507617e-08,1.6086561076145993e-07,-1.639999424029289e-08,1.639999424029289e-08,3.279998848058578e-08,-1.8080001958532718e-07,1.8080001336065715e-07,3.6160003294598436e-07,-2.767499283962138e-06,1.3959764500186375e-07,8.512054513951503,7.28063708315482,3.184370162271587e-13,-2023951.2759172479,25484965.02633705,0.007230234825784644,2.481143589427859e-05,0.3446090055700648,7584447.576912286,10704950.750467,4447241642881244.5,-3.056362562963675e-08,11679244.819878116,-6.5351492199955e-08,3844023.8717858396,6042531.170821384,5785107404957118.0,-2.4848476121655894e-10,6996451.948248026,-2.7333323733821485e-09,7740464.5336192,10735519.297326276,1927741279003013.0,1.79157512837139e-07,12751450.743372874,3.006665610720363e-08,1.3938946354115446e-07,-1.639999424029289e-08,1.3581696582732809e-07,1.6268438591486655e-08,0.013624372222959202
117,457.155738382514,EVENT_TRANSPORT_RECOVERY,1,5,0.6574999999999969,LEFT,7.26889054483092e-21,1.956421530784139e-21,7.265103236671006e-21,1.2016920093142962e-07,7.758741360310995e-08,1.201483267297597e-07,1.0036342540105956,-8.03825623964592e-08,-1.6804306669478572e-10,8.048329258533407e-08,1.6086585498179327e-07,-1.639999424029289e-08,1.639999424029289e-08,3.279998848058578e-08,-1.8080002083915514e-07,1.80800014496927e-07,3.616000353360821e-07,-2.7741090853350414e-06,1.3959005308252526e-07,8.511591591878041,7.280814808085445,3.1843595185485144e-13,-1962839.7118022991,25473471.46820671,0.007238005094270173,2.329330984662814e-05,0.34374242877533046,7575933.452533517,10685134.128310625,4475902559321197.5,-3.056362562963675e-08,11661967.034533486,-6.5351492199955e-08,3854431.7544710385,6043887.83441165,5665798985032285.0,-2.4848476121655894e-10,7199901.143988415,-2.7333323733821485e-09,7741124.049798678,10740374.200062111,1927731121104529.0,1.79157512837139e-07,12732827.89776626,3.006665610720363e-08,1.3937823274286842e-07,-1.639999424029289e-08,1.358173592370202e-07,1.6268305973693746e-08,0.013569246977305216
118,462.5758313659008,ACTIVE_ONE_B,1,5,0.6674999999999967,LEFT,7.268886884603758e-21,1.9564351213717523e-21,7.265093306310553e-21,1.201691807611508e-07,7.758759326038797e-08,1.2014827198785644e-07,1.0036412259126353,-8.0382471650739e-08,-1.6833114639646602e-10,8.04833797422195e-08,1.608658513929585e-07,-1.639999424029289e-08,1.639999424029289e-08,3.279998848058578e-08,-1.808000214715673e-07,1.8080001506944472e-07,3.61600036541012e-07,-2.777441311829776e-06,1.395961009706751e-07,8.511960365675229,7.280826787764637,3.184366873692281e-13,-1967321.1765698995,25495392.378613308,0.00725354563124123,2.331561881430133e-05,0.34435809315366533,7578178.894161655,10675641.824537167,4333599128873336.5,-3.056362562963675e-08,11654619.533109521,-6.485452267752189e-08,3849111.0962307774,6005839.519453127,5674293922230059.0,-2.4848476121655894e-10,7110611.968355006,-2.7333323733821485e-09,7741458.286774384,10742815.553692816,1927726002848118.0,1.79157512837139e-07,12722382.615529666,3.006665610720363e-08,1.3938703894253764e-07,-1.639999424029289e-08,1.358166237586435e-07,1.626805122893067e-08,0.013613160947552272
119,463.3125843281912,EVENT_TRANSPORT_RECOVERY,1,5,0.6724999999999965,LEFT,7.268885743483405e-21,1.9564555487516605e-21,7.265074020051e-21,1.2016917447281958e-07,7.75878632933185e-08,1.2014816567067136e-07,1.0036517050542073,-8.038254404008263e-08,-1.6788967263945346e-10,8.048354890134996e-08,1.608660929414326e-07,-1.639999424029289e-08,1.639999424029289e-08,3.279998848058578e-08,-1.8080002272905958e-07,1.8080001620664884e-07,3.616000389357084e-07,-2.7840638305853815e-06,1.3958863269501818e-07,8.511504982853289,7.281001761582334,3.184356286863931e-13,-1906974.3250399819,25484099.26559805,0.007261315899726759,2.1814101617612103e-05,0.34350324938411897,7569850.92332735,10655676.467602905,4362120516005175.5,-3.056362562963675e-08,11645359.240231687,-6.83333093345537e-08,3861686.7061458197,6096763.977175867,5554617539758688.0,-2.4848476121655894e-10,7310834.871699565,-2.7333323733821485e-09,7742094.483452044,10747469.633751985,1927715836095456.0,1.79157512837139e-07,12711162.980449783,3.056362562963675e-08,1.3937601585934538e-07,-1.639999424029289e-08,1.3581704106908464e-07,1.6267918489021695e-08,0.013558933483870828
120,466.47733192036014,EVENT_TRANSPORT_PAUSED,1,5,0.6824999999999963,LEFT,7.268882072423776e-21,1.9564689380993646e-21,7.265064301762922e-21,1.2016915424283775e-07,7.758804028831165e-08,1.2014811209769083e-07,1.0036585737212012,-8.038245276945582e-08,-1.6818173799096377e-10,8.048363416476009e-08,1.608660869342159e-07,-1.639999424029289e-08,1.639999424029289e-08,3.279998848058578e-08,-1.8080002336332558e-07,1.808000167796407e-07,3.616000401429663e-07,-2.7874024952634358e-06,1.3959461968039718e-07,8.511870043065585,7.281011228821278,3.184362102982139e-13,-1887222.3677281113,25511238.646376275,0.007276856436697817,2.185144376698478e-05,0.3441436356292258,7572165.955811042,10645828.245699104,4132213604458268.5,-3.056362562963675e-08,11643582.804385625,-6.83333093345537e-08,3856895.5157727627,6015844.40943517,5585146191077064.0,-2.4848476121655894e-10,7159617.968914101,-2.7333323733821485e-09,7742408.461874512,10749804.99473629,1927710713346785.0,1.79157512837139e-07,12706315.388737598,3.056362562963675e-08,1.3938535360962325e-07,-1.639999424029289e-08,1.3581641555041575e-07,1.626766310111818e-08,0.013602405236537107
121,466.8398045604855,EVENT_TRANSPORT_RECOVERY,1,5,0.6849999999999963,LEFT,7.268881948030697e-21,1.9564881045499876e-21,7.265045259705379e-21,1.2016915355734897e-07,7.758829364994328e-08,1.201480071264124e-07,1.0036684060124894,-8.038256706194426e-08,-1.675740099597343e-10,8.048380119083245e-08,1.608663682527767e-07,-1.639999424029289e-08,1.639999424029289e-08,3.279998848058578e-08,-1.808000246229786e-07,1.8080001791640782e-07,3.6160004253938645e-07,-2.7940297810946646e-06,1.3958405753220555e-07,8.51122600941308,7.281209755978692,3.1843483474657015e-13,-1829105.8845675252,25487888.081275895,0.007280741570940581,2.0102707169011858e-05,0.3429394992884394,7561785.802383891,10625792.479691293,4248092485761873.0,-3.056362562963675e-08,11640081.69159293,-6.83333093345537e-08,3878151.098014658,6207383.965150558,5480560464414181.0,-2.7333323733821485e-09,7453303.785430547,-2.7333323733821485e-09,7743013.330226792,10754229.684685864,1927700549998267.0,1.79157512837139e-07,12697022.590459827,3.056362562963675e-08,1.393694831290693e-07,-1.6399994240292887e-08,1.358171124727074e-07,1.6267593395908007e-08,0.013525713034244324
122,468.00333818839283,EVENT_TRANSPORT_PAUSED,1,5,0.6949999999999961,LEFT,7.268878265053486e-21,1.9565013558451615e-21,7.265035691387416e-21,1.2016913326168628e-07,7.758846881806852e-08,1.2014795438001748e-07,1.0036752038592403,-8.038247537352272e-08,-1.6786926261056632e-10,8.048388512734334e-08,1.6086636050086605e-07,-1.639999424029289e-08,1.639999424029289e-08,3.279998848058578e-08,-1.8080002525911332e-07,1.8080001848988057e-07,3.6160004374899387e-07,-2.7973749434639927e-06,1.3959011210424424e-07,8.51159519076461,7.281217188964951,3.184353602378834e-13,-1806260.7796978056,25516314.907942876,0.007296282107911638,2.0150894710524447e-05,0.3435925841329997,7564218.70089034,10615729.284401713,4016096311100719.0,-3.056362562963675e-08,11638222.312103216,-6.83333093345537e-08,3875042.9433439113,6128316.814136466,5460042889098221.0,-2.4848476121655894e-10,7302291.466643171,-2.7333323733821485e-09,7743331.158429457,10756370.18747735,1927695422696644.0,1.79157512837139e-07,12692506.96914207,3.056362562963675e-08,1.3937904622613204e-07,-1.639999424029289e-08,1.3581652119895458e-07,1.626733784366432e-08,0.013569675536489356
123,469.19693257004076,ACTIVE_ONE_B,1,5,0.7024999999999959,LEFT,7.268876058877282e-21,1.9565225247784248e-21,7.265016728630357e-21,1.2016912110417956e-07,7.758874864736513e-08,1.2014784984561695e-07,1.0036860634138964,-8.038250434234344e-08,-1.6760640672885625e-10,8.048405150671657e-08,1.6086655584906e-07,-1.639999424029289e-08,1.639999424029289e-08,3.279998848058578e-08,-1.8080002652556988e-07,1.808000196303817e-07,3.616000461559516e-07,-2.804031370873261e-06,1.3958622384620082e-07,8.511358101776256,7.28136221144403,3.184348270131634e-13,-1774586.6156386817,25510820.524792872,0.007307937510639932,1.8936568378591367e-05,0.34309760399556205,7558185.751007807,10620516.408243705,4030060632974246.0,-3.056362562963675e-08,11634124.581791552,-6.83333093345537e-08,3887736.612635768,6239538.1419864865,5358704765451354.0,-2.7333323733821485e-09,7463417.9107462615,-2.7333323733821485e-09,7743909.434683048,10760768.61597801,1927685225457315.0,1.79157512837139e-07,12681889.235972775,3.056362562963675e-08,1.393729155656238e-07,-1.639999424029289e-08,1.3581660744502935e-07,1.626714257854579e-08,0.013541442731285214
124,472.8351862294504,ACTIVE_ONE_B,1,5,0.7074999999999958,LEFT,7.268874436586615e-21,1.956533613145304e-21,7.265007262554145e-21,1.2016911216427117e-07,7.758889522219788e-08,1.2014779766270442e-07,1.003691751689478,-8.038249755401811e-08,-1.6756089408433037e-10,8.048413457445606e-08,1.6086663212847417e-07,-1.639999424029289e-08,1.639999424029289e-08,3.279998848058578e-08,-1.8080002716050737e-07,1.80800020201569e-07,3.616000473620764e-07,-2.807366901835806e-06,1.395858925690329e-07,8.511337901941848,7.28142159004099,3.1843475026393756e-13,-1759766.0412204321,25513354.259931095,0.007315707779125461,1.8462399156038423e-05,0.34302869719443735,7556209.275607302,10624216.265215138,3995420657599062.0,-3.056362562963675e-08,11631930.48918247,-6.83333093345537e-08,3890552.839158749,6262214.730270815,5376198561095737.0,-2.7333323733821485e-09,7495115.482935561,-2.7333323733821485e-09,7744181.820875225,10762870.996314496,1927680118335504.0,1.79157512837139e-07,12676376.300674899,3.056362562963675e-08,1.3937232077321618e-07,-1.639999424029289e-08,1.358165102545445e-07,1.626701349433013e-08,0.013539037313834434
125,473.6980712587479,ACTIVE_ONE_B,1,5,0.7149999999999956,LEFT,7.268872209952389e-21,1.956554458684425e-21,7.264988643649248e-21,1.2016909989402275e-07,7.758917077357707e-08,1.2014769502356274e-07,1.0037024453445906,-8.038252558501026e-08,-1.6730500226331505e-10,8.048429789515833e-08,1.6086682348016858e-07,-1.639999424029289e-08,1.639999424029289e-08,3.279998848058578e-08,-1.8080002843072605e-07,1.8080002134304713e-07,3.616000497737732e-07,-2.8140364352058356e-06,1.3958198758820116e-07,8.511099793270924,7.281562319545658,3.1843403130035375e-13,-1697933.1043082178,25514882.233935215,0.0073273631818537525,1.7272915923460808e-05,0.3425686692145535,7550540.669520074,10631497.107728682,3917778838988868.0,-3.056362562963675e-08,11627779.897613293,-6.83333093345537e-08,3909800.2178687383,6345294.381689333,5415177520901405.0,-2.7333323733821485e-09,7598425.284514891,-2.7333323733821485e-09,7744749.26916184,10766710.573533025,1927669911853734.0,1.79157512837139e-07,12666759.120531758,3.056362562963675e-08,1.3936696484981363e-07,-1.6399994240292887e-08,1.3581674333418502e-07,1.6266817279656428e-08,0.0135106830837608
126,476.6912341750333,EVENT_TRANSPORT_RECOVERY,1,5,0.7224999999999955,LEFT,7.268869976134617e-21,1.9565753168037203e-21,7.264970019347728e-21,1.2016908758418562e-07,7.758944648929116e-08,1.2014759235449602e-07,1.0037131454532686,-8.038255368955146e-08,-1.6704927985720392e-10,8.048446133162519e-08,1.6086701502117665e-07,-1.639999424029289e-08,1.639999424029289e-08,3.279998848058578e-08,-1.808000297034688e-07,1.8080002248518397e-07,3.616000521886528e-07,-2.820714770646049e-06,1.395782705445862e-07,8.510873144190413,7.281703639102169,3.184335423014127e-13,-1669564.0435592793,25508721.610314436,0.007339018584582047,1.6082255876348484e-05,0.3420869862176222,7544560.131818516,10638695.439413628,3955208837941710.0,-3.056362562963675e-08,11623062.734344643,-6.83333093345537e-08,3919374.5599368094,6433373.242281542,5609361562823749.0,-2.7333323733821485e-09,7749228.992632493,-2.7333323733821485e-09,7745275.964752432,10770656.306002822,1927659699142612.0,1.79157512837139e-07,12655405.296842083,3.056362562963675e-08,1.3936105400444714e-07,-1.6399994240292887e-08,1.358168430657308e-07,1.626662202535323e-08,0.013483693473723468
127,477.75373213201567,EVENT_TRANSPORT_PAUSED,1,5,0.7299999999999953,LEFT,7.268867301149888e-21,1.9565871721868216e-21,7.264960838949355e-21,1.201690728432188e-07,7.758960320031356e-08,1.2014754174620156e-07,1.003719227204255,-8.038250361641606e-08,-1.6718076987188635e-10,8.048454185300434e-08,1.608670454694204e-07,-1.639999424029289e-08,1.639999424029289e-08,3.279998848058578e-08,-1.8080003034311614e-07,1.8080002305858502e-07,3.616000534017012e-07,-2.824069448736921e-06,1.3958112373986203e-07,8.51104711957321,7.281733120136194,3.1843359954872314e-13,-1625653.3403586578,25529673.25718354,0.007350673987310339,1.589298305326725e-05,0.34241114290977004,7545033.553599308,10642214.0990019,3815241765028103.5,-3.1060595152069866e-08,11620846.598423773,-6.83333093345537e-08,3924443.5684423908,6381100.836769798,5371784547719303.0,-2.7333323733821485e-09,7630025.544118275,-2.7333323733821485e-09,7745537.444081163,10772458.475037044,1927654571801703.0,1.79157512837139e-07,12650338.01070835,3.056362562963675e-08,1.3936617771012472e-07,-1.6399994240292887e-08,1.3581662366652587e-07,1.62664290044098e-08,0.01350441064463448
128,499.0415029327421,ACTIVE_ONE_B,1,5,0.744999999999995,LEFT,7.26886278049122e-21,1.9566282313944745e-21,7.264924300400367e-21,1.2016904793133772e-07,7.759014593877681e-08,1.201473403216609e-07,1.003740290368095,-8.038255795039312e-08,-1.6668409278419713e-10,8.048486247590762e-08,1.6086742042630072e-07,-1.639999424029289e-08,1.639999424029289e-08,3.279998848058578e-08,-1.808000328987908e-07,1.8080002534553456e-07,3.6160005824432534e-07,-2.8374616973803057e-06,1.3957385937387436e-07,8.510604170272055,7.282007333300054,3.184324370164406e-13,-1539562.6169862645,25523836.2748613,0.007373984792766925,1.356217054893083e-05,0.3415013577473044,7533981.18423482,10656071.606250465,3946895488864049.0,-3.1060595152069866e-08,11610789.90124637,-6.83333093345537e-08,3963443.418479875,6563610.65194156,5536107200723480.0,-2.7333323733821485e-09,7880424.223905357,-2.7333323733821485e-09,7746535.289639572,10779505.44853238,1927634121092805.0,1.79157512837139e-07,12627753.390707122,3.056362562963675e-08,1.393554239620297e-07,-1.6399994240292887e-08,1.3581700735694133e-07,1.6266037393853827e-08,0.013451663777638734
129,501.2749927424352,EVENT_TRANSPORT_PAUSED,1,5,0.7524999999999948,LEFT,7.268860088977243e-21,1.9566400138810575e-21,7.264915209427762e-21,1.201690330992738e-07,7.759030168340658e-08,1.2014729020612908e-07,1.00374633472354,-8.03825076697079e-08,-1.6681783748766033e-10,8.048494225670058e-08,1.6086744992640848e-07,-1.639999424029289e-08,1.639999424029289e-08,3.279998848058578e-08,-1.8080003354164858e-07,1.8080002591978182e-07,3.6160005946143037e-07,-2.8408275942748418e-06,1.3957692451714757e-07,8.510791069317769,7.282035819374642,3.184326247560027e-13,-1521311.5365855172,25539672.36648918,0.0073856401954952204,1.3378791542839608e-05,0.34181710717732766,7534306.522671791,10659484.979073664,3879001601277519.5,-3.1060595152069866e-08,11608141.013208138,-6.83333093345537e-08,3962183.0231696935,6523241.4834206,5446658857396302.0,-2.7333323733821485e-09,7813603.6867207615,-2.7333323733821485e-09,7746787.715949113,10781102.607390363,1927628985757990.0,1.79157512837139e-07,12622253.807424918,3.056362562963675e-08,1.393602712434173e-07,-1.6399994240292887e-08,1.358167030718084e-07,1.6265845066608833e-08,0.013473919911873855
130,502.34068730622903,EVENT_TRANSPORT_RECOVERY,1,5,0.7599999999999947,LEFT,7.268858204062101e-21,1.956668741013469e-21,7.264888367210492e-21,1.201690227121133e-07,7.759068140509719e-08,1.201471422335996e-07,1.00376107159576,-8.038261067957801e-08,-1.662005586237285e-10,8.048517780797508e-08,1.608677884875531e-07,-1.639999424029289e-08,1.639999424029289e-08,3.279998848058578e-08,-1.8080003546474538e-07,1.8080002763520432e-07,3.616000630999497e-07,-2.850889898153852e-06,1.3956689976966607e-07,8.510179804012756,7.2822743491778255,3.184312658809088e-13,-1452685.721119415,25519436.983654466,0.007397295598223512,1.1274222748713925e-05,0.34062359929662744,7523308.419604767,10639423.388094367,4047454149562127.5,-3.1060595152069866e-08,11599968.897394653,-6.83333093345537e-08,4003487.478306357,6725163.945116229,5755720590067655.0,-2.7333323733821485e-09,8120011.097906587,-2.7333323733821485e-09,7747471.651747098,10785851.964969324,1927613644696031.0,1.79157512837139e-07,12604770.4378671,3.056362562963675e-08,1.393452683053471e-07,-1.6399994240292887e-08,1.3581745519686019e-07,1.6265645475863018e-08,0.013401129798741973
131,503.7637568961427,ACTIVE_ONE_B,1,5,0.7674999999999945,LEFT,7.268855498608702e-21,1.9566804190121203e-21,7.264879394665242e-21,1.2016900780322747e-07,7.759083576644465e-08,1.2014709277075587e-07,1.0037670623494295,-8.038256015926539e-08,-1.6633675832101806e-10,8.048525657126768e-08,1.6086781673053307e-07,-1.639999424029289e-08,1.639999424029289e-08,3.279998848058578e-08,-1.8080003611019833e-07,1.8080002821014162e-07,3.6160006432033995e-07,-2.8542648802254433e-06,1.3957002931606687e-07,8.510370630079823,7.282301736774314,3.184314766130833e-13,-1438089.0818338702,25534195.9366395,0.007408951000951807,1.1098658318942078e-05,0.34094284923635687,7523731.0817737235,10641025.828340335,4004399138134339.0,-3.1060595152069866e-08,11597009.633502437,-6.83333093345537e-08,4005858.730175364,6699348.422341136,5603315115133556.0,-2.7333323733821485e-09,8054794.010079142,-2.7333323733821485e-09,7747674.612667416,10787442.39143507,1927608502847773.0,1.79157512837139e-07,12598329.00182924,3.056362562963675e-08,1.393501129471125e-07,-1.6399994240292887e-08,1.3581714655532346e-07,1.6265453237714545e-08,0.013423853566795652
132,507.17818531221195,EVENT_TRANSPORT_RECOVERY,1,5,0.789999999999994,LEFT,7.268848495335632e-21,1.9567400314712983e-21,7.264826785479132e-21,1.2016896921041888e-07,7.75916237223304e-08,1.2014680275190037e-07,1.003797643236552,-8.038263609210543e-08,-1.6563938969553444e-10,8.048571833529795e-08,1.6086835442740337e-07,-1.639999424029289e-08,1.639999424029289e-08,3.279998848058578e-08,-1.8080003998256157e-07,1.8080003165090851e-07,3.616000716334701e-07,-2.87448929858769e-06,1.395601724838607e-07,8.509769603514705,7.282687761052886,3.1842973483720593e-13,-1305539.2837508619,25528473.301465433,0.007443917209136685,7.756219082444282e-06,0.33969150847638385,7508474.378403691,10616857.449088776,4130197798740897.5,-3.1060595152069866e-08,11578716.536539163,-6.83333093345537e-08,4075023.5201542345,6924099.416684706,5819115515741359.0,-2.7333323733821485e-09,8367136.586485617,-2.7333323733821485e-09,7748832.672166975,10795836.437278168,1927577729174245.0,1.79157512837139e-07,12560695.589791967,3.056362562963675e-08,1.3933595962127022e-07,-1.6399994240292887e-08,1.3581793730058358e-07,1.6264864870756818e-08,0.013352282693540829
133,507.52881723444807,ACTIVE_ONE_B,1,5,0.792499999999994,LEFT,7.268847458432196e-21,1.956741091398864e-21,7.264826762455004e-21,1.2016896349637202e-07,7.759163773227972e-08,1.2014680262497486e-07,1.0037981869739803,-8.038259370905695e-08,-1.6580999812618886e-10,8.048571853792407e-08,1.6086831224698102e-07,-1.639999424029289e-08,1.639999424029289e-08,3.279998848058578e-08,-1.8080003998413535e-07,1.8080003165230392e-07,3.616000716364393e-07,-2.8744975097971803e-06,1.3956336712226608e-07,8.509964398607837,7.2826617546248755,3.184300130854379e-13,-1304016.8449411318,25540489.49530924,0.00744780234337945,8.01842164732669e-06,0.3400540610980845,7510548.674881482,10616861.172654318,4078197353757904.5,-3.1060595152069866e-08,11578708.724105412,-6.83333093345537e-08,4070542.964616897,6876982.816099333,5670576757855887.0,-2.7333323733821485e-09,8276474.084671134,-2.7333323733821485e-09,7748833.068140197,10795839.693145068,1927577716693510.0,1.79157512837139e-07,12560678.550854843,3.056362562963675e-08,1.3934095836618935e-07,-1.6399994240292887e-08,1.35817679687649e-07,1.626480190174305e-08,0.013375479097377685
134,508.15052202028573,EVENT_TRANSPORT_RECOVERY,1,5,0.7974999999999939,LEFT,7.268846125131831e-21,1.9567596269830025e-21,7.264809560171228e-21,1.2016895614897461e-07,7.759188273178336e-08,1.201467077935773e-07,1.0038076956339836,-8.038266066246353e-08,-1.6541363924559565e-10,8.048586953556979e-08,1.608685301980333e-07,-1.639999424029289e-08,1.639999424029289e-08,3.279998848058578e-08,-1.808000412786075e-07,1.8080003279924834e-07,3.6160007407785584e-07,-2.881249232977723e-06,1.395571121265161e-07,8.50958299629401,7.282812864029054,3.1842911020587917e-13,-1252803.3043101085,25528632.478375502,0.0074555726118649785,6.663591093247767e-06,0.3392947024155634,7503677.535799767,10620081.94383358,4157794034675541.5,-3.1060595152069866e-08,11572265.557020536,-6.83333093345537e-08,4106047.998718219,7006343.030622653,5767064010997948.0,-2.7333323733821485e-09,8450937.420345716,-2.7333323733821485e-09,7749189.480889797,10798274.039971981,1927567457921734.0,1.79157512837139e-07,12547998.429943787,3.056362562963675e-08,1.3933162924962717e-07,-1.6399994240292887e-08,1.3581825975780625e-07,1.626466840512387e-08,0.013330061310134589
135,509.6338658296695,ACTIVE_ONE_B,1,5,0.8049999999999937,LEFT,7.268843378580895e-21,1.9567710469049588e-21,7.264800886800208e-21,1.2016894101359665e-07,7.759203367717104e-08,1.2014665997964268e-07,1.0038135539956266,-8.038260951645965e-08,-1.6555626103551345e-10,8.048594570423678e-08,1.6086855522069643e-07,-1.639999424029289e-08,1.639999424029289e-08,3.279998848058578e-08,-1.8080004192999063e-07,1.808000333757823e-07,3.6160007530577293e-07,-2.8846450306208027e-06,1.3956024996553552e-07,8.509774328008733,7.282836985128436,3.184293144889267e-13,-1240194.5571831428,25543016.211474586,0.007467228014593271,6.508044844588667e-06,0.33962872536703825,7504171.370573595,10621587.845379267,4113459759467846.0,-3.1060595152069866e-08,11568787.368920343,-6.83333093345537e-08,4108863.941454306,6980886.624851675,5593146403569224.0,-2.7333323733821485e-09,8381810.865683205,-2.7333323733821485e-09,7749353.9078939175,10799511.64563317,1927562301021879.0,1.79157512837139e-07,12540965.532594258,3.056362562963675e-08,1.3933666490380337e-07,-1.6399994240292887e-08,1.358179668440885e-07,1.6264476227265844e-08,0.013352845291240811
136,510.6315446816062,ACTIVE_ONE_B,1,5,0.8124999999999936,LEFT,7.268840976309413e-21,1.9567904842566802e-21,7.264783851719972e-21,1.201689277754313e-07,7.759229059338989e-08,1.2014656606976937e-07,1.0038235252577947,-8.038263372422866e-08,-1.653347104653158e-10,8.048609525754423e-08,1.608687289817729e-07,-1.639999424029289e-08,1.639999424029289e-08,3.279998848058578e-08,-1.8080004323001783e-07,1.808000345252031e-07,3.6160007775522095e-07,-2.8914189647011312e-06,1.395572180747525e-07,8.509589456554597,7.2829600372015575,3.1842869860165455e-13,-1188416.8932366194,25543041.940716743,0.007478883417321565,5.427908671085113e-06,0.3392400664664187,7499489.337629461,10624610.28302343,4140451529969494.5,-3.1060595152069866e-08,11562026.551656144,-6.83333093345537e-08,4140827.4161480577,7061479.16886261,5541800715310493.0,-2.7333323733821485e-09,8463903.300835095,-2.7333323733821485e-09,7749688.774165036,10801683.288373547,1927552019587526.0,1.79157512837139e-07,12528020.998442965,3.056362562963675e-08,1.393324549126794e-07,-1.6399994240292887e-08,1.3581829819896243e-07,1.626427976401534e-08,0.0133308306047355
137,512.4966887358737,ACTIVE_ONE_B,1,5,0.8174999999999935,LEFT,7.26883924866328e-21,1.9568007696894196e-21,7.264775293933362e-21,1.2016891825491302e-07,7.759242654200816e-08,1.201465188929091e-07,1.0038288016322632,-8.038262480306471e-08,-1.6530879611564313e-10,8.04861704235886e-08,1.6086879522665332e-07,-1.639999424029289e-08,1.639999424029289e-08,3.279998848058578e-08,-1.8080004388182186e-07,1.8080003510088477e-07,3.6160007898270664e-07,-2.8948135690765042e-06,1.3955734185342186e-07,8.509597004037087,7.283009186191786,3.184286366160911e-13,-1178076.2407200206,25545264.847379588,0.007486653685807094,5.0161162660211644e-06,0.3392150514326613,7497967.926715747,10626011.17856712,4147866177912163.5,-3.1060595152069866e-08,11558399.520539891,-6.83333093345537e-08,4148421.8938348205,7081972.403786961,5516819317906830.0,-2.7333323733821485e-09,8484263.93234811,-2.7333323733821485e-09,7749840.463593845,10802812.570340147,1927546870054081.0,1.79157512837139e-07,12520812.008892143,3.056362562963675e-08,1.3933254741831507e-07,-1.6399994240292887e-08,1.3581826601397071e-07,1.6264150562359505e-08,0.013331729366860223
138,514.3356373631718,EVENT_TRANSPORT_RECOVERY,1,5,0.8299999999999932,LEFT,7.268835348174107e-21,1.9568381910311787e-21,7.264741773080778e-21,1.2016889676052983e-07,7.759292115788787e-08,1.2014633410077722e-07,1.003847998589478,-8.038271484759865e-08,-1.6470742345135334e-10,8.048646476311869e-08,1.6086917961071734e-07,-1.639999424029289e-08,1.639999424029289e-08,3.279998848058578e-08,-1.8080004649097483e-07,1.808000374012487e-07,3.616000838922235e-07,-2.908390809297501e-06,1.3954895746641023e-07,8.509085760747071,7.283275323627237,3.184271736006812e-13,-1079361.83797412,25533213.236231484,0.007506079357020915,2.6267023628401276e-06,0.33809865247620546,7486738.864862751,10631583.856586311,4251105806943818.0,-3.1060595152069866e-08,11544084.55707981,-6.83333093345537e-08,4219978.8443348035,7284511.245875553,5565600614881640.0,-2.7333323733821485e-09,8733275.780752016,-2.7333323733821485e-09,7750457.620199842,10806670.804833008,1927526292203963.0,1.79157512837139e-07,12493831.141124275,3.056362562963675e-08,1.3931952423167304e-07,-1.6399994240292887e-08,1.358192177238804e-07,1.626382043751889e-08,0.013270849980098198
139,515.3556788484422,EVENT_TRANSPORT_PAUSED,1,5,0.8349999999999931,LEFT,7.268833269132371e-21,1.95684031631766e-21,7.264741726836032e-21,1.2016888530357404e-07,7.759294924863268e-08,1.2014633384584103e-07,1.003849088850589,-8.038263016551557e-08,-1.6504847979555788e-10,8.048646517072046e-08,1.60869095336236e-07,-1.639999424029289e-08,1.639999424029289e-08,3.279998848058578e-08,-1.8080004649415475e-07,1.8080003740404833e-07,3.616000838982031e-07,-2.9084073456253634e-06,1.3955473278653731e-07,8.509437914537035,7.283223326505016,3.1842769044254343e-13,-1076925.745820826,25557116.45774367,0.007513849625506443,3.150570639931516e-06,0.338826239306767,7490618.198848742,10631590.190569606,4122975606904962.0,-3.1060595152069866e-08,11544067.742737766,-6.83333093345537e-08,4203189.280348541,7170949.229428016,5331152945692168.0,-2.7333323733821485e-09,8545374.29938868,-2.7333323733821485e-09,7750458.250146359,10806676.11538098,1927526267159281.0,1.79157512837139e-07,12493796.25205452,3.056362562963675e-08,1.39329502340444e-07,-1.6399994240292887e-08,1.358186980295231e-07,1.6263694647217787e-08,0.013312784822467005
140,516.8185750027366,ACTIVE_ONE_B,1,5,0.8449999999999929,LEFT,7.268829974257915e-21,1.9568685060035493e-21,7.264716832024598e-21,1.2016886714653584e-07,7.759332184084082e-08,1.201461966065624e-07,1.003863550015488,-8.038268706448011e-08,-1.646466095431117e-10,8.048668384175216e-08,1.6086937090623227e-07,-1.639999424029289e-08,1.639999424029289e-08,3.279998848058578e-08,-1.808000484584812e-07,1.808000391316151e-07,3.6160008759009626e-07,-2.918617254543676e-06,1.3954939514602753e-07,8.509112448537987,7.283413741683723,3.184267860179696e-13,-1019356.3034353703,25546933.992565908,0.007529390162477501,1.4375683540235329e-06,0.3380799636664499,7482810.82892391,10635374.796558557,4230081458512928.5,-3.1060595152069866e-08,11532602.300396666,-6.83333093345537e-08,4254238.99107139,7330251.468171018,5342267537245144.0,-2.7333323733821485e-09,8736075.162450276,-2.7333323733821485e-09,7750865.450349059,10809319.391605558,1927510812356632.0,1.79157512837139e-07,12472327.352408377,3.056362562963675e-08,1.393208641964231e-07,-1.6399994240292887e-08,1.3581929248643655e-07,1.6263431783446773e-08,0.013274027990209492
141,519.6882852360139,EVENT_TRANSPORT_RECOVERY,1,5,0.8474999999999928,LEFT,7.268829219062416e-21,1.9568775485217626e-21,7.264708544701884e-21,1.2016886298488528e-07,7.759344135797462e-08,1.201461509204191e-07,1.003868188781152,-8.038272012501373e-08,-1.6445606409011688e-10,8.048675666617528e-08,1.60869476791189e-07,-1.639999424029289e-08,1.639999424029289e-08,3.279998848058578e-08,-1.8080004911407538e-07,1.80800039707377e-07,3.616000888214524e-07,-2.922022562801274e-06,1.395467394307606e-07,8.508950514623375,7.283486042976645,3.1842648602902577e-13,-1012015.0390215479,25536841.305780992,0.007533275296720266,7.793647202047893e-07,0.3377017268041161,7479361.626622319,10636518.383722872,4288637470924751.5,-3.1060595152069866e-08,11528569.292246472,-6.83333093345537e-08,4266660.132565955,7394805.672854366,5467746269084016.0,-2.7333323733821485e-09,8844237.262642981,-2.7333323733821485e-09,7750986.138851294,10810179.04565596,1927505661424040.0,1.79157512837139e-07,12464655.572216839,3.056362562963675e-08,1.3931612538951973e-07,-1.6399994240292887e-08,1.3581952705065258e-07,1.626336548478242e-08,0.013254744729949586
142,521.8363384907279,EVENT_TRANSPORT_PAUSED,1,5,0.8549999999999927,LEFT,7.268826383267417e-21,1.9568885691140387e-21,7.264700359904606e-21,1.2016884735768708e-07,7.759358701929034e-08,1.2014610579944132e-07,1.0038738422887086,-8.038266807052855e-08,-1.6460927768652259e-10,8.048682855003279e-08,1.6086949662056133e-07,-1.639999424029289e-08,1.639999424029289e-08,3.279998848058578e-08,-1.8080004977354227e-07,1.8080004028613063e-07,3.616000900596729e-07,-2.925446854318281e-06,1.3954967722710726e-07,8.509129648609866,7.283504409637322,3.1842650407650836e-13,-972378.3740566913,25557114.378202036,0.007544930699448558,6.561010824635005e-07,0.33807671950000817,7480135.359503861,10637702.713758701,4180473163467802.0,-3.1060595152069866e-08,11524745.591163902,-6.83333093345537e-08,4273350.613347469,7334639.829632875,5210413045991467.0,-2.7333323733821485e-09,8711870.666391542,-2.7333323733821485e-09,7751108.5854516765,10810855.612675099,1927500483641322.0,1.79157512837139e-07,12457904.997239439,3.056362562963675e-08,1.3932192384696888e-07,-1.6399994240292887e-08,1.3581936577351216e-07,1.6263172602535444e-08,0.013276076192794584
143,522.5240538625394,ACTIVE_ONE_B,1,5,0.8599999999999925,LEFT,7.26882487303699e-21,1.9569063380592696e-21,7.264684101189802e-21,1.201688390352678e-07,7.75938218737504e-08,1.201460161686408e-07,1.0038829576668673,-8.038273307323316e-08,-1.6423463522192626e-10,8.048697138035099e-08,1.6086970445358415e-07,-1.639999424029289e-08,1.639999424029289e-08,3.279998848058578e-08,-1.8080005108812428e-07,1.8080004143859694e-07,3.616000925267212e-07,-2.9322694619082768e-06,1.39544232205852e-07,8.508797635002088,7.283644850756698,3.184256747686224e-13,-923245.489797201,25545122.533144347,0.007552700967934087,-6.358336273049048e-07,0.337357793845715,7473973.049605941,10629022.584420599,4222334400721549.5,-3.1060595152069866e-08,11516837.890296008,-6.83333093345537e-08,4318594.255146766,7475359.7025972465,5245578548577757.0,-2.7333323733821485e-09,8883942.304625882,-2.7333323733821485e-09,7751363.54895248,10812124.113545248,1927490172920208.0,1.79157512837139e-07,12443983.00085732,3.056362562963675e-08,1.393132703807441e-07,-1.6399994240292887e-08,1.3581999922980163e-07,1.626303888520664e-08,0.013236539664427394
144,523.5303921486206,EVENT_TRANSPORT_RECOVERY,1,5,0.8649999999999924,LEFT,7.268823351799345e-21,1.9569239723837123e-21,7.264667988103005e-21,1.2016883065218995e-07,7.759405494750445e-08,1.2014592734052426e-07,1.0038920039852495,-8.038279761270812e-08,-1.6386330919321068e-10,8.048711294242954e-08,1.6086991055513764e-07,-1.639999424029289e-08,1.639999424029289e-08,3.279998848058578e-08,-1.80800052405427e-07,1.8080004259182192e-07,3.616000949972489e-07,-2.939101691801227e-06,1.3953885814096707e-07,8.508469948003775,7.283783510139038,3.184248531918534e-13,-874828.8930680938,25533266.507594436,0.007560471236419616,-1.9170051521744114e-06,0.33664653437284886,7467671.837827255,10612390.15598258,4191241949002152.0,-3.1060595152069866e-08,11508775.534080416,-6.83333093345537e-08,4358693.2043968905,7595133.729921816,5344379142862476.0,-2.7333323733821485e-09,9047760.069363829,-2.7333323733821485e-09,7751610.684516152,10813397.777389253,1927479855072665.0,1.79157512837139e-07,12429703.999675537,3.056362562963675e-08,1.3930476354587377e-07,-1.6399994240292887e-08,1.358206414945928e-07,1.626290512616724e-08,0.013197518353249782
145,526.0602055773388,EVENT_TRANSPORT_PAUSED,1,5,0.8749999999999922,LEFT,7.268819460083568e-21,1.9569359848552926e-21,7.2646598673472e-21,1.2016880920612294e-07,7.759421371614438e-08,1.2014588257242647e-07,1.0038981663218234,-8.038270296419228e-08,-1.6418936395610426e-10,8.048718431319687e-08,1.6086988727738915e-07,-1.639999424029289e-08,1.639999424029289e-08,3.279998848058578e-08,-1.8080005306992113e-07,1.8080004317293385e-07,3.6160009624285497e-07,-2.942546407869173e-06,1.3954492631595832e-07,8.508839958803922,7.283774831113805,3.1842522814861434e-13,-859565.200829355,25560558.24098681,0.007576011773390673,-1.772305667779861e-06,0.33737987512521034,7470242.346938863,10603877.835511874,4080012920283367.0,-3.1060595152069866e-08,11504552.339131204,-6.83333093345537e-08,4351450.017907741,7500015.053045439,5085467465400408.0,-2.7333323733821485e-09,8877254.463556018,-2.7333323733821485e-09,7751733.176735368,10814026.435810465,1927474655764903.0,1.79157512837139e-07,12422265.082707057,3.056362562963675e-08,1.3931528228143254e-07,-1.6399994240292887e-08,1.3582013770923768e-07,1.6262650044696935e-08,0.013241579627105482
146,526.9053859622888,ACTIVE_ONE_B,1,5,0.8799999999999921,LEFT,7.268817912990965e-21,1.9569535166878584e-21,7.264643882607238e-21,1.2016880068056205e-07,7.759444543292189e-08,1.2014579445166403e-07,1.003907160062396,-8.038276731903983e-08,-1.6382089493766953e-10,8.048732479784971e-08,1.6087009211688954e-07,-1.639999424029289e-08,1.639999424029289e-08,3.279998848058578e-08,-1.808000543913329e-07,1.808000443273098e-07,3.6160009871864265e-07,-2.9493931843482812e-06,1.395396347745541e-07,8.508517303726933,7.283912603257288,3.1842447142176266e-13,-816725.2385269925,25546712.234459203,0.007583782041876202,-3.0456319992655523e-06,0.33666919854638333,7464085.039512359,10587453.318585472,4075885635325057.0,-3.1060595152069866e-08,11496036.381283598,-6.83333093345537e-08,4393574.752264312,7633175.55240426,5124475606967476.0,-2.7333323733821485e-09,9042382.445091588,-2.7333323733821485e-09,7751929.718581005,10815231.700946173,1927464327111923.0,1.79157512837139e-07,12406844.632221315,3.056362562963675e-08,1.393066969969421e-07,-1.6399994240292887e-08,1.3582075503245411e-07,1.6262516489004733e-08,0.013203157522392539
147,528.4792562146736,ACTIVE_ONE_B,1,5,0.884999999999992,LEFT,7.268816088561429e-21,1.9569633490046498e-21,7.264635874719981e-21,1.2016879062667937e-07,7.759457538523202e-08,1.201457503056905e-07,1.0039122039906974,-8.038275720392342e-08,-1.6380753625556505e-10,8.048739519601314e-08,1.6087015239993656e-07,-1.639999424029289e-08,1.639999424029289e-08,3.279998848058578e-08,-1.8080005505467885e-07,1.8080004490619283e-07,3.616000999608717e-07,-2.952828561442189e-06,1.3953996495810718e-07,8.508537436877484,7.28395537714476,3.1842438659519727e-13,-805092.8537398372,25549684.05076339,0.007591552310361731,-3.420364367512363e-06,0.3366737324621852,7462853.476125846,10579140.363860749,4048783253813279.5,-3.1060595152069866e-08,11491661.29012207,-6.83333093345537e-08,4403331.191714413,7651276.015843874,5098979583989426.0,-2.7333323733821485e-09,9059270.146175414,-2.7333323733821485e-09,7752035.353754544,10815700.051196368,1927459147492534.0,1.79157512837139e-07,12399319.514072757,3.056362562963675e-08,1.3930725341805196e-07,-1.6399994240292887e-08,1.3582076394473237e-07,1.626238717539929e-08,0.013205554999059954
148,530.3045346165547,EVENT_TRANSPORT_RECOVERY,1,5,0.8974999999999917,LEFT,7.268811848517517e-21,1.9569990162556315e-21,7.264604447512913e-21,1.2016876726106558e-07,7.75950467904805e-08,1.2014557705310618e-07,1.0039305011083013,-8.038284244431711e-08,-1.6325411980855045e-10,8.048767143370876e-08,1.6087051387802587e-07,-1.639999424029289e-08,1.639999424029289e-08,3.279998848058578e-08,-1.8080005771012534e-07,1.8080004721945487e-07,3.6160010492958024e-07,-2.9665694956104716e-06,1.395324628551083e-07,8.50807999141202,7.284198009695545,3.184230384110281e-13,-712914.1214680225,25537266.435739174,0.007610977981575553,-5.66738981211401e-06,0.3356531011013572,7452815.2495191,10546107.75514842,3958009535034496.0,-3.1060595152069866e-08,11474201.406013515,-6.83333093345537e-08,4478256.397160628,7834227.052899927,5152212661206504.0,2.4848476121655894e-10,9285710.458275631,-2.7333323733821485e-09,7752431.698573243,10817383.755498538,1927438448484950.0,1.79157512837139e-07,12369297.910578348,3.056362562963675e-08,1.3929575068330963e-07,-1.6399994240292884e-08,1.3582180845201643e-07,1.626205683736405e-08,0.013151081913626017
149,531.9679022123527,ACTIVE_ONE_B,1,5,0.9049999999999916,LEFT,7.268808947955724e-21,1.9570098239608318e-21,7.264596540369506e-21,1.2016875127693188e-07,7.759518963212052e-08,1.2014553346235695e-07,1.003936045405875,-8.03827899412284e-08,-1.6341395784953963e-10,8.048774098126616e-08,1.6087053092249456e-07,-1.639999424029289e-08,1.639999424029289e-08,3.279998848058578e-08,-1.8080005837855038e-07,1.808000478007245e-07,3.6160010617927486e-07,-2.9700255188558344e-06,1.3953575009771923e-07,8.508280433105032,7.2842137122474675,3.1842321190097655e-13,-704449.2974199671,25551055.613406196,0.007622633384303846,-5.77334189033607e-06,0.3360263184586077,7453477.1329532005,10537897.883817036,3903539138865606.0,-3.1060595152069866e-08,11469513.616809566,-6.83333093345537e-08,4478669.931212649,7799701.8313117605,5160187054258244.0,2.4848476121655894e-10,9207040.737675738,-2.7333323733821485e-09,7752508.069388608,10817839.648452617,1927433247088761.0,1.79157512837139e-07,12360899.815625504,3.056362562963675e-08,1.3930127726334967e-07,-1.6399994240292884e-08,1.3582154561452092e-07,1.6261864862067372e-08,0.01317495072049435
150,533.2609647961169,ACTIVE_ONE_B,1,5,0.9124999999999914,LEFT,7.268806252609588e-21,1.9570280588496623e-21,7.264581000826811e-21,1.2016873642367684e-07,7.759543063504323e-08,1.2014544779538437e-07,1.0039453998107208,-8.038281129901423e-08,-1.6322667609282299e-10,8.048787762233114e-08,1.6087068892134536e-07,-1.639999424029289e-08,1.639999424029289e-08,3.279998848058578e-08,-1.808000597126303e-07,1.808000489596337e-07,3.61600108672264e-07,-2.9769198655049678e-06,1.3953352613102264e-07,8.508144825332005,7.284320448968091,3.184226954844762e-13,-661325.886454952,25549697.282131404,0.0076342887870321395,-6.755496683163997e-06,0.33570321913739865,7449460.75646331,10521718.358517064,3845653556177203.0,-3.1060595152069866e-08,11460348.959138248,-6.83333093345537e-08,4511163.365561849,7863747.544974956,5218898978139870.0,2.4848476121655894e-10,9271769.442337867,-2.7333323733821485e-09,7752666.22475652,10818379.885584414,1927422876528093.0,1.79157512837139e-07,12345419.786182513,3.056362562963675e-08,1.392980383025279e-07,-1.6399994240292884e-08,1.3582192519890287e-07,1.626166845173084e-08,0.013158802404764192
151,533.9264353374786,EVENT_TRANSPORT_PAUSED,1,5,0.9174999999999913,LEFT,7.268804370527911e-21,1.957037621734258e-21,7.264573320023893e-21,1.2016872605207943e-07,7.759555702310331e-08,1.2014540545232145e-07,1.0039503055216816,-8.038280064122332e-08,-1.6322024211804098e-10,8.048794514663334e-08,1.6087074578785667e-07,-1.639999424029289e-08,1.639999424029289e-08,3.279998848058578e-08,-1.808000603815271e-07,1.8080004954009094e-07,3.6160010992161804e-07,-2.9803749468371166e-06,1.3953379027236137e-07,8.508160931516853,7.284359599962358,3.1842246640580597e-13,-626579.0353671033,25557897.527635165,0.007642059055517668,-7.108991131765663e-06,0.3357377044779018,7448441.5402481,10513677.19644706,3760414046281726.0,-3.1060595152069866e-08,11455818.887079174,-6.83333093345537e-08,4523334.488140471,7845835.254043526,5258640412889148.0,2.4848476121655894e-10,9225147.788019165,-2.7333323733821485e-09,7752743.791794082,10818593.41667903,1927417682149882.0,1.79157512837139e-07,12337832.451472078,3.056362562963675e-08,1.39299184462749e-07,-1.6399994240292884e-08,1.3582204102974952e-07,1.6261538485371652e-08,0.013160720346135246
152,537.2809896670594,ACTIVE_ONE_B,1,5,0.932499999999991,LEFT,7.268798860527111e-21,1.9570739036086007e-21,7.264542548150349e-21,1.2016869568807867e-07,7.759603653949424e-08,1.2014523581150518e-07,1.003968917937931,-8.038284335443297e-08,-1.6285322768570268e-10,8.048821585109827e-08,1.6087105920553124e-07,-1.639999424029289e-08,1.639999424029289e-08,3.279998848058578e-08,-1.8080006306085436e-07,1.8080005186110193e-07,3.616001149219563e-07,-2.9942033530350187e-06,1.3952969469981463e-07,8.507911201395808,7.284570490665457,3.184216360238414e-13,-571124.4536882341,25548848.8331746,0.007665369860974254,-9.05726271516194e-06,0.33508507683356087,7440374.357292779,10481645.842745382,3706862966341584.0,-3.1060595152069866e-08,11436646.077796744,-6.83333093345537e-08,4583277.731124429,8000595.943428973,5351643008534401.0,2.4848476121655894e-10,9408860.972376961,-2.7333323733821485e-09,7753016.082956036,10819252.354537062,1927396911124352.0,1.79157512837139e-07,12305780.039074408,3.056362562963675e-08,1.3929243214484733e-07,-1.6399994240292884e-08,1.358226982501357e-07,1.6261146513752243e-08,0.013130982221602139
153,538.0019779197135,EVENT_TRANSPORT_PAUSED,1,5,0.9374999999999911,LEFT,7.268796938892585e-21,1.9570833802006037e-21,7.264534993192873e-21,1.2016868509850995e-07,7.759616178511237e-08,1.201451941620617e-07,1.0039737793812324,-8.038283264508233e-08,-1.6284963364802694e-10,8.048828229573868e-08,1.6087111494082102e-07,-1.639999424029289e-08,1.639999424029289e-08,3.279998848058578e-08,-1.8080006373325466e-07,1.8080005244256403e-07,3.616001161758187e-07,-2.9976709019496894e-06,1.395300094148559e-07,8.50793039134409,7.284608469848858,3.184214155258758e-13,-537452.7163623152,25556907.2735825,0.0076731401294597825,-9.403725248047223e-06,0.3351242489367764,7439395.967200984,10473748.244653717,3622479731953349.0,-3.1060595152069866e-08,11431924.009494632,-6.83333093345537e-08,4595023.314628628,7981448.116899412,5384370945302810.0,2.4848476121655894e-10,9361072.57074519,-2.7333323733821485e-09,7753079.84821078,10819298.90242796,1927391707337678.0,1.79157512837139e-07,12298077.94213631,3.056362562963675e-08,1.3929363839788826e-07,-1.6399994240292884e-08,1.358228158266024e-07,1.6261016594890123e-08,0.01313326738075471
154,542.2575748269595,ACTIVE_ONE_B,1,5,0.9524999999999908,LEFT,7.268791269851952e-21,1.9571193232579156e-21,7.264504719176194e-21,1.2016865385806574e-07,7.759663681617892e-08,1.2014502726527398e-07,1.0039922179860752,-8.038287517935619e-08,-1.6249390170236422e-10,8.048854873159786e-08,1.6087142391095403e-07,-1.639999424029289e-08,1.639999424029289e-08,3.279998848058578e-08,-1.8080006642662858e-07,1.8080005476762114e-07,3.616001211942497e-07,-3.0115493436788654e-06,1.3952611266440527e-07,8.507692784525847,7.284814796184248,3.1842063462653534e-13,-486022.8246709388,25547364.444631547,0.007696450934916369,-1.1324349958430346e-05,0.33448898894248,7431532.844478621,10438746.990738165,3571854917600040.0,-3.1060595152069866e-08,11412004.001496533,-6.83333093345537e-08,4646785.455827509,8131760.729508079,5257286757342184.0,2.4848476121655894e-10,9540547.242812924,-2.7333323733821485e-09,7753299.382728618,10819335.645078763,1927370898445146.0,1.79157512837139e-07,12265573.808187494,3.056362562963675e-08,1.3928712769806143e-07,-1.6399994240292884e-08,1.3582348078886858e-07,1.6260624744707743e-08,0.013104972911824442
155,543.0778890507718,EVENT_TRANSPORT_PAUSED,1,5,0.9574999999999907,LEFT,7.268789306761864e-21,1.9571287182132164e-21,7.264497287310981e-21,1.2016864304003993e-07,7.759676098094142e-08,1.2014498629427928e-07,1.0039970375501652,-8.038286445441182e-08,-1.62493071127526e-10,8.048861412163359e-08,1.608714785760454e-07,-1.639999424029289e-08,1.639999424029289e-08,3.279998848058578e-08,-1.8080006710255693e-07,1.8080005535010378e-07,3.6160012245266073e-07,-3.0150294718644943e-06,1.3952647479579847e-07,8.507714865716114,7.284851665555782,3.1842042212291246e-13,-453263.65638192557,25555296.892088562,0.007704221203401898,-1.1664159907942562e-05,0.33453275232443763,7430592.794596974,10429764.860273067,3488332457533935.0,-3.1060595152069866e-08,11407098.419811225,-6.83333093345537e-08,4657124.724453667,8111537.871406441,5254743805135586.0,2.4848476121655894e-10,9491746.327001687,-2.7333323733821485e-09,7753350.370018043,10819234.768745868,1927365685111745.0,1.79157512837139e-07,12257763.20084849,3.056362562963675e-08,1.392883920305983e-07,-1.6399994240292884e-08,1.3582360037573753e-07,1.6260494871185552e-08,0.01310760236310271
156,552.2053318279103,ACTIVE_ONE_B,1,5,0.9724999999999904,LEFT,7.268783474908056e-21,1.957164338886849e-21,7.264467498491156e-21,1.2016861090235665e-07,7.759723174407234e-08,1.2014482207175522e-07,1.0040153107738268,-8.03829069284091e-08,-1.6214825913333248e-10,8.04888764044776e-08,1.608717833328867e-07,-1.639999424029289e-08,1.639999424029289e-08,3.279998848058578e-08,-1.808000698100725e-07,1.8080005767926907e-07,3.6160012748934157e-07,-3.0289583832221467e-06,1.3952276308911272e-07,8.50748854205823,7.285053701569135,3.184196894876731e-13,-405338.0416885773,25545206.08589938,0.007727532008858484,-1.355859389118308e-05,0.33391423035613527,7422792.834809713,10403322.950905908,3547190262876884.0,-3.155756467450299e-08,11386458.011940459,-6.83333093345537e-08,4708434.420313846,8258122.045655625,5128588723303150.0,2.4848476121655894e-10,9667720.815756006,-2.7333323733821485e-09,7753520.536208039,10818706.683553971,1927344837809470.0,1.79157512837139e-07,12224849.417845545,3.056362562963675e-08,1.392821087599458e-07,-1.6399994240292884e-08,1.3582427276377992e-07,1.6260103142626618e-08,0.01308065150473281
157,553.2188220485064,EVENT_TRANSPORT_PAUSED,1,5,0.9774999999999902,LEFT,7.26878147015248e-21,1.9571736558679403e-21,7.26446018626564e-21,1.201685998547164e-07,7.759735487643264e-08,1.2014478176018255e-07,1.0040200903375458,-8.03828962126507e-08,-1.6215009074873077e-10,8.048894077145103e-08,1.6087183698410172e-07,-1.639999424029289e-08,1.639999424029289e-08,3.279998848058578e-08,-1.808000704895519e-07,1.8080005826278766e-07,3.6160012875233953e-07,-3.0324511965940104e-06,1.3952316903342424e-07,8.507513294768845,7.2850895342523865,3.184194849219006e-13,-373386.9837360149,25552968.936619747,0.007735302277344013,-1.389210136748531e-05,0.333962355635955,7421880.099765627,10399229.976704555,3532387858407446.5,-3.155756467450299e-08,11381375.75579702,-6.83333093345537e-08,4718630.444316907,8237018.624274597,5126409513657559.0,2.4848476121655894e-10,9618110.462461142,-2.7333323733821485e-09,7753559.531657286,10818469.65359369,1927339614794884.0,1.79157512837139e-07,12216943.925097814,3.056362562963675e-08,1.392834267793921e-07,-1.6399994240292884e-08,1.3582439405847702e-07,1.6259973315598467e-08,0.013083599083453912
158,556.1658045400652,EVENT_TRANSPORT_RECOVERY,1,5,0.9899999999999899,LEFT,7.268776523150277e-21,1.957207835365282e-21,7.264430953770503e-21,1.2016857259317948e-07,7.759780658616173e-08,1.201446206040714e-07,1.00403762424513,-8.038298059254819e-08,-1.6164719137958377e-10,8.048919826034392e-08,1.608721788528921e-07,-1.639999424029289e-08,1.639999424029289e-08,3.279998848058578e-08,-1.8080007320964026e-07,1.8080006059470256e-07,3.616001338043428e-07,-3.0464224820558883e-06,1.3951678927911545e-07,8.507124285223151,7.285312268937532,3.1841857038215645e-13,-328599.0591338631,25531195.408107802,0.007754727948557834,-1.601723119826204e-05,0.33299976748710713,7412501.529445414,10382090.611752763,3586607460340245.5,-3.155756467450299e-08,11360121.12398264,-6.83333093345537e-08,4777153.922701647,8427634.245808981,4977295691687390.0,2.4848476121655894e-10,9880615.176264165,-2.7333323733821485e-09,7753699.844796234,10817565.6348133,1927318741257929.0,1.79157512837139e-07,12183634.76454143,3.056362562963675e-08,1.3927255444519356e-07,-1.6399994240292884e-08,1.3582535437057975e-07,1.6259644203306083e-08,0.01303727541906774
159,558.1382515492237,ACTIVE_ONE_B,1,5,0.9974999999999901,LEFT,7.268773426143734e-21,1.9572181568221315e-21,7.264423729320196e-21,1.2016855552644172e-07,7.759794299153642e-08,1.2014458077626134e-07,1.004042919099783,-8.038292776455654e-08,-1.6182168651437365e-10,8.048926189137619e-08,1.6087218965593272e-07,-1.639999424029289e-08,1.639999424029289e-08,3.279998848058578e-08,-1.808000738943498e-07,1.8080006118069117e-07,3.61600135075041e-07,-3.0499365903935427e-06,1.3952011339564327e-07,8.50732697532652,7.285321281851417,3.18418572435025e-13,-296835.9793995684,25550452.26901781,0.007766383351286128,-1.60843852188286e-05,0.33341915360715696,7413445.811898459,10378085.560142923,3574147245848676.0,-3.155756467450299e-08,11354799.721717682,-6.83333093345537e-08,4779770.123101753,8356822.9635160975,4998682160663110.0,2.4848476121655894e-10,9738307.265560485,-2.7333323733821485e-09,7753718.575576625,10817235.562286073,1927313495729104.0,1.79157512837139e-07,12175414.177869495,3.056362562963675e-08,1.3927885534926002e-07,-1.6399994240292884e-08,1.3582521330710545e-07,1.625945180383898e-08,0.013061411968997794
160,558.590953998261,FACILITATED_WINDOW,1,5,0.0,LEFT,7.268772497703891e-21,1.957240327096263e-21,7.264402487485907e-21,1.201685504100682e-07,7.759823598581616e-08,1.2014446367159443e-07,1.004054292337191,-8.038310597973139e-08,-1.6098941116211914e-10,8.048944896740617e-08,1.6087255494713756e-07,-1.639999424029289e-08,1.639999424029289e-08,3.279998848058578e-08,-1.808000759394914e-07,1.8080006292856886e-07,3.6160013886806026e-07,-3.0604261629374463e-06,1.3950715873605755e-07,8.506537056781678,7.285552589918089,3.184169990383091e-13,-202747.76974241808,25516300.2223004,0.007770268485528908,-1.8355113808210533e-05,0.3317521368437648,7402764.608638425,10366250.153161012,3652473712586335.0,-3.155756467450299e-08,11339061.773845965,-6.83333093345537e-08,4870468.317587703,8609903.346837899,4838255463002312.0,2.4848476121655894e-10,10068856.454103159,-2.7333323733821485e-09,7753822.142794132,10815905.633016119,1927297848968817.0,1.79157512837139e-07,12152410.782645674,3.056362562963675e-08,1.3925852211941516e-07,-1.6399994240292884e-08,1.3582693769593042e-07,1.625937529419821e-08,0.012967347640836735
161,558.5991750011026,FACILITATED_WINDOW,1,5,0.0,LEFT,7.268771530551715e-21,1.9573652767964723e-21,7.264278504937873e-21,1.2016854508036134e-07,7.759988723423788e-08,1.2014378016038997e-07,1.0041183908952904,-8.038456102770986e-08,-1.5455881714364169e-10,8.049053814710189e-08,1.6087509917481175e-07,-1.6399994240292884e-08,1.6259223706594324e-08,3.265921794688721e-08,-1.8080009049892952e-07,1.8080007527057582e-07,3.616001657695053e-07,-3.1348219511340147e-06,1.394088084346774e-07,8.537179834581105,7.28695071740186,3.1839632666768834e-13,1077711.5563830351,25442777.171805892,0.007770268485528908,-3.417057950172442e-05,0.31987369259110965,7338272.311203048,10254836.226645062,3542354730073634.0,-3.155756467450299e-08,11211463.037782624,-6.83333093345537e-08,5817907.30705633,9845446.029547784,4050502153708264.0,-2.2363628509490305e-09,11199967.211842185,-2.7333323733821485e-09,7755001.44849575,10823588.578424944,1927187345186439.0,1.79157512837139e-07,11943471.395246753,3.056362562963675e-08,1.391285404741109e-07,-1.6399994240292884e-08,1.358485645115392e-07,1.6259223706594324e-08,0.016616321735070105
162,558.7991750011026,RELOAD,1,5,0.0,,7.269002602973798e-21,1.9570935138331105e-21,7.26431919547915e-21,1.201698184428278e-07,7.759629571393698e-08,1.2014400448669733e-07,1.0039789778829566,-8.040234402230693e-08,-8.295694862615389e-11,8.049131662849514e-08,1.6089366065080206e-07,-1.6399994240292884e-08,1.6259223706594324e-08,3.265921794688721e-08,-1.8080052931374158e-07,1.8080040865752616e-07,3.6160093797126777e-07,-5.270341390195554e-06,1.386151853311829e-07,8.488579583051191,7.291377067904453,3.1819233700748646e-13,10947735.01492072,22386338.31733707,0.007770268485528908,-0.00014955270104755058,0.19052563536684153,7075197.793603872,8990461.609068112,1923100965591432.0,-1.79157512837139e-07,10917162.319491716,-3.006665610720363e-08,10074155.136578124,11842704.031347435,1516094991386561.0,1.2424238060827948e-09,12042526.493686385,-2.7333323733821485e-09,7582152.4205495035,9085559.196063384,1924195171270071.0,1.79157512837139e-07,9181177.42163996,4.3981802735330933e-08,1.380729598283124e-07,-1.6399994240292874e-08,1.3627869068116755e-07,1.625615139848588e-08,0.010828952849433415
163,559.7991750011029,RELOAD,1,5,0.0,,7.26962055221455e-21,1.9525548899190215e-21,7.268239870152487e-21,1.2017322362085732e-07,7.753626570939773e-08,1.2016561517608417e-07,1.001650686993403,-8.04300619545701e-08,-2.4237184013131733e-11,8.046732191199185e-08,1.6089738386656195e-07,-1.6399994240292884e-08,1.6259223706594324e-08,3.265921794688721e-08,-1.8080248399621897e-07,1.8080215007783242e-07,3.6160463407405136e-07,-1.5491891931729285e-05,1.3803856693909775e-07,8.453268364452946,7.280662856937025,3.180973923697548e-13,16407676.484938987,19309086.24193134,0.007770268485528908,-0.00017269700991517922,0.12445948034474674,7259272.325552268,8070869.628390621,1905987680721413.0,-1.79157512837139e-07,8986657.184161142,-3.1060595152069866e-08,9154602.091890737,9502309.664063526,148014433573900.0,-7.454542836496768e-10,9540017.589963764,-2.7333323733821485e-09,7395848.82165957,8120796.731480088,1908593134894497.0,1.79157512837139e-07,8501146.483272526,7.131512646915242e-08,1.3727250229863235e-07,-1.639999424029288e-08,1.366938146480937e-07,1.6256324788541968e-08,0.006624055932313189
164,560.7991750011031,RELOAD,1,5,0.0,,7.269975188250952e-21,1.9498918214463693e-21,7.270548302588735e-21,1.201751777376464e-07,7.750099938032671e-08,1.2017833558004385e-07,1.0002845464670012,-8.044389021807084e-08,-1.1853574412112196e-11,8.045663171338075e-08,1.609005219314516e-07,-1.6399994240292884e-08,1.6259223706594324e-08,3.265921794688721e-08,-1.80804143767433e-07,1.80803559371861e-07,3.61607703139294e-07,-2.397937383613602e-05,1.3787162207971518e-07,8.44304491944247,7.271945023465164,3.1810912424118926e-13,17760661.50952248,18710641.039724357,0.007770268485528908,-0.00019220389528884496,0.02788697187675354,7350217.200639717,8077444.203100161,1890018264556088.0,-1.79157512837139e-07,8725539.22744191,-3.304847324180234e-08,9006111.551006794,9120407.661932744,49152667256444.0,-2.4848476121655894e-10,9132070.072295249,-2.7333323733821485e-09,7376738.284659609,8080568.691860071,1896498059961290.0,1.79157512837139e-07,8367715.492374714,7.330300455888489e-08,1.3698446830021397e-07,-1.6399994240292907e-08,1.3677380408084629e-07,1.625652736672041e-08,0.0054066373862131645
165,561.7991750011033,RELOAD,1,5,0.0,,7.270220049524717e-21,1.9482544659196545e-21,7.271940796841683e-21,1.2017652693604894e-07,7.747930036025659e-08,1.201860074892326e-07,0.9994445914436346,-8.045311894476119e-08,-8.121741151540434e-12,8.045246434282429e-08,1.6090558328758547e-07,-1.6399994240292884e-08,1.6259223706594324e-08,3.265921794688721e-08,-1.8080617905055926e-07,1.8080478839028987e-07,3.6161096744084913e-07,-3.3006780616240405e-05,1.377767144614885e-07,8.4372329236757,7.267578394358917,3.1810598745064033e-13,18081371.171672493,18611212.26267483,0.007770268485528908,-0.00022366637213822038,0.014010925659008522,7368245.491877349,7981362.314270856,1873714079169953.0,-1.79157512837139e-07,8416256.737663832,-3.4042412286668574e-08,8598766.863020524,8670493.812403765,99454197032235.0,1.7393933285159125e-09,8674973.517767645,-2.2363628509490305e-09,7381652.642900572,8079122.685793455,1885595325666774.0,1.79157512837139e-07,8327354.341757913,7.330300455888489e-08,1.3688909690768462e-07,-1.6399994240292917e-08,1.3677562902659348e-07,1.6256540426206058e-08,0.004714538839287741
166,562.7991750011035,RELOAD,1,5,0.0,,7.270379523172483e-21,1.94721635177374e-21,7.272819437339832e-21,1.2017740562788442e-07,7.746553647583214e-08,1.2019084783120065e-07,0.9989120441883429,-8.045983500702532e-08,-6.043643048360666e-12,8.045088827855225e-08,1.6091072328557759e-07,-1.6399994240292884e-08,1.6259223706594324e-08,3.265921794688721e-08,-1.8080707946605167e-07,1.8080602483874141e-07,3.616131043047931e-07,-3.891626530383441e-05,1.3772217882882336e-07,8.433893245869951,7.2650077228337775,3.181067888321775e-13,18260267.35641572,18584933.388371434,0.007770268485528908,-0.0002556177036687757,0.009567302477097694,7378981.0700426465,8002512.401278458,1868424145165716.0,-1.79157512837139e-07,8400413.170413004,-3.006665610720363e-08,8359243.994454697,8394964.876929393,58149031902420.0,2.7333323733821485e-09,8395761.978032956,-1.2424238060827948e-09,7386346.040807212,8072214.785408596,1874617286247326.0,1.79157512837139e-07,8310411.149964308,3.006665610720363e-08,1.3683396424237133e-07,-1.639999424029292e-08,1.367716540973221e-07,1.6256509446111746e-08,0.004316846506170036
167,563.7991750011038,RELOAD,1,5,0.0,,7.270491473622504e-21,1.946478831331093e-21,7.273445007332457e-21,1.201780224615974e-07,7.745575505438488e-08,1.20194293795671e-07,0.9985336999677203,-8.046527909666662e-08,-4.7857814998202044e-12,8.045050366931886e-08,1.6091578276598549e-07,-1.6399994240292884e-08,1.6259223706594324e-08,3.265921794688721e-08,-1.8080683927149715e-07,1.8080719502958414e-07,3.616140343010813e-07,-4.1488164577163644e-05,1.3768541438748896e-07,8.431641848338376,7.263245678067477,3.1810918459834117e-13,18370499.51260758,18580006.912681345,0.007770268485528908,-0.0002870685206022294,0.0076630340392092045,7385787.739507841,8023832.941502958,1872117673256562.0,-1.79157512837139e-07,8415959.99025928,-3.006665610720363e-08,8214396.239406423,8239522.535609594,44968574933413.0,2.7333323733821485e-09,8239549.971681405,-1.2424238060827948e-09,7390292.248120294,8072912.991285945,1864493758165920.0,1.79157512837139e-07,8332945.8875648845,3.006665610720363e-08,1.3679703210333007e-07,-1.6399994240292923e-08,1.3676583528398427e-07,1.6256464691951636e-08,0.004291786071263237
168,564.799175001104,RELOAD,1,5,0.0,,7.270575173242792e-21,1.9459205071954553e-21,7.273919631847804e-21,1.2017848363244963e-07,7.744834859436012e-08,1.2019690814222285e-07,0.9982472825374531,-8.046992479946969e-08,-3.976959868838e-12,8.045078481867022e-08,1.609207096181399e-07,-1.6399994240292884e-08,1.6259223706594324e-08,3.265921794688721e-08,-1.808061009244362e-07,1.808081714240485e-07,3.6161427234848466e-07,-4.214648327316439e-05,1.376584178289399e-07,8.429988620842668,7.26193595503497,3.1811206746169975e-13,18443401.302822817,18583013.731787596,0.007770268485528908,-0.0003176948918248712,0.006431972335306124,7390431.585014717,8020402.846813135,1878846691516289.0,-1.79157512837139e-07,8425062.300860481,-3.006665610720363e-08,8117229.060530694,8136609.140375869,36971055559785.0,2.7333323733821485e-09,8137185.550309963,-7.454542836496768e-10,7393533.349100788,8076574.428055402,1856166966592418.0,1.79157512837139e-07,8348185.117122882,3.006665610720363e-08,1.3677020435398224e-07,-1.6399994240292927e-08,1.3675956344740618e-07,1.6256416770682347e-08,0.004291786071263237
169,565.7991750011042,RELOAD,1,5,0.0,,7.270643237960039e-21,1.9454770167232087e-21,7.274295057602802e-21,1.2017885865500226e-07,7.74424644529373e-08,1.2019897599747168e-07,0.9980197741900595,-8.047400503268393e-08,-3.409334811156799e-12,8.04514823332793e-08,1.6092548736596322e-07,-1.6399994240292884e-08,1.6259223706594324e-08,3.265921794688721e-08,-1.8080539093285302e-07,1.808089318044866e-07,3.616143227373396e-07,-4.228583335552649e-05,1.3763748354301796e-07,8.428706637547416,7.260911942472543,3.181148539623884e-13,18493201.917954527,18588408.9600446,0.007770268485528908,-0.0003473943984997341,0.005755821235462366,7393461.718501691,8028095.099484419,1884367587496209.0,-1.79157512837139e-07,8369579.818337237,-3.006665610720363e-08,8048332.381532116,8064432.590314148,31528620255122.0,2.7333323733821485e-09,8064855.222205364,-7.454542836496768e-10,7396206.081943239,8069237.839521301,1849651339748216.0,1.79157512837139e-07,8359659.475360754,3.006665610720363e-08,1.3674961887617564e-07,-1.6399994240292927e-08,1.3675328052296372e-07,1.6256386995101672e-08,0.004291786071263237
170,566.7991750011045,RELOAD,1,5,0.0,,7.270701256385747e-21,1.9451118637347006e-21,7.274602192165602e-21,1.201791783227129e-07,7.743761900603789e-08,1.202006676500689e-07,0.9978324525717607,-8.047766743828576e-08,-2.999963693573492e-12,8.045244240365441e-08,1.6093010984194019e-07,-1.6399994240292884e-08,1.6259223706594324e-08,3.265921794688721e-08,-1.8080499006938537e-07,1.8080952951192369e-07,3.616145195813091e-07,-4.2830204197041866e-05,1.3762049218072972e-07,8.427666112797812,7.2600766715033105,3.181172732346468e-13,18527934.575553462,18593886.852730572,0.007770268485528908,-0.00037612870202674564,0.006289453608388396,7395560.76835411,8019501.362358147,1886655802947872.0,-1.79157512837139e-07,8314680.163057146,-7.330300455888489e-08,7995175.677516169,8009090.769820425,27396136719139.0,2.7333323733821485e-09,8009165.172544799,-7.454542836496768e-10,7398404.5115810335,8067288.459604202,1846179298164848.0,1.79157512837139e-07,8369630.630894269,3.006665610720363e-08,1.367331916561986e-07,-1.6399994240292927e-08,1.3674722006747208e-07,1.625637638337717e-08,0.004291786071263237
171,567.7991750011047,RELOAD,1,5,0.0,,7.270752073195048e-21,1.9448047134019367e-21,7.274858525689062e-21,1.2017945830983489e-07,7.743354276361146e-08,1.2020207946146218e-07,0.9976748860196439,-8.048101335079406e-08,-2.6989273690508465e-12,8.045359167889167e-08,1.6093460502968573e-07,-1.6399994240292884e-08,1.6259223706594324e-08,3.265921794688721e-08,-1.8080499810136968e-07,1.808100396529687e-07,3.616150377543384e-07,-4.426320866657285e-05,1.3760649078822758e-07,8.426808689173956,7.259382478084676,3.181191642364391e-13,18553284.699606292,18599853.077419154,0.007770268485528908,-0.00040407175456724786,0.007414354927877009,7397039.127678218,8040863.868499787,1885157932267770.0,-1.79157512837139e-07,8334622.134408725,-7.330300455888489e-08,7953788.260628598,7965990.122766177,24204877735894.0,2.7333323733821485e-09,7966141.104585542,-2.4848476121655894e-10,7400258.469402133,8053300.309882153,1843044908124025.0,1.79157512837139e-07,8378670.876904136,3.006665610720363e-08,1.3671972464390172e-07,-1.6399994240292927e-08,1.3674137226609486e-07,1.625636612573975e-08,0.004291786071263237
172,568.7991750011049,RELOAD,1,5,0.0,,7.270797092261244e-21,1.944540917445598e-21,7.275077302579205e-21,1.2017970635184245e-07,7.74300415416188e-08,1.2020328439547934e-07,0.9975395600412262,-8.048411766979196e-08,-2.4695404001078306e-12,8.045486594166723e-08,1.609389836114592e-07,-1.6399994240292884e-08,1.6259223706594324e-08,3.265921794688721e-08,-1.8080541032867273e-07,1.8081052975069275e-07,3.6161594007936547e-07,-4.6758583229777884e-05,1.3759457991953777e-07,8.426079285995401,7.25879023382008,3.1812051957259286e-13,18573387.744612888,18605503.441355035,0.007770268485528908,-0.00043128995934016423,0.008386454646622354,7398078.048384253,8053026.98627886,1880102577326042.0,-1.79157512837139e-07,8348452.615312628,-7.330300455888489e-08,7921203.705961324,7932091.044722112,21750273558492.0,2.7333323733821485e-09,7932385.289494752,-2.4848476121655894e-10,7401785.711681768,8049593.70449166,1839873636952158.0,1.79157512837139e-07,8385462.0402259305,3.006665610720363e-08,1.3670833347482766e-07,-1.6399994240292927e-08,1.367358694130497e-07,1.6256356471721355e-08,0.004291786071263237
173,569.7991750011051,RELOAD,1,5,0.0,,7.270837765062384e-21,1.9443100517971826e-21,7.275267495426478e-21,1.201799304463088e-07,7.742697712607579e-08,1.2020433188060046e-07,0.9974211271426007,-8.048702890700785e-08,-2.2936169274838096e-12,8.045622776197143e-08,1.6094325666897928e-07,-1.6399994240292884e-08,1.6259223706594324e-08,3.265921794688721e-08,-1.8080617225999573e-07,1.80811048472447e-07,3.6161722073244274e-07,-5.030022179375315e-05,1.375842037896781e-07,8.425443867849348,7.258274147418908,3.1812136556024166e-13,18589453.98912374,18610770.186588958,0.007770268485528908,-0.0004578522026881249,0.009197532084598947,7398756.312819507,8035922.605841816,1872037466177923.0,-1.79157512837139e-07,8358456.994640113,-7.330300455888489e-08,7894345.97703741,7904160.442491174,19733534571258.0,2.7333323733821485e-09,7904549.883218556,-2.4848476121655894e-10,7403049.607784597,8051302.802995549,1836410352089436.0,1.79157512837139e-07,8385576.060501009,3.006665610720363e-08,1.366985233591338e-07,-1.6399994240292927e-08,1.3673065854996863e-07,1.6256347334241754e-08,0.004291786071263237
174,570.7991750011054,RELOAD,1,5,0.0,,7.270874908616389e-21,1.9441056439819706e-21,7.275434759687685e-21,1.2018013509499257e-07,7.742426369843823e-08,1.2020525307168596e-07,0.9973162669772906,-8.04897810166558e-08,-2.1575794978266834e-12,8.045765568066073e-08,1.6094743669731652e-07,-1.6399994240292884e-08,1.6259223706594324e-08,3.265921794688721e-08,-1.808072173571109e-07,1.8081162618752188e-07,3.616188435446328e-07,-5.47880993748695e-05,1.375750370356418e-07,8.424882510008436,7.25781921403316,3.181217472636914e-13,18602382.853223056,18615720.105079386,0.007770268485528908,-0.0004838361566539273,0.009870711433287327,7399194.614503392,8040797.775390094,1861541274686505.0,-1.79157512837139e-07,8365848.636007136,-7.330300455888489e-08,7871888.608886337,7880828.161981887,18058648883882.0,2.7333323733821485e-09,7881262.594164059,-2.4848476121655894e-10,7404121.2127951225,8034911.546570599,1832508740674914.0,1.79157512837139e-07,8383833.579392817,3.006665610720363e-08,1.3668995551921768e-07,-1.6399994240292927e-08,1.3672569491768307e-07,1.6256338636339357e-08,0.004291786071263237
175,571.7991750011056,RELOAD,1,5,0.0,,7.270909211962822e-21,1.94392251405611e-21,7.27558358626711e-21,1.2018032409445399e-07,7.742183256428364e-08,1.2020607270722442e-07,0.9972223222605533,-8.04924003292332e-08,-2.0488321658244973e-12,8.045913123775817e-08,1.6095153156699138e-07,-1.6399994240292884e-08,1.6259223706594324e-08,3.265921794688721e-08,-1.8080848517870656e-07,1.8081227772853965e-07,3.616207629072462e-07,-6.0096085410243916e-05,1.3756683454567327e-07,8.424380202207809,7.257413854996342,3.181217344891928e-13,18612969.66995294,18619940.359356612,0.007770268485528908,-0.0005092907460835239,0.010434001592840247,7399459.678502617,8041081.585315633,1849114908174955.0,-1.79157512837139e-07,8371399.934455746,-7.330300455888489e-08,7852796.864374317,7861099.585584396,16593034388938.0,2.7333323733821485e-09,7861439.195348463,-2.4848476121655894e-10,7405030.673448574,8047027.415271388,1828103002008701.0,1.79157512837139e-07,8380355.932474632,3.006665610720363e-08,1.366823489126595e-07,-1.6399994240292927e-08,1.367209701594192e-07,1.6256335810518036e-08,0.004291786071263237
176,572.7991750011058,RELOAD,1,5,0.0,,7.270941133990801e-21,1.9437579512295297e-21,7.27571622706571e-21,1.201804999731482e-07,7.741964778667485e-08,1.202068031930748e-07,0.9971379023709263,-8.049490337786015e-08,-1.963676123391869e-12,8.046065026787788e-08,1.6095555364573805e-07,-1.6399994240292884e-08,1.6259223706594324e-08,3.265921794688721e-08,-1.8080992631545425e-07,1.8081300895192379e-07,3.6162293526737806e-07,-6.610373459703389e-05,1.375594536586439e-07,8.423928208100579,7.257053393589927,3.181214294640408e-13,18621247.609522603,18624163.884775266,0.007770268485528908,-0.0005342928514684431,0.010904611799010255,7399548.901624361,8037453.395650071,1839146713976748.0,-1.79157512837139e-07,8375678.09328282,-7.330300455888489e-08,7836660.089314683,7844392.696722155,15349180573927.0,2.7333323733821485e-09,7844668.454731701,-2.4848476121655894e-10,7405819.288484159,8060120.569478069,1823171016544511.0,1.79157512837139e-07,8374969.257017479,3.006665610720363e-08,1.3667560737706434e-07,-1.6399994240292927e-08,1.3671640294452985e-07,1.6256333675815018e-08,0.004291786071263237
177,573.799175001106,RELOAD,1,5,0.0,,7.270971088203847e-21,1.943608260621256e-21,7.275835963460939e-21,1.2018066500943397e-07,7.741766034928706e-08,1.2020746260354342e-07,0.9970611118533393,-8.04973051847592e-08,-1.8932775873942925e-12,8.046219303318434e-08,1.6095949821794355e-07,-1.6399994240292884e-08,1.6259223706594324e-08,3.265921794688721e-08,-1.8081149780038154e-07,1.808138196829916e-07,3.616253174833731e-07,-7.26917389410886e-05,1.3755274113012576e-07,8.423517143234967,7.256728658295882,3.1812083471414545e-13,18628245.849135727,18627930.950057387,0.007770268485528908,-0.000558813159546423,0.011301717634804698,7399544.321783316,8031213.883851393,1828490424078026.0,-1.79157512837139e-07,8378924.110534128,-7.330300455888489e-08,7822713.897480127,7829935.785338547,14241502148178.0,2.7333323733821485e-09,7830156.894872743,-2.4848476121655894e-10,7406473.875557994,8070174.2630373575,1817723156670484.0,1.79157512837139e-07,8368079.131251119,3.006665610720363e-08,1.3666950184620832e-07,-1.6399994240292923e-08,1.3671207590645675e-07,1.6256331658344248e-08,0.004291786071263237
178,574.7991750011063,RELOAD,1,5,0.0,,7.270999039236252e-21,1.9434724458393856e-21,7.275943827210404e-21,1.2018081900854986e-07,7.741585705250405e-08,1.202080566229625e-07,0.9969914395638346,-8.049961509305854e-08,-1.8367149142010414e-12,8.046375689564202e-08,1.6096337198870056e-07,-1.6399994240292884e-08,1.6259223706594324e-08,3.265921794688721e-08,-1.8081316318340278e-07,1.8081470618346012e-07,3.6162786936686293e-07,-7.97489577453181e-05,1.3754663973753824e-07,8.423143503388633,7.256434075282234,3.18119960217993e-13,18634258.687268242,18631480.73388954,0.007770268485528908,-0.0005828933506133449,0.011626344236085218,7399470.432968975,8022098.163341948,1816888110153007.0,-1.79157512837139e-07,8381213.122403902,-7.330300455888489e-08,7810976.659279995,7817748.018791712,13293002151309.0,2.7333323733821485e-09,7817931.41620404,-2.4848476121655894e-10,7407015.091538188,8075546.395221471,1811783547375540.0,1.79157512837139e-07,8360757.113807398,7.131512646915242e-08,1.3666397049281969e-07,-1.6399994240292923e-08,1.3670795278726503e-07,1.6256329740748275e-08,0.004291786071263237
179,575.7991750011065,RELOAD,1,5,0.0,,7.271025736003859e-21,1.9433472831005898e-21,7.276042293181591e-21,1.2018096609679508e-07,7.741419511509038e-08,1.202085988824928e-07,0.996927231718028,-8.050184175102095e-08,-1.7901362114256884e-12,8.046533005138399e-08,1.6096717180240495e-07,-1.6399994240292884e-08,1.6259223706594324e-08,3.265921794688721e-08,-1.808148954155526e-07,1.8081566253826476e-07,3.616305579538174e-07,-8.718422917830537e-05,1.3754101192503403e-07,8.422798864854217,7.256166443855119,3.1811886356688433e-13,18639126.615822732,18634855.436288625,0.007770268485528908,-0.0006065138087554267,0.011906572574744145,7399323.628222781,8024726.865558994,1804830996347333.0,-1.79157512837139e-07,8382888.5298365345,-7.330300455888489e-08,7800455.307405571,7806801.72350272,12448254951120.0,2.7333323733821485e-09,7806964.215992455,-2.4848476121655894e-10,7407476.975707895,8077276.343287749,1804963982916433.0,1.79157512837139e-07,8365111.422195653,7.131512646915242e-08,1.3665893353088248e-07,-1.6399994240292923e-08,1.3670400039260594e-07,1.625632790646072e-08,0.004291786071263237
180,576.7991750011067,RELOAD,1,5,0.0,,7.271050618118147e-21,1.9432327942436525e-21,7.276131899924242e-21,1.2018110318672027e-07,7.741267484525444e-08,1.202090923493315e-07,0.9968684995191043,-8.05039967042867e-08,-1.7511153511660466e-12,8.046691147093637e-08,1.6097090817522306e-07,-1.6399994240292884e-08,1.6259223706594324e-08,3.265921794688721e-08,-1.8081667413205088e-07,1.808166821668944e-07,3.616333562989453e-07,-9.492303619529352e-05,1.3753585896399275e-07,8.422483305489038,7.255922706626828,3.181175670666072e-13,18643440.631621417,18638061.24999281,0.007770268485528908,-0.0006297399047225927,0.012136671129840848,7399179.0897646705,8032384.545621591,1792430901506986.0,-1.79157512837139e-07,8383869.649852276,-7.330300455888489e-08,7791666.173689149,7797621.296910609,11744943971492.0,2.7333323733821485e-09,7797787.624544609,-2.4848476121655894e-10,7407852.363041887,8073926.302117796,1797674248729296.0,1.79157512837139e-07,8368741.302125475,7.131512646915242e-08,1.3665429693195373e-07,-1.6399994240292923e-08,1.3670023381545632e-07,1.6256326162267685e-08,0.004291786071263237
181,577.799175001107,RELOAD,1,5,0.0,,7.271074227800786e-21,1.943126645717237e-21,7.276214438768017e-21,1.2018123326579611e-07,7.741126527130272e-08,1.2020954688946873e-07,0.9968140458671447,-8.0506087474789e-08,-1.7119359830529625e-12,8.046849250502679e-08,1.6097457997981577e-07,-1.6399994240292884e-08,1.6259223706594324e-08,3.265921794688721e-08,-1.8081848284748283e-07,1.808177576604563e-07,3.616362405079391e-07,-0.00010289929922935315,1.3753109857580717e-07,8.422191786678434,7.2556975949176215,3.1811611445824225e-13,18647520.690401427,18640817.65809615,0.007770268485528908,-0.0006525646307324884,0.012333987494910326,7399023.74543247,8006651.885192492,1777659382074491.0,-1.79157512837139e-07,8384382.781850125,-7.330300455888489e-08,7784425.996292415,7790057.525071727,11098070350027.0,2.7333323733821485e-09,7790212.2747977385,-2.4848476121655894e-10,7408149.626558787,8069668.955799886,1789996633564916.0,1.79157512837139e-07,8371720.827956664,7.131512646915242e-08,1.3664996142922943e-07,-1.6399994240292923e-08,1.36696672017082e-07,1.6256324516217113e-08,0.004291786071263237
182,578.4228019635977,ACTIVE_ONE_B,2,6,0.01,LEFT,7.271084372142325e-21,1.9430681869690684e-21,7.276262753174645e-21,1.2018128915661644e-07,7.741048896042693e-08,1.202098129545645e-07,0.9967840568278782,-8.050718095765173e-08,-2.408627379077785e-12,8.04694745415852e-08,1.6097665549923692e-07,-1.6399994240292884e-08,1.6259223706594324e-08,3.265921794688721e-08,-1.8081961747865e-07,1.808184522637427e-07,3.616380697423927e-07,-0.00010795803636787227,1.3752549776244396e-07,8.421848801529658,7.255440462445192,3.181111784010564e-13,18668286.37522737,18691443.004450195,0.007785809022499966,-0.0006654665052518993,0.013205331715588464,7395054.310205707,8012274.664659322,1768224898836014.0,-1.79157512837139e-07,8384469.473526188,-7.330300455888489e-08,7778397.224723998,7896458.42781952,467600497640803.0,-2.7333323733821485e-09,7907451.735306193,-1.2424238060827948e-09,7408303.194920476,8067414.067287754,1784127899421513.0,1.79157512837139e-07,8373275.600716631,7.131512646915242e-08,1.366647810675122e-07,-1.6399994240292923e-08,1.366934020755078e-07,1.625598548620803e-08,0.004291786071263237
183,578.4369687589862,ACTIVE_ONE_B,2,6,0.13000000000000003,LEFT,7.271034692240363e-21,1.943118891354613e-21,7.276261728691064e-21,1.20181015441906e-07,7.741116229708813e-08,1.2020980731279527e-07,0.9968100679187195,-8.050505889830544e-08,-1.104170080975978e-11,8.046948387100948e-08,1.6097454276931492e-07,-1.6399994240292884e-08,1.6259223706594324e-08,3.265921794688721e-08,-1.8081961752030157e-07,1.8081845228952033e-07,3.6163806980982193e-07,-0.00010795822284315193,1.374948737596653e-07,8.419973434959125,7.253957051715618,3.180685939407266e-13,18721587.189106137,19241571.409167215,0.007972295466152659,-0.0006523333222665517,0.028378340575516137,7352326.755822633,8342388.856370365,2296713340594796.0,-3.056362562963675e-08,8633798.153881775,-5.14363455718277e-08,7545076.704857153,8373760.37052239,1655588163376327.0,-2.2363628509490305e-09,8412311.153596772,2.4848476121655894e-10,7408300.577685062,8067413.990252641,1784127681353562.0,1.79157512837139e-07,8373275.653610039,7.131512646915242e-08,1.3687399680286153e-07,-1.6399994240292917e-08,1.366783783279773e-07,1.6251936878256443e-08,0.004291786071263237
184,578.4454818325343,ACTIVE_ONE_B,2,6,0.2000000000000001,LEFT,7.271005756822183e-21,1.943149460104695e-21,7.276260095359162e-21,1.201808560197284e-07,7.741156823383162e-08,1.2020979831813406e-07,0.9968257495313995,-8.0503820555994e-08,-1.6066491858329255e-11,8.046949874431232e-08,1.6097331930030633e-07,-1.6399994240292884e-08,1.6259223706594324e-08,3.265921794688721e-08,-1.8081961755813506e-07,1.8081845231293502e-07,3.616380698710701e-07,-0.00010795839222454973,1.3747861390422917e-07,8.418977706557877,7.2531050243694155,3.1804825809141804e-13,18535824.23157714,19517287.727986522,0.008081079224950065,-0.0006447279761216951,0.04518355032022686,7335260.231130507,8433980.298216382,1857898363443416.0,-3.056362562963675e-08,9102350.705453409,-5.0939376049394585e-08,7315459.88605478,8302491.513989141,1385986762298057.0,-1.7393933285159125e-09,8347278.7636466045,7.454542836496768e-10,7408279.758191645,8067413.920303702,1784127483274716.0,1.79157512837139e-07,8373275.701694663,7.131512646915242e-08,1.36995044872944e-07,-1.6399994240292907e-08,1.366684824641635e-07,1.6249582107047407e-08,0.004291786071263237
185,578.4582837638799,ACTIVE_ONE_B,2,6,0.30000000000000016,LEFT,7.27096493555255e-21,1.943200433557125e-21,7.276249943176371e-21,1.2018063111070966e-07,7.741224512470194e-08,1.2020974241063957e-07,0.996851898652179,-8.050206834000396e-08,-2.310485881241829e-11,8.046959236271859e-08,1.6097166070272255e-07,-1.6399994240292884e-08,1.6259223706594324e-08,3.265921794688721e-08,-1.808196179260575e-07,1.8081845254063844e-07,3.61638070466696e-07,-0.00010796003942448174,1.374616736766074e-07,8.417940313216167,7.252001438628724,3.180307112762778e-13,16674127.105976766,19523209.183579415,0.008236484594660642,-0.0006344177772934501,0.06493969855023551,7303034.950985389,8716126.243039519,1768221173537030.0,-1.79157512837139e-07,9672803.095322384,-5.193331509426082e-08,6411462.729892003,7051690.629003834,1010149484407487.0,-2.7333323733821485e-09,7057933.654421199,7.454542836496768e-10,7408632.780013115,8070467.860945473,1784125556985257.0,1.79157512837139e-07,8373276.167580342,7.131512646915242e-08,1.3713894955555054e-07,-1.6399994240292894e-08,1.3664797355059474e-07,1.6246227649964904e-08,0.004291786071263237
186,578.4721957670042,ACTIVE_ONE_B,2,6,0.40000000000000024,LEFT,7.270924614215992e-21,1.9432560148672444e-21,7.276234683202862e-21,1.201804089552977e-07,7.741298319112517e-08,1.2020965837473364e-07,0.9968804115804211,-8.050033461742326e-08,-3.0016378803692993e-11,8.04697337729609e-08,1.6097006839038417e-07,-1.6399994240292884e-08,1.6259223706594324e-08,3.265921794688721e-08,-1.8081961857304642e-07,1.808184529410571e-07,3.616380715141035e-07,-0.00010796293602366447,1.3748520749158446e-07,8.419381487650616,7.251015283255714,3.1801994995916893e-13,14882143.672165094,19435617.13932371,0.008391889964371221,-0.000624519621788,0.08285459324532662,7267004.007954932,9135129.729339056,1768215786432136.0,-1.79157512837139e-07,10149169.829025153,-5.193331509426082e-08,5076557.360814929,5778300.623554824,1000676529222471.0,-2.7333323733821485e-09,5799903.17406184,1.2424238060827948e-09,7405594.826636512,8048904.873582724,1784122169580157.0,1.79157512837139e-07,8373275.275153746,7.131512646915242e-08,1.3727149898799725e-07,-1.639999424029288e-08,1.366254320852309e-07,1.6242886764914246e-08,0.004291786071263237
187,578.4872759081385,ACTIVE_ONE_B,2,6,0.5000000000000003,LEFT,7.270884595413038e-21,1.9433165375771378e-21,7.276214179296012e-21,1.2018018846592008e-07,7.741378685858638e-08,1.202095454605658e-07,0.9969114594215119,-8.049861968682259e-08,-3.680378561632355e-11,8.046992338293312e-08,1.609685430697557e-07,-1.6399994240292884e-08,1.6259223706594324e-08,3.265921794688721e-08,-1.8081961943003076e-07,1.808184534714483e-07,3.6163807290147906e-07,-0.00010796677280278111,1.3757730852414388e-07,8.425021612451474,7.250129213520098,3.180144745643613e-13,13224152.155209918,19345677.765596706,0.008547295334081799,-0.0006150379011402585,0.09971271328324022,7241576.277723595,9464163.873617776,1768208650817729.0,-1.79157512837139e-07,10471354.147298638,-5.193331509426082e-08,3568527.6470598304,4230733.94459806,801867344148663.2,-2.2363628509490305e-09,4238265.25370877,1.7393933285159125e-09,7401319.301962628,8016644.092179548,1784117682687975.0,1.79157512837139e-07,8373254.596032228,7.131512646915242e-08,1.3739555832459862e-07,-1.6399994240292877e-08,1.36601838435542e-07,1.6239559879412886e-08,0.004291786071263237
188,578.5035806898106,ACTIVE_ONE_B,2,6,0.6000000000000004,LEFT,7.27084484457338e-21,1.9433820288368547e-21,7.276188438876067e-21,1.20179969452124e-07,7.741465648350687e-08,1.202094037088364e-07,0.9969450561032883,-8.049692548106407e-08,-4.346090316590576e-11,8.047016087211878e-08,1.6096708635318284e-07,-1.6399994240292884e-08,1.6259223706594324e-08,3.265921794688721e-08,-1.8081962048347547e-07,1.8081845412344177e-07,3.616380746069172e-07,-0.00010797148918184618,1.376778096284718e-07,8.43117614465683,7.249342305002732,3.1801338264545936e-13,11697682.071675407,19275936.807840645,0.008702700703792378,-0.0006059826380375721,0.1154934933145571,7232234.192212239,9801982.917675996,1768199879389974.0,-1.79157512837139e-07,10666620.5141884,-5.193331509426082e-08,2080602.6024549478,2608282.5482380795,560938756736541.5,-1.7393933285159125e-09,2625216.2807277297,1.7393933285159125e-09,7397242.512366716,8003617.512364379,1784112167087946.0,1.79157512837139e-07,8373163.221520526,7.131512646915242e-08,1.37513466147341e-07,-1.639999424029287e-08,1.3657753990030117e-07,1.6236246864431037e-08,0.004291786071263237
189,578.5211780874654,ACTIVE_ONE_B,2,6,0.7000000000000005,LEFT,7.270805376939255e-21,1.94345235771186e-21,7.276157577635313e-21,1.2017975199790572e-07,7.741559032288984e-08,1.2020923375645795e-07,0.9969811344570023,-8.04952545815305e-08,-4.9979334993241445e-11,8.047044518328482e-08,1.6096569976481533e-07,-1.6399994240292884e-08,1.6259223706594324e-08,3.265921794688721e-08,-1.8081962173442323e-07,1.8081845489768952e-07,3.6163807663211275e-07,-0.0001079770898482213,1.3777788775958097e-07,8.437304774636392,7.248656532011301,3.1801608390924673e-13,10295059.460413778,19240906.00347287,0.008858106073502956,-0.0005973633069220607,0.13028780530953216,7239199.256200509,10128825.513280947,1768189463377223.0,-1.79157512837139e-07,10862389.292615253,-5.342422366156017e-08,710081.224355785,1009327.9511434219,327926765395740.8,-1.2424238060827948e-09,1045391.7086726801,1.2424238060827948e-09,7393929.159438222,8005465.840833619,1784105617261559.0,1.79157512837139e-07,8372936.352463599,7.131512646915242e-08,1.3762573783108466e-07,-1.6399994240292867e-08,1.3655263271224847e-07,1.6232949106976652e-08,0.0047230949269874145
190,578.5401202399221,ACTIVE_ONE_B,2,6,0.8000000000000006,LEFT,7.270766087896416e-21,1.9435277773359123e-21,7.276121447054248e-21,1.2017953552688752e-07,7.741659173311556e-08,1.2020903478529275e-07,0.9970198243389795,-8.04936105301692e-08,-5.634877193566224e-11,8.047077774974554e-08,1.6096438827991476e-07,-1.6399994240292884e-08,1.6259223706594324e-08,3.265921794688721e-08,-1.8081962319641292e-07,1.8081845580258048e-07,3.6163807899899343e-07,-0.0001079836354429542,1.3787526550951442e-07,8.443268037448856,7.248076971927392,3.180219679189556e-13,9049117.706579335,19244834.68289494,0.009013511443213535,-0.0005892108350880054,0.14417246307857884,7260281.685855915,10319454.60332149,1768177290087570.0,-1.79157512837139e-07,11083724.628771253,-5.342422366156017e-08,608190.4504381126,731083.7659291693,289197999769959.9,1.2424238060827948e-09,739752.4642979563,2.7333323733821485e-09,7391615.172048603,8012171.161137853,1784097962257785.0,1.79157512837139e-07,8372579.61187707,7.131512646915242e-08,1.377325701666297e-07,-1.6399994240292864e-08,1.36527029844927e-07,1.622966676799689e-08,0.005433206512243105
191,578.5604776741876,ACTIVE_ONE_B,2,6,0.9000000000000007,LEFT,7.270726954045036e-21,1.9436085420542037e-21,7.276079816187509e-21,1.2017931991015318e-07,7.741766408595899e-08,1.2020880552322924e-07,0.9970612562270043,-8.049199625609914e-08,-6.255773543218739e-11,8.047116070919003e-08,1.6096315696528917e-07,-1.6399994240292884e-08,1.6259223706594324e-08,3.265921794688721e-08,-1.8081962488124933e-07,1.8081845684543204e-07,3.6163808172668135e-07,-0.0001079911788477439,1.3796798019074596e-07,8.448945741145394,7.247607623145535,3.1803084981673355e-13,7878762.150216492,19287758.451528057,0.009168916812924113,-0.0005815567189033644,0.15722218345107564,7292478.923152863,10500249.08552085,1768163261228243.0,-1.79157512837139e-07,11284761.327558802,-5.392119318399329e-08,1684815.1971546488,2101381.8799435687,505313481710701.5,1.2424238060827948e-09,2103751.8134446093,2.7333323733821485e-09,7390414.5296263425,8013161.457572989,1784089140143768.0,1.79157512837139e-07,8402919.37140171,3.006665610720363e-08,1.378320684465872e-07,-1.6399994240292864e-08,1.3650065176388093e-07,1.622639996161168e-08,0.006109313418706019
192,578.5823541694829,ACTIVE_ONE_B,2,6,1.0,LEFT,7.270687965116217e-21,1.9436949860883335e-21,7.27603236108238e-21,1.201791050911328e-07,7.741881181295553e-08,1.2020854418589515e-07,0.9971056015750503,-8.049041394608211e-08,-6.859607178209981e-11,8.047159696486968e-08,1.609620109109518e-07,-1.6399994240292884e-08,1.6259223706594324e-08,3.265921794688721e-08,-1.8081962679830697e-07,1.8081845803206037e-07,3.6163808483036735e-07,-0.0001079997620732076,1.3805765095829748e-07,8.454437040275542,7.247249779126145,3.18042107718628e-13,6807861.64172494,19307452.599759266,0.00932432218263469,-0.0005744325989833765,0.16950546493101765,7332550.297682398,10531273.86241613,1768147298697394.0,-1.79157512837139e-07,11465572.336460683,-5.441816270642641e-08,2626072.061814339,3328165.2912396407,769562754936066.5,7.454542836496768e-10,3330153.010491081,2.7333323733821485e-09,7390374.349747897,8031491.719319659,1784079101779075.0,1.79157512837139e-07,8610604.693058075,3.006665610720363e-08,1.3792557220326638e-07,-1.6399994240292867e-08,1.3647345647927948e-07,1.6223148497878422e-08,0.006763223074049529
193,578.5823587276474,CHILD_CROSSING,2,6,0.0,LEFT,7.270687977871295e-21,1.9436951736116525e-21,7.276032160803985e-21,1.2017910516141014e-07,7.741881430268639e-08,1.2020854308295086e-07,0.9971056977735554,-8.049041475988949e-08,-6.859115461373687e-11,8.047159880617792e-08,1.609620135660674e-07,-1.6399994240292884e-08,1.6259223706594324e-08,3.265921794688721e-08,-1.8081962680663106e-07,1.8081845803721296e-07,3.61638084843844e-07,-0.00010799979934272841,1.3805745989576328e-07,8.454425339901425,7.247253279413443,3.1804215253526067e-13,6804146.32259086,19306000.48397966,0.00932432218263469,-0.0005744491037520394,0.16947306733358236,7332439.423707894,10528345.713916201,1768147229385892.0,-1.79157512837139e-07,11464446.5594622,-5.441816270642641e-08,2628603.989826208,3332363.189873992,770096821723227.0,7.454542836496768e-10,3333943.707620266,2.7333323733821485e-09,7390376.833527033,8031489.7627997855,1784079058190826.0,1.79157512837139e-07,8611515.002307782,3.006665610720363e-08,1.3792517436358895e-07,-1.6399994240292867e-08,1.364733979150951e-07,1.6223148504680557e-08,0.006761829781237738
194,578.6063021659319,ACTIVE_ONE_B,2,7,0.10000000000000002,LEFT,7.270649111830032e-21,1.943787427655649e-21,7.275978772801448e-21,1.2017889101870464e-07,7.742003913221101e-08,1.2020824907152824e-07,0.9971530236269919,-8.048886530785943e-08,-7.445542938356424e-11,8.047208918737615e-08,1.609609544952356e-07,-1.6399994240292884e-08,1.6259223706594324e-08,3.265921794688721e-08,-1.8081962895174861e-07,1.8081845936505746e-07,3.6163808831680605e-07,-0.00010800940379884771,1.38142973881242e-07,8.459662084125844,7.247001920152532,3.18055244429756e-13,5836033.509470542,19430751.659679145,0.009479727552345267,-0.0005678656919854141,0.18118790099251708,7377492.997111744,10670888.664551158,1768129367834545.0,-1.79157512837139e-07,11636148.717286987,-5.441816270642641e-08,3423239.4533544006,4405824.58635214,1123008927018189.0,7.454542836496768e-10,4411797.064225571,2.7333323733821485e-09,7391513.193303048,8030961.144974845,1784067825157469.0,1.79157512837139e-07,8837002.37450708,3.006665610720363e-08,1.3801388459528518e-07,-1.639999424029287e-08,1.3644547061818025e-07,1.6219912346990012e-08,0.007385426771631565
195,578.6319863259401,ACTIVE_ONE_B,2,7,0.2000000000000001,LEFT,7.27061036987809e-21,1.943886230556305e-21,7.275918711852917e-21,1.201786775589425e-07,7.742135086598133e-08,1.2020791831001142e-07,0.9972037090104501,-8.048735218177939e-08,-8.012746551399591e-11,8.047264025724527e-08,1.6095999243902465e-07,-1.6399994240292884e-08,1.6259223706594324e-08,3.265921794688721e-08,-1.80819631344715e-07,1.8081846084638587e-07,3.6163809219110087e-07,-0.00010802011813848544,1.3822406498180185e-07,8.464627977717768,7.246860523139247,3.180698398617455e-13,4941944.979828921,19579561.798395194,0.009635132922055848,-0.0005618853439397498,0.19228461905239475,7424224.862774545,10822747.952071974,1768109442377804.0,-1.79157512837139e-07,11792696.311260061,-5.491513222885953e-08,4085369.8386800284,5337035.19380623,1459633968924513.0,7.454542836496768e-10,5349852.130664321,2.7333323733821485e-09,7393836.319007885,8067769.460980787,1784055293762254.0,1.79157512837139e-07,9076150.202099852,3.006665610720363e-08,1.3809736204306828e-07,-1.6399994240292874e-08,1.364167653418471e-07,1.621669253082036e-08,0.007976770584854354
196,578.6594529686777,ACTIVE_ONE_B,2,7,0.30000000000000016,LEFT,7.270571610615277e-21,1.943991747002835e-21,7.275851954669372e-21,1.201784640030424e-07,7.742275168150459e-08,1.2020755066953756e-07,0.9972578384086563,-8.048587585474912e-08,-8.560940039868489e-11,8.047325193540078e-08,1.609591277901499e-07,-1.6399994240292884e-08,1.6259223706594324e-08,3.265921794688721e-08,-1.8081963397616285e-07,1.8081846247542004e-07,3.616380964515829e-07,-0.00010803190047647959,1.3830044155440556e-07,8.469305160908617,7.2468193171495985,3.180854905612962e-13,4147085.825204093,19749497.265608244,0.009790538291766423,-0.0005565105008176197,0.20279025873219103,7470905.068011954,10776247.96522875,1768087531033771.0,-1.79157512837139e-07,11933355.325890759,-5.5412101751292644e-08,4626675.93262032,6131189.349869678,1764545681250101.5,7.454542836496768e-10,6152564.672439024,2.7333323733821485e-09,7397352.682445034,8067529.934366206,1784041512828788.0,1.79157512837139e-07,9323755.980141358,3.006665610720363e-08,1.3817655814847145e-07,-1.6399994240292877e-08,1.363874459889881e-07,1.6213488976268074e-08,0.008533734460946185
197,578.688762414638,ACTIVE_ONE_B,2,7,0.40000000000000024,LEFT,7.270532762877032e-21,1.944104130767023e-21,7.275778418643626e-21,1.2017824995889853e-07,7.742424361043805e-08,1.20207145694497e-07,0.9973154907057503,-8.048443674522304e-08,-9.090042825956592e-11,8.047392467382064e-08,1.6095836141904368e-07,-1.6399994240292884e-08,1.6259223706594324e-08,3.265921794688721e-08,-1.808196368408917e-07,1.808184642489611e-07,3.616381010898528e-07,-0.00010804472758474404,1.3837259369635687e-07,8.473723646499339,7.246871497011206,3.181019068209914e-13,3443329.300351804,19935702.783491474,0.009945943661477004,-0.000551746573413725,0.21278813277840275,7516232.4025513325,10832617.11850643,1768063677047105.0,-1.79157512837139e-07,12063117.024256157,-5.5412101751292644e-08,5064695.4739517355,6803800.79547949,2026535279974804.0,7.454542836496768e-10,6834322.184794253,2.7333323733821485e-09,7402048.948447388,8081027.247712228,1784026509448617.0,1.79157512837139e-07,9575385.722113825,3.006665610720363e-08,1.3825172412743583e-07,-1.6399994240292884e-08,1.3635766993743802e-07,1.6210301155181847e-08,0.00905989235569793
198,578.7200403161393,ACTIVE_ONE_B,2,7,0.5000000000000003,LEFT,7.270493772516239e-21,1.9442233536697843e-21,7.275698186101832e-21,1.2017803512816307e-07,7.742582626818339e-08,1.2020670383752365e-07,0.9973766514460054,-8.048303473825858e-08,-9.600267011490097e-11,8.047465743265457e-08,1.6095769217091314e-07,-1.6399994240292884e-08,1.6259223706594324e-08,3.265921794688721e-08,-1.8081963993022846e-07,1.808184661616634e-07,3.6163810609189186e-07,-0.00010805856069429076,1.3844145568837698e-07,8.477940648396451,7.247008686455449,3.181190950514932e-13,2775166.855250815,20134225.642639518,0.010101349031187581,-0.0005475863832873351,0.2222661464935789,7559494.483529134,10951461.73007958,1813215002059832.2,-3.006665610720363e-08,12183792.23945951,-5.590907127372576e-08,5416108.352323681,7371310.749763612,2235445152807456.0,7.454542836496768e-10,7410884.2494869465,2.7333323733821485e-09,7407891.469888328,8112687.3774817,1784010328870590.0,1.79157512837139e-07,9827820.367910992,3.006665610720363e-08,1.3832185110541346e-07,-1.6399994240292884e-08,1.363276114645372e-07,1.620712890297842e-08,0.009562057361057974
199,578.7534596318839,ACTIVE_ONE_B,2,7,0.6000000000000004,LEFT,7.270454598781628e-21,1.944349312857886e-21,7.275611400648513e-21,1.2017781928629334e-07,7.742749827834526e-08,1.202062258886727e-07,0.9974412678662384,-8.048166946171852e-08,-1.0091920849159829e-10,8.047544864829007e-08,1.6095711811000857e-07,-1.6399994240292884e-08,1.6259223706594324e-08,3.265921794688721e-08,-1.808196432365426e-07,1.8081846820882637e-07,3.61638111445369e-07,-0.00010807336570395343,1.3850770586422308e-07,8.481997706710208,7.247223112438513,3.1813673255592525e-13,2165533.947600239,20341515.5079131,0.01025675440089816,-0.000544017897402993,0.23125476899710073,7600240.157558194,11058659.31021911,1946475086153185.5,-3.006665610720363e-08,12294777.114857838,-5.640604079615888e-08,5692179.241002512,7850767.877019429,2839581033021070.0,-2.7333323733821485e-09,7898896.702682963,2.7333323733821485e-09,7414840.792726974,8183111.031511699,1783993010837812.0,1.79157512837139e-07,10080707.033492142,3.006665610720363e-08,1.3838848804421857e-07,-1.6399994240292884e-08,1.3629743325745275e-07,1.6203971807792165e-08,0.01004517611688982
200,578.7892226828195,ACTIVE_ONE_B,2,7,0.7,LEFT,7.270415226462641e-21,1.9444818590776877e-21,7.275518226747879e-21,1.2017760234946988e-07,7.74292576482526e-08,1.2020571275283936e-07,0.9975092634000943,-8.048034073384544e-08,-1.0565187913677228e-10,8.047629660704145e-08,1.6095663734088688e-07,-1.6399994240292884e-08,1.6259223706594324e-08,3.265921794688721e-08,-1.8081964675775794e-07,1.8081847038918851e-07,3.6163811714694645e-07,-0.00010808913338289372,1.3857102953492156e-07,8.485875550374526,7.247508789844483,3.1815460853100143e-13,1621202.2273537908,20556570.71817749,0.010412159770608737,-0.0005410293332785976,0.23978271783262167,7638116.149535294,11144529.715227408,2063839470404110.2,-3.006665610720363e-08,12400589.657439064,-5.7399979841025116e-08,5892220.666643689,8249061.192132302,3697332027246898.0,-2.7333323733821485e-09,8305968.39340007,2.7333323733821485e-09,7422848.767993756,8235268.966791705,1783974566006590.0,1.79157512837139e-07,10332197.974573093,3.006665610720363e-08,1.384521465353604e-07,-1.6399994240292887e-08,1.362673186440292e-07,1.6200829405058437e-08,0.010506953804448216
201,578.8275330857073,ACTIVE_ONE_B,2,7,0.7999999999999978,LEFT,7.27037561161089e-21,1.9446206217956344e-21,7.275419078881836e-21,1.201773840755291e-07,7.743109944801374e-08,1.202051667118256e-07,0.9975804479657513,-8.047904742567871e-08,-1.1020905637101664e-10,8.04771973794463e-08,1.60956244805125e-07,-1.6399994240292884e-08,1.6259223706594324e-08,3.265921794688721e-08,-1.8081965048312123e-07,1.808184726961165e-07,3.6163812317923775e-07,-0.0001081058156491288,1.3863191775187524e-07,8.489604250617914,7.247856131791338,3.181726870334297e-13,1113525.9337503873,20771172.5384122,0.010567565140319313,-0.0005385892466709397,0.24788478206627756,7673087.366669837,11276420.753637016,2163121771494728.0,-3.006665610720363e-08,12501378.542056417,-5.7399979841025116e-08,6041981.912626087,8581972.935242672,4469558197594693.0,-2.7333323733821485e-09,8646390.092587102,2.7333323733821485e-09,7431831.780567254,8253437.988727645,1783955050531323.0,1.79157512837139e-07,10577539.009267181,3.006665610720363e-08,1.3851310230842674e-07,-1.6399994240292887e-08,1.362372120225234e-07,1.6197930148109625e-08,0.010950971337138737
202,578.868706494978,ACTIVE_ONE_B,2,7,0.8999999999999957,LEFT,7.270335769269533e-21,1.9447649279488604e-21,7.275314615070097e-21,1.201771645473432e-07,7.743301473294444e-08,1.2020459138872415e-07,0.9976544762853967,-8.047778724982925e-08,-1.1460385330992406e-10,8.047814486979788e-08,1.6095593211962715e-07,-1.6399994240292884e-08,1.6259223706594324e-08,3.265921794688721e-08,-1.8081965438556748e-07,1.8081847511287222e-07,3.616381294984397e-07,-0.00010812329136489218,1.3869077650962316e-07,8.493208669918072,7.24825453528666,3.1819092749267385e-13,634889.1436765231,20984783.929199953,0.010722970510029886,-0.0005366455264550485,0.25560379123578647,7705627.85121454,11432752.610272938,2252566727713466.5,-3.006665610720363e-08,12581394.802692933,-5.7399979841025116e-08,6151750.971050756,8870898.193473509,4055408910221655.0,-2.7333323733821485e-09,8941303.888525316,2.7333323733821485e-09,7441590.157588044,8270003.82487888,1783934605992218.0,1.79157512837139e-07,10814265.812974438,3.006665610720363e-08,1.3857182368350625e-07,-1.6399994240292887e-08,1.362073429341615e-07,1.6195180918898304e-08,0.011380189364861959
203,578.9131110889314,ACTIVE_ONE_B,2,7,1.0,LEFT,7.270295632571748e-21,1.944914497029953e-21,7.275205182686919e-21,1.2017694339646548e-07,7.743499976942166e-08,1.2020398869584854e-07,0.9977312044601604,-8.047655965575852e-08,-1.1884254246750217e-10,8.047913583771184e-08,1.6095569549347036e-07,-1.6399994240292884e-08,1.6259223706594324e-08,3.265921794688721e-08,-1.8081965845886655e-07,1.808184776356138e-07,3.6163813609448035e-07,-0.00010814153267668658,1.387478272928715e-07,8.496702371655886,7.248698812610253,3.1820926191768776e-13,184254.26408318523,21199283.711280525,0.010878375879740472,-0.0005351746074397923,0.26296453169174766,7735801.159694121,11547644.672261858,2333079951046704.0,-3.006665610720363e-08,12640476.940047834,-5.7399979841025116e-08,6243015.125375071,9120558.700557785,4519452769209538.0,-2.2363628509490305e-09,9195940.717509866,2.7333323733821485e-09,7452050.529031893,8272156.8180307755,1783913264924813.0,1.79157512837139e-07,11041836.266922101,3.006665610720363e-08,1.3862858649764093e-07,-1.6399994240292887e-08,1.3617789608539372e-07,1.6192458628577318e-08,0.011796223029228337
204,578.9131256570763,CHILD_CROSSING,2,7,0.0,LEFT,7.270295652984949e-21,1.9449151819801246e-21,7.275204477323548e-21,1.2017694350894124e-07,7.743500885964307e-08,1.202039848110787e-07,0.9977315558361005,-8.047656296509801e-08,-1.1882417338694385e-10,8.047914222015255e-08,1.6095570518525057e-07,-1.6399994240292884e-08,1.6259223706594324e-08,3.265921794688721e-08,-1.8081965848547342e-07,1.8081847765209295e-07,3.6163813613756637e-07,-0.00010814165183070656,1.3874721380109927e-07,8.496664802368512,7.248708866842954,3.182092572413906e-13,182932.04282252397,21197890.467291456,0.010878375879740472,-0.0005352348536273865,0.26289915875591585,7735177.211641843,11548695.768682832,2335940723170477.0,-3.006665610720363e-08,12638830.776074832,-5.7399979841025116e-08,6242369.630383304,9121178.926796097,4529277667919944.0,-2.2363628509490305e-09,9195998.189717159,2.7333323733821485e-09,7452119.914867965,8273012.843150144,1783913125519523.0,1.79157512837139e-07,11043270.525115384,3.006665610720363e-08,1.386276948380357e-07,-1.6399994240292887e-08,1.3617779410981002e-07,1.6192459946636393e-08,0.011791749239114857
205,578.9617066941286,ACTIVE_ONE_B,2,8,0.10000000000000006,LEFT,7.270255206585425e-21,1.9450689775236482e-21,7.27509112817968e-21,1.2017672065080193e-07,7.743704988187565e-08,1.2020336054044497e-07,0.9978104521645071,-8.047536401516616e-08,-1.2292966814383107e-10,8.048016709420236e-08,1.6095553110936852e-07,-1.6399994240292884e-08,1.6259223706594324e-08,3.265921794688721e-08,-1.8081966269736883e-07,1.80818480260853e-07,3.6163814295822183e-07,-0.00010816051431339346,1.3880217197518698e-07,8.500030355957522,7.24918481296546,3.1822753402753985e-13,-222832.7428469034,21412951.423180133,0.01103378124945105,-0.0005341527605549068,0.26998644200033317,7763697.989392551,11689263.105367491,2406150958425243.5,-3.006665610720363e-08,12678457.59653137,-5.7399979841025116e-08,6303180.197936178,9337939.08701148,4625960776045469.0,-2.2363628509490305e-09,9417173.089428285,2.7333323733821485e-09,7463114.937463838,8291157.630362059,1783891056757973.0,1.79157512837139e-07,11259288.939972997,3.006665610720363e-08,1.3868354154165626e-07,-1.639999424029289e-08,1.361489412855249e-07,1.618976946133701e-08,0.012192522887621404
206,579.0144505203265,ACTIVE_ONE_B,2,8,0.20000000000000015,LEFT,7.270214475672691e-21,1.945228023149081e-21,7.274972813467064e-21,1.2017649622417024e-07,7.743916046484204e-08,1.2020270891501492e-07,0.9978920417581214,-8.047419980191847e-08,-1.2687035368273574e-10,8.048123534329492e-08,1.609554351452134e-07,-1.6399994240292884e-08,1.6259223706594324e-08,3.265921794688721e-08,-1.808196670951209e-07,1.8081848298490199e-07,3.6163815008002287e-07,-0.00010818020961234076,1.388547184632426e-07,8.503248221623569,7.24970904800861,3.1824568272315805e-13,-586237.9506703122,21626454.520291317,0.011189186619161628,-0.0005335562267547722,0.276684373109801,7789415.878699798,11823397.123934004,2472688254567127.0,-3.006665610720363e-08,12690843.126452353,-5.7399979841025116e-08,6328229.751516912,9528147.126914982,4120865958462096.0,-2.2363628509490305e-09,9610380.688370727,2.7333323733821485e-09,7474685.130228559,8340780.663679602,1783868012729067.0,1.79157512837139e-07,11465978.086147262,3.006665610720363e-08,1.3873678401004742e-07,-1.639999424029289e-08,1.3612054711016328e-07,1.6187093018221013e-08,0.012575709703483318
207,579.0719571998096,ACTIVE_ONE_B,2,8,0.3000000000000002,LEFT,7.270173446182467e-21,1.945391280543487e-21,7.274850585562973e-21,1.2017627015153422e-07,7.744132681959071e-08,1.202020357300269e-07,0.9979757919677097,-8.04730663663364e-08,-1.3066940894351555e-10,8.048233744124328e-08,1.6095540380757967e-07,-1.6399994240292884e-08,1.6259223706594324e-08,3.265921794688721e-08,-1.808196716468742e-07,1.808184858044906e-07,3.616381574513648e-07,-0.00010820059501503998,1.389056557241887e-07,8.506367540710079,7.250267944980839,3.1826383033831735e-13,-945059.5145064965,21838892.419032894,0.011344591988872206,-0.000533361425292922,0.28307748484204565,7813020.847707209,11851709.713596603,2533127007163930.0,-3.006665610720363e-08,12677691.131589213,-5.7399979841025116e-08,6342757.4634428,9694711.781156553,4972960200882910.0,-1.7393933285159125e-09,9779084.531922985,2.7333323733821485e-09,7486670.01383709,8342202.651768301,1783844160484854.0,1.79157512837139e-07,11661568.961468576,3.006665610720363e-08,1.3878745791385596e-07,-1.6399994240292887e-08,1.3609274842285276e-07,1.6184428393459277e-08,0.01294716148937658
208,579.1350114490102,ACTIVE_ONE_B,2,8,0.4000000000000003,LEFT,7.270132139553668e-21,1.9455583281180467e-21,7.274724844617349e-21,1.2017604255100448e-07,7.744354334293446e-08,1.2020134318866852e-07,0.9980614865203609,-8.04719625430845e-08,-1.3433347701312984e-10,8.048346978372807e-08,1.6095543232681255e-07,-1.6399994240292884e-08,1.6259223706594324e-08,3.265921794688721e-08,-1.8081967634511568e-07,1.8081848871492317e-07,3.616381650600389e-07,-0.00010822163675872076,1.38955129432912e-07,8.50939723412183,7.250857753691866,3.182819019782502e-13,-1289322.3276101304,22048786.65992635,0.011499997358582785,-0.0005335387069698161,0.2891831341150479,7834716.196610026,11736997.965561878,2588658764236328.5,-3.006665610720363e-08,12639678.972002584,-5.7399979841025116e-08,6328440.327733827,9841884.037722288,4905129716537903.0,-1.7393933285159125e-09,9927617.563148461,2.7333323733821485e-09,7498975.085077364,8359649.587764364,1783819539743292.0,1.79157512837139e-07,11845798.439321494,3.006665610720363e-08,1.3883623590742128e-07,-1.6399994240292887e-08,1.3606557911516954e-07,1.618177425775989e-08,0.013307940555990827
209,579.2046337851366,ACTIVE_ONE_B,2,8,0.5000000000000003,LEFT,7.270090560865484e-21,1.9457288100306453e-21,7.274595941393069e-21,1.2017581345055026e-07,7.744580530506303e-08,1.2020063322219564e-07,0.998148942870887,-8.047088749410054e-08,-1.378682295631961e-10,8.048462923140795e-08,1.609555167255085e-07,-1.6399994240292884e-08,1.6259223706594324e-08,3.265921794688721e-08,-1.8081968118413086e-07,1.8081849171258355e-07,3.6163817289671443e-07,-0.00010824330903891344,1.3900328044678405e-07,8.51234592774642,7.251474960440831,3.182998415856374e-13,-1617329.1618640553,22255810.186738156,0.011655402728293364,-0.000534063347391811,0.2950248725432403,7854651.602438082,11827686.71181669,2639412410106224.0,-3.006665610720363e-08,12577574.168840773,-5.7399979841025116e-08,6298325.787857655,9972832.183959378,4378452511718067.5,-1.7393933285159125e-09,10059212.114016687,2.7333323733821485e-09,7511515.990309845,8432656.880251184,1783794181054156.0,1.79157512837139e-07,12018681.082517682,3.006665610720363e-08,1.3888357712954478e-07,-1.6399994240292887e-08,1.360390619748463e-07,1.6179130020367665e-08,0.013659074083061773
210,579.2822050072946,ACTIVE_ONE_B,2,8,0.5999999999999983,LEFT,7.270048740815146e-21,1.945902304288247e-21,7.274464267185931e-21,1.2017558301929853e-07,7.744810709948342e-08,1.2019990798518821e-07,0.9982379445390159,-8.046983996568363e-08,-1.4128044739955422e-10,8.048581229616468e-08,1.609556522618483e-07,-1.6399994240292884e-08,1.6259223706594324e-08,3.265921794688721e-08,-1.808196861562027e-07,1.8081849479257303e-07,3.6163818094877576e-07,-0.0001082655769670815,1.3905023198919788e-07,8.515221167593877,7.252116498772917,3.1831764613585465e-13,-1930287.0918469708,22459884.52887539,0.011810808098003937,-0.0005349058703916221,0.3006449841668279,7872964.81159426,11776433.738799289,2725087910177711.5,-3.006665610720363e-08,12478040.316194844,-5.7399979841025116e-08,6268651.039110202,10091319.902423654,5064484976119231.0,-1.2424238060827948e-09,10177595.343212321,2.7333323733821485e-09,7524225.393053172,8558773.422560338,1783768125793164.0,1.79157512837139e-07,12183377.737924729,3.006665610720363e-08,1.3892961371190288e-07,-1.6399994240292887e-08,1.3601321378462909e-07,1.617649468471663e-08,0.014001460657371512
211,579.3696548932962,ACTIVE_ONE_B,2,8,0.6999999999999962,LEFT,7.270006682979535e-21,1.9460784803433952e-21,7.274330148966523e-21,1.2017535127694293e-07,7.74504443340234e-08,1.2019916927801957e-07,0.9983283219555905,-8.046881922569743e-08,-1.4457544701178468e-10,8.048701608382314e-08,1.6095583530952057e-07,-1.6399994240292884e-08,1.6259223706594324e-08,3.265921794688721e-08,-1.8081969125579732e-07,1.8081849795129363e-07,3.61638189207091e-07,-0.0001082884152894259,1.3909609136916595e-07,8.51802952510217,7.252779728605496,3.18335309866555e-13,-2232488.5457364786,22659997.501074955,0.011966213467714513,-0.0005360437340389268,0.30603005341390993,7889828.81145711,11652213.323619593,3388498945971801.0,-3.006665610720363e-08,12406583.43261068,-5.8890888408324466e-08,6226707.045942512,10158635.030013295,5350230702740695.0,-1.2424238060827948e-09,10285655.23288844,2.7333323733821485e-09,7537024.534154114,8685120.909943257,1783741404391592.0,1.79157512837139e-07,12338608.918855164,3.006665610720363e-08,1.3897445375753522e-07,-1.6399994240292884e-08,1.3598804406228388e-07,1.617386796761608e-08,0.01433588281264031
212,579.4697042337135,ACTIVE_ONE_B,2,8,0.799999999999994,LEFT,7.269964408530159e-21,1.9462570147692883e-21,7.27419388899011e-21,1.2017511834012582e-07,7.74528127119221e-08,1.201984187650101e-07,0.9984199092043132,-8.046782465038567e-08,-1.4775768422812343e-10,8.048823793010839e-08,1.6095606258049406e-07,-1.6399994240292884e-08,1.6259223706594324e-08,3.265921794688721e-08,-1.8081969647819638e-07,1.8081850118559245e-07,3.6163819766378883e-07,-0.00010831180223758174,1.391409257541422e-07,8.520775113502307,7.253462572299393,3.183528243830142e-13,-2522063.82104617,22856343.080710746,0.012121618837425087,-0.0005374564992253195,0.3111908200925873,7905569.414925728,11520607.435102576,4129975667097161.0,-3.006665610720363e-08,12452525.062309012,-6.187270554292317e-08,6156521.791747437,10118851.028454749,4854049582686423.0,-1.2424238060827948e-09,10385570.313356161,2.7333323733821485e-09,7549847.322870143,8810872.36439537,1783714043416587.0,1.79157512837139e-07,12483580.912436321,3.006665610720363e-08,1.3901816499538168e-07,-1.6399994240292884e-08,1.359635556653951e-07,1.61712496790772e-08,0.01466283035672733
213,579.5864427056528,ACTIVE_ONE_B,2,8,0.8999999999999919,LEFT,7.269921907036637e-21,1.9464376846063125e-21,7.274055720646669e-21,1.2017488415136048e-07,7.745520927002769e-08,1.2019765773124198e-07,0.9985125919080409,-8.046685619300778e-08,-1.5083022073333882e-10,8.0489475795308e-08,1.6095633198831578e-07,-1.6399994240292884e-08,1.6259223706594324e-08,3.265921794688721e-08,-1.8081970182125607e-07,1.8081850449384244e-07,3.6163820631509854e-07,-0.0001083357273838903,1.3918481073169823e-07,8.523462561660274,7.25416334961581,3.1837019983027056e-13,-2801077.1928355917,23048097.076276973,0.01227702420713566,-0.0005391311961104872,0.3161354971386713,7920286.081289357,11622845.450784575,4656869423684316.0,-3.006665610720363e-08,12513931.107966319,-6.187270554292317e-08,6087090.125141108,10054598.548588455,4820533647360730.0,-7.454542836496768e-10,10478611.202151863,2.7333323733821485e-09,7562644.32529923,8935364.533069877,1783686056542876.0,1.79157512837139e-07,12618525.201832777,3.006665610720363e-08,1.3906083015258896e-07,-1.6399994240292884e-08,1.359397452678569e-07,1.616864014531907e-08,0.014982854499845377
214,579.7266144860613,ACTIVE_ONE_B,2,8,1.0,LEFT,7.269879108520964e-21,1.946620244493994e-21,7.273915959274713e-21,1.2017464832504203e-07,7.745763074873909e-08,1.2019688791323915e-07,0.9986062441981034,-8.046591317507623e-08,-1.538003401972668e-10,8.049072691540411e-08,1.6095664009048034e-07,-1.6399994240292884e-08,1.6259223706594324e-08,3.265921794688721e-08,-1.8081970727916819e-07,1.8081850787207287e-07,3.6163821515124105e-07,-0.00010836016368398482,1.39227870492686e-07,8.52609947483179,7.254879831089595,3.1838744187047223e-13,-3070786.7450815905,23235498.228471614,0.012432429576846253,-0.000541046425342584,0.3208825224067654,7934169.916963614,11734069.132628089,4432431070492797.0,-3.056362562963675e-08,12566992.420932114,-6.187270554292317e-08,6024932.537137511,9968112.279534504,5643097361207473.0,-7.454542836496768e-10,10567073.052190155,2.7333323733821485e-09,7575359.137029477,9057958.030575173,1783657477308320.0,1.79157512837139e-07,12743477.926785048,3.006665610720363e-08,1.3910257747805923e-07,-1.6399994240292884e-08,1.3591661128773905e-07,1.61660384627712e-08,0.015296860883815766
215,579.727782981799,FACILITATED_WINDOW,2,8,0.0,LEFT,7.269879842575404e-21,1.9466710438779255e-21,7.273864425836341e-21,1.2017465236980123e-07,7.74583045260559e-08,1.2019660406001262e-07,0.998632304022632,-8.046619682911513e-08,-1.5231075337312458e-10,8.049118744594132e-08,1.6095738427505645e-07,-1.6399994240292884e-08,1.6259223706594324e-08,3.265921794688721e-08,-1.8081970941825958e-07,1.8081850919569428e-07,3.6163821861395383e-07,-0.00010836973979588826,1.3918714631754113e-07,8.52360558932534,7.2555308325146735,3.183818563979102e-13,-2735449.470987413,23232755.449869465,0.012432429576846253,-0.0005456724365098253,0.31715687686316674,7889568.713924308,11570704.617890699,4824136461171148.0,-3.056362562963675e-08,12567026.731417425,-6.187270554292317e-08,5735096.358890092,9507706.780474966,5591801554956017.0,-7.454542836496768e-10,10354637.046142926,2.7333323733821485e-09,7580674.5343307555,9103718.792253297,1783646279583507.0,1.79157512837139e-07,12806435.769902853,3.006665610720363e-08,1.3905146587813794e-07,-1.6399994240292884e-08,1.3591430218674204e-07,1.616606741947302e-08,0.014999886384095662
216,579.728727737146,CHILD_CROSSING,2,8,0.0,LEFT,7.269880268341534e-21,1.9467101082591477e-21,7.273824935688991e-21,1.2017465471584164e-07,7.74588226482636e-08,1.201963865419728e-07,0.9986523438507005,-8.046641774385038e-08,-1.511593929562783e-10,8.049153992353297e-08,1.6095795766738333e-07,-1.6399994240292884e-08,1.6259223706594324e-08,3.265921794688721e-08,-1.8081971114821407e-07,1.8081851026596503e-07,3.616382214141791e-07,-0.00010837748380243539,1.3915848220614236e-07,8.521850243471965,7.256014698073687,3.183768515949367e-13,-2392367.4434644813,23264682.44543963,0.012432429576846253,-0.0005492367663721964,0.31445158719814137,7854282.219848833,11597744.97241883,4548634379785275.0,-3.056362562963675e-08,12551126.671366481,-6.187270554292317e-08,5407255.0310637625,8986044.08471772,5236968938923917.0,-7.454542836496768e-10,10022215.716316102,2.7333323733821485e-09,7585366.423659519,9143930.918462537,1783637225126737.0,1.79157512837139e-07,12854299.547342017,3.006665610720363e-08,1.390166167620303e-07,-1.6399994240292884e-08,1.3591335178419386e-07,1.6166079353118744e-08,0.01479085796025914
217,579.8791473691648,ACTIVE_ONE_B,2,9,0.10000000000000003,LEFT,7.269835848213611e-21,1.9468125208452053e-21,7.273766943230889e-21,1.2017440995324074e-07,7.746018094316361e-08,1.2019606710882283e-07,0.9987048809843355,-8.04650425928621e-08,-1.5643653778807062e-10,8.049205924824899e-08,1.6095710184111107e-07,-1.6399994240292884e-08,1.6259223706594324e-08,3.265921794688721e-08,-1.8081971335751537e-07,1.8081851163252881e-07,3.616382249900442e-07,-0.00010838737283647149,1.3926689225879006e-07,8.528489107441336,7.255676827346971,3.184022031825652e-13,-3217586.3219788997,23450224.640238054,0.01258783494655683,-0.0005439167664418321,0.3251802102687178,7935610.436348497,11765252.68294646,4492863701288392.0,-3.056362562963675e-08,12583924.911034841,-6.187270554292317e-08,5766142.410529163,9608891.202108337,5395496047230079.0,-7.454542836496768e-10,10441459.691493109,2.7333323733821485e-09,7589471.346372849,9200459.6554069,1783625663965540.0,1.79157512837139e-07,12848996.29637496,3.006665610720363e-08,1.3914204488303528e-07,-1.639999424029288e-08,1.3589494452457586e-07,1.6163433522683355e-08,0.015581420839314575
218,580.1094050329806,ACTIVE_ONE_B,2,9,0.20000000000000012,LEFT,7.26979247759026e-21,1.946994227728503e-21,7.273628606971045e-21,1.2017417097262992e-07,7.74625907985948e-08,1.2019530512034593e-07,0.9987980956875052,-8.046412476301842e-08,-1.5933492088606512e-10,8.049329612018218e-08,1.609574208832006e-07,-1.6399994240292884e-08,1.6259223706594324e-08,3.265921794688721e-08,-1.8081971884835451e-07,1.80818515027432e-07,3.616382338757865e-07,-0.00010841194630439865,1.393093915948492e-07,8.531091701056912,7.2563753340019215,3.184205396519496e-13,-3551403.5220888807,23597119.83479833,0.012743240316267408,-0.000545900000596955,0.32970449742435387,7953100.271947961,11817005.265712025,4514810516072058.0,-3.1060595152069866e-08,12633031.475319419,-6.187270554292317e-08,5832738.831917099,9679866.385087296,4963450722185649.0,-7.454542836496768e-10,10685666.330048162,2.7333323733821485e-09,7600775.441942367,9305016.040468156,1783596942615761.0,1.79157512837139e-07,12953343.176593192,3.006665610720363e-08,1.3918288659439057e-07,-1.639999424029288e-08,1.3587283723643713e-07,1.6160851619135487e-08,0.01589134041459639
219,580.4560259965808,ACTIVE_ONE_B,2,9,0.3000000000000002,LEFT,7.269748809948229e-21,1.947180797857706e-21,7.27348570448396e-21,1.201739303544278e-07,7.746506499596125e-08,1.201945179698762e-07,0.9988938052109884,-8.046325416898003e-08,-1.620271457873589e-10,8.049457285715998e-08,1.6095782702614e-07,-1.6399994240292884e-08,1.6259223706594324e-08,3.265921794688721e-08,-1.8081972462299594e-07,1.8081851859516698e-07,3.6163824321816295e-07,-0.00010843778259173042,1.3934884962974136e-07,8.533508050092355,7.257132398094577,3.184374599179049e-13,-3776584.0239814827,23770318.104991246,0.01289864568597799,-0.0005484246723430619,0.33388743862264675,7964529.820584093,11930159.8367058,4688403867347948.0,-3.1060595152069866e-08,12658280.998696774,-6.187270554292317e-08,5766829.659799202,9490229.08064224,5331238290821450.0,-2.7333323733821485e-09,10642772.715490954,2.7333323733821485e-09,7612894.675194989,9415533.536900477,1783566758379675.0,1.79157512837139e-07,13053020.557145776,3.006665610720363e-08,1.3922144202824727e-07,-1.639999424029288e-08,1.3585158900513152e-07,1.6158274771202077e-08,0.0161790817900902
220,581.1320416198381,ACTIVE_ONE_B,2,9,0.4000000000000003,LEFT,7.269704786448663e-21,1.9473673171475616e-21,7.273343208693724e-21,1.2017368777439794e-07,7.746753836114766e-08,1.201937330493505e-07,0.9989894886541458,-8.046240069838214e-08,-1.6466703438465914e-10,8.049584523443688e-08,1.6095824593281903e-07,-1.6399994240292884e-08,1.6259223706594324e-08,3.265921794688721e-08,-1.8081973045826907e-07,1.8081852219706712e-07,3.6163825265533617e-07,-0.00010846388103891158,1.3938879624779e-07,8.535954319204714,7.257883145803315,3.1845426087837224e-13,-3993842.969973824,23941916.253840655,0.013054051055688565,-0.0005510286862360214,0.33802492795543676,7974992.504068513,11935219.524241548,4501023810299138.0,-3.155756467450299e-08,12670816.603030311,-6.187270554292317e-08,5701194.710681203,9211947.497390233,6294043560507442.0,-2.7333323733821485e-09,10446958.079729794,2.7333323733821485e-09,7624747.887036868,9523975.35338737,1783536284271293.0,1.79157512837139e-07,13140487.562383633,3.006665610720363e-08,1.3926079675641188e-07,-1.639999424029288e-08,1.358310690622214e-07,1.6155704812823316e-08,0.01647038607969975
221,585.0052763373326,EVENT_TRANSPORT_RECOVERY,2,9,0.46500000000000036,LEFT,7.26967632753345e-21,1.9475055908635463e-21,7.273233393892965e-21,1.2017353095843572e-07,7.7469371857202e-08,1.2019312814103912e-07,0.9990604223642936,-8.046195659255897e-08,-1.658255720307487e-10,8.049682526683905e-08,1.6095878185939802e-07,-1.6399994240292884e-08,1.6259223706594324e-08,3.265921794688721e-08,-1.8081973502283587e-07,1.8081852501192251e-07,3.6163826003475836e-07,-0.0001084842887875137,1.394006947328554e-07,8.536682964029263,7.258590460963162,3.184633481842956e-13,-4059490.9818828944,24035782.22650902,0.01315506454600044,-0.0005543601209618831,0.3394184996972882,7967345.044169547,11955481.008756043,5080695267626434.0,-3.155756467450299e-08,12670963.126896985,-6.187270554292317e-08,5596090.155897598,8821298.379395992,6977293483069626.0,-2.7333323733821485e-09,10129173.442084167,2.7333323733821485e-09,7633720.140654887,9605156.299276087,1783512468362988.0,1.79157512837139e-07,13204107.040655872,3.006665610720363e-08,1.3926762345350778e-07,-1.639999424029288e-08,1.3581739895368e-07,1.6154046664920918e-08,0.01655715386903256
222,585.1260155371039,ACTIVE_ONE_B,2,9,0.46750000000000036,LEFT,7.269675174781064e-21,1.947506786213897e-21,7.273233351295e-21,1.2017352460646415e-07,7.746938770705327e-08,1.2019312790638958e-07,0.999061035572919,-8.046191532354482e-08,-1.659954454048397e-10,8.049682564686774e-08,1.6095874097041258e-07,-1.6399994240292884e-08,1.6259223706594324e-08,3.265921794688721e-08,-1.808197350245853e-07,1.8081852501300087e-07,3.616382600375862e-07,-0.00010848429660792469,1.3940448213321162e-07,8.536914898569911,7.258564624618133,3.184640048323384e-13,-4057487.187941162,24047849.34428282,0.013158949680243207,-0.0005541059462457198,0.33978214894616854,7970515.003197457,11957242.524112526,5108827951294262.0,-3.155756467450299e-08,12670950.987617148,-6.187270554292317e-08,5595843.162053376,8850481.157864898,6832238207384874.0,-2.7333323733821485e-09,10158426.358344588,2.7333323733821485e-09,7633723.7267475985,9605185.776926225,1783512459239129.0,1.79157512837139e-07,13204143.275235828,3.006665610720363e-08,1.392726499281116e-07,-1.639999424029288e-08,1.358171358898707e-07,1.6153979771054324e-08,0.01658477287720217
223,585.7577814090721,EVENT_TRANSPORT_PAUSED,2,9,0.47250000000000036,LEFT,7.269672869337578e-21,1.9475091914938657e-21,7.273233251458517e-21,1.201735119028567e-07,7.74694196000512e-08,1.2019312735644346e-07,0.9990622694692594,-8.046183284537142e-08,-1.6633484748195497e-10,8.04968265382641e-08,1.609586593836355e-07,-1.6399994240292884e-08,1.6259223706594324e-08,3.265921794688721e-08,-1.808197350284341e-07,1.8081852501537322e-07,3.616382600438073e-07,-0.00010848431381238477,1.3941205789566376e-07,8.537378826546659,7.258513090308021,3.1846534040532497e-13,-4055837.1005219948,24071512.13208866,0.013166719948728735,-0.0005535987853160229,0.34050741081355673,7976686.358170879,11985938.537302233,5070089120128097.0,-3.155756467450299e-08,12671249.353004577,-6.187270554292317e-08,5596069.945620808,8909218.817372276,6723670400166818.0,-2.7333323733821485e-09,10216735.163844287,2.7333323733821485e-09,7633731.619717989,9605250.611087244,1783512439166799.0,1.79157512837139e-07,13204223.086812766,3.006665610720363e-08,1.3928267612218173e-07,-1.6399994240292884e-08,1.3581659017756267e-07,1.615384627017514e-08,0.016640017906873528
224,611.2694183671472,EVENT_TRANSPORT_RECOVERY,2,9,0.5075000000000003,LEFT,7.269657722258918e-21,1.947608047512006e-21,7.273149542519038e-21,1.2017342843835357e-07,7.747073036644058e-08,1.2019266624662362e-07,0.9991129821017158,-8.046174631216125e-08,-1.66186011699337e-10,8.049757288288425e-08,1.6095931919504548e-07,-1.6399994240292884e-08,1.6259223706594324e-08,3.265921794688721e-08,-1.8081973864028595e-07,1.8081852724083408e-07,3.6163826588112005e-07,-0.00010850045686661147,1.3940022479204816e-07,8.536654185580986,7.259190367022777,3.184665749096884e-13,-3928613.153617831,24127320.35400516,0.013221111828127437,-0.0005577003147603232,0.3396019407881524,7950403.320973327,11874287.7626715,4534154075056782.0,-3.155756467450299e-08,12649928.39489709,-6.187270554292317e-08,5354919.4349200195,8293531.245861796,6530835030058578.0,-2.7333323733821485e-09,9629536.324966384,2.7333323733821485e-09,7641193.700658636,9669499.19180431,1783493609579449.0,1.79157512837139e-07,13255878.239342727,3.006665610720363e-08,1.392638185852105e-07,-1.639999424029288e-08,1.358090998782358e-07,1.6152957578852068e-08,0.016553726901251675
225,618.4070818155337,ACTIVE_ONE_B,2,9,0.5175000000000001,LEFT,7.269653289598429e-21,1.9476290137584347e-21,7.273133008933098e-21,1.2017340401317262e-07,7.747100835950623e-08,1.2019257517111954e-07,0.9991237376790609,-8.046167883806683e-08,-1.6636507398859207e-10,8.049772025252483e-08,1.6095939909059168e-07,-1.6399994240292884e-08,1.6259223706594324e-08,3.265921794688721e-08,-1.8081973936518098e-07,1.80818527687268e-07,3.61638267052449e-07,-0.00010850369616988154,1.3940267610024146e-07,8.536804299903826,7.259290109633549,3.184675648547781e-13,-3895768.8294519736,24153951.064847466,0.013236652365098495,-0.0005581969626355932,0.3398829742790923,7948984.537344733,11865519.920892863,4448916199092072.0,-3.155756467450299e-08,12644229.587228974,-6.187270554292317e-08,5305319.023568201,8231606.264488515,6297114634025607.0,-2.7333323733821485e-09,9547030.478359537,2.7333323733821485e-09,7642643.8003970925,9682801.901413316,1783489832260916.0,1.79157512837139e-07,13264135.150297407,3.006665610720363e-08,1.3926659243904825e-07,-1.639999424029288e-08,1.358073731007468e-07,1.6152698880393253e-08,0.01657160267213653
226,620.779242005624,EVENT_TRANSPORT_PAUSED,2,9,0.5374999999999996,LEFT,7.269644407065857e-21,1.9476706811710405e-21,7.273100224053063e-21,1.2017335506794016e-07,7.747156082499594e-08,1.20192394574712e-07,0.9991451128489357,-8.04615429684957e-08,-1.6672930949188387e-10,8.049801242006984e-08,1.6095955538856555e-07,-1.6399994240292884e-08,1.6259223706594324e-08,3.265921794688721e-08,-1.8081974081548892e-07,1.8081852858023105e-07,3.6163826939572e-07,-0.00010851017647195427,1.394079562129112e-07,8.537127645838094,7.259483765209101,3.1846948090020414e-13,-3827223.774312325,24209017.3552487,0.01326773343904061,-0.0005591685444126249,0.34047562263207215,7946177.41196709,11872254.478655942,4238912909900208.5,-3.20545341969361e-08,12631818.391026607,-6.187270554292317e-08,5201984.179430928,8099335.898773648,5978156317746832.0,-2.7333323733821485e-09,9377259.753826085,2.7333323733821485e-09,7645545.384760522,9709165.39315687,1783482276768752.0,1.79157512837139e-07,13280253.565261686,3.006665610720363e-08,1.39272762127942e-07,-1.639999424029288e-08,1.3580400646933726e-07,1.61521807944182e-08,0.016610107044858324
227,626.205274062733,EVENT_TRANSPORT_RECOVERY,2,9,0.5624999999999991,LEFT,7.269633555227197e-21,1.947746136770418e-21,7.273035620292345e-21,1.201732952712277e-07,7.747256126578315e-08,1.2019203870154233e-07,0.999183821186071,-8.046151593023755e-08,-1.6645487656042746e-10,8.049858804688728e-08,1.6096010397712483e-07,-1.6399994240292884e-08,1.6259223706594324e-08,3.265921794688721e-08,-1.8081974370773e-07,1.808185303600779e-07,3.6163827406780794e-07,-0.000108523097103852,1.393966617608767e-07,8.536435991062229,7.260011379159162,3.184697582373587e-13,-3738852.941241093,24238777.72286614,0.013306584781468254,-0.0005625786887271111,0.33952523775563886,7922735.680312733,11813877.286916938,4549888310171572.0,-3.20545341969361e-08,12603953.542777942,-6.187270554292317e-08,5045139.318081088,7870961.213682318,5891453082703455.0,-2.7333323733821485e-09,8861800.802820798,2.7333323733821485e-09,7651155.008706013,9761642.397840628,1783467217018084.0,1.79157512837139e-07,13305398.307659373,3.006665610720363e-08,1.3925556307164095e-07,-1.639999424029288e-08,1.3579895940869606e-07,1.6151544141676076e-08,0.016527744069288364
228,626.205274062733,EVENT_TRANSPORT_RECOVERY,2,9,0.5624999999999991,LEFT,7.269633555227197e-21,1.947746136770418e-21,7.273035620292345e-21,1.201732952712277e-07,7.747256126578315e-08,1.2019203870154233e-07,0.999183821186071,-8.046151593023755e-08,-1.6645487656042746e-10,8.049858804688728e-08,1.6096010397712483e-07,-1.6399994240292884e-08,1.6259223706594324e-08,3.265921794688721e-08,-1.8081974370773e-07,1.808185303600779e-07,3.6163827406780794e-07,-0.000108523097103852,1.393966617608767e-07,8.536435991062229,7.260011379159162,3.184697582373587e-13,-3738852.941241093,24238777.72286614,0.013306584781468254,-0.0005625786887271111,0.33952523775563886,7922735.680312733,11813877.286916938,4549888310171572.0,-3.20545341969361e-08,12603953.542777942,-6.187270554292317e-08,5045139.318081088,7870961.213682318,5891453082703455.0,-2.7333323733821485e-09,8861800.802820798,2.7333323733821485e-09,7651155.008706013,9761642.397840628,1783467217018084.0,1.79157512837139e-07,13305398.307659373,3.006665610720363e-08,1.3925556307164095e-07,-1.639999424029288e-08,1.3579895940869606e-07,1.6151544141676076e-08,0.016527744069288364
229,631.8010585163937,EVENT_TRANSPORT_PAUSED,2,9,0.5862499999999986,LEFT,7.269622917043944e-21,1.9477889991017316e-21,7.273003396144285e-21,1.201732366517594e-07,7.747312955172284e-08,1.2019186119236218e-07,0.9992058093431404,-8.046131673207119e-08,-1.6708430954570757e-10,8.049887510577333e-08,1.6096019183784453e-07,-1.6399994240292884e-08,1.6259223706594324e-08,3.265921794688721e-08,-1.808197451690072e-07,1.8081853125884251e-07,3.616382764278497e-07,-0.00010852962378526954,1.3940836071624488e-07,8.537152416996689,7.26015315526864,3.184726690502814e-13,-3688804.5794641525,24462080.082541026,0.013343493556774515,-0.0005631248498323416,0.34070717873745804,7924850.550157923,11848761.973619502,4662351768510578.0,-3.20545341969361e-08,12588727.321909029,-6.187270554292317e-08,4957186.902098612,7799419.855592942,5495280697162238.0,-2.7333323733821485e-09,8749239.080127928,2.7333323733821485e-09,7653921.043836815,9787615.80118132,1783459612229984.0,1.79157512837139e-07,13316283.258930514,3.006665610720363e-08,1.3927007935136687e-07,-1.639999424029288e-08,1.3579537640691224e-07,1.615096752223514e-08,0.016613056820384164
230,634.6111349191426,EVENT_TRANSPORT_PAUSED,2,9,0.6012499999999983,LEFT,7.269616335938501e-21,1.947827371226166e-21,7.272971605125295e-21,1.201732003879353e-07,7.747363829763034e-08,1.2019168606859278e-07,0.999225494047012,-8.04612606801345e-08,-1.6712532899909802e-10,8.049915825946483e-08,1.6096041893959932e-07,-1.6399994240292884e-08,1.6259223706594324e-08,3.265921794688721e-08,-1.8081974662580364e-07,1.8081853215451424e-07,3.616382787803179e-07,-0.00010853612952232972,1.3940702880853574e-07,8.537070853028359,7.260380559706157,3.184733560068658e-13,-3630457.8791838977,24489742.38987481,0.013366804362231102,-0.0005645365631190558,0.34064143633633825,7916733.5617110785,11824573.155691639,4816916244785051.0,-3.20545341969361e-08,12572391.508040372,-6.187270554292317e-08,4885490.594586085,7720407.389325125,5313226686389382.0,-2.7333323733821485e-09,8529641.389510259,2.7333323733821485e-09,7656622.20086272,9813136.271317871,1783452033538947.0,1.79157512837139e-07,13326498.92015972,3.006665610720363e-08,1.3926753413279632e-07,-1.639999424029288e-08,1.3579282923054873e-07,1.6150608675152847e-08,0.016603344097555706
231,638.2550268368431,ACTIVE_ONE_B,2,9,0.6249999999999978,LEFT,7.269606066734128e-21,1.947900204451706e-21,7.272909041104129e-21,1.2017314380155902e-07,7.74746039178775e-08,1.2019134142740336e-07,0.9992628571197608,-8.04612482009457e-08,-1.6680215613842357e-10,8.049971538947708e-08,1.6096096359042276e-07,-1.6399994240292884e-08,1.6259223706594324e-08,3.265921794688721e-08,-1.808197495348072e-07,1.8081853394199214e-07,3.616382834767993e-07,-0.000108549117614265,1.393961567188356e-07,8.536405063068672,7.260884874967054,3.1847326022654217e-13,-3521944.4567491654,24516687.853907596,0.013403713137537365,-0.0005679222296224307,0.3396720353786673,7893924.77815168,11705967.909603098,4746747155444890.0,-3.20545341969361e-08,12536518.059380494,-6.187270554292317e-08,4785709.976952168,7447226.799778822,5712872193902330.0,-2.2363628509490305e-09,8009641.867298498,2.7333323733821485e-09,7661902.926074523,9863092.16808335,1783436908647374.0,1.79157512837139e-07,13342727.021900946,3.006665610720363e-08,1.3925108359896378e-07,-1.639999424029288e-08,1.3578861037660788e-07,1.6150043415392246e-08,0.016524061131403034
232,650.6234763245336,EVENT_TRANSPORT_RECOVERY,2,9,0.6824999999999966,LEFT,7.269580836081455e-21,1.9480477164038073e-21,7.272786759804699e-21,1.2017300477291787e-07,7.747655955221671e-08,1.2019066782093235e-07,0.9993385299978575,-8.046105022820658e-08,-1.6688892155878674e-10,8.050080398557293e-08,1.609618542137795e-07,-1.6399994240292884e-08,1.6259223706594324e-08,3.265921794688721e-08,-1.8081975537379562e-07,1.80818537525382e-07,3.616382928991776e-07,-0.00010857517514595294,1.3939267631767333e-07,8.536191928683891,7.261742226223329,3.1847564830026525e-13,-3316097.6648616605,24614044.752409395,0.013493071225120947,-0.0005734585357031197,0.3393939997931843,7862482.828097999,11600049.37629823,4076913242234463.0,-3.255150371936922e-08,12455352.881358769,-6.187270554292317e-08,4620002.53828408,6883662.474878531,6355951724382413.0,-2.2363628509490305e-09,7124690.673909173,2.7333323733821485e-09,7671895.081490105,9958912.743014002,1783406586589998.0,1.79157512837139e-07,13360962.764658352,3.006665610720363e-08,1.3924204775734305e-07,-1.639999424029288e-08,1.3577974265871646e-07,1.6148664055918246e-08,0.016498680865496773
233,657.0620749820501,EVENT_TRANSPORT_PAUSED,2,9,0.6962499999999963,LEFT,7.269574619455138e-21,1.9480691268424275e-21,7.272771565992397e-21,1.2017297051734917e-07,7.747684339212333e-08,1.2019058412281315e-07,0.9993495134435284,-8.046091755402898e-08,-1.6734662543968636e-10,8.050093922648309e-08,1.6096185678051205e-07,-1.6399994240292884e-08,1.6259223706594324e-08,3.265921794688721e-08,-1.8081975611220168e-07,1.808185379780956e-07,3.6163829409029727e-07,-0.00010857846918033154,1.3940154883810874e-07,8.536735268114114,7.261778452660785,3.1847743994156964e-13,-3287524.44588455,24654646.881216478,0.013514439463456146,-0.0005734744910645961,0.34032378079897846,7866313.535620784,11582635.284498231,4139988818237209.0,-3.255150371936922e-08,12444556.978834659,-6.187270554292317e-08,4574984.457340856,6852310.049881936,6172712402705787.0,-2.2363628509490305e-09,7107874.766394669,2.7333323733821485e-09,7673098.787946436,9970563.797095207,1783402755712434.0,1.79157512837139e-07,13361948.382057035,3.006665610720363e-08,1.392543849220479e-07,-1.639999424029288e-08,1.357779875437575e-07,1.6148331141005756e-08,0.016563382294271678
234,659.660609125909,EVENT_TRANSPORT_PAUSED,2,9,0.7112499999999959,LEFT,7.269568001159371e-21,1.948105575496822e-21,7.27274173563377e-21,1.2017293404843385e-07,7.747732659008204e-08,1.201904197960455e-07,0.9993682114170926,-8.046085579224078e-08,-1.674241738462696e-10,8.050120470945318e-08,1.6096206050169395e-07,-1.6399994240292884e-08,1.6259223706594324e-08,3.265921794688721e-08,-1.8081975757563993e-07,1.8081853887501462e-07,3.616382964506545e-07,-0.00010858499673460642,1.3940208373159935e-07,8.536768024164274,7.2619748459447395,3.184781454856989e-13,-3231552.1895358106,24682721.098272294,0.013537750268912734,-0.0005747408656879838,0.34039652099100715,7859753.3911298,11547356.314071894,4262373322140510.0,-3.255150371936922e-08,12421913.924682619,-6.187270554292317e-08,4525409.302097665,6716231.436193799,6292929666601439.0,-2.2363628509490305e-09,6901281.393560985,2.7333323733821485e-09,7675464.228717348,9993222.772706682,1783395165895332.0,1.79157512837139e-07,13363961.021102432,3.006665610720363e-08,1.3925437804680157e-07,-1.639999424029288e-08,1.3577587118896306e-07,1.614797063561098e-08,0.016567282919053516
235,665.6566292286255,ACTIVE_ONE_B,2,9,0.7474999999999952,LEFT,7.269552192646804e-21,1.9482093597585827e-21,7.272653759884576e-21,1.201728469384105e-07,7.747870241975244e-08,1.2018993516061968e-07,0.9994214522133582,-8.046080994901408e-08,-1.6709085986244376e-10,8.050198757215054e-08,1.6096279752116462e-07,-1.6399994240292884e-08,1.6259223706594324e-08,3.265921794688721e-08,-1.808197619613908e-07,1.8081854156043557e-07,3.616383035218264e-07,-0.00010860455201888719,1.3939254848350788e-07,8.536184100317293,7.262634521405431,3.184785480355829e-13,-3098870.7931100307,24722445.209281873,0.013594084715432818,-0.0005793223370209599,0.33941183109452405,7831741.3148357,11432566.314953355,4629417138314764.0,-3.255150371936922e-08,12350892.233405197,-6.187270554292317e-08,4413558.833707341,6421993.063666821,6399761437155631.0,-2.2363628509490305e-09,6499293.690184281,-2.7333323733821485e-09,7682336.166608891,10058673.24249538,1783372441111954.0,1.79157512837139e-07,13363618.805102656,3.006665610720363e-08,1.3923776997713324e-07,-1.639999424029288e-08,1.357706224082958e-07,1.6147102703785913e-08,0.01649774865539788
236,680.8190902082099,EVENT_TRANSPORT_RECOVERY,2,9,0.801249999999994,LEFT,7.269528471923059e-21,1.9483473715627124e-21,7.272539468804191e-21,1.201727162293045e-07,7.748053191563645e-08,1.2018930555507023e-07,0.999492251564062,-8.046065255494407e-08,-1.6706773076090514e-10,8.050300435055781e-08,1.609636569055019e-07,-1.6399994240292884e-08,1.6259223706594324e-08,3.265921794688721e-08,-1.8081976782935106e-07,1.8081854514713803e-07,3.616383129764891e-07,-0.00010863069883293441,1.3938945654728886e-07,8.53599475492488,7.263414214825951,3.184804079937222e-13,-2926133.1656041536,24798280.829710476,0.013677615101652251,-0.0005846644546467772,0.33905956586904124,7802616.331860577,11463592.825144818,4209131399829367.0,-3.255150371936922e-08,12247287.527725993,-6.187270554292317e-08,4251822.922802337,6391489.4483318925,5922030421106549.0,-2.2363628509490305e-09,6639928.081813823,-2.7333323733821485e-09,7690945.683124636,10140078.836270528,1783342088273793.0,1.79157512837139e-07,13352488.892218046,3.006665610720363e-08,1.39229777405336e-07,-1.639999424029288e-08,1.3576362583739942e-07,1.6145811639131755e-08,0.016475201207633905
237,686.6093467526034,EVENT_TRANSPORT_PAUSED,2,9,0.8274999999999935,LEFT,7.269516679150136e-21,1.9484012467951794e-21,7.272497386344648e-21,1.2017265124708335e-07,7.748124606672584e-08,1.2018907372998053e-07,0.9995198892831811,-8.04604922055444e-08,-1.6748515716288827e-10,8.050337866797248e-08,1.6096387087351688e-07,-1.6399994240292884e-08,1.6259223706594324e-08,3.265921794688721e-08,-1.8081977004143207e-07,1.8081854649727123e-07,3.616383165387033e-07,-0.00010864055011539087,1.393973140440723e-07,8.536475935876378,7.263631785583066,3.1848232172002783e-13,-2849811.5830705278,24854240.68869087,0.013718409011201277,-0.0005859945257862265,0.33986179869243793,7799069.297853487,11440876.140746333,4053466061712056.5,-3.255150371936922e-08,12205796.594664294,-6.187270554292317e-08,4172748.796892058,6311089.205176756,5520590094815252.0,-2.2363628509490305e-09,6480302.378873417,-2.7333323733821485e-09,7694017.766672854,10168997.528718373,1783330662284253.0,1.79157512837139e-07,13345446.725249372,3.006665610720363e-08,1.3924016018948042e-07,-1.639999424029288e-08,1.3576054741905014e-07,1.6145179382573294e-08,0.016532500739619982
238,690.2154073042769,ACTIVE_ONE_B,2,9,0.8424999999999931,LEFT,7.269507786071409e-21,1.9484516084483395e-21,7.272455917770215e-21,1.201726022431247e-07,7.748191363114185e-08,1.201888452858043e-07,0.9995457245540595,-8.046043266917727e-08,-1.674902908695955e-10,8.05037475007029e-08,1.609641801698802e-07,-1.6399994240292884e-08,1.6259223706594324e-08,3.265921794688721e-08,-1.8081977224912435e-07,1.8081854784360715e-07,3.616383200927315e-07,-0.00010865037875973371,1.3939680864031713e-07,8.536444985732013,7.263907077795027,3.184830062931469e-13,-2796199.560864635,24858941.579997152,0.013741719816657866,-0.0005884172519572406,0.33978069116558596,7789113.766260583,11390149.761511719,3855834958096388.0,-3.304847324180234e-08,12168244.177067857,-6.137573602049006e-08,4131626.591466662,6340091.587686259,5320952091023920.0,-2.2363628509490305e-09,6506238.649464719,-2.7333323733821485e-09,7696987.718359986,10196949.356482206,1783319268237000.0,1.79157512837139e-07,13336750.028475938,3.006665610720363e-08,1.392280406311513e-07,-1.639999424029288e-08,1.3575870302103019e-07,1.6144819553494978e-08,0.01652881516399285
239,711.8605647318401,EVENT_TRANSPORT_PAUSED,2,9,0.8599999999999928,LEFT,7.269502233187999e-21,1.948484501216321e-21,7.272428577885642e-21,1.201725716447844e-07,7.74823496320935e-08,1.2018869467399303e-07,0.9995625983760535,-8.046040591329933e-08,-1.674427236261119e-10,8.050399065159854e-08,1.6096439656489786e-07,-1.6399994240292884e-08,1.6259223706594324e-08,3.265921794688721e-08,-1.8081977372127846e-07,1.8081854874074876e-07,3.616383224620272e-07,-0.00010865693103290219,1.393954511395463e-07,8.536361854484165,7.264095472715958,3.1848327292911855e-13,-2741692.635289318,24896609.38258709,0.013768915756357214,-0.0005892623363226157,0.33962311810701906,7781855.541118528,11358973.572903939,3963155948465358.0,-3.304847324180234e-08,12144391.558353003,-6.137573602049006e-08,4114128.199044135,6328328.632110861,5187397466649794.0,-2.2363628509490305e-09,6528898.379086136,-2.7333323733821485e-09,7698912.570286281,10215053.751495223,1783311675616719.0,1.79157512837139e-07,13330303.022860236,3.006665610720363e-08,1.3923559409692778e-07,-1.639999424029288e-08,1.3575676472100483e-07,1.6144397998582606e-08,0.0165189158078769
240,775.8930493206045,EVENT_TRANSPORT_PAUSED,2,9,0.9112499999999917,LEFT,7.269479308672903e-21,1.948614810191978e-21,7.272321193425084e-21,1.2017244532247968e-07,7.748407685831059e-08,1.2018810310353712e-07,0.9996294462150883,-8.046027463185169e-08,-1.6737107588188278e-10,8.050494562305063e-08,1.609652202549023e-07,-1.6399994240292884e-08,1.6259223706594324e-08,3.265921794688721e-08,-1.8081977962814933e-07,1.808185523351589e-07,3.616383319633082e-07,-0.0001086832067698218,1.3939305300429815e-07,8.536214996390255,7.264810230082938,3.1848470581163614e-13,-2575399.9789723037,24960278.26995944,0.013848561008333884,-0.0005943825703096373,0.33927007079016275,7755716.687449311,11400363.250998808,4372418204573629.0,-3.304847324180234e-08,12124228.987957748,-6.5351492199955e-08,4073353.998512186,6217680.553930051,5383859429191312.0,7.454542836496768e-10,6584238.6468991,-2.7333323733821485e-09,7706269.789140829,10283730.058963891,1783281254821832.0,1.79157512837139e-07,13298168.20881405,3.006665610720363e-08,1.392293068783979e-07,-1.639999424029288e-08,1.357512454287139e-07,1.6143164802996204e-08,0.016501427792145584
241,815.0539963593219,ACTIVE_ONE_B,2,9,0.98499999999999,LEFT,7.269446012776167e-21,1.9488028733047017e-21,7.272166426209097e-21,1.2017226184966734e-07,7.748656947132742e-08,1.201872504958862e-07,0.9997259216314931,-8.046011544514857e-08,-1.671645863211513e-10,8.050632188090473e-08,1.609664373260533e-07,-1.6399994240292884e-08,1.6259223706594324e-08,3.265921794688721e-08,-1.808197885255407e-07,1.8081855773254001e-07,3.616383462580807e-07,-0.0001087227388791856,1.3938869473690882e-07,8.535948102835336,7.265836817724428,3.184863480476301e-13,-2332670.2891586246,25041227.93442321,0.013963172468495433,-0.0006019481459969,0.3386078691851702,7717848.820494689,11247429.890281618,3813996702092383.0,-3.304847324180234e-08,12106953.399347445,-6.5351492199955e-08,4055675.5815369687,6345414.809305193,5801666311763987.0,-1.7393933285159125e-09,6634839.077113467,-2.7333323733821485e-09,7716224.043565645,10375899.397909692,1783235572255376.0,1.79157512837139e-07,13232881.927962525,3.006665610720363e-08,1.392193671626033e-07,-1.639999424029288e-08,1.3574417831869372e-07,1.6141473602488524e-08,0.01646964582791921
242,817.2137604020724,FACILITATED_WINDOW,2,9,0.0,LEFT,7.269439425552592e-21,1.948870975998063e-21,7.27210491073931e-21,1.2017222555154166e-07,7.748747207375468e-08,1.201869116057678e-07,0.9997608579653925,-8.046029777252369e-08,-1.6607186833367493e-10,8.050686878667726e-08,1.6096716655920097e-07,-1.6399994240292884e-08,1.6259223706594324e-08,3.265921794688721e-08,-1.8081979223091462e-07,1.8081855997403923e-07,3.6163835220495387e-07,-0.00010873918492193546,1.3936636048257237e-07,8.534580387639414,7.266391700907687,3.184837503693902e-13,-2238071.8658097824,25031848.461561937,0.013986483273952036,-0.0006053049442866776,0.33623634473944974,7688993.7402537335,11176777.772376694,3758188289898095.5,-3.354544276423546e-08,12096429.759073688,-6.5351492199955e-08,4120009.185142751,6808218.696688087,6235422111345195.0,-1.7393933285159125e-09,6935997.449302476,-2.7333323733821485e-09,7720058.297178751,10410260.092212757,1783216599668780.0,1.79157512837139e-07,13203823.919714376,3.006665610720363e-08,1.3919869995347372e-07,-1.639999424029288e-08,1.3574317671163812e-07,1.6141124565852994e-08,0.016306776869012385
243,817.3357852693712,ACTIVE_ONE_B,2,10,0.01,LEFT,7.269430135717869e-21,1.948909329019403e-21,7.272075847552693e-21,1.201721743609558e-07,7.748798037817156e-08,1.2018675149534872e-07,0.9997805328694742,-8.046017912222825e-08,-1.6640935548332633e-10,8.050712686106934e-08,1.6096730598329758e-07,-1.6399994240292884e-08,1.6259223706594324e-08,3.265921794688721e-08,-1.8081979409130543e-07,1.8081856109800719e-07,3.616383551893126e-07,-0.00010874743814848209,1.3937369561038422e-07,8.535029579522929,7.266509943815182,3.1848325071895377e-13,-1908241.0946227815,25072753.535593715,0.014002023810923093,-0.0006083557638720816,0.33712715365210383,7688541.659043293,11186955.404213203,3949315114789029.0,-3.354544276423546e-08,12090330.928001573,-6.5351492199955e-08,4015960.65888369,6582991.611366207,5707336015811838.0,-1.7393933285159125e-09,6674278.303011906,-2.2363628509490305e-09,7722197.050028409,10427207.204839785,1783207085939509.0,1.79157512837139e-07,13193026.057146745,3.006665610720363e-08,1.3918227269445123e-07,-1.639999424029288e-08,1.3574403007654957e-07,1.614084986049055e-08,0.016360267109257975
244,819.7012580872738,EVENT_TRANSPORT_PAUSED,2,10,0.0425,LEFT,7.2694195067771e-21,1.9489202565831218e-21,7.272075548929744e-21,1.201721157913237e-07,7.748812520332203e-08,1.2018674985021907e-07,0.9997861386538559,-8.045981320695703e-08,-1.6792562717201748e-10,8.050712953489437e-08,1.609669427418514e-07,-1.6399994240292884e-08,1.6259223706594324e-08,3.265921794688721e-08,-1.8081979410212514e-07,1.8081856110454112e-07,3.6163835520666626e-07,-0.00010874748613987073,1.3940507516495157e-07,8.53695121491655,7.26627745173809,3.1848731224139787e-13,-1883360.7288385108,25213266.645539228,0.014052530556079032,-0.0006050899191554215,0.3404214932306012,7710084.781590616,11187010.336794311,3920257913389120.5,-3.354544276423546e-08,12090326.431317393,-6.5351492199955e-08,3850464.266294776,6124865.025060139,5432322829203932.0,-1.7393933285159125e-09,6212580.703931456,-2.2363628509490305e-09,7722209.695241637,10427310.688199097,1783207030633378.0,1.79157512837139e-07,13192957.41830185,3.006665610720363e-08,1.3924823637614156e-07,-1.639999424029288e-08,1.3574044925553926e-07,1.6140134440569878e-08,0.016589097465819824
245,823.4076478820194,EVENT_TRANSPORT_RECOVERY,2,10,0.05125000000000001,LEFT,7.26941589784829e-21,1.948985452904446e-21,7.27201396153723e-21,1.2017209590469763e-07,7.748898925173724e-08,1.2018641056104897e-07,0.9998195840337432,-8.046009860253541e-08,-1.664061802013343e-10,8.050767774464608e-08,1.609677763471815e-07,-1.6399994240292884e-08,1.6259223706594324e-08,3.265921794688721e-08,-1.8081979781153354e-07,1.8081856334265712e-07,3.616383611541907e-07,-0.00010876393398384643,1.393746269727499e-07,8.535086614713864,7.266907949859371,3.1848633063513636e-13,-2096685.1254447307,25080811.64369131,0.014066128525928704,-0.0006102717889360232,0.33685647226366877,7674148.7388085965,11195292.791367805,4019689627170662.5,-3.354544276423546e-08,12070811.87368899,-6.5351492199955e-08,4065603.8277421985,6761701.536090906,5901186968973100.0,-1.7393933285159125e-09,6838307.503830141,-2.7333323733821485e-09,7725196.384745365,10459238.72609685,1783188085910688.0,1.79157512837139e-07,13143256.302889105,3.006665610720363e-08,1.3919588134048177e-07,-1.639999424029288e-08,1.3573911123224587e-07,1.6139952525109806e-08,0.01636705891956791
246,835.0003018416725,EVENT_TRANSPORT_PAUSED,2,10,0.07375000000000004,LEFT,7.269405515172286e-21,1.9490317850537116e-21,7.271978012063966e-21,1.201720386920069e-07,7.748960328111373e-08,1.2018621251204925e-07,0.9998433521897019,-8.045998730555583e-08,-1.6667588399509742e-10,8.05079975223509e-08,1.6096798482790672e-07,-1.6399994240292884e-08,1.6259223706594324e-08,3.265921794688721e-08,-1.808198000674626e-07,1.808185647018547e-07,3.616383647693173e-07,-0.00010877393159525184,1.3938061874525668e-07,8.53545354159598,7.267090414634061,3.184874786407664e-13,-2035232.671279177,25119003.20455249,0.014101094734113586,-0.0006115677499032302,0.3374127312429669,7670693.690981549,11202789.40784543,4145221724276646.0,-3.354544276423546e-08,12060900.198176611,-6.5351492199955e-08,4028354.1708421516,6677756.88494082,5670211939820082.0,-1.7393933285159125e-09,6684341.167332317,-2.7333323733821485e-09,7727211.041624142,10476998.07944893,1783176580622072.0,1.79157512837139e-07,13120196.223169245,3.006665610720363e-08,1.3920387678033173e-07,-1.639999424029288e-08,1.3573730336874227e-07,1.6139440213798797e-08,0.0164107529572326
247,2567.2611883195364,EVENT_TRANSPORT_PAUSED,2,10,0.10750000000000007,LEFT,7.269390045408924e-21,1.9491175723464353e-21,7.271907694534607e-21,1.2017195344733243e-07,7.74907401747927e-08,1.2018582512433744e-07,0.9998873606327606,-8.045994334506335e-08,-1.66485520193013e-10,8.050862307325123e-08,1.6096856641831458e-07,-1.6399994240292884e-08,1.6259223706594324e-08,3.265921794688721e-08,-1.8081980457650902e-07,1.8081856741405998e-07,3.61638371990569e-07,-0.00010879390192441996,1.3937770512296182e-07,8.53527511587252,7.2675548777657,3.184878217677109e-13,-1905652.8969574524,25150088.205105394,0.014153544046390907,-0.0006151830407972181,0.3369722962104007,7653935.522573944,11162033.288469424,3921528061314912.5,-3.354544276423546e-08,12038211.825042807,-6.5351492199955e-08,4019626.54786192,6697226.894778957,5364287007838098.0,-1.7393933285159125e-09,6743200.911778249,-2.2363628509490305e-09,7731008.883160339,10510716.99957912,1783153621895258.0,1.79157512837139e-07,13072086.168939352,3.006665610720363e-08,1.391986573774102e-07,-1.639999424029288e-08,1.3573509733035203e-07,1.6138659513377653e-08,0.016389505835091578
248,2629.713978122403,ACTIVE_ONE_B,2,10,0.1475000000000001,LEFT,7.269371767466209e-21,1.9492270254320387e-21,7.27181651939172e-21,1.201718527282942e-07,7.749219065029354e-08,1.2018532282581018e-07,0.9999435095067073,-8.045995889048101e-08,-1.659423989173376e-10,8.050943439694477e-08,1.6096939328742577e-07,-1.6399994240292884e-08,1.6259223706594324e-08,3.265921794688721e-08,-1.808198106051824e-07,1.808185710307574e-07,3.616383816359398e-07,-0.0001088205761408112,1.3936937370395726e-07,8.534764912657117,7.268197007920023,3.184877161138159e-13,-1772080.1457601702,25164710.895702966,0.01421570619427514,-0.0006203230367947121,0.33579630084081585,7628580.431066279,11077871.693353089,3366218434201660.0,-3.354544276423546e-08,12002219.273759264,-6.5351492199955e-08,4031280.6671768306,6817485.391492251,5060339928726845.0,-1.7393933285159125e-09,6854002.540091143,-2.2363628509490305e-09,7735669.687478837,10552127.731773293,1783123005576319.0,1.79157512837139e-07,13001138.103805978,3.006665610720363e-08,1.3918333285418571e-07,-1.639999424029288e-08,1.357328693543668e-07,1.613772615770058e-08,0.016328750301504158
249,2701.080745571527,ACTIVE_ONE_B,2,10,0.20000000000000015,LEFT,7.269347774242534e-21,1.9493611520962226e-21,7.27170638595121e-21,1.2017172051543333e-07,7.749396802674527e-08,1.2018471607737303e-07,1.00001231580046,-8.045992769637492e-08,-1.654991435988912e-10,8.051041479088586e-08,1.609703424872608e-07,-1.6399994240292884e-08,1.6259223706594324e-08,3.265921794688721e-08,-1.8081981818987146e-07,1.8081857556496954e-07,3.6163839375484103e-07,-0.00010885409089089748,1.3936397804003928e-07,8.534434490543106,7.268931358836512,3.1848792160061257e-13,-1580310.1354502123,25199380.441233184,0.01429729401337319,-0.0006262234668461542,0.33490422584558555,7602000.874408054,11004610.268405592,3719972649232138.0,-3.4042412286668574e-08,11950504.077868361,-6.5351492199955e-08,4055963.224679824,6840165.158034845,5361917702881054.0,1.2424238060827948e-09,6925688.988084855,-2.2363628509490305e-09,7740902.5670687575,10597808.09352904,1783084620546910.0,1.79157512837139e-07,12930761.713519895,3.056362562963675e-08,1.3917270657828754e-07,-1.639999424029288e-08,1.3573035185479702e-07,1.613649407060841e-08,0.016289403289882598
250,2706.7798317659344,EVENT_TRANSPORT_RECOVERY,2,10,0.22000000000000017,LEFT,7.269338086551142e-21,1.949413736967821e-21,7.271663488771002e-21,1.2017166713205353e-07,7.749466483173235e-08,1.2018447974606885e-07,1.0000392915710434,-8.045990789357558e-08,-1.6535925070925964e-10,8.051079679418413e-08,1.609707046877597e-07,-1.6399994240292884e-08,1.6259223706594324e-08,3.265921794688721e-08,-1.808198212386651e-07,1.8081857738245875e-07,3.616383986211239e-07,-0.0001088675485674262,1.393627035754675e-07,8.534356444303672,7.269209722254433,3.1848806287274986e-13,-1511288.0489327302,25208679.763655223,0.014328375087315307,-0.0006285983872695855,0.33464133769865145,7592368.061727751,10986518.0936201,3873777575810434.5,-3.4042412286668574e-08,11927555.28591221,-6.5351492199955e-08,4058467.3600578853,6839960.410289202,5234518547972448.0,1.2424238060827948e-09,6945224.702278763,-2.2363628509490305e-09,7742836.892530687,10614373.641950376,1783069233819771.0,1.79157512837139e-07,12913025.096845025,3.056362562963675e-08,1.3916734654847845e-07,-1.639999424029288e-08,1.3572955925859784e-07,1.6136021338203997e-08,0.01628010946189784
251,2726.093638677086,EVENT_TRANSPORT_PAUSED,2,10,0.27999999999999947,LEFT,7.269311583058336e-21,1.949564928543454e-21,7.271538800688175e-21,1.201715210860748e-07,7.749666820969982e-08,1.2018379280293027e-07,1.0001168520772203,-8.045991693051964e-08,-1.6467555817870953e-10,8.051190768508106e-08,1.6097182461560072e-07,-1.6399994240292884e-08,1.6259223706594324e-08,3.265921794688721e-08,-1.8081983042547234e-07,1.8081858284096395e-07,3.616384132664363e-07,-0.000108908050093115,1.3935417574265484e-07,8.533834213010412,7.270054525661911,3.184878147173156e-13,-1296324.452955909,25259940.57454697,0.014421618309141652,-0.000634389581991357,0.3333032746622227,7561346.886964766,10856687.120073512,3295726260715950.0,-3.4042412286668574e-08,11852618.419666747,-6.5351492199955e-08,4098545.323855662,6866018.288834236,5446400622040212.0,-1.2424238060827948e-09,7004345.668837607,-2.2363628509490305e-09,7748019.822740286,10658437.094495632,1783023020871866.0,1.79157512837139e-07,12852346.558252862,3.056362562963675e-08,1.3916545136753004e-07,-1.639999424029288e-08,1.3572726245160393e-07,1.613460487385353e-08,0.01621792161219382
252,2732.3152614952123,EVENT_TRANSPORT_PAUSED,2,10,0.29999999999999905,LEFT,7.269302471439285e-21,1.949604473508364e-21,7.271508367342316e-21,1.2017147087693804e-07,7.749719218682921e-08,1.2018362513552927e-07,1.0001371384422664,-8.045983131629071e-08,-1.648738071518548e-10,8.05121789698579e-08,1.6097201028614862e-07,-1.6399994240292884e-08,1.6259223706594324e-08,3.265921794688721e-08,-1.8081983274256784e-07,1.8081858421337948e-07,3.6163841695594733e-07,-0.00010891825341419192,1.3935909301132805e-07,8.534135338939464,7.2702028046132225,3.1848844016551954e-13,-1226566.2485953644,25270047.897694863,0.014452699383083767,-0.000636590862956643,0.3338044476978112,7558355.493799794,10834979.907688051,3205900091005541.0,-3.4042412286668574e-08,11832288.501386588,-6.5351492199955e-08,4089374.6543286536,6754642.69235759,5492842700505270.0,-1.2424238060827948e-09,6958854.787892589,-2.2363628509490305e-09,7749150.149944326,10668261.99658417,1783011401316172.0,1.79157512837139e-07,12835392.555248858,3.056362562963675e-08,1.391619055269685e-07,-1.639999424029288e-08,1.3572670640566555e-07,1.6134128236600114e-08,0.016253780003407714
253,2764.405576502292,ACTIVE_ONE_B,2,10,0.401249999999997,LEFT,7.269256339554742e-21,1.9498627578331193e-21,7.271296214902104e-21,1.201712166687721e-07,7.750061432131319e-08,1.2018245630434002e-07,1.0002696369818294,-8.045983781335793e-08,-1.6373118130340363e-10,8.051407193274009e-08,1.6097390974609802e-07,-1.6399994240292884e-08,1.6259223706594324e-08,3.265921794688721e-08,-1.8081984982625423e-07,1.8081859427755354e-07,3.6163844410380777e-07,-0.00010899333066283212,1.3934714454232195e-07,8.533403633175688,7.271609825641378,3.1848787078609667e-13,-848022.4325920166,25296847.354022734,0.014610047319915725,-0.0006487670865411577,0.33173345336048454,7509242.543644461,10743539.759280613,3428071672421803.5,-3.4539381809101695e-08,11668338.760497164,-6.5351492199955e-08,4184226.5293544135,7002171.008308126,5111262539374500.0,-1.2424238060827948e-09,7004447.865785072,-2.2363628509490305e-09,7756153.941334962,10726239.103834642,1782926188858389.0,1.79157512837139e-07,12696086.360456455,3.056362562963675e-08,1.3913308160941126e-07,-1.639999424029288e-08,1.3572551504604828e-07,1.6131679956642275e-08,0.016166647714223714
254,2801.7348620414614,ACTIVE_ONE_B,2,10,0.5024999999999951,LEFT,7.269214075281904e-21,1.9501010250097563e-21,7.271100211998307e-21,1.2017098377200363e-07,7.750377097090853e-08,1.2018137642709002e-07,1.0003918668266336,-8.045986905347718e-08,-1.6254122848601444e-10,8.05158244479776e-08,1.6097569350145478e-07,-1.6399994240292884e-08,1.6259223706594324e-08,3.265921794688721e-08,-1.8081986719547474e-07,1.80818604411255e-07,3.6163847160672977e-07,-0.0001090693898320172,1.3933565649149438e-07,8.532700122709132,7.2729099624040145,3.1848721164755766e-13,-504984.1699306406,25325757.60289353,0.014767395256747681,-0.000659732064535401,0.3296409135923111,7465307.880402089,10655161.623504525,3244959604875081.0,-3.503635133153481e-08,11546545.715317992,-6.83333093345537e-08,4318734.9730694,7184065.5789342495,4863662210221352.0,1.7393933285159125e-09,7234234.890688987,-2.7333323733821485e-09,7761170.9702295,10763237.851663416,1782840381515618.0,1.79157512837139e-07,12532727.160963098,3.056362562963675e-08,1.39115215111438e-07,-1.6399994240292884e-08,1.3572542398418312e-07,1.612921685822916e-08,0.016082872950581528
255,2808.423375271269,EVENT_TRANSPORT_PAUSED,2,10,0.5137499999999948,LEFT,7.269210459890019e-21,1.950121713768618e-21,7.271083138631328e-21,1.2017096384938812e-07,7.750404505092413e-08,1.20181282360521e-07,1.000402480054274,-8.0459874834702e-08,-1.6242361588499955e-10,8.05159773044649e-08,1.609758521391669e-07,-1.6399994240292884e-08,1.6259223706594324e-08,3.265921794688721e-08,-1.8081986878919436e-07,1.808186053361249e-07,3.6163847412531924e-07,-0.00010907635497647838,1.3933446461900155e-07,8.532627134280887,7.273024587102221,3.1848712498796927e-13,-469757.79340223875,25337812.767164815,0.014784878360840121,-0.0006604726465035959,0.3294340525417236,7461517.890450027,10641163.49497394,3307317645966416.5,-3.503635133153481e-08,11542783.641064044,-6.83333093345537e-08,4330903.16240209,7204755.4224990085,4797028321970758.0,1.7393933285159125e-09,7266525.997774233,-2.7333323733821485e-09,7761541.302449667,10765664.585264053,1782832549913134.0,1.79157512837139e-07,12517046.779617,3.056362562963675e-08,1.3911818158662496e-07,-1.6399994240292884e-08,1.3572526153066376e-07,1.6128948377974683e-08,0.016074181412053745
256,2855.2919719490455,EVENT_TRANSPORT_PAUSED,2,10,0.601249999999993,LEFT,7.269174960767084e-21,1.9503294186910504e-21,7.270910932831831e-21,1.2017076823113462e-07,7.750679657151914e-08,1.201803335758257e-07,1.00050903161875,-8.045998291500028e-08,-1.6102798888724994e-10,8.051752114354469e-08,1.6097750405854496e-07,-1.6399994240292884e-08,1.6259223706594324e-08,3.265921794688721e-08,-1.8081988567632508e-07,1.808186150858355e-07,3.616385007621606e-07,-0.00010915001900468901,1.39320906660007e-07,8.531796865839272,7.274205290614015,3.1848600300676644e-13,-160445.02844017744,25354011.861527003,0.014920858059336874,-0.0006698614822238103,0.3269224406447496,7422084.762418447,10542150.032715218,2725453989017783.0,-3.553332085396793e-08,11493656.922104403,-6.83333093345537e-08,4490436.228652271,7432821.147111173,4948486617402938.0,-7.454542836496768e-10,7695869.477214228,-2.7333323733821485e-09,7764739.117071716,10783760.923930576,1782749989698445.0,1.79157512837139e-07,12344285.388763743,3.056362562963675e-08,1.3910259836115986e-07,-1.6399994240292884e-08,1.3572655416004095e-07,1.6126794910616667e-08,0.015975312175898315
257,2857.373339093775,EVENT_TRANSPORT_RECOVERY,2,10,0.6087499999999928,LEFT,7.269171998112038e-21,1.9503480917854373e-21,7.270895222392489e-21,1.2017075190536712e-07,7.750704392923817e-08,1.2018024701687785e-07,1.0005186108208084,-8.046000446299415e-08,-1.608524247681542e-10,8.051766218780563e-08,1.6097766665079977e-07,-1.6399994240292884e-08,1.6259223706594324e-08,3.265921794688721e-08,-1.8081988729885987e-07,1.8081861601782717e-07,3.6163850331668706e-07,-0.00010915708353276266,1.3931886969815108e-07,8.531672125445352,7.274319638956419,3.184857827358355e-13,-120440.38716698159,25332349.158680193,0.014932513462065169,-0.0006717520405494781,0.3265953760160127,7418255.6084549185,10548176.801719513,2787767676536210.0,-3.553332085396793e-08,11488182.196740072,-6.83333093345537e-08,4512799.556823716,7458486.3682220485,5009158135921905.0,-7.454542836496768e-10,7737256.935447947,-2.7333323733821485e-09,7764978.641593993,10784778.769721946,1782742097507341.0,1.79157512837139e-07,12327383.988206157,3.056362562963675e-08,1.3908978743237038e-07,-1.6399994240292884e-08,1.3572737242439544e-07,1.6126591004875612e-08,0.015960457959061314
258,2863.7806677599433,ACTIVE_ONE_B,2,10,0.6274999999999924,LEFT,7.269164273116641e-21,1.950387097681511e-21,7.270863941491813e-21,1.2017070933661081e-07,7.750756062530201e-08,1.2018007466984005e-07,1.0005386206462945,-8.045998728568369e-08,-1.6075413189854422e-10,8.0517943155891e-08,1.609779304415747e-07,-1.6399994240292884e-08,1.6259223706594324e-08,3.265921794688721e-08,-1.8081989055812094e-07,1.8081861788747622e-07,3.6163850844559713e-07,-0.00010917126750342732,1.3931931843864387e-07,8.531699605619158,7.274508812690659,3.184858042145142e-13,-67392.0085920738,25339365.212140933,0.014961651968885901,-0.0006733918206658362,0.32650028563448447,7412845.6956646,10531169.807989895,2888355703809840.5,-3.553332085396793e-08,11476531.757053781,-6.83333093345537e-08,4542410.389183306,7473460.609881469,5116303224341610.0,-7.454542836496768e-10,7741121.567709658,-2.7333323733821485e-09,7765421.682018192,10786604.871349672,1782726265114255.0,1.79157512837139e-07,12292464.566616192,3.056362562963675e-08,1.390900667003279e-07,-1.6399994240292884e-08,1.3572755849756697e-07,1.6126133646928697e-08,0.015963730326957526
259,2889.1684368589385,ACTIVE_ONE_B,2,10,0.7012499999999908,LEFT,7.269132654826988e-21,1.950554096995592e-21,7.270728560467386e-21,1.2017053510301888e-07,7.750977272293536e-08,1.2017932876111276e-07,1.0006242904415663,-8.046000623602092e-08,-1.5995721834056188e-10,8.051916097920649e-08,1.6097916721522742e-07,-1.6399994240292884e-08,1.6259223706594324e-08,3.265921794688721e-08,-1.8081990535302475e-07,1.808186263334604e-07,3.616385316864851e-07,-0.00010923554004249603,1.3931510119773513e-07,8.531441348307817,7.275379252482704,3.184851222435222e-13,195375.27854987886,25337398.297396168,0.015076263429047452,-0.0006814471210534467,0.3253095219179624,7386680.798216801,10504965.676617233,2923263260048534.5,-3.553332085396793e-08,11417847.317201655,-6.83333093345537e-08,4682848.820289459,7552331.956246762,4929880545080350.0,-7.454542836496768e-10,7861675.161694569,-2.7333323733821485e-09,7766972.788800288,10789549.53281713,1782654743545425.0,1.79157512837139e-07,12168507.690912003,3.1060595152069866e-08,1.3907457555693423e-07,-1.6399994240292884e-08,1.3572988022455373e-07,1.612429468004827e-08,0.015932976775667296
260,2893.3789604780704,EVENT_TRANSPORT_PAUSED,2,10,0.7124999999999906,LEFT,7.269129650224131e-21,1.9505716649004156e-21,7.270713997165422e-21,1.2017051854603288e-07,7.751000542266313e-08,1.201792485211474e-07,1.000633302687023,-8.046002497300458e-08,-1.5980405061591815e-10,8.05192921845631e-08,1.6097931715756768e-07,-1.6399994240292884e-08,1.6259223706594324e-08,3.265921794688721e-08,-1.808199070093786e-07,1.808186272749233e-07,3.6163853428430193e-07,-0.00010924272428969317,1.393136071909002e-07,8.531349857639709,7.275483138035845,3.1848503386648744e-13,218662.250131269,25348764.54747735,0.01509374653313989,-0.0006820119451289575,0.3250224972950221,7383278.954061718,10498862.082049636,2838371269163811.0,-3.553332085396793e-08,11410583.86500034,-6.83333093345537e-08,4701554.632131733,7577278.951123851,4882647852476934.0,-7.454542836496768e-10,7915670.723529631,-2.7333323733821485e-09,7767094.369012109,10789495.94517371,1782646771176375.0,1.79157512837139e-07,12158437.123771388,3.1060595152069866e-08,1.390790437088072e-07,-1.6399994240292884e-08,1.357298185177821e-07,1.6124026515735056e-08,0.01592208197102618
261,2929.3322998949484,EVENT_TRANSPORT_RECOVERY,2,10,0.7987499999999887,LEFT,7.269094511718011e-21,1.95076701248772e-21,7.270553788084235e-21,1.2017032491352994e-07,7.751259284996069e-08,1.201783658041538e-07,1.0007335150016863,-8.046022446462806e-08,-1.5818925876651443e-10,8.052073829582218e-08,1.6098096276045024e-07,-1.6399994240292884e-08,1.6259223706594324e-08,3.265921794688721e-08,-1.8081992626687255e-07,1.8081863816248893e-07,3.616385644293615e-07,-0.00010932609027491935,1.392982284564101e-07,8.530408087722554,7.27660568717431,3.184834133060552e-13,539015.0888581276,25321029.457684845,0.015227783664515262,-0.0006922413661034632,0.3221554323095672,7348619.503231877,10410611.922542645,2985392374582128.0,-3.006665610720363e-08,11319421.816547666,-6.83333093345537e-08,4919939.875968447,7850711.729156612,4432156269045093.0,2.2363628509490305e-09,8334532.916214966,-2.7333323733821485e-09,7767963.813054213,10782387.186904628,1782554576776666.0,1.79157512837139e-07,12038689.362461729,3.1060595152069866e-08,1.390521089937499e-07,-1.6399994240292884e-08,1.3573418613881092e-07,1.612183964810996e-08,0.015809935022308874
262,2931.107324883462,EVENT_TRANSPORT_RECOVERY,2,10,0.8062499999999886,LEFT,7.26909140261878e-21,1.950783452996398e-21,7.270540456674788e-21,1.201703077806524e-07,7.751281060069965e-08,1.201782923504194e-07,1.000741948898678,-8.046024050885615e-08,-1.580611434297096e-10,8.052085888132993e-08,1.6098109939018606e-07,-1.6399994240292884e-08,1.6259223706594324e-08,3.265921794688721e-08,-1.8081992795988114e-07,1.8081863911466472e-07,3.616385670745459e-07,-0.00010933340551688708,1.3929709452962646e-07,8.530338647799926,7.2766973684140455,3.1848325320593156e-13,568609.6099407906,25319626.007693097,0.015239439067243553,-0.0006930906858879649,0.3219383964821103,7345956.849739931,10401734.73923047,2995506379271233.0,-3.006665610720363e-08,11310802.149872512,-6.83333093345537e-08,4938808.03060981,7877240.987594389,4380024751440893.0,2.2363628509490305e-09,8360830.476562564,-2.7333323733821485e-09,7767973.919594636,10781351.822477376,1782546514166812.0,1.79157512837139e-07,12027687.72988453,3.1060595152069866e-08,1.3905024364894206e-07,-1.6399994240292884e-08,1.3573460475393853e-07,1.6121648818632734e-08,0.015801666043548712
263,2943.8335357183987,ACTIVE_ONE_B,2,10,0.8299999999999881,LEFT,7.269081425666572e-21,1.9508329252005257e-21,7.270500961422867e-21,1.201702528020267e-07,7.751346584123332e-08,1.2017807473796198e-07,1.000767327886745,-8.046026771943358e-08,-1.5777019153155898e-10,8.052121637959722e-08,1.609814840990308e-07,-1.6399994240292884e-08,1.6259223706594324e-08,3.265921794688721e-08,-1.8081993305890746e-07,1.8081864197772054e-07,3.61638575036628e-07,-0.0001093554246081041,1.392953040497901e-07,8.530229001583702,7.27695488627206,3.184828566457815e-13,655546.634949741,25320231.60149195,0.015276347842549814,-0.0006954821186975213,0.3215018200899634,7338729.32910607,10374775.183852082,2948678936942253.0,-3.006665610720363e-08,11284124.250897337,-6.83333093345537e-08,4993846.569619005,7932231.49321858,4236825825878133.0,2.2363628509490305e-09,8394372.30329918,-2.7333323733821485e-09,7767955.924907687,10777808.760514691,1782522271435619.0,1.79157512837139e-07,11993897.589213317,3.1060595152069866e-08,1.390473912977557e-07,-1.6399994240292884e-08,1.357357463941675e-07,1.6121050181993207e-08,0.015788609257210595
264,2983.1335909922127,EVENT_TRANSPORT_PAUSED,2,10,0.8762499999999871,LEFT,7.269061877908981e-21,1.9509290841346528e-21,7.270424350246333e-21,1.2017014508272724e-07,7.751473939806419e-08,1.2017765262050922e-07,1.0008166569288766,-8.046033665635227e-08,-1.571544312387928e-10,8.052191098356012e-08,1.6098224763991238e-07,-1.6399994240292884e-08,1.6259223706594324e-08,3.265921794688721e-08,-1.8081994333623865e-07,1.808186477272927e-07,3.6163859106353136e-07,-0.00010939974691526189,1.3929123281476564e-07,8.529979685446918,7.277459993035126,3.184820302964564e-13,817542.3004523087,25315896.075231135,0.015348222826040956,-0.0007002284528172531,0.3205499121755741,7324374.139059213,10314390.479022902,2955328096074415.0,-3.006665610720363e-08,11227784.921250008,-6.83333093345537e-08,5099710.2503228225,8038195.675758253,4119835776114041.5,-2.4848476121655894e-10,8483060.87782539,-2.7333323733821485e-09,7767759.246564084,10769045.207385644,1782473589349962.0,1.79157512837139e-07,11923843.4257568,3.1060595152069866e-08,1.3904074740733263e-07,-1.6399994240292884e-08,1.3573822173039524e-07,1.61198792201012e-08,0.015758920430356982
265,3273.4865579717703,EVENT_TRANSPORT_PAUSED,2,10,0.9049999999999865,LEFT,7.269049727068935e-21,1.9509904757639867e-21,7.270375109457045e-21,1.2017007812456725e-07,7.751555246473288e-08,1.2017738130870567e-07,1.0008481505212028,-8.046041115079491e-08,-1.5664384923359633e-10,8.05223582914076e-08,1.609827694422025e-07,-1.6399994240292884e-08,1.6259223706594324e-08,3.265921794688721e-08,-1.8081995024504034e-07,1.8081865157702743e-07,3.6163860182206777e-07,-0.00010942949958447912,1.3928679170866242e-07,8.52970771897727,7.277799916364525,3.184813096007855e-13,929557.3760341424,25306699.05773248,0.015392901869832746,-0.0007034720879295353,0.3196954668630262,7314538.552951552,10260889.32135556,2986546253986560.0,-3.006665610720363e-08,11188167.635252709,-6.83333093345537e-08,5179729.634738527,8132697.806023143,4278062951346838.5,-2.4848476121655894e-10,8576278.856157066,-2.7333323733821485e-09,7767513.908263643,10707205.75208439,1782440995161288.0,1.79157512837139e-07,11875389.62590906,3.1060595152069866e-08,1.3903367955983303e-07,-1.6399994240292884e-08,1.3574019283584823e-07,1.611914026060145e-08,0.01572653437812832
266,3351.28340095125,EVENT_TRANSPORT_RECOVERY,2,10,0.9324999999999859,LEFT,7.26903831339675e-21,1.951055488573064e-21,7.270321510320153e-21,1.2017001522856077e-07,7.751641347147099e-08,1.2017708598145204e-07,1.0008815017602444,-8.04605669243282e-08,-1.5578549139490512e-10,8.052284603180547e-08,1.609834129561337e-07,-1.6399994240292884e-08,1.6259223706594324e-08,3.265921794688721e-08,-1.80819958067735e-07,1.808186559216378e-07,3.616386139893728e-07,-0.00010946314819504366,1.3927723954200045e-07,8.529122759063197,7.278214225239746,3.184802019386493e-13,1068830.3964826856,25280291.67328921,0.015435638346503158,-0.0007074723087454604,0.31809013224280713,7302106.090744372,10201326.611689523,3145196428379862.0,-3.006665610720363e-08,11141828.165520871,-6.83333093345537e-08,5288490.341287105,8307591.726845825,4458939508372717.0,-2.4848476121655894e-10,8787258.28201791,-2.7333323733821485e-09,7767135.230372372,10651308.143395096,1782404213145636.0,1.79157512837139e-07,11819477.22231741,3.1060595152069866e-08,1.3901781235585565e-07,-1.6399994240292884e-08,1.357430380213497e-07,1.611840689183064e-08,0.0156568767385179
267,3355.8975289768005,ACTIVE_ONE_B,2,10,0.9474999999999856,LEFT,7.269031871960773e-21,1.9510852223881165e-21,7.270298217941078e-21,1.2016997973245364e-07,7.751680724926746e-08,1.201769576417251e-07,1.0008967550555183,-8.046059058285429e-08,-1.555998530807454e-10,8.052305828199933e-08,1.6098364886485362e-07,-1.6399994240292884e-08,1.6259223706594324e-08,3.265921794688721e-08,-1.8081996156914493e-07,1.8081865786145802e-07,3.6163861943060293e-07,-0.00010947819588502661,1.3927627045621968e-07,8.529063413748661,7.278364188586419,3.1847978456978533e-13,1129910.781867885,25280953.197089132,0.015458949151959741,-0.0007089387680188075,0.3178374202081119,7298162.100142039,10174810.231128767,3077120086683757.0,-3.006665610720363e-08,11120562.857795723,-6.83333093345537e-08,5333947.780518823,8336415.716154562,4536175754057424.0,-2.4848476121655894e-10,8794147.1968405,-2.7333323733821485e-09,7766946.003602826,10648049.245043868,1782387791182132.0,1.79157512837139e-07,11794398.500898514,3.1060595152069866e-08,1.3901663225601803e-07,-1.6399994240292884e-08,1.3574405213611778e-07,1.611802250449344e-08,0.015649809836268513
268,3423.103025730212,EVENT_TRANSPORT_PAUSED,2,10,0.9762499999999851,LEFT,7.269019557527549e-21,1.9511431632867157e-21,7.270252591475702e-21,1.201699118726133e-07,7.75175745741999e-08,1.201767062416173e-07,1.0009264784406005,-8.046065499010389e-08,-1.5516602944181164e-10,8.052347461556648e-08,1.6098412960567038e-07,-1.6399994240292884e-08,1.6259223706594324e-08,3.265921794688721e-08,-1.8081996860688719e-07,1.808186617516902e-07,3.616386303585774e-07,-0.00010950841713430748,1.3927347058693993e-07,8.528891954083932,7.278668124711977,3.1847898135202826e-13,1240063.0609637722,25274815.762759887,0.01550362819575153,-0.0007119271561935037,0.31717731313370173,7289560.745286851,10122134.976151416,3050938054606441.0,-3.006665610720363e-08,11076641.399733568,-6.83333093345537e-08,5414918.615933319,8392529.279333137,4684862143288192.0,-2.4848476121655894e-10,8833622.770924993,-2.7333323733821485e-09,7766477.293587268,10641060.267143514,1782354859224629.0,1.79157512837139e-07,11742329.04884363,3.1060595152069866e-08,1.390122740565133e-07,-1.6399994240292884e-08,1.3574619181167325e-07,1.6117280774207716e-08,0.0156293922397015
269,3428.4144079454336,ACTIVE_ONE_B,2,10,0.9899999999999851,LEFT,7.269013679443864e-21,1.9511712697845667e-21,7.270230363061535e-21,1.201698794808543e-07,7.751794678968234e-08,1.2017658376351042e-07,1.0009408969304605,-8.046069535312866e-08,-1.5492017664913996e-10,8.052367772512476e-08,1.6098437307825341e-07,-1.6399994240292884e-08,1.6259223706594324e-08,3.265921794688721e-08,-1.808199721432559e-07,1.8081866370215836e-07,3.616386358454143e-07,-0.00010952359094962283,1.3927149915105884e-07,8.528771226399375,7.278820273633846,3.1847844504378124e-13,1307882.3015554547,25272784.2421052,0.015524996434086735,-0.0007134406340645327,0.316794259913382,7285334.710121228,10095943.88313009,3028784764776891.0,-3.006665610720363e-08,11054270.14727166,-6.83333093345537e-08,5462663.576848433,8419349.819235794,4756406490512368.0,-2.4848476121655894e-10,8849514.320417179,-2.7333323733821485e-09,7766226.322060014,10637217.036501247,1782338348818151.0,1.79157512837139e-07,11716325.63698701,3.1060595152069866e-08,1.3900956146311653e-07,-1.6399994240292884e-08,1.3574740486690054e-07,1.6116920817440768e-08,0.015615015860500847
270,3431.486743464081,ACTIVE_ONE_B,2,10,1.0,LEFT,7.269009611857026e-21,1.951197207250507e-21,7.270208493182434e-21,1.2016985706600627e-07,7.751829027741654e-08,1.2017646326068076e-07,1.0009542027180274,-8.046079398290414e-08,-1.5443330320434624e-10,8.052387775439245e-08,1.609846717372966e-07,-1.6399994240292884e-08,1.6259223706594324e-08,3.265921794688721e-08,-1.8081997568556564e-07,1.8081866565306929e-07,3.616386413386349e-07,-0.00010953878241881654,1.3926589557651158e-07,8.528428072159958,7.279007669381868,3.184778554200454e-13,1369383.0305257859,25253931.67870026,0.015540536971057816,-0.000715297162825479,0.31584083770743265,7279763.490943166,10073674.049373822,3046258904302672.0,-3.006665610720363e-08,11031452.78132321,-6.83333093345537e-08,5517662.5911858,8533023.93308859,4656259564641882.0,-2.4848476121655894e-10,8988820.638072196,-2.7333323733821485e-09,7765944.72966408,10633275.627431255,1782321835287751.0,1.79157512837139e-07,11689615.39393519,3.1060595152069866e-08,1.3899967157215147e-07,-1.6399994240292884e-08,1.357489877271456e-07,1.6116639058424477e-08,0.01557415269404272
271,3431.4886909569777,FACILITATED_WINDOW,2,10,0.0,LEFT,7.26901052675937e-21,1.951221538656562e-21,7.270183246874037e-21,1.2016986210766874e-07,7.751861249346429e-08,1.201763241534567e-07,1.000966684605075,-8.046110781415229e-08,-1.530413535262998e-10,8.052410890883217e-08,1.6098521672298447e-07,-1.6399994240292884e-08,1.6259223706594324e-08,3.265921794688721e-08,-1.8081998010922663e-07,1.8081866808546908e-07,3.616386481946957e-07,-0.00010955774281473651,1.3924518652515475e-07,8.527159881881152,7.279338549343672,3.184752477099797e-13,1630949.086493277,25224221.76886359,0.015540536971057816,-0.0007186849109184212,0.313018007068821,7271255.263324565,10071138.555385346,3017071808482812.0,-3.006665610720363e-08,11006673.59893189,-7.08181569467193e-08,5725553.030733555,8830673.327590656,4489022736261092.5,-2.4848476121655894e-10,9316142.231665187,-2.7333323733821485e-09,7765838.539643725,10628333.147458326,1782301247099152.0,1.79157512837139e-07,11662377.572369937,3.1060595152069866e-08,1.389688088344878e-07,-1.6399994240292884e-08,1.3575313157097168e-07,1.611658473570123e-08,0.0154231352665688
272,3432.4738564457934,ACTIVE_ONE_B,2,11,0.04,LEFT,7.268991637172728e-21,1.951256012018975e-21,7.270167663098263e-21,1.201697580145931e-07,7.751906901286877e-08,1.2017623828665145e-07,1.0009843692639404,-8.046067279395652e-08,-1.5482040940374359e-10,8.052425180133926e-08,1.6098492459529579e-07,-1.6399994240292884e-08,1.6259223706594324e-08,3.265921794688721e-08,-1.8081998302108206e-07,1.8081866968425539e-07,3.6163865270533745e-07,-0.0001095702169680024,1.3927346607528003e-07,8.528891677796857,7.279122419153172,3.184737722222173e-13,1831950.8813938834,25384332.95656003,0.015602699118942045,-0.0007168689824597063,0.31759594740481145,7281085.323446036,10070101.378483046,2306731710237580.5,-3.702422942126728e-08,11005493.98677645,-7.08181569467193e-08,5719689.820245475,8195654.47414505,4610581797281634.0,-2.4848476121655894e-10,8283068.719029208,-2.7333323733821485e-09,7765829.253100155,10626828.580651602,1782287715313719.0,1.79157512837139e-07,11641983.36842953,3.1060595152069866e-08,1.3902946365585928e-07,-1.6399994240292884e-08,1.3575210945495742e-07,1.6115654163091567e-08,0.015629359339146998
273,3435.4482823893463,EVENT_TRANSPORT_PAUSED,2,11,0.051250000000000004,LEFT,7.268986175452937e-21,1.9512616248726335e-21,7.270167511964396e-21,1.2016972791717184e-07,7.751914334153541e-08,1.2017623745390128e-07,1.0009872486292029,-8.046049466293236e-08,-1.555656924046425e-10,8.05242531765245e-08,1.6098474783945686e-07,-1.6399994240292884e-08,1.6259223706594324e-08,3.265921794688721e-08,-1.8081998302976018e-07,1.8081866968901746e-07,3.6163865271877764e-07,-0.00010957025413671495,1.3928621414250342e-07,8.529672349718894,7.279007319729696,3.1847422423931783e-13,1821365.514715476,25429516.587733135,0.015620182223034488,-0.0007157702301994195,0.3193256300570375,7284717.900179768,10070104.942555925,2420758873679657.0,-3.006665610720363e-08,11005490.641097398,-7.08181569467193e-08,5630537.00850571,8060864.327668193,4517834370511900.0,-2.4848476121655894e-10,8125472.090615383,-2.7333323733821485e-09,7765829.309433638,10626825.534974154,1782287675009502.0,1.79157512837139e-07,11641922.684955323,3.1060595152069866e-08,1.3905142568881532e-07,-1.6399994240292884e-08,1.3575086923248332e-07,1.6115405095476623e-08,0.015722322569773572
274,3435.449061386505,EVENT_TRANSPORT_RECOVERY,2,11,0.051250000000000004,LEFT,7.268986654953516e-21,1.9512742802199986e-21,7.270154377116453e-21,1.2016973055951433e-07,7.751931093046915e-08,1.2017616508062363e-07,1.0009937407577711,-8.046062986040904e-08,-1.5494807947098535e-10,8.05243738020416e-08,1.6098500366245064e-07,-1.6399994240292884e-08,1.6259223706594324e-08,3.265921794688721e-08,-1.8081998480964695e-07,1.8081867066538294e-07,3.616386554750299e-07,-0.0001095778765360933,1.3928112204194643e-07,8.529360517355652,7.279192049869592,3.184779041222524e-13,1276112.0890062954,25266171.509090457,0.015620182223034488,-0.0007173604808767831,0.31744277212957633,7271669.708732445,10063209.925138362,2975867406438315.0,-3.006665610720363e-08,11000303.149581516,-7.08181569467193e-08,5440923.366673298,8319519.476770163,4505055531066788.0,-2.4848476121655894e-10,8761521.442601334,-2.7333323733821485e-09,7765017.60616661,10628924.401049454,1782279411495143.0,1.79157512837139e-07,11601424.693591185,3.1060595152069866e-08,1.3902407405461167e-07,-1.6399994240292884e-08,1.357498491142463e-07,1.611541654307515e-08,0.01568518924515594
275,3435.4502298822426,EVENT_TRANSPORT_RECOVERY,2,11,0.051250000000000004,LEFT,7.268987306548858e-21,1.9512900661381864e-21,7.27013793960292e-21,1.2016973415020436e-07,7.751951997509412e-08,1.2017607450946902e-07,1.0010018388531843,-8.046082362202222e-08,-1.5408044381124371e-10,8.052452459469824e-08,1.6098534821672045e-07,-1.6399994240292884e-08,1.6259223706594324e-08,3.265921794688721e-08,-1.8081998748524056e-07,1.808186721318261e-07,3.616386596170667e-07,-0.0001095893313145524,1.3926847209686247e-07,8.52858585428169,7.27942165063649,3.18477646866003e-13,1392249.2786499634,25218603.907538943,0.015620182223034488,-0.0007195023042241289,0.3154880931532934,7265093.758869965,10059040.92801722,2960561535797801.0,-3.006665610720363e-08,10992979.98596471,-7.08181569467193e-08,5504907.831821532,8493957.750241607,4463582363853662.5,-2.4848476121655894e-10,8965134.979106722,-2.7333323733821485e-09,7764394.1485280255,10619692.054089107,1782267000523443.0,1.79157512837139e-07,11585768.51107445,3.1060595152069866e-08,1.3900077300081372e-07,-1.6399994240292884e-08,1.3575168435892746e-07,1.6115393408248134e-08,0.015592941554455342
276,3440.28406698062,EVENT_TRANSPORT_RECOVERY,2,11,0.06500000000000003,LEFT,7.268982107006486e-21,1.9513351229976808e-21,7.2700980822858e-21,1.2016970549753025e-07,7.752011663322247e-08,1.2017585489398142e-07,1.0010249527920032,-8.046110845826463e-08,-1.527721526412709e-10,8.05248909300001e-08,1.6098599938826472e-07,-1.6399994240292884e-08,1.6259223706594324e-08,3.265921794688721e-08,-1.808199946781381e-07,1.8081867606671993e-07,3.6163867074485806e-07,-0.00010962010515624954,1.3925032612257517e-07,8.527474622878856,7.279821254429561,3.184750137383743e-13,1687234.5450883768,25206470.77723565,0.01564155046136969,-0.0007235501264075683,0.31295559339270346,7257184.62227132,10051349.343031535,2788569408954928.0,-3.006665610720363e-08,10985174.294497412,-7.08181569467193e-08,5755188.120702637,8807004.692614643,4255380394593127.5,-2.4848476121655894e-10,9280166.553427245,-2.7333323733821485e-09,7764134.284079522,10607728.36718584,1782233700360941.0,1.79157512837139e-07,11545347.927871918,3.1060595152069866e-08,1.3897483094372507e-07,-1.6399994240292884e-08,1.35756235973073e-07,1.6115012560642634e-08,0.015460614954426521
277,3484.2844067957303,ACTIVE_ONE_B,2,11,0.07250000000000004,LEFT,7.268978833668968e-21,1.951348376342834e-21,7.270088102278164e-21,1.2016968745942172e-07,7.752029213674038e-08,1.2017579990359547e-07,1.001031751690383,-8.046111520749126e-08,-1.5271549442610218e-10,8.052498280977085e-08,1.609860980172621e-07,-1.6399994240292884e-08,1.6259223706594324e-08,3.265921794688721e-08,-1.808199964912551e-07,1.8081867705692055e-07,3.6163867354817564e-07,-0.00010962785771462258,1.3925041504692648e-07,8.52748006846861,7.279879581949552,3.1847474941599753e-13,1713822.5964205796,25207283.152810764,0.015653205864097984,-0.0007241632254395558,0.3129230327496293,7255602.485366169,10049126.901320703,2694593111818007.0,-3.056362562963675e-08,10982599.030367333,-7.08181569467193e-08,5772196.21423195,8801968.016300108,4230202959471674.5,-2.4848476121655894e-10,9253576.207627967,-2.7333323733821485e-09,7763931.937111524,10605759.551224807,1782225321000831.0,1.79157512837139e-07,11530142.663252244,3.1060595152069866e-08,1.389754742004129e-07,-1.6399994240292884e-08,1.3575678841885445e-07,1.6114829060615856e-08,0.015461263420961213
278,3495.098702896666,EVENT_TRANSPORT_PAUSED,2,11,0.08625000000000005,LEFT,7.268972894068199e-21,1.951374026129715e-21,7.270068392092052e-21,1.2016965472854443e-07,7.752063179422786e-08,1.2017569129924803e-07,1.0010449099000616,-8.046114752528437e-08,-1.5252508577115431e-10,8.052516441215226e-08,1.6098631193743664e-07,-1.6399994240292884e-08,1.6259223706594324e-08,3.265921794688721e-08,-1.808200001246625e-07,1.8081867903925757e-07,3.6163867916392007e-07,-0.00010964338802277318,1.392493653342378e-07,8.527415785686923,7.2800061574446335,3.184741686012234e-13,1770412.5851917565,25205081.291368928,0.01567457410243319,-0.0007254929991920012,0.3126789572646548,7252088.173423402,10044376.24037963,2647227734667132.0,-3.056362562963675e-08,10976928.657356892,-7.08181569467193e-08,5808922.797757265,8809333.405015927,4171215142041358.0,-2.4848476121655894e-10,9244300.016295662,-2.7333323733821485e-09,7763531.599803105,10600919.55222603,1782208546519141.0,1.79157512837139e-07,11501213.666793384,3.1060595152069866e-08,1.3897459131104435e-07,-1.6399994240292884e-08,1.3575804479021114e-07,1.611448969836486e-08,0.015453608559949261
279,3499.346178859082,ACTIVE_ONE_B,2,11,0.09875000000000006,LEFT,7.268967757841579e-21,1.951403271470507e-21,7.270044282977882e-21,1.201696264247417e-07,7.752101906083064e-08,1.2017555845626734e-07,1.0010599126105344,-8.046126013218265e-08,-1.5198776353846415e-10,8.052538683710028e-08,1.6098664696928293e-07,-1.6399994240292884e-08,1.6259223706594324e-08,3.265921794688721e-08,-1.808200046756845e-07,1.8081868151856393e-07,3.616386861942484e-07,-0.00010966283035451774,1.3924328035838375e-07,8.527043151175958,7.280207431978895,3.184733232569059e-13,1855692.2827503774,25185534.872906767,0.015693999773647015,-0.0007275756291096336,0.3116733454951519,7246420.361201524,10038187.39786539,2706764541886583.0,-3.056362562963675e-08,10969218.596326044,-7.08181569467193e-08,5873639.231645726,8907389.258827345,4058485139056807.5,-2.4848476121655894e-10,9357174.602794984,-2.7333323733821485e-09,7763006.664283898,10594307.090811996,1782187567888237.0,1.79157512837139e-07,11465376.317570506,3.1060595152069866e-08,1.3896492006642073e-07,-1.6399994240292884e-08,1.357601461258272e-07,1.611417016272327e-08,0.015409234851859521
280,3501.296670188176,ACTIVE_ONE_B,2,11,0.10500000000000007,LEFT,7.268965096533918e-21,1.951415489865432e-21,7.270034725890616e-21,1.2016961175927625e-07,7.752118085558671e-08,1.201755057959369e-07,1.0010661805847327,-8.046128509461824e-08,-1.5185773600537162e-10,8.052547510129284e-08,1.6098676019591106e-07,-1.6399994240292884e-08,1.6259223706594324e-08,3.265921794688721e-08,-1.8082000650375828e-07,1.8081868251333287e-07,3.616386890170911e-07,-0.00010967063690947576,1.3924223659916877e-07,8.526979232975794,7.280274335162708,3.1847304584881873e-13,1881369.8447947744,25181342.324161626,0.015703712609253927,-0.0007282794701497508,0.3114658091285593,7244513.939786788,10035625.713938363,2707503608729873.0,-3.056362562963675e-08,10965978.565695379,-7.08181569467193e-08,5892078.254434602,8923571.557970677,4022405369192576.0,-2.4848476121655894e-10,9372379.189605271,-2.7333323733821485e-09,7762787.961885304,10591612.576686477,1782179151039993.0,1.79157512837139e-07,11450747.284873713,3.1060595152069866e-08,1.3896341675793683e-07,-1.6399994240292884e-08,1.357608360522456e-07,1.6114015536863864e-08,0.015401623405597364
281,3506.1386820988196,EVENT_TRANSPORT_PAUSED,2,11,0.11250000000000007,LEFT,7.268961828154229e-21,1.9514282755220006e-21,7.270025208613737e-21,1.201695937484603e-07,7.752135016124128e-08,1.201754533549191e-07,1.001072739561257,-8.046129018924225e-08,-1.5181137178908084e-10,8.052556305028064e-08,1.609868532395229e-07,-1.6399994240292884e-08,1.6259223706594324e-08,3.265921794688721e-08,-1.8082000833717423e-07,1.8081868351036762e-07,3.616386918475418e-07,-0.00010967846450427032,1.392424904738636e-07,8.526994779869492,7.28032817813485,3.1847278891662894e-13,1906400.4918555263,25182136.374779508,0.015715368011982218,-0.000728857849225717,0.31145508287458645,7243000.306307369,10031739.848184487,2660728137031579.0,-3.056362562963675e-08,10962602.773244077,-7.08181569467193e-08,5905577.223333341,8909008.18001134,4002352298916616.5,-2.4848476121655894e-10,9342476.011415606,-2.7333323733821485e-09,7762557.272895712,10588849.327282885,1782170715243887.0,1.79157512837139e-07,11435956.50875796,3.1060595152069866e-08,1.3896433049498785e-07,-1.6399994240292884e-08,1.3576139770379897e-07,1.6113832992203936e-08,0.01540347474599213
282,3513.6253111729384,EVENT_TRANSPORT_RECOVERY,2,11,0.1250000000000001,LEFT,7.268956711641544e-21,1.951456737748081e-21,7.270001862900342e-21,1.2016956555326501e-07,7.752172705090972e-08,1.201753247178276e-07,1.0010873405378822,-8.04613999579424e-08,-1.512911021658627e-10,8.052577902733199e-08,1.6098717898527438e-07,-1.6399994240292884e-08,1.6259223706594324e-08,3.265921794688721e-08,-1.808200129232355e-07,1.8081868600155314e-07,3.616386989247886e-07,-0.00010969803658866795,1.3923681004030867e-07,8.526646918903305,7.280522593250636,3.184720598892196e-13,1974866.7810120257,25159929.713041518,0.015734793683196042,-0.0007308827547831687,0.310474235527555,7237425.131532777,10020376.866172362,2771975385474972.0,-3.056362562963675e-08,10953915.209495232,-7.08181569467193e-08,5960359.896095432,9007523.078446519,3883051204762075.0,-2.4848476121655894e-10,9474588.818316083,-2.7333323733821485e-09,7761986.495397561,10581618.96843915,1782149638602100.0,1.79157512837139e-07,11399687.236012226,3.1060595152069866e-08,1.3895491943249729e-07,-1.6399994240292884e-08,1.3576345260846159e-07,1.6113516467823473e-08,0.015362051097577378
283,3516.8515159541803,ACTIVE_ONE_B,2,11,0.13125000000000012,LEFT,7.268954058977791e-21,1.95146857986541e-21,7.269992673446764e-21,1.201695509354181e-07,7.752188386018158e-08,1.2017527408299262e-07,1.0010934154835953,-8.046142362598835e-08,-1.5116889971408855e-10,8.052586413998429e-08,1.6098728776597265e-07,-1.6399994240292884e-08,1.6259223706594324e-08,3.265921794688721e-08,-1.8082001476534014e-07,1.8081868700109974e-07,3.616387017664399e-07,-0.0001097058951586849,1.3923577398080464e-07,8.526583472221532,7.2805859779409,3.1847171103227406e-13,2012371.31854585,25158276.216596726,0.01574450651880295,-0.0007315589589682592,0.3102941599093056,7235844.389069405,10023644.318075906,2719105061827082.0,-3.056362562963675e-08,10950283.134435598,-7.08181569467193e-08,5985726.807512631,9017740.629669683,3856498186609078.5,-2.4848476121655894e-10,9464815.78512951,-2.7333323733821485e-09,7761747.418792406,10574004.332781225,1782141182356646.0,1.79157512837139e-07,11385055.739650266,3.1060595152069866e-08,1.389538372806957e-07,-1.6399994240292884e-08,1.3576419500184213e-07,1.611336141815382e-08,0.015354495800219192
284,3531.847449634988,EVENT_TRANSPORT_PAUSED,2,11,0.13875000000000012,LEFT,7.26895079932292e-21,1.9514810271242768e-21,7.269983485842769e-21,1.2016953297266317e-07,7.752204868184712e-08,1.2017522345830644e-07,1.0010998008638268,-8.046142751735463e-08,-1.511297533946847e-10,8.052594928643135e-08,1.6098737680378598e-07,-1.6399994240292884e-08,1.6259223706594324e-08,3.265921794688721e-08,-1.8082001661280195e-07,1.808186880029292e-07,3.616387046157312e-07,-0.00010971377485691214,1.3923614101468848e-07,8.526605948808964,7.280636716960831,3.184714457410032e-13,2036292.4083034843,25159361.039847903,0.015756161921531245,-0.000732112437140664,0.31030105582907197,7234428.948057724,10020861.156655233,2670880845841491.0,-3.056362562963675e-08,10946554.493620863,-7.08181569467193e-08,5998939.709565558,9001660.111915983,3837117892700997.5,-2.4848476121655894e-10,9433149.737653548,-2.7333323733821485e-09,7761502.907162881,10566110.769750876,1782132707034012.0,1.79157512837139e-07,11370153.044149222,3.1060595152069866e-08,1.3895497123088214e-07,-1.6399994240292884e-08,1.3576476255313407e-07,1.6113179006032828e-08,0.015357172335806357
285,3536.7378314942675,EVENT_TRANSPORT_RECOVERY,2,11,0.15000000000000013,LEFT,7.268945711136204e-21,1.951508585826667e-21,7.269961015327096e-21,1.201695049335334e-07,7.752241360076118e-08,1.201750996431685e-07,1.001113938337413,-8.046153400330326e-08,-1.5062865209847986e-10,8.052615778706496e-08,1.6098769179036822e-07,-1.6399994240292884e-08,1.6259223706594324e-08,3.265921794688721e-08,-1.8082002123388048e-07,1.8081869050612012e-07,3.616387117400006e-07,-0.00010973347698217673,1.3923065588383754e-07,8.526270047878338,7.2808225490590655,3.184706388780303e-13,2113737.711474305,25134687.698391117,0.015773645025623687,-0.0007341920420136372,0.3093760063379695,7229390.82954409,10013930.363769718,2724831743257656.0,-3.056362562963675e-08,10937005.903936619,-7.08181569467193e-08,6060143.827659852,9090765.225545788,3727347533034891.0,-2.4848476121655894e-10,9536237.637191279,-2.7333323733821485e-09,7760892.890478222,10544151.022287063,1782111531474329.0,1.79157512837139e-07,11334872.89762204,3.155756467450299e-08,1.3894394168104784e-07,-1.6399994240292884e-08,1.3576699926099906e-07,1.6112890103208865e-08,0.015317172900960463
286,3539.075302052112,ACTIVE_ONE_B,2,11,0.15750000000000014,LEFT,7.268943070210502e-21,1.951520119914437e-21,7.269952122165028e-21,1.2016949038035586e-07,7.75225663285137e-08,1.2017505064074736e-07,1.0011198552655354,-8.04615564722322e-08,-1.5051329527468386e-10,8.052624040223611e-08,1.609877968744683e-07,-1.6399994240292884e-08,1.6259223706594324e-08,3.265921794688721e-08,-1.8082002309000252e-07,1.808186915104932e-07,3.6163871460049574e-07,-0.00010974138766473018,1.3922983775559622e-07,8.526219946970064,7.280883045068077,3.184703451850125e-13,2139019.7600116786,25136739.11462257,0.015785300428351978,-0.0007347236867281115,0.3092048017082094,7227737.190250352,10011103.869078178,2722157015560546.0,-3.056362562963675e-08,10933065.720443308,-7.08181569467193e-08,6078499.122076348,9104527.559520686,3692738786360268.0,-2.4848476121655894e-10,9548459.362077523,-2.7333323733821485e-09,7760646.5158178145,10522711.908568231,1782103035480576.0,1.79157512837139e-07,11326368.402714062,3.155756467450299e-08,1.3894534945121268e-07,-1.6399994240292884e-08,1.3576758834357175e-07,1.6112707581138558e-08,0.015311206832297142
287,3541.655731911139,EVENT_TRANSPORT_PAUSED,2,11,0.16375000000000015,LEFT,7.268940433252591e-21,1.9515315532964064e-21,7.26994332574097e-21,1.2016947584903986e-07,7.752271772218404e-08,1.2017500217132534e-07,1.0011257205320963,-8.046157861860574e-08,-1.5039983554565438e-10,8.052632217899973e-08,1.6098790079760547e-07,-1.6399994240292884e-08,1.6259223706594324e-08,3.265921794688721e-08,-1.8082002494923778e-07,1.8081869251594544e-07,3.616387174651832e-07,-0.00010974930994112064,1.3922895336143129e-07,8.526165788039108,7.280942671462014,3.18469999390079e-13,2173835.693462141,25134958.264277406,0.01579501326395889,-0.0007353696952705491,0.3090450992487592,7226149.272455684,10008203.296832323,2678052738801709.0,-3.056362562963675e-08,10928987.917329619,-7.08181569467193e-08,6099301.797401014,9102162.134177966,3669316388885152.0,-2.4848476121655894e-10,9532045.997209435,-2.7333323733821485e-09,7760384.41241763,10501354.881841592,1782094530606160.0,1.79157512837139e-07,11317493.09392952,3.155756467450299e-08,1.3894451746254304e-07,-1.6399994240292884e-08,1.3576833001346e-07,1.6112552738724604e-08,0.015304757530039792
288,3546.7237301181544,EVENT_TRANSPORT_RECOVERY,2,11,0.17500000000000016,LEFT,7.268935993633477e-21,1.9515576589548367e-21,7.269921659701653e-21,1.201694513839056e-07,7.7523063394717e-08,1.2017488278850982e-07,1.0011391126015516,-8.046170160163028e-08,-1.4983397883649376e-10,8.052652384512648e-08,1.6098822544675676e-07,-1.6399994240292884e-08,1.6259223706594324e-08,3.265921794688721e-08,-1.8082002960300678e-07,1.8081869503003047e-07,3.6163872463303725e-07,-0.00010976913259930221,1.3922251156508747e-07,8.52577130239317,7.28113371629705,3.1846922710100474e-13,2246773.1583788386,25110191.995193265,0.01581249636805133,-0.000737387784125243,0.30796162366363444,7220836.957274645,9992443.150052613,2788158502431499.0,-3.056362562963675e-08,10918515.139587793,-7.08181569467193e-08,6157990.6178402,9205553.325896336,3547713572857045.0,-2.4848476121655894e-10,9669803.044619534,-2.7333323733821485e-09,7759729.166620953,10478303.411224302,1782073265674499.0,1.79157512837139e-07,11295506.554855507,3.155756467450299e-08,1.3893401213887651e-07,-1.6399994240292887e-08,1.3577057080282495e-07,1.611226405021894e-08,0.015257781765897427
289,3550.1940923202883,ACTIVE_ONE_B,2,11,0.18125000000000016,LEFT,7.268933368331206e-21,1.951568829648337e-21,7.269913114310425e-21,1.2016943691681021e-07,7.752321130814128e-08,1.201748357021798e-07,1.0011448431102694,-8.046172275001438e-08,-1.49726127089677e-10,8.052660348768959e-08,1.6098832623770397e-07,-1.6399994240292884e-08,1.6259223706594324e-08,3.265921794688721e-08,-1.808200314731135e-07,1.808186960392718e-07,3.616387275123853e-07,-0.00010977709541948322,1.3922171515363388e-07,8.525722531387393,7.281190895917054,3.1846887296906915e-13,2281191.2095163465,25108743.008611176,0.01582220920365824,-0.0007380143223023605,0.3078161097800228,7219401.038496952,9977351.70907502,2732524387281911.0,-3.056362562963675e-08,10914172.455659527,-7.08181569467193e-08,6181485.550417655,9211287.262775622,3543130994721168.5,2.4848476121655894e-10,9655130.165150426,-2.7333323733821485e-09,7759458.317477149,10475478.955950433,1782064729636044.0,1.79157512837139e-07,11286505.077831024,3.155756467450299e-08,1.3893336699146567e-07,-1.6399994240292887e-08,1.357713207666829e-07,1.6112109215671143e-08,0.015251974063417162
290,3557.766901608124,ACTIVE_ONE_B,2,11,0.19375000000000017,LEFT,7.268928128234722e-21,1.9515910390828785e-21,7.269896144972366e-21,1.201694080405151e-07,7.752350538610385e-08,1.2017474219858636e-07,1.0011562364367674,-8.046176442813845e-08,-1.4951366403146079e-10,8.052676180347008e-08,1.6098852623160852e-07,-1.6399994240292884e-08,1.6259223706594324e-08,3.265921794688721e-08,-1.8082003522264313e-07,1.8081869806102172e-07,3.6163873328366483e-07,-0.0001097930558591198,1.3922039863160678e-07,8.525641909614437,7.281304297829125,3.184683048338339e-13,2324210.978903204,25101418.360381976,0.01584163487487206,-0.0007392575273692525,0.30751399529632956,7216171.1651801225,9947262.049564907,2725606796969553.0,-3.056362562963675e-08,10905293.458848659,-7.08181569467193e-08,6213467.556346827,9231655.649449613,3583391573830358.0,2.4848476121655894e-10,9672266.875686228,-2.7333323733821485e-09,7758913.359645715,10469722.234044207,1782047630703220.0,1.79157512837139e-07,11268448.221962346,3.155756467450299e-08,1.3893180012226873e-07,-1.6399994240292887e-08,1.3577272768963056e-07,1.6111800704045456e-08,0.015242373538201237
291,3560.4426493718724,EVENT_TRANSPORT_PAUSED,2,11,0.20000000000000018,LEFT,7.268925512697113e-21,1.9516019854754414e-21,7.269887814117412e-21,1.2016939362721884e-07,7.752365032786662e-08,1.20174696294275e-07,1.00116185188025,-8.04617847134633e-08,-1.4941064600649748e-10,8.05268396207762e-08,1.609886243342395e-07,-1.6399994240292884e-08,1.6259223706594324e-08,3.265921794688721e-08,-1.808200371020621e-07,1.8081869907353413e-07,3.6163873617559625e-07,-0.00010980105347857538,1.3921966845874514e-07,8.525597194957594,7.281359314171425,3.184679355671123e-13,2358680.6254133116,25100366.108663052,0.015851347710478973,-0.0007398673543945744,0.30738180693188694,7214730.074098581,9932400.146100456,2678630460471264.0,-3.056362562963675e-08,10900735.738720888,-7.08181569467193e-08,6234777.638994318,9228094.55836763,3613560069554844.0,2.4848476121655894e-10,9654182.613091571,-2.7333323733821485e-09,7758636.255529558,10458865.777322961,1782039067781181.0,1.79157512837139e-07,11259445.970310986,3.155756467450299e-08,1.3893132984346635e-07,-1.6399994240292887e-08,1.3577348295424927e-07,1.6111645924174062e-08,0.0152370488700031
292,3562.396108984964,EVENT_TRANSPORT_RECOVERY,2,11,0.20500000000000018,LEFT,7.268923737772857e-21,1.9516161005149358e-21,7.269875474002173e-21,1.201693838462414e-07,7.752383722505095e-08,1.2017462829824912e-07,1.0011690928234263,-8.046188342051416e-08,-1.489700041966781e-10,8.052695499875403e-08,1.609888384192682e-07,-1.6399994240292884e-08,1.6259223706594324e-08,3.265921794688721e-08,-1.8082003991899958e-07,1.8081870059004836e-07,3.6163874050904794e-07,-0.00010981303761359307,1.3921420955149977e-07,8.525262899920019,7.28148566384423,3.184674697587215e-13,2405579.6736661447,25079365.25318387,0.015859117978964502,-0.0007411981529159561,0.3064917273141153,7211271.689387519,9913120.989286855,2788819158912164.0,-3.056362562963675e-08,10893753.859428866,-7.08181569467193e-08,6274517.21115722,9315048.822775481,3656044287486679.5,2.4848476121655894e-10,9776612.256679604,-2.7333323733821485e-09,7758210.797785338,10441540.982783502,1782026242959030.0,1.79157512837139e-07,11245659.66353684,3.155756467450299e-08,1.389221705885286e-07,-1.6399994240292887e-08,1.3577502362958817e-07,1.6111511693470164e-08,0.015197240666584788
293,3565.6839664127974,ACTIVE_ONE_B,2,11,0.2125000000000002,LEFT,7.268920519565915e-21,1.9516275377817863e-21,7.269867254942266e-21,1.2016936611184146e-07,7.752398866519694e-08,1.2017458300986028e-07,1.0011749600829114,-8.046188349814938e-08,-1.4895250340406518e-10,8.052703191246255e-08,1.6098891541061192e-07,-1.6399994240292884e-08,1.6259223706594324e-08,3.265921794688721e-08,-1.8082004180844095e-07,1.8081870160652647e-07,3.616387434149674e-07,-0.00010982107391699358,1.3921491551230467e-07,8.52530613186795,7.281526880732382,3.184671563458116e-13,2426922.1952839494,25081332.66381016,0.015870773381692797,-0.000741676747645581,0.3065551179564314,7210155.74513264,9916339.227065925,2725247302270805.0,-3.056362562963675e-08,10889013.264289202,-7.08181569467193e-08,6289057.169684903,9302999.526668498,3671575709073179.5,2.4848476121655894e-10,9742017.036030518,-2.7333323733821485e-09,7757926.5631837975,10430206.248962555,1782017647165258.0,1.79157512837139e-07,11236410.895381685,3.155756467450299e-08,1.3892400801153943e-07,-1.6399994240292887e-08,1.3577561403534188e-07,1.611132956026781e-08,0.015202388772251663
294,3570.901784972301,EVENT_TRANSPORT_PAUSED,2,11,0.2237500000000002,LEFT,7.268915929078823e-21,1.9516482547731244e-21,7.269851128438018e-21,1.20169340815282e-07,7.75242629760969e-08,1.201744941500371e-07,1.001185587793668,-8.046194156973965e-08,-1.486758236030953e-10,8.052718301710867e-08,1.6098912458684831e-07,-1.6399994240292884e-08,1.6259223706594324e-08,3.265921794688721e-08,-1.808200455897323e-07,1.8081870363908467e-07,3.6163874922881697e-07,-0.00010983715208379152,1.3921241127287275e-07,8.525152776117915,7.2816448950997605,3.1846646051601874e-13,2490313.7185726836,25073197.19002352,0.015888256485785235,-0.0007429770320594997,0.30611695557971513,7206986.881853021,9922633.024275701,2679209095800158.0,-3.056362562963675e-08,10879264.954445524,-7.08181569467193e-08,6331035.9283163445,9319483.456084378,3726376020920774.5,2.4848476121655894e-10,9744000.12010239,-2.7333323733821485e-09,7757337.929777831,10407300.02453812,1782000459754054.0,1.79157512837139e-07,11217594.2362658,3.155756467450299e-08,1.3892093122019581e-07,-1.6399994240292887e-08,1.357772345358232e-07,1.6111048265854836e-08,0.015184127008819548
295,3572.525796101811,EVENT_TRANSPORT_RECOVERY,2,11,0.2287500000000002,LEFT,7.268914177442603e-21,1.9516618755425465e-21,7.269839259304816e-21,1.2016933116262821e-07,7.752444332581779e-08,1.201744287489796e-07,1.0011925751788213,-8.046203831928854e-08,-1.4824595939643645e-10,8.052729439168157e-08,1.609893327109701e-07,-1.6399994240292884e-08,1.6259223706594324e-08,3.265921794688721e-08,-1.8082004842746565e-07,1.8081870516299126e-07,3.616387535904569e-07,-0.00010984921417334093,1.392073853316054e-07,8.524844995247257,7.281766535462872,3.184659850752553e-13,2536978.862633297,25053187.59472923,0.015896026754270765,-0.0007442707763032352,0.3052539011851105,7203692.303359217,9927213.985177046,2741761876376027.0,-3.056362562963675e-08,10871823.951338299,-7.08181569467193e-08,6371527.084321715,9405166.732694402,3766758722837445.0,2.4848476121655894e-10,9864581.877348516,-2.7333323733821485e-09,7756899.973581124,10390482.1137045,1781987574239161.0,1.79157512837139e-07,11203713.215692649,3.155756467450299e-08,1.3891215859692642e-07,-1.6399994240292887e-08,1.3577878890288753e-07,1.6110913971219462e-08,0.015147476140184857
296,3578.984977431429,ACTIVE_ONE_B,2,11,0.23500000000000018,LEFT,7.26891158675899e-21,1.9516723436964276e-21,7.26983138183455e-21,1.2016931688627522e-07,7.752458193185427e-08,1.2017438534266312e-07,1.0011979452883024,-8.046205674951906e-08,-1.4815321207167364e-10,8.052736838242961e-08,1.6098942513194867e-07,-1.6399994240292884e-08,1.6259223706594324e-08,3.265921794688721e-08,-1.808200503285051e-07,1.808187061831891e-07,3.6163875651169423e-07,-0.00010985729283796708,1.3920684918028783e-07,8.52481216216972,7.281817410895383,3.184656342295023e-13,2567369.9127274062,25051653.037968963,0.015905739589877673,-0.0007448452849569964,0.3051433359338976,7202345.917012946,9930220.73677784,2667532624912979.0,-3.056362562963675e-08,10866710.540566057,-7.08181569467193e-08,6391712.937348406,9405396.28663566,3788866565296571.5,2.4848476121655894e-10,9844176.66647753,-2.7333323733821485e-09,7756592.529887619,10380631.361344794,1781978948217839.0,1.79157512837139e-07,11193980.15165538,3.155756467450299e-08,1.3891193363088127e-07,-1.6399994240292887e-08,1.3577953737174431e-07,1.6110759463174815e-08,0.01514356634290226
297,3588.263433625905,EVENT_TRANSPORT_PAUSED,2,11,0.24750000000000022,LEFT,7.268906412414629e-21,1.9516931011909617e-21,7.269815798684377e-21,1.2016928837225963e-07,7.752485677484313e-08,1.201742994765344e-07,1.0012085937769915,-8.046209285141577e-08,-1.4797194304269402e-10,8.052751492635829e-08,1.6098960777777405e-07,-1.6399994240292884e-08,1.6259223706594324e-08,3.265921794688721e-08,-1.8082005413982477e-07,1.8081870822690334e-07,3.616387623667281e-07,-0.00010987348489988058,1.3920592174290106e-07,8.524755367338424,7.281917394753829,3.1846497289666326e-13,2616995.7120150877,25047255.64210765,0.015925165261091497,-0.0007459806506378008,0.3049264500994437,7199480.361311104,9933497.670353059,2579464546253388.0,-3.056362562963675e-08,10856326.436559506,-7.08181569467193e-08,6424419.897535641,9403079.361911872,3831867989181273.0,2.4848476121655894e-10,9825052.400477698,-2.7333323733821485e-09,7755983.6980809225,10375029.118025143,1781961668949243.0,1.79157512837139e-07,11174854.009137534,3.155756467450299e-08,1.3891148992111553e-07,-1.6399994240292887e-08,1.3578099907580576e-07,1.6110450956210714e-08,0.015136803154870204
298,3594.6352825420645,EVENT_TRANSPORT_RECOVERY,2,11,0.25750000000000006,LEFT,7.268902103852126e-21,1.9517164333609734e-21,7.269796775076866e-21,1.20169264629257e-07,7.75251657059159e-08,1.2017419465266341e-07,1.001220563061052,-8.046220504713767e-08,-1.474659811072112e-10,8.052769418121572e-08,1.6098989922835338e-07,-1.6399994240292884e-08,1.6259223706594324e-08,3.265921794688721e-08,-1.8082005891313407e-07,1.8081871078343004e-07,3.616387696965641e-07,-0.0001098937555181756,1.3920081151636095e-07,8.52444242496801,7.282083080250107,3.18464154082553e-13,2690504.1400565,25020700.501316052,0.015940705798062556,-0.0007479137525563395,0.3039910856056476,7195071.5659481855,9913506.333395151,2564492127792488.0,-3.056362562963675e-08,10842954.178886905,-7.08181569467193e-08,6483437.526985711,9485320.109843716,3891131602592362.0,2.4848476121655894e-10,9921126.90368061,-2.7333323733821485e-09,7755206.472181182,10367829.42269254,1781940055509610.0,1.79157512837139e-07,11150822.096475217,3.155756467450299e-08,1.3890056447243336e-07,-1.6399994240292887e-08,1.3578341968966257e-07,1.6110190258462334e-08,0.015099537649435169
299,3596.968293255603,ACTIVE_ONE_B,2,11,0.26374999999999993,LEFT,7.268899526755272e-21,1.9517265121556313e-21,7.269789273379063e-21,1.201692504277602e-07,7.752529915407254e-08,1.201741533167623e-07,1.00122573343124,-8.04622219510422e-08,-1.4738189573029191e-10,8.052776497904979e-08,1.60989986930092e-07,-1.6399994240292884e-08,1.6259223706594324e-08,3.265921794688721e-08,-1.8082006083106715e-07,1.808187118097221e-07,3.6163877264078926e-07,-0.00010990189775550441,1.392003692929599e-07,8.524415343890821,7.282130128313324,3.1846377242185296e-13,2721272.836847079,25020049.58094527,0.015950418633669465,-0.0007484588563611005,0.30390483572263005,7193782.229841018,9905496.480644139,2500274144101832.0,-3.056362562963675e-08,10837501.198593576,-7.08181569467193e-08,6502046.809127835,9475798.513594888,3916199893259167.0,2.4848476121655894e-10,9896542.400090588,-2.7333323733821485e-09,7754893.194980211,10364906.389881393,1781931379504228.0,1.79157512837139e-07,11141134.384552637,3.155756467450299e-08,1.3890065902900748e-07,-1.6399994240292887e-08,1.3578418149170587e-07,1.611003575802844e-08,0.01509631280638235
300,3599.319544797608,EVENT_TRANSPORT_PAUSED,2,11,0.2699999999999998,LEFT,7.268897565447806e-21,1.9517358986542914e-21,7.269781848187869e-21,1.201692396196652e-07,7.752542343547938e-08,1.2017411240240035e-07,1.0012305486571167,-8.046225819941305e-08,-1.4721688519731203e-10,8.052783511920889e-08,1.6099009331862196e-07,-1.6399994240292884e-08,1.6259223706594324e-08,3.265921794688721e-08,-1.8082006274973167e-07,1.8081871283588098e-07,3.6163877558561264e-07,-0.00010991004164728757,1.391988320572349e-07,8.524321205952337,7.282189337969815,3.184634235541827e-13,2751266.5785070574,25019322.36572974,0.015960131469276377,-0.0007489988768369926,0.3036221879781894,7192198.476899412,9897479.619195055,2478040096203789.0,-3.056362562963675e-08,10831985.61757339,-7.08181569467193e-08,6523898.11400722,9495364.336547231,3939086428523235.0,2.4848476121655894e-10,9915578.944161603,-2.7333323733821485e-09,7754576.912000397,10361971.497021148,1781922704909584.0,1.79157512837139e-07,11131375.503730195,3.155756467450299e-08,1.3890079510570752e-07,-1.6399994240292887e-08,1.3578494051159367e-07,1.6109881325230733e-08,0.01508510276201025
301,3600.937680587588,EVENT_TRANSPORT_RECOVERY,2,11,0.2749999999999997,LEFT,7.26889585436952e-21,1.951748608031737e-21,7.269770849888711e-21,1.2016923019049613e-07,7.75255917126406e-08,1.2017405179941236e-07,1.0012370685028404,-8.046235130132241e-08,-1.468072669731756e-10,8.052793913136177e-08,1.6099029043268418e-07,-1.6399994240292884e-08,1.6259223706594324e-08,3.265921794688721e-08,-1.8082006562877527e-07,1.8081871437470725e-07,3.616387800034825e-07,-0.00010992225924044696,1.3919433630611315e-07,8.524045893106264,7.282302625458551,3.184629786320813e-13,2792794.9756223448,24999308.90876987,0.015967901737761907,-0.0007502241801857767,0.30280343121128067,7189109.155698968,9885449.795970947,2538552308527602.0,-3.056362562963675e-08,10823586.196290487,-7.08181569467193e-08,6560553.357387806,9573790.8231326,3974014136545960.5,2.4848476121655894e-10,10028421.845824556,-2.7333323733821485e-09,7754096.537323036,10357532.579215068,1781909697032750.0,1.79157512837139e-07,11116621.86691166,3.155756467450299e-08,1.3889261282447148e-07,-1.6399994240292887e-08,1.357864922798278e-07,1.610974722726538e-08,0.015052318219769711
302,3602.772573397793,ACTIVE_ONE_B,2,11,0.28124999999999956,LEFT,7.268893285001392e-21,1.9517584555839605e-21,7.269763571704616e-21,1.2016921603158156e-07,7.752572209760682e-08,1.201740116950229e-07,1.0012421202468405,-8.04623672808744e-08,-1.4672843579017775e-10,8.052800804019138e-08,1.6099037532106577e-07,-1.6399994240292884e-08,1.6259223706594324e-08,3.265921794688721e-08,-1.8082006755739422e-07,1.8081871540489496e-07,3.616387829622892e-07,-0.00010993044180307443,1.3919397530943443e-07,8.524023786227936,7.28234747608062,3.1846259484953545e-13,2822056.1532072993,24998549.771002814,0.015977614573368815,-0.0007507518645986089,0.3027296951451998,7187925.50757059,9877400.09738938,2465431408697659.0,-3.056362562963675e-08,10817875.171478365,-7.08181569467193e-08,6580448.030067984,9571437.757031223,3992807652552905.5,2.4848476121655894e-10,10004802.980700294,-2.7333323733821485e-09,7753770.919270916,10353822.447476119,1781900989094219.0,1.79157512837139e-07,11106676.411999684,3.155756467450299e-08,1.388928531342982e-07,-1.6399994240292887e-08,1.3578725285754816e-07,1.6109592836036424e-08,0.015049685709530358
303,3604.8976379296632,EVENT_TRANSPORT_PAUSED,2,11,0.2874999999999994,LEFT,7.268890717617042e-21,1.951768241273435e-21,7.26975635339949e-21,1.2016920188359556e-07,7.752585166305462e-08,1.2017397192055324e-07,1.001247140255566,-8.046238301531744e-08,-1.4665101454804343e-10,8.052807644533852e-08,1.6099045946065594e-07,-1.6399994240292884e-08,1.6259223706594324e-08,3.265921794688721e-08,-1.8082006948906217e-07,1.8081871643620008e-07,3.6163878592526225e-07,-0.00010993863588759645,1.3919363711908481e-07,8.524003075973933,7.282391761451659,3.184622131040021e-13,2850561.8386843465,24997702.005847186,0.015987327408975727,-0.0007512748943632186,0.30265900991041855,7186646.9075275725,9869348.208100142,2402696595506356.0,-3.056362562963675e-08,10812087.8115273,-7.08181569467193e-08,6597270.452205566,9559297.816417439,4015926131983323.5,2.4848476121655894e-10,9977529.590791991,-2.7333323733821485e-09,7753441.845054606,10345952.99194926,1781892271999125.0,1.79157512837139e-07,11096673.786903724,3.155756467450299e-08,1.3889312599583597e-07,-1.6399994240292887e-08,1.3578800964052417e-07,1.6109438525404435e-08,0.015047219510779142
304,3608.486214160443,EVENT_TRANSPORT_RECOVERY,2,11,0.2974999999999992,LEFT,7.26888707252037e-21,1.9517896269644843e-21,7.269738612805112e-21,1.201691817966961e-07,7.752613481447626e-08,1.2017387416581334e-07,1.0012581110058596,-8.046250951870104e-08,-1.460924535921358e-10,8.052824484583828e-08,1.609907543645393e-07,-1.6399994240292884e-08,1.6259223706594324e-08,3.265921794688721e-08,-1.808200743209538e-07,1.8081871901371281e-07,3.616387933346666e-07,-0.0001099591265518729,1.3918785848846956e-07,8.523649201571633,7.282557901930363,3.1846145228475905e-13,2916785.0927636996,24971238.98963765,0.016002867945946787,-0.0007531080802440915,0.30159078413365614,7182108.447697205,9849266.977322666,2444375080763490.0,-3.056362562963675e-08,10797325.198099552,-7.08181569467193e-08,6649443.042880072,9651646.600468172,4069978295991674.5,2.4848476121655894e-10,10103693.002269313,-2.7333323733821485e-09,7752600.48911547,10326288.005093236,1781870486860140.0,1.79157512837139e-07,11071475.718048891,3.155756467450299e-08,1.3888307652813412e-07,-1.6399994240292887e-08,1.3579042929713981e-07,1.6109178137106367e-08,0.015005079776090113
305,3611.0802021383583,ACTIVE_ONE_B,2,11,0.3037499999999991,LEFT,7.268884513391522e-21,1.951799198443294e-21,7.269731600455153e-21,1.2016916769419537e-07,7.752626154236628e-08,1.2017383552611446e-07,1.0012630211256082,-8.046252441643416e-08,-1.4601981847206444e-10,8.052831152032397e-08,1.6099083593675811e-07,-1.6399994240292884e-08,1.6259223706594324e-08,3.265921794688721e-08,-1.8082007626324324e-07,1.80818720048931e-07,3.6163879631217423e-07,-0.00010996736083179748,1.3918759200488052e-07,8.523632882528755,7.282600368129888,3.1846107457005627e-13,2944330.4033445716,24970357.07415809,0.0160125807815537,-0.0007536151506772892,0.30153031617496956,7180963.7445426285,9841226.636358034,2372650018117334.0,-3.056362562963675e-08,10791280.701494943,-7.08181569467193e-08,6666873.502028156,9647331.214807026,4087456034573460.5,2.4848476121655894e-10,10078130.17455472,-2.7333323733821485e-09,7752256.895068905,10318396.814368013,1781861737702556.0,1.79157512837139e-07,11062304.483734991,3.553332085396793e-08,1.388834643637667e-07,-1.6399994240292887e-08,1.357911845922004e-07,1.6109023924009746e-08,0.015003136487361735
306,3616.378451826211,EVENT_TRANSPORT_PAUSED,2,11,0.30999999999999894,LEFT,7.268881956241976e-21,1.951808712140681e-21,7.269724643907312e-21,1.2016915360259858e-07,7.752638750481058e-08,1.2017379719387386e-07,1.001267901603782,-8.046253909042698e-08,-1.4594848609531363e-10,8.052837772783656e-08,1.6099091681826353e-07,-1.6399994240292884e-08,1.6259223706594324e-08,3.265921794688721e-08,-1.8082007820856214e-07,1.8081872108527114e-07,3.616387992938333e-07,-0.00010997560659231631,1.3918734551992753e-07,8.52361778817142,7.282642354479776,3.1846069988632364e-13,2971176.749970819,24969403.38059881,0.016022293617160607,-0.0007541179274874743,0.3014724387001743,7179726.696729548,9833194.252973264,2332855212687040.0,-3.1060595152069866e-08,10785166.039909495,-7.08181569467193e-08,6681339.778737084,9633387.755929884,4109374419384207.5,2.4848476121655894e-10,10049074.61445977,-2.7333323733821485e-09,7751910.533333339,10310504.377406953,1781852979353375.0,1.79157512837139e-07,11055932.647971965,3.553332085396793e-08,1.3888387801200327e-07,-1.6399994240292887e-08,1.3579193537633283e-07,1.6108869798692837e-08,0.015001339035471073
307,3625.8707155534257,EVENT_TRANSPORT_RECOVERY,2,11,0.31874999999999876,LEFT,7.268878333688852e-21,1.9518293433689272e-21,7.269707635232188e-21,1.20169133639913e-07,7.7526660663232e-08,1.2017370347190734e-07,1.0012784853185104,-8.046266267360256e-08,-1.4540679377775168e-10,8.052853991843832e-08,1.6099120259204086e-07,-1.6399994240292884e-08,1.6259223706594324e-08,3.265921794688721e-08,-1.808200830744183e-07,1.8081872367536264e-07,3.616388067497809e-07,-0.00010999622597163139,1.391816564009244e-07,8.523269395321817,7.2828014811422435,3.1845985921909014e-13,3047513.4134434965,24940798.843048207,0.01603589158701028,-0.0007560156462014245,0.3004541024064048,7175694.484563256,9813407.988495393,2369989133210529.0,-3.1060595152069866e-08,10769705.554584052,-7.08181569467193e-08,6738252.176254139,9718466.965926183,4113356334242369.5,2.4848476121655894e-10,10148490.037232487,-2.7333323733821485e-09,7751047.680468681,10291003.254969507,1781831091165554.0,1.79157512837139e-07,11039838.0884139,3.553332085396793e-08,1.3887212221891624e-07,-1.6399994240292887e-08,1.3579452350045014e-07,1.6108636798285833e-08,0.014959852049821976
308,3629.314876404965,ACTIVE_ONE_B,2,11,0.3249999999999986,LEFT,7.268876396864331e-21,1.9518380124116693e-21,7.269700903013967e-21,1.2016912296671446e-07,7.752677544118671e-08,1.2017366637569536e-07,1.0012829324931651,-8.04626960707867e-08,-1.4525808869597276e-10,8.052860422285873e-08,1.6099130029364543e-07,-1.6399994240292884e-08,1.6259223706594324e-08,3.265921794688721e-08,-1.808200850279131e-07,1.8081872471436827e-07,3.6163880974228136e-07,-0.00011000450171416709,1.3918036572440347e-07,8.52319035628769,7.282854245816521,3.18459527143874e-13,3073594.531528704,24939998.612516914,0.016045604422617193,-0.0007565016928270385,0.3002069397526317,7174227.322835249,9805380.735794289,2368911057479515.0,-3.1060595152069866e-08,10763394.650250962,-7.08181569467193e-08,6754421.200026491,9732521.820178706,4089715005810167.5,2.4848476121655894e-10,10161824.100468542,-2.7333323733821485e-09,7750694.452437166,10283160.595210303,1781822311309848.0,1.79157512837139e-07,11033322.159487726,3.553332085396793e-08,1.38872685756791e-07,-1.6399994240292887e-08,1.357952765276229e-07,1.6108482714101938e-08,0.014950439998804743
309,3631.4410196309022,EVENT_TRANSPORT_PAUSED,2,11,0.3312499999999985,LEFT,7.268873845725104e-21,1.9518472210864173e-21,7.269694245478447e-21,1.2016910890822808e-07,7.752689736348627e-08,1.2017362969098132e-07,1.0012876564962827,-8.046270953438701e-08,-1.4519382396611569e-10,8.052866788831981e-08,1.6099137742270682e-07,-1.6399994240292884e-08,1.6259223706594324e-08,3.265921794688721e-08,-1.8082008698678546e-07,1.8081872575576028e-07,3.6163881274254575e-07,-0.00011001279892774996,1.39180183909494e-07,8.52317922222381,7.28289308554381,3.1845911415668285e-13,3101356.730712875,24940017.669072155,0.016055317258224105,-0.0007569811436392015,0.30017039168262283,7173126.945089083,9797387.83313936,2332396118536934.0,-3.1060595152069866e-08,10757063.313739434,-7.08181569467193e-08,6769907.832277086,9718648.37412196,4078912254377867.5,2.4848476121655894e-10,10132252.752151238,-2.7333323733821485e-09,7750349.135438982,10275509.755061816,1781813511580990.0,1.79157512837139e-07,11026766.543926256,3.553332085396793e-08,1.388733783128656e-07,-1.6399994240292887e-08,1.3579604122969376e-07,1.6108328530779677e-08,0.014949114142809083
310,3644.6628922837776,EVENT_TRANSPORT_RECOVERY,2,11,0.3412499999999983,LEFT,7.2688702442258e-21,1.951867238739003e-21,7.269677829325166e-21,1.2016908906154835e-07,7.752716239467919e-08,1.201735392337056e-07,1.0012979254498309,-8.046283057280505e-08,-1.4466666640912343e-10,8.052882514733715e-08,1.609916557201422e-07,-1.6399994240292884e-08,1.6259223706594324e-08,3.265921794688721e-08,-1.8082009188635358e-07,1.80818728358469e-07,3.6163882024482255e-07,-0.00011003354643013274,1.391748721784498e-07,8.522853940029187,7.283047011174087,3.1845839691102746e-13,3159611.59565797,24913559.151211902,0.016070857795195164,-0.0007587111002729241,0.2991687545975594,7168915.411725191,9777323.533809394,2385719415080925.0,-3.1060595152069866e-08,10740823.076518457,-7.08181569467193e-08,6811378.925895932,9800831.018774057,3999822550958658.5,2.4848476121655894e-10,10247783.31157012,-2.7333323733821485e-09,7749447.1829113355,10262869.758913469,1781791520052749.0,1.79157512837139e-07,11010015.346580677,3.553332085396793e-08,1.388641577755409e-07,-1.6399994240292887e-08,1.3579844078616827e-07,1.6108068667963028e-08,0.014910379198175061
311,3648.3919739442063,ACTIVE_ONE_B,2,11,0.34749999999999814,LEFT,7.268867698767235e-21,1.951876249954265e-21,7.269671363568467e-21,1.2016907503435833e-07,7.75272817014401e-08,1.2017350360566654e-07,1.0013025481572406,-8.046284325811566e-08,-1.446069573405939e-10,8.052888720791495e-08,1.609917304660306e-07,-1.6399994240292884e-08,1.6259223706594324e-08,3.265921794688721e-08,-1.8082009385569573e-07,1.8081872940380022e-07,3.616388232594959e-07,-0.00011004188349161836,1.391747581660211e-07,8.522846958084374,7.283084189343126,3.184579888071686e-13,3186459.386078776,24913526.909044616,0.016080570630802073,-0.000759175736769313,0.2991416452406633,7167940.739687997,9769355.476546986,2359967812001245.0,-3.1060595152069866e-08,10734243.241170663,-7.08181569467193e-08,6828248.064628263,9794916.20022752,3985024959089936.0,2.4848476121655894e-10,10220109.821615905,-2.7333323733821485e-09,7749091.974789036,10259816.64268783,1781782688062497.0,1.79157512837139e-07,11003201.642641168,3.553332085396793e-08,1.3886495195883092e-07,-1.6399994240292887e-08,1.3579920202791853e-07,1.6107914601652118e-08,0.014909547780869614
312,3650.0760220654097,EVENT_TRANSPORT_PAUSED,2,11,0.35249999999999804,LEFT,7.268865769166742e-21,1.9518845333430755e-21,7.26966500978015e-21,1.2016906440095863e-07,7.752739137159452e-08,1.2017346859458248e-07,1.0013067974933978,-8.04628751755149e-08,-1.4446697380388816e-10,8.052894828247185e-08,1.6099182345798675e-07,-1.6399994240292884e-08,1.6259223706594324e-08,3.265921794688721e-08,-1.8082009582562837e-07,1.8081873044899043e-07,3.616388262746188e-07,-0.00011005022179633173,1.391734462743332e-07,8.52276661986623,7.283133099704329,3.1845756502078954e-13,3223712.970232498,24910205.270832423,0.0160883408992876,-0.0007597537947423572,0.2989271523527506,7166739.438182001,9761562.927658848,2329455951031945.0,-3.1060595152069866e-08,10727605.57130669,-7.08181569467193e-08,6849494.216476416,9794050.112355322,3970728352316276.5,2.4848476121655894e-10,10205405.313415544,-2.7333323733821485e-09,7748730.844338606,10256787.253926007,1781773857555702.0,1.79157512837139e-07,10996304.869670022,3.553332085396793e-08,1.3886357472012042e-07,-1.6399994240292887e-08,1.3580012221173174e-07,1.610778786026082e-08,0.014899981021657904
313,3656.7132510346364,ACTIVE_ONE_B,2,11,0.3624999999999978,LEFT,7.268862182924873e-21,1.9519038322804115e-21,7.269649297084683e-21,1.2016904463834298e-07,7.752764688386335e-08,1.20173382013313e-07,1.0013166977496932,-8.046299338548301e-08,-1.4395638453608474e-10,8.052909958020626e-08,1.6099209296568927e-07,-1.6399994240292884e-08,1.6259223706594324e-08,3.265921794688721e-08,-1.8082010075864145e-07,1.8081873306434924e-07,3.6163883382299066e-07,-0.00011007109677430016,1.3916822133082645e-07,8.522446652406186,7.283280162461507,3.1845676375989875e-13,3293135.7468302855,24886903.302730076,0.016103881436258658,-0.0007614291125084272,0.2979751421203445,7163010.465874034,9741784.027377388,2362812476927360.0,-3.1060595152069866e-08,10710716.77328424,-7.08181569467193e-08,6897579.84824593,9868588.320392018,3896488926426319.5,2.4848476121655894e-10,10293851.157810777,-2.7333323733821485e-09,7747811.730334329,10249154.529452581,1781751762429392.0,1.79157512837139e-07,10978911.111033618,3.553332085396793e-08,1.388550529968345e-07,-1.6399994240292887e-08,1.3580257167217493e-07,1.6107527563315998e-08,0.014861878961187402
314,3663.4177686793805,EVENT_TRANSPORT_PAUSED,2,11,0.3737499999999976,LEFT,7.26885772002945e-21,1.9519206686445695e-21,7.269636923615948e-21,1.2016902004476489e-07,7.752786979101017e-08,1.2017331383201256e-07,1.0013253347185243,-8.046303608767623e-08,-1.4376778032669433e-10,8.052921901725259e-08,1.6099225510492882e-07,-1.6399994240292884e-08,1.6259223706594324e-08,3.265921794688721e-08,-1.8082010472460064e-07,1.8081873516501728e-07,3.616388398896179e-07,-0.00011008787399635622,1.3916709358923703e-07,8.522377591255287,7.283362404311256,3.18456021168276e-13,3340498.5318243075,24880876.354349017,0.0161213645403511,-0.0007624370048469054,0.29774615021278406,7160604.81190125,9725874.9280738,2322526463644330.0,-3.1060595152069866e-08,10696948.052639188,-7.08181569467193e-08,6924616.26827783,9861881.890448606,3864360199159527.5,2.4848476121655894e-10,10270379.653987573,-2.7333323733821485e-09,7747074.753228955,10242860.45077103,1781734016837351.0,1.79157512837139e-07,10964827.378651526,3.553332085396793e-08,1.3885452288761747e-07,-1.6399994240292887e-08,1.358041880425104e-07,1.6107247668063818e-08,0.014853655086961792
315,3676.579104328934,EVENT_TRANSPORT_RECOVERY,2,11,0.3824999999999974,LEFT,7.268854148569765e-21,1.9519393496172456e-21,7.269621814102956e-21,1.2016900036359455e-07,7.752811711858177e-08,1.201732305742321e-07,1.001334917962105,-8.04631517963672e-08,-1.4327182703342046e-10,8.052936526680185e-08,1.6099251706316906e-07,-1.6399994240292884e-08,1.6259223706594324e-08,3.265921794688721e-08,-1.808201096907687e-07,1.8081873779305027e-07,3.6163884748381897e-07,-0.00011010887571472061,1.3916208146283454e-07,8.522070656385589,7.283504085540834,3.184552430949846e-13,3405335.5945395846,24852169.51795818,0.016134962510200773,-0.0007641865822636262,0.29682413879199776,7156962.332365381,9706195.426530983,2354715118082567.0,-3.1060595152069866e-08,10689342.234496266,-7.330300455888489e-08,6969504.5287948605,9932276.576838467,3791320900792338.0,2.4848476121655894e-10,10354554.152291402,-2.7333323733821485e-09,7746131.975107587,10234928.53598055,1781711817914741.0,1.79157512837139e-07,10946812.878983792,3.553332085396793e-08,1.388439482899522e-07,-1.6399994240292887e-08,1.358067361053077e-07,1.6107015446930272e-08,0.014817104961007965
316,3679.7040460545786,ACTIVE_ONE_B,2,11,0.38874999999999726,LEFT,7.268852229015577e-21,1.9519472326780506e-21,7.269615850596339e-21,1.201689897855436e-07,7.752822148624374e-08,1.2017319771355654e-07,1.0013389619320399,-8.046318203539307e-08,-1.4314162639338798e-10,8.052942310673759e-08,1.6099260514213066e-07,-1.6399994240292884e-08,1.6259223706594324e-08,3.265921794688721e-08,-1.8082011168429556e-07,1.8081873884725987e-07,3.6163885053155543e-07,-0.00011011730421195409,1.39161025875034e-07,8.522006013821137,7.283549605046276,3.1845489706820203e-13,3429310.071439663,24852151.042608418,0.016144675345807685,-0.0007646129112777178,0.2966207918818105,7155709.997872167,9698294.363888368,2350657030809812.0,-3.1060595152069866e-08,10686320.58633432,-7.330300455888489e-08,6984304.155892182,9943161.850327987,3769356477022149.0,2.4848476121655894e-10,10364159.58849875,-2.7333323733821485e-09,7745758.54113772,10231672.897021009,1781702913542108.0,1.79157512837139e-07,10939551.974825718,3.553332085396793e-08,1.3884504141999643e-07,-1.6399994240292887e-08,1.3580748616976005e-07,1.610686169220247e-08,0.014809407256687113
317,3809.2893635972173,EVENT_TRANSPORT_PAUSED,2,11,0.39499999999999713,LEFT,7.268849694855047e-21,1.9519556481312884e-21,7.269609969303633e-21,1.201689758205903e-07,7.752833290219699e-08,1.2017316530588622e-07,1.0013432790165737,-8.046319239330588e-08,-1.4309574178148317e-10,8.052948023854883e-08,1.6099267263185473e-07,-1.6399994240292884e-08,1.6259223706594324e-08,3.265921794688721e-08,-1.8082011368317105e-07,1.8081873990388085e-07,3.6163885358705193e-07,-0.0001101257541695766,1.391609966146362e-07,8.522004221959627,7.283581335107098,3.184544240058073e-13,3463996.4513251847,24854026.60804225,0.016154388181414597,-0.0007650324418984056,0.2966342917417965,7154748.429983012,9690552.069458835,2286645239615606.0,-3.1060595152069866e-08,10683215.368035002,-7.330300455888489e-08,6998622.004826689,9907540.145011716,3769830457934286.0,2.4848476121655894e-10,10303870.570774376,-2.7333323733821485e-09,7745376.885366554,10228426.553484542,1781693989091823.0,1.79157512837139e-07,10932146.00038602,3.553332085396793e-08,1.3884634878349011e-07,-1.6399994240292887e-08,1.358082716150665e-07,1.6106707567909547e-08,0.014809193879940397
318,3814.996859791474,ACTIVE_ONE_B,2,11,0.40374999999999694,LEFT,7.268846750185947e-21,1.951973080355749e-21,7.269595481748271e-21,1.2016895959345064e-07,7.752856369420283e-08,1.201730854750769e-07,1.0013522216586972,-8.046332512551848e-08,-1.4253236066184796e-10,8.052962125460718e-08,1.6099294638012566e-07,-1.6399994240292884e-08,1.6259223706594324e-08,3.265921794688721e-08,-1.808201186797477e-07,1.8081874254331842e-07,3.616388612230661e-07,-0.00011014687152210989,1.391550531741086e-07,8.521640254853173,7.283730116937313,3.1845370035241987e-13,3528337.559134789,24826312.320087936,0.01616798615126427,-0.0007667341199484312,0.2955443857867484,7151176.935509782,9671044.500360766,2348695808458455.0,-3.1060595152069866e-08,10675269.442280179,-7.330300455888489e-08,7047483.194743312,10007295.589246986,3684166396729063.0,2.4848476121655894e-10,10427608.16680602,-2.7333323733821485e-09,7744424.976776162,10220190.040435288,1781671697087215.0,1.79157512837139e-07,10913641.102121284,3.553332085396793e-08,1.3883623058271513e-07,-1.6399994240292887e-08,1.3581082179392828e-07,1.610647541487196e-08,0.014765852295463455
319,3822.8838169332425,ACTIVE_ONE_B,2,11,0.41374999999999673,LEFT,7.268842921507218e-21,1.9519883309608374e-21,7.269584059821912e-21,1.2016893849480706e-07,7.752876560177363e-08,1.2017302253673527e-07,1.001360045141224,-8.046338349804362e-08,-1.4228439234966757e-10,8.052973272410257e-08,1.6099311622214618e-07,-1.6399994240292884e-08,1.6259223706594324e-08,3.265921794688721e-08,-1.8082012269588608e-07,1.8081874466303002e-07,3.616388673589161e-07,-0.00011016384017903391,1.3915314353167635e-07,8.52152331130386,7.283816742687262,3.1845303636517924e-13,3569334.2976403004,24814883.267984044,0.01618352668823533,-0.0007677898944282724,0.29516195294247566,7148694.202325057,9664798.436389714,2340101678722590.0,-3.1060595152069866e-08,10668679.760042183,-7.330300455888489e-08,7072506.303257322,10023421.818206886,3641322196649846.0,2.4848476121655894e-10,10441270.001954656,-2.7333323733821485e-09,7743653.671287594,10204739.824234402,1781653795844619.0,1.79157512837139e-07,10898686.451813223,3.553332085396793e-08,1.388338541282983e-07,-1.6399994240292887e-08,1.3581252849165843e-07,1.6106223834951538e-08,0.014751926535053528
320,3827.3717776918306,EVENT_TRANSPORT_RECOVERY,2,11,0.4187499999999966,LEFT,7.268841284021426e-21,1.9519983364232357e-21,7.269575691845307e-21,1.2016892947113593e-07,7.752889806667473e-08,1.201729764265581e-07,1.0013651778923371,-8.046346570809824e-08,-1.419377665061459e-10,8.05298146062965e-08,1.6099328031439476e-07,-1.6399994240292884e-08,1.6259223706594324e-08,3.265921794688721e-08,-1.8082012571067687e-07,1.8081874625320007e-07,3.6163887196387694e-07,-0.00011017657517120583,1.3914942808502738e-07,8.521295783096967,7.283905594945123,3.1845260680693404e-13,3609855.974276418,24797903.778119575,0.016191296956720856,-0.0007688099270906079,0.294486878005642,7146504.595052246,9698221.49740313,2362217577248508.0,-3.1060595152069866e-08,10663586.061836304,-7.330300455888489e-08,7098948.340574153,10070558.192746552,3596057199438161.0,2.4848476121655894e-10,10508936.674800001,-2.7333323733821485e-09,7743069.84794861,10186759.61309354,1781640367397204.0,1.79157512837139e-07,10887308.442510981,3.553332085396793e-08,1.3882756504720098e-07,-1.6399994240292887e-08,1.3581408549850916e-07,1.6106090088264444e-08,0.01472483223772536
321,3832.057428395577,ACTIVE_ONE_B,2,11,0.4249999999999965,LEFT,7.268838755892854e-21,1.9520064299144e-21,7.269570126482715e-21,1.2016891553940882e-07,7.752900521816364e-08,1.2017294575964407e-07,1.001369329811972,-8.046347469290827e-08,-1.4189998538182376e-10,8.052986913317944e-08,1.609933438260877e-07,-1.6399994240292884e-08,1.6259223706594324e-08,3.265921794688721e-08,-1.808201277298394e-07,1.8081874731773514e-07,3.6163887504757455e-07,-0.00011018510311888718,1.3914962518363435e-07,8.521307853110848,7.283934622799705,3.1845219815904455e-13,3631345.6148388498,24797812.06517795,0.016201009792327768,-0.0007692047294156623,0.29450899505105343,7145614.113848404,9699197.798514858,2334543652405079.0,-3.1060595152069866e-08,10660119.213185161,-7.330300455888489e-08,7111006.294767273,10057972.614758499,3583958149804483.0,2.4848476121655894e-10,10474367.006489253,-2.7333323733821485e-09,7742680.693411807,10174858.815774253,1781631378114665.0,1.79157512837139e-07,10879645.31823477,3.553332085396793e-08,1.3882889104709784e-07,-1.6399994240292887e-08,1.3581482155061145e-07,1.610593664638177e-08,0.01472626954762779
322,3833.6620020757555,EVENT_TRANSPORT_PAUSED,2,11,0.4299999999999964,LEFT,7.26883684279526e-21,1.952013781015997e-21,7.26956468847871e-21,1.2016890499692325e-07,7.7529102540739e-08,1.2017291579450116e-07,1.0013731008895497,-8.046350281664885e-08,-1.4178238726758167e-10,8.052992252738622e-08,1.6099342534403508e-07,-1.6399994240292884e-08,1.6259223706594324e-08,3.265921794688721e-08,-1.808201297494244e-07,1.8081874838211018e-07,3.616388781315346e-07,-0.00011019363179221031,1.3914860010073025e-07,8.521245078619078,7.283975004190468,3.184517620338472e-13,3665590.019378973,24795320.09461196,0.016208780060813294,-0.0007697114624853896,0.2943470121666812,7144656.439049154,9702731.98593962,2300806097552205.0,-3.1060595152069866e-08,10656601.039736494,-7.330300455888489e-08,7130265.13852239,10052905.899728885,3571759840721610.0,2.4848476121655894e-10,10454895.794921385,-2.7333323733821485e-09,7742297.029525443,10163037.300818149,1781622390466355.0,1.79157512837139e-07,10871932.006715383,3.553332085396793e-08,1.3882813746817533e-07,-1.6399994240292887e-08,1.358157302122066e-07,1.610581027253365e-08,0.014718794295359494
323,3843.695771787603,EVENT_TRANSPORT_RECOVERY,2,11,0.4349999999999963,LEFT,7.268835210348133e-21,1.9520235772275983e-21,7.269556524714237e-21,1.201688960010136e-07,7.752923223419209e-08,1.2017287080951744e-07,1.0013781262960726,-8.046358407684203e-08,-1.414412713603393e-10,8.053000275437725e-08,1.6099358683121926e-07,-1.6399994240292884e-08,1.6259223706594324e-08,3.265921794688721e-08,-1.808201327792482e-07,1.8081874997820178e-07,3.6163888275744997e-07,-0.00011020642473402731,1.3914510748638176e-07,8.521031196317661,7.284062315238394,3.18451432551327e-13,3690656.381603011,24775569.98492808,0.016216550329298828,-0.0007707153015081847,0.2936701092922734,7142323.418539352,9737524.376784083,2350466288332759.0,-3.1060595152069866e-08,10651255.179485083,-7.330300455888489e-08,7148771.5323014045,10110703.959216578,3518355997587790.0,2.4848476121655894e-10,10546012.122984925,-2.7333323733821485e-09,7741701.305054308,10155441.834517362,1781608913498503.0,1.79157512837139e-07,10860429.364929728,3.553332085396793e-08,1.3882174501106294e-07,-1.6399994240292887e-08,1.3581722434014916e-07,1.6105677272594583e-08,0.01469332496675646
324,3845.6102944997297,ACTIVE_ONE_B,2,11,0.43999999999999617,LEFT,7.268833299937102e-21,1.9520308138461123e-21,7.269551198506753e-21,1.201688854733294e-07,7.752932804054583e-08,1.2017284146037268e-07,1.0013818386444133,-8.046361172461753e-08,-1.413264760033191e-10,8.053005522514225e-08,1.6099366694975978e-07,-1.6399994240292884e-08,1.6259223706594324e-08,3.265921794688721e-08,-1.808201348059676e-07,1.808187510453991e-07,3.616388858513667e-07,-0.0001102149809426578,1.3914412838991392e-07,8.52097123796413,7.284101813176373,3.1845100772095674e-13,3724161.0649647443,24772906.10121043,0.016224320597784354,-0.0007712133355644024,0.29351275764132223,7141472.759185484,9752118.29412563,2327878059351780.0,-3.1060595152069866e-08,10647589.802428033,-7.330300455888489e-08,7169330.011751286,10113892.667306487,3502094088536103.0,2.4848476121655894e-10,10528813.052598746,-2.7333323733821485e-09,7741309.8748443965,10152309.626088124,1781599902721773.0,1.79157512837139e-07,10852525.465497445,3.553332085396793e-08,1.388210362846074e-07,-1.6399994240292887e-08,1.358181270362667e-07,1.6105550995684712e-08,0.0146861850631812
325,3849.9350883884363,ACTIVE_ONE_B,2,11,0.44499999999999607,LEFT,7.268831391512904e-21,1.952038067769754e-21,7.269545853007309e-21,1.201688749565922e-07,7.752942407576635e-08,1.201728120049085e-07,1.0013855598701964,-8.046363937264554e-08,-1.4121161149224311e-10,8.053010791645856e-08,1.609937472891041e-07,-1.6399994240292884e-08,1.6259223706594324e-08,3.265921794688721e-08,-1.8082013683553073e-07,1.8081875211372622e-07,3.6163888894925695e-07,-0.00011022354814005375,1.3914331153564472e-07,8.52092121507194,7.284141912242239,3.184506897399652e-13,3741753.2477316717,24767010.827491336,0.016232090866269883,-0.0007717127421846826,0.29333995423734205,7140265.849869425,9734865.074743915,2323093001561440.0,-3.1060595152069866e-08,10643892.73176112,-7.330300455888489e-08,7179223.844194925,10118604.183100801,3481620263296991.0,2.4848476121655894e-10,10532292.287439013,-2.7333323733821485e-09,7740910.300518047,10149178.28924334,1781590882685221.0,1.79157512837139e-07,10844751.910664659,3.553332085396793e-08,1.3882004635306303e-07,-1.6399994240292887e-08,1.3581896405388322e-07,1.6105425488844473e-08,0.014680228284754904
326,3851.792556717422,EVENT_TRANSPORT_RECOVERY,2,11,0.44999999999999596,LEFT,7.268829761854179e-21,1.952047535202985e-21,7.269538015232802e-21,1.201688659760441e-07,7.752954941544275e-08,1.20172768816161e-07,1.0013904166150946,-8.04637193317491e-08,-1.4087824129299404e-10,8.053018536195317e-08,1.6099390469370226e-07,-1.6399994240292884e-08,1.6259223706594324e-08,3.265921794688721e-08,-1.8082013988024943e-07,1.8081875371573535e-07,3.616388935959848e-07,-0.00011023639863849688,1.3913975341712174e-07,8.520703321396176,7.284225824530311,3.184502569566472e-13,3781479.6189161567,24750894.31991717,0.01623986113475541,-0.0007726912029750732,0.29269534325066837,7138303.356990919,9709364.62950881,2343055242012697.0,-3.1060595152069866e-08,10638252.367634317,-7.330300455888489e-08,7205504.553915996,10164478.242436266,3437566642331424.0,2.4848476121655894e-10,10598187.135902615,-2.7333323733821485e-09,7740319.468985264,10144418.536125923,1781577357216225.0,1.79157512837139e-07,10832932.224964289,3.553332085396793e-08,1.3881414211108477e-07,-1.6399994240292887e-08,1.358205149546283e-07,1.6105291872397945e-08,0.014654281277490577
327,3854.684693969159,ACTIVE_ONE_B,2,11,0.45499999999999585,LEFT,7.268827854933982e-21,1.9520546188282518e-21,7.269532838527732e-21,1.2016885546759154e-07,7.752964319553792e-08,1.201727402907752e-07,1.001394050478681,-8.04637463405059e-08,-1.407672298149719e-10,8.053023660450528e-08,1.6099398294501116e-07,-1.6399994240292884e-08,1.6259223706594324e-08,3.265921794688721e-08,-1.8082014191688228e-07,1.8081875478688334e-07,3.616388967037656e-07,-0.0001102449931880134,1.3913885711473246e-07,8.520648433223979,7.28426420091482,3.1844985959093205e-13,3811895.1495394018,24747581.32175053,0.016247631403240943,-0.0007731776299189086,0.29254266968389203,7137372.971970826,9692434.738017367,2321119116855501.0,-3.1060595152069866e-08,10634405.923131077,-7.330300455888489e-08,7222858.8088528635,10164271.38920683,3421606520730251.0,2.4848476121655894e-10,10577863.78090434,-2.7333323733821485e-09,7739914.975432781,10141260.774398724,1781568314056265.0,1.79157512837139e-07,10824922.211625658,3.553332085396793e-08,1.3881345990254384e-07,-1.6399994240292887e-08,1.3582139917497554e-07,1.6105165852226166e-08,0.014647745136421975
328,3858.146881536455,EVENT_TRANSPORT_PAUSED,2,11,0.4612499999999957,LEFT,7.26882533091133e-21,1.952062309418223e-21,7.269527671960412e-21,1.2016884155847376e-07,7.752974501098024e-08,1.2017271182123832e-07,1.001397995712061,-8.046375365952462e-08,-1.407394093113671e-10,8.053028779822437e-08,1.60994041457749e-07,-1.6399994240292884e-08,1.6259223706594324e-08,3.265921794688721e-08,-1.8082014395881018e-07,1.8081875586046282e-07,3.61638899819273e-07,-0.00011025360910554838,1.3913918046364615e-07,8.520668234611398,7.284289508232908,3.184494376460237e-13,3831527.603931181,24747858.057099238,0.01625734423884785,-0.000773541357665275,0.2925945125948144,7136439.553657824,9694130.568710888,2281270172362495.0,-3.1060595152069866e-08,10630539.588344913,-7.330300455888489e-08,7231465.068684555,10140298.75254329,3415280342030599.0,2.4848476121655894e-10,10537791.976884125,-2.7333323733821485e-09,7739519.337167491,10138019.207310913,1781559250644297.0,1.79157512837139e-07,10817014.296588419,3.553332085396793e-08,1.3881505064758997e-07,-1.6399994240292887e-08,1.3582212462276182e-07,1.610501267939182e-08,0.014650103106387924
329,3859.5156292423703,EVENT_TRANSPORT_RECOVERY,2,11,0.46499999999999564,LEFT,7.26882432254874e-21,1.9520709147930822e-21,7.269520074948145e-21,1.2016883600169466e-07,7.752985893690958e-08,1.201726699591016e-07,1.0014024102254169,-8.046385215880244e-08,-1.4032957726032886e-10,8.053036324065806e-08,1.609942153994605e-07,-1.6399994240292884e-08,1.6259223706594324e-08,3.265921794688721e-08,-1.808201470158078e-07,1.8081875746708305e-07,3.616389044828909e-07,-0.0001102665063132946,1.391346092819739e-07,8.520388302515064,7.284384373182303,3.184491080854202e-13,3868392.859349003,24726235.67090279,0.016263171940212,-0.0007746226167046899,0.2917555127179082,7134292.395637868,9699371.317722099,2335029523284814.0,-3.1060595152069866e-08,10624629.022210782,-7.330300455888489e-08,7258502.786914987,10213762.036524443,3358380445347567.0,2.4848476121655894e-10,10645862.968503863,-2.7333323733821485e-09,7738917.282101435,10133186.037424328,1781545687688263.0,1.79157512837139e-07,10804943.225053819,3.553332085396793e-08,1.3880685574237312e-07,-1.6399994240292887e-08,1.3582377784812482e-07,1.6104906912379442e-08,0.0146167684989853
330,3863.388141646919,ACTIVE_ONE_B,2,11,0.4712499999999956,LEFT,7.268821800900802e-21,1.9520785110321947e-21,7.269515000356969e-21,1.2016882210565872e-07,7.752995950268625e-08,1.2017264199635183e-07,1.001406307057288,-8.046385908318974e-08,-1.403041243996996e-10,8.053041369155312e-08,1.6099427277474287e-07,-1.6399994240292884e-08,1.6259223706594324e-08,3.265921794688721e-08,-1.8082014906474679e-07,1.8081875854348442e-07,3.6163890760823123e-07,-0.00011027514942374417,1.3913499649148157e-07,8.5204120146265,7.284409145115086,3.184487139174831e-13,3885467.971686121,24725767.25194987,0.01627288477581891,-0.0007749792737832273,0.2918097084935786,7133377.891261918,9702840.499012362,2307005742552994.0,-3.1060595152069866e-08,10620624.185426546,-7.330300455888489e-08,7266503.82458629,10196058.927412711,3347799704771223.0,2.4848476121655894e-10,10606310.304798903,-2.7333323733821485e-09,7738508.768258022,10125779.16670343,1781536601137104.0,1.79157512837139e-07,10796926.801798752,3.553332085396793e-08,1.3880842752696664e-07,-1.6399994240292887e-08,1.3582448707434141e-07,1.610475396365778e-08,0.014619592162065542
331,3865.382119034539,EVENT_TRANSPORT_PAUSED,2,11,0.4762499999999955,LEFT,7.26881989513745e-21,1.9520853715713486e-21,7.269510045581168e-21,1.2016881160357352e-07,7.753005032838761e-08,1.2017261469381358e-07,1.0014098264788378,-8.046388515923125e-08,-1.4019870622520448e-10,8.053046307495015e-08,1.609943482341814e-07,-1.6399994240292884e-08,1.6259223706594324e-08,3.265921794688721e-08,-1.8082015111399297e-07,1.8081875961970916e-07,3.6163891073370213e-07,-0.00011028379289523826,1.391341468405409e-07,8.520359983316867,7.2844453656891,3.18448297135902e-13,3916546.292875029,24723188.271024942,0.016280655044304437,-0.000775448345861296,0.29167865696810646,7132468.15221024,9706259.030119456,2273117665582018.0,-3.1060595152069866e-08,10616555.168508923,-7.330300455888489e-08,7282735.583991274,10187605.554359218,3337277893633560.0,2.4848476121655894e-10,10583511.195369452,-2.7333323733821485e-09,7738107.330542304,10107897.443604184,1781527516348445.0,1.79157512837139e-07,10788737.389298644,3.553332085396793e-08,1.3880793259112902e-07,-1.6399994240292887e-08,1.358253713233463e-07,1.610462800818577e-08,0.014613396219185448
332,3869.9089793375742,EVENT_TRANSPORT_RECOVERY,2,11,0.47999999999999543,LEFT,7.268818272851788e-21,1.9520943810332095e-21,7.269502658404968e-21,1.2016880266364665e-07,7.75301696030476e-08,1.2017257398787998e-07,1.001414448286762,-8.046396318051987e-08,-1.398768485380765e-10,8.053053680425212e-08,1.60994499984772e-07,-1.6399994240292884e-08,1.6259223706594324e-08,3.265921794688721e-08,-1.8082015418808666e-07,1.808187612335415e-07,3.6163891542162816e-07,-0.00011029675732698863,1.391307984061071e-07,8.520154930370452,7.28452567565683,3.184479192421606e-13,3950284.043587858,24701055.496386573,0.016286482745668584,-0.0007765127066572397,0.2910550454381994,7130547.347398778,9711325.341299154,2283250106403102.0,-3.1060595152069866e-08,10610370.151926665,-7.330300455888489e-08,7306401.740563284,10237441.326472733,3289779573372119.0,2.4848476121655894e-10,10647586.88402255,-2.7333323733821485e-09,7737492.570746611,10085837.757137252,1781513893930605.0,1.79157512837139e-07,10776491.499402238,3.553332085396793e-08,1.387998097605135e-07,-1.6399994240292887e-08,1.358270027258298e-07,1.6104522509094016e-08,0.014588978299429067
333,3872.745134544539,ACTIVE_ONE_B,2,11,0.4862499999999953,LEFT,7.268816367700411e-21,1.9521011828283468e-21,7.269497761761209e-21,1.2016879216493048e-07,7.753025965055816e-08,1.2017254700563907e-07,1.001417937572931,-8.046398893988174e-08,-1.397733259049662e-10,8.053058575303852e-08,1.6099457469292026e-07,-1.6399994240292884e-08,1.6259223706594324e-08,3.265921794688721e-08,-1.808201562442659e-07,1.8081876231258135e-07,3.6163891855684724e-07,-0.0001103054277569182,1.3913012425453295e-07,8.520113646370618,7.284561660718741,3.1844758751326623e-13,3968748.7238314226,24701397.632557962,0.016296195581275496,-0.0007768560620224907,0.2909138072711687,7129469.684003706,9714655.243672887,2268117657431638.0,-3.1060595152069866e-08,10606201.677645676,-7.330300455888489e-08,7316585.61441644,10241670.61578354,3270814797031691.0,2.4848476121655894e-10,10650205.816441419,-2.7333323733821485e-09,7737089.737586767,10082827.265332915,1781504786050363.0,1.79157512837139e-07,10768358.817173136,3.553332085396793e-08,1.3880153979264088e-07,-1.6399994240292887e-08,1.3582771637678214e-07,1.6104369567884612e-08,0.014584062157462885
334,3886.458188722934,EVENT_TRANSPORT_RECOVERY,2,11,0.4949999999999953,LEFT,7.268812839097125e-21,1.952116683513611e-21,7.26948578967923e-21,1.2016877271985433e-07,7.753046486003244e-08,1.2017248103517722e-07,1.001425889345311,-8.046409148315352e-08,-1.3935560046906206e-10,8.053070581089141e-08,1.6099479729404494e-07,-1.6399994240292884e-08,1.6259223706594324e-08,3.265921794688721e-08,-1.808201613917656e-07,1.8081876501247954e-07,3.616389264042451e-07,-0.0001103271296898356,1.391263459936879e-07,8.5198822715195,7.284675104022586,3.1844681552109876e-13,4031352.940398208,24676744.458683513,0.01630979355112517,-0.0007783608223865812,0.29017702428970027,7126704.366633377,9722829.043407112,2230834629733805.0,-3.1060595152069866e-08,10595519.639401946,-7.330300455888489e-08,7354600.014776914,10280953.231343038,3213871054693558.0,2.4848476121655894e-10,10689386.39348525,-2.7333323733821485e-09,7736064.100366301,10075310.45811973,1781481998109827.0,1.79157512837139e-07,10747623.104525987,3.553332085396793e-08,1.3879312034804753e-07,-1.6399994240292887e-08,1.3583020943925113e-07,1.6104138431987145e-08,0.01455650979770895
335,3888.87304703426,ACTIVE_ONE_B,2,11,0.5012499999999952,LEFT,7.268810314095095e-21,1.9521239561335803e-21,7.26948104206129e-21,1.2016875880532032e-07,7.753056113995114e-08,1.2017245487408102e-07,1.0014296201622146,-8.046409706853993e-08,-1.39338481540746e-10,8.053075353190797e-08,1.609948506004479e-07,-1.6399994240292884e-08,1.6259223706594324e-08,3.265921794688721e-08,-1.8082016346007744e-07,1.8081876609677216e-07,3.616389295568496e-07,-0.00011033584819886144,1.3912668370718888e-07,8.51990295257203,7.284696761472815,3.184463927272984e-13,4049317.0144582763,24677311.22644119,0.01631950638673208,-0.0007786921101999855,0.29025378207619096,7125829.259622096,9726036.171506269,2189466781962474.0,-3.1060595152069866e-08,10591193.856931152,-7.330300455888489e-08,7361685.248043161,10254689.544412758,3209026792903266.0,2.4848476121655894e-10,10646920.323850531,-2.7333323733821485e-09,7735660.558830701,10072215.523537274,1781472846820643.0,1.79157512837139e-07,10739441.676747726,3.553332085396793e-08,1.3879495553249244e-07,-1.6399994240292887e-08,1.3583091829319078e-07,1.6103985605693215e-08,0.014558972519118196
336,3894.186494637038,EVENT_TRANSPORT_PAUSED,2,11,0.5062499999999951,LEFT,7.268809024502208e-21,1.952129914769284e-21,7.269476373018473e-21,1.2016875169875686e-07,7.753064002426895e-08,1.2017242914595113e-07,1.0014326769119004,-8.046414151496508e-08,-1.391579464726767e-10,8.053080056066856e-08,1.6099494207563363e-07,-1.6399994240292884e-08,1.6259223706594324e-08,3.265921794688721e-08,-1.808201655261025e-07,1.808187671795583e-07,3.616389327056608e-07,-0.00011034455621783401,1.3912500369055325e-07,8.519800070951389,7.284743726422321,3.1844610016251665e-13,4076503.985315008,24674031.027360044,0.01632727665521761,-0.0007791397918786025,0.2899245275817406,7124709.1551033,9729213.842595123,2175232964679739.0,-3.1060595152069866e-08,10586793.981009636,-7.330300455888489e-08,7376927.074716272,10271920.45842962,3185535268962204.0,2.4848476121655894e-10,10664552.161589058,-2.7333323733821485e-09,7735243.860051523,10069187.45156577,1781463708507615.0,1.79157512837139e-07,10731053.071110789,3.553332085396793e-08,1.3879454667483654e-07,-1.6399994240292887e-08,1.3583177283778508e-07,1.6103860079819794e-08,0.014546721267911566
337,3896.585705613462,ACTIVE_ONE_B,2,11,0.511249999999995,LEFT,7.268807395583479e-21,1.95213846459934e-21,7.269469452107147e-21,1.201687427222682e-07,7.753075321223244e-08,1.2017239100918368e-07,1.0014370629310558,-8.046421759581009e-08,-1.3884819136084843e-10,8.053087041232281e-08,1.609950880081329e-07,-1.6399994240292884e-08,1.6259223706594324e-08,3.265921794688721e-08,-1.8082016862897363e-07,1.808187688051801e-07,3.6163893743415373e-07,-0.00011035763283717692,1.3912204681486483e-07,8.519618996457002,7.284819731306712,3.184457179078869e-13,4111254.2433098312,24658271.424124938,0.01633504692370314,-0.0007800469396384013,0.28932879012293095,7123010.849400672,9733902.180001337,2179720614878083.0,-3.1060595152069866e-08,10580136.247993845,-7.330300455888489e-08,7401285.131272085,10321433.742869284,3139085740224196.0,2.4848476121655894e-10,10727841.461273871,-2.7333323733821485e-09,7734630.246755303,10064545.069854124,1781449989349288.0,1.79157512837139e-07,10718529.56154834,3.553332085396793e-08,1.3878916915098343e-07,-1.6399994240292887e-08,1.3583327854054498e-07,1.6103727116183908e-08,0.014525158727352494
338,3900.8232827046904,EVENT_TRANSPORT_PAUSED,2,11,0.5174999999999949,LEFT,7.26880486618494e-21,1.9521455992074106e-21,7.269464846897616e-21,1.201687287834994e-07,7.753084766435487e-08,1.201723656327716e-07,1.0014407229485602,-8.046422259936046e-08,-1.3883485082849722e-10,8.053091695941389e-08,1.6099513955877434e-07,-1.6399994240292884e-08,1.6259223706594324e-08,3.265921794688721e-08,-1.808201707068169e-07,1.8081876989340774e-07,3.6163894060022467e-07,-0.00011036638858774594,1.3912243422018204e-07,8.51964272055951,7.28484013046338,3.184452990465441e-13,4127843.3649574043,24658692.746968336,0.01634475975931005,-0.000780367389498382,0.2894131479007095,7122136.000446708,9734945.73883739,2139096774231983.0,-3.1060595152069866e-08,10575654.429350214,-7.330300455888489e-08,7407306.370408795,10294033.368410243,3134900430134595.0,2.4848476121655894e-10,10684282.44626376,-2.7333323733821485e-09,7734221.866611441,10060526.958939157,1781440805760348.0,1.79157512837139e-07,10710223.471706284,3.553332085396793e-08,1.387910736794329e-07,-1.6399994240292887e-08,1.3583397472844776e-07,1.6103574509566646e-08,0.014527983818342083
339,3904.784668988233,ACTIVE_ONE_B,2,11,0.5262499999999947,LEFT,7.268801941245578e-21,1.952159766868735e-21,7.269453604175653e-21,1.201687126650178e-07,7.75310352234753e-08,1.2017230368115987e-07,1.0014479908864664,-8.046434163596408e-08,-1.3835386832447155e-10,8.053103098065995e-08,1.6099537261662402e-07,-1.6399994240292884e-08,1.6259223706594324e-08,3.265921794688721e-08,-1.8082017589934658e-07,1.8081877261161718e-07,3.6163894851096373e-07,-0.0001103882656903199,1.391179155322348e-07,8.519366003097714,7.284960037343234,3.184446485413615e-13,4186836.1947647026,24634352.832431473,0.016358357729159726,-0.0007818161271497814,0.2885051805199805,7119401.835116243,9724608.259361282,2130780746147250.0,-3.1060595152069866e-08,10564194.600103457,-7.330300455888489e-08,7445085.417730107,10359296.088835213,3066027325012302.0,2.4848476121655894e-10,10764517.406026773,-2.7333323733821485e-09,7733183.161733959,10041926.601137968,1781417867819526.0,1.79157512837139e-07,10689028.624687878,3.553332085396793e-08,1.387830790648906e-07,-1.6399994240292887e-08,1.35836429893763e-07,1.6103343939717902e-08,0.014495032012989295
340,3906.311114922424,EVENT_TRANSPORT_PAUSED,2,11,0.5299999999999946,LEFT,7.268800367119439e-21,1.9521635773319094e-21,7.26945136783862e-21,1.201687039904693e-07,7.753108566828133e-08,1.2017229135809702e-07,1.0014499456346153,-8.046433406992321e-08,-1.3839022045050306e-10,8.053105370837305e-08,1.6099538777829624e-07,-1.6399994240292884e-08,1.6259223706594324e-08,3.265921794688721e-08,-1.8082017694391102e-07,1.8081877315821625e-07,3.616389501021273e-07,-0.00011039266604373488,1.391186019895025e-07,8.519408040679192,7.2849630829207035,3.1844438404353676e-13,4196093.314147856,24637504.037172385,0.01636418543052387,-0.0007819103753610168,0.2886573228472919,7119074.627185302,9722561.99051045,2097174046736400.0,-3.1060595152069866e-08,10561877.815858645,-7.330300455888489e-08,7447133.284814278,10330916.584565183,3071288172649974.0,2.4848476121655894e-10,10720275.757622184,-2.7333323733821485e-09,7732980.460732373,10038391.57846987,1781413255467770.0,1.79157512837139e-07,10684809.45389399,3.553332085396793e-08,1.387852900433189e-07,-1.6399994240292887e-08,1.358367191836419e-07,1.6103253882255753e-08,0.01450003789224752
341,3919.3374521722744,ACTIVE_ONE_B,2,11,0.5524999999999941,LEFT,7.268792383830778e-21,1.952195436808853e-21,7.269427491650336e-21,1.2016865999688232e-07,7.753150743730856e-08,1.2017215979111206e-07,1.0014662893835837,-8.046454059581282e-08,-1.375702910180554e-10,8.053129760252724e-08,1.6099583819834006e-07,-1.6399994240292884e-08,1.6259223706594324e-08,3.265921794688721e-08,-1.808201884400125e-07,1.8081877916937842e-07,3.6163896760939093e-07,-0.000110441082278534,1.3911164543638679e-07,8.518982032124606,7.285185494166939,3.184428652081948e-13,4306276.399408344,24595233.107405603,0.016399151638708753,-0.0007847102830984554,0.2872764312405807,7113412.7828918835,9699769.935783133,2051176436185531.0,-3.1060595152069866e-08,10535609.5616699,-7.330300455888489e-08,7512401.368550796,10412343.176109392,3059187857200050.0,7.454542836496768e-10,10814883.117373224,-2.7333323733821485e-09,7730685.229553137,10004123.761666436,1781362535767119.0,1.79157512837139e-07,10637730.339064661,3.553332085396793e-08,1.3877413997875374e-07,-1.6399994240292887e-08,1.3584168426408822e-07,1.610267667726639e-08,0.014449308347106893
342,3925.7829527426834,EVENT_TRANSPORT_PAUSED,2,11,0.5624999999999939,LEFT,7.268788594904795e-21,1.952207643050401e-21,7.26941907433477e-21,1.2016863911719956e-07,7.7531669027403e-08,1.2017211340839565e-07,1.0014725511231615,-8.046458591052511e-08,-1.3739948679477644e-10,8.053138413657464e-08,1.6099597004709976e-07,-1.6399994240292884e-08,1.6259223706594324e-08,3.265921794688721e-08,-1.8082019264387247e-07,1.8081878136555573e-07,3.616389740094282e-07,-0.00011045878154392064,1.391106140628481e-07,8.518918872404104,7.285244915024169,3.1844218337074296e-13,4345706.7103203125,24587674.756032333,0.016414692175679813,-0.0007855298833079338,0.28706914081890894,7111597.699166087,9691501.444196288,2001173904912136.0,-3.155756467450299e-08,10525742.018947612,-7.330300455888489e-08,7531378.067621616,10398241.254921459,3080072094121843.0,7.454542836496768e-10,10784922.64089196,-2.7333323733821485e-09,7729851.016884603,9998189.888507394,1781344007177373.0,1.79157512837139e-07,10620531.616057709,3.553332085396793e-08,1.3877371539044915e-07,-1.6399994240292887e-08,1.3584329690541424e-07,1.610242706337365e-08,0.014441787221397773
343,3927.510142303342,EVENT_TRANSPORT_RECOVERY,2,11,0.5662499999999938,LEFT,7.268787616026129e-21,1.9522148258462673e-21,7.269412870417571e-21,1.201686337228792e-07,7.753176411521649e-08,1.201720792223511e-07,1.001476235860759,-8.046467797692442e-08,-1.370267108393872e-10,8.053144811177123e-08,1.6099612608869565e-07,-1.6399994240292884e-08,1.6259223706594324e-08,3.265921794688721e-08,-1.808201957959381e-07,1.8081878301160293e-07,3.6163897880754104e-07,-0.00011047205069680821,1.3910693927206904e-07,8.51869383389981,7.285327527582961,3.1844197110503125e-13,4374981.896440215,24566480.10983292,0.016420519877043956,-0.0007864998713844606,0.2863660116136429,7109797.93947853,9677259.742004126,2022675454914832.0,-3.1060595152069866e-08,10518227.470486123,-7.330300455888489e-08,7552899.169558835,10465153.415153295,3103766766697832.0,7.454542836496768e-10,10887848.873933133,-2.7333323733821485e-09,7729220.66889906,9993744.289387332,1781330120528618.0,1.79157512837139e-07,10607468.304501006,3.553332085396793e-08,1.387662809254497e-07,-1.639999424029289e-08,1.3584485695628333e-07,1.610232248333869e-08,0.014414989400464151
344,3929.9952232748483,ACTIVE_ONE_B,2,11,0.5712499999999937,LEFT,7.268785727941096e-21,1.9522208013278e-21,7.26940878302107e-21,1.201686233181813e-07,7.753184322009535e-08,1.2017205669916446e-07,1.001479301252269,-8.046470006594775e-08,-1.3694439716103316e-10,8.053149037163872e-08,1.6099619043758645e-07,-1.6399994240292884e-08,1.6259223706594324e-08,3.265921794688721e-08,-1.808201979056696e-07,1.8081878411302716e-07,3.616389820186968e-07,-0.00011048093112919766,1.391064017494595e-07,8.518660916846473,7.285356157598159,3.1844160394558187e-13,4400543.943469891,24563767.556943044,0.016428290145529486,-0.0007868998779108072,0.28627162193631833,7109086.09444834,9664253.75004348,2016450515200775.0,-3.155756467450299e-08,10513154.473071204,-7.330300455888489e-08,7566475.199531088,10459653.324455133,3114715532807022.5,7.454542836496768e-10,10861996.4489671,-2.7333323733821485e-09,7728799.428338526,9990736.385643592,1781320828815082.0,1.79157512837139e-07,10598760.892458895,3.553332085396793e-08,1.3876621263614574e-07,-1.639999424029289e-08,1.3584567803642107e-07,1.6102197536446014e-08,0.014411069603255555
345,3938.842923244322,EVENT_TRANSPORT_PAUSED,2,11,0.5774999999999936,LEFT,7.268783222392725e-21,1.952227402364833e-21,7.269404687532409e-21,1.2016860951081628e-07,7.753193060604254e-08,1.2017203413137835e-07,1.001482687550556,-8.046470255475997e-08,-1.3694482799984877e-10,8.05315327468915e-08,1.609962353016515e-07,-1.6399994240292884e-08,1.6259223706594324e-08,3.265921794688721e-08,-1.8082020002055165e-07,1.8081878521690178e-07,3.6163898523745343e-07,-0.00011048983258188372,1.3910694681394278e-07,8.518694295752494,7.285371947353381,3.184411991929918e-13,4414981.898874192,24564337.102900714,0.016438002981136395,-0.0007871787625750581,0.2863546375157066,7108275.494837139,9651335.018163085,1998568023438125.0,-3.155756467450299e-08,10508071.618895305,-7.330300455888489e-08,7570341.272903364,10429960.104762416,3120559936518255.5,7.454542836496768e-10,10815940.699824123,-2.7333323733821485e-09,7728383.934721372,9987685.787772492,1781311516668157.0,1.79157512837139e-07,10592433.656246841,3.6030290376401046e-08,1.3876837383366488e-07,-1.639999424029289e-08,1.3584633553795606e-07,1.6102045630392547e-08,0.01441504439836594
346,3944.4975991332067,EVENT_TRANSPORT_RECOVERY,2,11,0.5849999999999934,LEFT,7.268780994508704e-21,1.952239624269457e-21,7.269394693511805e-21,1.2016859723357795e-07,7.753209240172314e-08,1.2017197906027844e-07,1.0014889573252117,-8.04648347101132e-08,-1.364153238398464e-10,8.053163655366454e-08,1.6099647126377774e-07,-1.6399994240292884e-08,1.6259223706594324e-08,3.265921794688721e-08,-1.8082020530229958e-07,1.808187879727281e-07,3.616389932750277e-07,-0.00011051206044632167,1.391018518340957e-07,8.51838228706598,7.285493768652059,3.18440751453701e-13,4467419.402566221,24535374.328963276,0.01644965838386469,-0.0007886455538341774,0.2853857384407017,7105682.968161744,9619319.305602198,2011925637994591.0,-3.155756467450299e-08,10523310.420780802,-3.006665610720363e-08,7605852.648638096,10512670.34282825,3159159351211445.0,7.454542836496768e-10,10935460.413312485,-2.7333323733821485e-09,7727330.878342189,9980093.046052428,1781288269895494.0,1.79157512837139e-07,10578541.21809969,3.6030290376401046e-08,1.3875861403081634e-07,-1.639999424029289e-08,1.3584880555878565e-07,1.610184400491841e-08,0.014377890076988198
347,3947.6617677032127,ACTIVE_ONE_B,2,11,0.5912499999999933,LEFT,7.268778496938321e-21,1.9522461031534963e-21,7.26939071219815e-21,1.201685834701714e-07,7.753217817003321e-08,1.2017195712161419e-07,1.001492280959637,-8.046483661667348e-08,-1.3641884089475603e-10,8.053167800237375e-08,1.6099651461904723e-07,-1.6399994240292884e-08,1.6259223706594324e-08,3.265921794688721e-08,-1.8082020742615433e-07,1.8081878908048438e-07,3.6163899650663874e-07,-0.00011052099744768284,1.391024275441284e-07,8.518417542658055,7.2855086635941575,3.184403471657975e-13,4482090.794276779,24536135.149936657,0.0164593712194716,-0.000788915059501738,0.28547514228408166,7105016.74236332,9612113.642381757,2009723260913142.0,-3.155756467450299e-08,10489950.116391517,-7.330300455888489e-08,7612258.402822697,10492234.546664212,3162266122329228.0,7.454542836496768e-10,10892463.862311414,-2.7333323733821485e-09,7726914.906133577,9976987.770269455,1781278925827359.0,1.79157512837139e-07,10573032.605300402,3.6030290376401046e-08,1.387608454935326e-07,-1.639999424029289e-08,1.3584945423845957e-07,1.6101692255024053e-08,0.01438208834984045
348,3949.6658647663385,EVENT_TRANSPORT_PAUSED,2,11,0.5962499999999932,LEFT,7.268776620517683e-21,1.9522518667772262e-21,7.269386824995058e-21,1.20168573129744e-07,7.753225446947474e-08,1.2017193570152984e-07,1.001495237669176,-8.046485769548083e-08,-1.363419056753564e-10,8.053171861431144e-08,1.609965763097923e-07,-1.6399994240292884e-08,1.6259223706594324e-08,3.265921794688721e-08,-1.8082020954997695e-07,1.8081879018800447e-07,3.6163899973798145e-07,-0.00011052993370697095,1.391019147971645e-07,8.518386142826943,7.285535416852358,3.1843996568558253e-13,4508420.184209134,24534188.809092514,0.016467141487957127,-0.0007892985424231558,0.2853934640818191,7104339.147733511,9614568.666790996,1997292954579974.0,-3.155756467450299e-08,10484701.967781054,-7.330300455888489e-08,7625162.683373706,10479099.926360974,3176079356096398.0,7.454542836496768e-10,10864706.007475253,-2.7333323733821485e-09,7726499.8092245795,9973897.816314565,1781269583983705.0,1.79157512837139e-07,10567421.954455622,3.6030290376401046e-08,1.387609408801772e-07,-1.639999424029289e-08,1.358502658827836e-07,1.610156749754065e-08,0.01437834922504444
349,3958.2582748662044,ACTIVE_ONE_B,2,11,0.5999999999999931,LEFT,7.268775367992756e-21,1.9522570461291605e-21,7.26938289816805e-21,1.201685662274297e-07,7.753232303413825e-08,1.201719140630937e-07,1.0014978946502677,-8.046489834269951e-08,-1.361819995510966e-10,8.053175962026606e-08,1.6099665796296557e-07,-1.6399994240292884e-08,1.6259223706594324e-08,3.265921794688721e-08,-1.808202116737485e-07,1.8081879129528326e-07,3.6163900296903177e-07,-0.0001105388691575726,1.3910061104614137e-07,8.51830630313052,7.2855760652116475,3.1843980719773037e-13,4517687.03139991,24523585.041691557,0.016472969189321274,-0.0007898061160864778,0.2851128784272714,7103261.683535332,9616993.602826191,2006831906076948.0,-3.155756467450299e-08,10479435.310250875,-7.330300455888489e-08,7632646.633722088,10507110.612701626,3183390535055946.0,7.454542836496768e-10,10906510.92527226,-2.7333323733821485e-09,7726074.70698235,9970816.0726443,1781260244405402.0,1.79157512837139e-07,10561892.980121788,3.6030290376401046e-08,1.3875831317875262e-07,-1.639999424029289e-08,1.3585112656849092e-07,1.6101471037135983e-08,0.014368841830321832
350,3961.947044472963,EVENT_TRANSPORT_RECOVERY,2,11,0.604999999999993,LEFT,7.268773803570568e-21,1.9522643788372876e-21,7.26937712988211e-21,1.201685576063358e-07,7.753242010489106e-08,1.2017188227744535e-07,1.0015016562920893,-8.046496856289227e-08,-1.3590369231408749e-10,8.053182006403349e-08,1.6099678862692574e-07,-1.6399994240292884e-08,1.6259223706594324e-08,3.265921794688721e-08,-1.8082021486282684e-07,1.8081879295759204e-07,3.6163900782041885e-07,-0.00011055228564016417,1.3909802550909616e-07,8.518147968840372,7.285642098801785,3.184395277200221e-13,4545413.030141493,24508347.42594824,0.016480739457806804,-0.0007906183513282095,0.2846161829829216,7101805.589102927,9620588.054669518,2004164693273183.0,-3.155756467450299e-08,10518500.931019267,-3.006665610720363e-08,7651179.038482181,10544024.503449125,3205506995116728.0,7.454542836496768e-10,10964305.295889976,-2.7333323733821485e-09,7725445.740857889,9966150.301142316,1781246223737670.0,1.79157512837139e-07,10553366.519418906,3.6030290376401046e-08,1.3875348098813698e-07,-1.639999424029289e-08,1.3585252779925939e-07,1.6101339502104603e-08,0.014349987217115334
351,3963.8863665432636,ACTIVE_ONE_B,2,11,0.6099999999999929,LEFT,7.268771937959892e-21,1.9522700313288393e-21,7.269373343001235e-21,1.2016854732547463e-07,7.753249493268786e-08,1.201718614101517e-07,1.0015045559913887,-8.046498907771857e-08,-1.3582954353540848e-10,8.053185986886935e-08,1.6099684894658793e-07,-1.6399994240292884e-08,1.6259223706594324e-08,3.265921794688721e-08,-1.8082021699545969e-07,1.8081879406897153e-07,3.616390110644312e-07,-0.00011056125693720276,1.3909754537770367e-07,8.518118566336414,7.2856681117568645,3.1843915375082006e-13,4571472.96036438,24506527.897391878,0.016488509726292334,-0.0007909933113041667,0.2845397161483585,7101263.371628072,9622955.521506028,2007328421873612.0,-3.155756467450299e-08,10487166.188986398,-3.006665610720363e-08,7666313.451640579,10539727.897276243,3216488788646349.0,7.454542836496768e-10,10939237.615064451,-2.7333323733821485e-09,7725030.649971322,9963007.416349122,1781236850142265.0,1.79157512837139e-07,10547648.465153603,3.6030290376401046e-08,1.3875362551365122e-07,-1.639999424029289e-08,1.358533276378987e-07,1.610121492219858e-08,0.014346485936129971
352,3969.749810732592,EVENT_TRANSPORT_PAUSED,2,11,0.6162499999999927,LEFT,7.268769456686169e-21,1.9522762895547828e-21,7.269369566049015e-21,1.2016853365186303e-07,7.753257777904022e-08,1.2017184059756184e-07,1.0015077664293375,-8.04649899747012e-08,-1.358382604836906e-10,8.053189962135289e-08,1.6099688959605408e-07,-1.6399994240292884e-08,1.6259223706594324e-08,3.265921794688721e-08,-1.8082021913318407e-07,1.808187951828035e-07,3.6163901431598757e-07,-0.00011057024909733038,1.3909806653615247e-07,8.518150481273853,7.2856811900747065,3.184386902828079e-13,4596479.485468221,24509354.979289692,0.016498222561899242,-0.000791245997116885,0.2846473336809938,7100599.4873389555,9625299.022402678,1976001914868615.0,-3.155756467450299e-08,10460669.19064582,-7.330300455888489e-08,7672791.135122045,10492867.784327967,3230213877150619.0,7.454542836496768e-10,10866917.639739249,-2.7333323733821485e-09,7724609.820481238,9959862.574905343,1781227456089581.0,1.79157512837139e-07,10541962.787853735,3.6030290376401046e-08,1.3875614274532199e-07,-1.639999424029289e-08,1.3585399269390193e-07,1.6101063097032842e-08,0.014350286400327317
353,3981.130776636127,EVENT_TRANSPORT_RECOVERY,2,11,0.6237499999999927,LEFT,7.268767300389445e-21,1.952287816195343e-21,7.269360195705178e-21,1.2016852176910706e-07,7.7532730368166e-08,1.201717889630086e-07,1.0015136795370791,-8.046511846648238e-08,-1.3532656356915912e-10,8.053199843489192e-08,1.6099711690137429e-07,-1.6399994240292884e-08,1.6259223706594324e-08,3.265921794688721e-08,-1.8082022447147722e-07,1.8081879796339963e-07,3.6163902243487683e-07,-0.00011059270183788605,1.3909329141382905e-07,8.517858060167434,7.285798333350026,3.184383824860763e-13,4631556.733045148,24479036.9077467,0.016509877964627537,-0.0007926589758093794,0.2837014789612029,7098174.236278214,9629695.729549203,2001475232487576.0,-3.155756467450299e-08,10525867.596405426,-3.006665610720363e-08,7703672.222699842,10589652.305505173,3258664407083982.0,7.454542836496768e-10,11009194.000782704,-2.7333323733821485e-09,7723564.747947436,9951949.122204486,1781204005536281.0,1.79157512837139e-07,10527575.544925282,3.6030290376401046e-08,1.3874645659310428e-07,-1.639999424029289e-08,1.3585633668965128e-07,1.6100863063648867e-08,0.014315464588515292
354,3986.0933658684135,ACTIVE_ONE_B,2,11,0.6299999999999926,LEFT,7.268764834835116e-21,1.9522940273159056e-21,7.269356450138946e-21,1.2016850818211493e-07,7.753281259043896e-08,1.2017176832334385e-07,1.001516865810208,-8.046511898116901e-08,-1.3533669500729954e-10,8.053203800708586e-08,1.6099715698825487e-07,-1.6399994240292884e-08,1.6259223706594324e-08,3.265921794688721e-08,-1.8082022661786792e-07,1.8081879908107658e-07,3.616390256989445e-07,-0.00011060172859767015,1.3909398154521435e-07,8.51790032274619,7.285811662155339,3.184380148999446e-13,4642653.751731337,24479220.566809252,0.01651959080023445,-0.0007929081644699743,0.283801161844119,7097441.332609901,9625582.342620078,1999436139441475.0,-3.155756467450299e-08,10477681.15350336,-3.006665610720363e-08,7706759.544742072,10565866.621868111,3260213530746160.0,7.454542836496768e-10,10963292.781183096,-2.7333323733821485e-09,7723142.311717032,9948752.411102727,1781194579839390.0,1.79157512837139e-07,10521893.839378957,3.6030290376401046e-08,1.387487441340739e-07,-1.639999424029289e-08,1.3585693787244018e-07,1.6100712035645516e-08,0.014320497260684961
355,3988.327114116759,EVENT_TRANSPORT_PAUSED,2,11,0.6349999999999925,LEFT,7.268762992843738e-21,1.9522995188210327e-21,7.269352800625197e-21,1.2016849803140478e-07,7.753288528636022e-08,1.2017174821296238e-07,1.0015196829242936,-8.046513863105189e-08,-1.352664072801299e-10,8.053207671783422e-08,1.6099721534888613e-07,-1.6399994240292884e-08,1.6259223706594324e-08,3.265921794688721e-08,-1.8082022876411076e-07,1.808188001984944e-07,3.6163902896260516e-07,-0.00011061075423213218,1.390935559299572e-07,8.517874258726051,7.28583675633484,3.18437660609192e-13,4667070.766675368,24477266.003113672,0.01652736106871998,-0.0007932709466886845,0.2837306693881142,7096794.5112266205,9621553.429493845,1987250037276039.0,-3.155756467450299e-08,10443508.415754959,-3.006665610720363e-08,7718301.693323016,10551599.410903728,3273443679038482.0,7.454542836496768e-10,10934586.603028327,-2.7333323733821485e-09,7722727.2039955,9945555.126573248,1781185156548799.0,1.79157512837139e-07,10516019.857260732,3.6030290376401046e-08,1.3874893161878984e-07,-1.639999424029289e-08,1.3585771052165565e-07,1.6100587853481046e-08,0.014317393529851508
356,3998.365755808156,EVENT_TRANSPORT_RECOVERY,2,11,0.6437499999999923,LEFT,7.268760273700894e-21,1.9523113432514577e-21,7.269343695337615e-21,1.2016848304694995e-07,7.753304181636462e-08,1.2017169803890453e-07,1.0015257487967153,-8.046524583823719e-08,-1.3484459077171825e-10,8.053217343633175e-08,1.6099741927456894e-07,-1.6399994240292884e-08,1.6259223706594324e-08,3.265921794688721e-08,-1.8082023413254187e-07,1.8081880299274143e-07,3.6163903712528327e-07,-0.00011063332807048631,1.3908986950095253e-07,8.51764850751482,7.285939279527654,3.184372954569652e-13,4699475.904657975,24451841.797580905,0.016540959038569652,-0.0007945385925336446,0.28297989215134084,7094424.00899507,9611440.909919174,1993920751620174.0,-3.155756467450299e-08,10514805.604553761,-3.006665610720363e-08,7742023.33657024,10613850.678722886,3301524887037870.0,7.454542836496768e-10,11031515.405141564,-2.7333323733821485e-09,7721683.672550203,9937499.596971339,1781161593359115.0,1.79157512837139e-07,10501483.793148912,3.6030290376401046e-08,1.3874173416354695e-07,-1.639999424029289e-08,1.3585988462222887e-07,1.610036105806019e-08,0.014290510839029213
357,4183.213961391722,ACTIVE_ONE_B,2,11,0.6487499999999922,LEFT,7.268758452950997e-21,1.9523167531539362e-21,7.269340106185032e-21,1.2016847301329163e-07,7.753311343161682e-08,1.201716782611158e-07,1.0015285240490588,-8.046526502006459e-08,-1.3477601023976524e-10,8.053221169477432e-08,1.6099747671483893e-07,-1.6399994240292884e-08,1.6259223706594324e-08,3.265921794688721e-08,-1.8082023628728354e-07,1.8081880411397909e-07,3.616390404012626e-07,-0.00011064238777214186,1.3908950646576427e-07,8.517626275801321,7.285964353725979,3.1843697873156555e-13,4721422.497725807,24449184.696426183,0.01654872930705518,-0.000794895653589256,0.28290905791243476,7093797.75365081,9609460.51609563,1998189994614680.0,-3.155756467450299e-08,10481013.532863436,-3.006665610720363e-08,7753125.601299725,10606357.550304933,3311399669800860.0,7.454542836496768e-10,11004003.180417277,-2.7333323733821485e-09,7721261.754611963,9934279.027136905,1781152138623019.0,1.79157512837139e-07,10495557.510220218,3.6030290376401046e-08,1.3874186809806064e-07,-1.639999424029289e-08,1.3586063331281723e-07,1.6100237201004738e-08,0.014287863463286588
358,4185.915842897456,ACTIVE_ONE_B,2,11,0.6537499999999921,LEFT,7.268756637735435e-21,1.9523221620833515e-21,7.269336512471181e-21,1.2016846301012983e-07,7.753318503385554e-08,1.2017165845818598e-07,1.001531298802226,-8.046528409232806e-08,-1.3470769037178505e-10,8.05322500227716e-08,1.6099753411509965e-07,-1.6399994240292884e-08,1.6259223706594324e-08,3.265921794688721e-08,-1.808202384444333e-07,1.8081880523630616e-07,3.6163904368073944e-07,-0.0001106514571460604,1.3908924455137252e-07,8.517610236569016,7.285989507508708,3.184367175144114e-13,4731952.108214968,24444832.286815785,0.016556499575540708,-0.0007952524659393667,0.2828316811572468,7092976.21151828,9605631.673357258,1993836022636285.0,-3.155756467450299e-08,10472881.578852294,-3.006665610720363e-08,7758696.857159404,10605261.786867382,3317507205796631.0,7.454542836496768e-10,11001506.338995831,-2.7333323733821485e-09,7720851.33065736,9928792.893007316,1781142674917009.0,1.79157512837139e-07,10489725.080713741,3.6030290376401046e-08,1.3874185707435715e-07,-1.639999424029289e-08,1.3586134052516018e-07,1.610011384597173e-08,0.014285953494694636
359,4192.3848560465385,EVENT_TRANSPORT_RECOVERY,2,11,0.6624999999999919,LEFT,7.268753991027959e-21,1.9523335997754312e-21,7.269327721486577e-21,1.2016844842483811e-07,7.753333644311606e-08,1.201716100160013e-07,1.0015371662798516,-8.046538932238931e-08,-1.3429377053262943e-10,8.053234417103698e-08,1.609977334934263e-07,-1.6399994240292884e-08,1.6259223706594324e-08,3.265921794688721e-08,-1.8082024383989395e-07,1.8081880804278138e-07,3.616390518826753e-07,-0.0001106741395515698,1.39085522400533e-07,8.517382297807863,7.2860898110409495,3.1843631617828957e-13,4774501.143103078,24422063.919663772,0.016570097545390385,-0.00079649184444186,0.28210237295663554,7090838.508888022,9593523.577968573,1993099899724818.0,-3.155756467450299e-08,10517250.816031694,-3.006665610720363e-08,7786881.46990599,10652998.4879744,3352336305230744.0,7.454542836496768e-10,11071118.253962211,-2.7333323733821485e-09,7719815.530783548,9901397.85607687,1781119011049914.0,1.79157512837139e-07,10474920.806007724,3.6030290376401046e-08,1.3873495549367142e-07,-1.639999424029289e-08,1.3586352494969368e-07,1.6099887027226404e-08,0.014258810308134695
360,4196.523264290386,ACTIVE_ONE_B,2,11,0.6687499999999917,LEFT,7.268751581636026e-21,1.9523395481028796e-21,7.26932418255106e-21,1.2016843514732532e-07,7.753341518532915e-08,1.201715905149019e-07,1.001540217741455,-8.0465388416097e-08,-1.3430938847772388e-10,8.053238210124481e-08,1.6099777051734182e-07,-1.6399994240292884e-08,1.6259223706594324e-08,3.265921794688721e-08,-1.8082024600801396e-07,1.8081880917027418e-07,3.616390551782881e-07,-0.00011068325354934849,1.3908628587003083e-07,8.517429051499215,7.286101986116073,3.1843596612400104e-13,4784764.749804381,24422278.820569873,0.016579810380997297,-0.0007967219930526959,0.2822108817341126,7090113.69668619,9589535.686296618,1991713772365987.0,-3.155756467450299e-08,10468726.748872748,-3.006665610720363e-08,7788852.319255966,10628558.960507333,3353618200603001.0,7.454542836496768e-10,11024807.96852812,-2.7333323733821485e-09,7719397.600623647,9896728.904136641,1781109504539204.0,1.79157512837139e-07,10469054.64898276,3.6030290376401046e-08,1.387373285001913e-07,-1.639999424029289e-08,1.3586409285311228e-07,1.609973656753388e-08,0.014264377786699312
361,4209.617408516469,ACTIVE_ONE_B,2,11,0.6737499999999916,LEFT,7.268749799931635e-21,1.9523448363727714e-21,7.26932067598556e-21,1.2016842532882836e-07,7.75334851897597e-08,1.2017157119216933e-07,1.0015429305969026,-8.046540680947674e-08,-1.3424336005280247e-10,8.05324197537158e-08,1.6099782656319255e-07,-1.6399994240292884e-08,1.6259223706594324e-08,3.265921794688721e-08,-1.8082024817586876e-07,1.808188102974835e-07,3.6163905847335226e-07,-0.0001106923660298964,1.3908607192219682e-07,8.517415949664729,7.286126887553593,3.184357315968136e-13,4793868.266684642,24417597.57474003,0.016587580649482823,-0.0007970703860988859,0.2821353854149982,7089264.196308141,9585586.554994857,1988279256149806.0,-3.155756467450299e-08,10460145.6597083,-3.006665610720363e-08,7792779.475444567,10626671.238589287,3359609056414033.0,7.454542836496768e-10,11021937.935706643,-2.7333323733821485e-09,7718984.298596532,9893721.311406048,1781100000632548.0,1.79157512837139e-07,10463091.815716518,3.6030290376401046e-08,1.3873730726476837e-07,-1.639999424029289e-08,1.3586477819947e-07,1.6099613542282164e-08,0.01426281760651782
362,4215.0827494149235,EVENT_TRANSPORT_RECOVERY,2,11,0.6824999999999914,LEFT,7.26874724065871e-21,1.9523559283728123e-21,7.269312143258445e-21,1.2016841122535608e-07,7.753363202170867e-08,1.2017152417302908e-07,1.0015486207362778,-8.046551014437525e-08,-1.338360351289611e-10,8.053251183831241e-08,1.6099802198268765e-07,-1.6399994240292884e-08,1.6259223706594324e-08,3.265921794688721e-08,-1.8082025359785257e-07,1.8081881311611782e-07,3.616390667139704e-07,-0.00011071515541116739,1.390824305805256e-07,8.517192959532071,7.286225775816037,3.1843536021512954e-13,4834839.478652617,24395167.881120637,0.0166011786193325,-0.000798285155654499,0.2814163787811306,7087220.375809065,9575890.226874119,1987711812758860.0,-3.155756467450299e-08,10504174.984310692,-3.006665610720363e-08,7820433.055242955,10673771.333940728,3394294201135608.0,7.454542836496768e-10,11090948.882668987,-2.7333323733821485e-09,7717958.803570914,9886163.837223189,1781076236640870.0,1.79157512837139e-07,10448194.562605342,3.6030290376401046e-08,1.3873050363981745e-07,-1.639999424029289e-08,1.3586692964032053e-07,1.609938721621116e-08,0.014236263707825492
363,4217.433875939385,ACTIVE_ONE_B,2,11,0.6887499999999913,LEFT,7.268744866877483e-21,1.952361715322803e-21,7.269308730089682e-21,1.2016839814407626e-07,7.753370862707236e-08,1.2017150536493332e-07,1.0015515894120695,-8.046550839296596e-08,-1.3385474695837399e-10,8.053254873493658e-08,1.6099805712790252e-07,-1.6399994240292884e-08,1.6259223706594324e-08,3.265921794688721e-08,-1.808202557765296e-07,1.808188142484756e-07,3.6163907002500517e-07,-0.00011072431205816358,1.3908319297508113e-07,8.517239647395618,7.286236918597693,3.184349880507667e-13,4846790.778282396,24396253.16117771,0.01661089145493941,-0.0007985036258590927,0.2815334483765906,7086608.603471115,9572034.78267418,1985745332859928.0,-3.155756467450299e-08,10457128.172023373,-3.006665610720363e-08,7824588.407015919,10651020.933417741,3396027307071120.0,7.454542836496768e-10,11045882.447329795,-2.7333323733821485e-09,7717554.058677855,9883098.227481399,1781066690068191.0,1.79157512837139e-07,10442279.931997629,3.6030290376401046e-08,1.3873300376477492e-07,-1.639999424029289e-08,1.3586749831197276e-07,1.6099236843890448e-08,0.014241823347545868
364,4239.604417766991,EVENT_TRANSPORT_PAUSED,2,11,0.6987499999999911,LEFT,7.268741389203693e-21,1.9523719497916012e-21,7.269301973294671e-21,1.2016837897953168e-07,7.753384410656692e-08,1.2017146813193502e-07,1.0015568396422965,-8.046554340931075e-08,-1.337287511062594e-10,8.053262195875679e-08,1.6099816536806754e-07,-1.6399994240292884e-08,1.6259223706594324e-08,3.265921794688721e-08,-1.80820260135541e-07,1.8081881651367328e-07,3.6163907664921426e-07,-0.00011074263126964468,1.3908275919059422e-07,8.517213083104483,7.286285241558318,3.1843449102442843e-13,4873669.366559886,24388510.447584026,0.016626431991910468,-0.0007991764699735171,0.2813991048882586,7085008.379123359,9564246.374718845,1971805221017798.0,-3.155756467450299e-08,10410488.729845574,-3.006665610720363e-08,7833797.956569053,10629480.642598558,3413436935684293.0,7.454542836496768e-10,11010006.866252176,-2.7333323733821485e-09,7716724.946730669,9877030.099895766,1781047593489716.0,1.79157512837139e-07,10430272.642422331,3.6030290376401046e-08,1.3873319641521076e-07,-1.639999424029289e-08,1.3586887399991774e-07,1.609899090214677e-08,0.014238660043917939
365,4247.11985165083,EVENT_TRANSPORT_PAUSED,2,11,0.703749999999991,LEFT,7.268739662866615e-21,1.9523769802164435e-21,7.269298669206908e-21,1.2016836946614032e-07,7.75339106969931e-08,1.2017144992490774e-07,1.0015594202245506,-8.046556053367174e-08,-1.336673590167711e-10,8.053265792574533e-08,1.6099821845941709e-07,-1.6399994240292884e-08,1.6259223706594324e-08,3.265921794688721e-08,-1.8082026231849516e-07,1.808188176478825e-07,3.6163907996637766e-07,-0.0001107518048655276,1.390824528775447e-07,8.517194324967038,7.286308560782257,3.18434179792801e-13,4895708.368410189,24386695.555109963,0.016634202260395994,-0.0007995064972057264,0.28134212066497544,7084377.841499593,9562935.795022538,1955043683554611.0,-3.155756467450299e-08,10378717.16655157,-3.006665610720363e-08,7842831.115849102,10612995.719154961,3428736945841860.0,7.454542836496768e-10,10983225.45504496,-2.7333323733821485e-09,7716320.804683301,9873963.043197185,1781038031939231.0,1.79157512837139e-07,10424165.117376784,3.6030290376401046e-08,1.3873349814240398e-07,-1.639999424029289e-08,1.358695931159429e-07,1.6098867592539177e-08,0.014236426305252348
366,4252.1460204429495,EVENT_TRANSPORT_RECOVERY,2,11,0.7074999999999909,LEFT,7.268738953635757e-21,1.9523826780447592e-21,7.269293680609452e-21,1.2016836555775444e-07,7.753398612205812e-08,1.20171422435455e-07,1.0015623431813783,-8.046564456958006e-08,-1.333277477087297e-10,8.053271220784256e-08,1.609983567774226e-07,-1.6399994240292884e-08,1.6259223706594324e-08,3.265921794688721e-08,-1.8082026558924062e-07,1.8081881934706606e-07,3.616390849363067e-07,-0.00011076554917499593,1.3907933460019634e-07,8.517003366484602,7.286383552212054,3.184342409882833e-13,4900677.467687479,24363941.51459344,0.016640029961760144,-0.0008003663116371573,0.28067917844041274,7082884.082710895,9559878.95015088,1980385263151118.0,-3.155756467450299e-08,10481843.43140758,-3.006665610720363e-08,7855208.541054277,10690846.561908972,3441817593722834.0,7.454542836496768e-10,11106609.06349489,-2.7333323733821485e-09,7715711.3737509735,9869348.943183314,1781023707962084.0,1.79157512837139e-07,10415216.445694419,3.6030290376401046e-08,1.3872625775831673e-07,-1.639999424029289e-08,1.3587093652003547e-07,1.6098765755948115e-08,0.01421368676903767
367,4260.8579186155885,ACTIVE_ONE_B,2,11,0.7174999999999907,LEFT,7.268735557969397e-21,1.9523926065244218e-21,7.269287147796148e-21,1.2016834684512112e-07,7.753411755006625e-08,1.2017138643664794e-07,1.0015674364407412,-8.046567794033913e-08,-1.3320714038208825e-10,8.053278361360074e-08,1.6099846155393986e-07,-1.6399994240292884e-08,1.6259223706594324e-08,3.265921794688721e-08,-1.808202699687787e-07,1.808188216218954e-07,3.6163909159067407e-07,-0.00011078395178887313,1.390789209968473e-07,8.51697803805514,7.286430387309973,3.1843372634080925e-13,4929575.151247961,24357443.697811604,0.0166555704987312,-0.0008010176249733103,0.2805577862808604,7081568.148298266,9549290.543849569,1981292931404874.0,-3.155756467450299e-08,10439072.525053514,-3.006665610720363e-08,7869527.701523631,10680268.067664973,3457169493197238.0,7.454542836496768e-10,11075026.62946351,-2.7333323733821485e-09,7714903.149320932,9863169.679200443,1781004532069218.0,1.79157512837139e-07,10403207.17761565,3.6030290376401046e-08,1.3872663331570425e-07,-1.639999424029289e-08,1.3587230698615468e-07,1.6098520000904724e-08,0.014210670633112876
368,4271.569314358492,ACTIVE_ONE_B,2,11,0.7324999999999904,LEFT,7.268730946298203e-21,1.9524084143014597e-21,7.269275951690303e-21,1.2016832143139242e-07,7.7534326804211e-08,1.201713247409032e-07,1.0015755457496327,-8.046577356206437e-08,-1.3283692315163068e-10,8.053290664625432e-08,1.609986802083187e-07,-1.6399994240292884e-08,1.6259223706594324e-08,3.265921794688721e-08,-1.8082027764922484e-07,1.8081882561032337e-07,3.616391032595482e-07,-0.00011081622199182739,1.390763198854021e-07,8.51681875001282,7.28653692279142,3.184330859288337e-13,4976585.2521378,24336150.27484659,0.01667888130418779,-0.0008023768275564613,0.2799835467336202,7079026.826411929,9546381.757855287,1980383972705026.0,-3.155756467450299e-08,10433639.20587227,-3.006665610720363e-08,7895531.295402445,10700425.020377653,3417141552416173.0,7.454542836496768e-10,11095584.17151698,-2.7333323733821485e-09,7713495.631430022,9852332.833670842,1780970913234384.0,1.79157512837139e-07,10382199.028247917,3.6030290376401046e-08,1.3872257425257517e-07,-1.639999424029289e-08,1.3587492224809253e-07,1.6098144978646266e-08,0.014191702446098464
369,4310.378489818584,ACTIVE_ONE_B,2,11,0.7374999999999903,LEFT,7.268729295152312e-21,1.9524132514446018e-21,7.269272765693052e-21,1.2016831233235128e-07,7.753439083526869e-08,1.201713071845666e-07,1.0015780271793615,-8.046578947114883e-08,-1.327787437283483e-10,8.053294174336094e-08,1.6099873121450977e-07,-1.6399994240292884e-08,1.6259223706594324e-08,3.265921794688721e-08,-1.8082027985015647e-07,1.8081882675305197e-07,3.616391066032084e-07,-0.00011082546886442834,1.390762089018026e-07,8.516811953548823,7.286560164806808,3.18432879175077e-13,4983997.845787419,24331736.958291113,0.016686651572673315,-0.0008026938929954763,0.2799215446212183,7078238.442343909,9545481.10094357,1977377805355148.0,-3.155756467450299e-08,10424585.644292595,-3.006665610720363e-08,7898073.578992335,10697458.2803389,3407466286992968.0,7.454542836496768e-10,11091792.26236065,-2.7333323733821485e-09,7713094.697749566,9846575.811610682,1780961281535167.0,1.79157512837139e-07,10376148.541456783,3.6030290376401046e-08,1.3872268405994363e-07,-1.639999424029289e-08,1.3587556927777407e-07,1.60980226347646e-08,0.014190893116042824
370,4318.720455638181,EVENT_TRANSPORT_RECOVERY,2,11,0.7462499999999901,LEFT,7.268727065541826e-21,1.952423219874699e-21,7.26926502687344e-21,1.201683000455381e-07,7.753452279074127e-08,1.2017126454002573e-07,1.0015831409330935,-8.046588657282674e-08,-1.3239090965352159e-10,8.053302750322113e-08,1.6099891407604787e-07,-1.6399994240292884e-08,1.6259223706594324e-08,3.265921794688721e-08,-1.8082028535405723e-07,1.808188296103258e-07,3.61639114964383e-07,-0.00011084859164367522,1.3907282823632738e-07,8.516604926823277,7.286655005895271,3.1843259701924747e-13,5020900.008809753,24310032.703934655,0.01670024954252299,-0.0008038305995927697,0.2792338948809205,7076421.934927927,9528508.520139694,1968148006626291.0,-3.155756467450299e-08,10470620.310520371,-3.006665610720363e-08,7921874.344984439,10741907.193969855,3369023492865331.0,7.454542836496768e-10,11158483.523792833,-2.7333323733821485e-09,7712099.354377311,9831840.775113517,1780937199382197.0,1.79157512837139e-07,10361041.503126401,3.6030290376401046e-08,1.3871622293373182e-07,-1.639999424029289e-08,1.3587762646895178e-07,1.609779776022816e-08,0.014166240156599175
371,4321.501936924944,ACTIVE_ONE_B,2,11,0.75249999999999,LEFT,7.268724823093813e-21,1.9524285596295373e-21,7.269261929566617e-21,1.2016828768797808e-07,7.753459347469298e-08,1.201712474723979e-07,1.001585880200056,-8.046588237952538e-08,-1.3241724136079568e-10,8.053306188531356e-08,1.6099894426483894e-07,-1.6399994240292884e-08,1.6259223706594324e-08,3.265921794688721e-08,-1.8082028756532565e-07,1.808188307581391e-07,3.6163911832346476e-07,-0.00011085788116460549,1.3907369020036885e-07,8.51665771216816,7.286664537551796,3.1843224491768405e-13,5031192.538005581,24311357.525690526,0.016709962378129904,-0.0008040182596025236,0.27936511869579483,7075843.79135692,9518453.044231338,1966866196784714.0,-3.155756467450299e-08,10423213.195857847,-3.006665610720363e-08,7924798.396579586,10718169.151221205,3365853533949946.0,7.454542836496768e-10,11112636.391168669,-2.7333323733821485e-09,7711706.477064589,9826170.553935308,1780927525554530.0,1.79157512837139e-07,10355048.382856177,3.6030290376401046e-08,1.3871884579067826e-07,-1.639999424029289e-08,1.3587815869257314e-07,1.6097648125875346e-08,0.014172525890787213
372,4327.900468716176,EVENT_TRANSPORT_PAUSED,2,11,0.7574999999999898,LEFT,7.268723210032926e-21,1.952433217211915e-21,7.269258885045127e-21,1.2016827879880866e-07,7.753465512841602e-08,1.2017123069563752e-07,1.0015882695160296,-8.046589744127748e-08,-1.3236216492487044e-10,8.053309580235022e-08,1.6099899324362772e-07,-1.6399994240292884e-08,1.6259223706594324e-08,3.265921794688721e-08,-1.8082028977607982e-07,1.8081883190561337e-07,3.6163912168169316e-07,-0.00011086716832542365,1.3907350414215772e-07,8.516646318251047,7.286686712013885,3.184319766713147e-13,5049846.927392735,24309072.37451496,0.01671773264661543,-0.0008043227222735982,0.2793173916707343,7075207.849896909,9513672.270081125,1949259925257870.0,-3.155756467450299e-08,10388749.87891807,-3.006665610720363e-08,7931153.02163139,10699697.116194746,3361579108455479.0,7.454542836496768e-10,11080574.340940682,-2.7333323733821485e-09,7711304.253179934,9820160.39950345,1780917854792951.0,1.79157512837139e-07,10348948.308187341,3.6030290376401046e-08,1.3871920121813491e-07,-1.639999424029289e-08,1.3587883821012957e-07,1.60975254744725e-08,0.014171169091196534
373,4336.280993536274,EVENT_TRANSPORT_RECOVERY,2,11,0.7662499999999897,LEFT,7.268721071500283e-21,1.9524428944834235e-21,7.26925134630626e-21,1.2016826701389567e-07,7.753478322885718e-08,1.2017118915358327e-07,1.0015932339068927,-8.04659928429681e-08,-1.3197960019356339e-10,8.053318002091162e-08,1.6099917286387973e-07,-1.6399994240292884e-08,1.6259223706594324e-08,3.265921794688721e-08,-1.8082029530429686e-07,1.8081883477469954e-07,3.6163913007899643e-07,-0.00011089039101830345,1.3907030958122006e-07,8.516450688279573,7.286780759261253,3.1843178433468424e-13,5073786.320184433,24285490.646741673,0.016731330616465104,-0.0008054392803402699,0.27863036638109384,7073307.476540767,9504557.259994337,1920079697740939.0,-3.155756467450299e-08,10471066.145138837,-3.006665610720363e-08,7949740.35097825,10758295.606234461,3318084031283927.0,7.454542836496768e-10,11174222.70137484,-2.7333323733821485e-09,7710321.514885176,9808733.177452845,1780893675424521.0,1.79157512837139e-07,10333831.88528517,3.6030290376401046e-08,1.387126541400467e-07,-1.639999424029289e-08,1.3588082778605108e-07,1.6097301508154906e-08,0.014147873269171773
374,4343.807563670481,ACTIVE_ONE_B,2,11,0.7724999999999895,LEFT,7.268718865550337e-21,1.9524481242571358e-21,7.269248322482493e-21,1.2016825485746052e-07,7.753485245649166e-08,1.2017117249086103e-07,1.001595916754099,-8.04659880397257e-08,-1.3200773882979716e-10,8.05332138482866e-08,1.6099920188801228e-07,-1.6399994240292884e-08,1.6259223706594324e-08,3.265921794688721e-08,-1.8082029752523589e-07,1.8081883592723647e-07,3.6163913345247233e-07,-0.00011089972034605822,1.390712356535922e-07,8.516507399519483,7.286790244517616,3.184314660886905e-13,5081321.403320245,24286089.95637604,0.01674104345207202,-0.0008056197005827936,0.2787620868263345,7072633.124164412,9500869.912300821,1919698779058159.0,-3.155756467450299e-08,10421811.00511435,-3.006665610720363e-08,7949712.134035665,10732120.897651665,3315016943270614.0,7.454542836496768e-10,11126516.983363248,-2.7333323733821485e-09,7709922.916088596,9805846.744939486,1780883962728002.0,1.79157512837139e-07,10327839.955150902,3.6030290376401046e-08,1.3871523201482726e-07,-1.639999424029289e-08,1.3588133642736311e-07,1.609715225420508e-08,0.014154626503054102
375,4346.145129124201,EVENT_TRANSPORT_PAUSED,2,11,0.7774999999999894,LEFT,7.268717285798741e-21,1.952452633812459e-21,7.269245392678768e-21,1.201682461518454e-07,7.753491215034182e-08,1.2017115634623e-07,1.0015982301329498,-8.046600233813949e-08,-1.319554381763689e-10,8.053324682837713e-08,1.6099924916651662e-07,-1.6399994240292884e-08,1.6259223706594324e-08,3.265921794688721e-08,-1.808202997456021e-07,1.8081883707942055e-07,3.6163913682502263e-07,-0.00011090904711430483,1.390710460468117e-07,8.516495788293469,7.286811532920608,3.184311778393512e-13,5101774.250515265,24284664.39393358,0.016748813720557545,-0.0008059135939202378,0.2787222410971631,7072109.549760558,9497274.560946923,1901652929977402.0,-3.155756467450299e-08,10389047.565885551,-3.006665610720363e-08,7958285.913655164,10715551.86335312,3311162601595158.0,7.454542836496768e-10,11095965.906329125,-2.7333323733821485e-09,7709532.841851282,9802976.642465023,1780874253215496.0,1.79157512837139e-07,10321698.792460822,3.6030290376401046e-08,1.3871570812468506e-07,-1.639999424029289e-08,1.3588201859430525e-07,1.6097029638022837e-08,0.014153243826091622
376,4355.39004378531,ACTIVE_ONE_B,2,11,0.7874999999999892,LEFT,7.26871461127094e-21,1.9524626317515063e-21,7.269238069267519e-21,1.2016823141319017e-07,7.753504449465399e-08,1.201711159906843e-07,1.0016033590246225,-8.046607663568667e-08,-1.3166058089586006e-10,8.053332937257991e-08,1.6099940600826658e-07,-1.6399994240292884e-08,1.6259223706594324e-08,3.265921794688721e-08,-1.8082030530031362e-07,1.8081883996163113e-07,3.6163914526194475e-07,-0.00011093237937287448,1.3906891224093853e-07,8.516365117321701,7.286891757605703,3.1843088992931056e-13,5125372.0997687075,24266036.02650884,0.0167643542575286,-0.000806888555925811,0.2782301192647859,7070314.84158331,9488234.045872282,1882351792677985.0,-3.155756467450299e-08,10428998.306088675,-3.006665610720363e-08,7973763.605156541,10750941.372095132,3274364460331566.0,7.454542836496768e-10,11145874.941713857,-2.7333323733821485e-09,7708552.755386081,9795756.324936302,1780849965603316.0,1.79157512837139e-07,10306596.180780003,3.6030290376401046e-08,1.3871163340393317e-07,-1.639999424029289e-08,1.358838588911226e-07,1.6096778873409292e-08,0.014137683389829236
377,4363.09075520253,EVENT_TRANSPORT_PAUSED,2,11,0.7924999999999891,LEFT,7.268713058265961e-21,1.9524670646311347e-21,7.269235189392872e-21,1.2016822285496563e-07,7.753510317324336e-08,1.2017110012117168e-07,1.0016056330692336,-8.046609049930401e-08,-1.316095449765721e-10,8.053336198719158e-08,1.609994524864956e-07,-1.6399994240292884e-08,1.6259223706594324e-08,3.265921794688721e-08,-1.8082030752800953e-07,1.808188411174523e-07,3.6163914864546185e-07,-0.00011094173646952754,1.3906877896608647e-07,8.51635695577587,7.286913144529773,3.184306352834022e-13,5143220.833733112,24263889.15023797,0.016772124526014134,-0.0008071774745803673,0.27818962100228695,7069703.532802839,9484617.525997357,1865165886151122.0,-3.155756467450299e-08,10394404.6141427,-3.006665610720363e-08,7979543.98884289,10732068.448174931,3270426061393556.0,7.454542836496768e-10,11113515.76949635,-2.7333323733821485e-09,7708156.4385795165,9792882.833662815,1780840226180064.0,1.79157512837139e-07,10300470.097988872,3.6030290376401046e-08,1.3871205646598874e-07,-1.639999424029289e-08,1.3588451976229241e-07,1.6096656558139782e-08,0.014136711504398214
378,4377.907236393843,EVENT_TRANSPORT_RECOVERY,2,11,0.8012499999999889,LEFT,7.26871106751922e-21,1.9524761885290296e-21,7.269228056241716e-21,1.2016821188445327e-07,7.753522394715645e-08,1.201710608140149e-07,1.0016103135822585,-8.046618293605816e-08,-1.3123701581753832e-10,8.05334430028741e-08,1.6099962593893225e-07,-1.6399994240292884e-08,1.6259223706594324e-08,3.265921794688721e-08,-1.8082031309815717e-07,1.8081884400731145e-07,3.6163915710546864e-07,-0.00011096513256858564,1.390657162344129e-07,8.516169398824655,7.287005295952723,3.184304870637241e-13,5165247.8619949715,24240689.41666743,0.016785722495863804,-0.0008082556921822359,0.2775193859416313,7067891.114406601,9475704.452325419,1836820499103541.0,-3.155756467450299e-08,10476271.088842038,-3.006665610720363e-08,7996736.16670677,10789676.605143486,3227303466691810.0,7.454542836496768e-10,11206362.763221953,-2.7333323733821485e-09,7707188.611801102,9785637.145461773,1780815875971588.0,1.79157512837139e-07,10285305.67908275,3.6030290376401046e-08,1.3870568600562877e-07,-1.639999424029289e-08,1.3588646224514784e-07,1.6096433323287128e-08,0.014114377026086533
379,4380.239402144427,ACTIVE_ONE_B,2,11,0.8062499999999888,LEFT,7.268709538863486e-21,1.952480510449154e-21,7.269225262977325e-21,1.2016820346040864e-07,7.753528115669707e-08,1.201710454217529e-07,1.0016125307052108,-8.046619623769715e-08,-1.311880698733455e-10,8.053347491276012e-08,1.6099967115045727e-07,-1.6399994240292884e-08,1.6259223706594324e-08,3.265921794688721e-08,-1.8082031533305368e-07,1.8081884516674565e-07,3.6163916049979933e-07,-0.0001109745195702061,1.3906559120272387e-07,8.516161742077378,7.287026034199916,3.184302202597046e-13,5183933.914840409,24239063.20367313,0.016793492764349334,-0.0008085367367325347,0.2774847271209697,7067451.066304855,9472164.488858817,1834553976422205.0,-3.155756467450299e-08,10444049.841765575,-3.006665610720363e-08,8005999.84396066,10780119.884919336,3220704577775516.0,7.454542836496768e-10,11176877.592505278,-2.7333323733821485e-09,7706800.813954384,9782725.080149282,1780806106851504.0,1.79157512837139e-07,10279252.822290607,3.6030290376401046e-08,1.3870619210616023e-07,-1.639999424029289e-08,1.358871252491566e-07,1.60963110297922e-08,0.014113465252596269
380,4388.6317846620395,EVENT_TRANSPORT_PAUSED,2,11,0.8124999999999887,LEFT,7.26870739810067e-21,1.952485498205073e-21,7.269222415984222e-21,1.2016819166319093e-07,7.753534717984492e-08,1.201710297334152e-07,1.0016150893985252,-8.04661901525578e-08,-1.3122054125634212e-10,8.053350735082147e-08,1.6099969750337928e-07,-1.6399994240292884e-08,1.6259223706594324e-08,3.265921794688721e-08,-1.808203175727034e-07,1.8081884632861842e-07,3.616391639013218e-07,-0.00011098392646058386,1.3906657757714465e-07,8.51622214612149,7.287034740744252,3.1842991767143503e-13,5190080.769545824,24239664.535426065,0.016803205599956246,-0.0008087005521559831,0.2776242565987547,7066677.003624248,9468558.188286606,1819451101733881.0,-3.155756467450299e-08,10392283.09833361,-3.006665610720363e-08,8002589.508505505,10744282.560800107,3220849363529482.0,7.454542836496768e-10,11125824.171887271,-2.7333323733821485e-09,7706407.501570729,9779817.929438306,1780796317400569.0,1.79157512837139e-07,10273228.531347256,3.6030290376401046e-08,1.3870882984012962e-07,-1.639999424029289e-08,1.3588760859847927e-07,1.609616226059619e-08,0.014120658229473282
381,4604.374723349234,EVENT_TRANSPORT_RECOVERY,2,11,0.8199999999999885,LEFT,7.268706104782884e-21,1.95249364968964e-21,7.26921555781744e-21,1.2016818453603334e-07,7.753545508116812e-08,1.201709919415132e-07,1.001619271068479,-8.046630032865424e-08,-1.3077212614886858e-10,8.053358612207577e-08,1.6099988645073e-07,-1.6399994240292884e-08,1.6259223706594324e-08,3.265921794688721e-08,-1.8082032316299008e-07,1.8081884922861904e-07,3.6163917239160913e-07,-0.000111007406300212,1.3906249546372134e-07,8.515972163808385,7.287138161476542,3.184298503105403e-13,5222203.013394115,24214013.09882412,0.01681486100268454,-0.0008098750894718343,0.2767874228959069,7065114.320601949,9459789.405165786,1789552261352384.0,-3.155756467450299e-08,10490887.842339737,-3.006665610720363e-08,8027911.941960099,10817990.421501875,3173903364453783.0,7.454542836496768e-10,11236656.863842372,-2.7333323733821485e-09,7705448.738684746,9772561.841026569,1780771884163103.0,1.79157512837139e-07,10257956.90519377,3.6030290376401046e-08,1.3870038405990533e-07,-1.639999424029289e-08,1.3588969191620227e-07,1.6095966092144175e-08,0.014090890073645168
382,4608.0820074128005,ACTIVE_ONE_B,2,11,0.8262499999999884,LEFT,7.268703986330129e-21,1.952498531277757e-21,7.26921279468208e-21,1.2016817286175722e-07,7.75355196986793e-08,1.2017097671525957e-07,1.0016217752982532,-8.046629371528363e-08,-1.3080662020108026e-10,8.05336178797427e-08,1.6099991159502632e-07,-1.6399994240292884e-08,1.6259223706594324e-08,3.265921794688721e-08,-1.8082032540968696e-07,1.808188503940791e-07,3.6163917580376605e-07,-0.00011101684260017564,1.390634885373326e-07,8.516032978100563,7.28714625047477,3.1842953268646055e-13,5229268.50906876,24215138.027833257,0.01682457383829145,-0.0008100313918184554,0.2769329789030111,7064504.054729043,9456259.69781052,1789426398159989.0,-3.155756467450299e-08,10441529.237317814,-3.006665610720363e-08,8028021.055954454,10791536.9364075,3171479356586123.0,7.454542836496768e-10,11188522.647044407,-2.7333323733821485e-09,7705064.085089538,9769617.127889156,1780762065250864.0,1.79157512837139e-07,10252008.467484895,3.6030290376401046e-08,1.3870310089393074e-07,-1.639999424029289e-08,1.358901775206433e-07,1.609581735848093e-08,0.014098131903291566
383,4613.887523155721,EVENT_TRANSPORT_PAUSED,2,11,0.8324999999999882,LEFT,7.268701872893482e-21,1.9525033257118988e-21,7.269210113684585e-21,1.201681612151214e-07,7.753558316242975e-08,1.2017096194162288e-07,1.0016242348184832,-8.046628678389316e-08,-1.308427685046902e-10,8.053364890624381e-08,1.6099993569013698e-07,-1.6399994240292884e-08,1.6259223706594324e-08,3.265921794688721e-08,-1.8082032765837872e-07,1.80818851560562e-07,3.6163917921894075e-07,-0.00011102628724568575,1.390643369782654e-07,8.516084935311184,7.287153275099614,3.184291190916753e-13,5250584.954300324,24219192.26179881,0.01683428667389836,-0.0008101811722018848,0.277093228947123,7064014.309893259,9452802.099427164,1769242758216065.0,-3.20545341969361e-08,10367989.277946616,-3.006665610720363e-08,8031940.640280988,10742776.907315379,3179661106008304.0,7.454542836496768e-10,11114765.328349803,-2.7333323733821485e-09,7704684.364239201,9766705.276317976,1780752237942494.0,1.79157512837139e-07,10245895.989182204,3.6030290376401046e-08,1.3870611743870541e-07,-1.639999424029289e-08,1.3589071428054235e-07,1.6095668056024173e-08,0.01410431902238396
384,4633.938618862066,EVENT_TRANSPORT_RECOVERY,2,11,0.8399999999999881,LEFT,7.26870064747257e-21,1.95251122559946e-21,7.269203439217937e-21,1.2016815446212346e-07,7.753568773272757e-08,1.2017092516195857e-07,1.001628287420458,-8.046639553335008e-08,-1.3039937667397287e-10,8.053372627999975e-08,1.6100012181334982e-07,-1.6399994240292884e-08,1.6259223706594324e-08,3.265921794688721e-08,-1.8082033327099844e-07,1.8081885447201337e-07,3.616391877430118e-07,-0.00011104986051435617,1.3906045382112044e-07,8.51584713677288,7.287255986693442,3.184291423588883e-13,5268645.734634914,24191582.909827147,0.016845942076626652,-0.0008113381540699738,0.27625694534984624,7062359.748806717,9444133.78886872,1765508127062655.0,-3.20545341969361e-08,10488619.039912894,-3.006665610720363e-08,8051903.779570648,10829906.343566593,3124928185782370.0,7.454542836496768e-10,11247969.423582524,-2.7333323733821485e-09,7703736.164972944,9759423.075498668,1780727710708232.0,1.79157512837139e-07,10230812.835422741,3.6030290376401046e-08,1.3869757777637255e-07,-1.639999424029289e-08,1.358927301966758e-07,1.6095472772055825e-08,0.014076001723227982
385,4636.321436740583,ACTIVE_ONE_B,2,11,0.844999999999988,LEFT,7.268699173886435e-21,1.952515305414077e-21,7.269200832989455e-21,1.201681463415461e-07,7.753574173685786e-08,1.2017091080032423e-07,1.0016303803445212,-8.046640759091104e-08,-1.3035508786002782e-10,8.053375670342737e-08,1.610001642943384e-07,-1.6399994240292884e-08,1.6259223706594324e-08,3.265921794688721e-08,-1.8082033552384014e-07,1.8081885564063336e-07,3.616391911644735e-07,-0.00011105932254640294,1.3906038390911778e-07,8.515842855469955,7.287275621183149,3.184288786608469e-13,5286572.454810859,24190238.95498938,0.016853712345112185,-0.0008116022250195254,0.2762323833891861,7061956.662575261,9440700.343297726,1776761128384163.0,-3.20545341969361e-08,10455571.563446445,-3.006665610720363e-08,8060711.787192955,10819363.699325146,3118496126322027.0,7.454542836496768e-10,11217367.788551122,-2.7333323733821485e-09,7703356.629022602,9756499.84794716,1780717866177193.0,1.79157512837139e-07,10224823.328645477,3.6030290376401046e-08,1.38698193384112e-07,-1.639999424029289e-08,1.3589337716846752e-07,1.6095350809478086e-08,0.01407549190118873
386,4781.168580243874,EVENT_TRANSPORT_PAUSED,2,11,0.8512499999999878,LEFT,7.268697085719306e-21,1.9525199933613534e-21,7.269198233209307e-21,1.2016813483415937e-07,7.753580379069125e-08,1.2017089647422004e-07,1.001632785237533,-8.046640010592656e-08,-1.3039331437253254e-10,8.053378710073092e-08,1.6100018720665747e-07,-1.6399994240292884e-08,1.6259223706594324e-08,3.265921794688721e-08,-1.808203377813647e-07,1.8081885681168542e-07,3.6163919459305016e-07,-0.00011106880425515442,1.3906128742139747e-07,8.515898185164692,7.287282312218145,3.1842848306065314e-13,5305630.440568093,24193800.321123242,0.016863425180719094,-0.0008117446529158912,0.27639555583088415,7061394.664897204,9437246.095453888,1775005500720771.0,-3.20545341969361e-08,10379966.798448289,-3.006665610720363e-08,8062384.55769729,10768193.512034273,3126636907500339.0,7.454542836496768e-10,11141423.750656439,-2.7333323733821485e-09,7702974.285595796,9753596.51827838,1780708001384944.0,1.79157512837139e-07,10218772.857787583,3.6030290376401046e-08,1.3870120836123491e-07,-1.639999424029289e-08,1.3589389728859202e-07,1.609520179191961e-08,0.014082080619224113
387,4791.75836343363,EVENT_TRANSPORT_RECOVERY,2,11,0.8587499999999877,LEFT,7.268695915162263e-21,1.952527592875934e-21,7.269191804251768e-21,1.201681283835001e-07,7.753590438440417e-08,1.2017086104739607e-07,1.0016366837497028,-8.046650732641023e-08,-1.2995625330194658e-10,8.053386250753124e-08,1.6100036983394146e-07,-1.6399994240292884e-08,1.6259223706594324e-08,3.265921794688721e-08,-1.8082034341579786e-07,1.8081885973448452e-07,3.6163920315028235e-07,-0.00011109246923046712,1.3905751588837458e-07,8.515667222314999,7.287383290612465,3.184285105784851e-13,5322657.997775082,24166433.42036643,0.016875080583447388,-0.0008128799033395584,0.27557251334410604,7059791.574139894,9428687.70358188,1770323140671900.0,-3.20545341969361e-08,10498705.293865247,-3.006665610720363e-08,8081269.51458814,10853259.35559249,3071799333314517.0,7.454542836496768e-10,11272291.495247265,-2.7333323733821485e-09,7702034.119220868,9746342.221294181,1780683381098342.0,1.79157512837139e-07,10203760.88380025,3.6030290376401046e-08,1.3869284078097392e-07,-1.639999424029289e-08,1.358958973057724e-07,1.60950067741385e-08,0.014054577321031658
388,4805.75833799325,ACTIVE_ONE_B,2,11,0.8649999999999876,LEFT,7.268693842316012e-21,1.9525322292816425e-21,7.269189240692312e-21,1.2016811696053967e-07,7.753596575573065e-08,1.2017084692087455e-07,1.0016390622021536,-8.046649949314247e-08,-1.2999576007333318e-10,8.053389266147362e-08,1.610003921546161e-07,-1.6399994240292884e-08,1.6259223706594324e-08,3.265921794688721e-08,-1.808203456800492e-07,1.808188609090615e-07,3.616392065891107e-07,-0.0001111019792900958,1.3905851095822603e-07,8.51572815885384,7.287389936844076,3.184281745538356e-13,5330373.271011136,24168214.287462257,0.016884793419054297,-0.0008130186534471839,0.27573110096134984,7059252.569330398,9425268.808302857,1776472250702767.0,-3.20545341969361e-08,10449830.972446607,-3.006665610720363e-08,8082239.184109807,10827294.188007236,3070161176084049.0,7.454542836496768e-10,11224300.156583995,-2.7333323733821485e-09,7701660.411946224,9743417.172088422,1780673487418314.0,1.79157512837139e-07,10197776.15282818,3.6030290376401046e-08,1.386957175461887e-07,-1.639999424029289e-08,1.3589637644640834e-07,1.60948583031658e-08,0.014061833707938787
389,4807.844622234953,ACTIVE_ONE_B,2,11,0.8687499999999875,LEFT,7.268693012350499e-21,1.952535537548005e-21,7.269186762391463e-21,1.201681123867974e-07,7.753600954663948e-08,1.2017083326416832e-07,1.0016407593259025,-8.046653026550052e-08,-1.2987245138251356e-10,8.053392204108833e-08,1.6100045230658884e-07,-1.6399994240292884e-08,1.6259223706594324e-08,3.265921794688721e-08,-1.808203479407061e-07,1.8081886208179117e-07,3.616392100224973e-07,-0.00011111147430042934,1.3905749614372593e-07,8.515666013183251,7.287421594695967,3.184280421023994e-13,5346868.294024106,24162197.37891023,0.016890621120418448,-0.0008133925710298584,0.27552631748978185,7058808.781252871,9421907.617872775,1779174116490800.0,-3.20545341969361e-08,10458217.297278183,-3.006665610720363e-08,8092631.571178407,10838620.329013603,3057173329590713.0,7.454542836496768e-10,11236147.124204403,-2.7333323733821485e-09,7701288.849514833,9740516.646781696,1780663609532288.0,1.79157512837139e-07,10191723.616631089,3.6030290376401046e-08,1.3869402866314128e-07,-1.639999424029289e-08,1.358971363658523e-07,1.609476365247522e-08,0.01405443333635592
390,4820.09851378995,EVENT_TRANSPORT_RECOVERY,2,11,0.8774999999999873,LEFT,7.268691262286068e-21,1.9525434082931166e-21,7.269180641710782e-21,1.20168102742608e-07,7.753611373003528e-08,1.2017079953607155e-07,1.0016447969779494,-8.046661642458702e-08,-1.2952527089748633e-10,8.053399491177178e-08,1.6100061133635881e-07,-1.6399994240292884e-08,1.6259223706594324e-08,3.265921794688721e-08,-1.8082035359919355e-07,1.8081886501726215e-07,3.6163921861645567e-07,-0.00011113524084183091,1.3905485352945617e-07,8.51550418357214,7.287506810091466,3.18427837795289e-13,5377534.358904371,24142813.016547255,0.01690421909026812,-0.0008143811342375962,0.27491852219837737,7057419.437785996,9413511.059153516,1773339498436298.0,-3.20545341969361e-08,10507816.117020698,-3.006665610720363e-08,8112446.4196874695,10875896.540700892,3019158741048423.0,7.454542836496768e-10,11294635.194065847,-2.7333323733821485e-09,7700358.346535309,9733264.44629513,1780638885131205.0,1.79157512837139e-07,10176826.694207504,3.6030290376401046e-08,1.3868851897582375e-07,-1.639999424029289e-08,1.358990558834135e-07,1.6094541104856007e-08,0.014035162496666143
391,4824.00544244356,ACTIVE_ONE_B,2,11,0.8824999999999872,LEFT,7.26868982395186e-21,1.95254724829642e-21,7.269178240041686e-21,1.2016809481628866e-07,7.753616455924884e-08,1.2017078630163512e-07,1.0016467668800337,-8.046662730821012e-08,-1.2948625468502206e-10,8.053402368547149e-08,1.6100065099368162e-07,-1.6399994240292884e-08,1.6259223706594324e-08,3.265921794688721e-08,-1.8082035586915834e-07,1.8081886619490526e-07,3.616392220640636e-07,-0.000111144775181371,1.3905478607597673e-07,8.515500052825375,7.287524844554732,3.1842755683526546e-13,5395970.567340761,24142038.36186393,0.01691198935875365,-0.0008146276526741492,0.27490724840129427,7057083.38456091,9410168.188189367,1784353354510880.0,-3.20545341969361e-08,10474913.574657753,-3.006665610720363e-08,8121765.147444203,10865490.73832201,3013363803804392.0,7.454542836496768e-10,11263775.826588368,-2.7333323733821485e-09,7699986.548342962,9730383.192909416,1780628966690906.0,1.79157512837139e-07,10170775.488262657,3.6030290376401046e-08,1.3868930504341105e-07,-1.639999424029289e-08,1.3589969771436178e-07,1.6094419332605648e-08,0.014034670603012334
392,4830.202139809337,ACTIVE_ONE_B,2,11,0.8874999999999871,LEFT,7.268688388752082e-21,1.9525511098048583e-21,7.269175813733024e-21,1.2016808690724141e-07,7.753621567305357e-08,1.20170772931419e-07,1.001648747814142,-8.046663819232464e-08,-1.2944703735961165e-10,8.053405271240266e-08,1.6100069090472731e-07,-1.6399994240292884e-08,1.6259223706594324e-08,3.265921794688721e-08,-1.8082035814097739e-07,1.808188673735415e-07,3.616392255145189e-07,-0.00011115431739527892,1.390548513720537e-07,8.51550405145615,7.287543312446723,3.184273548311254e-13,5400785.232606114,24138800.653737932,0.016919759627239177,-0.0008148757483064095,0.27488594592920745,7056442.842612413,9406814.900898322,1781033760514193.0,-3.20545341969361e-08,10465282.120926445,-3.006665610720363e-08,8122985.698579743,10859127.000839356,3004759805305969.0,7.454542836496768e-10,11255932.224956809,-2.7333323733821485e-09,7699617.069256437,9727475.231107755,1780619040128310.0,1.79157512837139e-07,10164866.109821433,3.6030290376401046e-08,1.3868987467728537e-07,-1.639999424029289e-08,1.359002879930854e-07,1.609429819318575e-08,0.014035146764155515
393,4840.500707377113,EVENT_TRANSPORT_RECOVERY,2,11,0.8999999999999868,LEFT,7.268685242162455e-21,1.952562393979257e-21,7.269167676148255e-21,1.201680695671249e-07,7.75363650384129e-08,1.2017072808909475e-07,1.0016545365379812,-8.046673319233844e-08,-1.2907098351792273e-10,8.053415122692765e-08,1.610008844192661e-07,-1.6399994240292884e-08,1.6259223706594324e-08,3.265921794688721e-08,-1.808203660985033e-07,1.808188715022521e-07,3.616392376007554e-07,-0.00011118774181140267,1.3905224509909288e-07,8.515344447330596,7.287643161505591,3.184268362713616e-13,5447094.687653324,24114232.82721681,0.016939185298452997,-0.0008161992466084733,0.2742919114673288,7054788.048964185,9395219.464458747,1784602324654812.0,-3.20545341969361e-08,10479987.09298397,-3.006665610720363e-08,8151997.732483316,10884008.561316397,2961583075274621.0,7.454542836496768e-10,11280663.170746414,-2.7333323733821485e-09,7698325.597704307,9703237.672752673,1780584269752232.0,1.79157512837139e-07,10143925.968881361,3.6030290376401046e-08,1.386830761204624e-07,-1.6399994240292887e-08,1.3590295893339955e-07,1.6093981247659734e-08,0.014016140937618271
394,4843.090999209949,ACTIVE_ONE_B,2,11,0.9049999999999867,LEFT,7.268684435511964e-21,1.9525654523023406e-21,7.269165424475662e-21,1.2016806512186268e-07,7.753640552045366e-08,1.201707156812018e-07,1.0016561054421045,-8.046676277050778e-08,-1.289536426465088e-10,8.053417875664272e-08,1.610009415271505e-07,-1.6399994240292884e-08,1.6259223706594324e-08,3.265921794688721e-08,-1.8082036837576916e-07,1.8081887268389116e-07,3.6163924105966034e-07,-0.00011119730739261868,1.390513622028056e-07,8.515290380127352,7.287672745847657,3.184266838642424e-13,5465589.286208777,24113886.182009563,0.016946955566938527,-0.0008164336711200537,0.2741019673124935,7054384.649190245,9391949.372843359,1785866046876883.0,-3.20545341969361e-08,10486489.191941269,-3.006665610720363e-08,8162578.791272699,10893495.209553927,2948646600826961.0,7.454542836496768e-10,11290025.52997352,-2.7333323733821485e-09,7697961.483657696,9700572.144323692,1780574319013579.0,1.79157512837139e-07,10137959.077029046,3.6030290376401046e-08,1.386840055250325e-07,-1.6399994240292887e-08,1.3590360304736956e-07,1.609385951559365e-08,0.014009702558392956
395,4852.770031177708,EVENT_TRANSPORT_RECOVERY,2,11,0.9174999999999864,LEFT,7.26868193443788e-21,1.9525756785896586e-21,7.269157699262428e-21,1.2016805133902615e-07,7.753654088222865e-08,1.2017067311121945e-07,1.001661351475274,-8.046687516266827e-08,-1.285063707752147e-10,8.053427388465526e-08,1.6100114904732353e-07,-1.6399994240292884e-08,1.6259223706594324e-08,3.265921794688721e-08,-1.808203763588923e-07,1.8081887682660495e-07,3.6163925318549724e-07,-0.00011123084132336203,1.3904801603584156e-07,8.515085466037279,7.287781665605526,3.1842628554559695e-13,5510082.674296601,24089782.626844633,0.01696638123815235,-0.0008177236610884542,0.2733450551150452,7052656.490157969,9380456.937226417,1778338952795023.0,-3.20545341969361e-08,10537446.30026882,-3.006665610720363e-08,8192521.79487557,10934975.306302553,2898497879850174.0,7.454542836496768e-10,11351147.023404662,-2.7333323733821485e-09,7696678.296234156,9691304.013214836,1780539434682435.0,1.79157512837139e-07,10117095.586575817,3.6030290376401046e-08,1.3867756692040816e-07,-1.6399994240292887e-08,1.359062711278434e-07,1.609354270753117e-08,0.013985301173795373
396,4855.499623360401,ACTIVE_ONE_B,2,11,0.9224999999999863,LEFT,7.268680514071912e-21,1.95257923724756e-21,7.269155560970493e-21,1.2016804351171883e-07,7.753658798682307e-08,1.2017066132810246e-07,1.0016631770486035,-8.046688473691552e-08,-1.284743172437895e-10,8.05343004990166e-08,1.6100118523593212e-07,-1.6399994240292884e-08,1.6259223706594324e-08,3.265921794688721e-08,-1.8082037864694264e-07,1.8081887801407558e-07,3.616392566610182e-07,-0.00011124045285626494,1.3904799735456786e-07,8.515084322024968,7.2877971620015725,3.184259711131661e-13,5527946.0836563,24089508.72207559,0.01697415150663788,-0.0008179486172523731,0.2733519335439997,7052350.065433788,9377206.338906758,1787488527542049.0,-3.20545341969361e-08,10502216.777375739,-3.006665610720363e-08,8201838.232884559,10922230.018804679,2893073374387057.0,7.454542836496768e-10,11317222.813250305,-2.7333323733821485e-09,7696314.978613234,9688647.381343186,1780529435995839.0,1.79157512837139e-07,10111137.629557526,3.6030290376401046e-08,1.3867859200321864e-07,-1.6399994240292887e-08,1.35906913797718e-07,1.609342104323459e-08,0.013985164943610462
397,4857.270846572293,ACTIVE_ONE_B,2,11,0.9262499999999863,LEFT,7.268679713196418e-21,1.9525821433737583e-21,7.26915345571979e-21,1.2016803909827936e-07,7.753662645406229e-08,1.2017064972705787e-07,1.001664667876502,-8.046691361253034e-08,-1.2836091239861373e-10,8.053432682816372e-08,1.6100124044069406e-07,-1.6399994240292884e-08,1.6259223706594324e-08,3.265921794688721e-08,-1.808203809339692e-07,1.808188792010748e-07,3.61639260135044e-07,-0.00011125006025425321,1.3904715147449661e-07,8.515032521637547,7.287825319596815,3.184258067562648e-13,5543119.005269715,24084042.724972434,0.016979979208002025,-0.0008182917819099522,0.27317142053796917,7051947.537611287,9374827.612941973,1787799740651681.0,-3.20545341969361e-08,10506949.916243937,-3.006665610720363e-08,8211791.489054562,10929892.455307301,2880269643579979.0,7.454542836496768e-10,11324414.206118865,-2.7333323733821485e-09,7695952.338780734,9685999.95735782,1780519441542353.0,1.79157512837139e-07,10105201.420423875,3.6030290376401046e-08,1.3867723412581504e-07,-1.639999424029289e-08,1.3590767093915744e-07,1.609332653658344e-08,0.013978996499189211
398,4860.548173041476,EVENT_TRANSPORT_RECOVERY,2,11,0.9337499999999861,LEFT,7.268678020233845e-21,1.952588953986111e-21,7.26914833807001e-21,1.2016802976875339e-07,7.753671660328575e-08,1.2017062152609208e-07,1.0016681616858576,-8.046699490843513e-08,-1.2804003387476481e-10,8.053439142678926e-08,1.6100138633522438e-07,-1.6399994240292884e-08,1.6259223706594324e-08,3.265921794688721e-08,-1.8082038665774972e-07,1.8081888217207813e-07,3.6163926882982785e-07,-0.00011127410562772333,1.390446010119543e-07,8.514876335255714,7.287900669075,3.1842542854556325e-13,5582614.466731183,24063629.288081713,0.01699163461073032,-0.0008193192713497055,0.2726384100204211,7051014.624014528,9376985.43893212,1790401594319572.0,-3.20545341969361e-08,10524991.040571494,-3.006665610720363e-08,8239547.200841776,10954898.405822488,2846001164949457.0,7.454542836496768e-10,11348950.341291873,-2.7333323733821485e-09,7695042.9059643885,9679424.758386845,1780494427066160.0,1.79157512837139e-07,10090318.982548779,3.6030290376401046e-08,1.3867043446223493e-07,-1.6399994240292887e-08,1.3590975740312066e-07,1.6093130738190192e-08,0.013960397661155977
399,4862.553485865645,ACTIVE_ONE_B,2,11,0.938749999999986,LEFT,7.268677218782173e-21,1.952591766198657e-21,7.269146327309135e-21,1.201680253521377e-07,7.753675382730434e-08,1.201706104457291e-07,1.001669604336532,-8.046702335584992e-08,-1.2792923503108705e-10,8.05344169810651e-08,1.61001440336915e-07,-1.6399994240292884e-08,1.6259223706594324e-08,3.265921794688721e-08,-1.808203889508363e-07,1.8081888336245381e-07,3.616392723132901e-07,-0.00011128373912216993,1.3904378487845683e-07,8.51482635650247,7.287927876490588,3.1842525884603893e-13,5599608.92612021,24063324.239921793,0.01699940487921585,-0.0008195343797545718,0.27246378388013,7050598.116325613,9378321.563629456,1790225504153798.0,-3.20545341969361e-08,10528535.111379312,-3.006665610720363e-08,8248618.957817719,10961267.503674835,2833415246697046.0,7.454542836496768e-10,11354701.59560706,-2.7333323733821485e-09,7694678.8177466635,9676804.945710965,1780484405127630.0,1.79157512837139e-07,10084350.426632501,3.6030290376401046e-08,1.3867156235096547e-07,-1.6399994240292887e-08,1.3591039923771386e-07,1.6093009123874396e-08,0.013954446138841448
400,4865.24264650736,EVENT_TRANSPORT_PAUSED,2,11,0.9437499999999859,LEFT,7.268675797682185e-21,1.9525951766022913e-21,7.269144338005488e-21,1.20168017520782e-07,7.753679896926688e-08,1.2017059948360488e-07,1.0016713538561797,-8.046703225736927e-08,-1.2790127589151488e-10,8.053444237335847e-08,1.6100147463072773e-07,-1.6399994240292884e-08,1.6259223706594324e-08,3.265921794688721e-08,-1.8082039124842398e-07,1.8081888455523823e-07,3.6163927580366223e-07,-0.00011129339172577524,1.3904381065222295e-07,8.514827934848048,7.28794185911076,3.1842493280973113e-13,5616067.040264738,24062949.52069903,0.017007175147701375,-0.0008197475574602819,0.2724803855794177,7050155.559176198,9379647.368573649,1790914409081519.0,-3.20545341969361e-08,10489160.517520739,-3.006665610720363e-08,8254211.632783989,10937444.392492328,2831036114317888.0,7.454542836496768e-10,11315557.121784642,-2.7333323733821485e-09,7694313.817694416,9674186.09955537,1780474363185985.0,1.79157512837139e-07,10078359.497698179,3.6030290376401046e-08,1.3867270507886833e-07,-1.6399994240292887e-08,1.3591103748187014e-07,1.6092887570102557e-08,0.013954634089887064
401,4870.737132731734,EVENT_TRANSPORT_RECOVERY,2,11,0.9512499999999857,LEFT,7.268674717385166e-21,1.952601127468013e-21,7.269139467436788e-21,1.201680115675125e-07,7.753687773804529e-08,1.201705726441648e-07,1.0016744066199044,-8.046713184386534e-08,-1.275055289292248e-10,8.053450499382229e-08,1.610016368376876e-07,-1.6399994240292884e-08,1.6259223706594324e-08,3.265921794688721e-08,-1.8082039698865223e-07,1.80818887535589e-07,3.6163928452424124e-07,-0.00011131750843573762,1.390406348404183e-07,8.514633453044484,7.28802808448693,3.184247773346671e-13,5641427.474964077,24040231.51451648,0.01701883055042967,-0.0008207558707633567,0.2717634956502724,7048938.871569806,9382904.626422921,1777969077021864.0,-3.20545341969361e-08,10571702.905205825,-3.006665610720363e-08,8275428.386685486,10994736.626097463,2785038152516466.0,7.454542836496768e-10,11405727.75229172,-2.7333323733821485e-09,7693402.713346408,9667657.519711286,1780449273111782.0,1.79157512837139e-07,10063368.066741915,3.6030290376401046e-08,1.3866590554643163e-07,-1.6399994240292887e-08,1.3591307143700717e-07,1.6092692444759923e-08,0.01393147499290004
402,4974.392211954755,ACTIVE_ONE_B,2,11,0.9562499999999856,LEFT,7.268673293399958e-21,1.9526044532046432e-21,7.269137565685365e-21,1.2016800372025523e-07,7.753692175916913e-08,1.2017056216449348e-07,1.0016761127058114,-8.046714038189196e-08,-1.2747998100149951e-10,8.05345296756524e-08,1.6100167005754434e-07,-1.6399994240292884e-08,1.6259223706594324e-08,3.265921794688721e-08,-1.8082039929216048e-07,1.808188887317199e-07,3.6163928802388036e-07,-0.00011132718666728714,1.39040689790448e-07,8.514636818099323,7.2880413164254385,3.184244476743897e-13,5657603.670331512,24039880.85979674,0.0170266008189152,-0.0008209623725283777,0.27178531016268176,7048587.414959106,9384189.685872614,1786106539078610.0,-3.20545341969361e-08,10533944.424554087,-3.006665610720363e-08,8282720.003431363,10979155.15608835,2780425803641454.0,7.454542836496768e-10,11368696.052500485,-2.7333323733821485e-09,7693036.276958939,9665042.631361011,1780439203984783.0,1.79157512837139e-07,10057326.608854743,3.6030290376401046e-08,1.3866710662200093e-07,-1.6399994240292887e-08,1.3591370886810555e-07,1.6092570930651298e-08,0.013931875707156927
403,4976.3804067617775,EVENT_TRANSPORT_PAUSED,2,11,0.9599999999999854,LEFT,7.268672485535257e-21,1.952607070663895e-21,7.269135756090814e-21,1.2016799926829688e-07,7.753695640514196e-08,1.201705521926543e-07,1.0016774554490404,-8.04671680697941e-08,-1.273741851528288e-10,8.053455352768627e-08,1.6100172159748039e-07,-1.6399994240292884e-08,1.6259223706594324e-08,3.265921794688721e-08,-1.808204015945424e-07,1.8081888992734948e-07,3.616392915218919e-07,-0.00011133686039777047,1.3903977427624757e-07,8.51458075342552,7.288066370534013,3.184241808197458e-13,5685087.047111069,24037159.151686255,0.017032428520279343,-0.0008212827558407021,0.27163237809197277,7048407.579971415,9385461.87823182,1791525589544778.0,-3.20545341969361e-08,10510897.265501438,-3.006665610720363e-08,8297487.1820706725,10971305.68213408,2773580388986198.0,7.454542836496768e-10,11346956.205915423,-2.7333323733821485e-09,7692674.093097936,9656287.616921848,1780429139366690.0,1.79157512837139e-07,10051224.039773377,3.6030290376401046e-08,1.386661972055833e-07,-1.6399994240292887e-08,1.3591451454258855e-07,1.609247589432424e-08,0.01392519946704418
404,4980.46486063457,EVENT_TRANSPORT_RECOVERY,2,11,0.9662499999999853,LEFT,7.268672004142206e-21,1.952612022775293e-21,7.269131285372469e-21,1.2016799661544928e-07,7.753702195362955e-08,1.2017052755658474e-07,1.0016799958568974,-8.046728556384024e-08,-1.2690660878850554e-10,8.053461276896383e-08,1.610018983328041e-07,-1.6399994240292884e-08,1.6259223706594324e-08,3.265921794688721e-08,-1.8082040735072884e-07,1.8081889291692445e-07,3.616393002676533e-07,-0.0001113610467495807,1.390356850232524e-07,8.514330333896075,7.288161170404941,3.184240513708205e-13,5721419.450130131,24012711.287924025,0.017042141355886255,-0.0008223813805734448,0.2707612349769229,7047533.719619175,9388582.097260904,1761761434248150.0,-3.20545341969361e-08,10607083.561349405,-3.006665610720363e-08,8328243.290252497,11042166.285398753,2722874202524852.0,7.454542836496768e-10,11451133.559001146,-2.7333323733821485e-09,7691772.704158593,9641954.450864216,1780403974882723.0,1.79157512837139e-07,10036277.903816108,3.6030290376401046e-08,1.3865759675350964e-07,-1.6399994240292887e-08,1.359167256705298e-07,1.6092307153219136e-08,0.01389537924703621
405,4982.504831287088,ACTIVE_ONE_B,2,11,0.9712499999999853,LEFT,7.268670570536287e-21,1.952615205854556e-21,7.269129535899124e-21,1.2016798871517247e-07,7.753706408631297e-08,1.201705179160402e-07,1.0016816287603039,-8.04672934963827e-08,-1.2688518759530752e-10,8.05346361746798e-08,1.610019296710625e-07,-1.6399994240292884e-08,1.6259223706594324e-08,3.265921794688721e-08,-1.8082040966168327e-07,1.8081889411731768e-07,3.6163930377900097e-07,-0.00011137075736078472,1.3903575404287213e-07,8.514334560550848,7.288172605244745,3.184236864666232e-13,5737624.26978188,24012823.82549029,0.017049911624371784,-0.0008225761859188552,0.27079524017972184,7047216.144758018,9389811.976419732,1767184684454211.0,-3.20545341969361e-08,10567631.780814108,-3.006665610720363e-08,8335983.893641605,11025105.488848869,2718410876875802.0,7.454542836496768e-10,11411880.569565224,-2.7333323733821485e-09,7691411.413247706,9639531.481485143,1780393871199251.0,1.79157512837139e-07,10030330.145376896,3.6030290376401046e-08,1.3865896972799842e-07,-1.6399994240292887e-08,1.3591737186273335e-07,1.6092185558882115e-08,0.013895882561516304
406,5047.465077280318,EVENT_TRANSPORT_PAUSED,2,11,0.9762499999999857,LEFT,7.268669135346365e-21,1.952618377685214e-21,7.269127799258387e-21,1.2016798080616554e-07,7.75371060700592e-08,1.2017050834620874e-07,1.0016832558932331,-8.046730137357549e-08,-1.268642187752734e-10,8.053465949019888e-08,1.6100196086377438e-07,-1.6399994240292884e-08,1.6259223706594324e-08,3.265921794688721e-08,-1.8082041197427035e-07,1.8081889531865357e-07,3.6163930729292393e-07,-0.00011138047509406945,1.390358501481816e-07,8.514340445891374,7.288184039176498,3.184233363126656e-13,5752470.884214714,24012471.18351555,0.017057681892857314,-0.0008227700865157672,0.2708285123249322,7046733.803369968,9391029.820309808,1765606689044511.0,-3.20545341969361e-08,10525316.55845372,-3.006665610720363e-08,8339760.865032193,10998136.12117942,2716817988062994.0,7.454542836496768e-10,11369146.815742375,-2.7333323733821485e-09,7691043.7934454745,9637134.175904846,1780383759884295.0,1.79157512837139e-07,10024298.566986835,3.6030290376401046e-08,1.386603156907324e-07,-1.6399994240292887e-08,1.3591800788309338e-07,1.6092064103771998e-08,0.013896583394034101
407,5060.9529800213095,EVENT_TRANSPORT_RECOVERY,2,11,0.9824999999999857,LEFT,7.268668626590622e-21,1.952623059410758e-21,7.269123626288585e-21,1.2016797800252751e-07,7.753716803935542e-08,1.201704853508778e-07,1.0016856575945279,-8.04674177090626e-08,-1.264051602305013e-10,8.053471630245135e-08,1.6100213401151397e-07,-1.6399994240292884e-08,1.6259223706594324e-08,3.265921794688721e-08,-1.8082041774875505e-07,1.8081889831879345e-07,3.616393160675485e-07,-0.00011140474126691835,1.3903186973238037e-07,8.514096691383369,7.288275995615043,3.1842320559933046e-13,5786293.623010827,23987720.09675049,0.017067394728464223,-0.0008238464100551735,0.2699736792468979,7045806.411563009,9394025.495381879,1761563744991978.0,-1.79157512837139e-07,10618491.48201244,-3.006665610720363e-08,8367242.35842245,11065478.56791965,2667227978691308.0,7.454542836496768e-10,11469663.004153334,-2.7333323733821485e-09,7690132.108613631,9631152.212904174,1780358509868938.0,1.79157512837139e-07,10013431.279614965,3.652725989883417e-08,1.386519251634135e-07,-1.6399994240292887e-08,1.3592020930170864e-07,1.609189548906241e-08,0.013867556851764107
408,5064.217928609368,ACTIVE_ONE_B,2,11,0.9874999999999856,LEFT,7.268667180264991e-21,1.9526261177239972e-21,7.269122014300977e-21,1.2016797003215278e-07,7.753720852042738e-08,1.2017047646794785e-07,1.0016872264936012,-8.046742512581488e-08,-1.263875424567624e-10,8.053473856734377e-08,1.6100216369315865e-07,-1.6399994240292884e-08,1.6259223706594324e-08,3.265921794688721e-08,-1.8082042006697674e-07,1.8081889952340554e-07,3.6163931959038225e-07,-0.00011141448364293538,1.3903194685548942e-07,8.514101414283298,7.2882859400353395,3.1842281262942456e-13,5803418.138146275,23988376.85306575,0.017075164996949756,-0.0008240309175338023,0.2700182075695788,7045540.765383221,9393343.278860873,1761544511795412.0,-1.79157512837139e-07,10579337.88716334,-3.006665610720363e-08,8375850.921486172,11048805.061665703,2663521196220055.0,7.454542836496768e-10,11430372.526787506,-2.7333323733821485e-09,7689774.108395647,9628736.645042866,1780348372063076.0,1.79157512837139e-07,10009448.922312357,3.652725989883417e-08,1.386534460051246e-07,-1.6399994240292887e-08,1.359208622130727e-07,1.6091773845906334e-08,0.013868119259637268
409,5066.070083947021,EVENT_TRANSPORT_PAUSED,2,11,0.9912499999999855,LEFT,7.268666349253806e-21,1.9526284865499646e-21,7.269120476486197e-21,1.2016796545263688e-07,7.753723987513767e-08,1.201704679937494e-07,1.0016884416892249,-8.04674517615549e-08,-1.2628932576917646e-10,8.05347601699704e-08,1.610022119315253e-07,-1.6399994240292884e-08,1.6259223706594324e-08,3.265921794688721e-08,-1.8082042238397403e-07,1.8081890072748614e-07,3.616393231114602e-07,-0.00011142422116328099,1.3903109851730476e-07,8.514049463364813,7.288308070693402,3.184225151936136e-13,5829454.986007459,23985820.521619596,0.0170809926983139,-0.0008243307775821496,0.26988362854306946,7045346.007631921,9383762.935727352,1761525286174005.0,-1.79157512837139e-07,10552876.940981371,-3.006665610720363e-08,8389111.658130819,11037447.719986886,2657216768467524.0,7.454542836496768e-10,11404449.672300557,-2.7333323733821485e-09,7689410.466020315,9626336.785350036,1780338239046939.0,1.79157512837139e-07,10005440.74620135,3.652725989883417e-08,1.3865278237991428e-07,-1.6399994240292887e-08,1.359216702563743e-07,1.60916788095525e-08,0.013861932889819073
410,5096.440557301354,EVENT_TRANSPORT_RECOVERY,2,11,0.9987499999999854,LEFT,7.26866518794799e-21,1.952633514918211e-21,7.269116609423763e-21,1.201679590529409e-07,7.753730643250942e-08,1.2017044668412024e-07,1.0016910212164558,-8.046754742974337e-08,-1.2592154620380212e-10,8.053481449332375e-08,1.6100236192306714e-07,-1.6399994240292884e-08,1.6259223706594324e-08,3.265921794688721e-08,-1.8082042817912967e-07,1.808189037395432e-07,3.616393319186729e-07,-0.00011144857745826187,1.3902813913086314e-07,8.513868235115783,7.288383671890202,3.184222489389854e-13,5851927.955950071,23964416.856632367,0.017092648101042194,-0.0008252631572223112,0.2692329954241356,7044192.439619804,9377313.38989819,1761477188540356.0,-1.79157512837139e-07,10625948.99288315,-3.006665610720363e-08,8407206.697604625,11085237.704537522,2613579261925943.0,7.454542836496768e-10,11482456.229586555,-2.7333323733821485e-09,7688500.714218639,9620349.956327155,1780312892296112.0,1.79157512837139e-07,9995454.896368142,3.652725989883417e-08,1.386469251683437e-07,-1.6399994240292887e-08,1.359237177444856e-07,1.6091483588040673e-08,0.013840352039995896
411,5096.859216306722,FACILITATED_WINDOW,2,11,0.0,LEFT,7.268666083336774e-21,1.9526345937022663e-21,7.269114635250924e-21,1.2016796398722777e-07,7.75373207116857e-08,1.201704358053452e-07,1.001691574627167,-8.046765431029e-08,-1.2549453309550537e-10,8.053484396318459e-08,1.6100249827347457e-07,-1.6399994240292884e-08,1.6259223706594324e-08,3.265921794688721e-08,-1.80820431653557e-07,1.8081890554572498e-07,3.61639337199282e-07,-0.00011146318095178742,1.3902367884868017e-07,8.513595094332668,7.288458229523148,3.1842215367038233e-13,5912421.123893161,23949026.51319296,0.017094590668163597,-0.0008261107406415391,0.26840448271456224,7044664.606763095,9386575.207407722,1761448344082182.0,-1.79157512837139e-07,10683794.765653245,-3.006665610720363e-08,8453350.08042305,11146405.826720973,2578485603190832.0,7.454542836496768e-10,11545958.921581553,-2.7333323733821485e-09,7687970.883367605,9616763.621294945,1780297694079471.0,1.79157512837139e-07,9989280.770488743,3.652725989883417e-08,1.3863832836275986e-07,-1.6399994240292887e-08,1.3592546152219158e-07,1.6091434238508587e-08,0.013807826149288882
412,5096.866037749246,CHILD_CROSSING,2,11,0.0,LEFT,7.268674561499238e-21,1.952631275616731e-21,7.269109475173996e-21,1.201680107084608e-07,7.753727679228763e-08,1.20170407370482e-07,1.0016898724662326,-8.046836555266114e-08,-1.2268317212738168e-10,8.053495901327299e-08,1.6100332456593412e-07,-1.6399994240292884e-08,1.6259223706594324e-08,3.265921794688721e-08,-1.808204519881307e-07,1.8081891612202683e-07,3.616393681101575e-07,-0.00011154866479645698,1.389909850381707e-07,8.511592975937631,7.288854594664729,3.1841904226149407e-13,6388027.873424798,23880221.035586245,0.017094590668163597,-0.0008312471520479647,0.26317730862877536,7053014.421246401,9410336.358438287,1761279402710211.0,-1.79157512837139e-07,11003944.818603085,-3.006665610720363e-08,8850306.663022595,11516087.45687798,2695751125623821.0,1.2424238060827948e-09,11883680.045694506,-2.7333323733821485e-09,7685246.798107265,9597764.997862037,1780208714489460.0,1.79157512837139e-07,9961613.160004664,3.652725989883417e-08,1.3858735107025675e-07,-1.6399994240292887e-08,1.3593806411534164e-07,1.609128272865128e-08,0.013569411792571762
413,5111.396253338805,EVENT_TRANSPORT_PAUSED,2,12,0.0725,LEFT,7.268638703229551e-21,1.952667513590466e-21,7.26910909546995e-21,1.201678131014104e-07,7.753775644871384e-08,1.2017040527810327e-07,1.0017084623616943,-8.046723432246546e-08,-1.2745850027671337e-10,8.053496261591083e-08,1.610021969383763e-07,-1.6399994240292884e-08,1.6259223706594324e-08,3.265921794688721e-08,-1.8082045203358583e-07,1.808189161456795e-07,3.6163936817926535e-07,-0.00011154885591380115,1.3904186300258945e-07,8.514708663796508,7.288098408121848,3.184100702636171e-13,6456757.214531127,24168115.90365153,0.017207259561203767,-0.0008242375769471622,0.27441017471558155,7045892.707661207,9288692.106633054,1761279024819145.0,-1.79157512837139e-07,10079525.489093216,-7.529088264861736e-08,8571526.303750005,10026312.933911579,2884643989188759.0,7.454542836496768e-10,10095076.78739613,-2.7333323733821485e-09,7685240.427019648,9597730.050485803,1780208515527541.0,1.79157512837139e-07,9961547.694422457,3.652725989883417e-08,1.387265845828989e-07,-1.639999424029289e-08,1.3593081935466514e-07,1.6089721849411585e-08,0.013940431168072642
414,5111.396642837384,EVENT_TRANSPORT_RECOVERY,2,12,0.0725,LEFT,7.2686392655169e-21,1.952670570180157e-21,7.269105476592909e-21,1.2016781620005752e-07,7.753779690635819e-08,1.201703853360908e-07,1.001710030376596,-8.046728469814838e-08,-1.2723585390944876e-10,8.05349999326463e-08,1.6100228463079467e-07,-1.6399994240292884e-08,1.6259223706594324e-08,3.265921794688721e-08,-1.808204531981262e-07,1.8081891675166716e-07,3.6163936994979333e-07,-0.00011155375229843223,1.3904809870965109e-07,8.51509052885352,7.288173374874115,3.18414925617862e-13,5707835.6840818785,24006546.115521237,0.017207259561203767,-0.0008247826918552636,0.2731895954703555,7034276.434152222,9383482.76985279,1761269343022805.0,-1.79157512837139e-07,10079270.266070975,-7.529088264861736e-08,8275033.739564831,10529416.705954587,2618372750357187.0,7.454542836496768e-10,10816761.919867149,-2.7333323733821485e-09,7684832.912370412,9596436.956658613,1780203418107009.0,1.79157512837139e-07,9963773.002562655,3.652725989883417e-08,1.3870775262601354e-07,-1.639999424029289e-08,1.3592872667265304e-07,1.6089747069730097e-08,0.013985904059259369
415,5111.399758826018,EVENT_TRANSPORT_RECOVERY,2,12,0.0725,LEFT,7.268643501087181e-21,1.9526767617686024e-21,7.26909504943418e-21,1.2016783954138793e-07,7.753787885935584e-08,1.201703278766466e-07,1.0017132066298486,-8.046764315816133e-08,-1.2575821128638561e-10,8.053512723511787e-08,1.610027703932792e-07,-1.6399994240292884e-08,1.6259223706594324e-08,3.265921794688721e-08,-1.8082046252750328e-07,1.8081892160757068e-07,3.6163938413507395e-07,-0.00011159298160867692,1.3903660824596218e-07,8.51438687062707,7.288532498281141,3.1842018637677867e-13,5720727.072115097,23868729.954711653,0.017207259561203767,-0.0008278022957950437,0.2696193972213454,7025560.704834461,9374411.592392186,1761191753240946.0,-1.79157512837139e-07,10333573.656065388,-3.006665610720363e-08,8155792.8291794,10790950.272366792,2585699244202595.0,7.454542836496768e-10,11193426.456966056,-2.7333323733821485e-09,7682054.596326102,9587576.350117415,1780162574751873.0,1.79157512837139e-07,9918528.347011825,3.652725989883417e-08,1.386615785684496e-07,-1.6399994240292887e-08,1.3593139227278195e-07,1.6089715026968446e-08,0.013902111700214048
416,5111.404822307548,EVENT_TRANSPORT_RECOVERY,2,12,0.0725,LEFT,7.268649577160296e-21,1.9526776767208896e-21,7.26908805840878e-21,1.2016787302532367e-07,7.753789096981706e-08,1.2017028935217744e-07,1.0017136759956995,-8.046819067787194e-08,-1.2359175604689335e-10,8.053524343757376e-08,1.610034341154457e-07,-1.6399994240292884e-08,1.6259223706594324e-08,3.265921794688721e-08,-1.8082047773628994e-07,1.8081892952847972e-07,3.6163940726476966e-07,-0.00011165694664638792,1.3901102952408446e-07,8.512820469256447,7.288922904648079,3.1841973014839507e-13,6138711.943977168,23844112.342884548,0.017207259561203767,-0.0008319281353419417,0.26537528996366644,7037196.203404339,9380398.243471848,1761065161176030.0,-1.79157512837139e-07,10758690.589583376,-3.006665610720363e-08,8576600.817583874,11257609.437581776,2669328003186946.0,1.2424238060827948e-09,11656266.473650906,-2.7333323733821485e-09,7680587.407001732,9564229.410887199,1780095964508210.0,1.79157512837139e-07,9900489.053209601,3.652725989883417e-08,1.386170802154775e-07,-1.6399994240292887e-08,1.35939385699473e-07,1.608961864173325e-08,0.013715582983399033
417,5111.761133082514,ACTIVE_ONE_B,2,12,0.07375,LEFT,7.268651639293492e-21,1.9526772338813295e-21,7.269086439115143e-21,1.201678843892932e-07,7.753788510831919e-08,1.201702804289582e-07,1.0017134488212667,-8.046841564690865e-08,-1.2272182923418107e-10,8.053528261561942e-08,1.6100369826252806e-07,-1.6399994240292884e-08,1.6259223706594324e-08,3.265921794688721e-08,-1.8082048477838784e-07,1.808189331981874e-07,3.616394179765752e-07,-0.00011168657008164828,1.3900054739250346e-07,8.51217855972891,7.289052025598047,3.1841863787226277e-13,6309812.88200423,23830116.614269443,0.017209202128325152,-0.0008335701303416876,0.26379534446036135,7041071.318253171,9373557.490432547,1761006500359159.0,-1.79157512837139e-07,10832802.58735993,-3.006665610720363e-08,8725482.812849104,11369039.039910406,2733555151134721.0,1.2424238060827948e-09,11732577.275272371,-2.7333323733821485e-09,7679799.627872194,9557124.190283913,1780065110117625.0,1.79157512837139e-07,9893047.93933223,3.652725989883417e-08,1.3860202598558575e-07,-1.6399994240292887e-08,1.3594333654494745e-07,1.6089542453416277e-08,0.013639143724133662
418,5118.202945106081,EVENT_TRANSPORT_PAUSED,2,12,0.07875,LEFT,7.268650059579679e-21,1.9526794306466344e-21,7.269085822063652e-21,1.201678756838326e-07,7.753791418506043e-08,1.2017027702865687e-07,1.0017145757506494,-8.046841922569978e-08,-1.2273326019208938e-10,8.053529648340732e-08,1.6100371570910708e-07,-1.6399994240292884e-08,1.6259223706594324e-08,3.265921794688721e-08,-1.808204871389942e-07,1.8081893442862985e-07,3.6163942156762406e-07,-0.00011169650110631757,1.3900070336019594e-07,8.512188110949195,7.289047613049316,3.184179152610543e-13,6324190.062296235,23832863.407093443,0.01721697239681068,-0.000833678582024211,0.26393978669278184,7040739.506353687,9374207.863049036,1760986829967316.0,-1.79157512837139e-07,10767966.581532743,-3.006665610720363e-08,8730587.601566019,11321948.264070107,2724140324837974.0,1.2424238060827948e-09,11662575.685072588,-2.7333323733821485e-09,7679481.685037742,9555029.530913496,1780054765563764.0,1.79157512837139e-07,9890450.408271642,3.652725989883417e-08,1.3860493539938074e-07,-1.6399994240292887e-08,1.359440635274777e-07,1.6089419970896908e-08,0.013640281093454831
419,5120.069101285979,EVENT_TRANSPORT_RECOVERY,2,12,0.08125,LEFT,7.268650164838408e-21,1.952680298501843e-21,7.269084848949714e-21,1.201678762638907e-07,7.753792567212646e-08,1.201702716662505e-07,1.0017150209559393,-8.046850246580126e-08,-1.2242106558012228e-10,8.053531773358133e-08,1.6100382019938257e-07,-1.6399994240292884e-08,1.6259223706594324e-08,3.265921794688721e-08,-1.8082049067098359e-07,1.8081893626993588e-07,3.616394269409195e-07,-0.00011171136092325007,1.3899778298658942e-07,8.512009271785853,7.289094853311515,3.184176820301201e-13,6336598.58398133,23813767.084628187,0.017220857531053443,-0.0008343281160201332,0.2633639762917366,7040058.398469916,9374967.959004268,1760957392575262.0,-1.79157512837139e-07,10827143.219403263,-3.006665610720363e-08,8738398.073380254,11353566.499830514,2723987034976339.0,1.2424238060827948e-09,11721768.750887597,-2.7333323733821485e-09,7678939.22897336,9552239.958666328,1780039286163368.0,1.79157512837139e-07,9885181.61834244,3.652725989883417e-08,1.385994421835219e-07,-1.6399994240292887e-08,1.3594558465369338e-07,1.6089344715529355e-08,0.01361898473845935
420,5130.907250646933,ACTIVE_ONE_B,2,12,0.085,LEFT,7.268649205336064e-21,1.9526818794429627e-21,7.269084227510938e-21,1.2016787097628062e-07,7.753794659769938e-08,1.2017026824177226e-07,1.0017158319706598,-8.046852548231918e-08,-1.2235044500722112e-10,8.053533170067689e-08,1.6100385718299606e-07,-1.6399994240292884e-08,1.6259223706594324e-08,3.265921794688721e-08,-1.8082049303211096e-07,1.8081893750104183e-07,3.6163943053315276e-07,-0.00011172129522329932,1.389971952756281e-07,8.51197328127547,7.289104725576523,3.184172155873579e-13,6355550.643560245,23810580.506405506,0.01722668523241759,-0.0008345580141051467,0.2633044100103767,7039661.2486009225,9375298.063936839,1760937709623059.0,-1.79157512837139e-07,10784303.317405013,-3.006665610720363e-08,8743715.500999853,11332038.109927949,2722249612772447.0,1.2424238060827948e-09,11676785.480287183,-2.7333323733821485e-09,7678562.622163268,9550361.779899705,1780028937099744.0,1.79157512837139e-07,9881157.406580538,3.652725989883417e-08,1.3859978098979763e-07,-1.6399994240292887e-08,1.3594642777629998e-07,1.608924924407352e-08,0.013614698950764614
421,5132.877134541518,ACTIVE_ONE_B,2,12,0.08750000000000001,LEFT,7.268648860641179e-21,1.9526828009487374e-21,7.269083650700048e-21,1.2016786907674147e-07,7.753795879488233e-08,1.2017026506321865e-07,1.0017163046984163,-8.046856779616046e-08,-1.22198731469681e-10,8.053534527681184e-08,1.610039130729723e-07,-1.6399994240292884e-08,1.6259223706594324e-08,3.265921794688721e-08,-1.8082049539170956e-07,1.8081893873150952e-07,3.616394341232191e-07,-0.00011173122353058673,1.389957555739684e-07,8.511885116172309,7.28912729631013,3.184169197139896e-13,6374422.115650207,23803135.664704416,0.017230570366660355,-0.0008349054382017496,0.2630532459709037,7039367.071302004,9375514.194586288,1760918036104583.0,-1.79157512837139e-07,10785063.543527026,-3.006665610720363e-08,8752524.676266892,11334865.085116373,2725167436673306.0,1.2424238060827948e-09,11676707.241625955,-2.7333323733821485e-09,7678192.618014288,9548413.362915277,1780018593835459.0,1.79157512837139e-07,9876922.684608757,3.652725989883417e-08,1.3859778753158928e-07,-1.6399994240292887e-08,1.3594739479846984e-07,1.608918068545246e-08,0.01360420015788244
422,5204.9368219188555,EVENT_TRANSPORT_RECOVERY,2,12,0.09125000000000001,LEFT,7.268648340280632e-21,1.952684177942439e-21,7.269082794066894e-21,1.2016786620914663e-07,7.75379770209618e-08,1.2017026034268614e-07,1.001717011089153,-8.0468631216557e-08,-1.2197174802284176e-10,8.053536562520578e-08,1.6100399684176278e-07,-1.6399994240292884e-08,1.6259223706594324e-08,3.265921794688721e-08,-1.8082049893360554e-07,1.8081894057881413e-07,3.6163943951241965e-07,-0.00011174612733300116,1.3899375034449497e-07,8.511762319020418,7.289161644840015,3.1841657212615363e-13,6388912.853724827,23789554.52410412,0.017236398068024503,-0.0008354261629961446,0.2626639606690772,7038611.470215234,9375738.690734357,1760888498763801.0,-1.79157512837139e-07,10810586.066542778,-3.006665610720363e-08,8757804.309200035,11345293.46761339,2725573910824148.0,1.2424238060827948e-09,11703115.857418757,-2.7333323733821485e-09,7677634.957499951,9545338.787425715,1780003066285598.0,1.79157512837139e-07,9870559.579531763,3.652725989883417e-08,1.3859454979050674e-07,-1.6399994240292887e-08,1.3594878941946276e-07,1.6089078519647663e-08,0.013589577344342851
423,5209.077058786796,EVENT_TRANSPORT_RECOVERY,2,12,0.09375000000000001,LEFT,7.26864799093459e-21,1.9526850371554453e-21,7.26908228419993e-21,1.2016786428397582e-07,7.75379883936199e-08,1.2017025753303103e-07,1.0017174518610372,-8.046867332985172e-08,-1.218217107060192e-10,8.05353786692091e-08,1.610040519990608e-07,-1.6399994240292884e-08,1.6259223706594324e-08,3.265921794688721e-08,-1.808205012965248e-07,1.8081894181141592e-07,3.6163944310794074e-07,-0.00011175607072555493,1.3899235294270067e-07,8.5116767442956,7.2891841909009845,3.1841630385719677e-13,6407058.153649257,23782033.78189087,0.017240283202267268,-0.000835769032607736,0.26241136689498257,7038304.117543621,9375816.835137501,1760868789221962.0,-1.79157512837139e-07,10812867.178703522,-3.006665610720363e-08,8766373.43703997,11350898.117732408,2729052653909770.0,1.2424238060827948e-09,11708335.718217907,-2.7333323733821485e-09,7677256.572142525,9543257.39734093,1779992706184646.0,1.79157512837139e-07,9866121.09147464,3.652725989883417e-08,1.3859251791699194e-07,-1.6399994240292887e-08,1.3594974530751563e-07,1.6089010084992906e-08,0.01357938701642869
424,5212.971428321413,EVENT_TRANSPORT_RECOVERY,2,12,0.09750000000000002,LEFT,7.26864746202892e-21,1.9526862709507533e-21,7.269081579310293e-21,1.2016786136929042e-07,7.753800472429354e-08,1.2017025364869054e-07,1.0017180847917295,-8.046873630957479e-08,-1.2159818349095386e-10,8.05353977480664e-08,1.610041340576412e-07,-1.6399994240292884e-08,1.6259223706594324e-08,3.265921794688721e-08,-1.8082050484336953e-07,1.8081894366191094e-07,3.6163944850528047e-07,-0.000111770997036853,1.389902819863042e-07,8.511549922128589,7.289217761932894,3.1841591145642086e-13,6433462.56424892,23770808.498081386,0.01724611090363141,-0.0008362791263687441,0.2620335471672493,7037847.90587049,9375877.781543547,1760839198042348.0,-1.79157512837139e-07,10816026.210466923,-3.006665610720363e-08,8779166.665885217,11358918.893343598,2734322778526327.0,1.2424238060827948e-09,11715813.453232987,-2.7333323733821485e-09,7676686.909651693,9540025.785711933,1779977153491193.0,1.79157512837139e-07,9859463.467176732,3.652725989883417e-08,1.385894748736993e-07,-1.6399994240292887e-08,1.3595117251431646e-07,1.6088907497992374e-08,0.013564284899870271
425,5218.766287648423,ACTIVE_ONE_B,2,12,0.10125000000000002,LEFT,7.268646489173111e-21,1.9526876845256625e-21,7.269081138591192e-21,1.2016785600809094e-07,7.753802343454466e-08,1.2017025122007894e-07,1.0017188099484389,-8.046875875975057e-08,-1.2153211439086317e-10,8.053541024996382e-08,1.610041690097144e-07,-1.6399994240292884e-08,1.6259223706594324e-08,3.265921794688721e-08,-1.8082050721244713e-07,1.8081894489813567e-07,3.616394521105828e-07,-0.00011178096747932464,1.3898973692203403e-07,8.511516543235619,7.289227058197335,3.1841546904137536e-13,6453678.088100346,23768542.893336877,0.01725193860499556,-0.000836496395962838,0.26197684923156705,7037554.089946776,9375873.546277756,1760819428701083.0,-1.79157512837139e-07,10779205.052444758,-3.006665610720363e-08,8787108.263682608,11344911.814500941,2734982072466336.0,1.2424238060827948e-09,11681289.2470745,-2.7333323733821485e-09,7676303.096099304,9537847.464421902,1779966764069583.0,1.79157512837139e-07,9854874.98592388,3.652725989883417e-08,1.385898271624319e-07,-1.6399994240292887e-08,1.3595200539696728e-07,1.6088812119238587e-08,0.013560310106313977
426,5249.599113910765,EVENT_TRANSPORT_RECOVERY,2,12,0.10750000000000003,LEFT,7.268645588323664e-21,1.9526895740589755e-21,7.269080149907327e-21,1.2016785104370262e-07,7.753804844462558e-08,1.2017024577187112e-07,1.0017197792693788,-8.046886305828412e-08,-1.2116494298579164e-10,8.053544058437542e-08,1.6100430364265953e-07,-1.6399994240292884e-08,1.6259223706594324e-08,3.265921794688721e-08,-1.808205131336141e-07,1.8081894798862908e-07,3.616394611222432e-07,-0.00011180588917314438,1.3898650040932037e-07,8.511318344202259,7.289282352059508,3.1841489372396754e-13,6486115.080787823,23748519.249534752,0.01726165144060247,-0.0008373333032676289,0.26134555334694803,7036633.200793119,9375792.890678464,1760770003237422.0,-1.79157512837139e-07,10811589.576943003,-3.006665610720363e-08,8803015.167953478,11366242.15508492,2740668184603767.0,1.2424238060827948e-09,11720099.09459242,-2.7333323733821485e-09,7675349.280250803,9525427.881243285,1779940793106883.0,1.79157512837139e-07,9843482.870533459,3.652725989883417e-08,1.3858465433096892e-07,-1.6399994240292887e-08,1.3595432007528095e-07,1.608864188145586e-08,0.01353670835770715
427,5262.816659070602,EVENT_TRANSPORT_RECOVERY,2,12,0.11000000000000003,LEFT,7.268645223944135e-21,1.952690276268365e-21,7.269079812077464e-21,1.20167849035685e-07,7.753805773914597e-08,1.2017024391023723e-07,1.0017201394992095,-8.046890458962812e-08,-1.210195251274548e-10,8.053545224471683e-08,1.6100435683434495e-07,-1.6399994240292884e-08,1.6259223706594324e-08,3.265921794688721e-08,-1.8082051550433159e-07,1.8081894922629517e-07,3.6163946473062676e-07,-0.00011181586813679978,1.3898524229815615e-07,8.511241299420217,7.289304163432525,3.1841464724266145e-13,6503702.836139727,23741274.21785816,0.017265536574845232,-0.0008376639542091446,0.2610980749582349,7036362.869345048,9375717.228438506,1760750208298164.0,-1.79157512837139e-07,10815228.020599216,-3.006665610720363e-08,8811593.630101888,11372829.069704693,2744574562904895.0,1.2424238060827948e-09,11726432.14782824,-2.7333323733821485e-09,7674960.151602998,9520548.94223459,1779930393196338.0,1.79157512837139e-07,9838773.569433372,3.652725989883417e-08,1.3858266405890613e-07,-1.6399994240292887e-08,1.359552553350544e-07,1.6088573663922535e-08,0.013527533784318146
428,5265.343114465105,ACTIVE_ONE_B,2,12,0.11375000000000003,LEFT,7.268644671108375e-21,1.952691217710327e-21,7.269079423471262e-21,1.2016784598912523e-07,7.753807020017139e-08,1.2017024176879685e-07,1.0017206224541282,-8.04689665069369e-08,-1.208040851828624e-10,8.053546870823832e-08,1.6100443521517521e-07,-1.6399994240292884e-08,1.6259223706594324e-08,3.265921794688721e-08,-1.8082051906279884e-07,1.8081895108436078e-07,3.616394701471596e-07,-0.00011183084752652839,1.3898323283766298e-07,8.51111824316722,7.289335602950401,3.1841418649509713e-13,6543404.181751134,23733286.992817163,0.017271364276209383,-0.0008381511862851632,0.26074384553535696,7036327.777754916,9375556.647942163,1760720489501132.0,-1.79157512837139e-07,10796737.294755964,-3.006665610720363e-08,8833584.105317095,11378147.336838353,2754754972998520.0,1.2424238060827948e-09,11712533.746742047,-2.7333323733821485e-09,7674379.697083642,9517352.692865407,1779914781056220.0,1.79157512837139e-07,9831693.41008421,3.652725989883417e-08,1.3857997793205585e-07,-1.6399994240292887e-08,1.3595670942354814e-07,1.6088470699636233e-08,0.013512880116747228
429,5271.731699022289,ACTIVE_ONE_B,2,12,0.11750000000000003,LEFT,7.268643683308796e-21,1.9526925204295096e-21,7.269079108551662e-21,1.2016784054557244e-07,7.753808744309371e-08,1.2017024003341134e-07,1.001721290742416,-8.046898844473697e-08,-1.2074204228597248e-10,8.053548024844165e-08,1.610044686931786e-07,-1.6399994240292884e-08,1.6259223706594324e-08,3.265921794688721e-08,-1.8082052143958478e-07,1.8081895232562142e-07,3.6163947376520617e-07,-0.00011184085321302994,1.3898282174301985e-07,8.511093068367027,7.2893444735269695,3.184138284493323e-13,6549652.69678229,23728843.00006319,0.017277191977573526,-0.0008383592927450056,0.2606833686124672,7035746.763776978,9375454.426620914,1760700635298604.0,-1.79157512837139e-07,10783314.734841717,-3.006665610720363e-08,8833493.392278738,11368278.701680884,2750849733365547.0,1.2424238060827948e-09,11700705.233470844,-2.7333323733821485e-09,7673990.330194225,9515180.829466265,1779904352134297.0,1.79157512837139e-07,9827048.631779084,3.652725989883417e-08,1.3858018067192832e-07,-1.6399994240292887e-08,1.3595747453189895e-07,1.6088376125833122e-08,0.013509882275156926
430,5278.541763938106,EVENT_TRANSPORT_RECOVERY,2,12,0.12250000000000001,LEFT,7.268642746110522e-21,1.95269400579007e-21,7.269078560389375e-21,1.2016783538087218e-07,7.753810710346635e-08,1.2017023701272634e-07,1.0017220527247976,-8.04690911212794e-08,-1.2038700070076266e-10,8.053550700557071e-08,1.610045981268501e-07,-1.6399994240292884e-08,1.6259223706594324e-08,3.265921794688721e-08,-1.808205273798287e-07,1.808189554286288e-07,3.616394828084575e-07,-0.00011186586227140971,1.3897972836762356e-07,8.510903634841624,7.28939697518584,3.18413209480991e-13,6591349.12791465,23706476.44854234,0.017284962246059056,-0.0008392845939686477,0.2600809349725982,7035186.261606094,9375056.074478341,1760650999066683.0,-1.79157512837139e-07,10793010.776006546,-3.006665610720363e-08,8856150.778960451,11385347.003650365,2760572999749378.0,1.2424238060827948e-09,11716871.35656296,-2.7333323733821485e-09,7673014.543932267,9509727.287009895,1779878283167433.0,1.79157512837139e-07,9815023.982318193,3.652725989883417e-08,1.3857301950782092e-07,-1.6399994240292887e-08,1.3595990222609265e-07,1.608823285766769e-08,0.013487324332424055
431,5280.966003211929,ACTIVE_ONE_B,2,12,0.12625,LEFT,7.26864236680414e-21,1.952694546692342e-21,7.269078398793484e-21,1.2016783329059532e-07,7.753811426289742e-08,1.201702361222413e-07,1.001722330204901,-8.046913195668293e-08,-1.202466164374862e-10,8.05355172316572e-08,1.610046491883401e-07,-1.6399994240292884e-08,1.6259223706594324e-08,3.265921794688721e-08,-1.8082052975810964e-07,1.8081895667127626e-07,3.616394864293859e-07,-0.00011187587592775827,1.3897848950068071e-07,8.510827768545935,7.28941741714541,3.1841295198297704e-13,6611339.011505699,23704984.163094733,0.017290789947423203,-0.0008394812894372272,0.259844313356916,7034998.769919564,9374875.10368804,1760631120272814.0,-1.79157512837139e-07,10796639.500482246,-3.006665610720363e-08,8865829.88390963,11392094.733961847,2764310401218923.0,1.2424238060827948e-09,11723082.203785168,-2.7333323733821485e-09,7672626.682517213,9507497.76098696,1779867844305757.0,1.79157512837139e-07,9810243.50104965,3.652725989883417e-08,1.3857354353847453e-07,-1.6399994240292887e-08,1.3596071418767384e-07,1.6088137692278895e-08,0.013478290094425027
432,5291.798302582595,EVENT_TRANSPORT_RECOVERY,2,12,0.1325,LEFT,7.268641410677039e-21,1.9526958478233074e-21,7.269078053789619e-21,1.201678280215817e-07,7.753813148477837e-08,1.2017023422107427e-07,1.0017229976784414,-8.046923368100675e-08,-1.1989817562374152e-10,8.053554238736866e-08,1.610047760683754e-07,-1.6399994240292884e-08,1.6259223706594324e-08,3.265921794688721e-08,-1.808205357092163e-07,1.8081895978148608e-07,3.6163949549070235e-07,-0.00011190093494506392,1.3897556551133192e-07,8.510648707960128,7.28946835578452,3.184123990282579e-13,6640883.047744393,23685646.026464924,0.017300502783030115,-0.0008402700029890298,0.2592457468678379,7034158.746013169,9374398.906143367,1760581362916317.0,-1.79157512837139e-07,10827503.114166344,-3.006665610720363e-08,8879980.71687846,11411340.098256815,2768211363850406.0,1.2424238060827948e-09,11759702.012389755,-2.7333323733821485e-09,7671650.009516372,9501868.658391595,1779841719174588.0,1.79157512837139e-07,9798310.79462713,3.652725989883417e-08,1.385687277991531e-07,-1.6399994240292887e-08,1.359629617439843e-07,1.6087968156841694e-08,0.013456967372210027
433,5296.267092029716,EVENT_TRANSPORT_PAUSED,2,12,0.13625,LEFT,7.268640407041888e-21,1.9526968817287077e-21,7.269078023519372e-21,1.2016782249076076e-07,7.75381451696334e-08,1.2017023405426805e-07,1.0017235280666317,-8.046925456796547e-08,-1.1984336611396599e-10,8.053555151965539e-08,1.6100480608762086e-07,-1.6399994240292884e-08,1.6259223706594324e-08,3.265921794688721e-08,-1.8082053809470505e-07,1.8081896102851665e-07,3.616394991232217e-07,-0.0001119109806559937,1.3897495067805505e-07,8.510611056521084,7.2894744724581635,3.1841187417070885e-13,6673197.657452891,23686503.294463873,0.017306330484394263,-0.0008404566090667309,0.25922171122897036,7034138.692780236,9374150.613780292,1760561411680496.0,-1.79157512837139e-07,10765152.950169737,-3.006665610720363e-08,8893770.869701229,11383911.83306647,2772880372756832.0,1.2424238060827948e-09,11699081.48339761,-2.7333323733821485e-09,7671255.69723502,9499628.076878356,1779831245258487.0,1.79157512837139e-07,9793311.37314516,3.652725989883417e-08,1.3856952202768717e-07,-1.6399994240292887e-08,1.359638107628712e-07,1.6087872522685305e-08,0.01345248379938968
434,5317.690607163891,EVENT_TRANSPORT_RECOVERY,2,12,0.14375000000000002,LEFT,7.26864008122789e-21,1.9526972942973247e-21,7.269077936764751e-21,1.2016782069526865e-07,7.753815063042344e-08,1.2017023357620085e-07,1.0017237397122254,-8.046945424639262e-08,-1.1913500019920807e-10,8.053558796300125e-08,1.6100504220939385e-07,-1.6399994240292884e-08,1.6259223706594324e-08,3.265921794688721e-08,-1.808205476313639e-07,1.8081896601565312e-07,3.6163951364701706e-07,-0.00011195114612672086,1.3896880694156756e-07,8.5102348235998,7.289578547592683,3.1841128529644663e-13,6734754.730696218,23649367.142262742,0.017317985887122557,-0.0008419243927237918,0.2579107351194826,7033419.646052435,9373065.682062855,1760481616126495.0,-1.79157512837139e-07,10858398.524862777,-3.006665610720363e-08,8930278.436257172,11455490.877833769,2791174958362799.0,1.2424238060827948e-09,11803381.063878305,-2.7333323733821485e-09,7669680.930709208,9490418.7350033,1779789363044713.0,1.79157512837139e-07,9773723.05562732,3.652725989883417e-08,1.3855763371157563e-07,-1.6399994240292887e-08,1.3596766537760373e-07,1.6087654856778585e-08,0.013407681588828213
435,5322.644482595006,EVENT_TRANSPORT_PAUSED,2,12,0.14875000000000002,LEFT,7.268638451913203e-21,1.9526988817948088e-21,7.269077978581954e-21,1.201678117164589e-07,7.753817164265543e-08,1.2017023380663736e-07,1.0017245540903275,-8.046945525185163e-08,-1.1916530070663485e-10,8.053559658817551e-08,1.6100505184002714e-07,-1.6399994240292884e-08,1.6259223706594324e-08,3.265921794688721e-08,-1.808205500257928e-07,1.8081896726825516e-07,3.6163951729404796e-07,-0.00011196123196932639,1.3896905378429633e-07,8.510249939866771,7.289571240012148,3.1841063834852577e-13,6755261.446717161,23653034.217117775,0.017325756155608083,-0.00084198425880877,0.2580790718935947,7033059.039662317,9367809.952751994,1760461572587812.0,-1.79157512837139e-07,10778617.703366177,-3.006665610720363e-08,8935027.786838958,11411212.28849569,2787607573749895.0,1.2424238060827948e-09,11724142.83449366,-2.7333323733821485e-09,7669287.591016676,9488075.23886408,1779778844948883.0,1.79157512837139e-07,9768798.847257862,3.652725989883417e-08,1.385606538727803e-07,-1.6399994240292887e-08,1.3596833894832175e-07,1.6087532923700544e-08,0.013409481649740984
436,5329.418642737972,EVENT_TRANSPORT_RECOVERY,2,12,0.15625000000000003,LEFT,7.268638091355568e-21,1.952698827485721e-21,7.269078393448676e-21,1.2016780972950158e-07,7.753817092381659e-08,1.201702360927884e-07,1.0017245262300427,-8.046965255906991e-08,-1.1847254928361216e-10,8.053562898502497e-08,1.6100528154409486e-07,-1.6399994240292884e-08,1.6259223706594324e-08,3.265921794688721e-08,-1.8082055958625418e-07,1.8081897227145125e-07,3.6163953185770545e-07,-0.00011200150767853856,1.3896300818855766e-07,8.509879716933174,7.28967086444135,3.184100231892514e-13,6816037.409220714,23616925.38500449,0.017337411558336378,-0.0008434121486315949,0.2568018073400805,7032459.300172919,9340978.223499103,1760381507844601.0,-1.79157512837139e-07,10869910.57589103,-3.006665610720363e-08,8971175.541263605,11480857.71350741,2803786367633925.0,1.2424238060827948e-09,11826000.414934872,-2.7333323733821485e-09,7667715.029305736,9478646.553793933,1779736838503416.0,1.79157512837139e-07,9749055.651794547,3.652725989883417e-08,1.3854919599845928e-07,-1.6399994240292887e-08,1.3597216043952497e-07,1.6087315547996894e-08,0.013365395114811607
437,5332.5294454194345,ACTIVE_ONE_B,2,12,0.16000000000000003,LEFT,7.268636454426854e-21,1.952700307827667e-21,7.269078550035446e-21,1.2016780070873087e-07,7.75381905177202e-08,1.201702369556703e-07,1.001725285637901,-8.04696529951492e-08,-1.185065476261321e-10,8.053563669460146e-08,1.6100528968975068e-07,-1.6399994240292884e-08,1.6259223706594324e-08,3.265921794688721e-08,-1.8082056198658062e-07,1.8081897352805136e-07,3.61639535514632e-07,-0.00011201162088747552,1.38963291537433e-07,8.509897068780104,7.289662589371991,3.184093716639416e-13,6833942.595204177,23615567.905000933,0.01734323925970052,-0.0008435834926960872,0.25697838720425276,7032076.891263816,9334227.67451611,1760361397365542.0,-1.79157512837139e-07,10789437.970202362,-3.006665610720363e-08,8975136.444978664,11435735.128587354,2799581413748757.0,1.2424238060827948e-09,11745940.392864581,-2.7333323733821485e-09,7667319.879944884,9475348.432359971,1779726289555086.0,1.79157512837139e-07,9744073.047062023,3.652725989883417e-08,1.385499240256944e-07,-1.6399994240292887e-08,1.359729386004716e-07,1.6087220726843566e-08,0.013367461390928925
438,5340.708692535839,EVENT_TRANSPORT_PAUSED,2,12,0.16375000000000003,LEFT,7.268636050494301e-21,1.9527005313123663e-21,7.269078730483299e-21,1.201677984827431e-07,7.753819347577756e-08,1.2017023795004032e-07,1.0017254002844105,-8.046969221207912e-08,-1.1837694847458152e-10,8.053564419025758e-08,1.6100533640233669e-07,-1.6399994240292884e-08,1.6259223706594324e-08,3.265921794688721e-08,-1.8082056438224025e-07,1.80818974782392e-07,3.6163953916463226e-07,-0.00011202171494173463,1.3896216171888795e-07,8.509827880439655,7.289680327747651,3.1840911972647253e-13,6851356.510298595,23614163.448035236,0.017349066961064672,-0.0008437531592455638,0.2567623739973703,7031877.815589127,9327486.066644188,1760341322480753.0,-1.79157512837139e-07,10791238.668504478,-3.006665610720363e-08,8982703.688103616,11440193.330172565,2801645718234786.0,1.2424238060827948e-09,11749859.736549433,-2.7333323733821485e-09,7666925.423982085,9471837.865980092,1779715760129408.0,1.79157512837139e-07,9739091.025872197,3.652725989883417e-08,1.3855066247203595e-07,-1.6399994240292887e-08,1.3597371133718289e-07,1.608712597151969e-08,0.013359222370838308
439,5341.7323392103035,ACTIVE_ONE_B,2,12,0.16625000000000004,LEFT,7.268636058416984e-21,1.952700192350391e-21,7.269079061522592e-21,1.2016779852640335e-07,7.753818898925572e-08,1.2017023977425452e-07,1.0017252263986482,-8.046977020894697e-08,-1.18102133286746e-10,8.053565491738331e-08,1.6100542512633026e-07,-1.6399994240292884e-08,1.6259223706594324e-08,3.265921794688721e-08,-1.8082056797497451e-07,1.8081897666385206e-07,3.6163954463882657e-07,-0.00011203685379390649,1.389597317735403e-07,8.509679074344444,7.2897193382135885,3.184089190273063e-13,6874692.37035368,23600076.767590206,0.017352952095307433,-0.0008443046866466464,0.2562474147198506,7031820.232635272,9317419.647297006,1760311209930289.0,-1.79157512837139e-07,10837575.283183306,-3.006665610720363e-08,8999022.228370927,11477883.717619639,2808210828827563.0,1.2424238060827948e-09,11800600.310101712,-2.7333323733821485e-09,7666340.750202017,9466538.971475579,1779699967465649.0,1.79157512837139e-07,9731575.64621447,3.652725989883417e-08,1.3854595066168428e-07,-1.6399994240292887e-08,1.3597516798000084e-07,1.6087051227811096e-08,0.013341502385070703
440,5344.997931917348,ACTIVE_ONE_B,2,12,0.16875000000000004,LEFT,7.268635651678098e-21,1.9527003725750626e-21,7.269079288036805e-21,1.201677962849504e-07,7.753819137472078e-08,1.2017024102247623e-07,1.0017253188529842,-8.046980917628374e-08,-1.179741301947857e-10,8.053566205869702e-08,1.6100547123498078e-07,-1.6399994240292884e-08,1.6259223706594324e-08,3.265921794688721e-08,-1.808205703735091e-07,1.8081897792015838e-07,3.616395482936675e-07,-0.00011204696123501279,1.3895864870951515e-07,8.509612749178489,7.289736807085401,3.18408683152284e-13,6888341.796675775,23593107.625726484,0.017356837229550198,-0.0008445913079215828,0.2560326796300857,7031551.662385298,9310641.607942056,1760291102212494.0,-1.79157512837139e-07,10837314.338841949,-3.006665610720363e-08,9004586.630732754,11480040.157804603,2808896392133801.0,1.2424238060827948e-09,11802392.690657431,-2.7333323733821485e-09,7665941.564385686,9463049.777847964,1779689422942605.0,1.79157512837139e-07,9726659.155323988,3.652725989883417e-08,1.3854431853400868e-07,-1.6399994240292887e-08,1.3597604379785376e-07,1.608698361537615e-08,0.013333604314799352
441,5381.98293215412,EVENT_TRANSPORT_RECOVERY,2,12,0.17125000000000004,LEFT,7.268635038452073e-21,1.952700590214975e-21,7.269079683622917e-21,1.2016779290558982e-07,7.75381942554161e-08,1.201702432023799e-07,1.0017254305011478,-8.04698673585379e-08,-1.177838033476062e-10,8.053567230563784e-08,1.6100553966417574e-07,-1.6399994240292884e-08,1.6259223706594324e-08,3.265921794688721e-08,-1.808205739734492e-07,1.808189798060845e-07,3.616395537795337e-07,-0.00011206213236580886,1.3895699325752173e-07,8.509511371858547,7.289762348363827,3.1840830473445415e-13,6908962.424705713,23578269.92893241,0.017360722363792963,-0.0008451374682503232,0.2557168580880527,7031251.394042735,9300502.704506489,1760260916164546.0,-1.79157512837139e-07,10839064.863915803,-3.006665610720363e-08,9015041.205355983,11485711.655574337,2797758864585866.0,1.2424238060827948e-09,11807223.341709325,-2.7333323733821485e-09,7665349.047916356,9457777.85896182,1779673594915591.0,1.79157512837139e-07,9719154.087693322,3.652725989883417e-08,1.3853960215055712e-07,-1.6399994240292887e-08,1.359774785048053e-07,1.6086909124220483e-08,0.013321532197296593
442,5383.983925363431,ACTIVE_ONE_B,2,12,0.17500000000000004,LEFT,7.268634626787152e-21,1.9527006890334733e-21,7.26907999646934e-21,1.201677906369903e-07,7.753819556338379e-08,1.2017024492634092e-07,1.0017254811945329,-8.04699059249188e-08,-1.176583068675565e-10,8.053567871685976e-08,1.6100558464177855e-07,-1.6399994240292884e-08,1.6259223706594324e-08,3.265921794688721e-08,-1.8082057637482703e-07,1.808189810643429e-07,3.6163955743916994e-07,-0.00011207225306830715,1.3895585046929556e-07,8.509441389274885,7.2897786986495365,3.184080231056093e-13,6928270.9491552245,23577790.933556117,0.01736655006515711,-0.0008452962689351473,0.2555125918775317,7031165.580598343,9293795.627679216,1760240775885488.0,-1.79157512837139e-07,10841918.678482506,-3.006665610720363e-08,9024599.911405528,11491603.533513,2790709894604356.0,1.2424238060827948e-09,11812163.773541173,-2.7333323733821485e-09,7664962.918550124,9454209.188934395,1779663035437142.0,1.79157512837139e-07,9714105.79116408,3.652725989883417e-08,1.3854050711993437e-07,-1.6399994240292887e-08,1.359782563484226e-07,1.6086814269692022e-08,0.013313198597891818
443,5387.02739601919,EVENT_TRANSPORT_RECOVERY,2,12,0.18000000000000005,LEFT,7.268634211886699e-21,1.9527002656452985e-21,7.269080834757969e-21,1.2016778835056035e-07,7.753818995939174e-08,1.2017024954578592e-07,1.0017252639985614,-8.047002142258146e-08,-1.1726466975308037e-10,8.053569433745253e-08,1.6100571576003399e-07,-1.6399994240292884e-08,1.6259223706594324e-08,3.265921794688721e-08,-1.8082058238026953e-07,1.8081898421184812e-07,3.6163956659211766e-07,-0.00011209756549157568,1.3895242055266835e-07,8.509231346484958,7.289832641990909,3.1840758221791084e-13,6963296.542577011,23556805.484139387,0.017374320333642636,-0.0008461113281736932,0.2548017113897049,7030737.785123457,9276909.331355492,1760190393220799.0,-1.79157512837139e-07,10883178.831420986,-3.006665610720363e-08,9042239.5729064,11519912.36315164,2766085635314939.0,1.2424238060827948e-09,11859008.36075593,-2.7333323733821485e-09,7663978.466868958,9446771.341499051,1779636623676836.0,1.79157512837139e-07,9701643.00145483,3.652725989883417e-08,1.3853438872015754e-07,-1.6399994240292887e-08,1.3598056044399376e-07,1.608667218702635e-08,0.013288186482340647
444,5390.738446016367,ACTIVE_ONE_B,2,12,0.18375000000000005,LEFT,7.268633180173489e-21,1.9527009352249556e-21,7.269081196891521e-21,1.2016778266500345e-07,7.75381988219891e-08,1.2017025154134676e-07,1.001725607489506,-8.047004022933792e-08,-1.1722327814976633e-10,8.05357004002284e-08,1.6100574062956633e-07,-1.6399994240292884e-08,1.6259223706594324e-08,3.265921794688721e-08,-1.8082058478850017e-07,1.808189854743492e-07,3.616395702628494e-07,-0.00011210771687863996,1.3895206220361364e-07,8.509209401743028,7.289835725912647,3.1840712598301703e-13,6979702.761692158,23555506.292283088,0.017380148035006787,-0.0008462659225283442,0.254795782557187,7030472.765219729,9270112.528017765,1760170183286442.0,-1.79157512837139e-07,10843635.651750356,-3.006665610720363e-08,9047817.458833424,11502542.559403714,2765251617972377.0,1.2424238060827948e-09,11820929.958839094,-2.7333323733821485e-09,7663581.911683297,9443374.398158597,1779626030639052.0,1.79157512837139e-07,9696584.97475951,3.652725989883417e-08,1.3853525861607448e-07,-1.6399994240292887e-08,1.3598131600202956e-07,1.6086577589268835e-08,0.01328557327947344
445,5396.724207991654,ACTIVE_ONE_B,2,12,0.18625000000000005,LEFT,7.2686327650073e-21,1.9527009709439708e-21,7.269081576338698e-21,1.2016778037710877e-07,7.753819929476811e-08,1.2017025363231535e-07,1.0017256258131784,-8.047007838964043e-08,-1.171003001140457e-10,8.05357063181241e-08,1.6100578470776452e-07,-1.6399994240292884e-08,1.6259223706594324e-08,3.265921794688721e-08,-1.8082058719491463e-07,1.8081898673608476e-07,3.6163957393099936e-07,-0.00011211786112585997,1.3895100190461664e-07,8.509144470672192,7.289851831235285,3.1840687702147136e-13,6993965.652592932,23549077.804980945,0.01738403316924955,-0.0008465399220760617,0.25459269913557564,7030259.632848605,9263318.738888951,1760149985130467.0,-1.79157512837139e-07,10844148.713317998,-3.006665610720363e-08,9053905.871254891,11505537.253125161,2758205615734193.0,1.2424238060827948e-09,11823393.596516116,-2.7333323733821485e-09,7663185.755274695,9439968.571412645,1779615444616655.0,1.79157512837139e-07,9691514.330272883,3.652725989883417e-08,1.3853376996535156e-07,-1.6399994240292887e-08,1.3598218198068416e-07,1.6086510055383477e-08,0.013277841219510034
446,5481.838793369099,ACTIVE_ONE_B,2,12,0.18875000000000006,LEFT,7.268632756660336e-21,1.9527003121077265e-21,7.269082243521904e-21,1.2016778033111038e-07,7.753819057437134e-08,1.201702573088721e-07,1.0017252878335496,-8.047015471593477e-08,-1.1683596557471258e-10,8.05357143290719e-08,1.6100586904500665e-07,-1.6399994240292884e-08,1.6259223706594324e-08,3.265921794688721e-08,-1.8082059080367608e-07,1.8081898862858679e-07,3.616395794322629e-07,-0.00011213307483770585,1.3894857268604175e-07,8.508995709083422,7.289887963851978,3.1840661757166645e-13,7027290.292402901,23537210.033586785,0.017387918303492317,-0.0008470641804876333,0.2541069366461128,7030372.937850229,9253180.98755963,1760119688650130.0,-1.79157512837139e-07,10861995.151346985,-3.006665610720363e-08,9072853.256409213,11526696.75890159,2744700929733650.0,1.2424238060827948e-09,11845153.49711755,-2.7333323733821485e-09,7662596.148380905,9434839.118122179,1779599567551080.0,1.79157512837139e-07,9683842.430966385,3.652725989883417e-08,1.3852946788020626e-07,-1.6399994240292887e-08,1.3598364669830357e-07,1.6086435125116956e-08,0.013260126533615857
447,5484.739992046855,EVENT_TRANSPORT_PAUSED,2,12,0.19250000000000006,LEFT,7.268631720617682e-21,1.952700898427948e-21,7.269082693244337e-21,1.2016777462169404e-07,7.75381983349417e-08,1.2017025978709688e-07,1.0017255886128291,-8.047017307532006e-08,-1.1679732951562932e-10,8.053571967604108e-08,1.6100589275136114e-07,-1.6399994240292884e-08,1.6259223706594324e-08,3.265921794688721e-08,-1.8082059321577612e-07,1.8081898989377113e-07,3.6163958310954727e-07,-0.00011214324434605238,1.389482091965782e-07,8.508973449550805,7.289890131129794,3.1840614198388796e-13,7043835.467835115,23536416.337762043,0.01739374600485646,-0.0008472115442790251,0.2541090658170573,7030060.2807908375,9246442.49380706,1760099434140297.0,-1.79157512837139e-07,10819939.877159715,-3.006665610720363e-08,9077339.325747263,11500430.718040848,2744195017619529.0,1.2424238060827948e-09,11803878.799227186,-2.7333323733821485e-09,7662207.157393688,9431385.626481246,1779588954092919.0,1.79157512837139e-07,9678862.406888677,3.652725989883417e-08,1.3853044013244206e-07,-1.6399994240292887e-08,1.3598439935203592e-07,1.608634054157185e-08,0.013257475845143585
448,5488.363098307354,EVENT_TRANSPORT_RECOVERY,2,12,0.19500000000000006,LEFT,7.26863170992183e-21,1.9527002594498776e-21,7.269083342918258e-21,1.2016777456275143e-07,7.753818987738876e-08,1.201702633671672e-07,1.0017252608203422,-8.047024920651993e-08,-1.1653401826401696e-10,8.053572794527026e-08,1.6100597715179019e-07,-1.6399994240292884e-08,1.6259223706594324e-08,3.265921794688721e-08,-1.8082059682864277e-07,1.8081899178912696e-07,3.616395886177697e-07,-0.00011215847730294826,1.3894604051405473e-07,8.508840642786907,7.289926793383022,3.1840603608091086e-13,7050703.422038605,23519700.363742825,0.017397631139099225,-0.0008477361954739582,0.2536042428766386,7029639.305539044,9236299.653699761,1760069090307657.0,-1.79157512837139e-07,10886055.948325371,-3.006665610720363e-08,9081961.875937423,11538565.813700024,2724186199246809.0,1.2424238060827948e-09,11873641.458673727,-2.7333323733821485e-09,7661619.216909363,9425921.909024306,1779573055348924.0,1.79157512837139e-07,9671362.06390958,3.652725989883417e-08,1.3852575410493186e-07,-1.6399994240292887e-08,1.3598575840427343e-07,1.6086266897607727e-08,0.013241661076516253
449,5489.491290607123,ACTIVE_ONE_B,2,12,0.19750000000000006,LEFT,7.268631288886166e-21,1.9527001353896964e-21,7.269083888014105e-21,1.2016777224251097e-07,7.753818823532036e-08,1.2017026637095309e-07,1.0017251971781027,-8.04702866256658e-08,-1.164156202593632e-10,8.053573246592927e-08,1.6100601909159507e-07,-1.6399994240292884e-08,1.6259223706594324e-08,3.265921794688721e-08,-1.8082059924053407e-07,1.8081899305466976e-07,3.616395922952038e-07,-0.00011216864722540798,1.3894487061052953e-07,8.508768999704266,7.289941094319278,3.1840569066015264e-13,7078397.732246217,23516217.439920325,0.01740151627334199,-0.0008479969023094114,0.25342357327613924,7029794.407217915,9229549.4262651,1760048828980105.0,-1.79157512837139e-07,10862794.436943788,-3.006665610720363e-08,9096757.320378687,11537030.0034488,2720600913135719.0,1.2424238060827948e-09,11852780.628905268,-2.7333323733821485e-09,7661227.277993335,9422259.796500234,1779562440405740.0,1.79157512837139e-07,9666231.718289306,3.652725989883417e-08,1.385246209891392e-07,-1.6399994240292887e-08,1.3598667052318203e-07,1.6086198757627038e-08,0.013233129743152716
450,5490.670028482397,ACTIVE_ONE_B,2,12,0.20000000000000007,LEFT,7.268630867205869e-21,1.9527000342713917e-21,7.269084410812708e-21,1.20167769918718e-07,7.753818689691205e-08,1.2017026925186844e-07,1.0017251453049287,-8.047032402992855e-08,-1.1629723408635711e-10,8.053573721764778e-08,1.6100606124757634e-07,-1.6399994240292884e-08,1.6259223706594324e-08,3.265921794688721e-08,-1.8082060165350658e-07,1.808189943209672e-07,3.616395959744738e-07,-0.0001121788222249176,1.3894382177662438e-07,8.508704770737923,7.289955724578447,3.1840541882824984e-13,7092714.8334989585,23510358.372526657,0.01740540140758475,-0.0008482589529439366,0.2532326718194272,7029633.998505797,9223965.574802615,1760028555158539.0,-1.79157512837139e-07,10862296.928708265,-3.006665610720363e-08,9103645.380379518,11539361.091580963,2713743785829005.0,1.2424238060827948e-09,11854225.71547668,-2.7333323733821485e-09,7660838.524113379,9418598.78241293,1779551819748532.0,1.79157512837139e-07,9661247.446890725,3.652725989883417e-08,1.3852328989280242e-07,-1.6399994240292887e-08,1.359875321117994e-07,1.6086131237905993e-08,0.01322548129052814
451,5492.158815191533,EVENT_TRANSPORT_RECOVERY,2,12,0.20250000000000007,LEFT,7.268630234436584e-21,1.9526998680396322e-21,7.269085209813752e-21,1.201677664316571e-07,7.753818469665781e-08,1.2017027365481482e-07,1.0017250600288852,-8.04703800016451e-08,-1.1612042851605618e-10,8.053574425610736e-08,1.6100612425775245e-07,-1.6399994240292884e-08,1.6259223706594324e-08,3.265921794688721e-08,-1.8082060527498226e-07,1.8081899622182322e-07,3.616396014968055e-07,-0.00011219409420082371,1.3894229551553005e-07,8.508611304868849,7.289977771536254,3.184050339817969e-13,7110645.847983308,23495834.314676378,0.01740928654182752,-0.0008487714753417919,0.25294515821672403,7029302.828909656,9218714.025337495,1759998121104780.0,-1.79157512837139e-07,10860740.75254328,-3.006665610720363e-08,9111627.433322698,11541620.168578343,2703524741301631.0,1.2424238060827948e-09,11855506.797792204,-2.7333323733821485e-09,7660246.7792665735,9413631.222182458,1779535878099731.0,1.79157512837139e-07,9653686.957584897,3.652725989883417e-08,1.3851889179898834e-07,-1.6399994240292887e-08,1.359889233265725e-07,1.608605716296043e-08,0.01321435127688586
452,5496.227718721235,ACTIVE_ONE_B,2,12,0.20625000000000007,LEFT,7.26862981196031e-21,1.9526997440036207e-21,7.269085756326036e-21,1.2016776410347742e-07,7.753818305490911e-08,1.2017027666640557e-07,1.0017249963990447,-8.047041721728666e-08,-1.1600314911250485e-10,8.053574885120264e-08,1.6100616606848928e-07,-1.6399994240292884e-08,1.6259223706594324e-08,3.265921794688721e-08,-1.808206076906372e-07,1.8081899748999703e-07,3.6163960518063427e-07,-0.00011220428180758191,1.3894129307028812e-07,8.508549916672502,7.28999246487494,3.1840478465774574e-13,7125619.201959615,23494628.47972074,0.017415114243191667,-0.0008489105422528898,0.2527537355310593,7029068.169884701,9215194.699287998,1759977816259075.0,-1.79157512837139e-07,10859888.073277786,-3.006665610720363e-08,9116523.286718836,11543165.14431002,2696892031366332.0,1.2424238060827948e-09,11856495.429793725,-2.7333323733821485e-09,7659850.781039404,9409514.226948038,1779525243259932.0,1.79157512837139e-07,9648584.717340829,3.652725989883417e-08,1.385198910249573e-07,-1.6399994240292887e-08,1.3598965553636316e-07,1.6085962791915604e-08,0.013207041106129358
453,5500.279612202471,EVENT_TRANSPORT_RECOVERY,2,12,0.20750000000000007,LEFT,7.268630410263513e-21,1.9526982355807535e-21,7.2690866664457e-21,1.20167767400603e-07,7.753816308932064e-08,1.201702816816776e-07,1.0017242225858172,-8.047051161443201e-08,-1.1566495545344046e-10,8.053575493356171e-08,1.6100626654799373e-07,-1.6399994240292884e-08,1.6259223706594324e-08,3.265921794688721e-08,-1.8082061131023e-07,1.8081899939056628e-07,3.6163961070079627e-07,-0.00011221954778317667,1.3893824464673936e-07,8.508363235928725,7.290039757167462,3.184047434295844e-13,7155061.320316443,23477740.238228142,0.017417056810313046,-0.0008495351444344212,0.25208458324921146,7029227.812588758,9209894.529866863,1759947385378411.0,-1.79157512837139e-07,10915876.688291926,-3.006665610720363e-08,9134249.173454348,11582599.815562796,2677585010844666.0,1.2424238060827948e-09,11916698.393006325,-2.7333323733821485e-09,7659261.731082273,9404002.933089737,1779509306361820.0,1.79157512837139e-07,9640849.927044868,3.652725989883417e-08,1.3851340890743358e-07,-1.6399994240292887e-08,1.35991202682996e-07,1.6085915200495195e-08,0.013184810967517668
454,5502.155381079068,ACTIVE_ONE_B,2,12,0.21125000000000008,LEFT,7.268628749711533e-21,1.952699288798019e-21,7.269087273780416e-21,1.2016775824964297e-07,7.753817702977765e-08,1.2017028502843376e-07,1.0017247628808956,-8.047050960210148e-08,-1.1571403662921535e-10,8.053575905275657e-08,1.6100626865485806e-07,-1.6399994240292884e-08,1.6259223706594324e-08,3.265921794688721e-08,-1.808206137344235e-07,1.8081900066369224e-07,3.6163961439811573e-07,-0.00011222977269853551,1.38938648178106e-07,8.508387947565561,7.290027513735635,3.1840405539900316e-13,7170664.74057721,23477078.45507802,0.017422884511677193,-0.0008496690446273547,0.25229766348955723,7028814.866306145,9209651.323031913,1759927000329918.0,-1.79157512837139e-07,10832861.369495953,-3.006665610720363e-08,9136981.60375867,11534888.948232638,2684031438489507.0,1.2424238060827948e-09,11833837.919496983,-2.7333323733821485e-09,7658872.562727828,9400311.456049163,1779498631575497.0,1.79157512837139e-07,9635813.84836054,3.652725989883417e-08,1.3851449272837766e-07,-1.6399994240292887e-08,1.359919368007323e-07,1.6085820780687518e-08,0.013187753655130141
455,5516.078694249172,EVENT_TRANSPORT_PAUSED,2,12,0.21500000000000008,LEFT,7.268628323636065e-21,1.9526991000066294e-21,7.269087888647271e-21,1.201677559016286e-07,7.753817453092205e-08,1.2017028841669607e-07,1.001724666031877,-8.047054643704744e-08,-1.1559908133772846e-10,8.053576310402277e-08,1.610063095410702e-07,-1.6399994240292884e-08,1.6259223706594324e-08,3.265921794688721e-08,-1.8082061615378567e-07,1.8081900193446843e-07,3.616396180882541e-07,-0.00011223997775444694,1.3893766122989621e-07,8.508327508383497,7.290041622154453,3.184038015828934e-13,7185004.353106163,23475999.532362793,0.01742871221304134,-0.0008498023986318604,0.2521115463294855,7028593.767616056,9210693.269290332,1759906652561357.0,-1.79157512837139e-07,10831487.182173496,-3.006665610720363e-08,9141883.10855017,11535984.801461492,2677502733704321.0,1.2424238060827948e-09,11834285.064119693,-2.7333323733821485e-09,7658479.385135307,9396673.436286204,1779487977129586.0,1.79157512837139e-07,9630759.386766104,3.652725989883417e-08,1.385155483879495e-07,-1.6399994240292887e-08,1.3599265933076856e-07,1.608572650260448e-08,0.013180556493989082
456,5517.3866258900325,ACTIVE_ONE_B,2,12,0.21750000000000008,LEFT,7.268628299650031e-21,1.9526981634264698e-21,7.269088849213466e-21,1.2016775576944646e-07,7.753816213428133e-08,1.2017029370995583e-07,1.0017241855710382,-8.047062094161652e-08,-1.1534569682961102e-10,8.053576885993357e-08,1.610063898015501e-07,-1.6399994240292884e-08,1.6259223706594324e-08,3.265921794688721e-08,-1.8082061978184764e-07,1.8081900384046792e-07,3.6163962362231554e-07,-0.00011225528216884939,1.389354565365779e-07,8.508192496374214,7.290075563716794,3.1840361900725994e-13,7203896.153799158,23462191.349033646,0.017432597347284102,-0.0008503013150140681,0.25163711232133934,7028510.613532282,9209336.227064427,1759876132928956.0,-1.79157512837139e-07,10873430.79415971,-3.006665610720363e-08,9153645.265437638,11568820.119083093,2661605654893313.0,1.2424238060827948e-09,11880113.773349388,-2.7333323733821485e-09,7657894.506004524,9391165.504777664,1779471998044148.0,1.79157512837139e-07,9623066.868762389,3.652725989883417e-08,1.3851129921601806e-07,-1.6399994240292887e-08,1.359940364573237e-07,1.6085652539127095e-08,0.013164479122429906
457,5518.845469633969,ACTIVE_ONE_B,2,12,0.22000000000000008,LEFT,7.26862786980937e-21,1.952697923036452e-21,7.269089519444143e-21,1.2016775340068277e-07,7.753815895246156e-08,1.201702974033034e-07,1.0017240622521866,-8.047065748421567e-08,-1.1523255893737996e-10,8.053577246064015e-08,1.6100642994485583e-07,-1.6399994240292884e-08,1.6259223706594324e-08,3.265921794688721e-08,-1.80820622203823e-07,1.808190051130845e-07,3.616396273169075e-07,-0.00011226549954135301,1.3893446526286496e-07,8.508131792305026,7.290089105202797,3.184033526572081e-13,7217061.158987202,23456436.908470873,0.01743648248152687,-0.0008505508544247586,0.25145616051613484,7028339.284454677,9201130.824312385,1759855754884302.0,-1.79157512837139e-07,10872146.614380112,-3.006665610720363e-08,9159513.81385129,11570207.212611407,2655246860446349.0,1.2424238060827948e-09,11880638.52099655,-2.7333323733821485e-09,7657506.927153495,9387495.4287823,1779461329777471.0,1.79157512837139e-07,9618042.363201117,3.652725989883417e-08,1.3851006862630672e-07,-1.6399994240292887e-08,1.3599487547161796e-07,1.6085585234090104e-08,0.013157250418252664
458,5528.135692049848,EVENT_TRANSPORT_RECOVERY,2,12,0.2250000000000001,LEFT,7.268627409698291e-21,1.9526966806269833e-21,7.269091221964693e-21,1.201677508651049e-07,7.753814250783518e-08,1.2017030678514707e-07,1.001723424902474,-8.047076803794067e-08,-1.148691053114496e-10,8.05357813050317e-08,1.610065493429724e-07,-1.6399994240292884e-08,1.6259223706594324e-08,3.265921794688721e-08,-1.8082062826034233e-07,1.808190082962737e-07,3.61639636556616e-07,-0.0001122910519009146,1.389313698400738e-07,8.507942233400328,7.290136447155319,3.184029485460241e-13,7245306.897025031,23435869.616107292,0.017444252750012396,-0.0008512930587625256,0.25080125647571744,7027830.206288474,9188368.817827823,1759804782096382.0,-1.79157512837139e-07,10907978.612634296,-3.006665610720363e-08,9170635.530376818,11592262.119942296,2633171878429078.0,1.2424238060827948e-09,11921355.580058303,-2.7333323733821485e-09,7656523.7565145595,9378396.322703376,1779434648147291.0,1.79157512837139e-07,9605302.601899734,3.652725989883417e-08,1.3850455159517733e-07,-1.6399994240292887e-08,1.359970547266551e-07,1.6085444373559914e-08,0.013134677545222129
459,5529.681160584963,EVENT_TRANSPORT_RECOVERY,2,12,0.2275000000000001,LEFT,7.268626975368838e-21,1.952696382109987e-21,7.26909195481114e-21,1.2016774847160418e-07,7.753813855664045e-08,1.2017031082354185e-07,1.0017232717647795,-8.047080422649133e-08,-1.1475816474214801e-10,8.053578440909767e-08,1.61006588635589e-07,-1.6399994240292884e-08,1.6259223706594324e-08,3.265921794688721e-08,-1.8082063068593097e-07,1.808190095714426e-07,3.616396402573736e-07,-0.00011230128632422343,1.389303731938222e-07,8.50788120032518,7.290149453170382,3.184026709653509e-13,7259674.376030123,23430647.01601591,0.017448137884255165,-0.000851537310107231,0.2506261156874825,7027725.18265874,9189569.63569709,1759784362181241.0,-1.79157512837139e-07,10908229.893856065,-3.006665610720363e-08,9177761.507209558,11595291.437173681,2627336640828136.0,1.2424238060827948e-09,11923370.283412015,-2.7333323733821485e-09,7656141.246071824,9375861.53362452,1779423960775465.0,1.79157512837139e-07,9600176.080615986,3.652725989883417e-08,1.3850339847683653e-07,-1.6399994240292887e-08,1.3599789114639003e-07,1.60853770729292e-08,0.013127409662670342
460,5532.603868417766,ACTIVE_ONE_B,2,12,0.2312500000000001,LEFT,7.268626323358724e-21,1.9526958851131344e-21,7.269093103818107e-21,1.2016774487850974e-07,7.753813197834962e-08,1.201703171552138e-07,1.0017230168079323,-8.047085830746594e-08,-1.1459302927708662e-10,8.053578865365914e-08,1.6100664696112508e-07,-1.6399994240292884e-08,1.6259223706594324e-08,3.265921794688721e-08,-1.8082063432623106e-07,1.8081901148555307e-07,3.6163964581178413e-07,-0.00011231664701405464,1.389288538467828e-07,8.507788157862137,7.290168705103305,3.184022226198933e-13,7289802.649650972,23423891.05755243,0.01745396558561931,-0.0008518998741668948,0.2503714807670456,7027682.99259784,9193023.800226888,1759753710097591.0,-1.79157512837139e-07,10880840.379886683,-3.006665610720363e-08,9191471.314196091,11590365.728213655,2621084412674204.0,1.2424238060827948e-09,11898986.610978924,-2.7333323733821485e-09,7655552.832150621,9372792.223813746,1779407919586169.0,1.79157512837139e-07,9592566.016099188,3.652725989883417e-08,1.385017887506968e-07,-1.6399994240292887e-08,1.3599916901529813e-07,1.6085275819956927e-08,0.013116330068661863
461,5630.33957962543,EVENT_TRANSPORT_RECOVERY,2,12,0.2337500000000001,LEFT,7.268625888137194e-21,1.952695608049626e-21,7.269093816103147e-21,1.2016774248009275e-07,7.753812831111396e-08,1.2017032108030298e-07,1.0017228746757674,-8.047089441400053e-08,-1.1448248030929808e-10,8.053579200482183e-08,1.6100668641882236e-07,-1.6399994240292884e-08,1.6259223706594324e-08,3.265921794688721e-08,-1.8082063675436977e-07,1.8081901276252809e-07,3.6163964951689783e-07,-0.00011232689348417146,1.3892801241573203e-07,8.507736629925851,7.290182264249427,3.18402038014706e-13,7289754.710383917,23415851.24360147,0.017457850719862077,-0.0008521451516885215,0.2501843823015234,7027202.261757228,9192535.188644148,1759733260641564.0,-1.79157512837139e-07,10903479.673085164,-3.006665610720363e-08,9189038.037808942,11596598.709545618,2612089538249034.0,1.2424238060827948e-09,11922912.155062998,-2.7333323733821485e-09,7655167.727790945,9369762.453481209,1779397218739273.0,1.79157512837139e-07,9587523.477444546,3.652725989883417e-08,1.3850039888114732e-07,-1.6399994240292887e-08,1.3599994237643944e-07,1.608520929185871e-08,0.013110194068007397
462,5632.021914125973,EVENT_TRANSPORT_RECOVERY,2,12,0.23625000000000007,LEFT,7.268625851016445e-21,1.9526944377399583e-21,7.269095023533563e-21,1.2016774227552786e-07,7.7538112820794e-08,1.2017032773391974e-07,1.0017222743128846,-8.047096759556286e-08,-1.142372386882052e-10,8.053579578227607e-08,1.6100676337783895e-07,-1.6399994240292884e-08,1.6259223706594324e-08,3.265921794688721e-08,-1.8082064039551798e-07,1.8081901467778089e-07,3.6163965507329886e-07,-0.00011234225967848843,1.389257855463166e-07,8.507600259886676,7.290214224150511,3.184017990627507e-13,7319028.715700251,23404411.28830397,0.017461735854104838,-0.0008526235454655584,0.24973473239014077,7027299.909451914,9194298.042541755,1759702589399434.0,-1.79157512837139e-07,10917642.163135136,-3.006665610720363e-08,9204339.023694271,11613624.99907329,2599941509742714.0,1.2424238060827948e-09,11940501.959010528,-2.7333323733821485e-09,7654583.7739805775,9364626.431146802,1779381170482941.0,1.79157512837139e-07,9579788.771743217,3.652725989883417e-08,1.3849649978603793e-07,-1.6399994240292887e-08,1.3600132924106333e-07,1.6085135119083794e-08,0.013093954980825329
463,5635.546416273305,ACTIVE_ONE_B,2,12,0.24000000000000013,LEFT,7.268624796351023e-21,1.9526947027835856e-21,7.269095813155358e-21,1.2016773646348162e-07,7.753811632893491e-08,1.2017033208517693e-07,1.0017224102789117,-8.047098391268975e-08,-1.1421094246155581e-10,8.053579849004397e-08,1.6100678240273374e-07,-1.6399994240292884e-08,1.6259223706594324e-08,3.265921794688721e-08,-1.8082064282913845e-07,1.808190159581031e-07,3.6163965878724156e-07,-0.00011235253056529615,1.3892557197285343e-07,8.50758718097808,7.290213935050993,3.1840133435414373e-13,7332501.072062563,23403631.777659636,0.01746756355546899,-0.0008527418082975302,0.24976139740547354,7026996.666220236,9195465.694005288,1759682085804215.0,-1.79157512837139e-07,10875609.703133298,-3.006665610720363e-08,9207791.092950959,11593522.739341864,2600496331983393.0,1.2424238060827948e-09,11899631.202576727,-2.7333323733821485e-09,7654194.612978871,9361187.024137415,1779370443271610.0,1.79157512837139e-07,9574716.154296817,3.652725989883417e-08,1.3849768098165687e-07,-1.6399994240292887e-08,1.3600202603252248e-07,1.608504106683011e-08,0.01309239753068292
464,5656.291237814309,ACTIVE_ONE_B,2,12,0.2425000000000001,LEFT,7.26862435965228e-21,1.9526943445870166e-21,7.26909660805067e-21,1.2016773405692367e-07,7.753811158781333e-08,1.2017033646549386e-07,1.0017222265259011,-8.047101963118011e-08,-1.1410273246222383e-10,8.053580115910593e-08,1.6100682079028604e-07,-1.6399994240292884e-08,1.6259223706594324e-08,3.265921794688721e-08,-1.80820645260804e-07,1.8081901723758195e-07,3.6163966249838597e-07,-0.0001123627937134053,1.3892466627493404e-07,8.507531717438148,7.290226879866086,3.184010951040692e-13,7343668.458928327,23397569.504964266,0.01747144868971175,-0.0008529804335681845,0.24958730644237292,7026756.353184437,9196626.341312593,1759661595524550.0,-1.79157512837139e-07,10873529.095698494,-3.006665610720363e-08,9211233.196852118,11593607.025488613,2594671979034687.0,1.2424238060827948e-09,11899172.846804753,-2.7333323733821485e-09,7653803.819216644,9357763.126816338,1779359723805364.0,1.79157512837139e-07,9569606.239346178,3.652725989883417e-08,1.3849649263735257e-07,-1.6399994240292887e-08,1.3600283037442085e-07,1.6084974130813336e-08,0.013085792874221625
465,5657.93678080363,EVENT_TRANSPORT_RECOVERY,2,12,0.24500000000000013,LEFT,7.268624320299675e-21,1.9526931421052843e-21,7.269097849885006e-21,1.2016773384005946e-07,7.753809567165418e-08,1.2017034330869366e-07,1.0017216096589134,-8.047109241832536e-08,-1.1385967466947608e-10,8.053580473422113e-08,1.610068971525465e-07,-1.6399994240292884e-08,1.6259223706594324e-08,3.265921794688721e-08,-1.8082064890721175e-07,1.8081901915657207e-07,3.616396680637838e-07,-0.00011237818478848638,1.3892255887180296e-07,8.507402663329472,7.290258817891424,3.184009242501166e-13,7360800.645605102,23384302.7620544,0.01747533382395452,-0.000853455117780566,0.24913243034199561,7026615.576718778,9185747.802781038,1759630863432260.0,-1.79157512837139e-07,10912230.650288124,-3.006665610720363e-08,9219949.752144871,11616400.07155514,2579882938771598.0,1.2424238060827948e-09,11940821.73712647,-2.7333323733821485e-09,7653229.304151197,9352353.090675125,1779343647795554.0,1.79157512837139e-07,9561923.318833552,3.652725989883417e-08,1.3849246410449028e-07,-1.6399994240292887e-08,1.3600416026061804e-07,1.6084900640307184e-08,0.01307042497571076
466,5660.856508906395,EVENT_TRANSPORT_RECOVERY,2,12,0.2475000000000001,LEFT,7.268624280749813e-21,1.9526918731272476e-21,7.269099158412906e-21,1.2016773362210822e-07,7.753807887533673e-08,1.2017035051941135e-07,1.0017209586796612,-8.047116492017327e-08,-1.1361832627623268e-10,8.053580774682398e-08,1.6100697266699724e-07,-1.6399994240292884e-08,1.6259223706594324e-08,3.265921794688721e-08,-1.808206525558494e-07,1.8081902107714935e-07,3.616396736329987e-07,-0.00011239358641956798,1.3892040055347764e-07,8.507270491253042,7.290290215995635,3.1840070580157424e-13,7372036.088682145,23378494.307216734,0.01747921895819728,-0.0008536897816817657,0.2486884608560902,7026661.857515191,9192334.89575167,1759600105571848.0,-1.79157512837139e-07,10924097.617492583,-3.006665610720363e-08,9233247.07837651,11630851.332087694,2567729903665939.0,1.2424238060827948e-09,11956000.155797604,-2.7333323733821485e-09,7652646.167715686,9346799.685398445,1779327560031742.0,1.79157512837139e-07,9554329.951752366,3.652725989883417e-08,1.384913303760132e-07,-1.6399994240292887e-08,1.360049619254633e-07,1.608483372404936e-08,0.013054685786332065
467,5662.521081538684,ACTIVE_ONE_B,2,12,0.2512500000000001,LEFT,7.26862322250055e-21,1.9526920488173453e-21,7.269100040972073e-21,1.201677277903113e-07,7.753808120078848e-08,1.2017035538280353e-07,1.0017210488077841,-8.047118068186148e-08,-1.1359524781381775e-10,8.053580970649138e-08,1.6100699038835288e-07,-1.6399994240292884e-08,1.6259223706594324e-08,3.265921794688721e-08,-1.8082065499444814e-07,1.808190223610137e-07,3.616396773554618e-07,-0.00011240388086930508,1.3892016996220712e-07,8.507256370200242,7.290288966475191,3.184002132267666e-13,7402923.118359716,23372694.29741197,0.017485046659561427,-0.0008540346915795194,0.24872570421617457,7026462.1442576675,9201196.797330813,1759579544436552.0,-1.79157512837139e-07,10884217.090648653,-3.006665610720363e-08,9238909.002137646,11612482.971187402,2568838512038790.0,1.2424238060827948e-09,11916489.536689261,-2.7333323733821485e-09,7652267.830703075,9343024.090859812,1779316806574182.0,1.79157512837139e-07,9549239.289863741,3.652725989883417e-08,1.3848992597305272e-07,-1.6399994240292887e-08,1.36006217480625e-07,1.608473267530798e-08,0.013053004236565746
468,5663.928694268154,ACTIVE_ONE_B,2,12,0.25375000000000003,LEFT,7.268622783249362e-21,1.9526916086678556e-21,7.26910092037275e-21,1.20167725369687e-07,7.753807537492542e-08,1.201703602287903e-07,1.0017208230133436,-8.04712158738042e-08,-1.1349005285918431e-10,8.053581170614911e-08,1.610070275799533e-07,-1.6399994240292884e-08,1.6259223706594324e-08,3.265921794688721e-08,-1.808206574310663e-07,1.8081902364401856e-07,3.616396810750848e-07,-0.00011241416746488042,1.3891928112352254e-07,8.507201939093775,7.2903011379351605,3.183999653177258e-13,7413838.591468837,23366916.845360335,0.017488931793804192,-0.0008542658825561045,0.2485592178319429,7026245.941479984,9202320.10829561,1759558996945331.0,-1.79157512837139e-07,10881369.519894797,-3.006665610720363e-08,9242512.269394102,11611938.982184526,2563148062846718.0,1.2424238060827948e-09,11915237.744075445,-2.7333323733821485e-09,7651882.565074859,9339332.763283698,1779306061010381.0,1.79157512837139e-07,9544222.061731612,3.652725989883417e-08,1.3848882672300964e-07,-1.6399994240292887e-08,1.3600701364740542e-07,1.6084665813760743e-08,0.013046522523363357
469,5666.072636248346,EVENT_TRANSPORT_RECOVERY,2,12,0.25625,LEFT,7.26862274323493e-21,1.9526903244861453e-21,7.26910224456889e-21,1.2016772514917555e-07,7.753805837736172e-08,1.201703675258467e-07,1.0017201642346845,-8.047128802871858e-08,-1.1325049662699115e-10,8.053581468533356e-08,1.6100710271405214e-07,-1.6399994240292884e-08,1.6259223706594324e-08,3.265921794688721e-08,-1.8082066108486051e-07,1.808190255682713e-07,3.616396866531318e-07,-0.00011242959352109061,1.3891727097753724e-07,8.5070788408623,7.290332794514611,3.1839983208349356e-13,7427561.944282363,23352817.854933932,0.017492816928046953,-0.0008547329322521335,0.2481070516557321,7025972.911987234,9196725.338731747,1759528179592197.0,-1.79157512837139e-07,10916526.788173273,-3.006665610720363e-08,9247331.916025003,11631401.989905577,2548345855524017.0,1.2424238060827948e-09,11953958.759331826,-2.7333323733821485e-09,7651300.838288317,9333779.879983833,1779289946102813.0,1.79157512837139e-07,9536592.112679504,3.652725989883417e-08,1.3848479064593946e-07,-1.6399994240292887e-08,1.360083096916064e-07,1.608459270568345e-08,0.01303186385695132
470,5672.107311468157,EVENT_TRANSPORT_RECOVERY,2,12,0.2587499999999999,LEFT,7.26862230459355e-21,1.9526898733679166e-21,7.269103134328501e-21,1.2016772273191166e-07,7.753805240631178e-08,1.201703724289159e-07,1.001719932813337,-8.04713230791124e-08,-1.1314605170167603e-10,8.053581664089776e-08,1.6100713972001017e-07,-1.6399994240292884e-08,1.6259223706594324e-08,3.265921794688721e-08,-1.808206635239183e-07,1.8081902685301664e-07,3.6163969037693494e-07,-0.00011243989167675217,1.38916413810727e-07,8.50702634929244,7.29034520569262,3.1839960407579515e-13,7437833.8215174,23346817.59365749,0.017496702062289718,-0.0008549629692358174,0.24793954765623655,7025722.797943501,9196662.84108279,1759507603990717.0,-1.79157512837139e-07,10914226.821595984,-3.006665610720363e-08,9249958.630680226,11631058.038224375,2542976256532529.0,1.2424238060827948e-09,11953154.17881987,-2.7333323733821485e-09,7650912.651302952,9330044.74801945,1779279187710333.0,1.79157512837139e-07,9531461.722548764,3.652725989883417e-08,1.3848366077102084e-07,-1.6399994240292887e-08,1.3600909210198364e-07,1.608452600323245e-08,0.01302561310580086
471,5673.466158439662,EVENT_TRANSPORT_RECOVERY,2,12,0.26124999999999987,LEFT,7.268622261617447e-21,1.9526884728539673e-21,7.269104577818553e-21,1.2016772249507905e-07,7.753803386895101e-08,1.2017038038334636e-07,1.0017192143568332,-8.047139471287674e-08,-1.1290964622661062e-10,8.053581859838798e-08,1.6100721331126471e-07,-1.6399994240292884e-08,1.6259223706594324e-08,3.265921794688721e-08,-1.808206671813515e-07,1.8081902877986688e-07,3.616396959612184e-07,-0.00011245533497983295,1.3891426055029625e-07,8.50689448695365,7.290375543768496,3.18399370259648e-13,7466261.764178643,23336118.472493634,0.017500587196532483,-0.0008554204282804623,0.24750777771584964,7025895.979296712,9206343.235680578,1759476744752510.0,-1.79157512837139e-07,10927951.041976092,-3.006665610720363e-08,9265406.367951691,11647563.31705333,2531627831667099.0,1.2424238060827948e-09,11970054.550902523,-2.7333323733821485e-09,7650343.258275796,9326867.651374154,1779263053683821.0,1.79157512837139e-07,9523827.063303037,3.652725989883417e-08,1.3847996509964698e-07,-1.6399994240292887e-08,1.3601044104105386e-07,1.6084452209245986e-08,0.013009910800305002
472,5680.678171875612,EVENT_TRANSPORT_PAUSED,2,12,0.26624999999999976,LEFT,7.268620584968334e-21,1.952689219543811e-21,7.269105507777822e-21,1.201677132554041e-07,7.75380437522232e-08,1.2017038550793693e-07,1.0017195974049098,-8.047139057128645e-08,-1.1297123451292751e-10,8.053582026049832e-08,1.6100721083178477e-07,-1.6399994240292884e-08,1.6259223706594324e-08,3.265921794688721e-08,-1.8082066962876938e-07,1.8081903006947002e-07,3.616396996982394e-07,-0.0001124656696895876,1.3891482297541579e-07,8.506928928998187,7.290361219654665,3.183986946976949e-13,7479902.002824566,23340509.599449717,0.017508357465018012,-0.0008554050153006809,0.24774691302715662,7025361.563544946,9207859.89418912,1759456091207812.0,-1.79157512837139e-07,10845050.178487089,-3.006665610720363e-08,9264766.918325625,11597408.26349258,2539477733716062.0,1.2424238060827948e-09,11885197.230031552,-2.7333323733821485e-09,7649958.057454027,9323444.207284473,1779252256383912.0,1.79157512837139e-07,9518770.378802314,3.652725989883417e-08,1.3848358358274134e-07,-1.6399994240292887e-08,1.3601098898411832e-07,1.608433148423365e-08,0.013014012195063929
473,5681.257456349884,EVENT_TRANSPORT_RECOVERY,2,12,0.26749999999999974,LEFT,7.268621160858319e-21,1.952687220767714e-21,7.269106930663934e-21,1.201677164290178e-07,7.75380172961885e-08,1.2017039334882653e-07,1.0017185720429795,-8.047148153835146e-08,-1.1265313818575637e-10,8.053582247125562e-08,1.610073040096071e-07,-1.6399994240292884e-08,1.6259223706594324e-08,3.265921794688721e-08,-1.8082067328683691e-07,1.8081903199733082e-07,3.6163970528416774e-07,-0.00011248111754147416,1.3891211255953784e-07,8.506762947321446,7.290405454926719,3.1839877607508947e-13,7493317.355432441,23322129.425428346,0.017510300032139395,-0.0008559842286575137,0.24710197386374178,7025383.608553364,9208931.596034907,1759425215640970.0,-1.79157512837139e-07,10923121.756769625,-3.006665610720363e-08,9274213.200179905,11648070.209014209,2518616344987399.0,1.2424238060827948e-09,11968936.755427092,-2.7333323733821485e-09,7649387.801721464,9318304.72721822,1779236116556639.0,1.79157512837139e-07,9511114.573842682,3.652725989883417e-08,1.3847730652995106e-07,-1.6399994240292887e-08,1.360123884829382e-07,1.6084285506574713e-08,0.012994246923047514
474,5682.9878872809595,ACTIVE_ONE_B,2,12,0.27124999999999966,LEFT,7.26862010113738e-21,1.952687308296142e-21,7.269107902856447e-21,1.201677105891091e-07,7.75380184547254e-08,1.2017039870614449e-07,1.0017186169446162,-8.047149661132328e-08,-1.1263390545857137e-10,8.053582378245034e-08,1.6100732039377363e-07,-1.6399994240292884e-08,1.6259223706594324e-08,3.265921794688721e-08,-1.808206757336806e-07,1.8081903328708171e-07,3.616397090207623e-07,-0.00011249145107194991,1.3891196064382927e-07,8.506753644238389,7.290403916133528,3.1839830878401754e-13,7505955.943352772,23321872.55321923,0.017516127733503542,-0.0008560860761559486,0.24714450634705398,7025101.744625438,9210564.07328716,1759404559681237.0,-1.79157512837139e-07,10881560.297845498,-3.006665610720363e-08,9277613.765790327,11627584.764401004,2519929283629684.0,1.2424238060827948e-09,11927623.419588244,-2.7333323733821485e-09,7649009.794257511,9314852.602550892,1779225319806209.0,1.79157512837139e-07,9506115.831788158,3.652725989883417e-08,1.3847863459270842e-07,-1.6399994240292887e-08,1.3601305227492598e-07,1.608419178254958e-08,0.012993139102167373
475,5686.544000218034,EVENT_TRANSPORT_RECOVERY,2,12,0.27624999999999955,LEFT,7.268618999469938e-21,1.9526859763422213e-21,7.269110336477808e-21,1.201677045180411e-07,7.753800082481768e-08,1.201704121167409e-07,1.0017179336590571,-8.047158276861556e-08,-1.1238108248440065e-10,8.053582708728248e-08,1.6100740985589806e-07,-1.6399994240292884e-08,1.6259223706594324e-08,3.265921794688721e-08,-1.808206818475115e-07,1.8081903651051287e-07,3.6163971835802435e-07,-0.00011251727321526239,1.3890989820330145e-07,8.506627343570003,7.290433669569051,3.1839774682050554e-13,7528506.586117459,23302319.170721035,0.017523898001989068,-0.0008567631835574296,0.2467427594474937,7024495.764445287,9213570.70892006,1759352935002004.0,-1.79157512837139e-07,10874866.981629135,-3.006665610720363e-08,9283705.318648087,11625731.271495696,2507074914129490.0,1.2424238060827948e-09,11924519.938839601,-2.7333323733821485e-09,7648053.2623025365,9306337.91285957,1779198339001423.0,1.79157512837139e-07,9493486.729813289,3.652725989883417e-08,1.3847362533203587e-07,-1.6399994240292887e-08,1.360150776064464e-07,1.6084052524913005e-08,0.012978099086211836
476,5694.943018358689,ACTIVE_ONE_B,2,12,0.27999999999999947,LEFT,7.268618559020495e-21,1.952685435994103e-21,7.26911131727537e-21,1.201677020908125e-07,7.75379936727005e-08,1.2017041752147576e-07,1.0017176564632317,-8.047161713568964e-08,-1.1228046709904591e-10,8.05358283747953e-08,1.6100744551048493e-07,-1.6399994240292884e-08,1.6259223706594324e-08,3.265921794688721e-08,-1.8082068429469694e-07,1.8081903780106794e-07,3.6163972209576486e-07,-0.0001125276099145367,1.3890908750368662e-07,8.506577697579328,7.29044571150971,3.1839753158448523e-13,7539916.687111393,23301641.69748937,0.017529725703353215,-0.0008568638285075814,0.24658194410868545,7024247.366859069,9214799.56668784,1759332266258203.0,-1.79157512837139e-07,10872634.9024391,-3.006665610720363e-08,9285926.645309892,11625291.46860845,2502119739066903.0,1.2424238060827948e-09,11923675.264219986,-2.7333323733821485e-09,7647670.926553481,9302914.132925523,1779187538047362.0,1.79157512837139e-07,9488395.674709283,3.652725989883417e-08,1.384749022255119e-07,-1.6399994240292887e-08,1.360157203230363e-07,1.6083959046721636e-08,0.012972187189612905
477,5696.189759984122,EVENT_TRANSPORT_RECOVERY,2,12,0.2824999999999994,LEFT,7.268618514987972e-21,1.9526839628838684e-21,7.269112834418127e-21,1.201677018481581e-07,7.753797417441732e-08,1.201704258817671e-07,1.0017169007652047,-8.047168792314828e-08,-1.1204862637228699e-10,8.053582990499248e-08,1.6100751782814075e-07,-1.6399994240292884e-08,1.6259223706594324e-08,3.265921794688721e-08,-1.80820687964255e-07,1.8081903973658804e-07,3.6163972770084307e-07,-0.00011254311072561585,1.3890711636741252e-07,8.506456988242238,7.290476372373623,3.183974004957377e-13,7554942.943980922,23288924.41490135,0.01753361083759598,-0.0008573133705889191,0.2461457576565051,7024123.515243278,9213085.916293615,1759301268271287.0,-1.79157512837139e-07,10910372.665084027,-3.006665610720363e-08,9293168.135554558,11647416.602565823,2488476108632370.0,1.2424238060827948e-09,11964748.819898542,-2.7333323733821485e-09,7647111.121638219,9297725.299818939,1779171340595030.0,1.79157512837139e-07,9480795.924977625,3.652725989883417e-08,1.384710527500644e-07,-1.6399994240292887e-08,1.36016979559965e-07,1.6083886303360198e-08,0.012957812995247897
478,5705.261148445264,EVENT_TRANSPORT_PAUSED,2,12,0.28624999999999934,LEFT,7.268617455638649e-21,1.9526839711791636e-21,7.269113885472156e-21,1.2016769601029587e-07,7.753797428421498e-08,1.2017043167365245e-07,1.0017169050206487,-8.047170250965492e-08,-1.1203213967745004e-10,8.053583060681188e-08,1.610075331164668e-07,-1.6399994240292884e-08,1.6259223706594324e-08,3.265921794688721e-08,-1.8082069041676315e-07,1.8081904103039148e-07,3.616397314471546e-07,-0.00011255347112815173,1.3890692384945035e-07,8.506445198739963,7.290474562265879,3.1839689560216757e-13,7577817.072731098,23290422.563729215,0.017539438538960127,-0.0008574084061072629,0.2462006625501223,7023944.323569113,9217809.42277067,1759280547691793.0,-1.79157512837139e-07,10843072.076849267,-3.006665610720363e-08,9299337.82098171,11611741.597504698,2493167635444537.0,1.2424238060827948e-09,11896273.754392676,-2.7333323733821485e-09,7646727.366157883,9294333.905110484,1779160514280797.0,1.79157512837139e-07,9475751.414236069,3.652725989883417e-08,1.3847254598875685e-07,-1.6399994240292887e-08,1.3601765762135748e-07,1.6083792363405477e-08,0.01295640908896134
479,5707.686346747469,EVENT_TRANSPORT_RECOVERY,2,12,0.2887499999999993,LEFT,7.268617412997206e-21,1.9526825211749516e-21,7.269115378117809e-21,1.2016769577530741e-07,7.753795509175667e-08,1.2017043989894937e-07,1.001716161175893,-8.047177316985524e-08,-1.1180079123485648e-10,8.053583243377259e-08,1.6100760560362784e-07,-1.6399994240292884e-08,1.6259223706594324e-08,3.265921794688721e-08,-1.808206940898158e-07,1.8081904296841255e-07,3.6163973705822833e-07,-0.00011256898851952357,1.3890510979808324e-07,8.506334109039647,7.290505950957359,3.183968603746549e-13,7578842.658108409,23275014.243503958,0.01754332367320289,-0.0008578590018695209,0.24575230603538029,7023559.515279686,9213264.463272732,1759249510007950.0,-1.79157512837139e-07,10904497.403009597,-3.006665610720363e-08,9299542.495863434,11646212.073210802,2476201360962255.0,1.2424238060827948e-09,11962314.465877397,-2.7333323733821485e-09,7646167.687127593,9289181.474064574,1779144298643999.0,1.79157512837139e-07,9468283.637138896,3.652725989883417e-08,1.3846846096927033e-07,-1.6399994240292887e-08,1.3601885178421837e-07,1.608372041910087e-08,0.012943180411024935
480,5713.802405809564,EVENT_TRANSPORT_RECOVERY,2,12,0.29124999999999923,LEFT,7.268616972586017e-21,1.9526819334247004e-21,7.26911640627925e-21,1.2016769334828927e-07,7.753794731220954e-08,1.2017044556468266e-07,1.0017158596630158,-8.047180715314523e-08,-1.1170225626801454e-10,8.053583337900093e-08,1.6100764053214617e-07,-1.6399994240292884e-08,1.6259223706594324e-08,3.265921794688721e-08,-1.8082069654166347e-07,1.8081904426230421e-07,3.616397408039677e-07,-0.0001125793473397696,1.3890432696577657e-07,8.506286169599827,7.290517823126195,3.1839665073590036e-13,7588166.014498768,23269413.9921592,0.017547208807445657,-0.0008580761250416291,0.24559549249779772,7023326.226935572,9213115.175775485,1759228788305289.0,-1.79157512837139e-07,10902226.245372564,-3.006665610720363e-08,9301797.744728126,11645717.619283354,2471385469643679.0,1.2424238060827948e-09,11961391.919961978,-2.7333323733821485e-09,7645790.684863216,9285774.003246611,1779133473430581.0,1.79157512837139e-07,9463271.17456661,3.652725989883417e-08,1.3846742304350818e-07,-1.6399994240292887e-08,1.3601959369746072e-07,1.6083654143306516e-08,0.012937471732290096
481,5722.307659399474,EVENT_TRANSPORT_RECOVERY,2,12,0.29499999999999915,LEFT,7.268616311724542e-21,1.9526810287766394e-21,7.269117971788784e-21,1.2016768970641344e-07,7.75379353381542e-08,1.2017045419149753e-07,1.0017153955831803,-8.047185796424894e-08,-1.1155535102364015e-10,8.053583461605968e-08,1.6100769258030863e-07,-1.6399994240292884e-08,1.6259223706594324e-08,3.265921794688721e-08,-1.80820700221164e-07,1.8081904620437903e-07,3.6163974642554303e-07,-0.0001125948937732435,1.3890318697645913e-07,8.506216358417007,7.290535442202353,3.1839632953570245e-13,7602672.934370102,23261343.575607356,0.017553036508809804,-0.0008583996675988192,0.24536309980407894,7023020.228687676,9213895.591804365,1759197686211072.0,-1.79157512837139e-07,10899243.747616222,-3.006665610720363e-08,9306117.323996145,11645529.921494815,2464291346253083.0,1.2424238060827948e-09,11960421.711332997,-2.7333323733821485e-09,7645230.737289551,9280636.312651264,1779117226645181.0,1.79157512837139e-07,9455789.465158053,3.652725989883417e-08,1.3846590366269357e-07,-1.6399994240292887e-08,1.3602070532786203e-07,1.608355473351933e-08,0.012929158543477204
482,5723.438503560883,ACTIVE_ONE_B,2,12,0.2974999999999991,LEFT,7.268615870907353e-21,1.952680368654279e-21,7.269119072728334e-21,1.2016768727715767e-07,7.753792660067483e-08,1.2017046025827665e-07,1.0017150569437807,-8.047189163168342e-08,-1.1145866950974545e-10,8.05358349357135e-08,1.6100772656739692e-07,-1.6399994240292884e-08,1.6259223706594324e-08,3.265921794688721e-08,-1.8082070267531227e-07,1.8081904749991703e-07,3.616397501752293e-07,-0.00011260526350875821,1.3890232773554383e-07,8.506163739832159,7.2905465702947625,3.183960410405316e-13,7625381.764592067,23258403.828517776,0.01755692164305257,-0.0008586109386399254,0.24522176249108818,7023128.491581759,9223568.113845313,1759176938534617.0,-1.79157512837139e-07,10874811.412813019,-3.006665610720363e-08,9316713.152444256,11640982.983842798,2462729160527766.0,1.2424238060827948e-09,11936950.398441767,-2.7333323733821485e-09,7644856.221715265,9277849.401875839,1779106389511353.0,1.79157512837139e-07,9450715.16994778,3.652725989883417e-08,1.3846511830102854e-07,-1.6399994240292887e-08,1.360214918931827e-07,1.608348787784739e-08,0.012922892667248886
483,5724.507141391236,ACTIVE_ONE_B,2,12,0.29999999999999905,LEFT,7.268615828660786e-21,1.9526788050655034e-21,7.269120678563678e-21,1.2016768704434524e-07,7.753790590476951e-08,1.2017046910730664e-07,1.0017142548307238,-8.04719616117504e-08,-1.1123109398913427e-10,8.053583585575029e-08,1.6100779746750068e-07,-1.6399994240292884e-08,1.6259223706594324e-08,3.265921794688721e-08,-1.8082070635525964e-07,1.8081904944287196e-07,3.616397557981316e-07,-0.0001126208136119633,1.389005890252335e-07,8.50605726390165,7.2905771249585385,3.183959432797756e-13,7635299.943582637,23253292.905537184,0.01756080677729533,-0.0008588240748927944,0.244791025042289,7022966.908562414,9222338.717987852,1759145823012954.0,-1.79157512837139e-07,10910772.029367264,-3.006665610720363e-08,9322109.403764883,11661040.75466317,2449100677254872.0,1.2424238060827948e-09,11976128.025342392,-2.7333323733821485e-09,7644303.120232964,9275049.140876183,1779090138151407.0,1.79157512837139e-07,9443346.003397157,3.652725989883417e-08,1.3846414484604328e-07,-1.6399994240292887e-08,1.3602223017852422e-07,1.6083421625260565e-08,0.012910213401856163
484,5726.222402440864,ACTIVE_ONE_B,2,12,0.30374999999999897,LEFT,7.268614770441896e-21,1.9526787923992493e-21,7.269121749448823e-21,1.201676812127112e-07,7.753790573711695e-08,1.2017047500846808e-07,1.0017142483330002,-8.047197573344299e-08,-1.1121688709063983e-10,8.053583650911414e-08,1.6100781224255714e-07,-1.6399994240292884e-08,1.6259223706594324e-08,3.265921794688721e-08,-1.8082070881467738e-07,1.8081905074161967e-07,3.61639759556297e-07,-0.00011263120679627647,1.3890045701380827e-07,8.506049179726121,7.290575623911621,3.1839551199538173e-13,7648930.945265075,23245145.806981035,0.017566634478659478,-0.0008591435138380898,0.2448407589102175,7022630.492025028,9226318.50563376,1759125024432593.0,-1.79157512837139e-07,10869292.602174971,-3.006665610720363e-08,9323677.745645264,11640121.4299026,2450995191786207.0,1.2424238060827948e-09,11934750.588710872,-2.7333323733821485e-09,7643930.806193833,9272378.592258554,1779079276037692.0,1.79157512837139e-07,9438400.643521197,3.652725989883417e-08,1.3846264294306003e-07,-1.6399994240292887e-08,1.3602332347833997e-07,1.608332240886251e-08,0.0129092507297619
485,5726.8893186494315,ACTIVE_ONE_B,2,12,0.30499999999999894,LEFT,7.268614550351998e-21,1.9526784769437824e-21,7.269122284994186e-21,1.2016767999983943e-07,7.753790156169775e-08,1.2017047795961501e-07,1.0017140865059568,-8.047199252403475e-08,-1.111686875503987e-10,8.053583683504817e-08,1.6100782935908294e-07,-1.6399994240292884e-08,1.6259223706594324e-08,3.265921794688721e-08,-1.8082071004323283e-07,1.8081905139044794e-07,3.6163976143368074e-07,-0.00011263639869008024,1.3890009749271244e-07,8.506027163210208,7.29058152919098,3.1839541369721046e-13,7653100.735495487,23242341.496895995,0.017568577045780864,-0.0008592499138384557,0.24476403640219807,7022508.044479583,9226858.80786847,1759114633960377.0,-1.79157512837139e-07,10867782.12167538,-3.006665610720363e-08,9324515.76501166,11639406.282991586,2448665521757287.0,1.2424238060827948e-09,11933882.004505487,-2.7333323733821485e-09,7643744.803722963,9270532.652050134,1779073849826074.0,1.79157512837139e-07,9435945.73201825,3.652725989883417e-08,1.3846213333632438e-07,-1.6399994240292887e-08,1.3602368469267847e-07,1.6083289374661703e-08,0.012906628979973522
486,5729.63488317784,ACTIVE_ONE_B,2,12,0.30999999999999883,LEFT,7.268613673241047e-21,1.9526772014592144e-21,7.269124437589707e-21,1.2016767516625473e-07,7.753788467917466e-08,1.2017048982158847e-07,1.0017134321888872,-8.047205951448921e-08,-1.109766126133761e-10,8.053583808349993e-08,1.6100789759798915e-07,-1.6399994240292884e-08,1.6259223706594324e-08,3.265921794688721e-08,-1.8082071495971027e-07,1.80819053987375e-07,3.616397689470853e-07,-0.00011265717696606892,1.3889865619390792e-07,8.505938900300368,7.290605248951709,3.1839502269967765e-13,7671002.773215793,23231439.665245727,0.01757634731426639,-0.0008596741015365339,0.24445838387288127,7022060.428833795,9228992.836635724,1759073046856308.0,-1.79157512837139e-07,10864184.814640608,-3.006665610720363e-08,9328576.932635527,11639088.081382506,2439629285023116.0,1.2424238060827948e-09,11932834.289348138,-2.7333323733821485e-09,7643002.891051083,9263126.05678736,1779052133360147.0,1.79157512837139e-07,9426005.58268693,3.652725989883417e-08,1.3846010960913785e-07,-1.6399994240292887e-08,1.3602512354332706e-07,1.6083157300595432e-08,0.012896118540169699
487,5730.33505469827,ACTIVE_ONE_B,2,12,0.3112499999999988,LEFT,7.268613454336315e-21,1.9526768796706184e-21,7.269124978283033e-21,1.2016767395991406e-07,7.753788041992683e-08,1.2017049280110278e-07,1.0017132671129807,-8.047207622566402e-08,-1.1092876831657763e-10,8.053583838249269e-08,1.6100791460815673e-07,-1.6399994240292884e-08,1.6259223706594324e-08,3.265921794688721e-08,-1.808207161893922e-07,1.8081905463700897e-07,3.6163977082640114e-07,-0.00011266237420315406,1.3889829863475892e-07,8.505917003931044,7.290611211758335,3.183949268132162e-13,7675468.480189493,23228741.597589858,0.017578289881387772,-0.0008597798403917611,0.24438212921034924,7021952.312481381,9229518.723929176,1759062643804933.0,-1.79157512837139e-07,10863394.882314429,-3.006665610720363e-08,9329656.842153838,11639092.279263835,2437427141879653.0,1.2424238060827948e-09,11932670.128909174,-2.7333323733821485e-09,7642818.334920021,9261267.056762876,1779046701351558.0,1.79157512837139e-07,9423522.059228774,3.652725989883417e-08,1.3845960365620982e-07,-1.6399994240292887e-08,1.3602548108211198e-07,1.6083124306218764e-08,0.012893511097562982
488,5734.817212392372,EVENT_TRANSPORT_RECOVERY,2,12,0.31874999999999865,LEFT,7.268611924977604e-21,1.952674596630863e-21,7.2691287906815e-21,1.2016766553192006e-07,7.753785020121622e-08,1.201705138094875e-07,1.0017120959252455,-8.047219281378164e-08,-1.1059578181505992e-10,8.053584033584077e-08,1.610080331496224e-07,-1.6399994240292884e-08,1.6259223706594324e-08,3.265921794688721e-08,-1.8082072480342952e-07,1.8081905918891932e-07,3.616397839923488e-07,-0.00011269878455411053,1.3889583619013369e-07,8.505766207630336,7.290653298491531,3.183942791102791e-13,7704084.087043762,23204861.17092921,0.017589945284116063,-0.0008606378123616754,0.24385031098193694,7021199.573981968,9233100.333910838,1758989752898932.0,-1.79157512837139e-07,10857774.23899346,-3.006665610720363e-08,9336876.648574794,11638841.923675448,2422093635313556.0,1.2424238060827948e-09,11931373.18388618,-2.7333323733821485e-09,7641534.295892895,9248333.687367821,1779008645204770.0,1.79157512837139e-07,9407309.45295235,3.702422942126728e-08,1.384537088370763e-07,-1.6399994240292887e-08,1.3602807063231242e-07,1.6082920708620524e-08,0.012875554116038801
489,5736.20692288761,ACTIVE_ONE_B,2,12,0.3212499999999986,LEFT,7.268611707535533e-21,1.952674264890344e-21,7.269129339864091e-21,1.2016766433363963e-07,7.753784581023917e-08,1.2017051683578103e-07,1.0017119257440534,-8.04722094029734e-08,-1.1054850407003492e-10,8.053584058866972e-08,1.6100804999164312e-07,-1.6399994240292884e-08,1.6259223706594324e-08,3.265921794688721e-08,-1.8082072603489555e-07,1.8081905983982727e-07,3.6163978587472284e-07,-0.00011270399024843059,1.3889548467087258e-07,8.505744681134404,7.290659336316976,3.1839418750817206e-13,7710421.061442263,23207351.905315522,0.017593830418358828,-0.0008606214132220735,0.2437749252743578,7021103.647133821,9233598.099142564,1758979330071045.0,-1.79157512837139e-07,10857455.764124375,-3.006665610720363e-08,9338079.007428044,11639325.12494652,2419937205174584.0,1.2424238060827948e-09,11931672.267753664,-2.7333323733821485e-09,7641352.07183525,9246497.782299696,1779003204063548.0,1.79157512837139e-07,9405482.091781398,3.702422942126728e-08,1.3845555418779515e-07,-1.6399994240292887e-08,1.3602830752215723e-07,1.6082860731285714e-08,0.012872990718343358
490,5738.115985768398,EVENT_TRANSPORT_RECOVERY,2,12,0.3249999999999985,LEFT,7.268611456958972e-21,1.9526723103065325e-21,7.269131545024462e-21,1.201676629527615e-07,7.753781993900682e-08,1.2017052898740754e-07,1.00171092305254,-8.047229512236522e-08,-1.1027766844577273e-10,8.053584154877772e-08,1.6100813667114295e-07,-1.6399994240292884e-08,1.6259223706594324e-08,3.265921794688721e-08,-1.8082073095997195e-07,1.808190624434497e-07,3.6163979340342167e-07,-0.00011272481082080787,1.388934979391975e-07,8.505623016759078,7.290696847617455,3.183940615108448e-13,7726005.589908177,23191810.346932568,0.017599658119722975,-0.000861160231610425,0.24327053375707675,7020828.567227962,9221573.164593838,1758937639798202.0,-1.79157512837139e-07,10894158.693234647,-3.006665610720363e-08,9343155.044613536,11660225.99863868,2404770718676527.0,1.2424238060827948e-09,11971991.936377924,-2.7333323733821485e-09,7640627.3401887845,9239173.118516525,1778981441487188.0,1.79157512837139e-07,9398238.190344473,3.702422942126728e-08,1.3845119560510723e-07,-1.6399994240292887e-08,1.3602981448545128e-07,1.6082756225587606e-08,0.012858502797024274
491,5739.225689057076,ACTIVE_ONE_B,2,12,0.32749999999999846,LEFT,7.268610621147924e-21,1.952672592249636e-21,7.269132098892409e-21,1.2016765834677108e-07,7.753782367085888e-08,1.2017053203951916e-07,1.0017110676879124,-8.047229215371101e-08,-1.1031310616141727e-10,8.053584179079468e-08,1.6100813394450567e-07,-1.6399994240292884e-08,1.6259223706594324e-08,3.265921794688721e-08,-1.8082073219554206e-07,1.8081906309673054e-07,3.6163979529227263e-07,-0.00011273003442702212,1.3889375894538887e-07,8.505639000374595,7.2906897063401,3.1839374495903383e-13,7731851.266488902,23194254.833801284,0.01760354325396574,-0.0008611432822480669,0.24339869104387601,7020603.974815103,9236032.131012043,1758927179431063.0,-1.79157512837139e-07,10854157.875398025,-3.006665610720363e-08,9343582.777729586,11639753.010388855,2409228536278305.0,1.2424238060827948e-09,11931400.941763159,-2.7333323733821485e-09,7640446.537222894,9237340.344868822,1778975981469905.0,1.79157512837139e-07,9396437.234971771,3.702422942126728e-08,1.384530363513637e-07,-1.6399994240292887e-08,1.3603004605985867e-07,1.6082696305755126e-08,0.012860406142711112
492,5739.722923517533,ACTIVE_ONE_B,2,12,0.32874999999999843,LEFT,7.268610404844168e-21,1.9526722534438432e-21,7.269132654001956e-21,1.2016765715476355e-07,7.753781918636151e-08,1.201705350984725e-07,1.0017108938822707,-8.047230865127216e-08,-1.1026624515860822e-10,8.053584201199173e-08,1.610081506632639e-07,-1.6399994240292884e-08,1.6259223706594324e-08,3.265921794688721e-08,-1.8082073342833084e-07,1.8081906374858142e-07,3.6163979717691226e-07,-0.00011273524638677479,1.3889341289662451e-07,8.505617808883425,7.290695789853997,3.1839365655043126e-13,7736380.735211249,23191711.21453608,0.01760548582108712,-0.0008612472096398704,0.24332396915833043,7020513.949595688,9236508.66647951,1758916742064370.0,-1.79157512837139e-07,10853941.827002618,-3.006665610720363e-08,9344829.591786696,11640323.893675346,2407104953345663.0,1.2424238060827948e-09,11931793.67881389,-2.7333323733821485e-09,7640266.288681549,9235521.426653814,1778970533595346.0,1.79157512837139e-07,9394622.119688038,3.702422942126728e-08,1.384525387341544e-07,-1.6399994240292884e-08,1.360303919815223e-07,1.6082663438710568e-08,0.012857882637733686
493,5740.223135678911,EVENT_TRANSPORT_RECOVERY,2,12,0.3299999999999984,LEFT,7.268610590494366e-21,1.9526709562648427e-21,7.269133765530758e-21,1.2016765817784534e-07,7.75378020166508e-08,1.2017054122359595e-07,1.0017102284360682,-8.047236111351814e-08,-1.1009030189688665e-10,8.053584244112096e-08,1.610082035546391e-07,-1.6399994240292884e-08,1.6259223706594324e-08,3.265921794688721e-08,-1.8082073589156572e-07,1.8081906505116428e-07,3.6163980094273e-07,-0.00011274566073371517,1.388921318497469e-07,8.505539359553763,7.290721255223013,3.183937160696467e-13,7742926.441836752,23181416.872087024,0.017607428388208505,-0.0008615759937882217,0.2429709076285016,7020438.93828167,9221518.375940371,1758895885543663.0,-1.79157512837139e-07,10891567.614855235,-3.006665610720363e-08,9347540.333740378,11660532.03063616,2396268041985831.0,1.2424238060827948e-09,11971800.63645051,-2.7333323733821485e-09,7639907.3598885415,9231892.946322048,1778959647774092.0,1.79157512837139e-07,9391040.128031118,3.702422942126728e-08,1.384491883721495e-07,-1.6399994240292887e-08,1.3603119350065822e-07,1.608262481480357e-08,0.012848540809341946
494,5743.650052282324,EVENT_TRANSPORT_PAUSED,2,12,0.3337499999999983,LEFT,7.268609137484113e-21,1.952671851481974e-21,7.26913432332388e-21,1.2016765017059055e-07,7.753781386591772e-08,1.2017054429733677e-07,1.0017106876778845,-8.047233857649e-08,-1.1020842203008778e-10,8.053584267431731e-08,1.610081812508073e-07,-1.6399994240292884e-08,1.6259223706594324e-08,3.265921794688721e-08,-1.808207371310154e-07,1.8081906570665804e-07,3.6163980283767347e-07,-0.00011275090118867404,1.3889299264651825e-07,8.50559207341683,7.290700874383021,3.1839316950633866e-13,7750632.31328916,23189012.050231576,0.01761325608957265,-0.0008614373483795124,0.24330313065375708,7020005.093087746,9237917.693345621,1758885390159277.0,-1.79157512837139e-07,10811333.64591229,-3.006665610720363e-08,9345347.1454164,11611781.92552768,2407541151292900.0,1.2424238060827948e-09,11888863.139982967,-2.7333323733821485e-09,7639727.274949429,9230071.377536513,1778954170033362.0,1.79157512837139e-07,9389218.252507307,3.702422942126728e-08,1.384533811939626e-07,-1.6399994240292887e-08,1.3603130619496587e-07,1.6082537894689526e-08,0.012854818031400539
495,5783.16615001141,EVENT_TRANSPORT_RECOVERY,2,12,0.3362499999999983,LEFT,7.268609112305504e-21,1.9526702948408313e-21,7.269135905143632e-21,1.2016765003183615e-07,7.753779326191247e-08,1.2017055301401555e-07,1.0017098891289282,-8.047240765377938e-08,-1.0998452591507155e-10,8.053584414935473e-08,1.610082518031341e-07,-1.6399994240292884e-08,1.6259223706594324e-08,3.265921794688721e-08,-1.8082074082965915e-07,1.808190676629559e-07,3.6163980849261503e-07,-0.00011276653989633623,1.3889155065756285e-07,8.50550376824322,7.290734070739846,3.183932679065883e-13,7746602.8040291555,23172873.171906937,0.017617141223815413,-0.0008618759167966505,0.2428557452451499,7019499.95378718,9211984.858501857,1758854067703663.0,-1.79157512837139e-07,10872646.208615517,-3.006665610720363e-08,9340613.251995832,11644598.186809108,2391427148059980.0,1.2424238060827948e-09,11954371.364138711,-2.7333323733821485e-09,7639181.418878016,9225251.697428338,1778937823069790.0,1.79157512837139e-07,9383806.547053173,3.702422942126728e-08,1.3844918440531917e-07,-1.6399994240292884e-08,1.3603237691594543e-07,1.608246736419827e-08,0.01284430255878255
496,5786.117248200371,EVENT_TRANSPORT_PAUSED,2,12,0.3387499999999982,LEFT,7.268608278625942e-21,1.9526705330946715e-21,7.269136500569354e-21,1.2016764543759096e-07,7.75377964154874e-08,1.2017055629513164e-07,1.0017100113519315,-8.047240448854584e-08,-1.1002099940967609e-10,8.053584403753209e-08,1.6100824852607793e-07,-1.6399994240292884e-08,1.6259223706594324e-08,3.265921794688721e-08,-1.8082074206698031e-07,1.8081906831748289e-07,3.616398103844632e-07,-0.00011277177179147557,1.3889172875125077e-07,8.505514674425248,7.290726625021787,3.183928906083446e-13,7764659.388826281,23177546.210544042,0.01762102635805818,-0.0008618555459114496,0.2429955847384725,7019463.216835562,9239752.073463894,1758843588242613.0,-1.79157512837139e-07,10808463.433054497,-3.006665610720363e-08,9345907.918137858,11610996.891815273,2399078706298113.0,1.2424238060827948e-09,11888276.584112473,-2.7333323733821485e-09,7638998.338085961,9224359.511721812,1778932354182666.0,1.79157512837139e-07,9381949.507013578,3.702422942126728e-08,1.384512143225155e-07,-1.6399994240292884e-08,1.3603264379257118e-07,1.6082406987401747e-08,0.012845601278368202
497,5799.249315951518,ACTIVE_ONE_B,2,12,0.3437499999999981,LEFT,7.268607828820015e-21,1.9526682259347583e-21,7.269139257535193e-21,1.2016764295879822e-07,7.753776587745191e-08,1.2017057148749444e-07,1.0017088277906785,-8.047250599879404e-08,-1.0970604095731828e-10,8.053584547866512e-08,1.6100835147745917e-07,-1.6399994240292884e-08,1.6259223706594324e-08,3.265921794688721e-08,-1.8082074823880264e-07,1.8081907158288524e-07,3.616398198216879e-07,-0.00011279787038098732,1.3888948966660892e-07,8.505377556344497,7.290771941210488,3.1839274884021467e-13,7784067.749493014,23159666.519407615,0.017628796626543708,-0.0008624955138099022,0.2424151002108691,7019226.446656774,9236085.734980598,1758791308541300.0,-1.79157512837139e-07,10849433.62018312,-3.006665610720363e-08,9354138.379474051,11643217.780878514,2382232140323892.0,1.2424238060827948e-09,11934229.327771842,-2.7333323733821485e-09,7638110.988418627,9219892.377464097,1778905073081688.0,1.79157512837139e-07,9372881.28309254,3.702422942126728e-08,1.3844627299338023e-07,-1.6399994240292884e-08,1.3603443096890483e-07,1.6082270368827717e-08,0.012829273113611483
498,5801.991158047396,ACTIVE_ONE_B,2,12,0.34749999999999803,LEFT,7.268606785318559e-21,1.952668213530844e-21,7.269140313440564e-21,1.201676372082648e-07,7.753776571327113e-08,1.2017057730609923e-07,1.0017088214275338,-8.047251933588377e-08,-1.0969496139646521e-10,8.053584652889063e-08,1.610083658647744e-07,-1.6399994240292884e-08,1.6259223706594324e-08,3.265921794688721e-08,-1.8082075071324928e-07,1.8081907289234357e-07,3.6163982360559287e-07,-0.00011280833474791585,1.3888955245760448e-07,8.50538140156796,7.2907722622601385,3.183924520770814e-13,7780667.180535181,23157171.770900812,0.017634624327907855,-0.0008625849484518167,0.24245506624898577,7018602.914235733,9229085.49909727,1758770344754154.0,-1.79157512837139e-07,10832456.071917647,-3.006665610720363e-08,9347790.127093773,11628229.130700538,2381656821490527.0,1.2424238060827948e-09,11917590.01624303,-2.7333323733821485e-09,7637760.346194733,9218090.949898062,1778894134452462.0,1.79157512837139e-07,9369369.502845965,3.702422942126728e-08,1.384473494275122e-07,-1.6399994240292884e-08,1.3603492805129604e-07,1.6082178571415065e-08,0.012829731006851253
499,5804.5926044595435,EVENT_TRANSPORT_RECOVERY,2,12,0.3524999999999979,LEFT,7.268606347410341e-21,1.952665898295839e-21,7.269143066583788e-21,1.2016763479503771e-07,7.753773506832779e-08,1.2017059247739206e-07,1.0017076337237998,-8.047262043715855e-08,-1.0938143520308549e-10,8.053584812022827e-08,1.6100846855738684e-07,-1.6399994240292884e-08,1.6259223706594324e-08,3.265921794688721e-08,-1.808207568925827e-07,1.808190761630703e-07,3.6163983305565295e-07,-0.00011283446883347814,1.3888734974154975e-07,8.50524651064324,7.290818365107843,3.183923426178185e-13,7799480.555919631,23139431.398909345,0.01764239459639338,-0.0008632233077880969,0.2418749618279123,7018298.119965844,9212420.196167486,1758717984392588.0,-1.79157512837139e-07,10872533.32574449,-3.006665610720363e-08,9353901.781806067,11652396.715947961,2365129616426226.0,1.2424238060827948e-09,11961666.438477213,-2.7333323733821485e-09,7636885.111220098,9213561.098318875,1778866815668585.0,1.79157512837139e-07,9360385.486359019,3.702422942126728e-08,1.3844238380993937e-07,-1.6399994240292884e-08,1.3603667852301276e-07,1.6082042382059063e-08,0.012813668054168836
500,5807.655566028355,EVENT_TRANSPORT_RECOVERY,2,12,0.3549999999999979,LEFT,7.26860551954332e-21,1.9526662360595755e-21,7.269143556687072e-21,1.201676302328231e-07,7.753773953904201e-08,1.201705951781231e-07,1.0017078069948717,-8.047261738188514e-08,-1.0941668277851382e-10,8.053584902140396e-08,1.610084664032891e-07,-1.6399994240292884e-08,1.6259223706594324e-08,3.265921794688721e-08,-1.808207581327019e-07,1.808190768195807e-07,3.616398349522826e-07,-0.00011283971395159575,1.3888776353086502e-07,8.505271850460987,7.290812596464225,3.18392135007578e-13,7791246.374517708,23139201.37508414,0.01764627973063615,-0.0008632099174537,0.24198824388713985,7017722.967443523,9204274.418740915,1758707474885021.0,-1.79157512837139e-07,10855476.023130817,-3.006665610720363e-08,9345416.250042323,11636481.646321863,2366577574249883.0,1.2424238060827948e-09,11944360.648031807,-2.7333323733821485e-09,7636708.747397294,9212646.60344415,1778861332744017.0,1.79157512837139e-07,9358668.817942996,3.702422942126728e-08,1.384439381240503e-07,-1.6399994240292887e-08,1.3603683272109399e-07,1.60819834214881e-08,0.012816685546222617
501,5820.013606267974,EVENT_TRANSPORT_RECOVERY,2,12,0.3624999999999977,LEFT,7.268603650464068e-21,1.952664876669982e-21,7.269146785155918e-21,1.2016761993268861e-07,7.753772154586277e-08,1.2017061296870883e-07,1.0017071096349526,-8.0472695603821e-08,-1.0922168830060128e-10,8.053585177103277e-08,1.6100854737485378e-07,-1.6399994240292884e-08,1.6259223706594324e-08,3.265921794688721e-08,-1.8082076556281556e-07,1.8081908075381763e-07,3.6163984631663317e-07,-0.000112871141996429,1.388865583919954e-07,8.505198049620343,7.290840946390743,3.183915815396523e-13,7813364.33557143,23123191.79154357,0.01765793513336444,-0.0008638344444580337,0.24173058009149417,7016964.8033204675,9219614.526315747,1758644498265177.0,-1.79157512837139e-07,10818823.162312279,-3.006665610720363e-08,9348445.678048408,11621283.637104345,2361399536209967.0,1.2424238060827948e-09,11909811.652313855,-2.7333323733821485e-09,7635658.915344127,9203220.319060747,1778828479606887.0,1.79157512837139e-07,9347846.06437647,3.702422942126728e-08,1.3844059400847178e-07,-1.6399994240292887e-08,1.3603873491266324e-07,1.6081788270421115e-08,0.012807897264774715
502,5821.12082919538,ACTIVE_ONE_B,2,12,0.36499999999999766,LEFT,7.268603442866775e-21,1.9526645400171485e-21,7.269147329406044e-21,1.2016761878865992e-07,7.753771708985063e-08,1.2017061596781686e-07,1.0017069369337683,-8.047271183083845e-08,-1.0917572476186251e-10,8.05358521801195e-08,1.6100856401095795e-07,-1.6399994240292884e-08,1.6259223706594324e-08,3.265921794688721e-08,-1.8082076680140447e-07,1.8081908140977882e-07,3.616398482111833e-07,-0.00011287638136359135,1.3888624273753117e-07,8.505178719429109,7.290847823380428,3.183915212615915e-13,7819444.057595624,23125918.786335617,0.017661820267607205,-0.0008638166676884218,0.24165527153946448,7016904.896621034,9220326.089959782,1758633998630675.0,-1.79157512837139e-07,10819744.473970167,-3.006665610720363e-08,9350079.725148886,11622779.28152786,2359492948634243.0,1.2424238060827948e-09,11911285.40579355,-2.7333323733821485e-09,7635489.270283321,9201582.61054285,1778823002639718.0,1.79157512837139e-07,9346065.194656765,3.702422942126728e-08,1.384424048782249e-07,-1.6399994240292884e-08,1.3603893894426723e-07,1.608172866732181e-08,0.012805595405344317
503,5823.316334015242,EVENT_TRANSPORT_PAUSED,2,12,0.3674999999999976,LEFT,7.268602616487003e-21,1.952664820472416e-21,7.26914787533055e-21,1.201676142346401e-07,7.753772080201927e-08,1.2017061897615146e-07,1.001707080805888,-8.047270853246375e-08,-1.092122845182182e-10,8.053585258976628e-08,1.6100856112223004e-07,-1.6399994240292884e-08,1.6259223706594324e-08,3.265921794688721e-08,-1.8082076804321904e-07,1.8081908206748516e-07,3.6163985011070423e-07,-0.00011288163447775723,1.3888652779957297e-07,8.505196176187704,7.290841406666914,3.1839122830733226e-13,7825211.427234784,23128626.744969383,0.01766570540184997,-0.0008637987107351641,0.24178411693827195,7016621.281329653,9235299.842173649,1758623471227116.0,-1.79157512837139e-07,10779579.565889502,-3.006665610720363e-08,9348925.49485228,11595101.568990173,2364332080222011.0,1.2424238060827948e-09,11869583.410297602,-2.7333323733821485e-09,7635320.128114889,9199944.78014571,1778817511298086.0,1.79157512837139e-07,9344301.134629482,3.702422942126728e-08,1.384442183458884e-07,-1.6399994240292884e-08,1.360391399584644e-07,1.6081669104430538e-08,0.012807674174452721
504,5826.300011547541,EVENT_TRANSPORT_RECOVERY,2,12,0.3724999999999975,LEFT,7.268602205861914e-21,1.9526626295583972e-21,7.269150476869657e-21,1.2016761197176412e-07,7.753769180258198e-08,1.2017063331201463e-07,1.0017059568781854,-8.047280933145813e-08,-1.0889847753951472e-10,8.053585578195869e-08,1.6100866511341682e-07,-1.6399994240292884e-08,1.6259223706594324e-08,3.265921794688721e-08,-1.8082077423734046e-07,1.8081908534864315e-07,3.616398595859836e-07,-0.00011290783830708584,1.3888458089587443e-07,8.505076950816068,7.290891347871575,3.183913189268839e-13,7827965.692184244,23107751.94266095,0.017673475670335496,-0.0008644451422881172,0.24117958083183688,7016011.790344016,9194078.75816699,1758570954773137.0,-1.79157512837139e-07,10845472.936050158,-3.006665610720363e-08,9346400.292471519,11632896.967171641,2344506725851345.0,1.2424238060827948e-09,11940667.522667317,-2.7333323733821485e-09,7634460.95104915,9191911.393483736,1778790119098493.0,1.79157512837139e-07,9335560.619676866,3.702422942126728e-08,1.384387837314289e-07,-1.6399994240292884e-08,1.36040748172368e-07,1.608153465971115e-08,0.012793476692249284
505,5827.338481089959,ACTIVE_ONE_B,2,12,0.37499999999999745,LEFT,7.268601380679301e-21,1.9526629232939785e-21,7.269151008316687e-21,1.2016760742434108e-07,7.753769569053433e-08,1.201706362405698e-07,1.0017061075630385,-8.04728060267456e-08,-1.0893496622207672e-10,8.053585634069544e-08,1.6100866236744104e-07,-1.6399994240292884e-08,1.6259223706594324e-08,3.265921794688721e-08,-1.8082077548041253e-07,1.808190860072332e-07,3.6163986148764573e-07,-0.0001129130973425152,1.3888488050948632e-07,8.505095298690312,7.29088529240731,3.1839103729650833e-13,7833858.949081443,23110408.36549434,0.017677360804578265,-0.0008644280727130305,0.24130712909460572,7015817.036512842,9211960.416476121,1758560414260448.0,-1.79157512837139e-07,10807715.01104263,-3.006665610720363e-08,9347189.120478766,11614451.569526112,2349235899741538.0,1.2424238060827948e-09,11902290.613559566,-2.7333323733821485e-09,7634292.066333931,9190294.512121528,1778784621560178.0,1.79157512837139e-07,9333769.220244778,3.702422942126728e-08,1.3844056853499224e-07,-1.6399994240292884e-08,1.3604094280043652e-07,1.60814751707377e-08,0.012795661576342932
506,5837.2446508546545,EVENT_TRANSPORT_RECOVERY,2,12,0.3762499999999974,LEFT,7.268601175511486e-21,1.9526626604131266e-21,7.269151476365354e-21,1.2016760629370057e-07,7.753769221098235e-08,1.2017063881976622e-07,1.001705972706504,-8.047282239829059e-08,-1.0888791260519661e-10,8.053585747312969e-08,1.6100867987142028e-07,-1.6399994240292884e-08,1.6259223706594324e-08,3.265921794688721e-08,-1.8082077672067454e-07,1.808190866643702e-07,3.6163986338504475e-07,-0.00011291834458848626,1.3888471055276525e-07,8.50508489080355,7.290893433203208,3.1839108250561583e-13,7823895.054204648,23105182.157949556,0.017679303371699644,-0.0008645368812079113,0.24121487037208061,7015386.24251818,9186746.529760947,1758549897184088.0,-1.79157512837139e-07,10830820.27757269,-3.006665610720363e-08,9339510.567526802,11619693.440390797,2344232142563134.0,1.2424238060827948e-09,11926287.767029881,-2.7333323733821485e-09,7634121.93935477,9188665.531037392,1778779136348329.0,1.79157512837139e-07,9332058.39690955,3.702422942126728e-08,1.3843974186520948e-07,-1.6399994240292884e-08,1.360411939615265e-07,1.6081443476926016e-08,0.012794422194279731
507,5840.821933388788,EVENT_TRANSPORT_RECOVERY,2,12,0.3824999999999973,LEFT,7.26860013844003e-21,1.952661102889486e-21,7.26915407096045e-21,1.2016760057859815e-07,7.753767159523149e-08,1.2017065311735947e-07,1.0017051737048306,-8.04729035583549e-08,-1.0865758032365118e-10,8.053586082819517e-08,1.6100876438655005e-07,-1.6399994240292884e-08,1.6259223706594324e-08,3.265921794688721e-08,-1.80820782925094e-07,1.8081908995223264e-07,3.616398728773266e-07,-0.00011294459543820246,1.3888327396257478e-07,8.504996916241954,7.29093096726399,3.1839090061632764e-13,7842448.719008416,23092407.750057153,0.017689016207306556,-0.0008650622454073886,0.2408244402402091,7014969.391651513,9186574.1653098,1758497279746003.0,-1.79157512837139e-07,10836997.056217998,-3.006665610720363e-08,9344024.836062398,11627598.870713882,2334656824777275.0,1.2424238060827948e-09,11935135.614327852,-2.7333323733821485e-09,7633279.849021912,9180644.49576768,1778751695065723.0,1.79157512837139e-07,9323238.988187755,3.702422942126728e-08,1.3843681028225855e-07,-1.6399994240292887e-08,1.3604270070206918e-07,1.608128178546997e-08,0.012783946091286857
508,5880.860104048148,ACTIVE_ONE_B,2,12,0.3862499999999972,LEFT,7.268598691553645e-21,1.9526620910348085e-21,7.269154529701514e-21,1.2016759260508314e-07,7.75376846745577e-08,1.2017065564526535e-07,1.0017056806183346,-8.047288092389299e-08,-1.0877549979030541e-10,8.053586208691882e-08,1.6100874301081182e-07,-1.6399994240292884e-08,1.6259223706594324e-08,3.265921794688721e-08,-1.8082078417264182e-07,1.8081909061344205e-07,3.6163987478608386e-07,-0.00011294987409504742,1.3888431031332368e-07,8.505060380759113,7.290912798272905,3.1839048471714914e-13,7836060.7645265935,23097414.516883604,0.0176948439086707,-0.0008649293692271076,0.24113998435079542,7014295.619287864,9196332.388592482,1758486698633335.0,-1.79157512837139e-07,10782391.173641821,-3.006665610720363e-08,9335430.659648784,11592845.40934745,2342823388914580.0,1.2424238060827948e-09,11879118.513471559,-2.7333323733821485e-09,7633112.179554402,9179010.867513428,1778746177049145.0,1.79157512837139e-07,9321542.874305097,3.702422942126728e-08,1.3844065735844146e-07,-1.6399994240292884e-08,1.3604271713020382e-07,1.6081196056530105e-08,0.012791503512501468
509,5882.746840769055,ACTIVE_ONE_B,2,12,0.3874999999999972,LEFT,7.268598482152833e-21,1.952661808229156e-21,7.26915502190798e-21,1.201675914511151e-07,7.753768093127536e-08,1.201706583575832e-07,1.0017055355404791,-8.047289724656456e-08,-1.087290207597549e-10,8.053586301412151e-08,1.6100876026068607e-07,-1.6399994240292884e-08,1.6259223706594324e-08,3.265921794688721e-08,-1.8082078541435236e-07,1.808190912715924e-07,3.616398766859447e-07,-0.00011295512814912811,1.3888406611948029e-07,8.505045426705786,7.290920868848252,3.183904764009905e-13,7838105.740468638,23094266.555213228,0.017696786475792085,-0.0008650365981506258,0.2410576003169841,7014130.191136946,9194019.63963061,1758476166671996.0,-1.79157512837139e-07,10782644.642778723,-3.006665610720363e-08,9334312.996228617,11593135.647067271,2340673386289950.0,1.2424238060827948e-09,11879898.811735583,-2.7333323733821485e-09,7632938.641004648,9177439.310665619,1778740684758835.0,1.79157512837139e-07,9319828.618984386,3.702422942126728e-08,1.3843999401205658e-07,-1.6399994240292887e-08,1.3604300312876762e-07,1.608116391216058e-08,0.012789722768159262
510,5887.734235938122,EVENT_TRANSPORT_RECOVERY,2,12,0.39374999999999705,LEFT,7.268597417819615e-21,1.952660423118604e-21,7.269157471351749e-21,1.2016758558577688e-07,7.753766259762007e-08,1.2017067185531145e-07,1.0017048249858396,-8.047297886811211e-08,-1.0849728032523916e-10,8.053586778346992e-08,1.6100884665158203e-07,-1.6399994240292884e-08,1.6259223706594324e-08,3.265921794688721e-08,-1.8082079162598325e-07,1.8081909456448988e-07,3.6163988619047316e-07,-0.00011298141286664176,1.3888279568399256e-07,8.50496762720123,7.290961200420009,3.183904392707629e-13,7842886.382935498,23078952.093869515,0.017706499311398994,-0.000865573622515603,0.24064547752139126,7013410.070606577,9169222.786738407,1758423475575081.0,-1.79157512837139e-07,10813625.980513234,-3.006665610720363e-08,9330745.996054903,11607208.089442372,2328141798460680.0,1.2424238060827948e-09,11913857.878199263,-2.7333323733821485e-09,7632111.2545390325,9169422.841994446,1778713208360170.0,1.79157512837139e-07,9311140.026833273,3.702422942126728e-08,1.3843667900842479e-07,-1.6399994240292887e-08,1.3604441049245096e-07,1.6081003467544486e-08,0.012780458321622223
511,5889.248950635484,ACTIVE_ONE_B,2,12,0.396249999999997,LEFT,7.268596583302458e-21,1.952660766550586e-21,7.269157962436925e-21,1.2016758098691092e-07,7.753766714336891e-08,1.2017067456144963e-07,1.0017050011646924,-8.04729756821473e-08,-1.0853350817958915e-10,8.053586874541904e-08,1.6100884442756632e-07,-1.6399994240292884e-08,1.6259223706594324e-08,3.265921794688721e-08,-1.8082079287194857e-07,1.8081909522510062e-07,3.616398880970492e-07,-0.00011298668549164503,1.3888312387277484e-07,8.504987724974717,7.29095603802001,3.183901868769231e-13,7848378.509591337,23081478.03825278,0.01771038444564176,-0.0008655597975564255,0.24076933273524498,7013204.9440551745,9186688.011673879,1758412905481140.0,-1.79157512837139e-07,10776798.274924878,-3.006665610720363e-08,9331100.831256961,11589428.423765168,2332892812416722.0,1.2424238060827948e-09,11876399.504681492,-2.7333323733821485e-09,7631945.913573208,9167840.278730312,1778707696725106.0,1.79157512837139e-07,9309368.495418785,3.702422942126728e-08,1.3843839284219113e-07,-1.6399994240292887e-08,1.36044584006835e-07,1.608094424248386e-08,0.012782851585551702
512,5891.3097937277835,EVENT_TRANSPORT_PAUSED,2,12,0.39874999999999694,LEFT,7.26859574760419e-21,1.952661105932461e-21,7.269158458753316e-21,1.201675763815357e-07,7.753767163550905e-08,1.2017067729641446e-07,1.0017051752658612,-8.047297247329717e-08,-1.0856990730776578e-10,8.053586966071741e-08,1.6100884213401458e-07,-1.6399994240292884e-08,1.6259223706594324e-08,3.265921794688721e-08,-1.8082079411811877e-07,1.808190958858537e-07,3.616398900039725e-07,-0.00011299195907676918,1.388834381020852e-07,8.505006967891731,7.290950760333748,3.1838992797389563e-13,7854099.214503709,23084211.04090724,0.017714269579884524,-0.0008655455403459023,0.2408943824713206,7012936.2575236745,9201900.084528321,1758402333325473.0,-1.79157512837139e-07,10738377.475837324,-3.006665610720363e-08,9330063.107483676,11563214.056982106,2337884657243835.0,1.2424238060827948e-09,11836416.562239328,-2.7333323733821485e-09,7631784.49137462,9166233.565875392,1778702184100834.0,1.79157512837139e-07,9307606.813348038,3.702422942126728e-08,1.3844012784959662e-07,-1.6399994240292887e-08,1.360447579033238e-07,1.6080885013964427e-08,0.012785143052276515
513,5893.954361090288,ACTIVE_ONE_B,2,12,0.3999999999999969,LEFT,7.26859553178643e-21,1.95266088564651e-21,7.269158894857027e-21,1.201675751922048e-07,7.753766871975127e-08,1.201706796995756e-07,1.0017050622602934,-8.047298894411091e-08,-1.0852278434935241e-10,8.053587112000962e-08,1.6100886006412053e-07,-1.6399994240292884e-08,1.6259223706594324e-08,3.265921794688721e-08,-1.8082079536146694e-07,1.8081909654514392e-07,3.6163989190661084e-07,-0.00011299722081203889,1.388832782219434e-07,8.504997177079101,7.290959653595925,3.183899915770754e-13,7844704.580436726,23079208.167284526,0.017716212147005906,-0.0008656569977356643,0.24080023860989225,7012642.547672093,9180460.789326202,1758391784792487.0,-1.79157512837139e-07,10764650.91276007,-3.006665610720363e-08,9325274.224299671,11578516.945288338,2332726883949015.0,1.2424238060827948e-09,11864502.260594562,-2.7333323733821485e-09,7631622.418538318,9164613.384782577,1778696683879018.0,1.79157512837139e-07,9305938.802875187,3.702422942126728e-08,1.3843926333264648e-07,-1.6399994240292887e-08,1.360449948657634e-07,1.608085349183462e-08,0.01278397715204771
514,5897.0516790780985,EVENT_TRANSPORT_RECOVERY,2,12,0.4049999999999968,LEFT,7.268594044841843e-21,1.9526605135574712e-21,7.269160753890654e-21,1.201675669979332e-07,7.753766379469086e-08,1.2017068994382894e-07,1.0017048713805166,-8.047303500660563e-08,-1.0841892399746183e-10,8.05358759319882e-08,1.6100891093859382e-07,-1.6399994240292884e-08,1.6259223706594324e-08,3.265921794688721e-08,-1.8082080033991826e-07,1.808190991853184e-07,3.6163989952523667e-07,-0.00011301829007681619,1.3888292933086708e-07,8.504975811529143,7.290980656168248,3.18389799282987e-13,7845521.152165466,23066418.993170824,0.017723982415491436,-0.0008660945047147539,0.240664745299138,7011892.449639945,9173006.666818682,1758349544666049.0,-1.79157512837139e-07,10756918.898474617,-3.006665610720363e-08,9320219.392168058,11572090.745125763,2328643018598002.0,1.2424238060827948e-09,11858034.110469311,-2.7333323733821485e-09,7630972.622282038,9158247.215978466,1778674659826841.0,1.79157512837139e-07,9299088.594992226,3.702422942126728e-08,1.3843643222362307e-07,-1.6399994240292884e-08,1.3604606926049377e-07,1.6080725778220426e-08,0.012781432919967362
515,5899.136473095947,ACTIVE_ONE_B,2,12,0.40749999999999675,LEFT,7.268593828231246e-21,1.9526602708372945e-21,7.269161213221428e-21,1.2016756580423288e-07,7.753766058198763e-08,1.2017069247498288e-07,1.0017047468663056,-8.047305141870761e-08,-1.083722403705582e-10,8.053587718683209e-08,1.6100892860553968e-07,-1.6399994240292884e-08,1.6259223706594324e-08,3.265921794688721e-08,-1.8082080158428054e-07,1.8081909984531113e-07,3.6163990142959167e-07,-0.00011302355655939955,1.3888269278512213e-07,8.504961325833536,7.290989430289328,3.183898082530362e-13,7849548.249490608,23068514.439286925,0.0177278675497342,-0.0008660830659190655,0.24058033873212148,7011761.398002229,9171301.932585929,1758338986015824.0,-1.79157512837139e-07,10758291.335326888,-3.006665610720363e-08,9319712.429259729,11573427.744236497,2326510294711017.0,1.2424238060827948e-09,11859920.490616878,-2.7333323733821485e-09,7630806.767967214,9156684.74775974,1778669154732129.0,1.79157512837139e-07,9297421.690750316,3.702422942126728e-08,1.3843807336276178e-07,-1.6399994240292884e-08,1.360462261651875e-07,1.6080666765475367e-08,0.012779707948153307
516,5916.933450242967,EVENT_TRANSPORT_RECOVERY,2,12,0.4137499999999966,LEFT,7.268592746477385e-21,1.9526591129482996e-21,7.269163452864283e-21,1.2016755984289025e-07,7.753764525588389e-08,1.2017070481659043e-07,1.0017041528751645,-8.047313351527522e-08,-1.0813828957660523e-10,8.053588400357508e-08,1.6100901751885031e-07,-1.6399994240292884e-08,1.6259223706594324e-08,3.265921794688721e-08,-1.8082080780911469e-07,1.808191031473616e-07,3.6163991095647627e-07,-0.00011304990310279095,1.3888150338936494e-07,8.504888489076752,7.291034060453234,3.183898897812591e-13,7854556.303567173,23053370.354764193,0.01773758038534111,-0.0008666357701552219,0.2401518084650771,7011126.017804722,9147689.49915522,1758286162904679.0,-1.79157512837139e-07,10795158.836075222,-3.006665610720363e-08,9317116.484001625,11592513.59279589,2314151106856560.0,1.2424238060827948e-09,11899645.843274072,-2.7333323733821485e-09,7630008.853186467,9148780.444719596,1778641614816317.0,1.79157512837139e-07,9288858.412905687,3.702422942126728e-08,1.384344709358843e-07,-1.6399994240292887e-08,1.3604754598475417e-07,1.608050741056013e-08,0.012771034470822062
517,5918.952742375424,ACTIVE_ONE_B,2,12,0.41749999999999654,LEFT,7.268591292636023e-21,1.952660164726594e-21,7.26916385492735e-21,1.2016755183104227e-07,7.753765917748053e-08,1.201707070321687e-07,1.001704692432058,-8.047311098158938e-08,-1.0825579725010799e-10,8.053588582030648e-08,1.6100899680189588e-07,-1.6399994240292884e-08,1.6259223706594324e-08,3.265921794688721e-08,-1.8082080906074806e-07,1.808191038114042e-07,3.6163991287215224e-07,-0.00011305520089344157,1.3888255219022277e-07,8.504952716019329,7.291017021949012,3.1838950156545515e-13,7848546.983896455,23058623.082552887,0.017743408086705256,-0.0008665069891167221,0.24046393963027168,7010504.224835325,9158389.301670277,1758275540899675.0,-1.79157512837139e-07,10742448.273613803,-3.006665610720363e-08,9309471.923257394,11559526.868287958,2322359797715762.0,1.2424238060827948e-09,11845520.514544422,-2.7333323733821485e-09,7629853.06708329,9147159.445186231,1778636077133119.0,1.79157512837139e-07,9287227.599750765,3.702422942126728e-08,1.3843825062478788e-07,-1.6399994240292887e-08,1.3604753867269183e-07,1.6080421987077008e-08,0.012778682682454301
518,5919.435527873951,ACTIVE_ONE_B,2,12,0.4187499999999965,LEFT,7.26859107810047e-21,1.9526599417361694e-21,7.269164292453332e-21,1.2016755064877684e-07,7.753765622592476e-08,1.201707094431661e-07,1.001704578039109,-8.04731274097008e-08,-1.0820885030733397e-10,8.05358872862755e-08,1.610090146959763e-07,-1.6399994240292884e-08,1.6259223706594324e-08,3.265921794688721e-08,-1.8082081030651872e-07,1.8081910447236794e-07,3.6163991477888667e-07,-0.0001130604739563168,1.3888231826587705e-07,8.504938390854157,7.291026220924087,3.1838952006936807e-13,7851044.260494011,23055748.83273092,0.017745350653826635,-0.000866618222564508,0.24037822465215458,7010395.235954787,9157071.649751823,1758264968390874.0,-1.79157512837139e-07,10744464.759041943,-3.006665610720363e-08,9309372.32477661,11561481.971492138,2320213541351252.0,1.2424238060827948e-09,11848051.036722053,-2.7333323733821485e-09,7629691.908195753,9145603.87551367,1778630565323633.0,1.79157512837139e-07,9285596.571348228,3.702422942126728e-08,1.3843752672172029e-07,-1.6399994240292887e-08,1.3604780189039311e-07,1.6080390123508826e-08,0.012776976826772923
519,5923.48252862116,EVENT_TRANSPORT_RECOVERY,2,12,0.4274999999999963,LEFT,7.268589181943985e-21,1.9526593557269204e-21,7.269166774619064e-21,1.2016754019941108e-07,7.753764846936197e-08,1.20170723121198e-07,1.001704277419357,-8.047320663058683e-08,-1.0800766804697077e-10,8.053589743314378e-08,1.6100910406373062e-07,-1.6399994240292884e-08,1.6259223706594324e-08,3.265921794688721e-08,-1.8082081778836803e-07,1.8081910844263633e-07,3.6163992623100436e-07,-0.00011309214472055018,1.3888164817105198e-07,8.504897355283363,7.2910700996737905,3.1838953544586947e-13,7846951.118268291,23040434.597930714,0.017758948623676316,-0.000867173751720518,0.24004458175866078,7009262.664346203,9125412.411409514,1758201466903251.0,-1.79157512837139e-07,10769417.789359558,-3.006665610720363e-08,9298837.172223909,11568980.412381683,2309000432243945.0,1.2424238060827948e-09,11875621.515577316,-2.7333323733821485e-09,7628755.650351118,9136217.957764272,1778597461206808.0,1.79157512837139e-07,9275686.446850335,3.702422942126728e-08,1.384351359191726e-07,-1.6399994240292887e-08,1.360491663528523e-07,1.6080173179230836e-08,0.012772090267997083
520,5927.526564437783,ACTIVE_ONE_B,2,12,0.43124999999999625,LEFT,7.26858773299762e-21,1.9526604478057264e-21,7.269167131486623e-21,1.2016753221453591e-07,7.753766292438482e-08,1.201707250877247e-07,1.0017048376502073,-8.04731841635095e-08,-1.0812443811276725e-10,8.05358996756221e-08,1.610090838391316e-07,-1.6399994240292884e-08,1.6259223706594324e-08,3.265921794688721e-08,-1.8082081904160505e-07,1.808191091077785e-07,3.6163992814938353e-07,-0.00011309744998699856,1.3888272661927706e-07,8.504963397784861,7.291053882342927,3.18389175972282e-13,7840390.219309337,23045380.44954949,0.01776477632504046,-0.0008670480312689133,0.2403519728242537,7008609.250373135,9135218.535029793,1758190829364197.0,-1.79157512837139e-07,10717315.443646858,-3.006665610720363e-08,9290257.585457694,11536295.122754786,2317197854508739.0,1.2424238060827948e-09,11822097.102864496,-2.7333323733821485e-09,7628599.380088838,9134649.102577312,1778591915943326.0,1.79157512837139e-07,9274046.17072533,3.702422942126728e-08,1.384388377643042e-07,-1.6399994240292887e-08,1.3604914217917885e-07,1.6080087982245565e-08,0.012779954678288519
521,5928.090072775379,ACTIVE_ONE_B,2,12,0.4324999999999962,LEFT,7.268587523592597e-21,1.9526602613939582e-21,7.269167527303414e-21,1.201675310605435e-07,7.753766045699333e-08,1.2017072726888197e-07,1.0017047420219223,-8.047320065460331e-08,-1.080767895216789e-10,8.053590153422848e-08,1.610091021888318e-07,-1.6399994240292884e-08,1.6259223706594324e-08,3.265921794688721e-08,-1.8082082028896946e-07,1.8081910976983404e-07,3.6163993005880353e-07,-0.00011310273047682173,1.388825106363944e-07,8.50495017132714,7.291063847429712,3.1838921689157717e-13,7842785.447648291,23042406.752976805,0.01776671889216184,-0.0008671620969467053,0.24026244886615655,7008496.561129364,9133828.676712079,1758180241455856.0,-1.79157512837139e-07,10720373.39076914,-3.006665610720363e-08,9289968.03645895,11539072.48011421,2315139330106580.0,1.2424238060827948e-09,11825649.549993597,-2.7333323733821485e-09,7628440.390189143,9133117.72962602,1778586396610315.0,1.79157512837139e-07,9272388.755033739,3.702422942126728e-08,1.3843805173532676e-07,-1.6399994240292887e-08,1.3604939158391997e-07,1.6080056294639935e-08,0.012778379657841787
522,5934.227643751784,EVENT_TRANSPORT_RECOVERY,2,12,0.43999999999999606,LEFT,7.268585865788365e-21,1.9526600658205232e-21,7.269169380681081e-21,1.201675219246898e-07,7.753765786833562e-08,1.201707374819599e-07,1.001704641693749,-8.047326377300281e-08,-1.0791916357728885e-10,8.053591200788004e-08,1.6100917578088286e-07,-1.6399994240292884e-08,1.6259223706594324e-08,3.265921794688721e-08,-1.8082082653179278e-07,1.8081911308374388e-07,3.6163993961553666e-07,-0.00011312915956618319,1.388821602992471e-07,8.504928717222032,7.291102044357598,3.1838931885005046e-13,7834866.944338549,23029442.242206506,0.017778374294890136,-0.0008676195609425008,0.2399962893081789,7007443.934444984,9102191.604210883,1758127247915164.0,-1.79157512837139e-07,10746505.937600685,-3.006665610720363e-08,9278376.170358703,11546982.636845969,2305956885535630.0,1.2424238060827948e-09,11853864.663654033,-2.7333323733821485e-09,7627676.760959259,9125326.30231581,1778558772625368.0,1.79157512837139e-07,9264185.216916276,3.702422942126728e-08,1.3843608831473241e-07,-1.6399994240292887e-08,1.3605042905424454e-07,1.607987203866069e-08,0.012775824880521425
523,5935.010810256394,ACTIVE_ONE_B,2,12,0.442499999999996,LEFT,7.268585039761827e-21,1.9526605062360812e-21,7.269169766292061e-21,1.201675173726092e-07,7.753766369778317e-08,1.2017073960687735e-07,1.001704867624681,-8.047326070744741e-08,-1.0795396208618851e-10,8.053591397712329e-08,1.610091746845707e-07,-1.6399994240292884e-08,1.6259223706594324e-08,3.265921794688721e-08,-1.8082082778338012e-07,1.8081911374821876e-07,3.616399415315989e-07,-0.00011313445842486836,1.3888250766356362e-07,8.504949989275582,7.291098834181704,3.1838911399040035e-13,7841032.402560347,23032279.601932224,0.0177822594291329,-0.0008676127460309768,0.24011278904423355,7007313.954127054,9121054.279281784,1758116622972163.0,-1.79157512837139e-07,10712764.602402672,-3.006665610720363e-08,9280104.172747541,11532053.228150332,2310752867016567.0,1.2424238060827948e-09,11819491.433661468,-2.7333323733821485e-09,7627528.75076068,9123769.7173533,1778553234309424.0,1.79157512837139e-07,9262497.46511511,3.702422942126728e-08,1.3843767911737493e-07,-1.6399994240292887e-08,1.3605056683501148e-07,1.6079813274758426e-08,0.012778357978951327
524,5936.183591148423,ACTIVE_ONE_B,2,12,0.44499999999999595,LEFT,7.268584215159189e-21,1.9526610023653575e-21,7.269170094765424e-21,1.2016751282837514e-07,7.753767026467e-08,1.201707414169367e-07,1.001705122136466,-8.047325778134348e-08,-1.0798778853855906e-10,8.053591647355488e-08,1.6100917425489837e-07,-1.6399994240292884e-08,1.6259223706594324e-08,3.265921794688721e-08,-1.8082082903516472e-07,1.8081911441282744e-07,3.6163994344799213e-07,-0.00011313975819926547,1.3888297184475852e-07,8.504978415014106,7.2910964031584165,3.1838899396115754e-13,7833598.22521832,23032537.941308536,0.017786144563375666,-0.000867610075095282,0.24021490434977083,7006856.914743416,9114975.90178472,1758105996174331.0,-1.79157512837139e-07,10701008.087542918,-3.006665610720363e-08,9273584.274159053,11520956.014089279,2312405006809150.0,1.2424238060827948e-09,11807467.29470193,-2.7333323733821485e-09,7627382.34232898,9122180.312651426,1778547695076016.0,1.79157512837139e-07,9260906.571497712,3.702422942126728e-08,1.3843902593948042e-07,-1.6399994240292887e-08,1.3605065089196175e-07,1.6079755204810893e-08,0.012781742945685126
525,5941.7149492561075,EVENT_TRANSPORT_RECOVERY,2,12,0.4562499999999957,LEFT,7.268581564808137e-21,1.952661371385891e-21,7.269172376095942e-21,1.2016749822277366e-07,7.753767514911412e-08,1.2017075398825491e-07,1.001705311442115,-8.047333491413638e-08,-1.07811061071846e-10,8.053593406374223e-08,1.610092689778786e-07,-1.6399994240292884e-08,1.6259223706594324e-08,3.265921794688721e-08,-1.8082083778794419e-07,1.8081911906072928e-07,3.616399568486735e-07,-0.00011317681770472987,1.3888295890354468e-07,8.504977622514184,7.291147244017341,3.183891564869887e-13,7819660.841717042,23016504.013222687,0.017803627667468104,-0.0008681988934859941,0.2399368785435374,7005264.619945276,9075055.47738255,1758031686460238.0,-1.79157512837139e-07,10722955.73970513,-3.006665610720363e-08,9255006.814263236,11524265.895349922,2302202919171411.0,1.2424238060827948e-09,11831837.866456917,-2.7333323733821485e-09,7626340.4800654305,9111432.725336289,1778508962287651.0,1.79157512837139e-07,9249793.41518038,3.702422942126728e-08,1.3843722786938378e-07,-1.6399994240292887e-08,1.360519305199534e-07,1.6079482375680767e-08,0.012781648573964022
526,5943.597343817564,ACTIVE_ONE_B,2,12,0.45999999999999563,LEFT,7.268580126924841e-21,1.9526625353720264e-21,7.269172649993101e-21,1.2016749029885948e-07,7.753769055590921e-08,1.2017075549757061e-07,1.0017059085610582,-8.047331255381287e-08,-1.0792642195141337e-10,8.053593707875834e-08,1.610092496325712e-07,-1.6399994240292884e-08,1.6259223706594324e-08,3.265921794688721e-08,-1.8082083904433902e-07,1.8081911972801252e-07,3.6163995877235154e-07,-0.00011318213762523399,1.3888404660957922e-07,8.505044231949617,7.291132415848561,3.1838883088828615e-13,7813725.320321656,23021650.12938855,0.01780945536883225,-0.0008680786388999273,0.24023798637129395,7004669.336104594,9085877.754415177,1758021019273089.0,-1.79157512837139e-07,10673071.304165777,-3.006665610720363e-08,9247451.276470732,11493655.056043029,2310398662208635.0,1.2424238060827948e-09,11780550.655785704,-2.7333323733821485e-09,7626195.591043945,9109877.188734623,1778503402344726.0,1.79157512837139e-07,9248207.279167064,3.702422942126728e-08,1.384408360133475e-07,-1.6399994240292887e-08,1.3605188369671007e-07,1.607939749445832e-08,0.0127895804953424
527,5944.729349872975,EVENT_TRANSPORT_PAUSED,2,12,0.4624999999999956,LEFT,7.26857930925556e-21,1.9526630383861956e-21,7.269172964648214e-21,1.2016748579283184e-07,7.753769721392153e-08,1.2017075723148374e-07,1.0017061666047582,-8.047330962403103e-08,-1.0795989509122051e-10,8.053593970571625e-08,1.610092493297473e-07,-1.6399994240292884e-08,1.6259223706594324e-08,3.265921794688721e-08,-1.8082084029788585e-07,1.8081912039381072e-07,3.616399606916966e-07,-0.00011318744556265692,1.3888443802216666e-07,8.505068201451156,7.291130419744383,3.183886701134229e-13,7818173.692219416,23023949.97337778,0.017813340503075016,-0.000868076756481484,0.24034674882857032,7004388.742085919,9099788.931921262,1758010376133813.0,-1.79157512837139e-07,10637256.926979331,-3.006665610720363e-08,9245465.252496213,11469360.304613497,2315064099776029.0,1.2424238060827948e-09,11743189.442138603,-2.7333323733821485e-09,7626048.506847924,9108354.856969077,1778497854972995.0,1.79157512837139e-07,9246622.445753025,3.702422942126728e-08,1.3844230321835409e-07,-1.6399994240292887e-08,1.3605199442015133e-07,1.6079339092313707e-08,0.012792434808706066
528,5957.678176196699,EVENT_TRANSPORT_RECOVERY,2,12,0.4774999999999954,LEFT,7.268575712036524e-21,1.952664348072575e-21,7.269175252180871e-21,1.2016746596920375e-07,7.753771454922913e-08,1.2017076983697566e-07,1.0017068384671821,-8.047340171176956e-08,-1.0775573129092372e-10,8.053596827357328e-08,1.6100936998534284e-07,-1.6399994240292884e-08,1.6259223706594324e-08,3.265921794688721e-08,-1.808208515702544e-07,1.808191263821263e-07,3.616399779523807e-07,-0.00011323517988315324,1.3888490575272445e-07,8.505096844547175,7.2912005991998186,3.18389111992191e-13,7788124.176507204,23003053.638501,0.0178366513085316,-0.0008688267775787128,0.24001402662511173,7002245.032377791,9073703.38615459,1757914663941271.0,-1.79157512837139e-07,10689755.016060833,-3.006665610720363e-08,9218283.357188858,11490791.880952885,2300967049762063.0,1.2424238060827948e-09,11799736.10504931,-2.7333323733821485e-09,7624768.637699911,9094632.439081969,1778447969679238.0,1.79157512837139e-07,9232648.858780036,3.702422942126728e-08,1.384400066233544e-07,-1.6399994240292887e-08,1.3605338455433685e-07,1.607897943988986e-08,0.012795845658598148
529,5958.711930585015,ACTIVE_ONE_B,2,12,0.4812499999999953,LEFT,7.268574282694769e-21,1.9526655700726193e-21,7.269175459522582e-21,1.2016745809235622e-07,7.753773072389342e-08,1.2017077097953594e-07,1.0017074653469644,-8.047337946247609e-08,-1.0786985110878901e-10,8.05359718990604e-08,1.610093513615365e-07,-1.6399994240292884e-08,1.6259223706594324e-08,3.265921794688721e-08,-1.8082085282878407e-07,1.8081912705083684e-07,3.616399798796209e-07,-0.00011324050965444421,1.388859923258546e-07,8.505163384605295,7.291186799080188,3.1838880936609856e-13,7782805.4106059335,23008426.902285233,0.01784247900989575,-0.0008687110079983462,0.24031036837565978,7001708.281727235,9073913.89590199,1757903977467745.0,-1.79157512837139e-07,10641481.04059756,-3.006665610720363e-08,9211807.709089851,11461760.15871535,2309072451665319.0,1.2424238060827948e-09,11750088.231377274,-2.7333323733821485e-09,7624633.888209234,9093087.77099164,1778442400009219.0,1.79157512837139e-07,9231144.219119137,3.702422942126728e-08,1.3844354901064837e-07,-1.6399994240292887e-08,1.3605332262216924e-07,1.6078894778748014e-08,0.012803769318453506
530,5960.01446480594,ACTIVE_ONE_B,2,12,0.48374999999999524,LEFT,7.268573475420916e-21,1.9526661936140928e-21,7.269175643254962e-21,1.201674536436135e-07,7.753773897722439e-08,1.2017077199199656e-07,1.0017077852205558,-8.047337682874446e-08,-1.0790088204734402e-10,8.053597572929861e-08,1.6100935255804306e-07,-1.6399994240292884e-08,1.6259223706594324e-08,3.265921794688721e-08,-1.8082085408445795e-07,1.8081912771805554e-07,3.6163998180251346e-07,-0.00011324582740268596,1.3888651781863067e-07,8.505195564970235,7.291186782601237,3.183887647759638e-13,7773925.3954740055,23008099.43287487,0.01784636414413851,-0.0008687184457405461,0.24039856799941384,7001211.371960177,9074120.993330915,1757893315170776.0,-1.79157512837139e-07,10630882.408220582,-3.006665610720363e-08,9203833.508338442,11451283.023086678,2310291234758549.0,1.2424238060827948e-09,11739257.053533245,-2.7333323733821485e-09,7624493.492810634,9091574.538722962,1778436842960738.0,1.79157512837139e-07,9229706.91857717,3.702422942126728e-08,1.3844467738143348e-07,-1.6399994240292887e-08,1.3605336308529902e-07,1.6078837298742785e-08,0.012807601390036005
531,5968.735980455267,EVENT_TRANSPORT_RECOVERY,2,12,0.4987499999999951,LEFT,7.26856891279534e-21,1.9526694046813495e-21,7.269176994813282e-21,1.201674284997888e-07,7.753778147958333e-08,1.2017077943978267e-07,1.00170943248166,-8.04734145554248e-08,-1.0789843283141082e-10,8.053600738594373e-08,1.6100942194136854e-07,-1.6399994240292884e-08,1.6259223706594324e-08,3.265921794688721e-08,-1.8082086412758927e-07,1.8081913305550038e-07,3.6163999718308966e-07,-0.00011328836229584915,1.3888855796940777e-07,8.505320500648756,7.291228766487839,3.1838894209842517e-13,7740586.57474017,23308787.529497154,0.017869674949595103,-0.0008692711435813738,0.24051482383285633,6998806.785947865,9075663.673523337,1757808034016570.0,-1.79157512837139e-07,10607221.069996877,-3.006665610720363e-08,9171346.594520934,11425907.664358912,2310461630926667.0,1.2424238060827948e-09,11716046.872409325,-2.7333323733821485e-09,7623400.786013109,9084479.21495921,1778392396126091.0,1.79157512837139e-07,9217791.026688028,3.702422942126728e-08,1.384447704347718e-07,-1.6399994240292887e-08,1.360542504361647e-07,1.6078484202015213e-08,0.012822478861567843
532,5969.911768003222,ACTIVE_ONE_B,2,12,0.5024999999999951,LEFT,7.268568114814769e-21,1.9526700825863138e-21,7.269177114888888e-21,1.2016742410225755e-07,7.75377904524695e-08,1.2017078010146139e-07,1.0017097802434447,-8.047341204291146e-08,-1.0792816255588659e-10,8.053601179219017e-08,1.6100942383510165e-07,-1.6399994240292884e-08,1.6259223706594324e-08,3.265921794688721e-08,-1.8082086538498303e-07,1.8081913372385446e-07,3.616399991088375e-07,-0.0001132936879402191,1.388890592400469e-07,8.505351197687489,7.291229677436919,3.1838890879980983e-13,7735550.643206462,23313849.20313105,0.017875502650959243,-0.0008691615192457647,0.24059956686125994,6998417.1541859275,9075843.585374057,1757797356705327.0,-1.79157512837139e-07,10599995.565712646,-3.006665610720363e-08,9165779.622736566,11418794.498885605,2312028679019303.0,1.2424238060827948e-09,11708577.852113184,-2.7333323733821485e-09,7623272.4285342945,9083600.937632417,1778386831375465.0,1.79157512837139e-07,9216279.954001466,3.702422942126728e-08,1.3844820256696387e-07,-1.6399994240292887e-08,1.3605416864863394e-07,1.607839983340708e-08,0.01282613429711077
533,5976.470895975673,ACTIVE_ONE_B,2,12,0.507499999999995,LEFT,7.268566524235213e-21,1.9526714909389015e-21,7.269177297115857e-21,1.2016741533685107e-07,7.753780909370038e-08,1.2017078110562628e-07,1.0017105027211297,-8.047340718973583e-08,-1.0798635916835505e-10,8.053602113689893e-08,1.6100942832663478e-07,-1.6399994240292884e-08,1.6259223706594324e-08,3.265921794688721e-08,-1.808208679003407e-07,1.8081913506093652e-07,3.616400029612772e-07,-0.00011330434183953741,1.3889014124404338e-07,8.505417457938927,7.291232546199981,3.18388895344315e-13,7718330.107797351,23312977.339949492,0.017883272919444776,-0.0008691894395802535,0.24075992995942203,6997478.68403958,9071822.289080614,1757775997192245.0,-1.79157512837139e-07,10582918.832458617,-3.006665610720363e-08,9150633.11166314,11401432.327264711,2314453809373237.0,1.2424238060827948e-09,11691026.590323843,-2.7333323733821485e-09,7623005.526316637,9081826.254744766,1778375699342079.0,1.79157512837139e-07,9213427.005937718,3.702422942126728e-08,1.3845022591962692e-07,-1.6399994240292887e-08,1.3605420804075753e-07,1.6078285458550843e-08,0.01283402463729355
534,5987.877219110099,EVENT_TRANSPORT_RECOVERY,2,12,0.5287499999999945,LEFT,7.268560500571118e-21,1.952677007436254e-21,7.2691778042826e-21,1.2016738214147743e-07,7.753788211105426e-08,1.201707839003773e-07,1.0017133326560992,-8.047344246434294e-08,-1.0802036475148155e-10,8.053607144082491e-08,1.6100951390516785e-07,-1.6399994240292884e-08,1.6259223706594324e-08,3.265921794688721e-08,-1.8082088047929827e-07,1.8081914174886726e-07,3.6164002222816556e-07,-0.00011335762430619845,1.3889345226135426e-07,8.5056202195186,7.291292953839031,3.1838949330863586e-13,7661140.7905691145,23301331.458701797,0.017916296560508273,-0.0008697214141231147,0.24094454469223991,6994261.583370558,9044033.670582464,1757669181651322.0,-1.79157512837139e-07,10585861.889633639,-3.006665610720363e-08,9103191.163186993,11382403.618562283,2313233783500901.0,1.2424238060827948e-09,11694449.974694526,-2.7333323733821485e-09,7621740.349948643,9072846.281551871,1778320029773572.0,1.79157512837139e-07,9199227.952885646,3.702422942126728e-08,1.3845331452723773e-07,-1.6399994240292887e-08,1.3605476792358854e-07,1.6077794470879198e-08,0.012858169698696464
535,5989.1197815049345,ACTIVE_ONE_B,2,12,0.5324999999999944,LEFT,7.268559098111021e-21,1.9526784279554545e-21,7.269177786223498e-21,1.2016737441275916e-07,7.753790091328033e-08,1.2017078380086232e-07,1.0017140613751947,-8.047342074302303e-08,-1.0812974414697259e-10,8.053607711163797e-08,1.61009497854661e-07,-1.6399994240292884e-08,1.6259223706594324e-08,3.265921794688721e-08,-1.808208817422044e-07,1.8081914242044543e-07,3.6164002416264984e-07,-0.00011336297411101981,1.3889460100899936e-07,8.50569056704786,7.291282629742214,3.183892958080258e-13,7654911.588355636,23305938.979421075,0.01792212426187242,-0.0008696216407253488,0.2412191744618717,6993731.613953209,9041262.871516049,1757658457723436.0,-1.79157512837139e-07,10540514.950251441,-3.006665610720363e-08,9095923.108417105,11355580.977042036,2320852863822917.0,1.2424238060827948e-09,11647735.800643913,-2.7333323733821485e-09,7621617.030972305,9071933.334079744,1778314440694034.0,1.79157512837139e-07,9197879.64715546,3.702422942126728e-08,1.3845654902519903e-07,-1.6399994240292887e-08,1.3605465155198632e-07,1.6077710613862992e-08,0.012866546756205688
536,5992.7683407382765,EVENT_TRANSPORT_PAUSED,2,12,0.5387499999999943,LEFT,7.268556918395955e-21,1.9526806839529083e-21,7.26917770994111e-21,1.2016736240071939e-07,7.753793077401541e-08,1.201707833805069e-07,1.0017152186903673,-8.047339696245945e-08,-1.0826499505013926e-10,8.05360888028565e-08,1.6100948576531594e-07,-1.6399994240292884e-08,1.6259223706594324e-08,3.265921794688721e-08,-1.8082088426552098e-07,1.808191437623383e-07,3.616400280278593e-07,-0.00011337366332497822,1.388963258765913e-07,8.505796195271705,7.291275961918659,3.1838915154361816e-13,7640144.597567605,23310031.866448633,0.017931837097479333,-0.000869546490759765,0.24156091006937364,6992678.095515699,9035739.460542329,1757637031226040.0,-1.79157512837139e-07,10487601.115761722,-3.006665610720363e-08,9079336.356873546,11313692.946097124,2329730039550797.0,1.2424238060827948e-09,11592287.423179748,-2.7333323733821485e-09,7621370.830642038,9070102.6882098,1778303273625760.0,1.79157512837139e-07,9195165.112298016,3.702422942126728e-08,1.3846061150070302e-07,-1.6399994240292887e-08,1.3605452121033257e-07,1.6077570062139983e-08,0.012879125075800468
537,6010.2842488949145,EVENT_TRANSPORT_RECOVERY,2,12,0.5724999999999936,LEFT,7.268546787412906e-21,1.9526926597581287e-21,7.26917586511894e-21,1.2016730657055985e-07,7.75380892872609e-08,1.20170773214582e-07,1.0017213622172858,-8.04733903987893e-08,-1.0852135028546055e-10,8.05361823010786e-08,1.610095726998679e-07,-1.6399994240292884e-08,1.6259223706594324e-08,3.265921794688721e-08,-1.8082090192509533e-07,1.8081915315589988e-07,3.616400550809952e-07,-0.00011344847861360918,1.3890391986328942e-07,8.506261239273094,7.291355121368153,3.183904582146009e-13,7519156.587065366,23299043.32385812,0.017984286409756647,-0.0008700868946074358,0.24221607500329978,6987315.401596427,8997456.566906385,1757487086372427.0,-1.79157512837139e-07,10494425.628984893,-3.006665610720363e-08,8990750.294922061,11282593.451709844,2333541690091355.0,1.2424238060827948e-09,11598597.671949428,-2.7333323733821485e-09,7619771.291869799,9051857.5213815,1778225122853410.0,1.79157512837139e-07,9176922.25559638,3.702422942126728e-08,1.3846864093127592e-07,-1.6399994240292887e-08,1.360542732176825e-07,1.607680570863472e-08,0.01293450300285559
538,6011.565896499635,ACTIVE_ONE_B,2,12,0.5762499999999935,LEFT,7.268545408395212e-21,1.9526942712425367e-21,7.269175632652226e-21,1.201672989710191e-07,7.753811061701922e-08,1.2017077193356998e-07,1.0017221889005576,-8.047336925623425e-08,-1.0862596152725836e-10,8.05361898980578e-08,1.6100955915429205e-07,-1.6399994240292884e-08,1.6259223706594324e-08,3.265921794688721e-08,-1.808209031911659e-07,1.8081915382949653e-07,3.616400570206624e-07,-0.00011345384275185388,1.3890523503936278e-07,8.506341778621923,7.291347910775692,3.1839035268561323e-13,7512458.442889661,23303301.438993074,0.017990114111120795,-0.0008700026923984527,0.24247030246301338,6986810.651926851,8994750.236864397,1757476337240521.0,-1.79157512837139e-07,10451879.025854617,-3.006665610720363e-08,8983180.990084888,11257956.286853723,2340676509213643.0,1.2424238060827948e-09,11554661.415528212,-2.7333323733821485e-09,7619659.257281398,9050454.508072598,1778219520210308.0,1.79157512837139e-07,9175721.184488475,3.702422942126728e-08,1.3847159500915038e-07,-1.6399994240292887e-08,1.3605411227515822e-07,1.607672254415341e-08,0.012944093712920157
539,6018.9158655461515,ACTIVE_ONE_B,2,12,0.5824999999999934,LEFT,7.2685432746649e-21,1.9526969501226584e-21,7.269175087502415e-21,1.2016728721237877e-07,7.753814607490105e-08,1.2017076892951202e-07,1.001723563152379,-8.047334675657686e-08,-1.0875097674937725e-10,8.053620580493e-08,1.6100955256150688e-07,-1.6399994240292884e-08,1.6259223706594324e-08,3.265921794688721e-08,-1.8082090572079335e-07,1.8081915517540616e-07,3.616400608961995e-07,-0.00011346456052696574,1.3890724436865656e-07,8.506464826840471,7.291347895000852,3.183904430083959e-13,7486108.163748118,23304906.31894611,0.017999826946727703,-0.000869961710229461,0.24276253055178681,6985689.3492935,8989345.715806618,1757454860768087.0,-1.79157512837139e-07,10431036.330775905,-3.006665610720363e-08,8962902.723235905,11236008.520127753,2345786779778416.0,1.2424238060827948e-09,11532559.716106577,-2.7333323733821485e-09,7619444.844368004,9047646.608414669,1778208326164168.0,1.79157512837139e-07,9173264.652842635,3.702422942126728e-08,1.3847492768829723e-07,-1.6399994240292887e-08,1.3605385626327376e-07,1.607658381164837e-08,0.012958746423740397
540,6030.59925947185,EVENT_TRANSPORT_PAUSED,2,12,0.601249999999993,LEFT,7.268536880586596e-21,1.9527052203778094e-21,7.26917321132557e-21,1.2016725197564058e-07,7.753825554048687e-08,1.2017075859080412e-07,1.0017278057510361,-8.047328021600115e-08,-1.0912012091576089e-10,8.053625564852667e-08,1.6100953586452782e-07,-1.6399994240292884e-08,1.6259223706594324e-08,3.265921794688721e-08,-1.8082091331408376e-07,1.808191592158956e-07,3.6164007252997935e-07,-0.00011349673367688773,1.3891303986367133e-07,8.506819733992517,7.291351281882218,3.18390688354961e-13,7433173.56786899,23314592.939872622,0.01802896545354844,-0.0008698579182218058,0.243634103792231,6982812.214150735,8972163.01277644,1757390397923633.0,-1.79157512837139e-07,10327785.538627971,-3.006665610720363e-08,8913663.41719583,11147246.574450266,2368665584150638.0,1.2424238060827948e-09,11422814.142085137,-2.7333323733821485e-09,7618822.684095403,9039304.332998587,1778174725548140.0,1.79157512837139e-07,9166022.172417456,3.702422942126728e-08,1.3848496054411038e-07,-1.6399994240292887e-08,1.3605312078884956e-07,1.6076167372233997e-08,0.013001009139351538
541,6088.915353115639,EVENT_TRANSPORT_PAUSED,2,12,0.6999999999999909,LEFT,7.268502072581924e-21,1.952758664416647e-21,7.269154575291407e-21,1.20167060153957e-07,7.753896292149045e-08,1.2017065589648976e-07,1.0017552222700257,-8.047286691802164e-08,-1.1122666346115211e-10,8.053658215916296e-08,1.610094490771846e-07,-1.6399994240292884e-08,1.6259223706594324e-08,3.265921794688721e-08,-1.8082095012708655e-07,1.8081917881211678e-07,3.616401289392033e-07,-0.00011365273305430357,1.389477312423961e-07,8.508944180375842,7.2914138905291,3.1839506104650625e-13,6996799.656230159,23348252.18607052,0.01818242825613763,-0.0008693184294550349,0.24813629999148956,6967128.855362169,8945417.161252445,1757077995400282.0,-1.79157512837139e-07,10092321.099791821,-3.006665610720363e-08,8597937.577084726,10874439.023797305,2447819497177210.0,1.2424238060827948e-09,11162205.466197649,-2.7333323733821485e-09,7616359.280146694,8999958.84406221,1778011856829621.0,1.79157512837139e-07,9135997.623751622,3.702422942126728e-08,1.385340561051243e-07,-1.6399994240292887e-08,1.3604652871634467e-07,1.6074014497178906e-08,0.013253990441114638
542,6089.117582750288,ACTIVE_ONE_B,2,12,0.7012499999999908,LEFT,7.268500733326493e-21,1.952760975069034e-21,7.269153603894451e-21,1.201670527735093e-07,7.753899350480869e-08,1.2017065054357868e-07,1.0017564076228997,-8.047284829641423e-08,-1.1131431492785463e-10,8.053659635321748e-08,1.610094446496317e-07,-1.6399994240292884e-08,1.6259223706594324e-08,3.265921794688721e-08,-1.8082095140004332e-07,1.8081917948992067e-07,3.61640130889964e-07,-0.00011365812787156315,1.3894916886446879e-07,8.50903221812831,7.2914169464339835,3.1839529749518144e-13,6975493.123560373,23340029.407360595,0.018184370823259015,-0.0008695335759953959,0.24831357707962742,6966553.1004181355,8945471.910882322,1757067197365699.0,-1.79157512837139e-07,10085108.326442534,-3.006665610720363e-08,8585105.924353978,10865000.458692938,2451099844834237.0,1.2424238060827948e-09,11153629.736482646,-2.7333323733821485e-09,7616289.317330479,8998656.65963192,1778006226130725.0,1.79157512837139e-07,9135069.742863005,3.702422942126728e-08,1.3853121298517511e-07,-1.6399994240292887e-08,1.3604643939305977e-07,1.607398739380611e-08,0.013264474068942933
543,6095.22124542163,EVENT_TRANSPORT_RECOVERY,2,12,0.7162499999999905,LEFT,7.268496655240664e-21,1.952769169232596e-21,7.269149487816718e-21,1.2016703029974823e-07,7.753910196087247e-08,1.2017062786180766e-07,1.0017606111869601,-8.047281359650334e-08,-1.1149394573219251e-10,8.053665514924503e-08,1.6100946874574836e-07,-1.6399994240292884e-08,1.6259223706594324e-08,3.265921794688721e-08,-1.8082095648747802e-07,1.8081918219889805e-07,3.616401386863761e-07,-0.00011367968880349189,1.3895355187041794e-07,8.509300626634372,7.29145895171356,3.1839676656355837e-13,6893961.585095031,23344492.07227263,0.0182076816287156,-0.0008694406934721677,0.24860212400430354,6964519.089652307,8930473.81074115,1757024046123102.0,-1.79157512837139e-07,10165874.334383003,-3.006665610720363e-08,8537885.35430844,10896216.67732065,2445580429189995.0,1.2424238060827948e-09,11231063.373463333,-2.7333323733821485e-09,7616041.721938603,8993337.222692158,1777983723669629.0,1.79157512837139e-07,9131617.248108646,3.702422942126728e-08,1.3853830301424898e-07,-1.6399994240292887e-08,1.3604506726329614e-07,1.6073666095879502e-08,0.013296436435139114
544,6098.8570419467,EVENT_TRANSPORT_PAUSED,2,12,0.7237499999999903,LEFT,7.268493465281288e-21,1.9527734660480756e-21,7.269148380960616e-21,1.2016701272032204e-07,7.753915883241236e-08,1.2017062176244215e-07,1.0017628154313578,-8.047273661159292e-08,-1.1182652751021645e-10,8.053667058978517e-08,1.610094072013781e-07,-1.6399994240292884e-08,1.6259223706594324e-08,3.265921794688721e-08,-1.808209577705795e-07,1.8081918288215334e-07,3.6164014065273283e-07,-0.00011368512675136166,1.3895713063296534e-07,8.509519784518265,7.291423577501702,3.1839644684021303e-13,6881228.976040039,23360276.85867832,0.01821933703144389,-0.0008690581204473524,0.24935874141747627,6963568.031715191,8932427.026155073,1757013163898422.0,-1.79157512837139e-07,10038308.959218476,-3.006665610720363e-08,8516880.693382217,10807487.156959753,2470182891352337.0,1.2424238060827948e-09,11099058.661777386,-2.7333323733821485e-09,7615975.494641652,8992036.17645871,1777978048562327.0,1.79157512837139e-07,9130820.951341242,3.702422942126728e-08,1.385470791170624e-07,-1.6399994240292887e-08,1.3604436535327724e-07,1.6073505739861577e-08,0.013322533985632212
545,6117.894333344904,ACTIVE_ONE_B,2,12,0.7599999999999896,LEFT,7.268480490369179e-21,1.9527975456529233e-21,7.269137276267878e-21,1.2016694121731786e-07,7.75394775422991e-08,1.201705605696476e-07,1.0017751681456721,-8.047253659207315e-08,-1.127235845352893e-10,8.053681937285754e-08,1.610093559649307e-07,-1.6399994240292884e-08,1.6259223706594324e-08,3.265921794688721e-08,-1.8082096924932377e-07,1.8081918899501055e-07,3.616401582443343e-07,-0.00011373377622203584,1.3897185746137908e-07,8.510421632715468,7.291456006507031,3.183992323964811e-13,6681754.4544239715,23373845.882131852,0.018275671477963974,-0.0008687396236854994,0.2511060790607321,6958270.598232062,8884539.228832461,1756915828588982.0,-1.79157512837139e-07,10027036.421232497,-3.006665610720363e-08,8387753.384920647,10751765.781004718,2494519545600576.0,1.2424238060827948e-09,11073506.338947017,-2.7333323733821485e-09,7615499.466323072,8980665.800385637,1777927283016718.0,1.79157512837139e-07,9123896.322314518,3.702422942126728e-08,1.3856510631814334e-07,-1.6399994240292887e-08,1.360406847442703e-07,1.6072735353346192e-08,0.013429927014099396
546,6123.1163290025015,EVENT_TRANSPORT_RECOVERY,2,12,0.7724999999999893,LEFT,7.268476026564188e-21,1.9528062520599435e-21,7.26913303366585e-21,1.2016691661786626e-07,7.753959277685065e-08,1.201705371906255e-07,1.0017796344880106,-8.047246499295442e-08,-1.1303707151043469e-10,8.053687378769173e-08,1.6100933878064615e-07,-1.6399994240292884e-08,1.6259223706594324e-08,3.265921794688721e-08,-1.8082097307977588e-07,1.8081919103500888e-07,3.616401641147848e-07,-0.00011375001091828985,1.3897710593543973e-07,8.510743041150244,7.291469686407827,3.1840034400363025e-13,6606803.160077603,23377527.86826215,0.0182950971491778,-0.000868632802481617,0.2516982734577726,6956309.794285404,8883048.960194811,1756883355491083.0,-1.79157512837139e-07,10032580.425893357,-3.006665610720363e-08,8337530.30470777,10728880.660747143,2502582224958131.0,1.2424238060827948e-09,11072958.213039659,-2.7333323733821485e-09,7615362.666228521,8977651.231054617,1777910344474964.0,1.79157512837139e-07,9121811.812416539,3.702422942126728e-08,1.3857107256967728e-07,-1.6399994240292887e-08,1.360393007443689e-07,1.6072471543469883e-08,0.013468200667350994
547,6124.849214598407,EVENT_TRANSPORT_PAUSED,2,12,0.7774999999999892,LEFT,7.268473531553325e-21,1.95280876902077e-21,7.269133011715887e-21,1.2016690286817993e-07,7.753962609028245e-08,1.2017053706966935e-07,1.0017809256760606,-8.047238669360506e-08,-1.1336769474267068e-10,8.053687403808037e-08,1.6100926073168543e-07,-1.6399994240292884e-08,1.6259223706594324e-08,3.265921794688721e-08,-1.8082097309213935e-07,1.8081919104159342e-07,3.616401641337328e-07,-0.00011375006331904025,1.3897999481703662e-07,8.51091995179162,7.29141614318931,3.1839957173805086e-13,6614946.819581899,23396982.298225835,0.018302867417663325,-0.000868147633377836,0.25247786318747434,6955843.729973288,8883043.430516757,1756883250684865.0,-1.79157512837139e-07,9874603.983375367,-3.006665610720363e-08,8325361.231524433,10618949.30332215,2534237233570988.0,1.2424238060827948e-09,10910332.842443071,-2.7333323733821485e-09,7615362.148421027,8977641.554894794,1777910289804578.0,1.79157512837139e-07,9121806.220815664,3.702422942126728e-08,1.3858054187907487e-07,-1.6399994240292887e-08,1.3603882758680034e-07,1.6072365017021108e-08,0.013489267371929792
548,6168.3473939082105,EVENT_TRANSPORT_PAUSED,2,12,0.8012499999999887,LEFT,7.268464712723932e-21,1.9528252838270965e-21,7.269125315738956e-21,1.2016685426871177e-07,7.753984467258263e-08,1.2017049466066835e-07,1.0017893976873664,-8.047222342892479e-08,-1.1406838200367834e-10,8.053697029823878e-08,1.6100919372716357e-07,-1.6399994240292884e-08,1.6259223706594324e-08,3.265921794688721e-08,-1.808209794838702e-07,1.8081919444579433e-07,3.616401739296645e-07,-0.00011377715391058807,1.3899099182885244e-07,8.51159339178848,7.2914157616394135,3.1840124654084574e-13,6489020.5916425735,23412871.54407505,0.018339776192969587,-0.0008677311188785009,0.2538563220278889,6952617.7269442715,8880724.027970549,1756829073202840.0,-1.79157512837139e-07,9817088.741911734,-3.006665610720363e-08,8239316.479129464,10551807.580802063,2560137396235088.0,1.2424238060827948e-09,10855028.598689968,-2.7333323733821485e-09,7615170.06720468,8972558.6349997,1777882027364471.0,1.79157512837139e-07,9118602.365797887,3.702422942126728e-08,1.3859516541446092e-07,-1.6399994240292887e-08,1.3603613411659342e-07,1.6071865237519887e-08,0.013569461312526565
549,6178.707875668422,ACTIVE_ONE_B,2,12,0.8087499999999885,LEFT,7.268460967086994e-21,1.9528324031304316e-21,7.269121942072558e-21,1.201668336269622e-07,7.753993889999228e-08,1.201704760699299e-07,1.0017930498536196,-8.047215120489329e-08,-1.1437477447879932e-10,8.053701145789417e-08,1.6100916266278747e-07,-1.6399994240292884e-08,1.6259223706594324e-08,3.265921794688721e-08,-1.8082098204426487e-07,1.8081919580948802e-07,3.616401778537529e-07,-0.00011378800595407412,1.3899588581299468e-07,8.511893091808867,7.291414254434918,3.1840204308571117e-13,6417267.044113691,23407636.371545784,0.01835143159569788,-0.0008677805166696917,0.25444647139315857,6951120.782230264,8879875.72900385,1756807374153954.0,-1.79157512837139e-07,9810736.080821805,-3.006665610720363e-08,8198439.02022085,10539927.549948093,2565078726951758.0,1.2424238060827948e-09,10860691.996433938,-2.7333323733821485e-09,7615103.6928830575,8970503.425535325,1777870706839925.0,1.79157512837139e-07,9117518.686467757,3.702422942126728e-08,1.385965903926052e-07,-1.6399994240292887e-08,1.3603514661685986e-07,1.607170934585085e-08,0.013605149905042246
550,6195.277425787343,EVENT_TRANSPORT_RECOVERY,2,12,0.8274999999999881,LEFT,7.26845540327316e-21,1.9528450309380107e-21,7.269114878078813e-21,1.2016680296544777e-07,7.754010603454618e-08,1.2017043714346014e-07,1.0017995278544185,-8.047206657487304e-08,-1.1473053184102452e-10,8.0537096520318e-08,1.6100916309519104e-07,-1.6399994240292884e-08,1.6259223706594324e-08,3.265921794688721e-08,-1.8082098715786948e-07,1.8081919853311036e-07,3.6164018569097987e-07,-0.0001138096797590471,1.390029299282664e-07,8.51232446253447,7.291456024130921,3.184042108156093e-13,6304741.956522771,23415791.269044388,0.018380570102518614,-0.0008675407039577809,0.2550294975779627,6948684.693680372,8878149.965866715,1756764042868814.0,-1.79157512837139e-07,9886860.893903343,-3.006665610720363e-08,8133222.936348586,10576254.82910841,2565468209173475.0,1.2424238060827948e-09,10967511.659750579,-2.7333323733821485e-09,7614980.8538398,8966348.603569232,1777848099020152.0,1.79157512837139e-07,9115179.25001907,3.702422942126728e-08,1.386064057239808e-07,-1.6399994240292887e-08,1.360328298405061e-07,1.6071317982620873e-08,0.01365651798312717
551,6196.402819460135,EVENT_TRANSPORT_PAUSED,2,12,0.832499999999988,LEFT,7.268453555420621e-21,1.9528487231989438e-21,7.269113033670418e-21,1.2016679278214938e-07,7.754015490309766e-08,1.201704269797568e-07,1.001801421965421,-8.047203096146469e-08,-1.1487955322432716e-10,8.053711848691713e-08,1.6100914944838183e-07,-1.6399994240292884e-08,1.6259223706594324e-08,3.265921794688721e-08,-1.808209884390281e-07,1.8081919921549625e-07,3.616401876545243e-07,-0.00011381510992980459,1.3900527825475503e-07,8.512468270416978,7.291457329321143,3.1840462984921283e-13,6313255.363410994,23435338.537392206,0.018388340371004144,-0.0008670557328893658,0.25531457668707597,6948102.766826242,8877748.09530549,1756753187948595.0,-1.79157512837139e-07,9877929.111329978,-3.006665610720363e-08,8116790.502321035,10567739.803866087,2571022248580580.0,1.2424238060827948e-09,10965585.026136037,-2.7333323733821485e-09,7614959.626836729,8965305.439523352,1777842435186889.0,1.79157512837139e-07,9114601.495055022,3.702422942126728e-08,1.3861591427264313e-07,-1.6399994240292887e-08,1.3603235682959278e-07,1.607121182045182e-08,0.01367364277648786
552,6211.861110804074,ACTIVE_ONE_B,2,12,0.879999999999987,LEFT,7.268433326481443e-21,1.9528854076287313e-21,7.26909657817981e-21,1.2016668130272767e-07,7.754064043286471e-08,1.2017033630088873e-07,1.0018202408905579,-8.047157481591264e-08,-1.167768737247839e-10,8.053730951501235e-08,1.6100888433092498e-07,-1.6399994240292884e-08,1.6259223706594324e-08,3.265921794688721e-08,-1.8082099871626545e-07,1.8081920468961526e-07,3.616402034058807e-07,-0.00011385867021340701,1.3903215946697754e-07,8.51411443428203,7.291369649097382,3.1840740117287437e-13,6012291.857606152,23461895.730384834,0.018462157921616665,-0.0008661712534026034,0.2591190460186798,6941947.398023526,8874872.099142348,1756666130799503.0,-1.79157512837139e-07,9581778.730640812,-3.006665610720363e-08,7924239.037155672,10323585.744413154,2661693660133899.0,1.2424238060827948e-09,10723413.349512007,-2.7333323733821485e-09,7614827.7449057605,8956753.009640137,1777797005603031.0,1.79157512837139e-07,9110960.564355467,3.702422942126728e-08,1.3864439171340767e-07,-1.6399994240292887e-08,1.3602611754518741e-07,1.607022759466989e-08,0.013869669694731357
553,6219.137860353872,EVENT_TRANSPORT_RECOVERY,2,12,0.8962499999999867,LEFT,7.26842855828616e-21,1.9528969843380884e-21,7.269089769665736e-21,1.2016665502570654e-07,7.754079365292912e-08,1.201702987821649e-07,1.0018261796833368,-8.047149149195484e-08,-1.1711015912380218e-10,8.053738675051162e-08,1.6100887824246645e-07,-1.6399994240292884e-08,1.6259223706594324e-08,3.265921794688721e-08,-1.808210025587682e-07,1.8081920673635253e-07,3.616402092951207e-07,-0.00011387495687187332,1.3903859502064557e-07,8.514508537636157,7.29140436568378,3.184094810150767e-13,5907955.080067749,23470447.793626204,0.018487411294194633,-0.0008658912352410564,0.259644995904297,6940198.506621893,8873896.376990514,1756633590556652.0,-1.79157512837139e-07,9657575.909348505,-3.006665610720363e-08,7869739.790228228,10374145.747165378,2658295990632108.0,1.2424238060827948e-09,10833918.304516353,-2.7333323733821485e-09,7614805.864445189,8953488.431830633,1777780022413946.0,1.79157512837139e-07,9109755.401635282,3.702422942126728e-08,1.386536120286826e-07,-1.6399994240292887e-08,1.360238640095797e-07,1.6069893120160762e-08,0.013916599935164253
554,6299.348884334039,EVENT_TRANSPORT_PAUSED,2,12,0.9037499999999865,LEFT,7.268426145895584e-21,1.9529018243122553e-21,7.269087342082146e-21,1.2016664173127222e-07,7.754085771077603e-08,1.2017028540481473e-07,1.001828662565367,-8.047143800499969e-08,-1.1732841379516524e-10,8.053741393008738e-08,1.6100885193508705e-07,-1.6399994240292884e-08,1.6259223706594324e-08,3.265921794688721e-08,-1.808210038420151e-07,1.8081920741988748e-07,3.616402112619026e-07,-0.00011388039599591337,1.3904199617616088e-07,8.514716819140071,7.291400035082134,3.1841008145064264e-13,5921713.313397709,23499713.57140881,0.018499066696922927,-0.0008651634455196788,0.2600513499857652,6939217.614356853,8873613.757311126,1756622724521368.0,-1.79157512837139e-07,9663366.254047014,-3.006665610720363e-08,7837712.565037752,10362061.575713895,2663776382358113.0,1.2424238060827948e-09,10849663.195551202,-2.7333323733821485e-09,7614805.154328181,8952391.652666144,1777774350968694.0,1.79157512837139e-07,9109388.563554272,3.702422942126728e-08,1.3866797528796584e-07,-1.6399994240292887e-08,1.3602315160246186e-07,1.606973462575703e-08,0.013941402314931128
555,6310.236981106049,ACTIVE_ONE_B,2,12,0.9512499999999855,LEFT,7.26840754410722e-21,1.95293849418383e-21,7.269069273998937e-21,1.2016653921864662e-07,7.754134303906404e-08,1.2017018583942625e-07,1.0018474740222147,-8.047100856530652e-08,-1.1907495199575193e-10,8.053761371757778e-08,1.610086222828843e-07,-1.6399994240292884e-08,1.6259223706594324e-08,3.265921794688721e-08,-1.8082101284199778e-07,1.8081921221385726e-07,3.61640225055855e-07,-0.0001139185430902856,1.3906764537451916e-07,8.516287536381371,7.2913441147862,3.184139745455051e-13,5582027.841980962,23523032.28892588,0.01857288424753545,-0.0008641788984986576,0.2633847574772058,6934265.687531468,8868400.628936917,1756546532792575.0,-1.79157512837139e-07,9510153.481222846,-7.926663882808231e-08,7649542.715189537,10212404.11022192,2734264219826800.0,1.2424238060827948e-09,10750338.847663486,-2.7333323733821485e-09,7614835.632203211,8946231.658749646,1777734578680637.0,1.79157512837139e-07,9107156.821375351,3.702422942126728e-08,1.386966339146115e-07,-1.6399994240292887e-08,1.3601619101991925e-07,1.6068764328149035e-08,0.014128444970149312
556,6314.5302286770875,EVENT_TRANSPORT_RECOVERY,2,12,0.9637499999999851,LEFT,7.268402195781299e-21,1.9529494917705987e-21,7.269063624738089e-21,1.2016650974451627e-07,7.754148859170179e-08,1.2017015470876032e-07,1.0018531157280635,-8.047088464553258e-08,-1.195737181225003e-10,8.053767514042901e-08,1.610085597859616e-07,-1.6399994240292884e-08,1.6259223706594324e-08,3.265921794688721e-08,-1.8082101541453388e-07,1.8081921358416017e-07,3.6164022899869407e-07,-0.00011392944698851437,1.390751525691312e-07,8.51674726536963,7.291332969562145,3.1841531893710104e-13,5492795.570952807,23529310.14317209,0.018592309918749272,-0.0008639115156832133,0.2643231344231407,6932843.8134199055,8867412.537551992,1756524759806596.0,-1.79157512837139e-07,9507565.697129047,-7.926663882808231e-08,7591644.956935532,10175767.982402625,2753450990859130.0,1.2424238060827948e-09,10737907.68554131,-2.7333323733821485e-09,7614854.480695676,8944873.146841235,1777723211604579.0,1.79157512837139e-07,9106602.91415033,3.702422942126728e-08,1.387041827759534e-07,-1.6399994240292887e-08,1.360142857934158e-07,1.6068510488674926e-08,0.014183189979871003
557,6320.422545817336,EVENT_TRANSPORT_PAUSED,2,12,0.9724999999999849,LEFT,7.268398437558417e-21,1.952953301571375e-21,7.269063573160196e-21,1.2016648903328828e-07,7.754153901414103e-08,1.2017015442453649e-07,1.0018550701364053,-8.047076719266342e-08,-1.2006953615731569e-10,8.053767566945225e-08,1.610084428621157e-07,-1.6399994240292884e-08,1.6259223706594324e-08,3.265921794688721e-08,-1.8082101543005764e-07,1.8081921359242914e-07,3.616402290224868e-07,-0.00011392951278699215,1.3908058418014226e-07,8.51707988882803,7.29125265362892,3.184144142427288e-13,5508051.672932537,23563051.668851502,0.018605907888598946,-0.0008630635804631748,0.265595236512629,6932533.875577053,8867406.466124956,1756524628426897.0,-1.79157512837139e-07,9507550.138434865,-7.926663882808231e-08,7564186.0580970505,9995618.577401595,2807905081383146.0,1.2424238060827948e-09,10499980.609809905,-2.7333323733821485e-09,7614854.52178787,8944865.664024541,1777723143013054.0,1.79157512837139e-07,9106599.509309264,3.702422942126728e-08,1.3872103964081163e-07,-1.6399994240292887e-08,1.3601344899982647e-07,1.6068326529261407e-08,0.01422279912988933
558,6326.209180561732,ACTIVE_ONE_B,2,12,0.9937499999999845,LEFT,7.268390152155659e-21,1.9529705879293472e-21,7.26905457220498e-21,1.201664433731544e-07,7.754176779702168e-08,1.2017010482407952e-07,1.001863937949765,-8.047057323833611e-08,-1.208464531355853e-10,8.053777253474927e-08,1.610083457730854e-07,-1.6399994240292884e-08,1.6259223706594324e-08,3.265921794688721e-08,-1.8082101929171393e-07,1.8081921564940008e-07,3.61640234941114e-07,-0.00011394588071578227,1.3909305326407212e-07,8.517843476244614,7.291236437171185,3.1841673978158183e-13,5350568.298514985,23576151.23093442,0.018638931529662443,-0.0008624600541973226,0.26710062922060585,6930483.995594808,8865818.995962678,1756491949570073.0,-1.79157512837139e-07,9503609.362469511,-7.926663882808231e-08,7472018.942811409,9978223.05857603,2822701495644226.0,1.2424238060827948e-09,10522013.172256254,-2.7333323733821485e-09,7614904.68331516,8942761.3155674,1777706080965188.0,1.79157512837139e-07,9105834.328667829,3.702422942126728e-08,1.387361081852208e-07,-1.6399994240292887e-08,1.3601019627254657e-07,1.606789603565969e-08,0.014313727919701869
559,6340.606437143903,EVENT_TRANSPORT_RECOVERY,2,12,0.9949999999999845,LEFT,7.268390328484891e-21,1.952973490219533e-21,7.269051493585564e-21,1.201664443448898e-07,7.754180620835288e-08,1.2017008785910073e-07,1.0018654268098086,-8.047060034754331e-08,-1.2071677299593044e-10,8.053780546995162e-08,1.6100840581749492e-07,-1.6399994240292884e-08,1.6259223706594324e-08,3.265921794688721e-08,-1.808210205678871e-07,1.808192163291719e-07,3.61640236897059e-07,-0.00011395128987023995,1.390927045880479e-07,8.517822123864114,7.2912951755692115,3.1841824108037985e-13,5288445.582477409,23557875.20823499,0.01864087409678383,-0.0008628333031444058,0.2666051440063509,6929617.6884380495,8865270.660591768,1756481151359789.0,-1.79157512837139e-07,9502297.600844165,-7.926663882808231e-08,7453192.56997925,10088175.757108597,2795579318039989.5,1.2424238060827948e-09,10721282.276007459,-2.7333323733821485e-09,7614919.836729469,8942111.028555833,1777700442730732.0,1.79157512837139e-07,9105617.240448456,3.702422942126728e-08,1.3872969126007494e-07,-1.6399994240292887e-08,1.3600964377716113e-07,1.6067875397465468e-08,0.014311185255854397
560,6341.101216071981,ACTIVE_ONE_B,2,12,1.0,LEFT,7.268387823426721e-21,1.952976032313182e-21,7.269051456550084e-21,1.2016643053972552e-07,7.754183985251114e-08,1.2017008765501372e-07,1.0018667308908682,-8.047052214009333e-08,-1.210469068253048e-10,8.053780585444256e-08,1.610083279945359e-07,-1.6399994240292884e-08,1.6259223706594324e-08,3.265921794688721e-08,-1.8082102058031275e-07,1.808192163357906e-07,3.6164023691610336e-07,-0.00011395134253722183,1.3909652902436917e-07,8.518056326429987,7.291241761329339,3.1841765864706585e-13,5298202.550233215,23577262.76557204,0.01864864436526938,-0.0008623495389150637,0.26744799855928086,6929648.978142743,8865265.375255276,1756481046224476.0,-1.79157512837139e-07,9502284.929198997,-7.926663882808231e-08,7439238.965048197,9976569.558991266,2827197891387390.0,1.2424238060827948e-09,10555120.193544937,-2.7333323733821485e-09,7614919.843923096,8942105.911024222,1777700387833915.0,1.79157512837139e-07,9105615.627289841,3.702422942126728e-08,1.3873934995685533e-07,-1.6399994240292887e-08,1.360091710767579e-07,1.6067770443293235e-08,0.014339074342844649
561,6341.10199506914,FACILITATED_WINDOW,2,12,0.0,LEFT,7.268389430372503e-21,1.95298012165452e-21,7.269045760262964e-21,1.2016643939546856e-07,7.75418939741567e-08,1.201700562651547e-07,1.0018688287020907,-8.047061415994901e-08,-1.2063011173044385e-10,8.05378673953765e-08,1.6100848155532553e-07,-1.6399994240292884e-08,1.6259223706594324e-08,3.265921794688721e-08,-1.8082102312695513e-07,1.8081921769229233e-07,3.6164024081924743e-07,-0.00011396213665926247,1.390926346520793e-07,8.517817841093553,7.29137836521632,3.184201366191525e-13,5291048.888105826,23556925.584571667,0.01864864436526938,-0.0008633041057666269,0.2661944845620281,6930296.951684746,8864207.552341482,1756459499995101.0,-1.79157512837139e-07,9499627.037323607,-7.926663882808231e-08,7477380.764528387,10189772.540310854,2790057172206969.0,1.2424238060827948e-09,10860543.24185107,-2.7333323733821485e-09,7615021.436934451,8940348.340010373,1777689137039068.0,1.79157512837139e-07,9104630.860026453,3.702422942126728e-08,1.3872410388922344e-07,-1.6399994240292887e-08,1.3600877082412155e-07,1.606777561729969e-08,0.014310675259047612
562,6341.199855276338,ACTIVE_ONE_B,2,13,0.02,LEFT,7.268384328252199e-21,1.9529995784562904e-21,7.269031405581499e-21,1.2016641127810823e-07,7.754215148014853e-08,1.2016997716242825e-07,1.0018788099420346,-8.047057097611333e-08,-1.2074094106509917e-10,8.053802743658197e-08,1.610085984126953e-07,-1.6399994240292884e-08,1.6259223706594324e-08,3.265921794688721e-08,-1.8082103104127825e-07,1.8081922190791114e-07,3.616402529491894e-07,-0.00011399568194270238,1.3909216363902097e-07,8.517788996982276,7.291509288008785,3.18421416517561e-13,5608701.589231312,23663118.33977122,0.018679725439211495,-0.0008640305162765927,0.2665347549693631,6941996.10322367,8860845.223417565,1756392556396912.0,-1.79157512837139e-07,9491084.650969796,-7.926663882808231e-08,7802321.280139471,10298925.41454239,2834398445433311.0,1.2424238060827948e-09,10802716.03157074,-2.7333323733821485e-09,7616238.222823079,8947952.642582018,1777654176490866.0,1.79157512837139e-07,9112216.626286656,3.702422942126728e-08,1.387279798280669e-07,-1.6399994240292887e-08,1.3600756568461734e-07,1.6067346337597586e-08,0.0143072404720479
563,6345.647649227278,EVENT_TRANSPORT_PAUSED,2,13,0.11625000000000003,LEFT,7.268335955666268e-21,1.9530487646457127e-21,7.269030591978008e-21,1.2016614470015967e-07,7.754280243965631e-08,1.2016997267899201e-07,1.0019040422060186,-8.046906035991991e-08,-1.2711579051793672e-10,8.053803506037971e-08,1.6100709542029964e-07,-1.6399994240292884e-08,1.6259223706594324e-08,3.265921794688721e-08,-1.8082103110347403e-07,1.808192219410398e-07,3.616402530445138e-07,-0.0001139959455618289,1.391721631475129e-07,8.522688043164095,7.2904751328695,3.184135835552936e-13,5610160.150790283,24016277.945553653,0.018829303107557926,-0.0008546875927200048,0.2823698575865645,6942746.738385099,8852249.592073556,1756392030412866.0,-1.79157512837139e-07,9491024.59720824,-7.926663882808231e-08,7385119.831701971,8635116.799758634,3206436508288863.0,1.2424238060827948e-09,8811985.87351756,-2.7333323733821485e-09,7616248.513828092,8947894.221683765,1777653901774253.0,1.79157512837139e-07,9112342.715762572,3.702422942126728e-08,1.3891216465202156e-07,-1.6399994240292887e-08,1.359977491002981e-07,1.6065346830692712e-08,0.014890624025618804
564,6345.648428224436,EVENT_TRANSPORT_RECOVERY,2,13,0.11625000000000003,LEFT,7.268337938711169e-21,1.9530595591026155e-21,7.269017814476204e-21,1.2016615562860512e-07,7.754294529850552e-08,1.2016990226735903e-07,1.0019095797072832,-8.046917399137523e-08,-1.2655473964481848e-10,8.053816180844814e-08,1.6100733579982336e-07,-1.6399994240292884e-08,1.6259223706594324e-08,3.265921794688721e-08,-1.808210336528884e-07,1.8081922329898163e-07,3.6164025695187003e-07,-0.00011400675133232951,1.3917997704572332e-07,8.523166554206405,7.290727259571214,3.184250661990773e-13,4284923.745462735,23696457.722598474,0.018829303107557926,-0.0008561818434704715,0.27927213469725237,6918131.454709763,8848668.67919078,1756370471661854.0,-1.79157512837139e-07,9489386.162141824,-7.926663882808231e-08,6748768.624014954,9148690.77617778,2726699652058135.0,-2.7333323733821485e-09,9839668.455561614,-2.7333323733821485e-09,7615271.926906089,8944396.455343714,1777642641416220.0,1.79157512837139e-07,9122865.135448378,3.702422942126728e-08,1.3886620722666118e-07,-1.6399994240292887e-08,1.3599223600005434e-07,1.6065417592165957e-08,0.014947605622020355
565,6345.648817723016,EVENT_TRANSPORT_RECOVERY,2,13,0.11625000000000003,LEFT,7.268338909925172e-21,1.9530632469375042e-21,7.269013155427313e-21,1.2016616098090843e-07,7.754299410490226e-08,1.2016987659320864e-07,1.0019114715477477,-8.046922609830223e-08,-1.2630393131464352e-10,8.053820906365648e-08,1.610074351619587e-07,-1.6399994240292884e-08,1.6259223706594324e-08,3.265921794688721e-08,-1.8082103492784655e-07,1.808192239780814e-07,3.61640258905928e-07,-0.00011401215526807285,1.3917759650973082e-07,8.523020773863694,7.29082717865582,3.184273768850501e-13,4255532.787656326,23658890.136170782,0.018829303107557926,-0.0008567994998454065,0.27837962634777497,6915214.45997408,8847150.623142157,1756359691190654.0,-1.79157512837139e-07,9488805.718988482,-7.926663882808231e-08,6686026.5866745375,9252681.097228339,2822008000193138.0,-2.7333323733821485e-09,9989608.961307345,-2.7333323733821485e-09,7614855.189254039,8937663.461506909,1777637010380747.0,1.79157512837139e-07,9116161.201863742,3.702422942126728e-08,1.3885421435086091e-07,-1.6399994240292887e-08,1.3599147495202047e-07,1.6065427358640125e-08,0.014930245946031429
566,6346.62683741745,ACTIVE_ONE_B,2,13,0.12750000000000006,LEFT,7.268336038967298e-21,1.9530780760942264e-21,7.269001197228463e-21,1.2016614515922686e-07,7.75431903597349e-08,1.2016981069631923e-07,1.001919078829415,-8.046919967827035e-08,-1.263383703701341e-10,8.053833201996769e-08,1.6100753169823803e-07,-1.6399994240292884e-08,1.6259223706594324e-08,3.265921794688721e-08,-1.8082103877239747e-07,1.8081922602583922e-07,3.6164026479823666e-07,-0.000114028450413306,1.391777797197959e-07,8.523031993364746,7.290964484588662,3.184306610588524e-13,4380889.909424672,23685021.553972233,0.018846786211650368,-0.0008573995900924558,0.2780546451917035,6918203.377385652,8841245.713011714,1809748480984804.0,-3.304847324180234e-08,9485197.83108803,-7.926663882808231e-08,6785189.152221978,9465160.741052736,3016327390775713.5,1.2424238060827948e-09,10161740.72792258,-2.7333323733821485e-09,7614963.283650168,8932306.036517205,1777620031401774.0,1.79157512837139e-07,9099354.126142347,3.702422942126728e-08,1.388484481556675e-07,-1.6399994240292887e-08,1.3598953256726234e-07,1.606520471250689e-08,0.014931581975974773
567,6347.106914498815,EVENT_TRANSPORT_RECOVERY,2,13,0.12875000000000006,LEFT,7.268335713127929e-21,1.9530825434571354e-21,7.268997055704924e-21,1.2016614336354483e-07,7.754324948235996e-08,1.2016978787400932e-07,1.0019213705637728,-8.04692107582629e-08,-1.262647820662791e-10,8.053837442758536e-08,1.6100758518584825e-07,-1.6399994240292884e-08,1.6259223706594324e-08,3.265921794688721e-08,-1.8082104005425173e-07,1.8081922670859674e-07,3.6164026676284847e-07,-0.00011403388353570243,1.3917818992603817e-07,8.523057113760645,7.2910242058975365,3.184323448672174e-13,4301796.537615876,23667403.950996943,0.018848728778771747,-0.0008578527960712012,0.277656397646332,6918412.432729078,8838873.901707215,1797775425109422.0,-3.304847324180234e-08,9483469.774659975,-7.926663882808231e-08,6800271.456415858,9680813.774003573,3032187819509358.0,1.2424238060827948e-09,10468450.577071754,-2.7333323733821485e-09,7615164.5610407265,8939658.103218105,1777614370601261.0,1.79157512837139e-07,9098257.315961212,3.702422942126728e-08,1.3884041075669442e-07,-1.6399994240292887e-08,1.3598878287480135e-07,1.6065186846812853e-08,0.01493457333904491
568,6349.782559491541,EVENT_TRANSPORT_PAUSED,2,13,0.14250000000000007,LEFT,7.268329424145289e-21,1.953088919898044e-21,7.268996968246656e-21,1.201661087053123e-07,7.7543333870227e-08,1.2016978739206108e-07,1.0019246416453949,-8.046901509564783e-08,-1.270909144947523e-10,8.053837529139522e-08,1.6100739038704304e-07,-1.6399994240292884e-08,1.6259223706594324e-08,3.265921794688721e-08,-1.8082104007292772e-07,1.8081922671854416e-07,3.616402667914719e-07,-0.00011403396269349386,1.3918869396441002e-07,8.523700364826174,7.290890464781217,3.1843135821965443e-13,4312317.144513018,23720671.218574975,0.018870097017106954,-0.000856521169352531,0.27969695841862596,6919162.45833295,8838839.115619607,1822075733605900.0,-3.304847324180234e-08,9483444.374005154,-7.926663882808231e-08,6751657.383267867,9384028.57678126,3019651472694347.0,1.2424238060827948e-09,10069814.84074454,-2.7333323733821485e-09,7615166.46238438,8939748.549105879,1777614288127593.0,1.79157512837139e-07,9098260.33812505,3.702422942126728e-08,1.3886671946271148e-07,-1.6399994240292887e-08,1.3598747481237706e-07,1.6064901374881414e-08,0.015011172350060331
569,6352.597371879855,ACTIVE_ONE_B,2,13,0.1650000000000001,LEFT,7.268320030597601e-21,1.9531072797022162e-21,7.26898800199017e-21,1.2016605693795776e-07,7.754357684874669e-08,1.201697379825124e-07,1.0019340601311733,-8.046876520962346e-08,-1.280868037614478e-10,8.053846647507812e-08,1.6100723168470157e-07,-1.6399994240292884e-08,1.6259223706594324e-08,3.265921794688721e-08,-1.808210426620546e-07,1.8081922809758405e-07,3.6164027075963866e-07,-0.00011404493663547122,1.39204692635546e-07,8.524680098704799,7.290833118495119,3.184340306114515e-13,4118161.728521591,23744024.011296794,0.018905063225291834,-0.000855534641510447,0.2816312149504081,6918766.216865976,8833980.769637793,1830974581109068.5,-3.304847324180234e-08,9479858.18291033,-7.926663882808231e-08,6653174.045795026,9349526.191620754,3003094624167897.5,1.2424238060827948e-09,10063960.937697219,-2.7333323733821485e-09,7615363.7815748025,8938083.279823521,1777602854819037.0,1.79157512837139e-07,9099343.051206918,3.702422942126728e-08,1.3888699286668617e-07,-1.6399994240292887e-08,1.3598374921891164e-07,1.6064455269152564e-08,0.015127840087096
570,6354.895515261418,EVENT_TRANSPORT_PAUSED,2,13,0.1787500000000001,LEFT,7.268314105861921e-21,1.9531179240982355e-21,7.268983282329832e-21,1.201660242870235e-07,7.754371771881048e-08,1.2016971197428544e-07,1.0019395206519712,-8.046860186466854e-08,-1.2874437868158948e-10,8.05385142318082e-08,1.6100711609647674e-07,-1.6399994240292884e-08,1.6259223706594324e-08,3.265921794688721e-08,-1.8082104396310333e-07,1.8081922879055092e-07,3.6164027275365427e-07,-0.00011405045107393263,1.3921492259559013e-07,8.525306565637399,7.290781080217753,3.1843535759393156e-13,4017106.376786666,23762294.503658462,0.01892643146362704,-0.0008548161202779347,0.2829685433438869,6918412.082103618,8831577.239354603,1840472956503497.5,-3.304847324180234e-08,9478078.27371898,-7.926663882808231e-08,6580852.357654841,9266023.285755051,2998762581332967.0,1.2424238060827948e-09,9998422.128341582,-2.7333323733821485e-09,7615424.766950307,8936064.97892741,1777597109800665.0,1.79157512837139e-07,9099623.891920477,3.702422942126728e-08,1.3890148206056684e-07,-1.6399994240292887e-08,1.3598157048816042e-07,1.606418182469433e-08,0.015202440425972297
571,6358.455714846339,EVENT_TRANSPORT_PAUSED,2,13,0.20500000000000013,LEFT,7.26830295144533e-21,1.9531388742595797e-21,7.268973486585079e-21,1.2016596281552032e-07,7.754399497593678e-08,1.2016965799368005e-07,1.00195026797775,-8.046829566376038e-08,-1.2996793945052997e-10,8.053861292568001e-08,1.6100690858944037e-07,-1.6399994240292884e-08,1.6259223706594324e-08,3.265921794688721e-08,-1.808210465594909e-07,1.8081923017342763e-07,3.616402767329185e-07,-0.00011406145570580506,1.392342600719305e-07,8.52649076278332,7.290695983037031,3.184383421781105e-13,3814032.6672795694,23792077.650097296,0.018967225373176064,-0.0008535262119697684,0.2853874668344893,6918115.443219919,8826908.191675534,1862056102459614.0,-3.304847324180234e-08,9474606.799364658,-7.926663882808231e-08,6450325.929438762,9162237.749386951,2983017414838945.5,1.2424238060827948e-09,9899775.665932983,-2.7333323733821485e-09,7615519.158358976,8932450.271310713,1777585645531793.0,1.79157512837139e-07,9099567.847855095,3.702422942126728e-08,1.3892746832423586e-07,-1.6399994240292887e-08,1.3597726817306288e-07,1.6063662472498777e-08,0.015343455863156663
572,6358.497965966693,ACTIVE_ONE_B,2,13,0.20625000000000013,LEFT,7.268303388958845e-21,1.953143476395574e-21,7.268968446935568e-21,1.2016596522663939e-07,7.754405588093008e-08,1.2016963022207886e-07,1.0019526288500125,-8.046832888396674e-08,-1.2979021377442408e-10,8.05386634773031e-08,1.6100699236126985e-07,-1.6399994240292884e-08,1.6259223706594324e-08,3.265921794688721e-08,-1.8082104783925217e-07,1.8081923085504036e-07,3.6164027869429253e-07,-0.00011406687987403075,1.3923347056268353e-07,8.526442414458002,7.290783510714779,3.184407201967778e-13,3690296.029521399,23757726.461027086,0.01896916794029745,-0.0008540469556546082,0.284659539326156,6916596.081573313,8824656.128447609,1847183574209175.0,-3.304847324180234e-08,9472914.550180245,-7.926663882808231e-08,6427804.114481898,9407843.93349348,2984265665397440.0,1.2424238060827948e-09,10260048.266313298,-2.7333323733821485e-09,7615563.097864958,8930731.060311692,1777579995059656.0,1.79157512837139e-07,9099330.137118403,3.702422942126728e-08,1.389170798005867e-07,-1.6399994240292887e-08,1.359761658411229e-07,1.606364924594809e-08,0.015337698493908425
573,6361.085757515249,EVENT_TRANSPORT_PAUSED,2,13,0.21875000000000014,LEFT,7.268297093791214e-21,1.9531498712596526e-21,7.26896834723912e-21,1.2016593053421887e-07,7.754414051085482e-08,1.2016962967268935e-07,1.0019559093826267,-8.046813344225836e-08,-1.3061535281181402e-10,8.053866445181373e-08,1.6100679789407209e-07,-1.6399994240292884e-08,1.6259223706594324e-08,3.265921794688721e-08,-1.8082104785794306e-07,1.8081923086499525e-07,3.6164027872293834e-07,-0.00011406695909399467,1.392445782650667e-07,8.527122632974026,7.290650274366118,3.1843999725915466e-13,3699109.378792138,23806165.12642768,0.01898859361151127,-0.0008528381057839596,0.28665556305609274,6917947.651891756,8824623.747632788,1870443154012233.0,-3.304847324180234e-08,9472890.294590889,-7.926663882808231e-08,6376515.193435762,9109695.4228104,2971649141550927.5,1.2424238060827948e-09,9860177.204934651,-2.7333323733821485e-09,7615563.211285902,8930705.469728513,1777579912536086.0,1.79157512837139e-07,9099328.906330269,3.702422942126728e-08,1.3894113322956618e-07,-1.6399994240292887e-08,1.3597497201200394e-07,1.6063391446081936e-08,0.015418699627671062
574,6372.0545797075465,ACTIVE_ONE_B,2,13,0.2500000000000002,LEFT,7.268284677508028e-21,1.9531785610430106e-21,7.26895207373895e-21,1.2016586210851323e-07,7.754452019049125e-08,1.2016953999550019e-07,1.001970627094973,-8.046780609873334e-08,-1.318745031796032e-10,8.053882667732244e-08,1.6100663277605576e-07,-1.6399994240292884e-08,1.6259223706594324e-08,3.265921794688721e-08,-1.8082105173875024e-07,1.8081923293191324e-07,3.616402846706635e-07,-0.00011408340749285983,1.3926657313409502e-07,8.528469564738533,7.290633973626602,3.1844611875700993e-13,3317616.1934135593,23801054.046203766,0.019037157789545824,-0.0008518116967297651,0.288732237938491,6916227.159277013,8817924.317509826,1874216477550271.0,-3.304847324180234e-08,9467740.511310222,-7.926663882808231e-08,6187172.139791303,9238697.753126167,2944464996711134.0,1.2424238060827948e-09,10134496.029061645,-2.7333323733821485e-09,7615678.971125971,8925464.157061365,1777562778912145.0,1.79157512837139e-07,9098032.15543662,3.702422942126728e-08,1.3896092279630905e-07,-1.6399994240292887e-08,1.3596876493405273e-07,1.6062789362243826e-08,0.01557909367378385
575,6373.753508377157,EVENT_TRANSPORT_PAUSED,2,13,0.2637500000000005,LEFT,7.268277746973099e-21,1.953185619285334e-21,7.268951946031555e-21,1.201658239145419e-07,7.754461359846496e-08,1.2016953929175184e-07,1.0019742479372389,-8.046759136726715e-08,-1.32781117756554e-10,8.053882791715891e-08,1.6100641928442606e-07,-1.6399994240292884e-08,1.6259223706594324e-08,3.265921794688721e-08,-1.8082105176056494e-07,1.808192329435316e-07,3.6164028470409653e-07,-0.00011408349995178924,1.3927888313519603e-07,8.529223410168697,7.290487820189118,3.1844549241913116e-13,3329290.6936312243,23853948.166488864,0.01905852602788103,-0.0008504845869037325,0.2908970186800929,6917949.9026233535,8817887.37665184,1895540930206320.5,-3.304847324180234e-08,9467711.785704214,-7.926663882808231e-08,6123350.452642729,8903258.3653715,2935753985223737.0,1.2424238060827948e-09,9706623.443014989,-2.7333323733821485e-09,7615678.821680244,8925433.176387232,1777562682605441.0,1.79157512837139e-07,9098027.923179118,3.702422942126728e-08,1.3898746055768242e-07,-1.6399994240292884e-08,1.3596744009012883e-07,1.606250707369921e-08,0.015668862377643977
576,6376.555227042488,ACTIVE_ONE_B,2,13,0.28125000000000044,LEFT,7.268266174969702e-21,1.9532089472500576e-21,7.268940190070228e-21,1.2016576014152218e-07,7.754492231648796e-08,1.2016947450895012e-07,1.0019862150640082,-8.046727218998357e-08,-1.3403919240629838e-10,8.05389442781986e-08,1.6100621646818218e-07,-1.6399994240292884e-08,1.6259223706594324e-08,3.265921794688721e-08,-1.8082105435590192e-07,1.8081923432577573e-07,3.6164028868167765e-07,-0.00011409449992894061,1.3930020261244297e-07,8.530528981984999,7.290419570038452,3.1844987747754846e-13,3048676.1695012394,23830230.487823106,0.01908572196758038,-0.0008501888333511953,0.2931979701565735,6918076.327920118,8813457.914860804,1916691877396769.0,-3.304847324180234e-08,9464185.809484366,-7.926663882808231e-08,5967321.264683862,8879145.139482114,2901399540331537.5,1.2424238060827948e-09,9719992.498780688,-2.7333323733821485e-09,7615738.214758283,8921825.65162011,1777551225245592.0,1.79157512837139e-07,9096675.011010706,3.702422942126728e-08,1.3899243784420656e-07,-1.6399994240292884e-08,1.3596338027130697e-07,1.6062178532742715e-08,0.01582433123777882
577,6380.270787343705,EVENT_TRANSPORT_PAUSED,2,13,0.2987500000000004,LEFT,7.268262391788183e-21,1.953212779572446e-21,7.268940140929359e-21,1.201657392924893e-07,7.754497303250717e-08,1.2016947423815262e-07,1.0019881810258222,-8.046715491829874e-08,-1.3453443228649315e-10,8.053894474722085e-08,1.6100609966551958e-07,-1.6399994240292884e-08,1.6259223706594324e-08,3.265921794688721e-08,-1.8082105436213635e-07,1.8081923432909607e-07,3.6164028869123245e-07,-0.00011409452635269268,1.393076828016223e-07,8.530987057202323,7.290339572898181,3.1844961998425213e-13,3069406.7332485653,23897976.422860693,0.019112917907279734,-0.0008484977671308069,0.2943676412549612,6919258.289466674,8813447.386059236,1925488975022889.0,-3.304847324180234e-08,9464177.353013981,-7.926663882808231e-08,5933221.565891704,8698547.58044134,2894936372523993.0,1.2424238060827948e-09,9487595.329504238,-2.7333323733821485e-09,7615738.183750908,8921816.585421715,1777551197724239.0,1.79157512837139e-07,9096672.206894454,3.702422942126728e-08,1.3902641494120195e-07,-1.6399994240292884e-08,1.3596171160676403e-07,1.6061820092579547e-08,0.015878879314724204
578,6382.480032383906,EVENT_TRANSPORT_PAUSED,2,13,0.31750000000000034,LEFT,7.268254104003661e-21,1.953227396905724e-21,7.268933811380603e-21,1.2016569361865973e-07,7.75451664741194e-08,1.2016943935829613e-07,1.0019956796431444,-8.046691888935448e-08,-1.354833185494462e-10,8.05390070552855e-08,1.6100592594463997e-07,-1.6399994240292884e-08,1.6259223706594324e-08,3.265921794688721e-08,-1.8082105566785683e-07,1.8081923502449607e-07,3.6164029069235287e-07,-0.0001141000604394371,1.3932349481196298e-07,8.531955360262513,7.29025870248822,3.184520701559719e-13,2904346.8254714822,23916624.1091091,0.019142056414100467,-0.0008474178808297594,0.29621237892283636,6919644.975780283,8811213.87696966,1917577408557663.0,-3.304847324180234e-08,9462355.945954846,-7.926663882808231e-08,5810940.198629338,8596457.53021224,2874304418829317.5,1.2424238060827948e-09,9434206.136220537,-2.7333323733821485e-09,7615761.616267287,8919916.169832988,1777545433791534.0,1.79157512837139e-07,9095935.89158529,3.702422942126728e-08,1.390471822174013e-07,-1.6399994240292884e-08,1.3595852664034106e-07,1.606145457681764e-08,0.015994185857921117
579,6382.880221636867,ACTIVE_ONE_B,2,13,0.32875000000000026,LEFT,7.268249607539206e-21,1.9532383627994663e-21,7.268927341951316e-21,1.201656688387115e-07,7.754531159299048e-08,1.2016940370758764e-07,1.0020013050906322,-8.04668008917879e-08,-1.3593239089406885e-10,8.05390705925285e-08,1.6100587148431638e-07,-1.6399994240292884e-08,1.6259223706594324e-08,3.265921794688721e-08,-1.808210569643966e-07,1.8081923571499936e-07,3.6164029267939597e-07,-0.00011410555559554503,1.3933176769122827e-07,8.532461978594815,7.290261223572592,3.184548519142298e-13,2732098.602808606,23905607.928433463,0.019159539518192905,-0.0008470793437607149,0.29686972027882624,6919315.492094947,8808997.158556264,1919910040917955.5,-3.304847324180234e-08,9460522.699001253,-7.926663882808231e-08,5737316.053864165,8691544.203661073,2840281341276298.0,1.2424238060827948e-09,9568277.60478767,-2.7333323733821485e-09,7615768.423036617,8918015.935206484,1777539710580305.0,1.79157512837139e-07,9095079.06065427,3.702422942126728e-08,1.390529406844295e-07,-1.6399994240292884e-08,1.3595603893487281e-07,1.6061242912166927e-08,0.01605451449987183
580,6386.32969724707,EVENT_TRANSPORT_PAUSED,2,13,0.33750000000000024,LEFT,7.26824519256983e-21,1.9532428549112665e-21,7.26892726480889e-21,1.2016564450787148e-07,7.754537103989822e-08,1.201694032824832e-07,1.002003609521045,-8.046666430267267e-08,-1.3650915599690154e-10,8.05390713270974e-08,1.6100573562977008e-07,-1.6399994240292884e-08,1.6259223706594324e-08,3.265921794688721e-08,-1.8082105697375074e-07,1.8081923571998108e-07,3.6164029269373184e-07,-0.00011410559524138719,1.3934050678785386e-07,8.532997147357264,7.29016831391053,3.18454662881463e-13,2741560.3266404336,23938901.95364973,0.019173137488042582,-0.0008462348427207278,0.2982141879441954,6920707.876301381,8808981.347053755,1924896836409935.5,-3.304847324180234e-08,9460509.62610525,-7.926663882808231e-08,5689630.964793461,8473405.5376993,2841306815948149.5,1.2424238060827948e-09,9316304.93571583,-2.7333323733821485e-09,7615768.146380202,8918001.928656738,1777539669289787.0,1.79157512837139e-07,9095073.458258586,3.702422942126728e-08,1.3907001315139563e-07,-1.6399994240292884e-08,1.3595518381699314e-07,1.6061064749931858e-08,0.01611824295696551
581,6394.911844178615,ACTIVE_ONE_B,2,13,0.3600000000000001,LEFT,7.268236234552165e-21,1.9532655677482958e-21,7.268913509989528e-21,1.2016559514031988e-07,7.75456716115934e-08,1.2016932748452764e-07,1.0020152610904483,-8.0466431483098e-08,-1.3738798907386772e-10,8.053920578591415e-08,1.6100563726901214e-07,-1.6399994240292884e-08,1.6259223706594324e-08,3.265921794688721e-08,-1.8082105956422633e-07,1.808192370995784e-07,3.616402966638047e-07,-0.00011411657445448142,1.3935713679705743e-07,8.534015543402793,7.290186686793201,3.1846085769617377e-13,2349658.186448578,23905462.744498856,0.01920810369622746,-0.0008456234111231531,0.2994034456933571,6919498.713985745,8804525.469345147,1899206609896438.5,-3.304847324180234e-08,9456729.567879349,-7.926663882808231e-08,5522182.2086003795,8717436.36627599,3181935490330776.0,-2.2363628509490305e-09,9724895.138857182,-2.7333323733821485e-09,7615758.6023498345,8914101.249086235,1777528234952578.0,1.79157512837139e-07,9092715.856758123,3.702422942126728e-08,1.3907948522206118e-07,-1.6399994240292884e-08,1.3594988177653616e-07,1.606064670893749e-08,0.016239514625354223
582,6398.025854876157,ACTIVE_ONE_B,2,13,0.38000000000000006,LEFT,7.268226138864508e-21,1.953275845026107e-21,7.268913328399373e-21,1.20165539503031e-07,7.754580761580187e-08,1.2016932648384773e-07,1.0020205332814802,-8.046611967093152e-08,-1.3870481266019103e-10,8.053920752537851e-08,1.6100532719631002e-07,-1.6399994240292884e-08,1.6259223706594324e-08,3.265921794688721e-08,-1.8082105958917728e-07,1.8081923711286625e-07,3.6164029670204353e-07,-0.00011411668020366861,1.3937712974071013e-07,8.535239880353249,7.289974901383221,3.184605957979157e-13,2381131.441078501,23982494.14506144,0.01923918477016958,-0.0008436959326065807,0.3024438811934652,6923683.615451837,8804482.927463489,1925169321924089.5,-3.304847324180234e-08,9456693.126796672,-7.926663882808231e-08,5428047.864098164,8236943.260513466,2789979247295010.5,7.454542836496768e-10,9101515.062646003,-2.7333323733821485e-09,7615757.380373064,8914061.597395085,1777528124823166.0,1.79157512837139e-07,9092694.349339863,3.702422942126728e-08,1.3911870868442172e-07,-1.6399994240292884e-08,1.3594796610568838e-07,1.606024041253804e-08,0.016385309952529514
583,6399.1907916641685,ACTIVE_ONE_B,2,13,0.40125000000000005,LEFT,7.268216639171926e-21,1.95329266558852e-21,7.26890600752954e-21,1.201654871502212e-07,7.75460302094439e-08,1.201692861410779e-07,1.0020291621440969,-8.046584876654538e-08,-1.3979355192610392e-10,8.053927879622965e-08,1.6100512756277503e-07,-1.6399994240292884e-08,1.6259223706594324e-08,3.265921794688721e-08,-1.808210608924721e-07,1.8081923780694387e-07,3.61640298699416e-07,-0.00011412220392559291,1.3939593755403964e-07,8.536391641755504,7.289884337634134,3.184638747019614e-13,2196075.2739768596,24001955.568252705,0.019272208411233074,-0.000842454967673989,0.3044975713276006,6925792.71041497,8802222.162187563,1988104344727288.5,-3.255150371936922e-08,9454719.801816963,-7.926663882808231e-08,5304861.911677514,8147786.559726455,2843461505773973.0,7.454542836496768e-10,8998014.97823804,-2.7333323733821485e-09,7615740.868173414,8912010.565330742,1777522372393948.0,1.79157512837139e-07,9091152.492387151,3.702422942126728e-08,1.3914241841359748e-07,-1.6399994240292884e-08,1.3594427233266242e-07,1.6059830669340574e-08,0.016522462907365254
584,6400.981678574672,EVENT_TRANSPORT_PAUSED,2,13,0.40375000000000005,LEFT,7.268216640283333e-21,1.953300184923914e-21,7.268898487082739e-21,1.2016548715634617e-07,7.75461297155875e-08,1.201692446984805e-07,1.0020330195247535,-8.046587131025285e-08,-1.3963958675716386e-10,8.053935180111165e-08,1.610052231113645e-07,-1.6399994240292884e-08,1.6259223706594324e-08,3.265921794688721e-08,-1.8082106217410136e-07,1.8081923848947542e-07,3.6164030066357676e-07,-0.00011412763580054275,1.3939499891969083e-07,8.536334161239568,7.289998065724131,3.1846754709164827e-13,2198339.3822176494,24011185.541359484,0.01927609354547584,-0.00084221477149371,0.30366783187931234,6922682.261520004,8799973.240730252,1899936746476267.8,-3.304847324180234e-08,9452714.097978653,-7.926663882808231e-08,5243384.394992862,8504839.432882851,3440465377151750.0,-2.2363628509490305e-09,9580123.534490867,-2.7333323733821485e-09,7615722.024674197,8909891.115406785,1777516715786641.0,1.79157512837139e-07,9089467.480011351,3.702422942126728e-08,1.3914732742131828e-07,-1.6399994240292884e-08,1.3594401753131772e-07,1.605978026894446e-08,0.016515618067287408
585,6403.594734870846,ACTIVE_ONE_B,2,13,0.4312499999999999,LEFT,7.268204050754459e-21,1.9533209342322296e-21,7.268890327303298e-21,1.2016541777537703e-07,7.754640429752652e-08,1.2016919973270836e-07,1.0020436638139543,-8.046550612221912e-08,-1.4111974335607575e-10,8.053943074318811e-08,1.6100493686540725e-07,-1.6399994240292884e-08,1.6259223706594324e-08,3.265921794688721e-08,-1.8082106349021827e-07,1.8081923919036488e-07,3.616403026805832e-07,-0.00011413321381992247,1.394202677494875e-07,8.53788158529839,7.289854818206519,3.1847149615266323e-13,1709832.686461025,23972220.44078184,0.01931883002214625,-0.0008412695518762447,0.30652946422847327,6925892.2725453265,8797640.256901035,1963794297754213.5,-3.255150371936922e-08,9450590.848951887,-7.926663882808231e-08,5071299.320804238,8326155.022416027,3490127408301834.0,-2.2363628509490305e-09,9406893.98331275,-2.7333323733821485e-09,7615682.502713828,8907607.778231665,1777510907168618.0,1.79157512837139e-07,9087645.744517447,3.702422942126728e-08,1.3916192167389398e-07,-1.6399994240292884e-08,1.3593754349150754e-07,1.6059273020789143e-08,0.016699886945924947
586,6405.779736528899,EVENT_TRANSPORT_PAUSED,2,13,0.4562499999999999,LEFT,7.26819141188212e-21,1.953333807668429e-21,7.268890092739439e-21,1.2016534812239513e-07,7.754657465466507e-08,1.2016919844010614e-07,1.002050267820981,-8.04651170221877e-08,-1.4276349396701418e-10,8.053943297460307e-08,1.6100454999679076e-07,-1.6399994240292884e-08,1.6259223706594324e-08,3.265921794688721e-08,-1.8082106351829927e-07,1.8081923920531914e-07,3.616403027236184e-07,-0.00011413333283361027,1.3944832673722557e-07,8.5395998743146,7.289591010650813,3.18471779064458e-13,1755724.3540365882,24068596.11660589,0.019357681364573893,-0.0008388646934613941,0.31023613900909075,6932509.178337275,8797591.071802909,2107913421551505.5,-3.255150371936922e-08,9450546.005926454,-7.926663882808231e-08,4944286.33964243,7724695.8641801225,3061297019271681.0,7.454542836496768e-10,8637942.773394084,-2.7333323733821485e-09,7615680.110758405,8907557.0317847,1777510783237190.0,1.79157512837139e-07,9087611.369472053,3.702422942126728e-08,1.3921157212133757e-07,-1.6399994240292884e-08,1.3593514768968118e-07,1.605876899153662e-08,0.01690450260275589
587,6406.342006135673,ACTIVE_ONE_B,2,13,0.47749999999999987,LEFT,7.268181992939508e-21,1.9533516178463472e-21,7.268881701504133e-21,1.2016529621443333e-07,7.754681033960682e-08,1.2016915219882327e-07,1.002059404351298,-8.046485064107708e-08,-1.4382413142835604e-10,8.053951396652821e-08,1.610043646076053e-07,-1.6399994240292884e-08,1.6259223706594324e-08,3.265921794688721e-08,-1.8082106482211334e-07,1.8081923989964793e-07,3.6164030472176127e-07,-0.00011413885868605256,1.3946737068491725e-07,8.540766096220015,7.289519606627299,3.1847612384469693e-13,1510408.8727693567,24073405.972448707,0.01939070500563739,-0.0008377122744651633,0.31209245356829685,6935097.519429835,8795503.65194065,2191897780413288.0,-3.255150371936922e-08,9448376.23308542,-7.926663882808231e-08,4809471.280339679,7710893.120882288,3088779496734197.0,7.454542836496768e-10,8639613.688899068,-2.7333323733821485e-09,7615622.066742742,8905239.558606237,1777505029126317.0,1.79157512837139e-07,9088058.167049188,3.20545341969361e-08,1.392326803701952e-07,-1.639999424029288e-08,1.3593105785023968e-07,1.6058367553026466e-08,0.017043377529462722
588,6408.374652637812,ACTIVE_ONE_B,2,13,0.4874999999999998,LEFT,7.268176935791892e-21,1.9533568138762652e-21,7.26888156262183e-21,1.2016526834438352e-07,7.75468790992344e-08,1.201691514334892e-07,1.0020620698881102,-8.046469533228781e-08,-1.4448007921080546e-10,8.05395152726135e-08,1.6100421060490132e-07,-1.6399994240292884e-08,1.6259223706594324e-08,3.265921794688721e-08,-1.8082106483459546e-07,1.8081923990629507e-07,3.6164030474089055e-07,-0.00011413891158795764,1.3947865020971435e-07,8.541456836874946,7.289414729307905,3.1847648430705246e-13,1516017.445809058,24110125.982438758,0.01940624554260845,-0.0008367549605792224,0.3135432034919033,6937430.69727866,8795500.665971918,2148498681758728.0,-3.255150371936922e-08,9448355.590954864,-7.926663882808231e-08,4736012.926731009,7466016.7934909705,3189233074329944.0,7.454542836496768e-10,8424588.037869496,-2.7333323733821485e-09,7615620.965513584,8905216.54025097,1777504974039923.0,1.79157512837139e-07,9088086.11337802,3.20545341969361e-08,1.3925242242567443e-07,-1.6399994240292884e-08,1.3593003547203542e-07,1.605816768359217e-08,0.017125631650553697
589,6411.721292349464,ACTIVE_ONE_B,2,13,0.5187499999999996,LEFT,7.268162472279884e-21,1.9533802991622858e-21,7.268872540847816e-21,1.2016518863558495e-07,7.754718988105093e-08,1.201691017174787e-07,1.0020741177199013,-8.046427599326628e-08,-1.4618370961250532e-10,8.053960204332772e-08,1.61003878036594e-07,-1.6399994240292884e-08,1.6259223706594324e-08,3.265921794688721e-08,-1.808210661479462e-07,1.8081924060569343e-07,3.616403067536396e-07,-0.00011414447783364423,1.395095730488984e-07,8.543350503724797,7.289247816846108,3.1848196518609314e-13,1214610.1518321736,24141722.079067077,0.019454809720643,-0.0008346876445490814,0.31673847278325185,6943249.036537727,8795182.088204391,2284343267531314.0,-3.255150371936922e-08,9446083.324648058,-7.926663882808231e-08,4535516.664382849,7253538.585460066,3297382900375445.5,7.454542836496768e-10,8203979.56738234,-2.7333323733821485e-09,7615545.021435862,8902759.583123194,1777499178051760.0,1.79157512837139e-07,9093869.479332402,3.20545341969361e-08,1.3929115029748587e-07,-1.6399994240292884e-08,1.359247248493681e-07,1.605757098259842e-08,0.017351131483612114
590,6411.738043725481,ACTIVE_ONE_B,2,13,0.5199999999999996,LEFT,7.268163217774416e-21,1.953388702369515e-21,7.268863392146057e-21,1.2016519274402768e-07,7.754730108045441e-08,1.2016905130196939e-07,1.0020784285222955,-8.046432449543217e-08,-1.4590727269853125e-10,8.053968985363945e-08,1.6100401434907162e-07,-1.6399994240292884e-08,1.6259223706594324e-08,3.265921794688721e-08,-1.8082106743025794e-07,1.8081924128855368e-07,3.616403087188116e-07,-0.00011414991250524587,1.3950559433729497e-07,8.543106853579232,7.289403849348754,3.1848635914360744e-13,876626.8037353605,24054027.725773644,0.019456752287764386,-0.0008355349921884692,0.31554540761196087,6939295.231500845,8794864.605791781,2224454845064924.2,-3.255150371936922e-08,9443791.939482534,-7.926663882808231e-08,4484675.268388003,7747572.022815667,3779267902807943.0,-2.2363628509490305e-09,8884624.430580894,-2.7333323733821485e-09,7615440.976704647,8900289.421140771,1777493519243376.0,1.79157512837139e-07,9099112.855370058,3.20545341969361e-08,1.3926991448246627e-07,-1.6399994240292884e-08,1.359221465369192e-07,1.605757702128744e-08,0.017322117368930856
591,6415.17805406816,EVENT_TRANSPORT_PAUSED,2,13,0.5562499999999995,LEFT,7.268144877539483e-21,1.9534076430648696e-21,7.268862791685633e-21,1.20165091670361e-07,7.754755172097061e-08,1.2016904799302652e-07,1.0020881450022838,-8.046376308022056e-08,-1.482784135972898e-10,8.053969551140507e-08,1.6100345859162564e-07,-1.6399994240292884e-08,1.6259223706594324e-08,3.265921794688721e-08,-1.8082106748706666e-07,1.8081924131880544e-07,3.616403088058721e-07,-0.00011415015327043143,1.3954916837584856e-07,8.545775260313555,7.289026810484132,3.184885262618585e-13,871605.1544299489,24187170.17489764,0.01951308673428447,-0.0008320802845336317,0.3206969449179624,6950761.506054173,8794850.405734828,2224728121018306.8,-3.255150371936922e-08,9443691.179968683,-7.926663882808231e-08,4268866.444460224,7046079.486433391,3476631746698012.0,-2.2363628509490305e-09,8142470.343453366,-2.7333323733821485e-09,7615433.322328679,8900175.747737195,1777493268551901.0,1.79157512837139e-07,9099204.524287432,3.20545341969361e-08,1.3934046310996863e-07,-1.6399994240292887e-08,1.359184884315558e-07,1.6056855925223806e-08,0.017639874039365733
592,6415.624035299981,ACTIVE_ONE_B,2,13,0.5774999999999996,LEFT,7.268135522864278e-21,1.9534269195252318e-21,7.268852869900475e-21,1.201650401163581e-07,7.75478068029714e-08,1.201689933172561e-07,1.0020980337280063,-8.046350407612231e-08,-1.4929786896228893e-10,8.053979045475955e-08,1.6100329453088185e-07,-1.6399994240292884e-08,1.6259223706594324e-08,3.265921794688721e-08,-1.8082106879265328e-07,1.808192420140504e-07,3.6164031080670366e-07,-0.0001141556865584814,1.395682704428134e-07,8.546945041353375,7.28898507529305,3.1849448831128854e-13,512309.55851377826,24166985.573415153,0.019546110375347966,-0.0008310604477117511,0.3222792258686409,6954420.476306819,8794519.278973842,2496387806318068.5,-3.255150371936922e-08,9441254.700028783,-7.926663882808231e-08,4124848.648396406,6984994.859726459,3441865069067030.5,7.454542836496768e-10,7991479.680795159,-2.7333323733821485e-09,7615298.2704268405,8897522.56805747,1777487507249149.0,1.79157512837139e-07,9104390.033454532,3.20545341969361e-08,1.39356754911811e-07,-1.6399994240292887e-08,1.359138367383812e-07,1.6056466050377928e-08,0.01777917279152752
593,6417.523298267657,ACTIVE_ONE_B,2,13,0.5999999999999995,LEFT,7.268124649186187e-21,1.9534423836516128e-21,7.268848279452184e-21,1.2016498019101175e-07,7.754801143581578e-08,1.2016896802075354e-07,1.0021059667458658,-8.046318380779812e-08,-1.5061934393628613e-10,8.053983404465641e-08,1.6100301785245453e-07,-1.6399994240292884e-08,1.6259223706594324e-08,3.265921794688721e-08,-1.808210692983946e-07,1.8081924228336283e-07,3.6164031158175744e-07,-0.0001141578299652668,1.3959465146649276e-07,8.548560574445581,7.288825919763421,3.1849881419904577e-13,211303.9764399808,24186423.194155358,0.019581076583532846,-0.0008293405551804689,0.3247611449709047,6960615.6816340145,8794389.961220767,2356350593210907.5,-3.255150371936922e-08,9440313.50092301,-7.926663882808231e-08,3987860.9291432234,7051047.312241281,3839928491039441.0,-2.2363628509490305e-09,8208518.309428469,-2.7333323733821485e-09,7615301.832202704,8896547.989841722,1777485275566440.0,1.79157512837139e-07,9108773.698841155,3.20545341969361e-08,1.3938857095128683e-07,-1.6399994240292887e-08,1.359100338284203e-07,1.6056040342198592e-08,0.017971552165239046
594,6456.33548052243,ACTIVE_ONE_B,2,13,0.6999999999999996,LEFT,7.268078251708554e-21,1.953523549349512e-21,7.268813511231881e-21,1.2016472449168015e-07,7.754908546310698e-08,1.201687764237882e-07,1.0021476043343818,-8.046187219909678e-08,-1.5591642606461788e-10,8.054016470010067e-08,1.6100203689919747e-07,-1.6399994240292884e-08,1.6259223706594324e-08,3.265921794688721e-08,-1.8082107332526693e-07,1.808192444276608e-07,3.6164031775292773e-07,-0.00011417489630027866,1.3969434478462606e-07,8.554665639073608,7.288414593605868,3.1852341064883233e-13,-946955.9832936479,24226134.92627669,0.019736481953243425,-0.000823242739036889,0.3338639137666444,6988750.271097502,8793308.923263997,2517335000887780.5,-3.255150371936922e-08,9431953.181935202,-7.926663882808231e-08,3343480.646033311,6369956.837593917,4025668596220111.0,-2.2363628509490305e-09,7490059.624295933,-2.7333323733821485e-09,7614595.599203848,8887610.839782005,1777467507329205.0,1.79157512837139e-07,9122873.788925024,3.20545341969361e-08,1.3949892614391844e-07,-1.639999424029289e-08,1.3589109140209982e-07,1.605418586378455e-08,0.01869854965930129
595,6927.812110325265,EVENT_TRANSPORT_PAUSED,2,13,0.7362499999999996,LEFT,7.268061372061834e-21,1.953554002955006e-21,7.268799937273093e-21,1.2016463146664668e-07,7.754948843358973e-08,1.2016870162171164e-07,1.002163226878476,-8.046140520534683e-08,-1.5780069474100759e-10,8.054029342958307e-08,1.610016986349299e-07,-1.6399994240292884e-08,1.6259223706594324e-08,3.265921794688721e-08,-1.808210748370157e-07,1.8081924523263748e-07,3.616403200696532e-07,-0.00011418130319107433,1.3973016292944001e-07,8.556859086869707,7.2882854070675736,3.1853272047697824e-13,-1307350.445107136,24255531.849747717,0.019792816399763512,-0.0008211400156945547,0.3372911763878137,7002127.451029787,8792883.569533445,2606340055297029.0,-3.255150371936922e-08,9428288.04836441,-7.926663882808231e-08,3192013.1742959036,6192943.242137168,4056581965125185.0,-2.2363628509490305e-09,7276526.163144385,-2.7333323733821485e-09,7614500.873662807,8883193.345409699,1777460837386856.0,1.79157512837139e-07,9136255.858752657,3.20545341969361e-08,1.395383090219478e-07,-1.6399994240292894e-08,1.358842290847057e-07,1.6053518553145514e-08,0.018959747721611686
596,6928.438346000645,ACTIVE_ONE_B,2,13,0.7574999999999994,LEFT,7.268051830118061e-21,1.953574509761268e-21,7.268788972410603e-21,1.201645788801957e-07,7.754975978293016e-08,1.2016864119752596e-07,1.002173746765362,-8.046115695242979e-08,-1.5877907557950416e-10,8.054039756368709e-08,1.6100155451611687e-07,-1.6399994240292884e-08,1.6259223706594324e-08,3.265921794688721e-08,-1.8082107614669582e-07,1.8081924593000505e-07,3.6164032207670085e-07,-0.00011418685366959558,1.3974639410425603e-07,8.557853058914134,7.2882695814197,3.185380971789456e-13,-1357920.2346133888,24292918.89292642,0.019825840040827013,-0.0008202441421978346,0.3389618831884236,7010546.59350279,8792514.486854335,2819770174195535.0,-3.255150371936922e-08,9424857.43565535,-7.926663882808231e-08,3130587.1729120607,5955684.204048522,4108638768058059.0,7.454542836496768e-10,6883522.1616697125,-2.7333323733821485e-09,7614495.746922224,8879174.96061077,1777455059217855.0,1.79157512837139e-07,9150103.437266905,3.20545341969361e-08,1.395568656681796e-07,-1.6399994240292894e-08,1.3588012271155063e-07,1.6053129401004372e-08,0.019078110954352745
597,6931.17201369738,EVENT_TRANSPORT_RECOVERY,2,13,0.7687499999999994,LEFT,7.26804691714525e-21,1.9535932240194487e-21,7.268775171125233e-21,1.201645518043733e-07,7.755000741133048e-08,1.2016856514254782e-07,1.0021833470842365,-8.046106288791139e-08,-1.5908942796914487e-10,8.054052831458297e-08,1.6100159120249437e-07,-1.6399994240292884e-08,1.6259223706594324e-08,3.265921794688721e-08,-1.8082107770776285e-07,1.8081924676121466e-07,3.616403244689775e-07,-0.00011419346949659293,1.397489557600921e-07,8.558009930755967,7.2883951199123365,3.1854398961743147e-13,-1642461.066363546,24253907.713974327,0.019843323144919447,-0.00082058965862708,0.3387922554555909,7014531.099883935,8792074.547426516,2999481454186062.0,-3.255150371936922e-08,9420333.973450014,-7.926663882808231e-08,3216337.836151246,6377277.0801377185,4023079063712137.0,7.454542836496768e-10,7317873.983742316,-2.7333323733821485e-09,7614737.351060937,8877113.564294344,1777448172241740.0,1.79157512837139e-07,9174848.696250347,3.20545341969361e-08,1.3954717481335925e-07,-1.6399994240292894e-08,1.3587587889701334e-07,1.6052949673797407e-08,0.01909679141768117
598,6933.626957639355,EVENT_TRANSPORT_PAUSED,2,13,0.7874999999999992,LEFT,7.268038023379149e-21,1.9536023754561523e-21,7.268774913454628e-21,1.2016450279002023e-07,7.755012850321855e-08,1.201685637225971e-07,1.0021880417245297,-8.04607937822988e-08,-1.6022792027710335e-10,8.054053073875921e-08,1.61001324521058e-07,-1.6399994240292884e-08,1.6259223706594324e-08,3.265921794688721e-08,-1.8082107773275962e-07,1.8081924677452435e-07,3.6164032450728397e-07,-0.00011419357543296371,1.3977262803440965e-07,8.5594595842263,7.288215398592657,3.185462364078175e-13,-1623957.7818773836,24325953.01505614,0.019872461651740184,-0.0008188144435115063,0.34143703481043874,7023299.465614278,8792067.64317229,2955128087985066.5,-3.255150371936922e-08,9420260.47340537,-7.926663882808231e-08,3095960.5769125023,5971027.416368549,4189452030819455.5,7.454542836496768e-10,6835842.919559401,-2.7333323733821485e-09,7614740.834540309,8877078.093795974,1777448061965724.0,1.79157512837139e-07,9175197.292309564,3.20545341969361e-08,1.3958478357698807e-07,-1.6399994240292897e-08,1.358740991787754e-07,1.6052584433841668e-08,0.019269417672176825
599,6936.04136959658,EVENT_TRANSPORT_PAUSED,2,13,0.8062499999999992,LEFT,7.268029622068297e-21,1.9536220717376367e-21,7.268763618483997e-21,1.2016445648959606e-07,7.755038912329935e-08,1.2016850147913714e-07,1.002198145816344,-8.046058688172467e-08,-1.6103476295741367e-10,8.054063773699735e-08,1.61001224618722e-07,-1.6399994240292884e-08,1.6259223706594324e-08,3.265921794688721e-08,-1.8082107903844711e-07,1.808192474697415e-07,3.616403265081886e-07,-0.00011419910892285223,1.3978575878541305e-07,8.560263691111208,7.28822890968251,3.185515812121949e-13,-1751180.8035293892,24350229.946536757,0.019901600158560913,-0.0008181934291333626,0.3426738946967127,7031523.744131421,8789422.356013605,3136607242422129.5,-3.255150371936922e-08,9416267.054416303,-7.926663882808231e-08,3118241.945281132,6042972.4238496255,4230500603431420.0,7.454542836496768e-10,6809712.993267454,-2.7333323733821485e-09,7615024.201150068,8875067.773104006,1777442301892489.0,1.79157512837139e-07,9197164.745458389,3.20545341969361e-08,1.3959769401613514e-07,-1.6399994240292897e-08,1.3587002177688677e-07,1.6052248409673606e-08,0.01936517156274231
600,6936.46719049196,ACTIVE_ONE_B,2,13,0.817499999999999,LEFT,7.268024991192866e-21,1.953637924500604e-21,7.26875239659646e-21,1.2016443096838528e-07,7.755059888488857e-08,1.2016843963835404e-07,1.0022062782027874,-8.04604960958502e-08,-1.6135196471308954e-10,8.054074398585146e-08,1.6100124008170165e-07,-1.6399994240292884e-08,1.6259223706594324e-08,3.265921794688721e-08,-1.8082108033805556e-07,1.8081924816171047e-07,3.6164032849976604e-07,-0.00011420461661870718,1.397886069799836e-07,8.56043811014201,7.2883192067734175,3.185558152023126e-13,-1880747.207955461,24349640.48079707,0.019919083262653355,-0.0008182895503359155,0.3428042398122686,7035691.829185753,8784075.624920284,3115555410283496.5,-3.255150371936922e-08,9412120.58972275,-7.926663882808231e-08,3190663.618213618,6281241.400085018,4201865920577791.5,7.454542836496768e-10,7011624.70087279,-2.7333323733821485e-09,7615392.4439572785,8872819.801594382,1777436568856006.0,1.79157512837139e-07,9220663.012475379,3.20545341969361e-08,1.3959586612601504e-07,-1.6399994240292897e-08,1.358666835912463e-07,1.605205812772824e-08,0.019385941563722753
601,6937.924448002642,EVENT_TRANSPORT_RECOVERY,2,13,0.8237499999999991,LEFT,7.268022226719691e-21,1.9536517955772107e-21,7.268741289993029e-21,1.2016441573309607e-07,7.755078242414434e-08,1.2016837843280775e-07,1.0022133939942484,-8.04604630630828e-08,-1.614266640518804e-10,8.054084909076787e-08,1.6100131215385066e-07,-1.6399994240292884e-08,1.6259223706594324e-08,3.265921794688721e-08,-1.8082108162845663e-07,1.8081924884876558e-07,3.616403304772222e-07,-0.00011421008526202314,1.3978687805361498e-07,8.56033223336496,7.28844606737933,3.185594139627691e-13,-1999303.8461631527,24334598.22286524,0.019928796098260267,-0.0008188548688583541,0.34240961922262575,7037876.485976943,8778767.052397508,3012324679140078.0,-3.255150371936922e-08,9407907.510912415,-7.926663882808231e-08,3287895.0259993053,6588359.882773419,4134682024616913.5,7.454542836496768e-10,7308015.207741936,-2.7333323733821485e-09,7615818.891403874,8870319.270381473,1777430876651641.0,1.79157512837139e-07,9244626.385027084,3.20545341969361e-08,1.3958467016159531e-07,-1.6399994240292897e-08,1.358638847908919e-07,1.6051964283226277e-08,0.019373333646151902
602,6948.649149727804,EVENT_TRANSPORT_PAUSED,2,13,0.8412499999999992,LEFT,7.268013956677742e-21,1.953660286944387e-21,7.268741068667802e-21,1.2016437015604158e-07,7.755089477975377e-08,1.2016837721314249e-07,1.002217750022245,-8.046021341064843e-08,-1.62483370802355e-10,8.054085117108296e-08,1.610010645817314e-07,-1.6399994240292884e-08,1.6259223706594324e-08,3.265921794688721e-08,-1.8082108165033742e-07,1.808192488604156e-07,3.61640330510753e-07,-0.00011421017799118083,1.398088815473465e-07,8.561679693292954,7.288278986562088,3.185615582377193e-13,-1974203.7589950925,24402245.606519092,0.019955992037959617,-0.000817198604825542,0.344844801295461,7046579.504158118,8778678.032375483,3141403301083529.0,-3.255150371936922e-08,9407836.088434897,-7.926663882808231e-08,3174705.9412770784,6208685.45397252,4291345042860791.0,7.454542836496768e-10,6841399.562510755,-2.7333323733821485e-09,7615825.961240117,8870274.697974574,1777430780133061.0,1.79157512837139e-07,9245004.609019313,3.20545341969361e-08,1.3961996418795405e-07,-1.6399994240292897e-08,1.358622448256165e-07,1.605162474209468e-08,0.019533790586526267
603,6953.399831107466,ACTIVE_ONE_B,2,13,0.8687499999999986,LEFT,7.268001967302536e-21,1.9536947461193826e-21,7.26871859886801e-21,1.201643040812963e-07,7.755135073144619e-08,1.2016825338784113e-07,1.0022354274030376,-8.04599573736726e-08,-1.6344056004061823e-10,8.054106360599422e-08,1.6100102097966684e-07,-1.6399994240292884e-08,1.6259223706594324e-08,3.265921794688721e-08,-1.808210842597879e-07,1.8081925024974312e-07,3.61640334509531e-07,-0.00011422123658832994,1.3982191860016336e-07,8.562478062245821,7.288402734234981,3.185700183634353e-13,-2155051.775959283,24439479.07052035,0.019998728514630026,-0.000816927565026937,0.34598948346561664,7057733.33903454,8768221.053516358,3048412470816967.5,-3.255150371936922e-08,9399243.117671143,-7.926663882808231e-08,3293529.0112860776,6528959.410016964,4260555181024893.0,7.454542836496768e-10,7011221.070829334,-2.7333323733821485e-09,7616834.789074378,8864434.22259431,1777419270022692.0,1.79157512837139e-07,9294282.255261166,3.20545341969361e-08,1.3962887024826384e-07,-1.6399994240292897e-08,1.3585540452748988e-07,1.605114516352808e-08,0.019628861198130787
604,6954.77786339326,EVENT_TRANSPORT_RECOVERY,2,13,0.8724999999999985,LEFT,7.268001014295699e-21,1.953706725541389e-21,7.268707572452842e-21,1.2016429882916927e-07,7.755150923769195e-08,1.2016819262400298e-07,1.0022415727853489,-8.045998297708831e-08,-1.6327094890554962e-10,8.05411677680845e-08,1.610011507451728e-07,-1.6399994240292884e-08,1.6259223706594324e-08,3.265921794688721e-08,-1.8082108554757124e-07,1.8081925093536856e-07,3.616403364829398e-07,-0.00011422669403882146,1.3981546681518846e-07,8.562082964911562,7.288564232533987,3.185726920102242e-13,-2236052.6566542657,24425270.580391876,0.020004556215994174,-0.0008177342152841938,0.3451225916914028,7057664.211761003,8763273.449713862,2892413042104977.0,-3.255150371936922e-08,9395054.258498145,-7.926663882808231e-08,3411819.628614187,6880397.871979265,4608152550262783.0,-1.7393933285159125e-09,7355645.904585134,-2.7333323733821485e-09,7617396.004946265,8861228.559727486,1777413590025211.0,1.79157512837139e-07,9318886.45980883,3.20545341969361e-08,1.396140250772379e-07,-1.6399994240292897e-08,1.3585302934638257e-07,1.605109776198496e-08,0.019581812593502113
605,6956.282987076868,EVENT_TRANSPORT_PAUSED,2,13,0.8874999999999982,LEFT,7.26799337630522e-21,1.9537146081040464e-21,7.268707327880664e-21,1.2016425673533494e-07,7.755161353581077e-08,1.2016819127622568e-07,1.0022456164997366,-8.045975308312898e-08,-1.6424408784857422e-10,8.054117006568813e-08,1.610009231488171e-07,-1.6399994240292884e-08,1.6259223706594324e-08,3.265921794688721e-08,-1.8082108557258773e-07,1.8081925094868742e-07,3.6164033652127514e-07,-0.00011422680005490626,1.3983549034297914e-07,8.563309174787332,7.288410712509376,3.185747021758645e-13,-2212972.296961692,24483260.517677844,0.02002786702145076,-0.0008163194274524166,0.34734911059265844,7065912.768767514,8763179.533358032,3008992475933879.5,-3.255150371936922e-08,9394974.025414579,-7.926663882808231e-08,3307098.6534222886,6538887.967836468,4300614541499827.5,7.454542836496768e-10,6934494.964661114,-2.7333323733821485e-09,7617406.691472401,8861164.70655117,1777413479687809.0,1.79157512837139e-07,9319335.048446365,3.20545341969361e-08,1.396442962173527e-07,-1.6399994240292897e-08,1.358516194331493e-07,1.6050807968999432e-08,0.01972783095058639
606,6957.800773003002,EVENT_TRANSPORT_PAUSED,2,13,0.9024999999999979,LEFT,7.267986663720427e-21,1.9537325279284284e-21,7.268696120641074e-21,1.2016421974149226e-07,7.755185064090286e-08,1.2016812951584464e-07,1.0022548092781296,-8.045960656566963e-08,-1.6480416384569206e-10,8.054127585713246e-08,1.610008824228021e-07,-1.6399994240292884e-08,1.6259223706594324e-08,3.265921794688721e-08,-1.808210868793059e-07,1.8081925164438112e-07,3.61640338523687e-07,-0.00011423233771323815,1.3984400377381187e-07,8.563830524125615,7.2884556206560775,3.185787787295529e-13,-2269998.3223432545,24514472.821281165,0.020051177826907345,-0.0008160662657954454,0.34817215459361756,7072082.043626051,8758341.54317428,2956308749250453.0,-3.255150371936922e-08,9390798.816948863,-7.926663882808231e-08,3352278.3097555665,6639116.038655996,4450445144521947.5,-1.7393933285159125e-09,6941937.937427504,-2.7333323733821485e-09,7618016.0294076055,8857741.633992704,1777407716403617.0,1.79157512837139e-07,9344434.430680117,3.20545341969361e-08,1.3965253012310227e-07,-1.6399994240292897e-08,1.3584824493302394e-07,1.6050542861529746e-08,0.019789913776167678
607,6958.445607654526,ACTIVE_ONE_B,2,13,0.9137499999999976,LEFT,7.267981835181917e-21,1.9537485161885797e-21,7.268684960919432e-21,1.201641931308357e-07,7.755206218739371e-08,1.201680680172604e-07,1.0022630111739366,-8.045951779625935e-08,-1.6512058860887247e-10,8.0541381131181e-08,1.6100089892744036e-07,-1.6399994240292884e-08,1.6259223706594324e-08,3.265921794688721e-08,-1.8082108817993995e-07,1.808192523368229e-07,3.6164034051676285e-07,-0.00011423784955266747,1.3984743283379152e-07,8.56404051445577,7.2885377744506465,3.185822688339032e-13,-2329556.892640995,24532248.74670264,0.020068660930999783,-0.0008161688621717289,0.34845714073380485,7076170.088563602,8753727.801888788,2926670349609343.0,-3.304847324180234e-08,9386744.440795356,-7.926663882808231e-08,3428867.5559387556,6828206.522469864,4719366376329698.0,-1.7393933285159125e-09,7032062.212741263,-2.7333323733821485e-09,7618651.201432508,8861188.519159649,1777401980179135.0,1.79157512837139e-07,9369228.192680947,3.20545341969361e-08,1.396534560541927e-07,-1.6399994240292897e-08,1.358452695718029e-07,1.605034971982037e-08,0.019814919644754125
608,6960.152035847608,EVENT_TRANSPORT_RECOVERY,2,13,0.9174999999999975,LEFT,7.267980169946989e-21,1.953761290656204e-21,7.268673851686735e-21,1.2016418395352298e-07,7.755223121019616e-08,1.2016800679684626e-07,1.0022695644105897,-8.045952514294231e-08,-1.6503052390955004e-10,8.054148585360145e-08,1.6100101099654378e-07,-1.6399994240292884e-08,1.6259223706594324e-08,3.265921794688721e-08,-1.8082108947135915e-07,1.8081925302434594e-07,3.616403424957051e-07,-0.00011424332230580703,1.3984290053630243e-07,8.56376296356668,7.288683265043418,3.1858489683669275e-13,-2405094.2849095017,24520536.276452865,0.02007448863236393,-0.0008169825382684515,0.3478267243568122,7076483.905067574,8753115.455471363,3025332601081962.0,-3.304847324180234e-08,9382839.536557756,-7.926663882808231e-08,3538489.0900833993,7146483.815118343,5142451639116338.0,-1.7393933285159125e-09,7319146.097093856,-2.7333323733821485e-09,7619303.233495783,8856322.597946463,1777396284819022.0,1.79157512837139e-07,9393514.390405606,3.20545341969361e-08,1.3963936104249753e-07,-1.6399994240292897e-08,1.3584299640635558e-07,1.6050301246641378e-08,0.019781868594005436
609,6963.694209929886,EVENT_TRANSPORT_PAUSED,2,13,0.9312499999999972,LEFT,7.267973796607969e-21,1.9537678488613833e-21,7.268673666820575e-21,1.2016414882926156e-07,7.755231798348447e-08,1.2016800577809107e-07,1.0022729287363545,-8.045933362055687e-08,-1.658415848756719e-10,8.054148758697795e-08,1.610008212075348e-07,-1.6399994240292884e-08,1.6259223706594324e-08,3.265921794688721e-08,-1.8082108949012892e-07,1.8081925303433844e-07,3.6164034252446737e-07,-0.00011424340184773563,1.3985960932952477e-07,8.564786184223678,7.288555012939189,3.1858659400600635e-13,-2380447.9515072433,24573905.236621786,0.020095856870699133,-0.000815685738545735,0.3496717480840976,7083526.697682762,8753255.932997525,3036487099283427.0,-3.304847324180234e-08,9382784.142842665,-7.926663882808231e-08,3451266.48321072,6859732.176203519,4844018773637512.0,-1.7393933285159125e-09,6960236.503309539,-2.7333323733821485e-09,7619312.358990732,8856252.605315998,1777396202043437.0,1.79157512837139e-07,9393840.377050508,3.20545341969361e-08,1.3966722590757433e-07,-1.63999942402929e-08,1.3584171981091654e-07,1.6050036363079667e-08,0.019903714782184334
610,6969.732746687123,ACTIVE_ONE_B,2,13,0.9599999999999966,LEFT,7.267956557042166e-21,1.9538187402664436e-21,7.268640014981318e-21,1.2016405381977442e-07,7.755299133406748e-08,1.201678203301978e-07,1.0022990357672523,-8.04589928117238e-08,-1.6711229396462637e-10,8.054180436694636e-08,1.6100079717867017e-07,-1.6399994240292884e-08,1.6259223706594324e-08,3.265921794688721e-08,-1.808210933998239e-07,1.8081925511569273e-07,3.6164034851551663e-07,-0.00011425997005942712,1.398775849652047e-07,8.565886984353623,7.288738620466493,3.185971020198046e-13,-2525697.508721452,24616880.986581445,0.020140535914490925,-0.000816479038492357,0.3513986590062801,7097559.784498595,8775153.471879194,3380228007401418.0,-3.304847324180234e-08,9371800.721752124,-7.926663882808231e-08,3562995.5310326247,7034289.278259947,4967199905644254.0,-1.7393933285159125e-09,7054714.527846785,-2.2363628509490305e-09,7621415.477317211,8842865.36558437,1777378961057834.0,1.79157512837139e-07,9466067.621865746,3.20545341969361e-08,1.3966244955375963e-07,-1.6399994240292897e-08,1.3583363720576596e-07,1.6049550223078836e-08,0.0200347992153056
611,6973.336530806946,EVENT_TRANSPORT_RECOVERY,2,13,0.9724999999999964,LEFT,7.267956090145157e-21,1.9538303290930324e-21,7.26862889305174e-21,1.2016405124664225e-07,7.755314466565561e-08,1.2016775903956138e-07,1.002304980776109,-8.045903921866665e-08,-1.6685886813818763e-10,8.054190892030592e-08,1.6100094813897256e-07,-1.6399994240292884e-08,1.6259223706594324e-08,3.265921794688721e-08,-1.8082109468879033e-07,1.8081925580185605e-07,3.616403504906464e-07,-0.00011426543226900066,1.3987020263169577e-07,8.565434901666222,7.288904827141457,3.185991166881079e-13,-2568023.8566046907,24642593.170344457,0.020159961585704746,-0.0008164747716259413,0.350463158963795,7095994.975428101,8770969.750350753,3483031039645683.0,-3.304847324180234e-08,9368465.957438117,-7.926663882808231e-08,3649536.293761056,7265797.373098549,5104578916462240.0,-1.7393933285159125e-09,7333634.644907527,-2.7333323733821485e-09,7622143.399146323,8840624.245156117,1777373277425694.0,1.79157512837139e-07,9489363.735079126,3.20545341969361e-08,1.3966710641866474e-07,-1.63999942402929e-08,1.3583073111878207e-07,1.604933172767643e-08,0.01998096473510369
612,6975.471252689943,EVENT_TRANSPORT_PAUSED,2,13,0.984999999999996,LEFT,7.267949712760426e-21,1.9538369183774296e-21,7.268628681152071e-21,1.201640161000068e-07,7.755323184810676e-08,1.2016775787182585e-07,1.0023083610453538,-8.045884809691493e-08,-1.6766829800910872e-10,8.054191090367073e-08,1.6100075900058564e-07,-1.6399994240292884e-08,1.6259223706594324e-08,3.265921794688721e-08,-1.8082109471069984e-07,1.8081925581351916e-07,3.61640350524219e-07,-0.00011426552511384358,1.398865957453266e-07,8.566438790593232,7.288776984706462,3.1860082794659117e-13,-2545320.932424333,24690910.35341248,0.02017938725691857,-0.0008152990467882315,0.3522915543303463,7103146.362570908,8770899.000360485,3491592583779902.0,-3.304847324180234e-08,9368410.961407438,-7.926663882808231e-08,3569788.630581799,7002493.264532276,4885391371845062.0,-1.7393933285159125e-09,7034430.420514833,-2.2363628509490305e-09,7622155.357071905,8840682.383864565,1777373180818465.0,1.79157512837139e-07,9489730.833473705,3.20545341969361e-08,1.396924778766921e-07,-1.63999942402929e-08,1.358295687198901e-07,1.604909198096948e-08,0.020100508880615653
613,6979.31753562319,ACTIVE_ONE_B,2,13,1.0,LEFT,7.267943626387896e-21,1.9538653642164293e-21,7.268606321685603e-21,1.2016398255716e-07,7.755360821115261e-08,1.2016763465327365e-07,1.0023229536154903,-8.04587881457151e-08,-1.6781009017718064e-10,8.054212089198381e-08,1.610009090376989e-07,-1.6399994240292884e-08,1.6259223706594324e-08,3.265921794688721e-08,-1.8082109730479245e-07,1.808192571944053e-07,3.616403544991977e-07,-0.00011427651789430726,1.3988488367318363e-07,8.566333945942894,7.289002129027871,3.1860592606275216e-13,-2623770.661873026,24708135.29833177,0.020202698062375162,-0.0008162317097104577,0.351941453512413,7105736.813345192,8762595.745344212,3627964547730775.0,-3.304847324180234e-08,9362141.135694195,-7.926663882808231e-08,3688395.644027174,7249142.492313062,4943896594061719.0,-1.7393933285159125e-09,7258015.608951482,-2.7333323733821485e-09,7623669.30974209,8842427.035664551,1777361742998854.0,1.79157512837139e-07,9536005.43367838,3.20545341969361e-08,1.3968244105544697e-07,-1.63999942402929e-08,1.358248765793588e-07,1.604884513839001e-08,0.020088023869775373
614,6979.319093617508,FACILITATED_WINDOW,2,13,0.0,LEFT,7.267946414988545e-21,1.9539030456279553e-21,7.268565851673426e-21,1.2016399792552893e-07,7.755410676318418e-08,1.2016741163048e-07,1.0023422839871672,-8.04591132702161e-08,-1.662377888672838e-10,8.054250086933969e-08,1.6100161413955578e-07,-1.6399994240292884e-08,1.6259223706594324e-08,3.265921794688721e-08,-1.8082110243861656e-07,1.8081925992706818e-07,3.616403623656847e-07,-0.00011429827261788539,1.3984492529698506e-07,8.563886956779617,7.289671678129472,3.186071739566099e-13,-2198325.6004049256,24766412.303697616,0.020202698062375162,-0.0008206147743006209,0.3478306257868991,7097560.6903035175,8746376.624655461,3068068993994732.0,-3.354544276423546e-08,9351110.071540622,-7.926663882808231e-08,4123346.3222000785,7887184.59905183,4578793152018276.0,-1.7393933285159125e-09,7887350.477103137,-2.2363628509490305e-09,7627400.226322322,8839813.324002344,1777339109794511.0,1.79157512837139e-07,9640858.127656596,3.20545341969361e-08,1.3962118227865298e-07,-1.6399994240292897e-08,1.3582133544789703e-07,1.6048888659282196e-08,0.019796633835748034
615,6979.3265356231905,FACILITATED_WINDOW,2,13,0.0,LEFT,7.267956556111964e-21,1.9540519579180234e-21,7.268406798259939e-21,1.2016405381464796e-07,7.755607691659806e-08,1.2016653510835198e-07,1.0024186752314894,-8.046050622074559e-08,-1.5964077490251368e-10,8.05439928172481e-08,1.610044990379937e-07,-1.639999424029289e-08,1.6048908261992615e-08,3.2448902502285505e-08,-1.8082112699769995e-07,1.8081927299589214e-07,3.6164039999359206e-07,-0.00011440233237469677,1.39705992465881e-07,8.610830055410407,7.291912262623993,3.1860138539121316e-13,-126582.26507556997,25061427.767223664,0.020202698062375162,-0.0008385479226329373,0.33459037748805726,7070181.354400335,8884344.383044112,2958227581111667.5,-3.4042412286668574e-08,9342055.37407583,-7.926663882808231e-08,6225701.26023446,9854151.347574178,4696053067989785.0,-1.2424238060827948e-09,9889308.392345827,-2.7333323733821485e-09,7652779.343708247,8953024.119638687,1777230890673738.0,1.79157512837139e-07,9987319.008977383,3.20545341969361e-08,1.3942869550724746e-07,-1.639999424029289e-08,1.3581977809857094e-07,1.6048908261992615e-08,0.025386667217447423
