x,sigma_GB_MPa,r_TJ_nm,two_contact_characteristic_wait_s
0.009856407166988546,18.017586172252564,137.60156229319193,9.599582538025953
0.009860466034842919,18.01782821123336,137.6012840130009,9.599505621668651
0.00986857515312678,18.01831093201489,137.60072805186786,9.599352291551988
0.009884758677398908,18.01927418306182,137.59961826422926,9.599046371108466
0.009890675258247938,18.01962650939158,137.59921245524245,9.598934472786523
0.009902489429466699,18.0203295269338,137.59840191865266,9.598711260405587
0.009905070272934635,18.02048342095959,137.5982248006404,9.598662377910845
0.009910227909155411,18.020790339783538,137.59787078545304,9.598564945122718
0.00991618051783194,18.021144254026964,137.59746194335415,9.598452639520298
0.009922425277301139,18.021517974199696,137.5970326641956,9.598333881916163
0.00992897844027818,18.0219167464219,137.59658196948024,9.59820665376428
0.00993594799012798,18.02234765929739,137.59610318813588,9.598068600792296
0.009945331052965911,18.022916307750158,137.59546160166408,9.597887109400771
0.009959396725779834,18.023704510075113,137.59450533840652,9.597640228402977
0.00998187550178331,18.024897889378174,137.5929742403002,9.597272274101302
0.009986570354955648,18.025149129725826,137.59265317861227,9.59719472440731
0.00999592874476718,18.02565458697925,137.5920115214857,9.597038412998717
0.010005710751294639,18.02619415053594,137.59133838069837,9.596870737091225
0.010015941981671328,18.026773025025843,137.59063251320757,9.59668971456882
0.010029262665816607,18.027540881408594,137.5897135739696,9.596448395651702
0.010043215760205837,18.028344301364733,137.58875286248423,9.596195860161371
0.010057819210563923,18.029178405507338,137.58774861376378,9.595934173772664
0.010080391414785894,18.030450259019066,137.58619672471949,9.595536619475936
0.01011820693405463,18.03259306790819,137.5835898538057,9.594866371287308
0.010156018369256392,18.03479377644939,137.58097667859977,9.594173655153039
0.010163540757760825,18.035236995526986,137.58045658504616,9.594033725356729
0.010178548497371431,18.036125306116656,137.5794188703464,9.593752963296335
0.010197219330743912,18.037241566118322,137.57812761798212,9.593399292857928
0.010201132777146626,18.037476846897096,137.5778569982597,9.593324643729444
0.010208952453511944,18.037946944593365,137.57731636110742,9.59317549187584
0.010219381540587658,18.038576317118153,137.57659526519555,9.592975624587224
0.010230316204361878,18.039240123298896,137.57583924493431,9.592764517057153
0.010241782790630927,18.039937314026343,137.57504674893963,9.592542696070002
0.010255317043933898,18.040758997348924,137.57411203158293,9.592281330740368
0.010274722238810985,18.0419316988042,137.57277337949628,9.591908662877067
0.010311365539508843,18.044123293362524,137.57024887615393,9.591213882438606
0.010348149798442119,18.046304626704575,137.56771548928424,9.590523913897005
0.01038474234261677,18.04845974349854,137.56519416780068,9.589843632286758
0.01042112503437409,18.050584098212973,137.56268551850633,9.589174796163766
0.010457285467447619,18.052686287908294,137.56019019945433,9.58851394092172
0.010464490011185323,18.053104311926724,137.55969275364416,9.58838262837795
0.01047887016488347,18.053937610453524,137.55869950435456,9.588120993083642
0.010482783194669332,18.054164605925465,137.5584290960722,9.588049713905262
0.01049059865937596,18.05461734790773,137.5578887233389,9.587907624206055
0.010492237804962112,18.05471251475436,137.55777530703526,9.587877745538886
0.010495513457907668,18.054902597753852,137.5575485517733,9.587818082991335
0.010499306195206781,18.055122382083958,137.55728581809242,9.58774913710095
0.010503287132248573,18.055352937954307,137.55700994132528,9.587676832032908
0.01050412330268835,18.055401500066203,137.55695199530567,9.587661591243812
0.010505796353452834,18.055498788686467,137.5568360915966,9.58763104538187
0.010507925319398148,18.055622671968496,137.55668864623595,9.587592140012683
0.010510161418569308,18.0557527866387,137.55653375768082,9.587551279937651
0.0105125090206718,18.055889789391784,137.55637098897677,9.587508234965748
0.010514972798896682,18.056035143618253,137.55619986377542,9.58746245741178
0.010517558166078245,18.056191247929863,137.5560199053091,9.587413028374332
0.010520271279433113,18.05636104601837,137.5558307117768,9.587358807385472
0.010523388398680722,18.05656446032525,137.55561325351317,9.5872932121631
0.010527604258990908,18.056847312898363,137.55532004939892,9.58720136248004
0.010533408409918787,18.05722270853133,137.55492010367155,9.587080218208058
0.010541576717435053,18.05768445749238,137.5543643356488,9.586935659595403
0.01055307408563455,18.058234495845735,137.55358681200445,9.586771516111444
0.010569440101115823,18.0589721337298,137.55247266647373,9.586556378477475
0.010593006593489607,18.060112886459134,137.5508465187114,9.58621694287835
0.010627505535166448,18.061952836789125,137.54844219355243,9.585654292784177
0.010661564534168666,18.063863506472295,137.5460627615177,9.585061927290875
0.010695332598928964,18.065823472224803,137.5437058707344,9.584448520373428
0.010728882303684517,18.067785310151486,137.5413678554484,9.583833147774467
0.010762247336990605,18.069740520609027,137.5390458866024,9.583219378254975
0.010795442506261188,18.07168010599502,137.5367380694358,9.58261091130675
0.010828473506189096,18.07360575528644,137.53444319684164,9.58200715907164
0.01086134170410935,18.075520202267132,137.53216051770923,9.581407087974375
0.010894046489458131,18.077423222968303,137.52988957202948,9.580810817243995
0.010926586437239094,18.0793119335236,137.52763008132627,9.58021950780901
0.010958959891684827,18.08118264874423,137.52538187900873,9.579634629862321
0.010991165267281167,18.08304150181612,137.52314486869858,9.57905375704943
0.010997586407296644,18.0834118745473,137.5226987670114,9.578938055805098
0.011005846077310477,18.083888570905756,137.5221249521228,9.578789120416246
0.011019187126707797,18.084658377190454,137.52119801443817,9.578548640148382
0.011040703975290334,18.085898818860166,137.51970268921204,9.578161285139327
0.011069101348498478,18.087533571664004,137.51772856537642,9.57765109544311
0.011075047612786881,18.087875728642434,137.5173150930523,9.577544339617896
0.011082692573590291,18.088315052646315,137.51678350220826,9.577407319677105
0.01109519608338927,18.08903299837351,137.51591394993284,9.577183468214526
0.011116110279531743,18.090232855400913,137.51445911151083,9.57680949919522
0.011145495020528418,18.09191596622481,137.5124142942892,9.57628524914563
0.011151658524023,18.092268735033354,137.51198527292186,9.5761754091341
0.011159796751979867,18.09273393255472,137.51141877790977,9.576030618992911
0.011172890885192244,18.09348203743027,137.51050713460768,9.575797830732814
0.011193891262676559,18.094680685382635,137.50904464144503,9.57542500103606
0.011199541212913555,18.095002860292418,137.50865106310476,9.57532483087482
0.011209379286206467,18.09556347495294,137.50796545263918,9.575150583300513
0.01121184270364306,18.095704142786946,137.50779369189226,9.575106843923985
0.01121676411846495,18.095984727675653,137.50745036052118,9.575019650622995
0.011222417568454213,18.09630767957627,137.50705544063848,9.574919276249823
0.01122834826217689,18.096649071773555,137.50664079806307,9.574812976442233
0.011229594065497395,18.09672123646002,137.50655374516853,9.574790465289563
0.011232087759528997,18.096865857033855,137.50637966650106,9.574745326172438
0.011235484332804635,18.09706371821962,137.5061427608667,9.574683482733278
0.011239829763748377,18.097320375135673,137.50583987157748,9.574602956134772
0.011245704641383414,18.097666986286626,137.50543151120414,9.574494160904813
0.011254949994357388,18.098177902886107,137.50479289179637,9.574336352456726
0.011269566460653246,18.098911241443037,137.5037856828304,9.574116161115358
0.011292974227143038,18.100085657772407,137.50216039040495,9.573764413634082
0.011322996710578348,18.101691837735146,137.50005920217106,9.573274933196076
0.011352705427916554,18.103352821770613,137.49797523497662,9.572762624860125
0.01138220199766593,18.105037085904165,137.49590724981456,9.572240056812902
0.011411540293657763,18.10672414434104,137.49385267204673,9.571715517270277
0.011440748074741713,18.108409133939197,137.49180920240113,9.571191090795768
0.011446575377094925,18.108745470136956,137.49140167633888,9.571086394110603
0.011458215391123017,18.109417747005796,137.49058762122192,9.570877095929832
0.011473089026343142,18.11028201937213,137.48954704302463,9.570607625046184
0.011476208802050136,18.110463801377115,137.48932876547482,9.570550908788949
0.011482443209085313,18.110826433504833,137.4888924523915,9.570437830418188
0.011490142992440111,18.11127655289339,137.4883529204038,9.5702973332484
0.011498218983760466,18.111754323454015,137.48778644968436,9.570147778602577
0.011506932572727169,18.11227363494881,137.4871759739825,9.569984861446544
0.0115174266787883,18.11289057887475,137.4864434329471,9.569791831356682
0.011528456553498767,18.11352232600891,137.48567584559854,9.569595395001693
0.01154002997199921,18.114174896473322,137.48487098963986,9.569393326787997
0.01155956624949317,18.115255770590608,137.48351172957325,9.569060476863596
0.011588279119183809,18.11682498253331,137.4815078507357,9.56857941814358
0.011616771439505014,18.11840151296217,137.4795128587607,9.568094905498905
0.0116450696534387,18.119981782362718,137.47752823187375,9.567608252076926
0.011673196174933453,18.121573813632725,137.47555420228406,9.567116270876047
0.011701163726066666,18.12316478580318,137.47359049605754,9.566624049994704
0.011728979440356557,18.124748831904302,137.47163677667865,9.566133931509908
0.011734525084449499,18.12506483022534,137.47124718090438,9.566036155557097
0.011745598664791967,18.12569557860578,137.47046918032493,9.565841021164324
0.01176767517098809,18.126954561553283,137.46891767349362,9.565451461329095
0.011772648586794165,18.12723814367857,137.46856801598483,9.565363732226379
0.011774406013114747,18.12733834362127,137.46844442588693,9.565332737793506
0.011777917937400129,18.12753828115178,137.4681973405122,9.565270925740824
0.011778907783026149,18.127594726934745,137.4681276543985,9.565253470421418
0.011780886115342226,18.12770756695773,137.4679883049472,9.565218578790445
0.011783948069068906,18.1278822570014,137.46777241120765,9.565164574311524
0.011787160566149368,18.128065875222823,137.4675456907565,9.565107796089066
0.01178783522817406,18.12810459139394,137.46749806724085,9.565095811837704
0.011789185372547695,18.12818216943374,137.46740280811593,9.565071786714254
0.011791002647659976,18.12828661231841,137.46727469424698,9.565039432798212
0.011792912961745672,18.128396337891445,137.46714009605364,9.565005443013893
0.01179331434748121,18.128419453411937,137.4671118141594,9.564998277423935
0.011794117219974587,18.12846578239353,137.46705523278857,9.564983908808484
0.01179536526805347,18.128538081118837,137.46696721724211,9.564961466296635
0.011796721775466534,18.128617165282886,137.4668714310658,9.564936883549773
0.011798167569743279,18.12870237492664,137.46676916624375,9.564910331467672
0.011799784243297529,18.128799698288052,137.46665458162767,9.564879850489055
0.011801707854515064,18.12891995600347,137.46651795875667,9.56484184157407
0.011804158475954174,18.129081473895937,137.466343740123,9.564790146781718
0.011807534726480662,18.129312943908886,137.46610451106426,9.56471533792591
0.011812176787717621,18.12961877978926,137.46577921303177,9.56461713758813
0.011818685166956944,18.129984157079956,137.46533009249097,9.564504031072726
0.011827801819080386,18.130400146168782,137.4647058704975,9.564383115495788
0.01184070860034736,18.130942563990608,137.463815810366,9.564230753157842
0.011859209117943137,18.13178930927262,137.46252002854422,9.56398640414304
0.011885705737376018,18.13315868468549,137.46064237627124,9.563576111044474
0.011911859495661536,18.134603913278024,137.4587836435294,9.56313458588943
0.011937809146955525,18.136079809310658,137.45694166827997,9.56267983271824
0.011963624216144497,18.137588441718616,137.45511304835682,9.562211274772737
0.011989337706855618,18.13909994920792,137.45329511937047,9.56174089198196
0.012014964351455992,18.140610849966908,137.4514860826097,9.561270184527077
0.012040509764040253,18.14211975031048,137.44968479257273,9.560799782277797
0.012065975032641951,18.14362578443568,137.44789054580576,9.560330075735282
0.012091359055509732,18.145128273900397,137.44610292642759,9.559861361275663
0.012116659739159763,18.146626934845504,137.444321702249,9.559393766781564
0.012121709899819755,18.146926281444756,137.44396619184963,9.559300355378957
0.012123729011416673,18.14704601398065,137.44382406321552,9.559262988575023
0.012127765602240936,18.147285163431494,137.44353993424386,9.559188371626053
0.012135832107694422,18.1477630519999,137.44297215537028,9.559039270421398
0.012151937616279973,18.148717965132384,137.44183849391632,9.558741293387008
0.012177027804841645,18.150207007451726,137.44007226333994,9.558276579402836
0.012182035170002936,18.15050339310687,137.4397197458444,9.558184153648437
0.012192038919614068,18.151093673015247,137.43901550548125,9.55800023610384
0.01221200091670016,18.15229748351559,137.4376100146767,9.557623045363359
0.012216982126666553,18.152598807990245,137.43725925528528,9.55752856373961
0.01222693319472501,18.153200718390792,137.4365585252245,9.557339843488514
0.012230909340867235,18.15344155862142,137.43627850683077,9.557264308782077
0.012238854277552003,18.153922673920583,137.43571897112597,9.5571134316091
0.012242029478277239,18.15411522247938,137.43549533099653,9.557053029766427
0.0122483751423349,18.154498873227336,137.43504837572002,9.556932776666711
0.012250911618776561,18.15465237054976,137.43486970434054,9.556884654107016
0.012251925923646545,18.154713765611877,137.43479825431504,9.556865405477149
0.012253954045846394,18.15483645511818,137.43465538957517,9.556826945721374
0.012258008339184667,18.155081645625476,137.43436979152665,9.556750092501895
0.012259629319039789,18.155179782540067,137.43425559665928,9.556719324584309
0.012260277593135194,18.155219035413264,137.4342099262601,9.55670701770326
0.012261573939595927,18.155297504042473,137.43411860007123,9.556682417676663
0.012264165828770657,18.15545433370975,137.4339360025603,9.556633256685313
0.012265202282059295,18.155517093716256,137.43386298153015,9.556613580104505
0.012267274671320383,18.15564253539739,137.4337169757574,9.556574255598026
0.012268103433257349,18.155692725645018,137.43365858500582,9.556558519741607
0.012269760625155057,18.155793058345296,137.43354182685678,9.556527065438337
0.012270423377836681,18.155833197642615,137.4334951309963,9.556514480817343
0.012271748670315663,18.15591345005381,137.4334017542645,9.556489320976437
0.012272278707856854,18.15594555271098,137.4333644083085,9.556479256085774
0.012273338646507592,18.156009745673522,137.43328972600665,9.556459130582608
0.012275457979726512,18.156138066802914,137.43314039807666,9.55641890287627
0.012276305508866714,18.15618941527774,137.43308067889714,9.556402803172697
0.012278000217268548,18.156292065727452,137.43296126493487,9.55637062059812
0.01227867796985782,18.156333133574943,137.4329135071034,9.556357744075031
0.012278949049949528,18.156349559835345,137.43289440529298,9.556352593732425
0.012279491174170598,18.156382413023298,137.43285620425962,9.556342292621785
0.012280575278964867,18.15644809555967,137.43277981204878,9.556321699195545
0.012281008867344068,18.15647436835445,137.43274925833424,9.556313461720341
0.012281875952127264,18.156526909745544,137.4326881573586,9.556296988026018
0.012283609754647595,18.156631946860628,137.43256598014258,9.556264057127251
0.012284303138246022,18.1566739734654,137.4325171173053,9.556250879644049
0.012285689669591204,18.15675800028991,137.43241940804785,9.556224534068113
0.012286244194092744,18.156791614266247,137.4323803295527,9.5562139942425
0.012287353091935516,18.156858828318658,137.43230218313502,9.556192919419516
0.01228779659470558,18.15688571369937,137.4322709279109,9.556184489383
0.012288683503433928,18.15693947919716,137.43220842424856,9.556167630964666
0.012289038230832605,18.156960983515468,137.4321834249255,9.55616088821028
0.012289747623649983,18.157003991871743,137.43213343063152,9.556147402541333
0.012291166161787714,18.157089975985414,137.4320334587397,9.556120443032581
0.012291733484576461,18.157124375327072,137.43199347539613,9.556109656654757
0.012291960398873703,18.157138134542024,137.4319774829853,9.55610534225307
0.01229241420202476,18.15716565543875,137.43194549998185,9.55609671236451
0.012293321706560167,18.157220681997483,137.4318815409092,9.55607945816647
0.0122936846704651,18.15724269113264,137.43185595951377,9.5560725569389
0.012294410533166156,18.15728670925076,137.43180480127492,9.556058754262635
0.01229586199854893,18.157374712652356,137.43170250228343,9.556031160782743
0.012296442487533255,18.157409920529965,137.43166158836434,9.556020120477609
0.012297603298576765,18.1574803218967,137.43157977211274,9.555998044824827
0.012298067560731596,18.157508483150142,137.43154704928588,9.555989214062603
0.01229899597809736,18.157564799350553,137.43148161109366,9.555971554563662
0.012299367305174558,18.15758732431245,137.43145543817556,9.555964491219472
0.012300109890858058,18.157632373275078,137.43140309712936,9.555950364614995
0.012300406899601102,18.157650390479272,137.4313821622221,9.555944714820093
0.012301000873263912,18.157686426753973,137.43134029548057,9.555933414304487
0.012302188645444745,18.157758476149485,137.43125657379736,9.555910821676353
0.01230266368896804,18.157787298085704,137.43122308894564,9.555901783535495
0.012303613663713353,18.157844936055096,137.43115612703832,9.555883709098623
0.012303993611735287,18.15786799013669,137.4311293447445,9.555876479610907
0.012304753435850802,18.1579140971836,137.43107578517456,9.555862020764799
0.012305057338677483,18.157932537748792,137.43105436293112,9.555856238018077
0.012305665098290008,18.157969420628994,137.43101152166588,9.555844671636974
0.01230688043352579,18.158043162409925,137.43092585151064,9.555821547567993
0.01230736649896269,18.15807266176162,137.43089158745912,9.555812296657134
0.012308338511851202,18.15813165380895,137.4308230675363,9.555793796953054
0.012308727273011577,18.1581552496998,137.4307956621594,9.55578639728061
0.012309504719763109,18.158202439905068,137.43074085667143,9.555771598231443
0.01230981567028866,18.158221313797792,137.43071893614,9.555765679374131
0.012310437522967677,18.158259063094775,137.4306750984583,9.555753840853953
0.012311681035050426,18.1583345365713,137.43058743608273,9.55573017291795
0.012312178367752225,18.158364729027262,137.4305523753441,9.555720704280127
0.012312377289275256,18.158376805552766,137.4305383517689,9.555716916961282
0.012312775112479524,18.15840096155624,137.4305103060315,9.555709341071353
0.012313570679471031,18.158449262585535,137.43045421994452,9.555694193287168
0.012313888876687717,18.15846858089594,137.43043178724753,9.555688134896975
0.012314525220335937,18.15850721901396,137.43038692539378,9.555676017306707
0.01231579770470459,18.158584469541772,137.43029721529862,9.555651791424738
0.012316306622702333,18.158615373368704,137.430261335679,9.55564209937874
0.012317324328525947,18.15867717264431,137.43018958544738,9.555622718032634
0.012317731362317286,18.158701891808935,137.43016088821244,9.555614965536318
0.012318545346524434,18.158751327486133,137.43010349954235,9.555599461229974
0.012318870909124646,18.158771099710382,137.43008054590882,9.555593260203448
0.012319521980956538,18.15881064511227,137.4300346423658,9.555580857543024
0.012319782389784817,18.158826460777053,137.4300162821237,9.555575897391488
0.012320303173289915,18.158858094791057,137.42997956402905,9.555565975882804
0.012321344603724915,18.15892134507328,137.42990613701818,9.555546139295778
0.012321761124977515,18.158946645587925,137.42987676918776,9.555538204322746
0.0123225940799776,18.15899724429006,137.42981803958733,9.555522334918303
0.012322927229348135,18.159017482015354,137.42979454966724,9.55551598773262
0.012323593472055805,18.159057958357163,137.42974757372716,9.55550329276757
0.012324925733640746,18.159138882787502,137.4296536368387,9.555477913054098
0.012325458554703794,18.1591712571423,137.42961606695442,9.555467759066417
0.012326524053235755,18.159235995420715,137.42954093710756,9.555447454590512
0.012326950199105124,18.159261890599424,137.42951088831967,9.55543933266098
0.012327802398870547,18.159313677049376,137.4294507971326,9.555423089946984
0.012328143244492717,18.15933438975086,137.42942676268066,9.55541659347952
0.012328824876864153,18.15937581544684,137.4293786978786,9.555403600174321
0.012329097507859599,18.159392383260936,137.42935947325364,9.555398403745441
0.012329642732176294,18.159425521282447,137.4293210266356,9.555388009780508
0.012330733030189278,18.159491777683076,137.42924414351035,9.555367228971624
0.012331169093226402,18.159518281220492,137.4292133935391,9.555358916063893
0.012332041122778303,18.159571284727914,137.42915190027236,9.55534229124215
0.01233238989860952,18.159592484579026,137.429127305083,9.55533564179685
0.012333087388462949,18.15963488447075,137.4290781190003,9.555322342564702
0.012333366361355735,18.159651842059173,137.42905844592573,9.555317023723362
0.012333924267583063,18.159685759550047,137.42901910253508,9.555306384956904
0.01233503992189744,18.159753574158458,137.42894042635572,9.555285114803429
0.012335486124644524,18.15978070135544,137.428908959324,9.555276605999412
0.012336378428783878,18.159834951581576,137.42884603226346,9.55525958960101
0.01233673531264945,18.15985665025767,137.42882086366149,9.555252783464756
0.012337449015476176,18.159900047443077,137.42877053096487,9.55523917097778
0.012338876161962609,18.15998680947747,137.42866988289427,9.55521195768532
0.012339446923749553,18.160021520511357,137.428629629305,9.555201069573993
0.012339675212951096,18.160035404417346,137.4286135288336,9.555196714470862
0.012340131764717488,18.160063174561788,137.428581329778,9.555188003226492
0.01234104476173059,18.160118699195763,137.4285169388726,9.555170586465783
0.012341409920861524,18.16014090769443,137.4284911848392,9.555163620154755
0.012342140170983784,18.160185324187267,137.42843968150098,9.555149687437394
0.012342432245624035,18.16020308850589,137.428419081663,9.555144115157963
0.012343016351288316,18.160238619102202,137.4283778850246,9.555132969637732
0.01234418438829099,18.16030965782703,137.42829550342418,9.555110686736045
0.01234465153806219,18.160338075366102,137.42826255457624,9.555101772537666
0.012345585725852648,18.160394904752994,137.42819666459374,9.555083945905322
0.01234595935930305,18.160417635354168,137.4281703110509,9.555076815558667
0.012346706554640319,18.160463095506007,137.42811760892974,9.555062554971407
0.012347005406093792,18.160481277313202,137.42809652965363,9.555056851529972
0.012347603063199153,18.160517642649864,137.42805437428893,9.555045443769114
0.012348798194377952,18.16059034972711,137.42797007581171,9.555022636794412
0.012349276178564628,18.1606194349956,137.4279363604019,9.55501351280201
0.01235023202959662,18.16067759902451,137.42786893767595,9.554995266880939
0.012350614326260168,18.160700863637558,137.42784197115796,9.554987968749792
0.012351378844444816,18.160747391329778,137.42778804333145,9.554973372769494
0.012351684623704062,18.160766000207413,137.42776647385176,9.554967535144236
0.012352296134130136,18.160803219444773,137.42772333823712,9.554955859101767
0.012353518962819443,18.16087763316711,137.42763707986484,9.554932515980253
0.012354008022595342,18.16090740149217,137.4276025806955,9.554923177360083
0.012354986018940362,18.160966930763845,137.4275335908508,9.554904502502222
0.012355377171543114,18.160990741634137,137.42750599761374,9.554897032725718
0.012356159397849287,18.161038361316237,137.4274508166069,9.55488209364405
0.012356472258958306,18.161057407045796,137.42742874593756,9.55487611875124
0.012357097930679961,18.16109549972177,137.4273846081089,9.554864168267557
0.01235834907237976,18.16117165911162,137.42729634594374,9.55484027670267
0.012358849453774967,18.161202126125726,137.427261045466,9.554830718525393
0.012359850087204749,18.161263051825,137.4271904534245,9.554811604902168
0.012360250292346109,18.161287421441585,137.42716221944386,9.55480395954211
0.012361050619788094,18.161336158045604,137.42710575722012,9.554788669501436
0.01236137071988308,18.1613556506119,137.4270831741508,9.554782554193157
0.012362010867053574,18.161394636660724,137.42703801169552,9.554770322985963
0.012362266906148722,18.161410228595418,137.4270199478792,9.554765431412067
0.012362778950411935,18.161441415077277,137.42698382260986,9.554755647087363
0.012363802903270438,18.161503770556195,137.42691158115483,9.554736084769054
0.012364212433834676,18.161528713009282,137.42688268752337,9.554728259559788
0.012365031408055782,18.161578595628388,137.42682490625444,9.554712609669977
0.012366669009583275,18.161678320659608,137.42670936677598,9.554681324318622
0.012367323920450368,18.161718221183335,137.42666315853089,9.554668805575535
0.012367585864007324,18.16173418083392,137.4266446765236,9.55466379821929
0.012368109715423348,18.1617661012978,137.42660771502906,9.554653782891949
0.012369157275640141,18.161829920552417,137.4265338016693,9.554633760185839
0.012369576246590186,18.161855448103168,137.42650423944352,9.554625750973376
0.012370414097214066,18.161906499564935,137.4264451213057,9.55460973359108
0.012370749203434395,18.16192691826538,137.42642147605625,9.554603327259125
0.012371419357445124,18.16196775596807,137.42637418961294,9.554590514224435
0.012372759432102254,18.16204940151698,137.4262796323159,9.554564898960349
0.012373295374836779,18.162082064386137,137.42624181447596,9.554554650713689
0.012373509737969357,18.162095129019743,137.42622668820715,9.554550551563972
0.01237393844026713,18.1621212608199,137.42619643736393,9.55454235216121
0.012374795748984035,18.16217351066058,137.42613594214933,9.554525958379651
0.01237513863675943,18.16219440887262,137.426111746159,9.554519401419014
0.012375824350992937,18.162236205529975,137.42606335842487,9.554506287142212
0.012377195534545749,18.162319768277357,137.42596659929237,9.55448006962889
0.012377743916503148,18.162353198667482,137.42592790096697,9.554469580213615
0.012378840523298185,18.162420046873113,137.42585051512296,9.554448605670235
0.0123792791074262,18.162446786340386,137.42581956423058,9.55444021557073
0.012380156175059387,18.162500259995383,137.4257576694034,9.554423437019178
0.012380506964603022,18.162521647723274,137.42573291368416,9.55441672614765
0.012381208479286365,18.16256442268174,137.42568340671198,9.554403304323234
0.012381489061144002,18.16258153024771,137.42566360533985,9.554397936460013
0.012382050183648796,18.162615747349694,137.4256240054608,9.554387199778876
0.012383172263927489,18.16268416012927,137.42554481671905,9.554365734181136
0.012383621034596892,18.162711526669778,137.4255131448067,9.554357147160541
0.01238451847036992,18.16276625483796,137.42544980825065,9.554339974605142
0.012384877405315797,18.16278814472617,137.4254244759424,9.554333105986009
0.01238559520761262,18.16283192387984,137.42537381600303,9.55431936870234
0.012387030542311384,18.162919448638647,137.42527251410746,9.554291906247226
0.012387604575364142,18.16295446495571,137.42523199922104,9.554280918379641
0.012388752468310393,18.163024482459942,137.42515098134785,9.554258947869993
0.012389211560908775,18.16305249015258,137.42511857799624,9.554250159162654
0.012390129635209357,18.16310849865512,137.4250537789551,9.554232583984374
0.012390496823588393,18.16313090054862,137.4250278617767,9.554225554358847
0.012391231129366465,18.16317570294131,137.42497603233832,9.554211495351343
0.012391524825210665,18.16319362154378,137.42495530212489,9.554205872581587
0.01239211217147862,18.163229460290903,137.4249138448531,9.554194626237562
0.012393286682499394,18.16330111412371,137.42483094244142,9.55417214212559
0.012393756419183277,18.16332977777694,137.42479778542764,9.554163147404923
0.012394695776207554,18.163387098557536,137.42473147940527,9.554145160038532
0.01239507147563046,18.163410025755578,137.4247049595476,9.554137965376334
0.012395822799978196,18.163455878582155,137.42465192498324,9.554123576348559
0.012397325151269234,18.163547547501853,137.42454587565436,9.554094811548813
0.01239792598063183,18.16358422268336,137.42450346239698,9.554083302234504
0.01239816629456647,18.163598892188567,137.42448649819934,9.554078698663524
0.012398646891864318,18.16362823296769,137.4244525719596,9.55406949069169
0.012399607964248327,18.16368689627519,137.42438472772076,9.554051081430421
0.012399992347666089,18.163710360650406,137.42435759269796,9.55404371793727
0.012400761036314267,18.163757287459312,137.424303328055,9.554028991379283
0.01240229810146265,18.163851102853403,137.4241948195422,9.553999552045067
0.01240291281082162,18.16388863726633,137.42415142293547,9.553987772643621
0.01240414202921225,18.16396368645524,137.42406464347778,9.553964220726053
0.012404633641826202,18.163993707655205,137.42402993609184,9.553954799089922
0.0124056167387524,18.164053740305743,137.4239605301782,9.553935959109412
0.012406009929679107,18.16407775225492,137.42393277063553,9.553928423383569
0.012406796229406103,18.164125773119473,137.4238772572362,9.553913352772794
0.012407110718667402,18.16414497924011,137.42385505368492,9.55390732529542
0.012407739644634819,18.164183392197867,137.42381065022923,9.55389526983111
0.012408997286588397,18.164260190679247,137.42372185734,9.553871168848367
0.012409500264972007,18.164290913352673,137.42368634475795,9.553861526882732
0.012410506087107809,18.164352349320545,137.42361532884712,9.553842246074387
0.012410908365736883,18.164376923061514,137.42358692543667,9.553834533825107
0.012411712836781108,18.164426067268632,137.42353012457002,9.553819110247952
0.012413321434751046,18.164524313633013,137.42341654571172,9.553788278250956
0.012413964745212613,18.164563621767062,137.4233711216659,9.553775941216164
0.012414222048773293,18.164579344398252,137.42335295332734,9.553771006568835
0.012414736620503852,18.164610790738383,137.42331661914244,9.553761136694257
0.012415765622540986,18.16467366187328,137.42324396030384,9.553741404844937
0.012416177170629372,18.16469880996914,137.42321489986313,9.553733512058114
0.012417000176302095,18.164749102437124,137.42315678522766,9.553717727563333
0.012418645826363761,18.16484964362167,137.42304057995733,9.553686174331535
0.01241930395118207,18.164889870398312,137.4229941057235,9.55367354849742
0.012419567179447588,18.164905960464857,137.42297551737383,9.553668498335085
0.012420093598813908,18.164938141398405,137.42293834329067,9.55365839753218
0.012421146289041451,18.16500248051133,137.42286400512953,9.553638204273923
0.01242156730974886,18.165028216015003,137.422834273115,9.553630126827453
0.012422409256116818,18.165079682607463,137.42277481564165,9.55361397326785
0.012424092769421025,18.165182570013382,137.42265592587847,9.55358168263236
0.012424766032680501,18.16522373600743,137.42260837824278,9.553568761525364
0.012425035315224875,18.165240201737596,137.42258936059974,9.553563593258655
0.012425573841275406,18.1652731337027,137.42255132805957,9.553553256355277
0.012426650737387912,18.1653389736282,137.42247527348164,9.553532591358403
0.012427081437635157,18.16536530969318,137.42244485506313,9.553524325114088
0.012427942738280962,18.165417976669737,137.42238402510705,9.553507794227876
0.012429664940930119,18.16552326272007,137.42226239161783,9.55347474969916
0.012430353672653882,18.165565388934894,137.4222137469069,9.553461526708377
0.012430629141418903,18.165582238729566,137.42219429050434,9.553456237693778
0.012431180037926648,18.16561593850565,137.42215538058124,9.553445659410592
0.012432281667016709,18.165683312752893,137.422077571759,9.553424512133567
0.012432722257462281,18.16571026279559,137.42204645181363,9.553416052868263
0.012433603333404486,18.16576415693627,137.4219842191448,9.553399136230993
0.01243536506620957,18.16587189509186,137.42185978152818,9.553365320994649
0.012436069602231425,18.16591500294014,137.42181001560118,9.553351789383296
0.012436351391471034,18.165932245367156,137.4217901107862,9.553346376923583
0.012436914926812759,18.165966730064554,137.42175030418076,9.553335551877412
0.01243804182509367,18.16603567280662,137.42167070254004,9.553313911570118
0.012438492520003952,18.166063250511595,137.4216388656462,9.553305254978078
0.012439393799419385,18.166118399136113,137.4215751994376,9.553287943995581
0.012441195917219594,18.16622864390641,137.42144789609617,9.553253340911708
0.012441916598855629,18.16627275523485,137.42139698433343,9.553239493804655
0.012442204844994031,18.166290399029183,137.42137662126117,9.553233955151523
0.012442781291854832,18.166325686111477,137.42133589829007,9.553222877846558
0.012443934003992463,18.166396232237574,137.42125446448767,9.553200733533755
0.012444395020945742,18.16642445158048,137.4212218949156,9.553191875215612
0.012445316938515472,18.16648088258788,137.42115676372285,9.553174161110443
0.012447160308601712,18.16659368963707,137.42102653181826,9.553138752671972
0.012447897481902892,18.166638826770246,137.42097444909987,9.553124583042287
0.012448192323214924,18.166656880876914,137.420953617725,9.553118915379342
0.01244878195790633,18.166692988215004,137.4209119583023,9.5531075801905
0.012449961035488566,18.166765173458867,137.42082865218623,9.553084920621025
0.01245043259468559,18.16679404876084,137.4207953338804,9.55307585606541
0.012451375590086022,18.166851790761655,137.4207287056047,9.553057729825392
0.012453261088531398,18.16696721717496,137.42059548096955,9.553021498063428
0.012454015102523197,18.167013403060682,137.42054220163433,9.5530069986773
0.012454316678374155,18.167031876671658,137.4205208916929,9.55300119910597
0.012454919779223195,18.167068822675528,137.42047827529285,9.552989600225171
0.012456125777081328,18.167142683922876,137.4203930558187,9.55296641375822
0.012456608099683297,18.167172229997643,137.42035897236124,9.552957138286056
0.012457572613897017,18.16723131260584,137.42029081416905,9.552938590558227
0.012457958370291955,18.167254944410054,137.42026355367412,9.552931171784977
0.012458729798862755,18.167302204953423,137.42020903827677,9.552916335098642
0.012460272317612375,18.167396684149388,137.42010002893272,9.552886676903938
0.012460889197400737,18.16743448404879,137.42005643220045,9.55287480995867
0.012462122737850967,18.167510062810017,137.41996925285846,9.552851083480142
0.012462616071230337,18.16754029609137,137.41993438562878,9.552841591912872
0.012463602596168188,18.1676007523558,137.4198646602408,9.55282261227298
0.012465575072871493,18.167721602649813,137.41972524402254,9.552784675379803
0.012466363845433759,18.167769961248947,137.4196694888761,9.552769492647842
0.012466679319112717,18.167789304148986,137.4196471887461,9.552763419649768
0.012467310206033866,18.16782798841725,137.41960259224106,9.552751274022294
0.012468571734455924,18.16790532473379,137.41951341359822,9.552726994573622
0.01246907625247795,18.167936262032676,137.419477746773,9.55271728141918
0.01247008512742609,18.167998125648776,137.41940642248537,9.55269785885726
0.012472102214096448,18.168121786171003,137.41926380923198,9.552659037841979
0.012472908792115267,18.168171271504935,137.41920677533062,9.552643500420343
0.0124732313807564,18.168191065464587,137.41918396369738,9.552637285402925
0.012473876484402568,18.16823065239155,137.41913834420174,9.552624855524
0.012475166385040537,18.1683097955605,137.41904711962306,9.552600006970648
0.012475682226665175,18.168341456929152,137.41901063433767,9.552590065658393
0.012476713698194919,18.168404768832445,137.41893767305024,9.552570186730934
0.012477126203964017,18.16843009359671,137.41890849136962,9.552562234988464
0.012477951068366688,18.16848073993641,137.41885013380124,9.55254633240374
0.01247960016033578,18.168581983302577,137.41873344032854,9.552514545345394
0.01248025954394405,18.168622494055203,137.41868676932054,9.552501824863374
0.012481577817952005,18.168703495815052,137.418593440403,9.55247639088851
0.012482104930843785,18.168735903774706,137.41855611244938,9.55246621423201
0.012483158777334413,18.168800714675964,137.41848146424945,9.55244586243606
0.012485264778616556,18.16893024646583,137.41833219291303,9.552405192874302
0.012485956519267094,18.168972860757663,137.41828312969125,9.552391810063028
0.012486233134105573,18.168989908938563,137.41826350488742,9.552386455945427
0.012486786218226631,18.169024013571228,137.41822425636457,9.552375744396855
0.012487891800782247,18.16909223463981,137.4181457631106,9.552354316468096
0.012490101283643473,18.16922856368258,137.41798877745927,9.552311505451826
0.012490648043484542,18.169262376164035,137.4179499079212,9.55230088288132
0.012491741638055442,18.169330067594938,137.41787216373845,9.552279611984723
0.01249217912738354,18.169357189319605,137.4178410628319,9.552271086088217
0.012493054418583727,18.16941151276616,137.41777885627192,9.552254003153552
0.012494806767225475,18.169520487786688,137.41765441461718,9.552219710177468
0.01249535470130514,18.169554705324643,137.41761552990442,9.552208929280011
0.012496451469282355,18.169623419907495,137.41753775128555,9.552187258065755
0.012496890471870636,18.169651025384304,137.41750663738813,9.55217854263529
0.01249776894887411,18.16970644781344,137.4174444078392,9.552161028617439
0.012499527148449374,18.169818066750114,137.41731995121154,9.552125695600381
0.012500094364596537,18.169854265583364,137.41727982619378,9.55211422042362
0.012501228826342081,18.16992691640865,137.417199595566,9.552091169058537
0.012501682632235611,18.16995605379267,137.4171675134047,9.55208191748329
0.012502590138207315,18.170014433775762,137.41710337021894,9.552063371463987
0.012504404677660674,18.170131473780064,137.41697518810435,9.552026162076961
0.012505130401123998,18.170178278254557,137.41692396806036,9.55201127928687
0.012506581569937114,18.170271656804395,137.41682163574092,9.551981597160264
0.012507161999080862,18.170308833888324,137.41678074805006,9.551969789920337
0.01250832275889413,18.1703827472996,137.41669905784596,9.551946343294162
0.012508787053941095,18.17041210602703,137.41666641438155,9.551937043837366
0.012509715612512462,18.170470401931393,137.41660118612535,9.551918607013308
0.012511572704289042,18.170584956182356,137.4164709674852,9.551882519946313
0.012512315529028206,18.170629970488203,137.4164189621854,9.551868397638007
0.012513801123052448,18.170718409085495,137.41631509016804,9.551840770050644
0.012514395320629035,18.17075322677442,137.41627358633377,9.551829935713073
0.012515583614783998,18.17082185479251,137.41619065222937,9.551808658940141
0.012517959603476791,18.170955308747704,137.4160250313131,9.551767586658535
0.012518909603085437,18.171007574296137,137.41595884917797,9.551751593005289
0.01251928952637682,18.171028311420574,137.41593238517055,9.551745261574105
0.012520049230913655,18.171069499345084,137.41587947133786,9.55173271057514
0.012521568003782013,18.171150844050562,137.41577368933315,9.551708011815577
0.012522175232371202,18.171183101023885,137.41573138854918,9.551698242203427
0.012523389167870103,18.171247142373424,137.4156468046526,9.551678888035998
0.012523874528312717,18.17127262929587,137.41561297552158,9.551671197159726
0.012524844863898599,18.171323388952924,137.41554532404513,9.55165589937388
0.012526783878034742,18.171424246522104,137.4154100372566,9.551625563597412
0.01252755880761558,18.171464486847448,137.41535592495106,9.551613469650606
0.01252910745183844,18.1715447943155,137.41524770275143,9.551589349939395
0.012529726435652866,18.17157691961021,137.41520441359162,9.551579701207473
0.01253096356895822,18.171641168122303,137.41511783518888,9.551560404639748
0.012531458103904547,18.171666895787194,137.4150832034038,9.55155267493393
0.012532446619250792,18.17171839565713,137.41501393986118,9.551537198018305
0.012534421391060313,18.17182165796853,137.41487541254057,9.551506140933038
0.012557727069711255,18.173112028519853,137.41322649634967,9.551112362671226
0.012594415313291862,18.17531380731792,137.41061372297796,9.550426587095874
0.012601702401552228,18.17576271353186,137.41009465588073,9.550285835337366
0.01261623786684507,18.176664421882627,137.40905998703735,9.550002570872035
0.012622040310373284,18.177026097232535,137.4086471997389,9.54988880472636
0.012633627251760426,18.17775061879389,137.40782337487036,9.549660699058387
0.012638256092208366,18.178040766133524,137.40749441446866,9.549569287318263
0.012647504249131969,18.178621505814657,137.40683743313994,9.549386229335553
0.012651200105923688,18.178853962188498,137.4065749495418,9.549312923724749
0.012658586274168493,18.179319108276953,137.40605050172516,9.549166188388572
0.0126607708505998,18.179456860604308,137.40589539226352,9.549122719687587
0.01266513796005575,18.179732490343117,137.40558533148996,9.549035723393104
0.012666691214651915,18.179830621579594,137.40547504066868,9.549004744064185
0.012669796521253995,18.18002697397945,137.40525452864324,9.548942745848333
0.012670965260515588,18.180100939303717,137.40517151943175,9.548919387597492
0.012673301901361067,18.18024893340948,137.40500553425613,9.548872644190766
0.012674236190016397,18.180308156770334,137.4049391502419,9.54885393614876
0.012676104121717935,18.18042665338603,137.40480639881662,9.548816499514627
0.012679837373197222,18.180663880724378,137.40454094042119,9.548741531981658
0.01268401705252642,18.180930872129498,137.40424346292923,9.548657070713222
0.012690743274413996,18.18136557230321,137.40376466912403,9.548519174217631
0.012692617936745587,18.18148710463415,137.40363138076754,9.54848058257223
0.012696369310815858,18.181730064074593,137.4033650095699,9.54840342749439
0.012697848397041134,18.181825367748328,137.40326013159338,9.548373190057783
0.01270080815446517,18.18201452135297,137.40305053251836,9.548313277336431
0.012701992653231131,18.182089617297887,137.4029667413614,9.548289531778899
0.012704362632326771,18.182238925877336,137.40279923670016,9.548242383462803
0.012709105697773615,18.182534266220923,137.40246442999887,9.548149364524726
0.012714088530469625,18.182842390693626,137.40211289813922,9.548052476532138
0.012721380727149678,18.183295532595476,137.40159814023227,9.5479098384242
0.012732015008186326,18.18395858915241,137.40084713494122,9.547700979502691
0.012751049327667019,18.18512925495134,137.39950215063482,9.547333575313715
0.012786691071648537,18.18733194127328,137.39697519747438,9.546642109374426
0.012808829830121105,18.188717199263124,137.39540241346145,9.546206169593226
0.012844064150722367,18.190934827860808,137.3928976887008,9.545507467866045
0.012879085294876358,18.193136460890084,137.39040705354842,9.54481419831706
0.012913896788195656,18.195326318957036,137.38793028177201,9.544124713747623
0.012948497344500098,18.197504690934544,137.3854673074752,9.54343890317398
0.012955391902519486,18.197939228737457,137.38497632838263,9.543302089484094
0.012969155533277488,18.198806431721525,137.3839961210161,9.543029090505781
0.012974651419064509,18.199152764066756,137.38360464728123,9.542920069485264
0.012985626725385946,18.199844458350793,137.3828227687977,9.542702343413858
0.012990010667416119,18.20012083264593,137.3825104018844,9.542615348818018
0.012998768016407425,18.20067301507758,137.38188634698543,9.542441540561699
0.013001142966474033,18.20082282837001,137.38171707000603,9.542394383178573
0.013005889668106008,18.201122365972182,137.38137870978335,9.542300091551418
0.01300744079492322,18.20122029397358,137.381268117235,9.54226926327248
0.01301054154207859,18.20141612097615,137.3810470098407,9.542207613407705
0.013011546633080129,18.2014796260747,137.38097531949097,9.542187620155655
0.01301355602079901,18.201606635562023,137.3808319673064,9.542147632237793
0.01301428219951406,18.201652556298157,137.38078014382822,9.542133174139348
0.013015734000934698,18.201744401813887,137.38067650881558,9.54210425567363
0.013016295156901947,18.20177991872187,137.38063643592986,9.54209307266722
0.013017417035090295,18.20185095614503,137.3805562951401,9.54207070497999
0.01301786558829987,18.201879371116487,137.38052423981802,9.542061757868913
0.013018762373851689,18.201936203071845,137.38046013070414,9.542043862807333
0.013020554971987841,18.20204985086429,137.38033191802646,9.542008078867442
0.013020931249420942,18.202073715123994,137.38030499049265,9.542000565176792
0.013021683729609546,18.202121444025053,137.38025113248548,9.541985537891968
0.013023188905430527,18.202216871264298,137.38014340004938,9.541955496642899
0.013024770755380888,18.202317068080045,137.3800302303213,9.541923957787034
0.013025103293277218,18.202338128710185,137.3800064528455,9.541917327890621
0.013025768702611074,18.20238027462766,137.3799588848388,9.541904059341658
0.013027100457109753,18.20246468065828,137.37986368637632,9.54187748180416
0.013028589190599238,18.20255936071299,137.37975718025191,9.541847649963243
0.013030315294354167,18.202670288238245,137.3796334052804,9.541812629120006
0.013033028775046418,18.202852358051018,137.379437894528,9.541754617574892
0.013037735676511453,18.20320193699372,137.37909818453693,9.541640758213925
0.01304317647956632,18.203597751849713,137.37871147355372,9.541511987019835
0.013050486933203431,18.204027919740604,137.37820270114415,9.541378190543403
0.01306137605219504,18.204541954397666,137.37744738141882,9.541228548693027
0.013078062236700161,18.205348004096766,137.3762688326857,9.540993503052631
0.013104169598445403,18.20681379830145,137.37439161806284,9.540547641472408
0.013110662043125498,18.207201852258187,137.37392286667867,9.540427652641938
0.013123579581520883,18.20799222427359,137.37298998257037,9.540181758034214
0.013128728406134771,18.20831180303449,137.3726183150657,9.54008195292946
0.013139000541405932,18.208955199465482,137.37187737989046,9.53988051724623
0.013143101965140902,18.2092136682059,137.37158177791738,9.53979945576432
0.013151293770695571,18.209732089895677,137.37099182304175,9.539636667495685
0.01316764269580295,18.210772822036077,137.3698162277084,9.539309282272821
0.013184773673316719,18.21186887873419,137.36858671930915,9.538963925565474
0.01320382215998861,18.213090852408587,137.36722196199352,9.5385785108635
0.013235565295618312,18.215126504006445,137.36495166228212,9.537936315542886
0.013267205831364315,18.21715385593049,137.36269095077645,9.537296813894688
0.013298730215074994,18.219176276636986,137.36043927220626,9.536658720098945
0.013330132333813194,18.22119379856877,137.35819652964565,9.53602202746962
0.013361407671930281,18.223204071590438,137.3559627357757,9.535387657306336
0.013392551016507714,18.225206375320052,137.3537379732351,9.534755885608792
0.013423556767136469,18.227195192367255,137.3515223912893,9.53412886691505
0.01345441955387916,18.229152346425096,137.34931617841173,9.533513720807123
0.013485134570351498,18.231094920434767,137.34711953202293,9.532903724168092
0.013515697711030117,18.23302384796168,137.34493263953286,9.53229849557305
0.013546105618665871,18.2349391419097,137.34275566964732,9.531698016246095
0.013576355659036254,18.236840813720363,137.340588769613,9.531102269602785
0.013606445839699943,18.238728850994175,137.3384320645045,9.530511249883864
0.013636374699132814,18.24060323069168,137.33628565637528,9.52992495714995
0.01366614128768373,18.242463988870345,137.3341496171964,9.529343370353033
0.013695746843623957,18.24431174938586,137.33202390100348,9.528766246185777
0.013701648041780312,18.244679781346793,137.33160000176568,9.528651340845114
0.013713430954861994,18.24541371703521,137.33075354928195,9.52842228086811
0.013718136740983211,18.245706589152164,137.33041543836126,9.528330903149449
0.01372753557895956,18.24629121605734,137.32974003203378,9.528148535306668
0.013731290334495716,18.24652467171364,137.32947016777325,9.52807572465307
0.013738791646987547,18.246990905847284,137.32893096120515,9.5279303365014
0.01374087452805195,18.24712034019606,137.3287812136899,9.5278899790455
0.013745037720368947,18.24737905369322,137.32848187540614,9.527809315297446
0.013746409370522628,18.247464306893797,137.3283832349694,9.527782734741157
0.013749151491633027,18.247634742260363,137.32818601799815,9.527729597561471
0.013750065770190445,18.247691581090756,137.3281202474305,9.52771187691008
0.013751893722003805,18.247805238785197,137.32798872947106,9.527676442056505
0.013752570987691448,18.247847360130613,137.32793998877145,9.527663310063966
0.013753925116065768,18.247931598427073,137.32784251581634,9.527637047341937
0.01375446659055779,18.247965292783533,137.3278035278984,9.527626542589346
0.013755549239974796,18.248032680856355,137.32772555390983,9.527605533288412
0.013755982181128723,18.24805963668191,137.32769436359905,9.527597129413445
0.013756847876116973,18.248113548777184,137.3276319812614,9.5275803216605
0.013758578737993132,18.248221326934488,137.32750720010105,9.52754672555178
0.013760596913682588,18.248347194158406,137.32736161849377,9.527507481274176
0.013762891070851602,18.248492040586456,137.32719600033434,9.527462187031981
0.013767372588142202,18.248787563663996,137.32687242938823,9.527368782654094
0.013774728774163858,18.249255646943993,137.326346660251,9.52722176233638
0.013785595804862827,18.249844587702505,137.32557689750269,9.527044298625665
0.013803871642866561,18.25081187859757,137.32426864890377,9.526755895708975
0.013832092235482318,18.252458660211918,137.32222452983032,9.526252244371317
0.013837690476131259,18.25279816126323,137.32181833378002,9.526147363492644
0.013848853857676091,18.25348265892787,137.3210086834328,9.525935265899545
0.013853272683778783,18.25375553128351,137.32068838177258,9.525850546283195
0.013862098067803252,18.254303000921077,137.32004907326805,9.525680346521117
0.013865324443528504,18.25450381802964,137.31981548327335,9.525617853950559
0.013871772900498902,18.254906118960335,137.31934883246367,9.52549257369443
0.013874265480966153,18.25506194241342,137.31916852050387,9.525444019596499
0.013879248854810178,18.25537399514144,137.31880813877328,9.525346737289446
0.013881241687973112,18.25549898714316,137.31866405772405,9.52530775307125
0.013885226562813768,18.255749285579697,137.31837601087884,9.525229654536748
0.013886820295638258,18.255849539718874,137.3182608245023,9.525198360486021
0.013890007436225704,18.256050304864935,137.31803050293186,9.52513566889644
0.013896380765423322,18.25645297127358,137.31757001788506,9.525009832451035
0.013903072942326622,18.256878108784743,137.3170865786697,9.524876787469223
0.013910102162080551,18.257327319162794,137.31657896725952,9.524735991538895
0.013921173532397968,18.258035257023767,137.3157804920963,9.524514008341189
0.013943350458543002,18.259432355882435,137.31418451512076,9.524077365944734
0.01397114371407715,18.261160111811556,137.31218496214436,9.523539238342671
0.013998863501185843,18.262861103708424,137.31018896758064,9.523011416934052
0.014026474529295507,18.26454136159674,137.30819863346142,9.522491390982651
0.014053957078106305,18.266206242705998,137.3062154078887,9.52197695965046
0.014081301136482316,18.267856615937493,137.3042402432447,9.521467714772822
0.014086752387962753,18.268185126847754,137.3038462128675,9.521366416205261
0.014097637707057409,18.268840079581633,137.30305927486296,9.521164558855007
0.014101985257115479,18.269101334427408,137.30274489634985,9.521084075545623
0.014110668919088298,18.269622626275527,137.30211683429224,9.520923542323079
0.014114138001126486,18.269830741605386,137.30186586168463,9.520859470468526
0.01412106862094975,18.270246277806365,137.30136436314453,9.520731570700697
0.014123565925286297,18.270395964541688,137.30118360776203,9.520685506064313
0.014128556415726523,18.270695008953197,137.30082232698223,9.520593491232775
0.014130034700797212,18.27078360048658,137.30071527340746,9.520566234060714
0.014132989624464742,18.270960697007293,137.30050124230627,9.520511748874805
0.014134099823748136,18.27102725113989,137.30042080352717,9.52049127344669
0.014136319132823538,18.27116033208444,137.3002599643783,9.52045033093392
0.014137198729117673,18.271213098299597,137.30019619589683,9.520434097196896
0.014137212800414911,18.27121394243068,137.30019517565287,9.520433837503798
0.014137240942797558,18.271215630889063,137.30019313517295,9.520433318041508
0.014137252199671657,18.27121630629519,137.3001923189831,9.520433110247584
0.01413725670240873,18.271216576458755,137.30019199250748,9.520433027129414
0.014137258503501449,18.271216684524298,137.30019186191728,9.520432993882121
0.014137262105683335,18.271216900656125,137.300191600737,9.520432927387157
0.01413726354655509,18.27121698711024,137.30019149626492,9.520432900788832
0.014137264122903392,18.27121702168969,137.3001914544761,9.520432890149994
0.014137265275599775,18.271217090853312,137.30019137089846,9.520432868871339
0.014137265367815344,18.271217096386177,137.30019136421225,9.520432867168912
0.014137265404701727,18.271217098599244,137.30019136153777,9.520432866488452
0.014137265478474381,18.271217103025634,137.3001913561888,9.52043286512648
0.014137265507983443,18.27121710479684,137.30019135404922,9.52043286458173
0.014137265519787001,18.271217105502316,137.30019135319338,9.520432864364363
0.014137265524508447,18.271217105786935,137.30019135285104,9.520432864276653
0.014137265533951004,18.271217106353745,137.3001913521664,9.520432864102416
0.014137265537728538,18.271217106579332,137.3001913518925,9.520432864032655
0.01413726553923933,18.27121710667134,137.30019135178296,9.520432864004633
0.014137265542261024,18.271217106852777,137.30019135156385,9.520432863948834
0.01413726554250272,18.27121710686626,137.30019135154632,9.520432863944535
0.014140630920948638,18.271419065453962,137.29994727176248,9.520370731952063
0.014144159980140625,18.27163138677969,137.29969104032264,9.520305387101757
0.014147861442316612,18.271855506492443,137.29942200051403,9.520236313120993
0.014154686523318305,18.272272116267086,137.29892622226745,9.520107616195281
0.014156120532957561,18.272359252524893,137.29882223919944,9.520080719019447
0.01415898956308137,18.272532530124543,137.29861447034443,9.520027300951172
0.014160137530869754,18.27260128555934,137.2985314334824,9.52000614649438
0.01416243405441997,18.272737665369764,137.29836548055474,9.519964272246312
0.01416335284702952,18.2727918157672,137.2982991359136,9.519947677297585
0.01416519069826494,18.27289944133316,137.29816650368085,9.519914747941964
0.014168866824133652,18.273112358190478,137.29790140059094,9.519849792495263
0.014172726211974074,18.273334357933013,137.29762311722334,9.519782196958625
0.014177968257645168,18.273637004490478,137.2972448120697,9.519689973254684
0.014188424521536569,18.274241409777634,137.29648950457832,9.519505789384418
0.014191833800819453,18.274436742435952,137.29624308859627,9.519446426841785
0.014198637589879382,18.274822797730465,137.29575102966115,9.519329455001166
0.014200328924298788,18.274918476578534,137.29562858420726,9.519300499885201
0.014203707324460635,18.275109539408955,137.2953838334573,9.519242695968213
0.01420489294257632,18.275176662651763,137.2952978731034,9.51922238710209
0.014207261866549858,18.275310938874643,137.2951260162554,9.519181753617623
0.014208016841163129,18.275353801376124,137.29507120568803,9.519168779699726
0.014209525674215406,18.275439574671505,137.29496160782577,9.519142811478346
0.014210078923076241,18.275471070051005,137.2949213943714,9.519133274073724
0.014211184672117572,18.275534096629134,137.29484097783768,9.519114184597685
0.014211614830349162,18.275558647177935,137.2948096727841,9.519106747415652
0.01421247458844943,18.27560777303624,137.29474706726836,9.51909186308597
0.014212818246409853,18.275627432019654,137.29472202607528,9.51908590591815
0.014213505163360951,18.275666766195936,137.2946719452753,9.519073985156478
0.014214877731217546,18.27574548192381,137.29457178957742,9.519050124791397
0.014216317571503212,18.275828179888027,137.29446661592218,9.51902505409086
0.014216620010029102,18.27584555962371,137.29444452313749,9.519019784550418
0.014217225077681639,18.275880333254168,137.29440033068792,9.51900924042709
0.014218436392510747,18.275949933108414,137.29431191027388,9.518988134145216
0.014218691133433659,18.27596457721783,137.2942933311342,9.518983691580909
0.01421920094422957,18.27599389772725,137.29425616088844,9.518974794660108
0.014220221383228426,18.276052678058367,137.2941817634334,9.518956950310923
0.014221419724002482,18.27612209953018,137.29409428981572,9.518935848470042
0.014222866526020006,18.27620736857335,137.2939883248709,9.51890982722459
0.01422534981083845,18.276364917162134,137.29380523068238,9.518860869072265
0.014229133382876347,18.27663573064468,137.2935262910017,9.518774234265189
0.014233579761536386,18.276936501709883,137.29320490834627,9.518678821218861
0.014239755531115006,18.277251304058034,137.29276868324195,9.518585881993895
0.01424898326255264,18.27761230811504,137.29211681563058,9.518489817256217
0.014263021512602836,18.278200242746788,137.29110216007538,9.518330114143541
0.014284753269384165,18.279310982508797,137.28950129805338,9.518006508967735
0.014309285801801241,18.28070082100118,137.2876906504529,9.517588287017906
0.014333767124238839,18.282131256071505,137.28589261976356,9.517153354480817
0.014358196143456459,18.283569203415347,137.28410677373176,9.516714686483136
0.014382606595354286,18.285007196699166,137.2823281669455,9.51627554678344
0.014407003959427511,18.286442515702618,137.28055438498805,9.515837166645639
0.014431383221643057,18.287873580815763,137.27878435593823,9.515400237723119
0.01445573531905131,18.28929923886924,137.27701771258324,9.514965235965665
0.014480050084904716,18.29071861461842,137.2752544606121,9.514532502550848
0.014504317733877947,18.292131029001283,137.27349479632036,9.514102288712612
0.014528529506605214,18.293522576445554,137.27173900305692,9.513680009691425
0.014552677859489438,18.294904492147342,137.26998739308016,9.513261250302111
0.014576756416191827,18.29627591628892,137.26824027623286,9.512846324194516
0.014600759797242846,18.29763640873068,137.266497941006,9.512435382291642
0.014605550943731949,18.29790731121081,137.26615005781034,9.51235362594744
0.014615123614717618,18.298445801737255,137.2654549474446,9.512191368076277
0.01462559617652548,18.29903048194608,137.26469434536753,9.512015606540592
0.014646493006744477,18.30019252283915,137.2631761896371,9.511666755692868
0.014670253947639433,18.30150678169605,137.26144916104195,9.511272938766268
0.014674995428788362,18.30176829222091,137.26110440957396,9.511194658798471
0.014684467630876274,18.30228962768378,137.26041563144275,9.511038711892754
0.014703368302155018,18.303231481626653,137.2590367973216,9.510766309424085
0.014726910539267224,18.304355600701598,137.25731671236676,9.510446375904946
0.014750358110757866,18.305472441387057,137.25560279912747,9.51012888601873
0.014773709520459422,18.306581867810618,137.25389517664112,9.50981388345623
0.014796963573510125,18.307683797592514,137.25219394209586,9.509501393979724
0.014820119366801165,18.308778113705024,137.25049917954684,9.509191457667976
0.014843176267985148,18.309833756401652,137.2488109559746,9.508896196720118
0.014866134123969421,18.310868273477816,137.24712930578863,9.508608752758438
0.014870713621518594,18.31107490251604,137.2467937602123,9.508551319361993
0.01487986062635116,18.311487191166304,137.24612351626152,9.508436774950166
0.01488351489371098,18.31165179581845,137.24585571601318,9.508391058886936
0.014890815627911835,18.311980481891386,137.24532063564314,9.50829979662276
0.014893732959811001,18.312111765631215,137.24510679427928,9.508263353532302
0.014899562531355381,18.312374010803175,137.24467944495072,9.50819057108784
0.014901892373500814,18.31247878658258,137.24450862666453,9.508161497820556
0.014906548655458818,18.312688132681494,137.2441672019722,9.508103417419601
0.014908295732529941,18.312766679071725,137.24403906602626,9.508081628282127
0.014911787749738337,18.312923657574917,137.24378291063806,9.508038086889638
0.014912761521882034,18.31296745316852,137.2437114478923,9.508025939154262
0.014914708103461183,18.31305502636274,137.2435685540473,9.508001648618748
0.014915415165633439,18.313086856889946,137.24351662354007,9.507992819163018
0.014916828511430724,18.313150521122953,137.24341277562667,9.50797515815953
0.014917347411784743,18.313173914351932,137.24337462312016,9.507968668274152
0.014918384573489818,18.313220705350002,137.24329832244234,9.50795568646003
0.014918799121470427,18.313239423586452,137.24326780257115,9.507950493000756
0.0149196276656276,18.313276863480812,137.2432067632597,9.507940104736313
0.014921282939125757,18.313351715821078,137.24308468182656,9.50791933919534
0.014923018682203693,18.31343043000928,137.24295644588503,9.507897492435626
0.01492338334256238,18.31344702877455,137.24292950468237,9.5078928785839
0.014924112964247338,18.31348032392542,137.24287560813198,9.50788361376516
0.01492557463646571,18.313547600145352,137.24276774534496,9.50786482123743
0.014927114489186821,18.31361969609665,137.24265440232048,9.507844526824158
0.014928960872511832,18.313708230947395,137.24251881118886,9.50781935604924
0.014932650314113172,18.313888741810253,137.2422487985427,9.50776759054349
0.01493894892059855,18.31416135423275,137.2417928677403,9.507692749518135
0.014948982002456646,18.314506442156617,137.24106876312774,9.507608193757767
0.01496610345592364,18.31511933883876,137.23981343337553,9.50745589484284
0.014970490258402913,18.315261645916127,137.23948809547267,9.50742287969439
0.01497921077638209,18.31556111424888,137.2388399496407,9.507350876791381
0.01498268514015022,18.31568483470799,137.2385815648268,9.507320480255906
0.014989615008342727,18.315937585009394,137.23806625861957,9.507257514109131
0.014992381979546887,18.316040239549018,137.23786059483612,9.507231689428773
0.014997908981869812,18.316247828923267,137.23745000223002,9.507179099629141
0.015000090676642652,18.316330580441825,137.23728801380224,9.507158019113907
0.015004451566497878,18.31649725256369,137.23696438251417,9.507115378180163
0.015006168691039101,18.31656332155056,137.23683700540053,9.507098412336422
0.015009602116810017,18.31669474444763,137.23658240651415,9.507064749278515
0.015010975320868258,18.31674734064728,137.23648061024136,9.507051270574738
0.015013721535936497,18.316852992123923,137.2362770845212,9.507024129500282
0.0150192138192351,18.31706616037489,137.2358702367262,9.506969105797968
0.01502036746771318,18.317111324208245,137.23578480043298,9.506957395265825
0.015022675090174631,18.317202106722025,137.23561392945032,9.506933796671198
0.015027292191049035,18.317385613564568,137.23527214757664,9.506885844798125
0.015033573398229305,18.317638808500362,137.23480759667635,9.506819197299922
0.015046170711323748,18.318143836609078,137.23387865570893,9.506686426237039
0.015067884803840248,18.31899129422543,137.23228179824528,9.50646627825311
0.015089613611920627,18.319827569555695,137.2306843668637,9.506250551588193
0.015111310986662518,18.32065739143045,137.22908836753558,9.506037264894582
0.015132950105135823,18.321482524199585,137.22749542863994,9.505825618690006
0.015154515266144752,18.322304042300292,137.22590669553298,9.505615114641664
0.015175998194865481,18.323122793277033,137.22432294594978,9.505405367364988
0.015180284021599988,18.323286327999792,137.22400682403753,9.505363460980934
0.015188845363134806,18.32361288085196,137.22337529733178,9.505279802557984
0.015192265901193491,18.323743297874802,137.22312294135665,9.505246402072808
0.015199099960275353,18.324003809317297,137.2226186734946,9.505179697703236
0.015201830851860665,18.324107945657396,137.2224171255697,9.505153032093702
0.01520728793157311,18.32431610296224,137.2220143133352,9.505099727161943
0.01520909579690033,18.324385115092472,137.22188083087832,9.505082050279379
0.015212709289764481,18.324523127264886,137.2216139860225,9.505046693303166
0.015213884948184764,18.324568073891417,137.2215271410491,9.505035174584519
0.01521623515504078,18.324657987073838,137.2213534970737,9.505012126349332
0.01521712894803895,18.32469221382801,137.22128743858215,9.505003349879928
0.015218915759952822,18.32476069783703,137.22115534344522,9.504985783621303
0.015219630151237395,18.324788108288107,137.22110251150625,9.504978750155628
0.01522105834946752,18.324842962010354,137.2209968574275,9.504964669801023
0.015223912425415542,18.324952899075914,137.2207855659758,9.50493641858547
0.015227168758907395,18.325079655052654,137.22054424177324,9.504903686893444
0.015228305685893728,18.325124276356437,137.22045997349943,9.504892117223573
0.015230579841313818,18.325214225891116,137.22029145834972,9.504868700758797
0.01523148984713496,18.325250316713326,137.2202240753586,9.504859289324424
0.015233310679184653,18.32532253653566,137.22008936834638,9.504840447572809
0.015236956116757128,18.32546528862062,137.21982029943993,9.504803398902851
0.0152407888840288,18.325611297968702,137.21953818403168,9.504765983931348
0.01524481530022792,18.325761408879153,137.21924222501835,9.504727928540243
0.015252858808678216,18.326054629068643,137.21865118977524,9.5046544895859
0.015268847756125581,18.326613113639183,137.21747335439798,9.504518229670872
0.015289725428165313,18.327343131633885,137.2159269019159,9.504340603541655
0.015293876223510305,18.327491946116186,137.21561885098475,9.50430389721868
0.015302156062265149,18.327791834141514,137.215004115838,9.504229509957607
0.015305461062740888,18.327912427234843,137.21475869131808,9.504199474170123
0.015312060142801398,18.328154498477414,137.21426864008114,9.504139002888433
0.015314696110028114,18.32825158818003,137.21407289548756,9.504114693665533
0.015319962099652251,18.328446144478573,137.2136818734203,9.504065896345148
0.015322066375494825,18.328524091523548,137.2135256250453,9.50404631791194
0.015326271467197672,18.328680159667403,137.21321340330132,9.504007074415108
0.015327585897635942,18.328729042713245,137.21311579616568,9.503994769941006
0.015330213314994179,18.32882688674496,137.21292067858332,9.503970124014089
0.015331016198427583,18.328856836274564,137.21286103556213,9.503962574420322
0.015332621207087893,18.328916775742066,137.21274178015315,9.503947457394476
0.0153331740169097,18.328937448980813,137.21270068540267,9.503942240976373
0.015334279056312572,18.32897882055553,137.2126185070542,9.503931797599671
0.015334683409112149,18.32899397845232,137.21258841694353,9.503927970018488
0.015335491620337094,18.32902430934937,137.2125282404645,9.503920308716408
0.015335811951764589,18.329036345383628,137.21250437114674,9.503917267826507
0.015336452177310389,18.329060426827475,137.21245663319837,9.50391118234917
0.015336708060894821,18.32907006220761,137.21243753764824,9.503908747093577
0.015337219498138821,18.329089338288014,137.21239934572029,9.50390387456877
0.015338241408320075,18.329127897107156,137.21232295751997,9.503894127241715
0.015339313526847143,18.329168373789614,137.2122427274797,9.503883898059271
0.015339538805226316,18.329176877773254,137.21222587224585,9.503881748900325
0.015339989644936769,18.32919388967873,137.21219215422852,9.503877449572967
0.015340893029818559,18.32922793075061,137.21212468160175,9.503868846735164
0.015341083255566046,18.329235095829674,137.21211050238574,9.503867034414137
0.015341464215039013,18.329249445523075,137.21208213305022,9.503863402910099
0.015342227736059866,18.329278233924963,137.21202534428983,9.503856108663275
0.015343065198184958,18.329309979745993,137.21196307214203,9.50384804081442
0.015344055680311941,18.32934809961459,137.2118892443299,9.503838287445525
0.015345524945941658,18.329408167447646,137.21177905356808,9.50382249284014
0.01534846045928795,18.329556336595754,137.21155749509657,9.503780051500613
0.015351945394231126,18.32974012073727,137.21129874346565,9.503726296562863
0.015356453317251995,18.329904327318086,137.2109740304867,9.503684747543435
0.015363072150140433,18.330026646144464,137.2105023578328,9.503669716645813
0.015373041253244013,18.330184899115935,137.2097767753063,9.503658260558542
0.01538842206291402,18.33057014070826,137.20862666883326,9.503587685219783
0.015407601086325995,18.331207006344254,137.2071810266027,9.503439451664915
0.015426605843156471,18.33190554598701,137.2057550621902,9.503265809969418
0.015430402236134011,18.332048651313485,137.20547123761963,9.503229662986373
0.015437994588684667,18.332337161342085,137.2049047150848,9.503156395392876
0.015453189995058736,18.332920869395853,137.20377466279447,9.503007049448954
0.015469170939259258,18.333540090697912,137.2025903696745,9.502847619015212
0.015487771110921145,18.33426080501679,137.20121582278895,9.50266179938787
0.015506863027009432,18.334996414526277,137.19980777889464,9.502472502651948
0.015510683913864676,18.335143901020633,137.1995262026011,9.50243450021137
0.015518327924766484,18.335439011200464,137.19896311652437,9.502358438565231
0.015521386152321792,18.3355571334654,137.19873789531837,9.502327982999661
0.01552750352887744,18.335793489869854,137.19828748547502,9.502267026845136
0.015539740787145484,18.336266595420867,137.1973867963197,9.502144955793675
0.015552877184732194,18.33677495695713,137.19642025141943,9.502013705669617
0.015566667752167751,18.337309086199095,137.1954058108909,9.501875732999927
0.015570490320139796,18.33745725206898,137.19512464110372,9.501837444907721
0.015578133907591885,18.337753552596762,137.19456245848534,9.501760871979846
0.015588238120005204,18.338145377473207,137.19381933026997,9.501659596400824
0.015607323363473813,18.338885748944744,137.19241569628866,9.501468200380762
0.015611137338894854,18.339033916090845,137.1921351662437,9.501429871515283
0.015618762029593003,18.339330134941005,137.1915743589482,9.501353240977494
0.015621810626714638,18.339448616061762,137.19135012066897,9.501322585251069
0.015627905564917444,18.339685509885705,137.19090180367905,9.501261289089783
0.01563034266118324,18.339780267063198,137.19072253228532,9.50123676682138
0.01563521529967471,18.33996977999289,137.1903640905737,9.501187715656663
0.015637163762057482,18.3400456028708,137.19022074823917,9.501168085875506
0.01564105964230289,18.340197294616072,137.18993412514345,9.501128804070087
0.01564884710914549,18.340501067991106,137.1893611067075,9.50105007273798
0.015658710083551464,18.34088267124193,137.1886353425797,9.500951580353188
0.015676133514112678,18.3415261294198,137.18735409206423,9.500789490751176
0.01569508852322843,18.342219474813543,137.18596053455326,9.500615752924135
0.015713988704476045,18.34291153959685,137.18457006656325,9.500442327465233
0.015732827479785105,18.34360525417523,137.18318311156239,9.500268042782537
0.015751605349664688,18.344300231537712,137.18179993005293,9.50009302780481
0.01575535385219695,18.34443940963707,137.18152373474607,9.500057925333628
0.015762843832475504,18.34471773357363,137.1809718311478,9.499987701287601
0.015765837228474133,18.344829088505872,137.18075123664795,9.499959590914024
0.015771819582981794,18.345051589024937,137.1803103436144,9.499903432336403
0.015783766434822155,18.345493881423817,137.17942973727904,9.499792092628697
0.015796285973499247,18.345954535000626,137.17850671797967,9.499676541362803
0.015809405341669858,18.346437871731883,137.17753928888408,9.49955523216271
0.01582795087543165,18.34712001046907,137.17617137223,9.499384211074402
0.01584643127178409,18.347797272683994,137.17480750580066,9.49921481515517
0.015864839513093032,18.348465584455205,137.17344802387228,9.499048607589339
0.015883175262190297,18.349132251548696,137.17209313021038,9.49888272873862
0.015886834020874874,18.34926656130102,137.17182269381215,9.498849135634474
0.01589414325711147,18.349534934063353,137.17128240679168,9.49878200567677
0.015908729216179474,18.350070998718312,137.17020404844672,9.498647860387338
0.01592690247104811,18.35073996100691,137.16886020048653,9.498480335657439
0.01594501148365013,18.351400168166816,137.16752084172109,9.498315915111013
0.015948625670243355,18.351531714394852,137.16725349034704,9.498283188582183
0.015955846462714862,18.35179445119598,137.16671934731656,9.498217835952223
0.01596437805556894,18.352104899920104,137.16608818281247,9.49814061837885
0.01598139882394356,18.352724380880677,137.1648288025704,9.497986537323506
0.01599931723206538,18.3533769798396,137.16350270829565,9.497824187727073
0.01601717311345119,18.35402766535037,137.16218093927526,9.497662289221205
0.016034967111148157,18.354676523415787,137.16086344285435,9.497500806586876
0.01605270301690187,18.355324485096336,137.159550025437,9.497339391898597
0.01605624308466236,18.35545403496739,137.15928779274844,9.497307095687232
0.016063316775485226,18.355712781763398,137.15876383231316,9.497242607879041
0.016065835546446805,18.355804920115908,137.15857725113065,9.497219645169364
0.016070869887966466,18.35598919449123,137.15820429605438,9.497173708023894
0.016072747885309324,18.356058024612448,137.1580651581376,9.497156538596036
0.01607650231988289,18.356195810173965,137.15778697681537,9.497122145502784
0.016077972799773188,18.35624987044519,137.15767801857635,9.49710863884697
0.01608091305855719,18.356358135882882,137.157460143224,9.49708156696564
0.016081985217243022,18.356397697588125,137.15738069936376,9.497071662920083
0.016084129449213114,18.35647695001886,137.15722182028335,9.497051804355834
0.01608479236296001,18.356501502274742,137.15717271047666,9.497045644643194
0.016086118416730244,18.356550686197163,137.15707448653885,9.497033294730734
0.016086610493722953,18.356568965141257,137.15703804725013,9.497028700486421
0.016087594965429552,18.356605583085127,137.1569651615218,9.49701948917954
0.016087981089214498,18.356619963175145,137.156936584675,9.497015868695375
0.01608875365963247,18.356648767412533,137.15687942313585,9.497008611157787
0.01608906284408329,18.356660307719633,137.15685655433526,9.49700570120104
0.016089681455423888,18.356683420365993,137.15681080905895,9.49699986937292
0.016090919262228276,18.356729760473307,137.15671928006913,9.496988163776178
0.01609236562598082,18.356784395531754,137.1566121815004,9.496974306638538
0.01609266878962634,18.35679599925123,137.15658967130867,9.4969713472513
0.01609327444892128,18.35681938110127,137.15654462858933,9.496965362131661
0.01609448319069262,18.356867172357628,137.15645444548167,9.496952998618506
0.01609629584117811,18.35694250648324,137.15631882700066,9.496933057163087
0.016099932256443572,18.357097261019376,137.15604855578266,9.496891517046775
0.016105605939103262,18.357290188151822,137.15563377454336,9.496845124250006
0.01611451799166086,18.357522196831464,137.1549822924796,9.496799911964324
0.016130427160813032,18.357987920042234,137.1537997590169,9.496700482470553
0.01614744357059872,18.358564895030714,137.15252609131494,9.496564043706844
0.01616434201988215,18.35916753587627,137.15126278813398,9.496416888659988
0.01618119013435193,18.359777728337786,137.15000626778212,9.496266319217815
0.01619800894328749,18.360390029311723,137.14875431329523,9.496114610065815
0.016214802455090105,18.36100254866592,137.1475058368685,9.495962574835385
0.01623156871020115,18.361614480674668,137.146260377662,9.49581056161307
0.016248303932109964,18.36222540829974,137.1450177933247,9.495658744895193
0.016265004093848345,18.362835102782903,137.14377809420856,9.495507214941393
0.016281665457826944,18.36344346773975,137.14254135757756,9.495356005226855
0.01628499271683148,18.363565042851143,137.14229436746194,9.495325777691965
0.01629164214135781,18.363807939534635,137.14180078219115,9.495265394986204
0.01630491993464922,18.36429298717916,137.14081511349937,9.495144820566544
0.016318830053389966,18.364801415302082,137.1397823751134,9.49501841038684
0.01632174691979993,18.364908100984863,137.13956578970274,9.494991877673202
0.01632757618052927,18.365121295315415,137.13913294741945,9.494938859042822
0.016339216471686124,18.365547070993035,137.138268523603,9.494832975223593
0.016351567400090805,18.36599904695351,137.13735117735024,9.494720559582776
0.016354854658400808,18.36611814272227,137.13710698881516,9.494691109298431
0.016361422994770836,18.36635604736305,137.13661904983886,9.49463229042712
0.016364047995618747,18.366451121069126,137.1364240321735,9.494608786372476
0.01636929397658793,18.366641100765328,137.1360342758434,9.494561824379664
0.016379769730979876,18.367020395349524,137.1352558722947,9.494468082920605
0.01639074577593047,18.367417762641118,137.134440155073,9.49436989174029
0.016393133123647874,18.36750419171437,137.13426270932447,9.494348536742569
0.01639790437478461,18.367676893875085,137.13390806584556,9.494305870690722
0.016399811587243796,18.367745914977245,137.13376629573634,9.494288821677905
0.016403623790254174,18.367883859049655,137.13348290816498,9.494254751636282
0.016405147839400835,18.36793900767683,137.13336960730803,9.494241131310993
0.016408194497728457,18.368049256927705,137.13314310056623,9.494213903043443
0.016409412611314678,18.368093349436315,137.13305253001525,9.494203012421536
0.016411847887368936,18.36818151372524,137.13287144631678,9.49418123547027
0.016412789007887008,18.368215607605464,137.13280145373034,9.494172811859649
0.016414670624804617,18.36828379310493,137.1326614986208,9.494155963566765
0.0164152196404852,18.368303708508773,137.1326206494613,9.4941510406337
0.016416317366712674,18.368343553251375,137.1325389568529,9.494141188997164
0.016416717732781194,18.368358098527057,137.13250915044628,9.494137591620746
0.016417518217904936,18.368387203360932,137.13244953767736,9.494130391332835
0.016417818878281865,18.368398145101548,137.13242713678244,9.494127683751811
0.016418419997077605,18.368420038840252,137.13238233290656,9.4941222647574
0.016418660345829728,18.368428799826066,137.13236440974583,9.494120095918307
0.01641914088860774,18.368446328307993,137.13232856046588,9.494115755922447
0.016420101590092884,18.368481390761424,137.13225685063742,9.494107074614007
0.01642030327925381,18.3684887563695,137.13224178554393,9.494105250993297
0.016420706668749285,18.368503488632655,137.132211649114,9.494101603784896
0.01642151384600632,18.368532928945978,137.13215134682775,9.494094320856505
0.01642236264843333,18.368563835202185,137.13208795601378,9.494086681269707
0.016423255416142202,18.36859641832679,137.13202126476548,9.49407861762185
0.016424193710475543,18.368631229724368,137.13195101701743,9.4940699330725
0.01642517886568906,18.36866960623937,137.13187692079376,9.494060127629364
0.01642714802898948,18.368761093339117,137.13172763077102,9.494034859412752
0.01642991502726232,18.3689114172747,137.13151946575826,9.493990771231266
0.01643316207939627,18.36905149632214,137.13128267302102,9.493952651811266
0.016437714147884197,18.369147621830432,137.13095848277612,9.493937685924267
0.016444615450366795,18.369223427651196,137.13046083441824,9.49394263503616
0.016455478563048964,18.369428195584952,137.12965079379714,9.493919031662877
0.016470730075466178,18.36988248826367,137.1284949927499,9.493822283210468
0.016473752726828383,18.36998334281725,137.12826597094616,9.493798897673901
0.01647978335890088,18.370190966341912,137.12780988090083,9.49374969175925
0.01648219286115571,18.370275471151768,137.1276279985718,9.493729405344236
0.016487009373960526,18.370446426406026,137.1272650494898,9.493688019956052
0.01648893573314536,18.37051536769972,137.12712010280282,9.493671232407518
0.016492788692889726,18.370654053621916,137.1268305612487,9.493637320889434
0.016494108203774616,18.37070176226925,137.12673149079637,9.493625618371027
0.01649674759704911,18.370797464317558,137.1265334655345,9.493602094734257
0.01649748773446924,18.370824379735247,137.1264779502939,9.49359546664119
0.016498967987113144,18.370878298551975,137.1263669447265,9.493582174554296
0.016499497589564927,18.370897625303172,137.1263272270641,9.493577405191727
0.016500556644410413,18.370936334210143,137.12624779958338,9.493567844394095
0.01650094283689907,18.370950472625086,137.1262188279924,9.493564349605483
0.016501715021433494,18.37097878026714,137.12616088657688,9.49355734793083
0.016502023775397334,18.37099011448914,137.12613770979468,9.493554542937014
0.016502641061880374,18.37101280152988,137.12609135568712,9.493548925759374
0.016503874664941298,18.371058196648306,137.12599864174754,9.493537683647299
0.016505168041664686,18.371105952422454,137.1259012436414,9.49352584746217
0.0165066873649522,18.371162966233292,137.12578656651132,9.493511605756822
0.016509730880748474,18.37128471534214,137.12555679076715,9.49348014746706
0.01651094576631673,18.37133432938782,137.12546545299602,9.493467168799091
0.016513384119395402,18.37143113945451,137.12528328751787,9.493442117037421
0.016514052566782844,18.371456453087877,137.12523359915343,9.493435708979282
0.016515391778940236,18.371505208376675,137.1251343610856,9.493423611616366
0.016515896512935613,18.37152295812457,137.12509704680807,9.493419289600295
0.016516907092986366,18.371557506075987,137.12502246254937,9.493411012727472
0.01651729005839797,18.371570303818,137.12499423531077,9.493407988149716
0.016518056584780227,18.371595469531975,137.12493779133703,9.493402105480962
0.016518363425099603,18.371605400996376,137.12491521486,9.493399804792288
0.016518977493807485,18.371625050997874,137.1248700619789,9.49339528625468
0.016520207114640195,18.371663606389298,137.12477974015565,9.493386540001733
0.0165216245080968,18.371707275691154,137.12467569058884,9.493376754683595
0.016523739275283056,18.371773614929662,137.1245201745282,9.493361713054261
0.016527961744964847,18.37191665492697,137.12420865512112,9.493327632207274
0.016536373435535934,18.372181456184425,137.12358870978838,9.493267534953127
0.01655140739225014,18.37264175449123,137.12247222126547,9.493165755788054
0.016554391557263237,18.372738264745852,137.1222496422895,9.493143617976173
0.016560340962068487,18.372936565519627,137.1218053903798,9.493097224602366
0.016562715852302734,18.373017414258943,137.12162800034767,9.493078050842524
0.01656745909103663,18.37318129821781,137.1212737470009,9.49303881575484
0.016569354760281207,18.373247514900445,137.12113221228515,9.49302285204748
0.016573143947219426,18.37338095884446,137.12084941131894,9.492990512603278
0.016574659129620528,18.37343466462642,137.12073637412317,9.492977443286708
0.01657768888200839,18.37354261194249,137.12051043234212,9.492951086894944
0.016583747645062985,18.373760469879645,137.12005898059692,9.492897579938258
0.016595875715340602,18.374200763867194,137.11915724807386,9.492788703269916
0.016610712903231795,18.374738308592296,137.1180574619201,9.492655702766747
0.016625576867587588,18.37527598021769,137.11695777408667,9.492522649978397
0.016640456396252223,18.37581637473515,137.11585788546938,9.492388556034479
0.01664343358889886,18.375924909686457,137.1156378678481,9.492361563139998
0.016649389115568125,18.376142322632624,137.11519782259148,9.492307445161194
0.016661303947710815,18.376573245435676,137.1143176516676,9.492200734092945
0.01667381922809852,18.377021518405392,137.11339332484354,9.49209033478328
0.016686963712751912,18.37749343416471,137.11242266435212,9.491973950563787
0.016701865268007543,18.37802812154585,137.11132222914003,9.491842138893542
0.016716755732182897,18.378561277230645,137.11022230075451,9.491710897177082
0.016731627510851332,18.37909321404218,137.10912328339165,9.491580076987654
0.01674647715866462,18.379624629097524,137.10802547786992,9.491449387106075
0.0167494443212568,18.379730555665127,137.10780607470173,9.491423378132781
0.016755375875408762,18.379941627576915,137.10736745884526,9.491371652277856
0.016767227849220356,18.38036348931372,137.10649093388432,9.491268266796997
0.016769714838674732,18.380452072356682,137.10630698286323,9.491246551574392
0.016774686816029893,18.380629160046595,137.1059392251146,9.49120314256089
0.016784622655178216,18.38098306692168,137.10520424634015,9.491116395490057
0.01679854931316971,18.381479202453015,137.10417391630023,9.49099479276811
0.01681329002221199,18.382004438795686,137.1030831744271,9.490866065631533
0.016828003818622483,18.382528873602674,137.10199421035244,9.490737536517425
0.016842689368108066,18.383052517698616,137.10090710241133,9.490609195360987
0.016857345475483232,18.38357527861344,137.09982193662086,9.49048107207532
0.01687197110122407,18.384098785992627,137.0987387987482,9.490352527731748
0.01688656533939692,18.38462760095796,137.09765776537841,9.4902217822127
0.016901127390827164,18.38515542475271,137.09657890014535,9.490091280013399
0.016904035856303512,18.385260911146947,137.09636338487317,9.490065193046547
0.016909848830332308,18.3854716815532,137.09593264062946,9.490013078786793
0.01692145874813733,18.38588967748167,137.09507222991738,9.489910156190865
0.016933625807841413,18.38632490242125,137.09417036294838,9.489803409920025
0.016948078712852754,18.386841594942453,137.09309883479312,9.48967674448847
0.01696249662219218,18.387356795970856,137.09202963952714,9.489550501758822
0.016976879047838178,18.387870500284215,137.09096280482152,9.489424683048094
0.01699122557159416,18.38838213276986,137.08989835142958,9.489299511170685
0.017005535856777998,18.388890082320692,137.08883629721726,9.4891756115573
0.017019809661306562,18.38939617978855,137.08777665553797,9.48905227113479
0.017034046861374996,18.38990042831134,137.0867194331264,9.488929487579924
0.017048247481936785,18.390402844524584,137.0856646265747,9.488807253718461
0.017062411727128524,18.390903497736677,137.08461221578017,9.488685542677322
0.017076539988243544,18.391403209191676,137.0835621566192,9.488564036597356
0.017079361572657215,18.391503241587408,137.08335239639902,9.48853968295893
0.017085000677536266,18.391703101004598,137.08293315388724,9.488491036237088
0.01709626195772207,18.392102192904524,137.08209573409565,9.488393912263597
0.017098624545956898,18.39218613178615,137.08191999597446,9.488373457496438
0.01710334731238128,18.392354077806456,137.08156866781397,9.488332511111787
0.017104940964773108,18.392410836893138,137.08145009792767,9.488318661417162
0.01710812734825684,18.392524475987003,137.08121299986638,9.4882909121299
0.017109364881576217,18.392568697359742,137.0811209017864,9.488280102315873
0.017111839509597826,18.39265728730737,137.0809367149838,9.488258424833441
0.01711282923962798,18.392692802098587,137.0808630379687,9.488249723375036
0.01711480850838165,18.39276398404046,137.0807156781119,9.488232261655241
0.01711560017394509,18.39279253017439,137.08065672808587,9.488225248884671
0.017117183446990647,18.39284976405882,137.08053881595956,9.488211169153224
0.017120349887990494,18.39296485137475,137.08030292818228,9.488182773342253
0.017123675327186394,18.393087001248063,137.0800551023023,9.488152459421977
0.017127214095106535,18.393218289665512,137.07979140466787,9.488119692945277
0.01713430129523963,18.393477344068764,137.07926417418037,9.488055517600893
0.017137116016783027,18.393577677965805,137.07905497986772,9.48803100758541
0.017142744663547926,18.393774909288982,137.07863657282914,9.48798332411479
0.01714471915535898,18.393843752763374,137.0784896882249,9.487966738308966
0.01714866581911534,18.39398130296256,137.07819590835518,9.487933620472681
0.017149617442079657,18.39401450590115,137.0781250173329,9.487925624557105
0.017151519905556745,18.394080957487226,137.077983237737,9.487909614767602
0.01715222521505977,18.394105633361704,137.07793064509144,9.487903665922293
0.01715363520849944,18.394155006017872,137.07782546190123,9.487891759944425
0.01715409042579652,18.394170969010307,137.0777914786441,9.487887908867217
0.017155000412922394,18.394202907601624,137.07772350995955,9.487880201956148
0.017155345660994414,18.394215041021088,137.0776977023488,9.487877273171087
0.017156035756189292,18.394239321083308,137.07764608301815,9.487871410743264
0.01715631159159625,18.394249039993113,137.07762543252744,9.487869063286276
0.01715686292575469,18.394268489648262,137.07758412650458,9.487864364120098
0.01715796466426689,18.394307408849023,137.0775014901187,9.487854959734408
0.01715912092039562,18.394348492892853,137.0774146413631,9.487845005642875
0.01715936411977914,18.39435720066412,137.07739638775567,9.487842885214167
0.017159851003000548,18.394374724499038,137.07735986268148,9.487838603512976
0.017160827151164293,18.394410477779648,137.07728672780348,9.487829771800321
0.01716220886280484,18.39446354855503,137.0771833371743,9.487816304760157
0.017164940950906815,18.39457410607134,137.07697963863396,9.487787441526159
0.017169536116631967,18.39472362328241,137.0766418432184,9.487752718613214
0.017177286469771125,18.394901015973762,137.07607194953536,9.487723223005503
0.017180053533022988,18.39496453150868,137.0758664602392,9.487712761616796
0.017185531102403284,18.395104006121983,137.07545630519672,9.487686947145308
0.017187705291206057,18.39516403235356,137.075292726498,9.487674942039652
0.017192028924682856,18.395290398253596,137.0749665745793,9.487648409561114
0.017193751264973578,18.39534269902306,137.07483648822952,9.487637089168153
0.01719718550223681,18.3954497899281,137.0745769637605,9.487613436625388
0.017204023131915824,18.39567093086329,137.07406029599824,9.487563264364423
0.017211175757740782,18.395908956216616,137.07352051664486,9.487508133517196
0.017219513917523188,18.396191217523878,137.0728924645979,9.487441927283163
0.01722126347468267,18.396250834265917,137.07276083742684,9.48742787345659
0.017224761419386114,18.39637034783598,137.07249784003784,9.48739963980601
0.017231754164497737,18.396610172505742,137.07197269355137,9.487342806432912
0.017239094073641104,18.39686274549669,137.0714222201662,9.48728277635181
0.01724679946638996,18.397128439401545,137.07084500782452,9.487219502931005
0.01726004264363523,18.397585718271646,137.06985418832912,9.487110433521668
0.017273280541222014,18.398043243493817,137.0688647595043,9.487001184697961
0.017286509946702777,18.398500627456976,137.06787655778973,9.486891918636603
0.017299727504224927,18.398957604083716,137.06688956645135,9.486782738988955
0.017312930184650965,18.399413899860225,137.06590384524856,9.48667374575758
0.01732611534620554,18.399869255678617,137.06491948673636,9.486565030148235
0.017339280658634326,18.400323456339628,137.06393659307966,9.486456665204278
0.01735242403058901,18.400776345442996,137.06295526481497,9.486348700663417
0.017365543592213095,18.40122781443586,137.0619755959735,9.486241169416276
0.01737863770230974,18.40167778198179,137.06099767194718,9.486134096991847
0.01738125331132845,18.40176762421567,137.06080229860711,9.486112726190456
0.01738648128346132,18.40194705802337,137.06041178816633,9.48607006521638
0.017396923940486975,18.40230507100429,137.0596316620369,9.485985012663571
0.01740995157048697,18.40275104351295,137.05865822842125,9.485879172925367
0.017422949816147115,18.403195193227354,137.05768677287205,9.485773888124186
0.017435918931611005,18.403637648412964,137.0567173399414,9.485669098615922
0.01743850904492772,18.403725962973347,137.0565236890677,9.48564819092658
0.01744368581898681,18.40390223670515,137.05613666094453,9.485606492811753
0.017445755250048434,18.403972608022105,137.05598194292412,9.485589860329815
0.017449891821664232,18.404113153126396,137.05567266611092,9.485556660488731
0.01745154571372365,18.40416933050595,137.05554900978152,9.485543392496371
0.017454852033507717,18.40428160551499,137.05530179618358,9.485516880596267
0.01745580973316896,18.40431413672624,137.05523019950323,9.485509196676423
0.017457724896011828,18.404379204055047,137.05508703405226,9.485493825069074
0.017458323948482235,18.404399567756577,137.0550422666049,9.485489011707307
0.017459522244287706,18.404440309756136,137.0549527388,9.485479378869332
0.017459920716487054,18.404453860741203,137.0549229835887,9.485476173423699
0.017460718004816522,18.404480977238226,137.05486347337722,9.48546975690041
0.017461005870593294,18.404490766392744,137.05484200280142,9.485467439633513
0.01746158199261294,18.404510355713153,137.05479905974505,9.485462800969474
0.01746180638460615,18.40451798213523,137.0547823493627,9.485460994518634
0.017462255556218387,18.40453324292572,137.05474892596132,9.485457378722371
0.01746243542339576,18.40453935018295,137.05473555505282,9.485455931372371
0.017462795480192472,18.404551618054036,137.0547088104122,9.485453016185808
0.017463516517577493,18.404576188342453,137.05465530929746,9.48544717317704
0.017464274656624146,18.404601987711846,137.05459910098446,9.485441040060492
0.017464433758494158,18.40460741297379,137.05458728911708,9.485439749801836
0.017464751675579926,18.40461827007918,137.0545636565946,9.485437167342884
0.017464878649497306,18.404622617633684,137.05455419949655,9.485436132814025
0.01746513218932222,18.40463132226821,137.05453527781614,9.485434060579191
0.017465637476357654,18.404648780720542,137.0544974003467,9.485429899386489
0.01746616511350363,18.4046672499577,137.05445756366316,9.485425481142011
0.01746671691248114,18.404686895094986,137.05441564052336,9.4854207505295
0.01746731870098428,18.40470884120659,137.05436973836822,9.485415401495114
0.017468267160090534,18.40474588695482,137.05429712938735,9.485406035216458
0.017470171882301155,18.404841577811222,137.0541507206761,9.485378997758389
0.017472537110475472,18.404969672342524,137.05397265268712,9.485341566365417
0.01747546809765599,18.40507038896849,137.053760540393,9.485317120515555
0.01747973125446789,18.405113565048822,137.05345722244851,9.485321325412357
0.017486255604770018,18.40514818536898,137.05298044974757,9.485340848591713
0.01749655431315489,18.405331402802435,137.05219949732847,9.48532371051894
0.017498960075135517,18.405391237873285,137.05201527439436,9.485313217474195
0.017503734098773704,18.40552390451546,137.05164925438882,9.485287018763009
0.017505635128834296,18.405580211236543,137.05150359780288,9.485275229861795
0.017509427010763967,18.40569707697215,137.05121345252437,9.48524992127781
0.01751075671628044,18.405739122161037,137.05111184617226,9.485240623981621
0.017513414105163938,18.40582451095277,137.05090904990564,9.48522149698971
0.017514098223576635,18.40584675541887,137.0508568799463,9.485216468720147
0.01751546608424359,18.405891517775473,137.05075262185093,9.48520630051168
0.01751596573110381,18.40590796673167,137.05071454655425,9.485202547648113
0.0175169647562039,18.405941011159463,137.0506384302143,9.485194982749503
0.01751731172528348,18.405952537345875,137.05061199126877,9.485192336388915
0.01751800542811932,18.405975657162898,137.0505591260969,9.48518701664624
0.017518282775467853,18.40598492949686,137.05053798358486,9.485184879042812
0.017518837227879835,18.40600351476431,137.0504957043192,9.48518058770447
0.017519945145168858,18.40604079199512,137.05041116460382,9.48517196242057
0.017521106341602533,18.406080179759165,137.05032237530145,9.485162811840288
0.017522324059156102,18.40612244682286,137.05022904393746,9.485152857727277
0.017524763338233162,18.406213752026513,137.05004207378386,9.485130342276147
0.017525742646500198,18.406251442901304,137.0499673567011,9.485120877616069
0.017527709284875792,18.406325217169282,137.04981836603824,9.48510254225484
0.017528466114304808,18.406352030082758,137.04976138767788,9.485096074256337
0.01752998390146887,18.406402409998414,137.04964767466996,9.485084382031479
0.017530445780189474,18.406416976530416,137.04961317973456,9.485081113372885
0.017531370706156513,18.406445138651794,137.0495442310978,9.4850749503088
0.01753172487626886,18.406455635874615,137.04951786573284,9.485072699150152
0.017532433818462367,18.406476224654497,137.04946514170774,9.485068353940184
0.017532717630586836,18.40648434222187,137.04944405157772,9.48506666170964
0.01753328564801293,18.40650040011295,137.0494018684609,9.485063346302413
0.017534423138964916,18.406531949893182,137.04931747543426,9.485056937252152
0.0175356196153712,18.406564771429352,137.04922876612574,9.485050333340265
0.01753712239733618,18.406606980992695,137.04911719834038,9.485041666654483
0.017540124122759293,18.40670026710743,137.04889351506466,9.4850209291076
0.01754611125804284,18.406878967412894,137.04844817010783,9.484982373953668
0.01754849735400621,18.40694386572563,137.0482706888783,9.484969463069298
0.017553246823844404,18.407069958159237,137.04791619244958,9.484945048843636
0.017562656056885007,18.407339279030484,137.04720929040582,9.484889427378555
0.017564622921265483,18.407398779357962,137.04706122593817,9.484876578357309
0.017568549492118946,18.40752051567839,137.04676554840742,9.484849787714262
0.01757638749979229,18.407772126542106,137.0461757250567,9.484792943724363
0.017584616537051567,18.408043892400705,137.04555773940484,9.484730228949044
0.01759522665078883,18.408400969350485,137.04476311339835,9.484646632022592
0.017606978528888817,18.408801566807913,137.04388542244232,9.484551901443469
0.017609334211855066,18.40888231361742,137.04370971862514,9.48453272477408
0.017614051012262655,18.409044311294085,137.04335813517588,9.484494189362092
0.017623505983570764,18.40937018838375,137.0426541067822,9.484416452703764
0.017633461912847315,18.409714599326424,137.0419135473774,9.484334063549818
0.01764394325395402,18.41007810454925,137.04113449830513,9.484246957102625
0.01765497476060507,18.410461317771837,137.0403149781609,9.48415504670725
0.017666581644437906,18.41086490707703,137.03945297571002,9.484058197628588
0.017678538124922927,18.411281090024705,137.0385651267275,9.483958233175258
0.01769051017321477,18.411697974040518,137.03767612747686,9.483858008466031
0.017702493333812908,18.4121146963442,137.03678623022793,9.483757815083148
0.017714483588845087,18.4125310163402,137.03589567212444,9.483657737490049
0.017726477339559343,18.41294677878963,137.0350046715024,9.483557853680862
0.01773847140167728,18.413361863257972,137.03411342715668,9.48345823619121
0.017750462989043925,18.41377616223432,137.03322211784032,9.48335894759232
0.01776244967275864,18.41418959620586,137.03233090144266,9.483260030926774
0.017774429335147612,18.414602091220676,137.0314399178762,9.483161512207023
0.0177864001255017,18.415015417773283,137.03054929262328,9.483062690897745
0.017798360416179215,18.41543111302356,137.0296591386528,9.48296295124281
0.017800751051458175,18.41551417307337,137.02948117040688,9.482943032717047
0.01780388839056135,18.415623119486636,137.02924760408283,9.482916916900031
0.01780727592830178,18.41574069831531,137.02899538626048,9.48288874328203
0.017814047893298324,18.415973919487197,137.0284911056501,9.482833142949236
0.01781643515179998,18.416056029730154,137.02831330927657,9.482813587524562
0.0178173899013776,18.41608886264645,137.02824219913904,9.482805769427223
0.017819299134705813,18.416154510672527,137.02809999280632,9.482790139735716
0.017823116522850846,18.416285922198362,137.02781563575297,9.482758834257035
0.017830746872597225,18.416554348061606,137.02724715143657,9.482694035093518
0.017838752082028786,18.416836013174734,137.02665058675308,9.482626054651778
0.017839088145150006,18.416847819432963,137.02662553722342,9.482623208389974
0.01783966133306647,18.4168680092611,137.02658281506336,9.482618333083305
0.017840699134874072,18.416904543806403,137.02650546200775,9.482609514184883
0.017841788696735472,18.4169428947528,137.02642424831168,9.48260025794516
0.01784396741683758,18.417019578386633,137.02626184233597,9.48258175095029
0.01784832321604901,18.41717289997044,137.02593711658238,9.482544748666
0.017849237650139682,18.417205091937117,137.02586893833725,9.482536979130831
0.017850291568068832,18.417242201694755,137.02579035857957,9.482528021611145
0.01785059074236961,18.41725273563143,137.02576805170543,9.482525478994543
0.017851189058993744,18.41727380379801,137.0257234397086,9.48252039347726
0.017852385563970063,18.41731593688758,137.02563422253957,9.482510222992962
0.017854778057621257,18.417400191348086,137.02545581565616,9.482489883440733
0.017859560958308762,18.417568636626793,137.02509911440305,9.482449214496272
0.017861121573246486,18.417623600627273,137.0249827131972,9.482435942472843
0.017864241893635224,18.417733488809265,137.02474996349792,9.48240940659927
0.017870478860092076,18.417953075822933,137.02428467260677,9.482356378409662
0.01787816970116296,18.418223775276722,137.0237108025773,9.48229099853171
0.017890010565495107,18.418640426189505,137.02282702813315,9.482190354407363
0.017901832818722485,18.419056519685252,137.02194433944874,9.482089823508339
0.017913635891404156,18.419472149562665,137.02106276781015,9.481989396187258
0.017925419280648724,18.419887329770603,137.02018234941931,9.481889085461116
0.01792777355677444,18.419970336894167,137.02000640262213,9.481869029096421
0.017932479701437964,18.420136240609587,137.01965466549066,9.481828952822076
0.017940518768334468,18.420419649489595,137.0190537130244,9.481760511829224
0.017942718034506422,18.420497208789197,137.01888928155356,9.481741783411083
0.017947114415759025,18.420652243746183,137.01856055408203,9.481704354317953
0.017948872161869134,18.42071423464181,137.01842911064483,9.481689390394264
0.017952386269009746,18.4208381706924,137.01816630879537,9.481659478355818
0.017959408911400354,18.421085871632513,137.01764103875996,9.481599718631879
0.017966908828423334,18.421350515564416,137.01707994079518,9.4815358948143
0.01797647415076109,18.421688123876823,137.0163641293432,9.481454494149807
0.017978810469663875,18.421770667221473,137.01618925404162,9.481434580836341
0.017983480619873315,18.421935715083414,137.01583965566695,9.481394753350704
0.017985347783327055,18.422001749778055,137.01569986612392,9.481378810417796
0.017989080573427074,18.422133829447333,137.01542037648514,9.48134690957196
0.017990573135178045,18.422186686704546,137.01530860960597,9.481334135720088
0.017993557298520146,18.422292459096422,137.01508512590564,9.481308559263342
0.0179995219000485,18.422504474038412,137.0146383337567,9.481257202259233
0.018005781050423386,18.422727651871583,137.0141694434212,9.481203036974085
0.018007688063542138,18.42279560405089,137.01402660041396,9.481186550836703
0.018011501587205547,18.422931202316715,137.01374101025192,9.481153692482643
0.018013026771522167,18.42298527501187,137.01362680979676,9.481140612430746
0.018013636807134303,18.423006874415897,137.01358113564459,9.481135391715112
0.018014856811028768,18.423050020413548,137.01348979767477,9.481124970438568
0.018017296520499437,18.423136080214594,137.01330716319848,9.481104216777208
0.01802217427123798,18.42330687319953,137.01294205832048,9.481063221161026
0.018023800865478057,18.42336311047285,137.0128202970585,9.481049831276794
0.01802414239546335,18.423374909296125,137.0127947304009,9.481047023592792
0.018024279001999655,18.423379628275438,137.01278450405616,9.481045900724629
0.018024552205634592,18.423389064387322,137.01276405189142,9.481043655692595
0.018024661483504678,18.42339283813421,137.01275587121756,9.481042757945914
0.018024880033057133,18.423400384618922,137.01273951020352,9.481040962836635
0.018025317107071115,18.423415473423773,137.01270678950027,9.481037374203487
0.018026191151956694,18.423445635827257,137.01264135338337,9.481030202707784
0.018027938806486787,18.4235059102514,137.01251050234575,9.481015878702506
0.01803019279736584,18.423583615867933,137.01234171347,9.480997420613768
0.018034697322399484,18.42373895860203,137.0120042858573,9.480960526479102
0.018043691336863343,18.424049962973548,137.0113301035158,9.48088658289339
0.018055245044456547,18.424451143123818,137.01046335505998,9.480790983022903
0.018057552187051185,18.42453145419295,137.01029020063172,9.480771814077137
0.01805997342709964,18.42461577007496,137.0101084676351,9.48075168252967
0.01806481210848221,18.424784385430513,137.009745223537,9.480711400570847
0.01806988747356486,18.42496144997956,137.00936412560432,9.480669060383457
0.018071216694708236,18.42500785797517,137.00926430272722,9.480657956225617
0.018073874082034536,18.42510068108049,137.00906472167105,9.480635737250864
0.01807487364820215,18.425135609043217,137.0089896440537,9.480627373918221
0.0180768721992024,18.425206371140188,137.00883952383788,9.480610290633459
0.01807941848860739,18.425297291576108,137.00864824292105,9.480588227414762
0.01808450741266976,18.42547919362723,137.00826589817785,9.480544051178288
0.01808990667602217,18.425672482733642,137.00786015485443,9.480497059758036
0.018095570533460337,18.42587557740046,137.00743444045756,9.480447632910286
0.018106054802407456,18.426252362934303,137.00664617418497,9.480355820504375
0.01810825481265954,18.426331765685102,137.00648071385172,9.480336426389968
0.018112653050524674,18.426490767005838,137.00614989426666,9.480297554591987
0.018117830320509065,18.426678541830956,137.00576038223218,9.480251565559906
0.018118917405251067,18.42671815446198,137.005678573858,9.480241838560932
0.018121091420919,18.426797588863394,137.00551494812012,9.480222303751797
0.018121951994984342,18.426829128748558,137.00545016745744,9.480214534290806
0.018123673152677156,18.426892382717607,137.00532058751338,9.480198928901183
0.018124361652610554,18.42691776860237,137.00526874420152,9.480192654777062
0.018125738730257357,18.42696870043581,137.00516503613946,9.480180045838068
0.018128493313392613,18.42707133322174,137.00495751836823,9.480154536405767
0.018131387170114754,18.4271807213533,137.00473940848858,9.480127136734964
0.018134428833698313,18.427297277817363,137.00451017463064,9.48009772389154
0.01813966894233565,18.427495823668465,137.00411596666348,9.480047880945342
0.01814524102678461,18.427699226113333,137.00369735779208,9.479997844504748
0.018154651622668827,18.428037347038416,137.0029893369023,9.479915539214165
0.01816609958364357,18.428449822145204,137.00212611561176,9.479815178216246
0.018168385613957727,18.428532315039885,137.00195355747783,9.4797951118202
0.018172954003403907,18.428697097090758,137.0016085793516,9.479755059814442
0.018182075150533716,18.42902580059215,137.00091924831543,9.479675291677946
0.018192745204413163,18.429408605343095,137.00011200067615,9.479582774344516
0.018204080137724676,18.429811801465572,136.99925351385414,9.479485964649255
0.018215372328271306,18.430211268802925,136.99839728719007,9.479390494886633
0.01822661746050236,18.430607107585654,136.99754365214645,9.479296286345047
0.01823781438388372,18.431000075865217,136.99669281522497,9.479203014530185
0.018248967948594985,18.43139160844717,136.99584472885758,9.479110112106682
0.018251193006771915,18.431469650949992,136.99567545985005,9.47909160960071
0.01825563827440224,18.431625296960807,136.9953372984533,9.479054748032285
0.018257414613358836,18.43168736668597,136.99520216592273,9.479040067184691
0.018260964166605276,18.43181127745158,136.99493211970358,9.479010778550464
0.018262383029786777,18.431860784915713,136.994824179712,9.478999079585748
0.018265218904851444,18.431959711635546,136.99460843717276,9.47897570617652
0.018266009462018507,18.431987247814668,136.99454831778425,9.478969205089435
0.01826759039483572,18.43204230273558,136.99442811747866,9.478956206620708
0.01826812110881404,18.432060787250567,136.99438778979155,9.478951840405028
0.01826918282593104,18.432097759684904,136.99430714894183,9.47894310565347
0.01826954448826157,18.43211035144438,136.99427970263548,9.478940129623075
0.018270268250790145,18.432135543522328,136.99422481388663,9.478934173983506
0.01827054374066106,18.432145128408298,136.99420394237632,9.478931907188269
0.018271095199717147,18.432164307649717,136.99416219926366,9.478927369938354
0.01827131604190335,18.432171984600647,136.99414550105226,9.478925553070459
0.01827175816968407,18.4321873471956,136.99411210265566,9.47892191610522
0.01827264381140692,18.432218093380108,136.99404529209383,9.47891463500632
0.018273575343698778,18.432250602040863,136.9939750867958,9.478906906334238
0.018274794163921304,18.432294485363887,136.99388297364203,9.478896288953615
0.01827504925550516,18.4323039253069,136.99386361967143,9.47889397299946
0.018275558477015896,18.43232310303681,136.99382490417045,9.47888922614787
0.018275761737502005,18.432330867512835,136.9938094185343,9.478887291166979
0.018276167495806628,18.432346548398918,136.99377845146586,9.47888336201643
0.018276976345037887,18.432378227566907,136.99371656590765,9.478875377345297
0.018277821829494667,18.43241112855073,136.99365168837497,9.47886712683304
0.018278707523256443,18.432444675788716,136.9935836743924,9.478858843587153
0.018280292615212912,18.432502661703698,136.99346248860186,9.478844777507957
0.01828348242214073,18.432603572033198,136.99322192240535,9.478822361869755
0.018289100076128717,18.432727084090974,136.99280066434852,9.478803742535677
0.018299545426030184,18.432978653380086,136.99200269545008,9.47876167222892
0.018301658454713654,18.43303809755355,136.9918399393293,9.478749942112595
0.0183058587880075,18.433163919388736,136.99151580770263,9.478723702699064
0.018314196966632834,18.433432227914825,136.99087244036588,9.478664440546117
0.018322915125974504,18.43372560926921,136.9902016501935,9.47859737046292
0.018324744441771013,18.433788050274362,136.9900611692071,9.478582934261008
0.018328402456669113,18.433913587741067,136.98978055134566,9.478553779911287
0.018335719618313262,18.434166628094502,136.98922030037716,9.478494617848614
0.018343408420553264,18.434436971230564,136.9886328480358,9.4784305958214
0.018351490037725737,18.434728287405147,136.98801645242068,9.478360403112134
0.018353569129802683,18.434803427429713,136.98785800746975,9.47834225263007
0.01835772898499799,18.434953951568385,136.9875411435611,9.47830584586164
0.018358602814372627,18.43498560155902,136.9874746023943,9.478298183438826
0.018360350740163067,18.43504894921477,136.98734152189766,9.478282838438831
0.018361050005790802,18.435074302068433,136.98728828944405,9.478276694545915
0.018362049580832762,18.435110555525018,136.98721220251798,9.47826790620596
0.018364049049726328,18.435183112690353,136.98706002721033,9.478250308221048
0.018364848948187795,18.435212154167054,136.98699915605226,9.478243261177468
0.018366448930106194,18.435270270932726,136.98687741234633,9.478229152864834
0.018369649595074145,18.4353866253795,136.9866339168367,9.478200885207517
0.018373532947077775,18.43552796802104,136.98633855199418,9.478166509762422
0.018379352469720556,18.435740122698217,136.98589603733683,9.478114839995108
0.01838977694124888,18.43612105383591,136.98510361053874,9.478021877294344
0.01840020414078214,18.436503091703855,136.98431113494468,9.47792845517109
0.01841063106125962,18.43688599809996,136.98351871541945,9.477834677348564
0.01842105505344127,18.437269614722243,136.98272646068534,9.477740612941503
0.018431473879108817,18.43765373902414,136.9819344825152,9.47764634499753
0.01844188569876648,18.43803812813209,136.9811428893619,9.477551968240016
0.01844230199599317,18.438053479954956,136.98111123165884,9.477548202395777
0.018443134548376316,18.43808426912388,136.98104792585443,9.477540637026447
0.018444799489478414,18.43814579406032,136.98092132543522,9.477525526646058
0.018448128689891652,18.438268808294335,136.98066816421533,9.477495318684857
0.01844927579540656,18.43831119788877,136.98058093068624,9.477484909551183
0.018451569661003142,18.438395971698245,136.98040648455137,9.477464092689445
0.018456155968584964,18.4385654820441,136.98005767509778,9.477422470500661
0.018457989934848706,18.43863327602828,136.97991818294486,9.477405824340975
0.018461656892212797,18.438768837005696,136.97963925747868,9.477372540581191
0.018468986738060078,18.439039848198345,136.97908164346734,9.47730600660048
0.01847106278892796,18.439116614367173,136.97892369060665,9.477287160734512
0.018475213526297996,18.43927004520781,136.97860787484578,9.477249499942017
0.018476873340179667,18.43933139591463,136.97848157629818,9.477234441283194
0.01848019201027673,18.439454022871878,136.9782290359827,9.477204347311591
0.01848111849455547,18.43948828697495,136.97815852586942,9.477195934700063
0.018482971207852583,18.43955684224906,136.9780175163462,9.477179098204337
0.018483549626315265,18.439578275914297,136.97797348800867,9.477173830370047
0.01848470640302924,18.439621164814337,136.977885430811,9.477163286500941
0.018485075694533615,18.43963487527102,136.9778573155684,9.477159913588954
0.018485814277823143,18.43966231781783,136.97780108058333,9.477153159782478
0.01848607448601758,18.439671996616745,136.97778126588483,9.47715077648479
0.01848659491820992,18.439691371403146,136.97774163123222,9.477146003650834
0.018486791660803248,18.43969870245872,136.97772664565116,9.477144196934177
0.018487185163749476,18.439713376740222,136.97769666930301,9.477140579182057
0.018487342574125543,18.439719251168,136.9776846759664,9.477139130463081
0.018487657408236102,18.439731008303482,136.97766068427376,9.477136230190721
0.018487783346853748,18.43973571415363,136.97765108510097,9.477135069104031
0.018488035229578093,18.439745130922713,136.9776318822459,9.477132745298205
0.018488539005028337,18.439763970772248,136.9775934570031,9.477128096671034
0.01848906793601157,18.439783750061867,136.97755306577582,9.477123219819998
0.01848962324672765,18.439804534838274,136.9775105775783,9.4771180982255
0.018490206313289015,18.439826529091658,136.97746583086027,9.477112664026665
0.018490818657748154,18.439850287061876,136.97741862456428,9.477106716356072
0.018491510879588335,18.439879312947127,136.97736490739965,9.477099176991969
0.018492896588213292,18.439953607762835,136.9772563611667,9.477077881017218
0.018494719219090516,18.440067216838337,136.9771156028944,9.477043575704547
0.01849694787319811,18.440166894477525,136.9769506668095,9.477016343076134
0.018500150325869713,18.440214279241225,136.97672055565306,9.477013886863192
0.018504993295018424,18.440225304115728,136.9763655512205,9.477034173718245
0.018512489917948627,18.4403248851946,136.97579031867832,9.477035426722313
0.018514422792941465,18.440367608688025,136.9756394961773,9.477029326022324
0.018518241320874318,18.440468992262105,136.97534016926448,9.477010799561988
0.01852319009239911,18.440622132549212,136.9749520666175,9.476978394529485
0.01853258066095953,18.44094680310652,136.97422014334398,9.476903432748085
0.018542002556908077,18.44129113317757,136.9734924938257,9.476820592759767
0.01855149322877725,18.441645824368774,136.97276483845934,9.476733759853037
0.018561059407037894,18.44200710158269,136.972035116511,9.476644536477558
0.018570696522464902,18.44237299262176,136.97130249196954,9.47655374554922
0.018580396210466366,18.442742317594046,136.97056675655628,9.476461854760274
0.018590149298051806,18.443126935749955,136.969828009952,9.476364249734477
0.018599946994920735,18.443515866501993,136.96908649370994,9.476265147944666
0.018600339674095245,18.443531452995252,136.96905677819421,9.47626117568468
0.01860083684563585,18.44355124099348,136.9690191597737,9.476256125114553
0.018601831468382568,18.443590804002756,136.9689439051148,9.476246029971335
0.01860330861955084,18.44364956214791,136.96883214702325,9.47623103562155
0.018606265247193776,18.443767220383826,136.96860847013738,9.476201000348345
0.018612187185853335,18.444003130544374,136.96816049872433,9.476140731408355
0.018613432091711846,18.444052772237843,136.96806632691332,9.47612804081153
0.01861526127146007,18.444125741894542,136.96792796006667,9.476109381231872
0.018618922337164445,18.444271870065705,136.96765102064774,9.476071998023908
0.018626254344752846,18.44456482598912,136.96709636920903,9.475996991210032
0.01862818437052316,18.44464202448654,136.96695035162205,9.47597721106344
0.01862895658527164,18.444672918416202,136.96689192831832,9.475969293938297
0.018630501357693507,18.444734731069893,136.9667750530057,9.475953451102708
0.01863359221526184,18.444858452697456,136.96654118989326,9.475921732147693
0.018639778727223,18.445106282468196,136.96607303855066,9.47585815962334
0.018641761730379236,18.445185801665193,136.96592295469011,9.475837749454826
0.0186425550757362,18.445217624315823,136.96586290751463,9.475829580121815
0.018644142006496,18.445281296144387,136.9657427894838,9.4758132321476
0.018647316773483524,18.4454087448844,136.96550246040044,9.475780499522386
0.01865366949109959,18.445664102208568,136.965021450658,9.475714873255724
0.018663601927588536,18.446064471293404,136.96426904127466,9.475611847530137
0.018673538733168904,18.4464664995803,136.96351582057937,9.47550823110974
0.018683477111820945,18.446869919662305,136.9627619922273,9.475404118738965
0.018693415228797416,18.447274553859128,136.96200773182932,9.475299571369673
0.018695402368879566,18.44735559173777,136.9618568423797,9.475278622475134
0.018699376354941455,18.44751770542726,136.96155504866113,9.475236712127945
0.01870096572656843,18.44758254855445,136.96143432330982,9.475219949893923
0.01870414401760978,18.447712237524,136.96119286124522,9.475186425959999
0.018705415022491345,18.44776413515541,136.96109626925613,9.475173008656565
0.01870795656334978,18.447867946880542,136.960903079697,9.475146168611316
0.018708684167870415,18.44789770653788,136.96084774206813,9.475138471487126
0.018710139012427685,18.447957251536394,136.96073706112279,9.47512306787197
0.018710617349294023,18.447976861038818,136.96070064792033,9.475117992643913
0.018711573686921334,18.448016106755606,136.96062781668726,9.475107832257784
0.018711901989845625,18.44802959922073,136.96060279644425,9.475104337900866
0.018712558292847348,18.448056602415743,136.96055275171636,9.475097342443421
0.018712809998131075,18.448066973143813,136.9605335434703,9.475094655002827
0.01871331311741664,18.448087727456343,136.96049512300706,9.475089275438421
0.018713514217255756,18.44809603478963,136.96047975271375,9.475087121595251
0.018713916147987675,18.448112658358323,136.96044900838524,9.475082810733642
0.01871471882933673,18.44814590143644,136.96038750127155,9.475074191921175
0.018715579449510078,18.448181704734594,136.96032134112454,9.475064903606187
0.01871685654761479,18.44823634828494,136.96022277868872,9.4750505608054
0.018719418764943985,18.44835420546528,136.96002531088908,9.475018579848404
0.01872459473290955,18.448562355131216,136.9596332065021,9.47496510200684
0.01872568436123978,18.448601126933116,136.95955112931517,9.474955767216434
0.01872786289393369,18.448675156592916,136.9593870301012,9.474938455472238
0.01872873322553259,18.448704318394867,136.9593213813016,9.474931705931704
0.018730471239437385,18.448762602131396,136.95919005362583,9.474918224716383
0.01873116542242148,18.44878608588076,136.95913751545615,9.474912766902415
0.018732551863634872,18.44883347793531,136.95903243583874,9.47490168727914
0.018733003580600815,18.44884908787339,136.95899816777924,9.474898014201264
0.01873390636980876,18.448880547136312,136.95892963522962,9.474890575171857
0.018734227346724808,18.448891818300254,136.95890526096707,9.474887897534433
0.018734869124281905,18.448914493504244,136.95885651451832,9.474882490699622
0.018735121687819323,18.448923467045322,136.9588373307859,9.474880343572172
0.018735626822797058,18.44894149882805,136.95879896406146,9.474876016491283
0.018735828916090602,18.448948743611293,136.95878361719076,9.47487427326159
0.018736233186557705,18.448963286994,136.95875292311268,9.474870766003747
0.018737042169968077,18.448992547350727,136.95869153012538,9.474863684698764
0.018738068214129044,18.4490311443504,136.95861367676957,9.474854139415008
0.018739643727426092,18.449093757113328,136.9584938063654,9.47483818961216
0.01874278563381937,18.449229075397568,136.95825429340115,9.474802365839365
0.01874903758100399,18.449467204324723,136.9577796707772,9.474743022265875
0.0187587148396805,18.449816878472298,136.95703910212737,9.474658912558835
0.018768255313051152,18.45018748327972,136.9563043856441,9.474566266429592
0.018770154969983466,18.45026357026764,136.95615802355343,9.4745469300205
0.018773948290269016,18.450417267095148,136.95586585053078,9.474507622627002
0.01877546415542286,18.450479214481796,136.95574914522172,9.474491704105496
0.01877849400397935,18.45060382655379,136.95551598891493,9.474459566726795
0.01877956633574518,18.45064814541182,136.95543350681706,9.4744481048221
0.018781710572820076,18.450737079875566,136.9552686378895,9.474425056953342
0.01878256818127222,18.450772754386037,136.95520271992498,9.474415795814766
0.018784283306927052,18.450844271291487,136.9550709314579,9.474397203640272
0.018787713580614818,18.4509879210634,136.95480751260538,9.474359763525472
0.018791316153720317,18.451139549620947,136.95453108115214,9.474320123822068
0.018797854866737795,18.4514163737187,136.95402989944301,9.474247495157424
0.018799750103231982,18.451496954181366,136.95388474385874,9.474226300155312
0.01880354254497607,18.45165858933273,136.95359443094048,9.474183723319927
0.018805060324730727,18.451723426148384,136.95347829175407,9.474166621939247
0.018808097298765092,18.451853399567426,136.95324598441525,9.47413230398996
0.018814177089939488,18.452114618126195,136.9527811929121,9.474063185661732
0.018820893094741664,18.452404607297098,136.95226818331943,9.473986250679841
0.01883042979247107,18.452816241953208,136.95154061738438,9.473877007142786
0.018839985655572766,18.453225875581435,136.95081226862055,9.473768606093838
0.018849549874276672,18.453634873267852,136.95008329607407,9.473660512279984
0.01885911551911823,18.454045776897377,136.94935391107865,9.473551724624098
0.018868680156275852,18.454458928568435,136.94862428859892,9.473442096832073
0.01887824324326204,18.454874016715646,136.94789453103033,9.473331740518834
0.01888015563433354,18.45495724673684,136.94774856587995,9.473309589162175
0.018883980189668303,18.455123857916124,136.94745663599818,9.47326522908994
0.018885509916836685,18.455190563911803,136.94733986073987,9.473247461868935
0.01888856920156301,18.45532407481177,136.94710630772994,9.473211889975202
0.018894687020022838,18.455591468228775,136.94663919068176,9.473140605557113
0.01890110946255852,18.455872754237785,136.9461487097942,9.473065558054635
0.018908730510550753,18.45620724567096,136.94556654316702,9.472976243442822
0.01891828110535454,18.45662747594253,136.94483672815383,9.472863930460502
0.01892782714380581,18.457049051216863,136.94410692531815,9.472751099509434
0.0189373683425329,18.457471966650456,136.94337711118072,9.472637753980989
0.0189469029978252,18.45789555113366,136.94264736307923,9.472524148576756
0.0189564274406544,18.458318902621834,136.9419178733516,9.472410619892758
0.018965937648135478,18.45874180919855,136.94118886386943,9.472297236149418
0.018975431360058304,18.45916472816484,136.94046050879643,9.47218381053899
0.018984908437952197,18.459588118537486,136.93973290852912,9.472070159699758
0.018994369880523387,18.46001230334337,136.9390060994196,9.471956155978228
0.019003816884245905,18.46043709340588,136.93828008037877,9.471841870491247
0.019013250404706028,18.460862357682757,136.93755483576902,9.471727352054371
0.019022671058861573,18.461287988789632,136.9368303475043,9.471612641203784
0.01902455368092637,18.46137317250153,136.9366855348917,9.471589671116131
0.01902831742795541,18.46154354530824,136.93639600709716,9.471543722330598
0.01902982236890627,18.461611705379312,136.9362802279973,9.471525336461077
0.019032831295370478,18.461748041415518,136.9360487271893,9.471488554788014
0.019038845332407517,18.462020776801943,136.93558594883058,9.47141495238162
0.01904072367762888,18.46210603771876,136.93544138909107,9.47139193586903
0.019044478880993476,18.46227657673679,136.93515235928558,9.471345890513403
0.019045980406556695,18.462344804570925,136.93503677852345,9.47132746570548
0.019048982503861223,18.462481275916204,136.9348056729143,9.471290606550337
0.019054982872681592,18.462754282178107,136.93434367916333,9.471216850348167
0.019061277766818874,18.46304104952297,136.93385889314172,9.471139345273247
0.019070051137180077,18.463441260564,136.93318303751542,9.471031137232414
0.019079396641089708,18.463868356574032,136.93246283762213,9.470915593461932
0.01908872995479205,18.464293552337377,136.9317432544627,9.470800742372296
0.019098051186544174,18.464718926451162,136.93102422302218,9.470685787592043
0.019099914364920867,18.464804255779192,136.93088044286608,9.470662697360783
0.01910363962672801,18.464975120925917,136.93059292366047,9.470616435331443
0.0191051294165544,18.46504358580523,136.93047791765116,9.470597885104096
0.01910810846519051,18.46518073981589,136.9302479069169,9.470560699130838
0.01910929996837052,18.465235724023096,136.93015589366388,9.470545778552594
0.01911168279197306,18.465345918766253,136.9299718499453,9.470515852194227
0.01911263591962853,18.465390113987848,136.92989821821473,9.470503837740333
0.019114542189825667,18.465478720696193,136.9297509281132,9.47047972790473
0.01911530475347667,18.465514271656758,136.92969199590053,9.470470043559484
0.0191168299931902,18.465585573640304,136.92957410151118,9.47045060018143
0.019117440166524724,18.465614190256243,136.9295269279821,9.47044278709778
0.01911866066087664,18.465671601476068,136.92943255187853,9.470427094517216
0.01912110233492037,18.46578723866493,136.92924366972636,9.470395404946423
0.01912161533851464,18.465811733066438,136.9292039680453,9.470388671494101
0.019122641620140324,18.46586096245513,136.92912452739475,9.470375114419092
0.01912469557109231,18.465960529077186,136.92896548493033,9.4703475841373
0.019127559863392762,18.466100942194636,136.9287438115011,9.470308582118854
0.019133307377001585,18.466375459182583,136.92830024851634,9.47023304547703
0.01914269386705636,18.466810044543603,136.92757546662162,9.470115052995562
0.019152065644229666,18.46724432391184,136.92684981064068,9.469997260864957
0.01916141595473031,18.467677833392038,136.92612447514827,9.46987975460862
0.019163282949611227,18.467764331497833,136.92597951477097,9.469856325071884
0.019167013721166914,18.467937043435203,136.92568973057197,9.469809566510385
0.019168504756592486,18.468006032085885,136.92557387092702,9.469790896415176
0.019171484586146148,18.46814384196612,136.92534225256736,9.469753613719414
0.019172675652256,18.468198906580625,136.92524964504437,9.469738720687294
0.019175056277017433,18.46830893396548,136.92506450233174,9.46970896871942
0.019176007952151464,18.46835290766891,136.9249904730239,9.469697080290558
0.019177910307601853,18.468440792918422,136.92484246409364,9.469673323805603
0.019178670873220116,18.46847592351395,136.92478327932218,9.469663828908027
0.019180191354834175,18.468546146578,136.9246649430931,9.469644851387933
0.019183229690567738,18.46868643516381,136.9244284062122,9.469606947188646
0.01918659036462189,18.468841567777716,136.92416667035965,9.469565042927025
0.019190726731987406,18.46903246148905,136.92384437776644,9.46951349238237
0.01919897927941583,18.469413096748372,136.92320093967132,9.469410751519472
0.019208172414595492,18.46983684244503,136.92248359015227,9.469296436291982
0.019217332560490075,18.470259141925627,136.9217682521696,9.469182531686654
0.019226459961093734,18.470680380389183,136.92105492825473,9.469068894763806
0.019228281584763418,18.47076453544424,136.92091250087458,9.469046187252337
0.01923192098564508,18.470932710346712,136.92062789663868,9.469000808083472
0.01923220443432405,18.470945807048864,136.92060572704236,9.468997274633477
0.019232771239013013,18.470972011275325,136.9205613945522,9.468990203110115
0.01923390447926332,18.471024402205828,136.92047275328025,9.468976065319703
0.019235854928115637,18.47111458796546,136.920320173952,9.468951728519546
0.019238782157907197,18.471249980017156,136.92009114475198,9.468915192225504
0.01923989565891948,18.471301496366138,136.92000401148968,9.468901289956081
0.019242121262786238,18.47140448673878,136.91982983657886,9.468873496302786
0.019242936215093542,18.471442204928657,136.91976605257656,9.468863317393282
0.019244565378940925,18.471517618273893,136.91963853368614,9.468842965492673
0.01924782076190934,18.471668338301967,136.91938369061972,9.468802291220952
0.019248719467204856,18.471709953351414,136.919313328764,9.468791060772107
0.019250516000508533,18.471793151740037,136.9191726653472,9.468768608250363
0.019254105580120195,18.471959399227796,136.91889157570807,9.46872374491308
0.019257869725357146,18.4721337477748,136.91859677020466,9.468676693476061
0.019262746593918134,18.47235964138308,136.91821474819744,9.468615722766062
0.01926961915080061,18.472677970545554,136.91767626019978,9.468529772306265
0.01927681732734754,18.47301147166969,136.91711206980614,9.46843967822429
0.01928574825851259,18.473425671637518,136.9164117513592,9.468327716810442
0.019287531014334003,18.473508467887477,136.91627190664443,9.468305325878713
0.01929109309718713,18.473673983197703,136.91599244728545,9.468260559046778
0.01929184055397204,18.473708732288816,136.91593379748807,9.468251159446776
0.01929262516662189,18.473745219547354,136.91587222967084,9.468241288786688
0.019293448770803745,18.4737835271537,136.91580759881336,9.468230925334295
0.019294376155018056,18.4738266719388,136.915734819773,9.468219252737965
0.01929474702167655,18.47384392875529,136.91570571369593,9.46821458385061
0.019295488605759692,18.47387844162173,136.9156475111485,9.468205245893538
0.01929697117697493,18.47394746217144,136.91553114421555,9.468186570073055
0.019299933934189495,18.474085494915496,136.9152985621152,9.468149214391238
0.019305850183172435,18.47436163679427,136.91483398813196,9.468074449135427
0.019307620077855248,18.474444337325096,136.9146949681736,9.468052055002268
0.019309876903320866,18.474549833255,136.91451768197297,9.468023487911783
0.019310779095311092,18.474592013746374,136.91444680082105,9.468012066754174
0.019312582538312806,18.47467634582456,136.91430509546942,9.467989233530375
0.019313303523135872,18.47471007342702,136.91424843313953,9.46798010157835
0.019314744801110062,18.474777520024553,136.91413514262638,9.467961839822209
0.01931532098195643,18.474804504596808,136.91408983711386,9.467954532515462
0.019316472766522153,18.474858476390285,136.91399924513684,9.46793991629911
0.019316921109452934,18.474879514485565,136.91396395937147,9.467934217335232
0.01931781724703374,18.474921602978654,136.91389339565546,9.467922814543497
0.019318104343369225,18.47493511411436,136.9138707656103,9.467919152640397
0.019318678109704224,18.474962153078764,136.91382550516303,9.46791182257855
0.019318898226462378,18.474972547168253,136.91380812127173,9.46790900386062
0.01931933805863939,18.474993352408877,136.9137733505971,9.467903360127801
0.01931951378721697,18.475001683234936,136.9137594401759,9.467901099445202
0.01931986490652926,18.47501835979102,136.91373161531243,9.46789657265977
0.019320566220364932,18.475051755221273,136.91367594499502,9.467887504424183
0.019321302109313043,18.475087060369567,136.91361742333416,9.467877894945971
0.019321457021752475,18.475094549251416,136.913605121055,9.467875848914883
0.019321767334389506,18.475109624772106,136.91358050172678,9.467871720059103
0.019322390439324044,18.47514037723034,136.9135311949747,9.467863234330116
0.01932317722820176,18.475180631199457,136.91346915273675,9.467851953709747
0.019324454002641378,18.475249729914196,136.91336871236868,9.467832170759884
0.019327013110760793,18.475376158046824,136.91317006452667,9.467797013803558
0.019331226291353865,18.475519097810498,136.9128466539219,9.46776412367674
0.019338776055712326,18.475763908088773,136.91225478930406,9.467710427969726
0.01934714087339029,18.47609811117971,136.91158786203934,9.46762738454787
0.019355394540550463,18.47645980436024,136.9109294540239,9.467533160702343
0.019363621612309756,18.476833982928618,136.91027598307346,9.467433798293424
0.019371856199463244,18.477214719236702,136.9096247612884,9.467331761752357
0.019380110631431857,18.477599647509,136.9089742363987,9.46722805975648
0.019381764181449435,18.47767646220718,136.90884412564074,9.467207385279169
0.019385074041251005,18.47783040590236,136.9085838854652,9.46716591512673
0.01938639899560024,18.47789209452997,136.90847977228464,9.467149284800664
0.019389050629022964,18.47801565261659,136.90827151312953,9.467115955581425
0.01939436063461486,18.47826343021497,136.9078548264442,9.467049048745857
0.01939994505367082,18.47852443384727,136.9074170202626,9.46697848610604
0.0194058175179741,18.478799254332273,136.90695698941002,9.466904115894861
0.019414153647763555,18.47918982338068,136.90630443058234,9.466798327368604
0.01942250216988739,18.479581592355615,136.9056512335989,9.466692098781076
0.01943085968313929,18.47997457192828,136.9049974833512,9.466585412970552
0.01943922315322255,18.48036869218067,136.90434329226994,9.46647829305779
0.019447590131862924,18.480763711114978,136.90368878900878,9.466370837169537
0.019455958718189947,18.481159272473857,136.9030341024452,9.466263184056894
0.019464327338702403,18.48155509294168,136.90237934546994,9.466155439195525
0.01946600089370587,18.48163428464785,136.90224839334542,9.46613388013123
0.019469347803178327,18.48179265331849,136.9019865013282,9.466090767397905
0.01947604055156149,18.482109397637938,136.90146274949504,9.466004538955278
0.01947771339814508,18.482188598034693,136.9013318209639,9.46598297612822
0.019481058658274875,18.482346986274763,136.90106998481667,9.46593985439019
0.019482396568875626,18.48241034225585,136.90096525596937,9.46592260524848
0.019485072027882078,18.482537058785695,136.90075581011996,9.46588810472353
0.019486142044838117,18.48258775678046,136.90067203400173,9.465874300105645
0.019488281776041116,18.482689168310813,136.90050448768594,9.465846684704621
0.019489137483974406,18.482729757544508,136.90043746720465,9.465835629272826
0.019490848659442506,18.482810945656194,136.90030342808268,9.465813514756762
0.01949130771683083,18.482832763592064,136.90026744795574,9.465807569097013
0.019492225589962442,18.48287642756649,136.90019548257266,9.465795667341768
0.01949254168736214,18.4828914928848,136.90017068023622,9.465791558999383
0.019493173580283907,18.48292165043409,136.90012106989704,9.465783332341603
0.019493387832879905,18.482931896813675,136.90010423015337,9.465780536148666
0.019493816025051514,18.482952406873974,136.90007054574468,9.465774937433753
0.01949397742389769,18.482960153574407,136.90005783191413,9.465772822180904
0.019494299910151947,18.482975658856212,136.9000323998096,9.465768587401227
0.019494428736378966,18.482981865730515,136.90002222466856,9.465766891813034
0.01949468611224736,18.482994287932737,136.90000187027485,9.465763497662055
0.019494788934765417,18.482999260024354,136.89999372652238,9.465762138901786
0.019494994392133647,18.483009209790506,136.8999774354271,9.465759419477573
0.019495404871685107,18.48302912337055,136.899944837931,9.465753976287017
0.019495848450090225,18.483050653829075,136.8999095788833,9.46574809220956
0.019495941843126863,18.4830551828636,136.89990216664975,9.465746854149033
0.01949612897172137,18.48306424775522,136.89988733370316,9.465744375983038
0.019496504878545817,18.483082407650336,136.8998576285371,9.465739410753953
0.019496902286264994,18.483101598961664,136.8998263578595,9.465734155136891
0.01949732148991301,18.483122042158968,136.89979340059114,9.465728532265738
0.019497767167123814,18.483144470499685,136.89975820291943,9.46572229691925
0.019498548957968875,18.48318870509535,136.89969568854474,9.465709520876453
0.019499986569889716,18.48329450527611,136.89957992129717,9.465676627352797
0.019501653481367787,18.483412120323546,136.8994501342167,9.465640140258191
0.019503854235248363,18.483498251259952,136.89928683099703,9.465618149495318
0.019507125293892646,18.483534532582155,136.89904592210507,9.465620802779144
0.019512059688678973,18.483589970023964,136.89866565634617,9.465625691102112
0.01951976391674204,18.48381488793969,136.89804488550607,9.465581670402843
0.019527234159973927,18.48412067360311,136.8974391150475,9.465505234544088
0.019534678809253858,18.484456656551806,136.89684112663016,9.465416421279633
0.01953617277654096,18.48452572968574,136.89672184833051,9.465397893417787
0.019539167774576427,18.48466534614381,136.896483448795,9.465360240737382
0.019545191850964816,18.48494931063381,136.89600647755762,9.465283058579981
0.01954646302198959,18.485009586528776,136.89590617148724,9.465266606289456
0.019549011898996604,18.48513074589462,136.89570538022107,9.465233475234173
0.019554135859482957,18.485375262118012,136.8953028988533,9.465166421123088
0.01955955209337601,18.48563476726143,136.8948787804625,9.465095069713337
0.01956527635258265,18.4859099229773,136.89443166048517,9.465019285680823
0.0195730579202128,18.486285137221312,136.89382519337127,9.46491582591385
0.0195808947461098,18.486664166848797,136.89321545978555,9.464811250283336
0.019588778826863606,18.487046546233163,136.8926026986834,9.464705721468139
0.01959036047447793,18.48712339272086,136.89247981468523,9.464684509786496
0.019593528410313032,18.487277416597184,136.8922337305744,9.464641994494364
0.019594797199754876,18.487339148946493,136.89213518148946,9.464624953865872
0.0195973374629671,18.487462818742163,136.89193789100432,9.464590814945606
0.019598354513583605,18.487512360595627,136.8918589051542,9.464577138555823
0.019600390195607775,18.487611568253655,136.89170081712672,9.464549750834975
0.01960120502955276,18.48765129541252,136.8916375395054,9.46453878338818
0.019602835640373906,18.487730824966473,136.89151091325522,9.464516827265939
0.019603425607200298,18.48775960804787,136.89146509901224,9.464508880933028
0.01960460600485181,18.487817212263135,136.8913734348033,9.46449297748425
0.019605078330871772,18.487840266949654,136.89133675591933,9.46448661251851
0.019606023265313022,18.487886399714455,136.89126337591588,9.464473875973479
0.019607914237130153,18.48797875237506,136.89111652809703,9.46444837874469
0.01961002375280063,18.488081829275334,136.89095270417636,9.464419920532912
0.01961385027902629,18.488268920941344,136.89065553241713,9.464368267285296
0.01962013811817609,18.488576533637605,136.89016721210373,9.464283352037263
0.01962816478461271,18.488969280826186,136.889543827875,9.46417497571788
0.01963620760247331,18.489363005822167,136.8889190780552,9.464066353593251
0.019644263066072587,18.48975783883352,136.8882931480026,9.463957411012123
0.01965232825214902,18.49015383111668,136.8876662134599,9.463848106464102
0.019660400866838956,18.49055082617939,136.88703844702073,9.46373847943513
0.019668479107925796,18.490948539762314,136.88641001148417,9.463628619547723
0.01967009526317076,18.491028150121895,136.88628425791566,9.463606625088063
0.01967332804445343,18.491187393573906,136.88603269772045,9.463562629788175
0.01967462130960329,18.491251101641325,136.88593205302328,9.463545028401217
0.019677208084218023,18.491378530991454,136.88573073191952,9.463509821646266
0.01967824287558584,18.49142950674821,136.88565019200928,9.463495737750051
0.019680312589830495,18.491531462915585,136.88548909454033,9.46346756858982
0.01968114052073988,18.491572246012865,136.8854246490453,9.463456300825165
0.019682796456330864,18.491653813496473,136.88529574802618,9.463433764945679
0.019683458856657565,18.49168643991601,136.88524418385998,9.463424750868501
0.01968478370066795,18.491751692893903,136.88514104972316,9.46340672269705
0.019687433551094258,18.491882191306196,136.88493475878545,9.463370669301133
0.019690507326617923,18.492033540593734,136.88469544872765,9.463328856811883
0.0196962048449999,18.492313964874743,136.88425181280044,9.463251398534961
0.01970248726711754,18.492622939704155,136.88376253589843,9.463166092099033
0.019710573418980304,18.49302029253149,136.8831326019123,9.463056425154202
0.01971865709539844,18.493417624384012,136.8825026316564,9.462946689988359
0.019720273093923546,18.493497102765,136.88237663628564,9.46292472546505
0.01972350463740824,18.49365603646705,136.8821246618339,9.462880789563863
0.019724796984182724,18.493719577396778,136.8820238762437,9.462863222361714
0.019727381141032674,18.49384661234487,136.88182231207102,9.462828096983559
0.019728414475370104,18.493897433458578,136.88174168581992,9.46281404126632
0.019730480625860802,18.493999075721653,136.88158043727816,9.462785924886525
0.01973110793066346,18.494029973560906,136.88153145191094,9.462777374622998
0.019732362153295324,18.494091787434886,136.88143347912077,9.46276026577886
0.01973275731641999,18.49411129469315,136.88140258884516,9.462754864269428
0.019733547312341004,18.494150330934794,136.88134080493975,9.462744052599643
0.019733823365167602,18.494163991923838,136.88131919795362,9.462740267826364
0.019734375170101237,18.494191331524796,136.8812759803551,9.462732691504083
0.01973458595923805,18.49420179109911,136.8812594562538,9.462729792189513
0.019735007251219128,18.494222723157165,136.88122640451704,9.462723988699079
0.0197351756233326,18.494231101692872,136.88121318190693,9.46272166518519
0.019735512104564257,18.494247867732785,136.88118673327546,9.462717014855118
0.01973618391253995,18.494281399303205,136.88113381887814,9.462707715245724
0.019736919131769337,18.49431828714276,136.8810756946645,9.46269747843746
0.019738018373519184,18.49437505718535,136.8809884083226,9.4626815748786
0.019740225725241034,18.494496634612723,136.88081354492667,9.462646683924126
0.019744691455040764,18.494711124525963,136.88046659051923,9.462587762068633
0.019745825392226468,18.494759658005734,136.88037901135684,9.462575053007638
0.019748090510392946,18.494853037083935,136.88020388790977,9.462551056603603
0.019748872018970465,18.49488514983646,136.88014333399158,9.462542827118488
0.01975043170292945,18.494949719728247,136.88002221863823,9.462526235919869
0.01975086452703234,18.49496783464098,136.87998855915305,9.462521559341026
0.019751729274603114,18.495004312957036,136.879921245773,9.462512109865997
0.01975204296333022,18.49501764732897,136.87989681380745,9.462508643699328
0.01975267002405512,18.495044473048395,136.8798479540475,9.462501650452575
0.019752900902387238,18.49505440661936,136.8798299625365,9.462499053868987
0.019753362617088488,18.495074363598153,136.87979398156577,9.462493825858987
0.019753547331065935,18.495082380422957,136.8797795895266,9.462491721483094
0.0197539168250791,18.495098471500814,136.87975080610175,9.462487490502989
0.01975465619205119,18.495130841890433,136.87969323971004,9.462478955856769
0.01975543341637709,18.49516516644691,136.87963276498255,9.462469866855312
0.019756559627711168,18.495216523132854,136.87954499050613,9.462456079711883
0.01975880564552457,18.495328355090635,136.87936926025566,9.462424991742765
0.01976327816286516,18.495536373652033,136.8790208957066,9.462368662282108
0.019771154069545327,18.495867447660185,136.87840362008967,9.462283326021415
0.019778890434877794,18.49621155125589,136.87779194513251,9.462192522680736
0.019786558779483765,18.496568636672162,136.87718515037363,9.462096326668235
0.019794206443162876,18.4969326271623,136.87658138268867,9.461997224504062
0.01980185687895397,18.497301111668776,136.87597904112462,9.461896293553226
0.019803388394993404,18.49737525401588,136.8758586280038,9.461875939058851
0.01980645315981233,18.49752393134318,136.8756178354567,9.461835085418052
0.019807679777936182,18.497583545840893,136.8755215170047,9.46181869333953
0.01981013429354228,18.49770301475597,136.87532887059425,9.46178582630452
0.019815048733145102,18.497942877945253,136.87494347772633,9.46171978709532
0.019816081684373876,18.497993400350435,136.87486251693926,9.461705871698342
0.01981814855393016,18.498094596595585,136.87470056643693,9.461677994702436
0.019822286145650514,18.498297566813697,136.87437652266544,9.46162207307809
0.01982679351792649,18.498519242316178,136.8740237127612,9.461560995432768
0.01983314357364907,18.49883240493499,136.87352693599513,9.46147472379113
0.01984087431590187,18.499214740895553,136.87292244015853,9.4613693964875
0.01984861737105481,18.49959867477969,136.8723171704009,9.461263557931565
0.01985637037288812,18.499983959251416,136.8717112081426,9.461157216409184
0.019864131236716376,18.50037029342977,136.87110465849713,9.46105043903865
0.01987189829679603,18.50075731990676,136.87049763355853,9.460943341168944
0.019873452297001548,18.50083478697261,136.87037618061527,9.460921890664501
0.0198765608546283,18.500989739968688,136.87013323861382,9.46087897432365
0.019877804463868443,18.501051729995794,136.8700360470238,9.460861801545327
0.019880291986896448,18.501175720400692,136.86984164154808,9.46082744694564
0.019881287098872047,18.501225319690555,136.86976387111324,9.460813702065515
0.019883277492244278,18.501324521705286,136.8696083178208,9.460786207742979
0.019884073706519678,18.50136420288364,136.86954609180842,9.460775208704119
0.01988566622932153,18.501443566182363,136.86942163270285,9.460753208208114
0.019886303269609606,18.50147531095948,136.8693718463367,9.460744407481133
0.019887577401669798,18.501538800694725,136.86927226948876,9.46072680466204
0.01988808056981428,18.501563871907265,136.86923294524442,9.460719853174936
0.019889086932496913,18.501614014378504,136.86915429438764,9.46070594938954
0.019891099751676022,18.501714294195818,136.86899698318092,9.460678140679988
0.01989321331218874,18.501819581643403,136.86883179380217,9.460648939639391
0.01989618649949343,18.50196766859088,136.86859941301705,9.460607862527363
0.01990213364900706,18.502263698630085,136.86813460005223,9.460525739865883
0.01990991427589872,18.502647562612875,136.86752652168047,9.460419574303787
0.01991769518129327,18.503030270151754,136.8669183949479,9.460313822958822
0.019925475009440752,18.50341292681463,136.86631025378796,9.460208066298845
0.019933252637013954,18.50379560140796,136.8657021490474,9.46010228607333
0.019941027247837972,18.50417822723686,136.8650941365931,9.459996516433234
0.01994879824544149,18.50456073393011,136.8644862658902,9.459890793107249
0.01995656515730604,18.504943077990305,136.86387857824147,9.459785137099718
0.01995811800207914,18.505019538156212,136.8637570639231,9.459764009815055
0.019961223144709384,18.505172415332172,136.86351406862042,9.45972177171807
0.019967431147919767,18.505478035027352,136.863028192688,9.45963734611304
0.019973946070196535,18.50579878640126,136.86251820146944,9.459548752737797
0.019975313723592958,18.505866133664725,136.86241112652434,9.45953015170983
0.0199780485243376,18.506000799335812,136.86219700771557,9.459492959949559
0.019983516040145366,18.506270050886904,136.86176887840844,9.459418608836584
0.019989332642950774,18.50655660474985,136.8613133285432,9.459339488135214
0.019997071838334213,18.506938035943094,136.86070706822665,9.45923416232758
0.02000480462489762,18.50731930941119,136.86010115883786,9.459128805140505
0.02001253064524189,18.507700393450104,136.85949563200606,9.459023390411232
0.020020249652743072,18.50808132076638,136.8588905093823,9.458917936535341
0.02002179261263748,18.508157501384137,136.85876953181858,9.458896842598634
0.020024877689603704,18.50830982446719,136.85852763332625,9.458854665760986
0.020026111406911573,18.508370745049042,136.8584308922167,9.45883779815767
0.020028578304494227,18.508492569380728,136.85823744337677,9.458804069706515
0.020033509964279217,18.508736144661505,136.85785067638267,9.458736647458108
0.020038685209574747,18.508991803462,136.85744475623136,9.458665911952222
0.020045526309009132,18.50932981838369,136.85690809761846,9.458572465010905
0.02004696227362157,18.509400805132984,136.85679543546817,9.458552850281837
0.020049833507434056,18.509542759519235,136.85657015577405,9.45851363989453
0.02005098174104325,18.5095995422127,136.85648005753401,9.458497960064047
0.0200532777609439,18.50971311175037,136.85629988558327,9.458466606994493
0.020057867991602363,18.509940303210886,136.85593963241215,9.45840391426818
0.02006268517943699,18.510179027914702,136.85556148358668,9.458338062240127
0.02006422071574132,18.51025520376702,136.85544092480094,9.458317050257996
0.020067291046021563,18.510407627334178,136.85519984056415,9.458275007264298
0.020068518923425427,18.510468630483327,136.85510341635444,9.458258179513143
0.02007097424979054,18.510590694058433,136.85491058526617,9.458224505292918
0.02007195623730562,18.510639544055103,136.85483345753468,9.458211027005374
0.020073919974371468,18.510737287157998,136.85467921070148,9.458184054886651
0.02007470539197498,18.510776402150974,136.85461751400246,9.458173259436776
0.02007627610021101,18.510854664524338,136.85449412435747,9.458151656263153
0.020079417043091574,18.5110113220423,136.854247355464,9.45810839852547
0.02008007660208455,18.511044252023,136.85419553232956,9.458099301944
0.02008139568238676,18.51111015046418,136.85409188533868,9.458081093611215
0.02008403373875023,18.51124209195333,136.8538845813491,9.458044619720368
0.020088139436886476,18.511447892679683,136.85356189103916,9.4579876735818
0.02008900186476692,18.511491242470427,136.85349409266792,9.457975663593281
0.02009072694973857,18.51157786660254,136.85335846350284,9.457951674746493
0.020091408003984346,18.511612152231113,136.8533049102089,9.457942170231288
0.02009277037005197,18.51168089122763,136.8531977694304,9.457923097351406
0.020093315451296778,18.511708473221557,136.8531548951699,9.45791543551313
0.020094405859420794,18.51176379913444,136.8530691135798,9.457900050605348
0.02009484214105106,18.51178600703732,136.8530347850891,9.457893867415184
0.02009571491957518,18.511830568396928,136.85296609909435,9.457881446173499
0.020097461449262832,18.511920395633048,136.85282859666398,9.4578563379662
0.020099297454101106,18.512016148780845,136.85268397741115,9.457829433141923
0.020101237144637185,18.51211864953839,136.85253122175754,9.457800484384986
0.020105130996891263,18.512321835636897,136.8522254336741,9.457743288440593
0.020112894859251718,18.5127089779844,136.85161662242857,9.457636048637921
0.020120654884212108,18.513092807558664,136.85100642518216,9.457530088698805
0.020128400924134815,18.513475728228357,136.8503960391022,9.457424412514726
0.020136128433209333,18.513856256310003,136.8497862010545,9.457319561014833
0.020137671282206893,18.513932061648077,136.84966434442893,9.457298693593142
0.02014075419937089,18.514083334726266,136.84942076397127,9.45725707505794
0.0201419862807527,18.514143727068575,136.84932338364928,9.45724046757226
0.020144448543269022,18.51426452840679,136.8491287180519,9.457207237757363
0.02014543272170266,18.514312786970102,136.84905088882772,9.457193966028964
0.020147399818595924,18.514409178385517,136.84889529679228,9.457167465061511
0.02015132887815596,18.514601462435095,136.8485843884856,9.457114631202758
0.02015635937258664,18.514847209836592,136.84818608725752,9.457047163112714
0.020163761661177615,18.515207921025,136.84759956660227,9.45694824747645
0.020171371596391485,18.515577864672238,136.8469961177958,9.456846912965377
0.020172890376491948,18.515651641392182,136.84687562478993,9.456826711918964
0.020175924728782713,18.515798966361462,136.84663484523367,9.456786381258686
0.020177137275121604,18.51585782322099,136.8465386074054,9.45677027119637
0.020179560321349266,18.51597541636944,136.8463462604817,9.456738087178705
0.020180459965497777,18.516019072432393,136.84627483267587,9.456726139815686
0.0201822581281087,18.51610632391407,136.8461320481875,9.456702262829799
0.020182864645616805,18.516135751643297,136.84608388137704,9.456694210134335
0.020184077168738823,18.51619458129569,136.84598758018652,9.456678112160802
0.020184561986865912,18.516218102681083,136.84594907163662,9.456671676084284
0.020185531295427994,18.51626512900838,136.84587207523236,9.456658808670332
0.020187468599434544,18.516359111987835,136.84571816475568,9.456633094390986
0.0201896408429586,18.516464485437467,136.8455455540445,9.456604265844245
0.020193227116607315,18.51663842539288,136.84526050553274,9.456556684859526
0.020200382581154308,18.516985055916674,136.84469155929486,9.456461917839993
0.0202018814676993,18.517057598648556,136.84457234958634,9.45644209299646
0.02020487641683333,18.51720243303094,136.84433413549928,9.456402524388166
0.02020607335293667,18.517260287114873,136.844238922624,9.456386722059548
0.020208465442979495,18.517375866029674,136.8440486225117,9.456355157643797
0.020210974592458242,18.5174970620134,136.8438489836561,9.456322063964897
0.020215985084188537,18.517739024083003,136.84345024157633,9.456256001608239
0.02022342213086592,18.518098109037428,136.84285818015482,9.456157967399898
0.020230837128585977,18.51845585243632,136.84226766896316,9.456060310639991
0.02023823092662347,18.518812056919064,136.84167869543188,9.455963096902773
0.02023970723956725,18.518883132034777,136.84156107807954,9.455943702621019
0.020242657441236767,18.519025086765605,136.84132602906402,9.455904973559662
0.020243836629675327,18.519081804862633,136.84123207497277,9.455889501597213
0.020246193485815245,18.519195133453778,136.84104428036233,9.455858591064016
0.02025090118791073,18.519421390298888,136.8406691361715,9.455796898166296
0.02025748782364123,18.519737808762585,136.84014418872877,9.455710680971542
0.020264811362567525,18.520089613206142,136.83956039828948,9.455614939598942
0.02027211678450358,18.52044083600956,136.83897790353058,9.455519500756289
0.020279404319382577,18.520791748141786,136.83839665458805,9.455424283891453
0.020286674225520773,18.5211423759168,136.8378166280424,9.455329259706888
0.02029392692318066,18.52149253267178,136.8372378199876,9.45523445565018
0.020301162971414266,18.52184197721929,136.83666022929887,9.455139918274615
0.020308382977405004,18.522190524808167,136.8360838469177,9.455045683024505
0.020315587510359556,18.52253807616242,136.8355086540862,9.454951765236597
0.02032277699595164,18.522884587565045,136.83493462956616,9.454858168873535
0.020324213258620327,18.52295381136041,136.83481995030337,9.45483947045331
0.020327084128255124,18.523092158961912,136.834590726026,9.45480210190948
0.020328231891496462,18.523147472977897,136.8344990817805,9.454787160575867
0.020330526431335927,18.523258052307177,136.83431587271963,9.454757290401915
0.020335111580808363,18.523479035109332,136.83394976339127,9.454697592800487
0.020340904991344555,18.52375850330436,136.83348720032228,9.454622056453399
0.02034740191960549,18.524071278944138,136.83296870414077,9.454537559845605
0.02035454674294368,18.52441271276909,136.8323988616138,9.454445568662871
0.02036168027390539,18.52475127563054,136.83182999200858,9.454354593313429
0.02036879729417107,18.52508839054364,136.8312621991515,9.454264075479864
0.020375895673911737,18.525425047138953,136.8306955822912,9.454173623677327
0.02038297584214699,18.52576138218435,136.83013019836173,9.454083178178752
0.020390039062148313,18.526097181515908,136.82956605336543,9.453992821403244
0.02039708640468796,18.526432299575124,136.82900311887943,9.453902619233315
0.020404118595075293,18.526766627025307,136.8284413474083,9.453812630994513
0.020411139118989508,18.52709697506556,136.82788061537866,9.453724108907933
0.020412541044596444,18.527162936494545,136.82776860591736,9.453706438267263
0.020415343474335823,18.52729466488359,136.8275447383843,9.453671163377203
0.020416463882029556,18.527347252540352,136.8274552445536,9.453657090537233
0.02041870364711429,18.52745230708487,136.82727634240422,9.453628987001721
0.02041959924138359,18.527494302627876,136.8272048116301,9.453617754246567
0.020421389811236645,18.527578261279544,136.82706180247743,9.45359529871635
0.02042202936890014,18.527608254090918,136.8270107361203,9.453587275754476
0.020423308343161417,18.52766823225034,136.82690862730698,9.453571231650344
0.02042366410127716,18.527684923292867,136.82688024250876,9.453566764833218
0.020424375837134856,18.52771831848633,136.8268234755888,9.453557826146515
0.02042463294249397,18.527730386741677,136.82680298453835,9.4535545943624
0.020425147491401563,18.52775454401461,136.82676200062764,9.453548123011345
0.0204253353262277,18.5277633630992,136.82674705465422,9.453545759440566
0.02042571134812854,18.527781017583564,136.82671715916604,9.453541026303288
0.020425861950531865,18.527788087603394,136.82670519857135,9.453539130062307
0.020426163478031722,18.527802241367375,136.82668127294517,9.453535332627409
0.020426767380009925,18.52783058497188,136.82663339982648,9.453527725475222
0.020427402059510325,18.527860580560116,136.826583062678,9.453519652620198
0.020427534948962434,18.52786695412203,136.82657247857992,9.453517929584741
0.020427800216343384,18.52787979905787,136.82655129510206,9.453514446943364
0.020428328117270245,18.52790608971704,136.82650885936582,9.453507255248029
0.020428878646999493,18.52793483749649,136.8264642129361,9.453499269825505
0.020429709628546622,18.527980886393465,136.82639664979948,9.45348620186263
0.0204313853222583,18.528071574499453,136.8262625580673,9.453460533870933
0.020434250325865988,18.528178523631183,136.82603901831627,9.45343482292512
0.020439318519376304,18.528320436271695,136.82563904791851,9.45340789278916
0.02044036197875665,18.528352452370036,136.82555544297722,9.453401354774176
0.020442426867070207,18.528421482553743,136.825388778425,9.45338631234407
0.020443246144784544,18.528450706752047,136.8253223503951,9.453379657054509
0.020444874563470328,18.528511657162518,136.82518993871824,9.453365350848122
0.02044544415235594,18.52853371657702,136.82514355198603,9.453360066430905
0.020446579716662527,18.528578743613643,136.82505099422414,9.45334913249537
0.020447032813622923,18.528597042167895,136.8250140473836,9.453344642697889
0.020447937241648617,18.528634094679983,136.82494028214003,9.453335478622806
0.020449740242888592,18.528709747669335,136.8247932356813,9.453316520071324
0.02045195123277188,18.528805005051506,136.82461307212475,9.453292302054342
0.020455701109422852,18.52897091419749,136.82430820624808,9.453249499367502
0.020459750848516367,18.52915187405736,136.82398013504732,9.453202496788093
0.020464008293240354,18.52934429631994,136.8236365328496,9.453152139697693
0.020468489488525532,18.529548622989424,136.82327613129831,9.45309834818467
0.02047385087186726,18.52979487336675,136.82284633047473,9.453033196317131
0.020480378337009664,18.530096685561848,136.8223246159632,9.452952964243678
0.02048693442594285,18.530401566039806,136.8218018696047,9.452871566742132
0.020488248785347163,18.530462851720714,136.8216971813862,9.452855172687014
0.02049088059846882,18.530585688306523,136.82148767137735,9.452822287104617
0.0204919344346689,18.530634913929813,136.82140381390755,9.452809100557472
0.02049404394923826,18.530733522777854,136.82123600741457,9.45278267201077
0.020494888435856007,18.530773037628574,136.82116884734913,9.452772075720272
0.020496578527600784,18.530852172287812,136.82103446618493,9.45275084726252
0.020497185887058067,18.530880653730094,136.82098617836908,9.452743201853101
0.02049840117899393,18.53093767309883,136.82088956825808,9.452727892205408
0.020498719961953626,18.530952662964687,136.82086422276436,9.452723863990032
0.02049935768018607,18.530982680299005,136.82081351632633,9.452715794350713
0.020499585202229276,18.53099340984827,136.82079542105924,9.452712907940136
0.020500040307211975,18.53101490200918,136.82075921922953,9.452707123284977
0.02050019767169675,18.531022346477645,136.8207466968977,9.452705118442164
0.020500512411470773,18.531037255416997,136.8207216443834,9.452701101654979
0.020500633628924958,18.531043005451686,136.82071199158105,9.452699551849662
0.02050087605760631,18.53105451872181,136.82069267951604,9.452696447638523
0.02050097302188525,18.53105912913008,136.82068495157387,9.452695204218237
0.020501166944381644,18.531068358733176,136.82066949014055,9.452692714401502
0.020501554841344638,18.531086837919943,136.82063854509266,9.452687728699571
0.0205016363181304,18.531090724665773,136.8206320394938,9.452686679855615
0.02050179930969631,18.531098502459272,136.82061902080687,9.452684581043536
0.02050212554147457,18.531114058313257,136.82059294949272,9.452680385726126
0.020502468587963563,18.531130425399517,136.8205655002109,9.452675972997232
0.020502829322341265,18.53114777521318,136.82053655568674,9.45267128491287
0.020503208469249135,18.531166567913175,136.82050596813178,9.45266615447287
0.02050371453673383,18.531194151611704,136.8204647308493,9.452658372305192
0.020504728430100427,18.531267823401016,136.82038108055963,9.452635761495205
0.020505992650887594,18.531369497602117,136.82027941782653,9.452603604107306
0.020507595294823155,18.531452613934956,136.8201578824007,9.452579967717343
0.020509944054250995,18.531483368114813,136.81998529608282,9.452580038185555
0.020513468688513004,18.531486212570517,136.81971680034144,9.452597512834581
0.020514574862964707,18.531493721046516,136.81962954538398,9.45260065992223
0.02051672655532888,18.53152472556102,136.8194559619429,9.452600736005058
0.020520861188007222,18.531636381022572,136.81911478585423,9.452581360295065
0.0205250949926139,18.53179251386599,136.8187639810976,9.452545527795419
0.02052965215848801,18.531983637442842,136.81838950379162,9.452497873465449
0.02053551181010882,18.532244426652817,136.81791401549432,9.452430463788886
0.020541450157345875,18.532515525591368,136.81743750711627,9.452359288211378
0.02054747137081403,18.53279396363741,136.81695807547985,9.45228560834706
0.02054868506602725,18.53285040744942,136.8168617601712,9.452270618675952
0.02055112180915586,18.532964013531714,136.81666868530746,9.45224039914175
0.02055603169963549,18.533193939530417,136.81628068318764,9.452179050664155
0.02056223326004758,18.533485766535332,136.8157921796261,9.452100880542563
0.02056850012875633,18.533781623739234,136.81529989294958,9.452021364115769
0.020574826023797455,18.53408074261818,136.81480401384445,9.451940774067156
0.02057609756053269,18.53414089778237,136.81470443420358,9.451924548198827
0.020578646832977943,18.53426150283405,136.81450488257988,9.4518920019702
0.020579668750788538,18.534309849888952,136.81442491826448,9.451878949913072
0.02058171629740435,18.534406716985522,136.81426474777632,9.451852790672481
0.020582536651618244,18.534445525265838,136.81420059128396,9.451842307425537
0.020584179611482734,18.534523244370096,136.81407212935122,9.451821308307297
0.020584717189340296,18.53454867215107,136.81403010374868,9.45181443660068
0.020585793271895914,18.534599569745055,136.81394599087847,9.451800679747508
0.020586201848979302,18.534618893522463,136.81391405772735,9.451795456195558
0.020587019525469596,18.534657564292612,136.8138501566279,9.4517850016599
0.020587346789336936,18.53467304063846,136.81382458328974,9.451780817300435
0.020588001646658194,18.534704007775698,136.81377341470187,9.45177244394548
0.02058931266304198,18.53476599648257,136.81367099054947,9.451755679891356
0.020590945063035937,18.534843168901,136.81354348286493,9.4517348046317
0.020593716815323293,18.53497417906832,136.8133270272739,9.451699353522287
0.02059927991538535,18.53523699262037,136.8128927042502,9.451628195927903
0.020605808098803524,18.535545140906297,136.81238314111957,9.451544713481981
0.020612363777546272,18.535854398474953,136.8118714554298,9.451460889250649
0.02061894337912551,18.536164660043774,136.81135786303037,9.451376765320026
0.02062554390065241,18.536475745047003,136.81084256556363,9.451292408491446
0.02063216280399016,18.536787425732758,136.81032574860453,9.451207900227566
0.020638797876532555,18.53709947666411,136.80980758051217,9.451123319906255
0.020645447122286775,18.537411713584014,136.80928821236165,9.4510387333014
0.02065210869957923,18.537724020590634,136.80876777760264,9.450954187100555
0.020658780895327022,18.53803635473921,136.80824639255698,9.450869710069687
0.020660116426021502,18.538098834546908,136.8081420114105,9.450852821129725
0.020662788539472676,18.538223783930516,136.80793315421033,9.450819058832186
0.020668136665554893,18.53847368067763,136.80751505995653,9.450751587936404
0.02067482813355004,18.53878609527955,136.8069917924714,9.450667343677582
0.020681525346837426,18.53909854558976,136.80646788747535,9.450583208518422
0.02068822712717655,18.539410964050866,136.8059434293454,9.45049918449014
0.02069493239320519,18.539723237574684,136.80541850339705,9.450415266863121
0.020701640171839175,18.540035209946822,136.80489319603785,9.450331455584305
0.02070834961166368,18.54034672022104,136.8043675908053,9.45024775587063
0.02070969160613667,18.540408962385392,136.80426244066211,9.450231027327565
0.02071237568445139,18.540533359156477,136.80405212017112,9.450197590426715
0.02071344933569752,18.540583087845175,136.8039679834269,9.450184221985477
0.02071559666373346,18.540682491520435,136.80379969759525,9.450157496371443
0.020716422061803685,18.540720681463615,136.8037350071398,9.450147227484104
0.020718072859078784,18.540797028943814,136.80360562025433,9.450126696429662
0.020718650722501897,18.54082374386738,136.8035603260949,9.450119511804925
0.02071980644439897,18.540877158243912,136.80346973530973,9.450105145674323
0.02072026873010402,18.54089851754631,136.80343349800282,9.450099400660706
0.02072119329543254,18.540941226210723,136.80336102195992,9.450087912656677
0.020723042392866597,18.541026600645,136.80321606415916,9.450064945980435
0.02072540434259751,18.541135579015574,136.80303088414874,9.450035625128564
0.02072924024447831,18.54131235159329,136.8027301042206,9.449988059932924
0.020730582002953413,18.541374111428222,136.80262488392927,9.449971443086842
0.02073326537571174,18.541497464220516,136.80241444545766,9.44993826250631
0.020738631524643614,18.541743524573928,136.80199357205575,9.449872106009481
0.020744264344772056,18.542001592251708,136.80155164099082,9.449802684192386
0.020750175889304057,18.54227279414115,136.8010876020004,9.449729621328121
0.02075687373945523,18.542580614457265,136.80056152548863,9.44964657118389
0.020758212704516277,18.542642199889524,136.8004563222846,9.449629947491811
0.020760890020998346,18.542765352012193,136.80024593794758,9.449596702256176
0.020761960722117778,18.542814605626933,136.80016179126363,9.449583406081743
0.020764101739711438,18.542913094725325,136.79999351236188,9.449556819700819
0.02076495800665168,18.54295248299456,136.7999262060583,9.449546188150276
0.02076667030248358,18.543031245219066,136.79979160368245,9.449524931106929
0.020768787566252445,18.54312862577798,136.79962515202857,9.449498654999376
0.020772937647672962,18.543319461853855,136.79929884644469,9.449447188587111
0.02077913833977474,18.54360450197605,136.79881122950243,9.449370418505847
0.020780440048275395,18.543664348134094,136.7987088516145,9.44935431699057
0.020781806683149884,18.543727174922793,136.79860136575965,9.449337420994969
0.020784539465973584,18.543852801046715,136.7983864208511,9.449303659329471
0.0207900030772723,18.544104023082888,136.79795663388074,9.44923622481277
0.020796674699683937,18.544411042989648,136.79743171319873,9.449153937641757
0.020803342119148582,18.544718176328992,136.79690699907766,9.449071762531535
0.02080467509614936,18.54477961245685,136.79680208079037,9.449055343111265
0.02080734054154798,18.54490246737233,136.79659227610998,9.449022530468365
0.020808406529782997,18.544951604478857,136.79650836421274,9.449009414677842
0.020810538180433324,18.545049867256765,136.79634055919064,9.448983200187717
0.020814800184252302,18.545246330701918,136.79600502311388,9.448930846404098
0.020819273455214393,18.545452479084,136.79565282145936,9.448875993477051
0.020825278391672364,18.545728964500448,136.7951799855375,9.448802550753976
0.020831927620670765,18.546034580854197,136.79465637191532,9.448721497362497
0.020838572154910584,18.546339359651892,136.79413307321136,9.448640735876198
0.020845211697335664,18.546643377710208,136.79361010058327,9.448560189120828
0.02085184608931323,18.546946728702295,136.79308746312515,9.448479805591182
0.020858475307461433,18.547249435586362,136.79256517224098,9.44839958156292
0.020865099400908194,18.547551455169735,136.7920432413321,9.448319544571316
0.020871718406693884,18.547852714975843,136.7915216838052,9.448239730215183
0.020873041612202936,18.547912876886205,136.79141741634325,9.448223793990268
0.020875687424619205,18.548033084287987,136.7912089327885,9.448191957906339
0.020876745527463325,18.548081127011923,136.79112555649453,9.448179235933214
0.020878861350786537,18.548177141576616,136.7909588348589,9.448153813958767
0.020879612997117714,18.5482112334982,136.79089960707722,9.448144788399999
0.020881116100589292,18.54827938170532,136.7907811673841,9.448126748258526
0.020881632282558127,18.548302775485574,136.7907404941496,9.448120556034198
0.020882664560610498,18.548349546554945,136.7906591552111,9.448108176620723
0.0208830774409986,18.548368248140804,136.79062662233125,9.448103227004237
0.020883903149473637,18.548405640602017,136.79056156137315,9.448093331047696
0.020885554362515935,18.548480379231215,136.7904314583945,9.448073553566742
0.02088732495435841,18.548559974247425,136.7902919543193,9.448052550268335
0.020890367935278764,18.54869556042641,136.79005220742002,9.44801691528178
0.020896450537793432,18.548965892450546,136.78957298135504,9.44794591849575
0.020903045704575796,18.54925803875457,136.7890533390855,9.447869272114541
0.02090436402012108,18.549316360756862,136.78894945673153,9.447853977898554
0.020906999923134495,18.54943288751834,136.78874174430206,9.447823428427654
0.0209122687435932,18.54966560514256,136.7883265040067,9.44776244112926
0.020918849121503436,18.549956067549726,136.7878077921285,9.447686359377792
0.020925423277402544,18.55024606584305,136.78728945885766,9.447610456166757
0.02093199148767888,18.55053557269441,136.78677150744184,9.447534750650762
0.02093330424595541,18.550593400132602,136.78666796104562,9.447519639623385
0.02093592901476171,18.5507089543572,136.78646092171104,9.44748945736998
0.020936978572081322,18.55075512856395,136.78637812329774,9.447477403362786
0.020939077049852983,18.550847396447118,136.78621255660383,9.447453327375323
0.02093991608934287,18.55088429015062,136.78614633795584,9.447443702801321
0.020941593616036425,18.550958037494965,136.7860139185767,9.447424469885997
0.020942111030033184,18.55098080874537,136.78597304971277,9.447418530543189
0.020943145457923973,18.551026351594246,136.78589131502667,9.447406652320009
0.020943468528757392,18.55104060066925,136.78586576647587,9.4474029345332
0.02094411433925103,18.551069112914806,136.78581466793776,9.447395493958762
0.020944341369862673,18.551079153112163,136.78579668766633,9.447392873042592
0.020944795130480753,18.551099247384766,136.78576072447186,9.447387626214228
0.02094496866559903,18.551106945925937,136.7857469560838,9.447385615418765
0.02094531545077638,18.551122353785843,136.7857194163921,9.447381589975842
0.02094545402157799,18.551128521871803,136.78570839885953,9.447379978046808
0.020945730902886317,18.55114086563102,136.78568636082647,9.447376751531994
0.020946283522987774,18.551165549804583,136.7856422694905,9.447370301041369
0.020946900700239635,18.55119329435185,136.78559281177317,9.44736304426152
0.020947830014550473,18.551236696876597,136.78551796032923,9.447351519598278
0.020949698112690207,18.55133108383692,136.78536800494916,9.447325575028561
0.020953485100646763,18.551490996421457,136.78507082069135,9.447284603620913
0.020960032321286737,18.551723883303,136.78455696787717,9.447230587006347
0.020961329435486675,18.551771644638436,136.78445442437476,9.447219319512477
0.020963910273558373,18.551870004045934,136.78424969956117,9.44719567452247
0.020964938587791138,18.55191021095676,136.78416796464637,9.447185875909407
0.02096698910043482,18.55199191610416,136.78400478144695,9.447165765588943
0.02096780755758909,18.55202499621012,136.7839396084089,9.447157562668853
0.020969441778177833,18.552091752830872,136.78380943420132,9.447140917583553
0.020970091771797095,18.552118533746434,136.7837576630681,9.447134209518683
0.02097139063848341,18.552172380694998,136.78365421772256,9.447120678203715
0.02097172295434291,18.552186229724285,136.78362776686322,9.447117187619689
0.020972387575767804,18.552214003306513,136.78357488422597,9.447110176393503
0.020972641498641753,18.552224642007076,136.78355469183643,9.447107486383509
0.020973149499324162,18.5522459750114,136.78351431489514,9.447102084631881
0.020973334041751612,18.5522537397967,136.78349965827056,9.447100115809443
0.020973703335224636,18.552269301677185,136.78347034745033,9.447096165675992
0.02097385117213524,18.552275538932047,136.7834586233845,9.447094580834195
0.020974147067564175,18.552288033727102,136.78343517555766,9.447091403385818
0.020974739850739388,18.55231306582869,136.7833882776959,9.447085032309053
0.020975364005709318,18.55233947250445,136.78333899958707,9.44707829816867
0.02097627467739871,18.552379107826724,136.78326706126467,9.447068054691526
0.020978094567970174,18.55246602556843,136.78312288332882,9.4470446613417
0.020980072368136926,18.552557134214286,136.78296703960274,9.447020444043934
0.02098214619887684,18.552639453135566,136.78280442497532,9.447000058144226
0.02098431247357857,18.552717380159514,136.78263413431822,9.446981901028437
0.020987422286431023,18.552828438146847,136.78238786938493,9.44695630497083
0.02098865744991396,18.552873705438284,136.7822895932916,9.446945735655596
0.02099111424361466,18.5529661899963,136.7820935351385,9.446923829355894
0.020992093072652596,18.553003797235093,136.78201530004105,9.446914822284837
0.02099404503854252,18.55307993246128,136.78185915982488,9.446896437272963
0.020994824189155104,18.553110666410326,136.781796816111,9.446888968741975
0.02099638007452509,18.553172561345338,136.78167231487816,9.446873854756603
0.02099948474602331,18.55329776190301,136.78142397047122,9.446843028668683
0.021003282809545554,18.553453203397115,136.781120510816,9.44680438481363
0.021008095863843557,18.553652733723712,136.78073665178036,9.446754342058314
0.021014253727636656,18.553910822585312,136.78024667151766,9.446689117721927
0.021020424746897914,18.5541716929391,136.77975671307075,9.446622774218318
0.021026611618478852,18.55443492847025,136.7792663289718,9.446555500978171
0.021027850968175832,18.554487823345628,136.77916817274297,9.446541952818775
0.02103033166519963,18.554593831679117,136.77897178003977,9.446514774980525
0.021035301042881094,18.55480666878508,136.77857862649165,9.446460124161344
0.02104053021998531,18.555031166957498,136.77816523886537,9.446402394194763
0.021046033138254372,18.555267830708196,136.77773050974295,9.446341477611321
0.021051824417808063,18.555517248584223,136.77727327052568,9.446277217719258
0.021053077019831834,18.555571291761648,136.77717439931362,9.446263274401119
0.021055584236270075,18.55567954617744,136.77697652883592,9.446235324010688
0.02105658792286902,18.55572293389573,136.77689732471535,9.44622411014254
0.021058596663397156,18.555809867253913,136.77673881920424,9.446201619244428
0.021059400717205357,18.555844724293806,136.77667537449074,9.446192589464584
0.021061009786487284,18.555914592821836,136.77654841055434,9.446174467864907
0.021061653813466363,18.555942619236262,136.77649759205994,9.446167187907967
0.021062942561727138,18.55599880581102,136.7763958969066,9.446152573768295
0.021063458351279096,18.556021332057767,136.7763551931001,9.446146708181914
0.0210644904383529,18.55606651648238,136.77627373974656,9.446134925422319
0.021066556619151577,18.556157431237573,136.77611064479098,9.446111146136149
0.021066991011525538,18.556176711233867,136.77607634352984,9.44610608093469
0.021067860309839537,18.55621548181728,136.7760076870966,9.446095870282862
0.021068208250230813,18.556231084059178,136.77598020089602,9.446091750403312
0.021068904524548016,18.55626246387044,136.7759251858575,9.446083444286431
0.02107029880927369,18.556326101716905,136.77581496934994,9.446066499775126
0.02107181112246903,18.55639654105054,136.77569539661422,9.446047568441486
0.0210741302445816,18.556505318817077,136.77551237659975,9.446018203238948
0.021078798711440472,18.55671341118505,136.77514543779975,9.44596312308749
0.021085234924583807,18.556990584007554,136.77463888076355,9.445890917518962
0.021086522946941244,18.557046010561784,136.7745373178497,9.445876496164107
0.021089099338322148,18.55715699217374,136.77433399912545,9.445847618801366
0.02109425265978182,18.55737874570505,136.77392682636184,9.445790000373476
0.021099662901981397,18.557610781701367,136.77349882399207,9.44572988532885
0.021105341387446463,18.557852956626594,136.77304918550752,9.445667389968326
0.021111774293704477,18.55812444694314,136.77253946665653,9.445597743141018
0.021118196177855708,18.558392080934105,136.77203021187242,9.445529523396043
0.021124601124667963,18.558656608698218,136.77152172908282,9.44546236851264
0.021130985784082346,18.558918987232147,136.7710142481652,9.445395857867625
0.021132260240314893,18.558971266540972,136.77091288380186,9.44538260874544
0.021134806659732108,18.55907561836039,136.77071029824938,9.44535616604189
0.021139889681305424,18.559283552987345,136.77030569693326,9.445303481805235
0.02114521347347631,18.559500885004734,136.76988168348785,9.44524844071304
0.021150789516700907,18.55972807822082,136.76943735226897,9.445190967461524
0.021151958762639977,18.559775681951745,136.76934415163103,9.445178937350416
0.021154295481041974,18.55987076766189,136.76915786799356,9.44515492387697
0.021155229518494245,18.559908761578605,136.76908339600908,9.445145335083557
0.021157096487623872,18.559984682144208,136.76893452375873,9.445126185939104
0.02116082606399594,18.560136270255935,136.7686370594115,9.445088000996886
0.021164795452792706,18.560297556683935,136.76832036902627,9.445047447005924
0.02117085822690845,18.56054393264669,136.76783646421077,9.444985645432928
0.021172110494541263,18.56059485324201,136.7677364842984,9.444972891554432
0.021174613252195273,18.560696639550194,136.76753664287375,9.444947419401249
0.021175613706689522,18.560737338854636,136.76745674797723,9.444937241913733
0.02117761351138403,18.560818712441385,136.76729703058888,9.4449169059918
0.02117823087227777,18.56084383863572,136.7672477199493,9.444910630133318
0.021179465185273916,18.560894083196178,136.76714912616117,9.444898084914504
0.021179876645546658,18.56091083401778,136.76711625824285,9.444893903959246
0.02118069938919187,18.560944332417026,136.76705053452693,9.444885544804206
0.021181025482678084,18.56095761026775,136.7670244842893,9.444882232258374
0.021181677561068923,18.560984163765333,136.76697239138082,9.444875608940979
0.021182981285259972,18.561037259271895,136.76686823558643,9.444862370382765
0.021184648383874682,18.56110516513594,136.76673504056166,9.444845448987515
0.021187979732175455,18.56124089161013,136.7664688459294,9.444811660741545
0.021188778697263322,18.561273447553276,136.76640499787035,9.444803562290748
0.021190375994124322,18.561338536437592,136.76627734760768,9.44478737821059
0.021191014681078202,18.56136456200374,136.7662263039769,9.444780909800185
0.021192291659939855,18.561416596972627,136.7661242454175,9.444767981426278
0.02119280230691678,18.56143740425179,136.76608343249458,9.444762813425418
0.021193823354733965,18.56147900818435,136.7660018249363,9.444752482749236
0.021195864482079774,18.561562168737346,136.76583868222866,9.444731844158998
0.021198006320271134,18.56164941626845,136.76566748564605,9.444710206250475
0.02119866132414694,18.561676092224403,136.76561513054753,9.444703593542393
0.021199970949213998,18.561729420982346,136.7655104504837,9.444690377996084
0.021200494656440916,18.56175074210638,136.76546858944215,9.444685096058098
0.02120154182529499,18.56179336705793,136.76538488651403,9.444674539241074
0.021203635176689772,18.561878534824253,136.76521755690436,9.444653458254278
0.021205831781068052,18.561967824871175,136.76504197013307,9.444631375630722
0.02120813665804544,18.562061411733893,136.7648577244671,9.444608251794907
0.02120887212978584,18.562091252897893,136.7647989313978,9.444600883075791
0.021210342585896935,18.56215088344921,136.76468138291716,9.44458616481039
0.021210930586845755,18.562174717092464,136.76463437704723,9.444580284572876
0.021212106277576748,18.562222354124447,136.7645403887991,9.444568535619872
0.021214456417980032,18.56231751272865,136.7643525041571,9.444545084526077
0.02121729453786325,18.562432375267623,136.7641255883835,9.444516813917446
0.021222073479870374,18.5626258230974,136.76374343173737,9.444469284981647
0.021228228826053797,18.562875044424256,136.76325107654003,9.444408026696392
0.02122945861651726,18.562924858250653,136.76315268717374,9.444395758134661
0.021231916928382333,18.563024414980962,136.76295599905578,9.444371209509535
0.02123289979127474,18.563064216837983,136.76287735454096,9.444361383552351
0.021234864742447623,18.563143793270207,136.76272011842983,9.444341716586674
0.02123565044137765,18.56317561435735,136.7626572429158,9.444333844785573
0.021237221368712644,18.56323924271745,136.76253152475164,9.444318092142831
0.021240361427736665,18.563366422268203,136.76228021672122,9.44428656626112
0.021243717428037434,18.563502213906258,136.7620116066158,9.444252885907467
0.02124453786934022,18.56353537000525,136.76194593497237,9.444244665166067
0.02124617821361785,18.563601601077938,136.76181463107494,9.44422824991007
0.02124945659794686,18.563733671222543,136.76155218119078,9.444195561308332
