design_id,reason
Ro80_q0.45_L8W_r0.60_th120_k0.00,TJ radius below 6W
Ro80_q0.45_L8W_r0.60_th120_k0.25,TJ radius below 6W
Ro80_q0.45_L8W_r0.60_th120_k0.50,TJ radius below 6W
Ro80_q0.45_L8W_r0.60_th120_k0.75,TJ radius below 6W
Ro80_q0.45_L8W_r0.60_th135_k0.00,TJ radius below 6W
Ro80_q0.45_L8W_r0.60_th135_k0.25,TJ radius below 6W
Ro80_q0.45_L8W_r0.60_th135_k0.50,TJ radius below 6W
Ro80_q0.45_L8W_r0.60_th135_k0.75,TJ radius below 6W
Ro80_q0.45_L8W_r0.60_th150_k0.00,TJ radius below 6W
Ro80_q0.45_L8W_r0.60_th150_k0.25,TJ radius below 6W
Ro80_q0.45_L8W_r0.60_th150_k0.50,TJ radius below 6W
Ro80_q0.45_L8W_r0.60_th150_k0.75,TJ radius below 6W
Ro80_q0.45_L8W_r0.60_th165_k0.00,TJ radius below 6W
Ro80_q0.45_L8W_r0.60_th165_k0.25,TJ radius below 6W
Ro80_q0.45_L8W_r0.60_th165_k0.50,TJ radius below 6W
Ro80_q0.45_L8W_r0.60_th165_k0.75,TJ radius below 6W
Ro80_q0.45_L8W_r0.60_th170_k0.00,TJ radius below 6W
Ro80_q0.45_L8W_r0.60_th170_k0.25,TJ radius below 6W
Ro80_q0.45_L8W_r0.60_th170_k0.50,TJ radius below 6W
Ro80_q0.45_L8W_r0.60_th170_k0.75,TJ radius below 6W
Ro80_q0.45_L8W_r0.80_th120_k0.00,TJ radius below 6W
Ro80_q0.45_L8W_r0.80_th120_k0.25,TJ radius below 6W
Ro80_q0.45_L8W_r0.80_th120_k0.50,TJ radius below 6W
Ro80_q0.45_L8W_r0.80_th120_k0.75,TJ radius below 6W
Ro80_q0.45_L8W_r0.80_th135_k0.00,TJ radius below 6W
Ro80_q0.45_L8W_r0.80_th135_k0.25,TJ radius below 6W
Ro80_q0.45_L8W_r0.80_th135_k0.50,TJ radius below 6W
Ro80_q0.45_L8W_r0.80_th135_k0.75,TJ radius below 6W
Ro80_q0.45_L8W_r0.80_th150_k0.00,TJ radius below 6W
Ro80_q0.45_L8W_r0.80_th150_k0.25,TJ radius below 6W
Ro80_q0.45_L8W_r0.80_th150_k0.50,TJ radius below 6W
Ro80_q0.45_L8W_r0.80_th150_k0.75,TJ radius below 6W
Ro80_q0.45_L8W_r0.80_th165_k0.00,TJ radius below 6W
Ro80_q0.45_L8W_r0.80_th165_k0.25,TJ radius below 6W
Ro80_q0.45_L8W_r0.80_th165_k0.50,TJ radius below 6W
Ro80_q0.45_L8W_r0.80_th165_k0.75,TJ radius below 6W
Ro80_q0.45_L8W_r0.80_th170_k0.00,TJ radius below 6W
Ro80_q0.45_L8W_r0.80_th170_k0.25,TJ radius below 6W
Ro80_q0.45_L8W_r0.80_th170_k0.50,TJ radius below 6W
Ro80_q0.45_L8W_r0.80_th170_k0.75,TJ radius below 6W
Ro80_q0.45_L8W_r1.20_th120_k0.00,center profile is not monotone from midplane to GB
Ro80_q0.45_L8W_r1.20_th120_k0.25,center profile is not monotone from midplane to GB
Ro80_q0.45_L8W_r1.20_th120_k0.50,center profile is not monotone from midplane to GB
Ro80_q0.45_L8W_r1.20_th120_k0.75,center profile is not monotone from midplane to GB
Ro80_q0.45_L8W_r1.20_th135_k0.00,center profile is not monotone from midplane to GB
Ro80_q0.45_L8W_r1.20_th135_k0.25,center profile is not monotone from midplane to GB
Ro80_q0.45_L8W_r1.20_th135_k0.50,center profile is not monotone from midplane to GB
Ro80_q0.45_L8W_r1.20_th135_k0.75,center profile is not monotone from midplane to GB
Ro80_q0.45_L8W_r1.20_th150_k0.00,center profile is not monotone from midplane to GB
Ro80_q0.45_L8W_r1.20_th150_k0.25,center profile is not monotone from midplane to GB
Ro80_q0.45_L8W_r1.20_th150_k0.50,center profile is not monotone from midplane to GB
Ro80_q0.45_L8W_r1.20_th150_k0.75,center profile is not monotone from midplane to GB
Ro80_q0.45_L8W_r1.40_th120_k0.00,center profile is not monotone from midplane to GB
Ro80_q0.45_L8W_r1.40_th120_k0.25,center profile is not monotone from midplane to GB
Ro80_q0.45_L8W_r1.40_th120_k0.50,center profile is not monotone from midplane to GB
Ro80_q0.45_L8W_r1.40_th120_k0.75,center profile is not monotone from midplane to GB
Ro80_q0.45_L8W_r1.40_th135_k0.00,center profile is not monotone from midplane to GB
Ro80_q0.45_L8W_r1.40_th135_k0.25,center profile is not monotone from midplane to GB
Ro80_q0.45_L8W_r1.40_th135_k0.50,center profile is not monotone from midplane to GB
Ro80_q0.45_L8W_r1.40_th135_k0.75,center profile is not monotone from midplane to GB
Ro80_q0.45_L8W_r1.40_th150_k0.00,center profile is not monotone from midplane to GB
Ro80_q0.45_L8W_r1.40_th150_k0.25,center profile is not monotone from midplane to GB
Ro80_q0.45_L8W_r1.40_th150_k0.50,center profile is not monotone from midplane to GB
Ro80_q0.45_L8W_r1.40_th150_k0.75,center profile is not monotone from midplane to GB
Ro80_q0.45_L8W_r1.40_th165_k0.00,center profile is not monotone from midplane to GB
Ro80_q0.45_L8W_r1.40_th165_k0.25,center profile is not monotone from midplane to GB
Ro80_q0.45_L8W_r1.40_th165_k0.50,center profile is not monotone from midplane to GB
Ro80_q0.45_L8W_r1.40_th165_k0.75,center profile is not monotone from midplane to GB
Ro80_q0.45_L8W_r1.40_th170_k0.00,center profile is not monotone from midplane to GB
Ro80_q0.45_L8W_r1.40_th170_k0.25,center profile is not monotone from midplane to GB
Ro80_q0.45_L8W_r1.40_th170_k0.50,center profile is not monotone from midplane to GB
Ro80_q0.45_L8W_r1.40_th170_k0.75,center profile is not monotone from midplane to GB
Ro80_q0.45_L8W_r1.60_th120_k0.00,center profile is not monotone from midplane to GB; center topology fails before requested loss
Ro80_q0.45_L8W_r1.60_th120_k0.25,center profile is not monotone from midplane to GB; center topology fails before requested loss
Ro80_q0.45_L8W_r1.60_th120_k0.50,center profile is not monotone from midplane to GB; center topology fails before requested loss
Ro80_q0.45_L8W_r1.60_th120_k0.75,center profile is not monotone from midplane to GB; center topology fails before requested loss
Ro80_q0.45_L8W_r1.60_th135_k0.00,center profile is not monotone from midplane to GB; center topology fails before requested loss
Ro80_q0.45_L8W_r1.60_th135_k0.25,center profile is not monotone from midplane to GB; center topology fails before requested loss
Ro80_q0.45_L8W_r1.60_th135_k0.50,center profile is not monotone from midplane to GB; center topology fails before requested loss
Ro80_q0.45_L8W_r1.60_th135_k0.75,center profile is not monotone from midplane to GB; center topology fails before requested loss
Ro80_q0.45_L8W_r1.60_th150_k0.00,center profile is not monotone from midplane to GB; center topology fails before requested loss
Ro80_q0.45_L8W_r1.60_th150_k0.25,center profile is not monotone from midplane to GB; center topology fails before requested loss
Ro80_q0.45_L8W_r1.60_th150_k0.50,center profile is not monotone from midplane to GB; center topology fails before requested loss
Ro80_q0.45_L8W_r1.60_th150_k0.75,center profile is not monotone from midplane to GB; center topology fails before requested loss
Ro80_q0.45_L8W_r1.60_th165_k0.00,center profile is not monotone from midplane to GB; center topology fails before requested loss
Ro80_q0.45_L8W_r1.60_th165_k0.25,center profile is not monotone from midplane to GB; center topology fails before requested loss
Ro80_q0.45_L8W_r1.60_th165_k0.50,center profile is not monotone from midplane to GB; center topology fails before requested loss
Ro80_q0.45_L8W_r1.60_th165_k0.75,center profile is not monotone from midplane to GB; center topology fails before requested loss
Ro80_q0.45_L8W_r1.60_th170_k0.00,center profile is not monotone from midplane to GB; center topology fails before requested loss
Ro80_q0.45_L8W_r1.60_th170_k0.25,center profile is not monotone from midplane to GB; center topology fails before requested loss
Ro80_q0.45_L8W_r1.60_th170_k0.50,center profile is not monotone from midplane to GB; center topology fails before requested loss
Ro80_q0.45_L8W_r1.60_th170_k0.75,center profile is not monotone from midplane to GB; center topology fails before requested loss
Ro80_q0.45_L10W_r0.60_th120_k0.00,TJ radius below 6W
Ro80_q0.45_L10W_r0.60_th120_k0.25,TJ radius below 6W
Ro80_q0.45_L10W_r0.60_th120_k0.50,TJ radius below 6W
Ro80_q0.45_L10W_r0.60_th120_k0.75,TJ radius below 6W
Ro80_q0.45_L10W_r0.60_th135_k0.00,TJ radius below 6W
Ro80_q0.45_L10W_r0.60_th135_k0.25,TJ radius below 6W
Ro80_q0.45_L10W_r0.60_th135_k0.50,TJ radius below 6W
Ro80_q0.45_L10W_r0.60_th135_k0.75,TJ radius below 6W
Ro80_q0.45_L10W_r0.60_th150_k0.00,TJ radius below 6W
Ro80_q0.45_L10W_r0.60_th150_k0.25,TJ radius below 6W
Ro80_q0.45_L10W_r0.60_th150_k0.50,TJ radius below 6W
Ro80_q0.45_L10W_r0.60_th150_k0.75,TJ radius below 6W
Ro80_q0.45_L10W_r0.60_th165_k0.00,TJ radius below 6W
Ro80_q0.45_L10W_r0.60_th165_k0.25,TJ radius below 6W
Ro80_q0.45_L10W_r0.60_th165_k0.50,TJ radius below 6W
Ro80_q0.45_L10W_r0.60_th165_k0.75,TJ radius below 6W
Ro80_q0.45_L10W_r0.60_th170_k0.00,TJ radius below 6W
Ro80_q0.45_L10W_r0.60_th170_k0.25,TJ radius below 6W
Ro80_q0.45_L10W_r0.60_th170_k0.50,TJ radius below 6W
Ro80_q0.45_L10W_r0.60_th170_k0.75,TJ radius below 6W
Ro80_q0.45_L10W_r0.80_th120_k0.00,TJ radius below 6W
Ro80_q0.45_L10W_r0.80_th120_k0.25,TJ radius below 6W
Ro80_q0.45_L10W_r0.80_th120_k0.50,TJ radius below 6W
Ro80_q0.45_L10W_r0.80_th120_k0.75,TJ radius below 6W
Ro80_q0.45_L10W_r0.80_th135_k0.00,TJ radius below 6W
Ro80_q0.45_L10W_r0.80_th135_k0.25,TJ radius below 6W
Ro80_q0.45_L10W_r0.80_th135_k0.50,TJ radius below 6W
Ro80_q0.45_L10W_r0.80_th135_k0.75,TJ radius below 6W
Ro80_q0.45_L10W_r0.80_th150_k0.00,TJ radius below 6W
Ro80_q0.45_L10W_r0.80_th150_k0.25,TJ radius below 6W
Ro80_q0.45_L10W_r0.80_th150_k0.50,TJ radius below 6W
Ro80_q0.45_L10W_r0.80_th150_k0.75,TJ radius below 6W
Ro80_q0.45_L10W_r0.80_th165_k0.00,TJ radius below 6W
Ro80_q0.45_L10W_r0.80_th165_k0.25,TJ radius below 6W
Ro80_q0.45_L10W_r0.80_th165_k0.50,TJ radius below 6W
Ro80_q0.45_L10W_r0.80_th165_k0.75,TJ radius below 6W
Ro80_q0.45_L10W_r0.80_th170_k0.00,TJ radius below 6W
Ro80_q0.45_L10W_r0.80_th170_k0.25,TJ radius below 6W
Ro80_q0.45_L10W_r0.80_th170_k0.50,TJ radius below 6W
Ro80_q0.45_L10W_r0.80_th170_k0.75,TJ radius below 6W
Ro80_q0.45_L10W_r1.20_th120_k0.00,center profile is not monotone from midplane to GB
Ro80_q0.45_L10W_r1.20_th120_k0.25,center profile is not monotone from midplane to GB
Ro80_q0.45_L10W_r1.20_th120_k0.50,center profile is not monotone from midplane to GB
Ro80_q0.45_L10W_r1.20_th120_k0.75,center profile is not monotone from midplane to GB
Ro80_q0.45_L10W_r1.20_th135_k0.00,center profile is not monotone from midplane to GB
Ro80_q0.45_L10W_r1.20_th135_k0.25,center profile is not monotone from midplane to GB
Ro80_q0.45_L10W_r1.20_th135_k0.50,center profile is not monotone from midplane to GB
Ro80_q0.45_L10W_r1.20_th135_k0.75,center profile is not monotone from midplane to GB
Ro80_q0.45_L10W_r1.20_th150_k0.00,center profile is not monotone from midplane to GB
Ro80_q0.45_L10W_r1.20_th150_k0.25,center profile is not monotone from midplane to GB
Ro80_q0.45_L10W_r1.20_th150_k0.50,center profile is not monotone from midplane to GB
Ro80_q0.45_L10W_r1.20_th150_k0.75,center profile is not monotone from midplane to GB
Ro80_q0.45_L10W_r1.20_th165_k0.00,center profile is not monotone from midplane to GB
Ro80_q0.45_L10W_r1.20_th165_k0.25,center profile is not monotone from midplane to GB
Ro80_q0.45_L10W_r1.20_th165_k0.50,center profile is not monotone from midplane to GB
Ro80_q0.45_L10W_r1.20_th165_k0.75,center profile is not monotone from midplane to GB
Ro80_q0.45_L10W_r1.20_th170_k0.00,center profile is not monotone from midplane to GB
Ro80_q0.45_L10W_r1.20_th170_k0.25,center profile is not monotone from midplane to GB
Ro80_q0.45_L10W_r1.20_th170_k0.50,center profile is not monotone from midplane to GB
Ro80_q0.45_L10W_r1.20_th170_k0.75,center profile is not monotone from midplane to GB
Ro80_q0.45_L10W_r1.40_th120_k0.00,center profile is not monotone from midplane to GB; center topology fails before requested loss
Ro80_q0.45_L10W_r1.40_th120_k0.25,center profile is not monotone from midplane to GB; center topology fails before requested loss
Ro80_q0.45_L10W_r1.40_th120_k0.50,center profile is not monotone from midplane to GB; center topology fails before requested loss
Ro80_q0.45_L10W_r1.40_th120_k0.75,center profile is not monotone from midplane to GB; center topology fails before requested loss
Ro80_q0.45_L10W_r1.40_th135_k0.00,center profile is not monotone from midplane to GB; center topology fails before requested loss
Ro80_q0.45_L10W_r1.40_th135_k0.25,center profile is not monotone from midplane to GB; center topology fails before requested loss
Ro80_q0.45_L10W_r1.40_th135_k0.50,center profile is not monotone from midplane to GB; center topology fails before requested loss
Ro80_q0.45_L10W_r1.40_th135_k0.75,center profile is not monotone from midplane to GB; center topology fails before requested loss
Ro80_q0.45_L10W_r1.40_th150_k0.00,center profile is not monotone from midplane to GB; center topology fails before requested loss
Ro80_q0.45_L10W_r1.40_th150_k0.25,center profile is not monotone from midplane to GB; center topology fails before requested loss
Ro80_q0.45_L10W_r1.40_th150_k0.50,center profile is not monotone from midplane to GB; center topology fails before requested loss
Ro80_q0.45_L10W_r1.40_th150_k0.75,center profile is not monotone from midplane to GB; center topology fails before requested loss
Ro80_q0.45_L10W_r1.40_th165_k0.00,center profile is not monotone from midplane to GB
Ro80_q0.45_L10W_r1.40_th165_k0.25,center profile is not monotone from midplane to GB
Ro80_q0.45_L10W_r1.40_th165_k0.50,center profile is not monotone from midplane to GB
Ro80_q0.45_L10W_r1.40_th165_k0.75,center profile is not monotone from midplane to GB
Ro80_q0.45_L10W_r1.40_th170_k0.00,center profile is not monotone from midplane to GB
Ro80_q0.45_L10W_r1.40_th170_k0.25,center profile is not monotone from midplane to GB
Ro80_q0.45_L10W_r1.40_th170_k0.50,center profile is not monotone from midplane to GB
Ro80_q0.45_L10W_r1.40_th170_k0.75,center profile is not monotone from midplane to GB
Ro80_q0.45_L10W_r1.60_th120_k0.00,negative center squared radius; center profile is not monotone from midplane to GB; center topology fails before requested loss
Ro80_q0.45_L10W_r1.60_th120_k0.25,negative center squared radius; center profile is not monotone from midplane to GB; center topology fails before requested loss
Ro80_q0.45_L10W_r1.60_th120_k0.50,negative center squared radius; center profile is not monotone from midplane to GB; center topology fails before requested loss
Ro80_q0.45_L10W_r1.60_th120_k0.75,negative center squared radius; center profile is not monotone from midplane to GB; center topology fails before requested loss
Ro80_q0.45_L10W_r1.60_th135_k0.00,negative center squared radius; center profile is not monotone from midplane to GB; center topology fails before requested loss
Ro80_q0.45_L10W_r1.60_th135_k0.25,negative center squared radius; center profile is not monotone from midplane to GB; center topology fails before requested loss
Ro80_q0.45_L10W_r1.60_th135_k0.50,negative center squared radius; center profile is not monotone from midplane to GB; center topology fails before requested loss
Ro80_q0.45_L10W_r1.60_th135_k0.75,negative center squared radius; center profile is not monotone from midplane to GB; center topology fails before requested loss
Ro80_q0.45_L10W_r1.60_th150_k0.00,negative center squared radius; center profile is not monotone from midplane to GB; center topology fails before requested loss
Ro80_q0.45_L10W_r1.60_th150_k0.25,negative center squared radius; center profile is not monotone from midplane to GB; center topology fails before requested loss
Ro80_q0.45_L10W_r1.60_th150_k0.50,negative center squared radius; center profile is not monotone from midplane to GB; center topology fails before requested loss
Ro80_q0.45_L10W_r1.60_th150_k0.75,negative center squared radius; center profile is not monotone from midplane to GB; center topology fails before requested loss
Ro80_q0.45_L10W_r1.60_th165_k0.00,negative center squared radius; center profile is not monotone from midplane to GB; center topology fails before requested loss
Ro80_q0.45_L10W_r1.60_th165_k0.25,negative center squared radius; center profile is not monotone from midplane to GB; center topology fails before requested loss
Ro80_q0.45_L10W_r1.60_th165_k0.50,negative center squared radius; center profile is not monotone from midplane to GB; center topology fails before requested loss
Ro80_q0.45_L10W_r1.60_th165_k0.75,negative center squared radius; center profile is not monotone from midplane to GB; center topology fails before requested loss
Ro80_q0.45_L10W_r1.60_th170_k0.00,negative center squared radius; center profile is not monotone from midplane to GB; center topology fails before requested loss
Ro80_q0.45_L10W_r1.60_th170_k0.25,negative center squared radius; center profile is not monotone from midplane to GB; center topology fails before requested loss
Ro80_q0.45_L10W_r1.60_th170_k0.50,negative center squared radius; center profile is not monotone from midplane to GB; center topology fails before requested loss
Ro80_q0.45_L10W_r1.60_th170_k0.75,negative center squared radius; center profile is not monotone from midplane to GB; center topology fails before requested loss
Ro80_q0.45_L12W_r0.60_th120_k0.00,TJ radius below 6W
Ro80_q0.45_L12W_r0.60_th120_k0.25,TJ radius below 6W
Ro80_q0.45_L12W_r0.60_th120_k0.50,TJ radius below 6W
Ro80_q0.45_L12W_r0.60_th120_k0.75,TJ radius below 6W
Ro80_q0.45_L12W_r0.60_th135_k0.00,TJ radius below 6W
Ro80_q0.45_L12W_r0.60_th135_k0.25,TJ radius below 6W
Ro80_q0.45_L12W_r0.60_th135_k0.50,TJ radius below 6W
Ro80_q0.45_L12W_r0.60_th135_k0.75,TJ radius below 6W
Ro80_q0.45_L12W_r0.60_th150_k0.00,TJ radius below 6W
Ro80_q0.45_L12W_r0.60_th150_k0.25,TJ radius below 6W
Ro80_q0.45_L12W_r0.60_th150_k0.50,TJ radius below 6W
Ro80_q0.45_L12W_r0.60_th150_k0.75,TJ radius below 6W
Ro80_q0.45_L12W_r0.60_th165_k0.00,TJ radius below 6W
Ro80_q0.45_L12W_r0.60_th165_k0.25,TJ radius below 6W
Ro80_q0.45_L12W_r0.60_th165_k0.50,TJ radius below 6W
Ro80_q0.45_L12W_r0.60_th165_k0.75,TJ radius below 6W
Ro80_q0.45_L12W_r0.60_th170_k0.00,TJ radius below 6W
Ro80_q0.45_L12W_r0.60_th170_k0.25,TJ radius below 6W
Ro80_q0.45_L12W_r0.60_th170_k0.50,TJ radius below 6W
Ro80_q0.45_L12W_r0.60_th170_k0.75,TJ radius below 6W
Ro80_q0.45_L12W_r0.80_th120_k0.00,TJ radius below 6W
Ro80_q0.45_L12W_r0.80_th120_k0.25,TJ radius below 6W
Ro80_q0.45_L12W_r0.80_th120_k0.50,TJ radius below 6W
Ro80_q0.45_L12W_r0.80_th120_k0.75,TJ radius below 6W
Ro80_q0.45_L12W_r0.80_th135_k0.00,TJ radius below 6W
Ro80_q0.45_L12W_r0.80_th135_k0.25,TJ radius below 6W
Ro80_q0.45_L12W_r0.80_th135_k0.50,TJ radius below 6W
Ro80_q0.45_L12W_r0.80_th135_k0.75,TJ radius below 6W
Ro80_q0.45_L12W_r0.80_th150_k0.00,TJ radius below 6W
Ro80_q0.45_L12W_r0.80_th150_k0.25,TJ radius below 6W
Ro80_q0.45_L12W_r0.80_th150_k0.50,TJ radius below 6W
Ro80_q0.45_L12W_r0.80_th150_k0.75,TJ radius below 6W
Ro80_q0.45_L12W_r0.80_th165_k0.00,TJ radius below 6W
Ro80_q0.45_L12W_r0.80_th165_k0.25,TJ radius below 6W
Ro80_q0.45_L12W_r0.80_th165_k0.50,TJ radius below 6W
Ro80_q0.45_L12W_r0.80_th165_k0.75,TJ radius below 6W
Ro80_q0.45_L12W_r0.80_th170_k0.00,TJ radius below 6W
Ro80_q0.45_L12W_r0.80_th170_k0.25,TJ radius below 6W
Ro80_q0.45_L12W_r0.80_th170_k0.50,TJ radius below 6W
Ro80_q0.45_L12W_r0.80_th170_k0.75,TJ radius below 6W
Ro80_q0.45_L12W_r1.00_th120_k0.00,center profile is not monotone from midplane to GB
Ro80_q0.45_L12W_r1.00_th120_k0.25,center profile is not monotone from midplane to GB
Ro80_q0.45_L12W_r1.00_th120_k0.50,center profile is not monotone from midplane to GB
Ro80_q0.45_L12W_r1.00_th120_k0.75,center profile is not monotone from midplane to GB
Ro80_q0.45_L12W_r1.00_th135_k0.00,center profile is not monotone from midplane to GB
Ro80_q0.45_L12W_r1.00_th135_k0.25,center profile is not monotone from midplane to GB
Ro80_q0.45_L12W_r1.00_th135_k0.50,center profile is not monotone from midplane to GB
Ro80_q0.45_L12W_r1.00_th135_k0.75,center profile is not monotone from midplane to GB
Ro80_q0.45_L12W_r1.00_th150_k0.00,center profile is not monotone from midplane to GB
Ro80_q0.45_L12W_r1.00_th150_k0.25,center profile is not monotone from midplane to GB
Ro80_q0.45_L12W_r1.00_th150_k0.50,center profile is not monotone from midplane to GB
Ro80_q0.45_L12W_r1.00_th150_k0.75,center profile is not monotone from midplane to GB
Ro80_q0.45_L12W_r1.00_th165_k0.00,center profile is not monotone from midplane to GB
Ro80_q0.45_L12W_r1.00_th165_k0.25,center profile is not monotone from midplane to GB
Ro80_q0.45_L12W_r1.00_th165_k0.50,center profile is not monotone from midplane to GB
Ro80_q0.45_L12W_r1.00_th165_k0.75,center profile is not monotone from midplane to GB
Ro80_q0.45_L12W_r1.00_th170_k0.00,center profile is not monotone from midplane to GB
Ro80_q0.45_L12W_r1.00_th170_k0.25,center profile is not monotone from midplane to GB
Ro80_q0.45_L12W_r1.00_th170_k0.50,center profile is not monotone from midplane to GB
Ro80_q0.45_L12W_r1.00_th170_k0.75,center profile is not monotone from midplane to GB
Ro80_q0.45_L12W_r1.20_th120_k0.00,center profile is not monotone from midplane to GB
Ro80_q0.45_L12W_r1.20_th120_k0.25,center profile is not monotone from midplane to GB
Ro80_q0.45_L12W_r1.20_th120_k0.50,center profile is not monotone from midplane to GB
Ro80_q0.45_L12W_r1.20_th120_k0.75,center profile is not monotone from midplane to GB
Ro80_q0.45_L12W_r1.20_th135_k0.00,center profile is not monotone from midplane to GB
Ro80_q0.45_L12W_r1.20_th135_k0.25,center profile is not monotone from midplane to GB
Ro80_q0.45_L12W_r1.20_th135_k0.50,center profile is not monotone from midplane to GB
Ro80_q0.45_L12W_r1.20_th135_k0.75,center profile is not monotone from midplane to GB
Ro80_q0.45_L12W_r1.20_th150_k0.00,center profile is not monotone from midplane to GB
Ro80_q0.45_L12W_r1.20_th150_k0.25,center profile is not monotone from midplane to GB
Ro80_q0.45_L12W_r1.20_th150_k0.50,center profile is not monotone from midplane to GB
Ro80_q0.45_L12W_r1.20_th150_k0.75,center profile is not monotone from midplane to GB
Ro80_q0.45_L12W_r1.20_th165_k0.00,center profile is not monotone from midplane to GB
Ro80_q0.45_L12W_r1.20_th165_k0.25,center profile is not monotone from midplane to GB
Ro80_q0.45_L12W_r1.20_th165_k0.50,center profile is not monotone from midplane to GB
Ro80_q0.45_L12W_r1.20_th165_k0.75,center profile is not monotone from midplane to GB
Ro80_q0.45_L12W_r1.20_th170_k0.00,center profile is not monotone from midplane to GB
Ro80_q0.45_L12W_r1.20_th170_k0.25,center profile is not monotone from midplane to GB
Ro80_q0.45_L12W_r1.20_th170_k0.50,center profile is not monotone from midplane to GB
Ro80_q0.45_L12W_r1.20_th170_k0.75,center profile is not monotone from midplane to GB
Ro80_q0.45_L12W_r1.40_th120_k0.00,negative center squared radius; center profile is not monotone from midplane to GB; center topology fails before requested loss
Ro80_q0.45_L12W_r1.40_th120_k0.25,negative center squared radius; center profile is not monotone from midplane to GB; center topology fails before requested loss
Ro80_q0.45_L12W_r1.40_th120_k0.50,negative center squared radius; center profile is not monotone from midplane to GB; center topology fails before requested loss
Ro80_q0.45_L12W_r1.40_th120_k0.75,negative center squared radius; center profile is not monotone from midplane to GB; center topology fails before requested loss
Ro80_q0.45_L12W_r1.40_th135_k0.00,negative center squared radius; center profile is not monotone from midplane to GB; center topology fails before requested loss
Ro80_q0.45_L12W_r1.40_th135_k0.25,negative center squared radius; center profile is not monotone from midplane to GB; center topology fails before requested loss
Ro80_q0.45_L12W_r1.40_th135_k0.50,negative center squared radius; center profile is not monotone from midplane to GB; center topology fails before requested loss
Ro80_q0.45_L12W_r1.40_th135_k0.75,negative center squared radius; center profile is not monotone from midplane to GB; center topology fails before requested loss
Ro80_q0.45_L12W_r1.40_th150_k0.00,negative center squared radius; center profile is not monotone from midplane to GB; center topology fails before requested loss
Ro80_q0.45_L12W_r1.40_th150_k0.25,negative center squared radius; center profile is not monotone from midplane to GB; center topology fails before requested loss
Ro80_q0.45_L12W_r1.40_th150_k0.50,negative center squared radius; center profile is not monotone from midplane to GB; center topology fails before requested loss
Ro80_q0.45_L12W_r1.40_th150_k0.75,negative center squared radius; center profile is not monotone from midplane to GB; center topology fails before requested loss
Ro80_q0.45_L12W_r1.40_th165_k0.00,negative center squared radius; center profile is not monotone from midplane to GB; center topology fails before requested loss
Ro80_q0.45_L12W_r1.40_th165_k0.25,negative center squared radius; center profile is not monotone from midplane to GB; center topology fails before requested loss
Ro80_q0.45_L12W_r1.40_th165_k0.50,negative center squared radius; center profile is not monotone from midplane to GB; center topology fails before requested loss
Ro80_q0.45_L12W_r1.40_th165_k0.75,negative center squared radius; center profile is not monotone from midplane to GB; center topology fails before requested loss
Ro80_q0.45_L12W_r1.40_th170_k0.00,negative center squared radius; center profile is not monotone from midplane to GB; center topology fails before requested loss
Ro80_q0.45_L12W_r1.40_th170_k0.25,negative center squared radius; center profile is not monotone from midplane to GB; center topology fails before requested loss
Ro80_q0.45_L12W_r1.40_th170_k0.50,negative center squared radius; center profile is not monotone from midplane to GB; center topology fails before requested loss
Ro80_q0.45_L12W_r1.40_th170_k0.75,negative center squared radius; center profile is not monotone from midplane to GB; center topology fails before requested loss
Ro80_q0.45_L12W_r1.60_th120_k0.00,negative center squared radius; center profile is not monotone from midplane to GB; center topology fails before requested loss
Ro80_q0.45_L12W_r1.60_th120_k0.25,negative center squared radius; center profile is not monotone from midplane to GB; center topology fails before requested loss
Ro80_q0.45_L12W_r1.60_th120_k0.50,negative center squared radius; center profile is not monotone from midplane to GB; center topology fails before requested loss
Ro80_q0.45_L12W_r1.60_th120_k0.75,negative center squared radius; center profile is not monotone from midplane to GB; center topology fails before requested loss
Ro80_q0.45_L12W_r1.60_th135_k0.00,negative center squared radius; center profile is not monotone from midplane to GB; center topology fails before requested loss
Ro80_q0.45_L12W_r1.60_th135_k0.25,negative center squared radius; center profile is not monotone from midplane to GB; center topology fails before requested loss
Ro80_q0.45_L12W_r1.60_th135_k0.50,negative center squared radius; center profile is not monotone from midplane to GB; center topology fails before requested loss
Ro80_q0.45_L12W_r1.60_th135_k0.75,negative center squared radius; center profile is not monotone from midplane to GB; center topology fails before requested loss
Ro80_q0.45_L12W_r1.60_th150_k0.00,negative center squared radius; center profile is not monotone from midplane to GB; center topology fails before requested loss
Ro80_q0.45_L12W_r1.60_th150_k0.25,negative center squared radius; center profile is not monotone from midplane to GB; center topology fails before requested loss
Ro80_q0.45_L12W_r1.60_th150_k0.50,negative center squared radius; center profile is not monotone from midplane to GB; center topology fails before requested loss
Ro80_q0.45_L12W_r1.60_th150_k0.75,negative center squared radius; center profile is not monotone from midplane to GB; center topology fails before requested loss
Ro80_q0.45_L12W_r1.60_th165_k0.00,negative center squared radius; center profile is not monotone from midplane to GB; center topology fails before requested loss
Ro80_q0.45_L12W_r1.60_th165_k0.25,negative center squared radius; center profile is not monotone from midplane to GB; center topology fails before requested loss
Ro80_q0.45_L12W_r1.60_th165_k0.50,negative center squared radius; center profile is not monotone from midplane to GB; center topology fails before requested loss
Ro80_q0.45_L12W_r1.60_th165_k0.75,negative center squared radius; center profile is not monotone from midplane to GB; center topology fails before requested loss
Ro80_q0.45_L12W_r1.60_th170_k0.00,negative center squared radius; center profile is not monotone from midplane to GB; center topology fails before requested loss
Ro80_q0.45_L12W_r1.60_th170_k0.25,negative center squared radius; center profile is not monotone from midplane to GB; center topology fails before requested loss
Ro80_q0.45_L12W_r1.60_th170_k0.50,negative center squared radius; center profile is not monotone from midplane to GB; center topology fails before requested loss
Ro80_q0.45_L12W_r1.60_th170_k0.75,negative center squared radius; center profile is not monotone from midplane to GB; center topology fails before requested loss
Ro80_q0.45_L16W_r0.60_th120_k0.00,TJ radius below 6W
Ro80_q0.45_L16W_r0.60_th120_k0.25,TJ radius below 6W
Ro80_q0.45_L16W_r0.60_th120_k0.50,TJ radius below 6W
Ro80_q0.45_L16W_r0.60_th120_k0.75,TJ radius below 6W
Ro80_q0.45_L16W_r0.60_th135_k0.00,TJ radius below 6W
Ro80_q0.45_L16W_r0.60_th135_k0.25,TJ radius below 6W
Ro80_q0.45_L16W_r0.60_th135_k0.50,TJ radius below 6W
Ro80_q0.45_L16W_r0.60_th135_k0.75,TJ radius below 6W
Ro80_q0.45_L16W_r0.60_th150_k0.00,TJ radius below 6W
Ro80_q0.45_L16W_r0.60_th150_k0.25,TJ radius below 6W
Ro80_q0.45_L16W_r0.60_th150_k0.50,TJ radius below 6W
Ro80_q0.45_L16W_r0.60_th150_k0.75,TJ radius below 6W
Ro80_q0.45_L16W_r0.60_th165_k0.00,TJ radius below 6W
Ro80_q0.45_L16W_r0.60_th165_k0.25,TJ radius below 6W
Ro80_q0.45_L16W_r0.60_th165_k0.50,TJ radius below 6W
Ro80_q0.45_L16W_r0.60_th165_k0.75,TJ radius below 6W
Ro80_q0.45_L16W_r0.60_th170_k0.00,TJ radius below 6W
Ro80_q0.45_L16W_r0.60_th170_k0.25,TJ radius below 6W
Ro80_q0.45_L16W_r0.60_th170_k0.50,TJ radius below 6W
Ro80_q0.45_L16W_r0.60_th170_k0.75,TJ radius below 6W
Ro80_q0.45_L16W_r0.80_th120_k0.00,center profile is not monotone from midplane to GB
Ro80_q0.45_L16W_r0.80_th120_k0.25,center profile is not monotone from midplane to GB
Ro80_q0.45_L16W_r0.80_th120_k0.50,center profile is not monotone from midplane to GB
Ro80_q0.45_L16W_r0.80_th120_k0.75,center profile is not monotone from midplane to GB
Ro80_q0.45_L16W_r0.80_th135_k0.00,center profile is not monotone from midplane to GB
Ro80_q0.45_L16W_r0.80_th135_k0.25,center profile is not monotone from midplane to GB
Ro80_q0.45_L16W_r0.80_th135_k0.50,center profile is not monotone from midplane to GB
Ro80_q0.45_L16W_r0.80_th135_k0.75,center profile is not monotone from midplane to GB
Ro80_q0.45_L16W_r0.80_th150_k0.00,center profile is not monotone from midplane to GB
Ro80_q0.45_L16W_r1.00_th120_k0.00,center profile is not monotone from midplane to GB
Ro80_q0.45_L16W_r1.00_th120_k0.25,center profile is not monotone from midplane to GB
Ro80_q0.45_L16W_r1.00_th120_k0.50,center profile is not monotone from midplane to GB
Ro80_q0.45_L16W_r1.00_th120_k0.75,center profile is not monotone from midplane to GB
Ro80_q0.45_L16W_r1.00_th135_k0.00,center profile is not monotone from midplane to GB
Ro80_q0.45_L16W_r1.00_th135_k0.25,center profile is not monotone from midplane to GB
Ro80_q0.45_L16W_r1.00_th135_k0.50,center profile is not monotone from midplane to GB
Ro80_q0.45_L16W_r1.00_th135_k0.75,center profile is not monotone from midplane to GB
Ro80_q0.45_L16W_r1.00_th150_k0.00,center profile is not monotone from midplane to GB
Ro80_q0.45_L16W_r1.00_th150_k0.25,center profile is not monotone from midplane to GB
Ro80_q0.45_L16W_r1.00_th150_k0.50,center profile is not monotone from midplane to GB
Ro80_q0.45_L16W_r1.00_th150_k0.75,center profile is not monotone from midplane to GB
Ro80_q0.45_L16W_r1.00_th165_k0.00,center profile is not monotone from midplane to GB
Ro80_q0.45_L16W_r1.00_th165_k0.25,center profile is not monotone from midplane to GB
Ro80_q0.45_L16W_r1.00_th165_k0.50,center profile is not monotone from midplane to GB
Ro80_q0.45_L16W_r1.00_th165_k0.75,center profile is not monotone from midplane to GB
Ro80_q0.45_L16W_r1.00_th170_k0.00,center profile is not monotone from midplane to GB
Ro80_q0.45_L16W_r1.00_th170_k0.25,center profile is not monotone from midplane to GB
Ro80_q0.45_L16W_r1.00_th170_k0.50,center profile is not monotone from midplane to GB
Ro80_q0.45_L16W_r1.00_th170_k0.75,center profile is not monotone from midplane to GB
Ro80_q0.45_L16W_r1.20_th120_k0.00,negative center squared radius; center profile is not monotone from midplane to GB; center topology fails before requested loss
Ro80_q0.45_L16W_r1.20_th120_k0.25,negative center squared radius; center profile is not monotone from midplane to GB; center topology fails before requested loss
Ro80_q0.45_L16W_r1.20_th120_k0.50,negative center squared radius; center profile is not monotone from midplane to GB; center topology fails before requested loss
Ro80_q0.45_L16W_r1.20_th120_k0.75,negative center squared radius; center profile is not monotone from midplane to GB; center topology fails before requested loss
Ro80_q0.45_L16W_r1.20_th135_k0.00,negative center squared radius; center profile is not monotone from midplane to GB; center topology fails before requested loss
Ro80_q0.45_L16W_r1.20_th135_k0.25,negative center squared radius; center profile is not monotone from midplane to GB; center topology fails before requested loss
Ro80_q0.45_L16W_r1.20_th135_k0.50,negative center squared radius; center profile is not monotone from midplane to GB; center topology fails before requested loss
Ro80_q0.45_L16W_r1.20_th135_k0.75,negative center squared radius; center profile is not monotone from midplane to GB; center topology fails before requested loss
Ro80_q0.45_L16W_r1.20_th150_k0.00,negative center squared radius; center profile is not monotone from midplane to GB; center topology fails before requested loss
Ro80_q0.45_L16W_r1.20_th150_k0.25,negative center squared radius; center profile is not monotone from midplane to GB; center topology fails before requested loss
Ro80_q0.45_L16W_r1.20_th150_k0.50,negative center squared radius; center profile is not monotone from midplane to GB; center topology fails before requested loss
Ro80_q0.45_L16W_r1.20_th150_k0.75,negative center squared radius; center profile is not monotone from midplane to GB; center topology fails before requested loss
Ro80_q0.45_L16W_r1.20_th165_k0.00,negative center squared radius; center profile is not monotone from midplane to GB; center topology fails before requested loss
Ro80_q0.45_L16W_r1.20_th165_k0.25,negative center squared radius; center profile is not monotone from midplane to GB; center topology fails before requested loss
Ro80_q0.45_L16W_r1.20_th165_k0.50,negative center squared radius; center profile is not monotone from midplane to GB; center topology fails before requested loss
Ro80_q0.45_L16W_r1.20_th165_k0.75,negative center squared radius; center profile is not monotone from midplane to GB; center topology fails before requested loss
Ro80_q0.45_L16W_r1.20_th170_k0.00,negative center squared radius; center profile is not monotone from midplane to GB; center topology fails before requested loss
Ro80_q0.45_L16W_r1.20_th170_k0.25,negative center squared radius; center profile is not monotone from midplane to GB; center topology fails before requested loss
Ro80_q0.45_L16W_r1.20_th170_k0.50,negative center squared radius; center profile is not monotone from midplane to GB; center topology fails before requested loss
Ro80_q0.45_L16W_r1.20_th170_k0.75,negative center squared radius; center profile is not monotone from midplane to GB; center topology fails before requested loss
Ro80_q0.45_L16W_r1.40_th120_k0.00,negative center squared radius; center profile is not monotone from midplane to GB; center topology fails before requested loss
Ro80_q0.45_L16W_r1.40_th120_k0.25,negative center squared radius; center profile is not monotone from midplane to GB; center topology fails before requested loss
Ro80_q0.45_L16W_r1.40_th120_k0.50,negative center squared radius; center profile is not monotone from midplane to GB; center topology fails before requested loss
Ro80_q0.45_L16W_r1.40_th120_k0.75,negative center squared radius; center profile is not monotone from midplane to GB; center topology fails before requested loss
Ro80_q0.45_L16W_r1.40_th135_k0.00,negative center squared radius; center profile is not monotone from midplane to GB; center topology fails before requested loss
Ro80_q0.45_L16W_r1.40_th135_k0.25,negative center squared radius; center profile is not monotone from midplane to GB; center topology fails before requested loss
Ro80_q0.45_L16W_r1.40_th135_k0.50,negative center squared radius; center profile is not monotone from midplane to GB; center topology fails before requested loss
Ro80_q0.45_L16W_r1.40_th135_k0.75,negative center squared radius; center profile is not monotone from midplane to GB; center topology fails before requested loss
Ro80_q0.45_L16W_r1.40_th150_k0.00,negative center squared radius; center profile is not monotone from midplane to GB; center topology fails before requested loss
Ro80_q0.45_L16W_r1.40_th150_k0.25,negative center squared radius; center profile is not monotone from midplane to GB; center topology fails before requested loss
Ro80_q0.45_L16W_r1.40_th150_k0.50,negative center squared radius; center profile is not monotone from midplane to GB; center topology fails before requested loss
Ro80_q0.45_L16W_r1.40_th150_k0.75,negative center squared radius; center profile is not monotone from midplane to GB; center topology fails before requested loss
Ro80_q0.45_L16W_r1.40_th165_k0.00,negative center squared radius; center profile is not monotone from midplane to GB; center topology fails before requested loss
Ro80_q0.45_L16W_r1.40_th165_k0.25,negative center squared radius; center profile is not monotone from midplane to GB; center topology fails before requested loss
Ro80_q0.45_L16W_r1.40_th165_k0.50,negative center squared radius; center profile is not monotone from midplane to GB; center topology fails before requested loss
Ro80_q0.45_L16W_r1.40_th165_k0.75,negative center squared radius; center profile is not monotone from midplane to GB; center topology fails before requested loss
Ro80_q0.45_L16W_r1.40_th170_k0.00,negative center squared radius; center profile is not monotone from midplane to GB; center topology fails before requested loss
Ro80_q0.45_L16W_r1.40_th170_k0.25,negative center squared radius; center profile is not monotone from midplane to GB; center topology fails before requested loss
Ro80_q0.45_L16W_r1.40_th170_k0.50,negative center squared radius; center profile is not monotone from midplane to GB; center topology fails before requested loss
Ro80_q0.45_L16W_r1.40_th170_k0.75,negative center squared radius; center profile is not monotone from midplane to GB; center topology fails before requested loss
Ro80_q0.45_L16W_r1.60_th120_k0.00,negative center squared radius; center profile is not monotone from midplane to GB; center topology fails before requested loss
Ro80_q0.45_L16W_r1.60_th120_k0.25,negative center squared radius; center profile is not monotone from midplane to GB; center topology fails before requested loss
Ro80_q0.45_L16W_r1.60_th120_k0.50,negative center squared radius; center profile is not monotone from midplane to GB; center topology fails before requested loss
Ro80_q0.45_L16W_r1.60_th120_k0.75,negative center squared radius; center profile is not monotone from midplane to GB; center topology fails before requested loss
Ro80_q0.45_L16W_r1.60_th135_k0.00,negative center squared radius; center profile is not monotone from midplane to GB; center topology fails before requested loss
Ro80_q0.45_L16W_r1.60_th135_k0.25,negative center squared radius; center profile is not monotone from midplane to GB; center topology fails before requested loss
Ro80_q0.45_L16W_r1.60_th135_k0.50,negative center squared radius; center profile is not monotone from midplane to GB; center topology fails before requested loss
Ro80_q0.45_L16W_r1.60_th135_k0.75,negative center squared radius; center profile is not monotone from midplane to GB; center topology fails before requested loss
Ro80_q0.45_L16W_r1.60_th150_k0.00,negative center squared radius; center profile is not monotone from midplane to GB; center topology fails before requested loss
Ro80_q0.45_L16W_r1.60_th150_k0.25,negative center squared radius; center profile is not monotone from midplane to GB; center topology fails before requested loss
Ro80_q0.45_L16W_r1.60_th150_k0.50,negative center squared radius; center profile is not monotone from midplane to GB; center topology fails before requested loss
Ro80_q0.45_L16W_r1.60_th150_k0.75,negative center squared radius; center profile is not monotone from midplane to GB; center topology fails before requested loss
Ro80_q0.45_L16W_r1.60_th165_k0.00,negative center squared radius; center profile is not monotone from midplane to GB; center topology fails before requested loss
Ro80_q0.45_L16W_r1.60_th165_k0.25,negative center squared radius; center profile is not monotone from midplane to GB; center topology fails before requested loss
Ro80_q0.45_L16W_r1.60_th165_k0.50,negative center squared radius; center profile is not monotone from midplane to GB; center topology fails before requested loss
Ro80_q0.45_L16W_r1.60_th165_k0.75,negative center squared radius; center profile is not monotone from midplane to GB; center topology fails before requested loss
Ro80_q0.45_L16W_r1.60_th170_k0.00,negative center squared radius; center profile is not monotone from midplane to GB; center topology fails before requested loss
Ro80_q0.45_L16W_r1.60_th170_k0.25,negative center squared radius; center profile is not monotone from midplane to GB; center topology fails before requested loss
Ro80_q0.45_L16W_r1.60_th170_k0.50,negative center squared radius; center profile is not monotone from midplane to GB; center topology fails before requested loss
Ro80_q0.45_L16W_r1.60_th170_k0.75,negative center squared radius; center profile is not monotone from midplane to GB; center topology fails before requested loss
Ro80_q0.45_L20W_r0.60_th120_k0.00,center profile is not monotone from midplane to GB; TJ radius below 6W
Ro80_q0.45_L20W_r0.60_th120_k0.25,TJ radius below 6W
Ro80_q0.45_L20W_r0.60_th120_k0.50,TJ radius below 6W
Ro80_q0.45_L20W_r0.60_th120_k0.75,TJ radius below 6W
Ro80_q0.45_L20W_r0.60_th135_k0.00,TJ radius below 6W
Ro80_q0.45_L20W_r0.60_th135_k0.25,TJ radius below 6W
Ro80_q0.45_L20W_r0.60_th135_k0.50,TJ radius below 6W
Ro80_q0.45_L20W_r0.60_th135_k0.75,TJ radius below 6W
Ro80_q0.45_L20W_r0.60_th150_k0.00,TJ radius below 6W
Ro80_q0.45_L20W_r0.60_th150_k0.25,TJ radius below 6W
Ro80_q0.45_L20W_r0.60_th150_k0.50,TJ radius below 6W
Ro80_q0.45_L20W_r0.60_th150_k0.75,TJ radius below 6W
Ro80_q0.45_L20W_r0.60_th165_k0.00,TJ radius below 6W
Ro80_q0.45_L20W_r0.60_th165_k0.25,TJ radius below 6W
Ro80_q0.45_L20W_r0.60_th165_k0.50,TJ radius below 6W
Ro80_q0.45_L20W_r0.60_th165_k0.75,TJ radius below 6W
Ro80_q0.45_L20W_r0.60_th170_k0.00,TJ radius below 6W
Ro80_q0.45_L20W_r0.60_th170_k0.25,TJ radius below 6W
Ro80_q0.45_L20W_r0.60_th170_k0.50,TJ radius below 6W
Ro80_q0.45_L20W_r0.60_th170_k0.75,TJ radius below 6W
Ro80_q0.45_L20W_r0.80_th120_k0.00,center profile is not monotone from midplane to GB
Ro80_q0.45_L20W_r0.80_th120_k0.25,center profile is not monotone from midplane to GB
Ro80_q0.45_L20W_r0.80_th120_k0.50,center profile is not monotone from midplane to GB
Ro80_q0.45_L20W_r0.80_th120_k0.75,center profile is not monotone from midplane to GB
Ro80_q0.45_L20W_r0.80_th135_k0.00,center profile is not monotone from midplane to GB
Ro80_q0.45_L20W_r0.80_th135_k0.25,center profile is not monotone from midplane to GB
Ro80_q0.45_L20W_r0.80_th135_k0.50,center profile is not monotone from midplane to GB
Ro80_q0.45_L20W_r0.80_th135_k0.75,center profile is not monotone from midplane to GB
Ro80_q0.45_L20W_r0.80_th150_k0.00,center profile is not monotone from midplane to GB
Ro80_q0.45_L20W_r0.80_th150_k0.25,center profile is not monotone from midplane to GB
Ro80_q0.45_L20W_r0.80_th150_k0.50,center profile is not monotone from midplane to GB
Ro80_q0.45_L20W_r0.80_th150_k0.75,center profile is not monotone from midplane to GB
Ro80_q0.45_L20W_r0.80_th165_k0.00,center profile is not monotone from midplane to GB
Ro80_q0.45_L20W_r0.80_th165_k0.25,center profile is not monotone from midplane to GB
Ro80_q0.45_L20W_r0.80_th165_k0.50,center profile is not monotone from midplane to GB
Ro80_q0.45_L20W_r0.80_th165_k0.75,center profile is not monotone from midplane to GB
Ro80_q0.45_L20W_r0.80_th170_k0.00,center profile is not monotone from midplane to GB
Ro80_q0.45_L20W_r0.80_th170_k0.25,center profile is not monotone from midplane to GB
Ro80_q0.45_L20W_r0.80_th170_k0.50,center profile is not monotone from midplane to GB
Ro80_q0.45_L20W_r0.80_th170_k0.75,center profile is not monotone from midplane to GB
Ro80_q0.45_L20W_r1.00_th120_k0.00,negative center squared radius; center profile is not monotone from midplane to GB; center topology fails before requested loss
Ro80_q0.45_L20W_r1.00_th120_k0.25,negative center squared radius; center profile is not monotone from midplane to GB; center topology fails before requested loss
Ro80_q0.45_L20W_r1.00_th120_k0.50,negative center squared radius; center profile is not monotone from midplane to GB; center topology fails before requested loss
Ro80_q0.45_L20W_r1.00_th120_k0.75,negative center squared radius; center profile is not monotone from midplane to GB; center topology fails before requested loss
Ro80_q0.45_L20W_r1.00_th135_k0.00,negative center squared radius; center profile is not monotone from midplane to GB; center topology fails before requested loss
Ro80_q0.45_L20W_r1.00_th135_k0.25,negative center squared radius; center profile is not monotone from midplane to GB; center topology fails before requested loss
Ro80_q0.45_L20W_r1.00_th135_k0.50,negative center squared radius; center profile is not monotone from midplane to GB; center topology fails before requested loss
Ro80_q0.45_L20W_r1.00_th135_k0.75,negative center squared radius; center profile is not monotone from midplane to GB; center topology fails before requested loss
Ro80_q0.45_L20W_r1.00_th150_k0.00,negative center squared radius; center profile is not monotone from midplane to GB; center topology fails before requested loss
Ro80_q0.45_L20W_r1.00_th150_k0.25,negative center squared radius; center profile is not monotone from midplane to GB; center topology fails before requested loss
Ro80_q0.45_L20W_r1.00_th150_k0.50,center profile is not monotone from midplane to GB; center topology fails before requested loss
Ro80_q0.45_L20W_r1.00_th150_k0.75,center profile is not monotone from midplane to GB; center topology fails before requested loss
Ro80_q0.45_L20W_r1.00_th165_k0.00,center profile is not monotone from midplane to GB; center topology fails before requested loss
Ro80_q0.45_L20W_r1.00_th165_k0.25,center profile is not monotone from midplane to GB; center topology fails before requested loss
Ro80_q0.45_L20W_r1.00_th165_k0.50,center profile is not monotone from midplane to GB; center topology fails before requested loss
Ro80_q0.45_L20W_r1.00_th165_k0.75,center profile is not monotone from midplane to GB; center topology fails before requested loss
Ro80_q0.45_L20W_r1.00_th170_k0.00,center profile is not monotone from midplane to GB; center topology fails before requested loss
Ro80_q0.45_L20W_r1.00_th170_k0.25,center profile is not monotone from midplane to GB; center topology fails before requested loss
Ro80_q0.45_L20W_r1.00_th170_k0.50,center profile is not monotone from midplane to GB; center topology fails before requested loss
Ro80_q0.45_L20W_r1.00_th170_k0.75,center profile is not monotone from midplane to GB; center topology fails before requested loss
Ro80_q0.45_L20W_r1.20_th120_k0.00,negative center squared radius; center profile is not monotone from midplane to GB; center topology fails before requested loss
Ro80_q0.45_L20W_r1.20_th120_k0.25,negative center squared radius; center profile is not monotone from midplane to GB; center topology fails before requested loss
Ro80_q0.45_L20W_r1.20_th120_k0.50,negative center squared radius; center profile is not monotone from midplane to GB; center topology fails before requested loss
Ro80_q0.45_L20W_r1.20_th120_k0.75,negative center squared radius; center profile is not monotone from midplane to GB; center topology fails before requested loss
Ro80_q0.45_L20W_r1.20_th135_k0.00,negative center squared radius; center profile is not monotone from midplane to GB; center topology fails before requested loss
Ro80_q0.45_L20W_r1.20_th135_k0.25,negative center squared radius; center profile is not monotone from midplane to GB; center topology fails before requested loss
Ro80_q0.45_L20W_r1.20_th135_k0.50,negative center squared radius; center profile is not monotone from midplane to GB; center topology fails before requested loss
Ro80_q0.45_L20W_r1.20_th135_k0.75,negative center squared radius; center profile is not monotone from midplane to GB; center topology fails before requested loss
Ro80_q0.45_L20W_r1.20_th150_k0.00,negative center squared radius; center profile is not monotone from midplane to GB; center topology fails before requested loss
Ro80_q0.45_L20W_r1.20_th150_k0.25,negative center squared radius; center profile is not monotone from midplane to GB; center topology fails before requested loss
Ro80_q0.45_L20W_r1.20_th150_k0.50,negative center squared radius; center profile is not monotone from midplane to GB; center topology fails before requested loss
Ro80_q0.45_L20W_r1.20_th150_k0.75,negative center squared radius; center profile is not monotone from midplane to GB; center topology fails before requested loss
Ro80_q0.45_L20W_r1.20_th165_k0.00,negative center squared radius; center profile is not monotone from midplane to GB; center topology fails before requested loss
Ro80_q0.45_L20W_r1.20_th165_k0.25,negative center squared radius; center profile is not monotone from midplane to GB; center topology fails before requested loss
Ro80_q0.45_L20W_r1.20_th165_k0.50,negative center squared radius; center profile is not monotone from midplane to GB; center topology fails before requested loss
Ro80_q0.45_L20W_r1.20_th165_k0.75,negative center squared radius; center profile is not monotone from midplane to GB; center topology fails before requested loss
Ro80_q0.45_L20W_r1.20_th170_k0.00,negative center squared radius; center profile is not monotone from midplane to GB; center topology fails before requested loss
Ro80_q0.45_L20W_r1.20_th170_k0.25,negative center squared radius; center profile is not monotone from midplane to GB; center topology fails before requested loss
Ro80_q0.45_L20W_r1.20_th170_k0.50,negative center squared radius; center profile is not monotone from midplane to GB; center topology fails before requested loss
Ro80_q0.45_L20W_r1.20_th170_k0.75,negative center squared radius; center profile is not monotone from midplane to GB; center topology fails before requested loss
Ro80_q0.45_L20W_r1.40_th120_k0.00,negative center squared radius; center profile is not monotone from midplane to GB; center topology fails before requested loss
Ro80_q0.45_L20W_r1.40_th120_k0.25,negative center squared radius; center profile is not monotone from midplane to GB; center topology fails before requested loss
Ro80_q0.45_L20W_r1.40_th120_k0.50,negative center squared radius; center profile is not monotone from midplane to GB; center topology fails before requested loss
Ro80_q0.45_L20W_r1.40_th120_k0.75,negative center squared radius; center profile is not monotone from midplane to GB; center topology fails before requested loss
Ro80_q0.45_L20W_r1.40_th135_k0.00,negative center squared radius; center profile is not monotone from midplane to GB; center topology fails before requested loss
Ro80_q0.45_L20W_r1.40_th135_k0.25,negative center squared radius; center profile is not monotone from midplane to GB; center topology fails before requested loss
Ro80_q0.45_L20W_r1.40_th135_k0.50,negative center squared radius; center profile is not monotone from midplane to GB; center topology fails before requested loss
Ro80_q0.45_L20W_r1.40_th135_k0.75,negative center squared radius; center profile is not monotone from midplane to GB; center topology fails before requested loss
Ro80_q0.45_L20W_r1.40_th150_k0.00,negative center squared radius; center profile is not monotone from midplane to GB; center topology fails before requested loss
Ro80_q0.45_L20W_r1.40_th150_k0.25,negative center squared radius; center profile is not monotone from midplane to GB; center topology fails before requested loss
Ro80_q0.45_L20W_r1.40_th150_k0.50,negative center squared radius; center profile is not monotone from midplane to GB; center topology fails before requested loss
Ro80_q0.45_L20W_r1.40_th150_k0.75,negative center squared radius; center profile is not monotone from midplane to GB; center topology fails before requested loss
Ro80_q0.45_L20W_r1.40_th165_k0.00,negative center squared radius; center profile is not monotone from midplane to GB; center topology fails before requested loss
Ro80_q0.45_L20W_r1.40_th165_k0.25,negative center squared radius; center profile is not monotone from midplane to GB; center topology fails before requested loss
Ro80_q0.45_L20W_r1.40_th165_k0.50,negative center squared radius; center profile is not monotone from midplane to GB; center topology fails before requested loss
Ro80_q0.45_L20W_r1.40_th165_k0.75,negative center squared radius; center profile is not monotone from midplane to GB; center topology fails before requested loss
Ro80_q0.45_L20W_r1.40_th170_k0.00,negative center squared radius; center profile is not monotone from midplane to GB; center topology fails before requested loss
Ro80_q0.45_L20W_r1.40_th170_k0.25,negative center squared radius; center profile is not monotone from midplane to GB; center topology fails before requested loss
Ro80_q0.45_L20W_r1.40_th170_k0.50,negative center squared radius; center profile is not monotone from midplane to GB; center topology fails before requested loss
Ro80_q0.45_L20W_r1.40_th170_k0.75,negative center squared radius; center profile is not monotone from midplane to GB; center topology fails before requested loss
Ro80_q0.45_L20W_r1.60_th120_k0.00,negative center squared radius; center profile is not monotone from midplane to GB; center topology fails before requested loss
Ro80_q0.45_L20W_r1.60_th120_k0.25,negative center squared radius; center profile is not monotone from midplane to GB; center topology fails before requested loss
Ro80_q0.45_L20W_r1.60_th120_k0.50,negative center squared radius; center profile is not monotone from midplane to GB; center topology fails before requested loss
Ro80_q0.45_L20W_r1.60_th120_k0.75,negative center squared radius; center profile is not monotone from midplane to GB; center topology fails before requested loss
Ro80_q0.45_L20W_r1.60_th135_k0.00,negative center squared radius; center profile is not monotone from midplane to GB; center topology fails before requested loss
Ro80_q0.45_L20W_r1.60_th135_k0.25,negative center squared radius; center profile is not monotone from midplane to GB; center topology fails before requested loss
Ro80_q0.45_L20W_r1.60_th135_k0.50,negative center squared radius; center profile is not monotone from midplane to GB; center topology fails before requested loss
Ro80_q0.45_L20W_r1.60_th135_k0.75,negative center squared radius; center profile is not monotone from midplane to GB; center topology fails before requested loss
Ro80_q0.45_L20W_r1.60_th150_k0.00,negative center squared radius; center profile is not monotone from midplane to GB; center topology fails before requested loss
Ro80_q0.45_L20W_r1.60_th150_k0.25,negative center squared radius; center profile is not monotone from midplane to GB; center topology fails before requested loss
Ro80_q0.45_L20W_r1.60_th150_k0.50,negative center squared radius; center profile is not monotone from midplane to GB; center topology fails before requested loss
Ro80_q0.45_L20W_r1.60_th150_k0.75,negative center squared radius; center profile is not monotone from midplane to GB; center topology fails before requested loss
Ro80_q0.45_L20W_r1.60_th165_k0.00,negative center squared radius; center profile is not monotone from midplane to GB; center topology fails before requested loss
Ro80_q0.45_L20W_r1.60_th165_k0.25,negative center squared radius; center profile is not monotone from midplane to GB; center topology fails before requested loss
Ro80_q0.45_L20W_r1.60_th165_k0.50,negative center squared radius; center profile is not monotone from midplane to GB; center topology fails before requested loss
Ro80_q0.45_L20W_r1.60_th165_k0.75,negative center squared radius; center profile is not monotone from midplane to GB; center topology fails before requested loss
Ro80_q0.45_L20W_r1.60_th170_k0.00,negative center squared radius; center profile is not monotone from midplane to GB; center topology fails before requested loss
Ro80_q0.45_L20W_r1.60_th170_k0.25,negative center squared radius; center profile is not monotone from midplane to GB; center topology fails before requested loss
Ro80_q0.45_L20W_r1.60_th170_k0.50,negative center squared radius; center profile is not monotone from midplane to GB; center topology fails before requested loss
Ro80_q0.45_L20W_r1.60_th170_k0.75,negative center squared radius; center profile is not monotone from midplane to GB; center topology fails before requested loss
Ro80_q0.45_L24W_r0.60_th120_k0.00,center profile is not monotone from midplane to GB; TJ radius below 6W
Ro80_q0.45_L24W_r0.60_th120_k0.25,center profile is not monotone from midplane to GB; TJ radius below 6W
Ro80_q0.45_L24W_r0.60_th120_k0.50,center profile is not monotone from midplane to GB; TJ radius below 6W
Ro80_q0.45_L24W_r0.60_th120_k0.75,center profile is not monotone from midplane to GB; TJ radius below 6W
Ro80_q0.45_L24W_r0.60_th135_k0.00,center profile is not monotone from midplane to GB; TJ radius below 6W
Ro80_q0.45_L24W_r0.60_th135_k0.25,center profile is not monotone from midplane to GB; TJ radius below 6W
Ro80_q0.45_L24W_r0.60_th135_k0.50,center profile is not monotone from midplane to GB; TJ radius below 6W
Ro80_q0.45_L24W_r0.60_th135_k0.75,center profile is not monotone from midplane to GB; TJ radius below 6W
Ro80_q0.45_L24W_r0.60_th150_k0.00,TJ radius below 6W
Ro80_q0.45_L24W_r0.60_th150_k0.25,TJ radius below 6W
Ro80_q0.45_L24W_r0.60_th150_k0.50,TJ radius below 6W
Ro80_q0.45_L24W_r0.60_th150_k0.75,TJ radius below 6W
Ro80_q0.45_L24W_r0.60_th165_k0.00,TJ radius below 6W
Ro80_q0.45_L24W_r0.60_th165_k0.25,TJ radius below 6W
Ro80_q0.45_L24W_r0.60_th165_k0.50,TJ radius below 6W
Ro80_q0.45_L24W_r0.60_th165_k0.75,TJ radius below 6W
Ro80_q0.45_L24W_r0.60_th170_k0.00,TJ radius below 6W
Ro80_q0.45_L24W_r0.60_th170_k0.25,TJ radius below 6W
Ro80_q0.45_L24W_r0.60_th170_k0.50,TJ radius below 6W
Ro80_q0.45_L24W_r0.60_th170_k0.75,TJ radius below 6W
Ro80_q0.45_L24W_r0.80_th120_k0.00,center profile is not monotone from midplane to GB; center topology fails before requested loss
Ro80_q0.45_L24W_r0.80_th120_k0.25,center profile is not monotone from midplane to GB; center topology fails before requested loss
Ro80_q0.45_L24W_r0.80_th120_k0.50,center profile is not monotone from midplane to GB; center topology fails before requested loss
Ro80_q0.45_L24W_r0.80_th120_k0.75,center profile is not monotone from midplane to GB; center topology fails before requested loss
Ro80_q0.45_L24W_r0.80_th135_k0.00,center profile is not monotone from midplane to GB
Ro80_q0.45_L24W_r0.80_th135_k0.25,center profile is not monotone from midplane to GB
Ro80_q0.45_L24W_r0.80_th135_k0.50,center profile is not monotone from midplane to GB
Ro80_q0.45_L24W_r0.80_th135_k0.75,center profile is not monotone from midplane to GB
Ro80_q0.45_L24W_r0.80_th150_k0.00,center profile is not monotone from midplane to GB
Ro80_q0.45_L24W_r0.80_th150_k0.25,center profile is not monotone from midplane to GB
Ro80_q0.45_L24W_r0.80_th150_k0.50,center profile is not monotone from midplane to GB
Ro80_q0.45_L24W_r0.80_th150_k0.75,center profile is not monotone from midplane to GB
Ro80_q0.45_L24W_r0.80_th165_k0.00,center profile is not monotone from midplane to GB
Ro80_q0.45_L24W_r0.80_th165_k0.25,center profile is not monotone from midplane to GB
Ro80_q0.45_L24W_r0.80_th165_k0.50,center profile is not monotone from midplane to GB
Ro80_q0.45_L24W_r0.80_th165_k0.75,center profile is not monotone from midplane to GB
Ro80_q0.45_L24W_r0.80_th170_k0.00,center profile is not monotone from midplane to GB
Ro80_q0.45_L24W_r0.80_th170_k0.25,center profile is not monotone from midplane to GB
Ro80_q0.45_L24W_r0.80_th170_k0.50,center profile is not monotone from midplane to GB
Ro80_q0.45_L24W_r0.80_th170_k0.75,center profile is not monotone from midplane to GB
Ro80_q0.45_L24W_r1.00_th120_k0.00,negative center squared radius; center profile is not monotone from midplane to GB; center topology fails before requested loss
Ro80_q0.45_L24W_r1.00_th120_k0.25,negative center squared radius; center profile is not monotone from midplane to GB; center topology fails before requested loss
Ro80_q0.45_L24W_r1.00_th120_k0.50,negative center squared radius; center profile is not monotone from midplane to GB; center topology fails before requested loss
Ro80_q0.45_L24W_r1.00_th120_k0.75,negative center squared radius; center profile is not monotone from midplane to GB; center topology fails before requested loss
Ro80_q0.45_L24W_r1.00_th135_k0.00,negative center squared radius; center profile is not monotone from midplane to GB; center topology fails before requested loss
Ro80_q0.45_L24W_r1.00_th135_k0.25,negative center squared radius; center profile is not monotone from midplane to GB; center topology fails before requested loss
Ro80_q0.45_L24W_r1.00_th135_k0.50,negative center squared radius; center profile is not monotone from midplane to GB; center topology fails before requested loss
Ro80_q0.45_L24W_r1.00_th135_k0.75,negative center squared radius; center profile is not monotone from midplane to GB; center topology fails before requested loss
Ro80_q0.45_L24W_r1.00_th150_k0.00,negative center squared radius; center profile is not monotone from midplane to GB; center topology fails before requested loss
Ro80_q0.45_L24W_r1.00_th150_k0.25,negative center squared radius; center profile is not monotone from midplane to GB; center topology fails before requested loss
Ro80_q0.45_L24W_r1.00_th150_k0.50,negative center squared radius; center profile is not monotone from midplane to GB; center topology fails before requested loss
Ro80_q0.45_L24W_r1.00_th150_k0.75,negative center squared radius; center profile is not monotone from midplane to GB; center topology fails before requested loss
Ro80_q0.45_L24W_r1.00_th165_k0.00,negative center squared radius; center profile is not monotone from midplane to GB; center topology fails before requested loss
Ro80_q0.45_L24W_r1.00_th165_k0.25,negative center squared radius; center profile is not monotone from midplane to GB; center topology fails before requested loss
Ro80_q0.45_L24W_r1.00_th165_k0.50,negative center squared radius; center profile is not monotone from midplane to GB; center topology fails before requested loss
Ro80_q0.45_L24W_r1.00_th165_k0.75,negative center squared radius; center profile is not monotone from midplane to GB; center topology fails before requested loss
Ro80_q0.45_L24W_r1.00_th170_k0.00,negative center squared radius; center profile is not monotone from midplane to GB; center topology fails before requested loss
Ro80_q0.45_L24W_r1.00_th170_k0.25,negative center squared radius; center profile is not monotone from midplane to GB; center topology fails before requested loss
Ro80_q0.45_L24W_r1.00_th170_k0.50,negative center squared radius; center profile is not monotone from midplane to GB; center topology fails before requested loss
Ro80_q0.45_L24W_r1.00_th170_k0.75,negative center squared radius; center profile is not monotone from midplane to GB; center topology fails before requested loss
Ro80_q0.45_L24W_r1.20_th120_k0.00,negative center squared radius; center profile is not monotone from midplane to GB; center topology fails before requested loss
Ro80_q0.45_L24W_r1.20_th120_k0.25,negative center squared radius; center profile is not monotone from midplane to GB; center topology fails before requested loss
Ro80_q0.45_L24W_r1.20_th120_k0.50,negative center squared radius; center profile is not monotone from midplane to GB; center topology fails before requested loss
Ro80_q0.45_L24W_r1.20_th120_k0.75,negative center squared radius; center profile is not monotone from midplane to GB; center topology fails before requested loss
Ro80_q0.45_L24W_r1.20_th135_k0.00,negative center squared radius; center profile is not monotone from midplane to GB; center topology fails before requested loss
Ro80_q0.45_L24W_r1.20_th135_k0.25,negative center squared radius; center profile is not monotone from midplane to GB; center topology fails before requested loss
Ro80_q0.45_L24W_r1.20_th135_k0.50,negative center squared radius; center profile is not monotone from midplane to GB; center topology fails before requested loss
Ro80_q0.45_L24W_r1.20_th135_k0.75,negative center squared radius; center profile is not monotone from midplane to GB; center topology fails before requested loss
Ro80_q0.45_L24W_r1.20_th150_k0.00,negative center squared radius; center profile is not monotone from midplane to GB; center topology fails before requested loss
Ro80_q0.45_L24W_r1.20_th150_k0.25,negative center squared radius; center profile is not monotone from midplane to GB; center topology fails before requested loss
Ro80_q0.45_L24W_r1.20_th150_k0.50,negative center squared radius; center profile is not monotone from midplane to GB; center topology fails before requested loss
Ro80_q0.45_L24W_r1.20_th150_k0.75,negative center squared radius; center profile is not monotone from midplane to GB; center topology fails before requested loss
Ro80_q0.45_L24W_r1.20_th165_k0.00,negative center squared radius; center profile is not monotone from midplane to GB; center topology fails before requested loss
Ro80_q0.45_L24W_r1.20_th165_k0.25,negative center squared radius; center profile is not monotone from midplane to GB; center topology fails before requested loss
Ro80_q0.45_L24W_r1.20_th165_k0.50,negative center squared radius; center profile is not monotone from midplane to GB; center topology fails before requested loss
Ro80_q0.45_L24W_r1.20_th165_k0.75,negative center squared radius; center profile is not monotone from midplane to GB; center topology fails before requested loss
Ro80_q0.45_L24W_r1.20_th170_k0.00,negative center squared radius; center profile is not monotone from midplane to GB; center topology fails before requested loss
Ro80_q0.45_L24W_r1.20_th170_k0.25,negative center squared radius; center profile is not monotone from midplane to GB; center topology fails before requested loss
Ro80_q0.45_L24W_r1.20_th170_k0.50,negative center squared radius; center profile is not monotone from midplane to GB; center topology fails before requested loss
Ro80_q0.45_L24W_r1.20_th170_k0.75,negative center squared radius; center profile is not monotone from midplane to GB; center topology fails before requested loss
Ro80_q0.45_L24W_r1.40_th120_k0.00,negative center squared radius; center profile is not monotone from midplane to GB; center topology fails before requested loss
Ro80_q0.45_L24W_r1.40_th120_k0.25,negative center squared radius; center profile is not monotone from midplane to GB; center topology fails before requested loss
Ro80_q0.45_L24W_r1.40_th120_k0.50,negative center squared radius; center profile is not monotone from midplane to GB; center topology fails before requested loss
Ro80_q0.45_L24W_r1.40_th120_k0.75,negative center squared radius; center profile is not monotone from midplane to GB; center topology fails before requested loss
Ro80_q0.45_L24W_r1.40_th135_k0.00,negative center squared radius; center profile is not monotone from midplane to GB; center topology fails before requested loss
Ro80_q0.45_L24W_r1.40_th135_k0.25,negative center squared radius; center profile is not monotone from midplane to GB; center topology fails before requested loss
Ro80_q0.45_L24W_r1.40_th135_k0.50,negative center squared radius; center profile is not monotone from midplane to GB; center topology fails before requested loss
Ro80_q0.45_L24W_r1.40_th135_k0.75,negative center squared radius; center profile is not monotone from midplane to GB; center topology fails before requested loss
Ro80_q0.45_L24W_r1.40_th150_k0.00,negative center squared radius; center profile is not monotone from midplane to GB; center topology fails before requested loss
Ro80_q0.45_L24W_r1.40_th150_k0.25,negative center squared radius; center profile is not monotone from midplane to GB; center topology fails before requested loss
Ro80_q0.45_L24W_r1.40_th150_k0.50,negative center squared radius; center profile is not monotone from midplane to GB; center topology fails before requested loss
Ro80_q0.45_L24W_r1.40_th150_k0.75,negative center squared radius; center profile is not monotone from midplane to GB; center topology fails before requested loss
Ro80_q0.45_L24W_r1.40_th165_k0.00,negative center squared radius; center profile is not monotone from midplane to GB; center topology fails before requested loss
Ro80_q0.45_L24W_r1.40_th165_k0.25,negative center squared radius; center profile is not monotone from midplane to GB; center topology fails before requested loss
Ro80_q0.45_L24W_r1.40_th165_k0.50,negative center squared radius; center profile is not monotone from midplane to GB; center topology fails before requested loss
Ro80_q0.45_L24W_r1.40_th165_k0.75,negative center squared radius; center profile is not monotone from midplane to GB; center topology fails before requested loss
Ro80_q0.45_L24W_r1.40_th170_k0.00,negative center squared radius; center profile is not monotone from midplane to GB; center topology fails before requested loss
Ro80_q0.45_L24W_r1.40_th170_k0.25,negative center squared radius; center profile is not monotone from midplane to GB; center topology fails before requested loss
Ro80_q0.45_L24W_r1.40_th170_k0.50,negative center squared radius; center profile is not monotone from midplane to GB; center topology fails before requested loss
Ro80_q0.45_L24W_r1.40_th170_k0.75,negative center squared radius; center profile is not monotone from midplane to GB; center topology fails before requested loss
Ro80_q0.45_L24W_r1.60_th120_k0.00,negative center squared radius; center profile is not monotone from midplane to GB; center topology fails before requested loss
Ro80_q0.45_L24W_r1.60_th120_k0.25,negative center squared radius; center profile is not monotone from midplane to GB; center topology fails before requested loss
Ro80_q0.45_L24W_r1.60_th120_k0.50,negative center squared radius; center profile is not monotone from midplane to GB; center topology fails before requested loss
Ro80_q0.45_L24W_r1.60_th120_k0.75,negative center squared radius; center profile is not monotone from midplane to GB; center topology fails before requested loss
Ro80_q0.45_L24W_r1.60_th135_k0.00,negative center squared radius; center profile is not monotone from midplane to GB; center topology fails before requested loss
Ro80_q0.45_L24W_r1.60_th135_k0.25,negative center squared radius; center profile is not monotone from midplane to GB; center topology fails before requested loss
Ro80_q0.45_L24W_r1.60_th135_k0.50,negative center squared radius; center profile is not monotone from midplane to GB; center topology fails before requested loss
Ro80_q0.45_L24W_r1.60_th135_k0.75,negative center squared radius; center profile is not monotone from midplane to GB; center topology fails before requested loss
Ro80_q0.45_L24W_r1.60_th150_k0.00,negative center squared radius; center profile is not monotone from midplane to GB; center topology fails before requested loss
Ro80_q0.45_L24W_r1.60_th150_k0.25,negative center squared radius; center profile is not monotone from midplane to GB; center topology fails before requested loss
Ro80_q0.45_L24W_r1.60_th150_k0.50,negative center squared radius; center profile is not monotone from midplane to GB; center topology fails before requested loss
Ro80_q0.45_L24W_r1.60_th150_k0.75,negative center squared radius; center profile is not monotone from midplane to GB; center topology fails before requested loss
Ro80_q0.45_L24W_r1.60_th165_k0.00,negative center squared radius; center profile is not monotone from midplane to GB; center topology fails before requested loss
Ro80_q0.45_L24W_r1.60_th165_k0.25,negative center squared radius; center profile is not monotone from midplane to GB; center topology fails before requested loss
Ro80_q0.45_L24W_r1.60_th165_k0.50,negative center squared radius; center profile is not monotone from midplane to GB; center topology fails before requested loss
Ro80_q0.45_L24W_r1.60_th165_k0.75,negative center squared radius; center profile is not monotone from midplane to GB; center topology fails before requested loss
Ro80_q0.45_L24W_r1.60_th170_k0.00,negative center squared radius; center profile is not monotone from midplane to GB; center topology fails before requested loss
Ro80_q0.45_L24W_r1.60_th170_k0.25,negative center squared radius; center profile is not monotone from midplane to GB; center topology fails before requested loss
Ro80_q0.45_L24W_r1.60_th170_k0.50,negative center squared radius; center profile is not monotone from midplane to GB; center topology fails before requested loss
Ro80_q0.45_L24W_r1.60_th170_k0.75,negative center squared radius; center profile is not monotone from midplane to GB; center topology fails before requested loss
Ro80_q0.55_L8W_r0.60_th120_k0.00,contact radius has reached topology loss
Ro80_q0.55_L8W_r0.60_th120_k0.25,contact radius has reached topology loss
Ro80_q0.55_L8W_r0.60_th120_k0.50,contact radius has reached topology loss
Ro80_q0.55_L8W_r0.60_th120_k0.75,contact radius has reached topology loss
Ro80_q0.55_L8W_r0.60_th135_k0.00,contact radius has reached topology loss
Ro80_q0.55_L8W_r0.60_th135_k0.25,contact radius has reached topology loss
Ro80_q0.55_L8W_r0.60_th135_k0.50,contact radius has reached topology loss
Ro80_q0.55_L8W_r0.60_th135_k0.75,contact radius has reached topology loss
Ro80_q0.55_L8W_r0.60_th150_k0.00,contact radius has reached topology loss
Ro80_q0.55_L8W_r0.60_th150_k0.25,contact radius has reached topology loss
Ro80_q0.55_L8W_r0.60_th150_k0.50,contact radius has reached topology loss
Ro80_q0.55_L8W_r0.60_th150_k0.75,contact radius has reached topology loss
Ro80_q0.55_L8W_r0.60_th165_k0.00,contact radius has reached topology loss
Ro80_q0.55_L8W_r0.60_th165_k0.25,contact radius has reached topology loss
Ro80_q0.55_L8W_r0.60_th165_k0.50,contact radius has reached topology loss
Ro80_q0.55_L8W_r0.60_th165_k0.75,contact radius has reached topology loss
Ro80_q0.55_L8W_r0.60_th170_k0.00,contact radius has reached topology loss
Ro80_q0.55_L8W_r0.60_th170_k0.25,contact radius has reached topology loss
Ro80_q0.55_L8W_r0.60_th170_k0.50,contact radius has reached topology loss
Ro80_q0.55_L8W_r0.60_th170_k0.75,contact radius has reached topology loss
Ro80_q0.55_L8W_r0.80_th120_k0.00,TJ radius below 6W
Ro80_q0.55_L8W_r0.80_th120_k0.25,TJ radius below 6W
Ro80_q0.55_L8W_r0.80_th120_k0.50,TJ radius below 6W
Ro80_q0.55_L8W_r0.80_th120_k0.75,TJ radius below 6W
Ro80_q0.55_L8W_r0.80_th135_k0.00,TJ radius below 6W
Ro80_q0.55_L8W_r0.80_th135_k0.25,TJ radius below 6W
Ro80_q0.55_L8W_r0.80_th135_k0.50,TJ radius below 6W
Ro80_q0.55_L8W_r0.80_th135_k0.75,TJ radius below 6W
Ro80_q0.55_L8W_r0.80_th150_k0.00,TJ radius below 6W
Ro80_q0.55_L8W_r0.80_th150_k0.25,TJ radius below 6W
Ro80_q0.55_L8W_r0.80_th150_k0.50,TJ radius below 6W
Ro80_q0.55_L8W_r0.80_th150_k0.75,TJ radius below 6W
Ro80_q0.55_L8W_r0.80_th165_k0.00,TJ radius below 6W
Ro80_q0.55_L8W_r0.80_th165_k0.25,TJ radius below 6W
Ro80_q0.55_L8W_r0.80_th165_k0.50,TJ radius below 6W
Ro80_q0.55_L8W_r0.80_th165_k0.75,TJ radius below 6W
Ro80_q0.55_L8W_r0.80_th170_k0.00,TJ radius below 6W
Ro80_q0.55_L8W_r0.80_th170_k0.25,TJ radius below 6W
Ro80_q0.55_L8W_r0.80_th170_k0.50,TJ radius below 6W
Ro80_q0.55_L8W_r0.80_th170_k0.75,TJ radius below 6W
Ro80_q0.55_L8W_r1.40_th120_k0.00,center profile is not monotone from midplane to GB
Ro80_q0.55_L8W_r1.40_th120_k0.25,center profile is not monotone from midplane to GB
Ro80_q0.55_L8W_r1.40_th120_k0.50,center profile is not monotone from midplane to GB
Ro80_q0.55_L8W_r1.40_th120_k0.75,center profile is not monotone from midplane to GB
Ro80_q0.55_L8W_r1.40_th135_k0.00,center profile is not monotone from midplane to GB
Ro80_q0.55_L8W_r1.40_th135_k0.25,center profile is not monotone from midplane to GB
Ro80_q0.55_L8W_r1.40_th135_k0.50,center profile is not monotone from midplane to GB
Ro80_q0.55_L8W_r1.40_th135_k0.75,center profile is not monotone from midplane to GB
Ro80_q0.55_L8W_r1.40_th150_k0.00,center profile is not monotone from midplane to GB
Ro80_q0.55_L8W_r1.40_th150_k0.25,center profile is not monotone from midplane to GB
Ro80_q0.55_L8W_r1.40_th150_k0.50,center profile is not monotone from midplane to GB
Ro80_q0.55_L8W_r1.40_th150_k0.75,center profile is not monotone from midplane to GB
Ro80_q0.55_L8W_r1.40_th165_k0.00,center profile is not monotone from midplane to GB
Ro80_q0.55_L8W_r1.40_th165_k0.25,center profile is not monotone from midplane to GB
Ro80_q0.55_L8W_r1.40_th165_k0.50,center profile is not monotone from midplane to GB
Ro80_q0.55_L8W_r1.40_th165_k0.75,center profile is not monotone from midplane to GB
Ro80_q0.55_L8W_r1.40_th170_k0.00,center profile is not monotone from midplane to GB
Ro80_q0.55_L8W_r1.40_th170_k0.25,center profile is not monotone from midplane to GB
Ro80_q0.55_L8W_r1.40_th170_k0.50,center profile is not monotone from midplane to GB
Ro80_q0.55_L8W_r1.40_th170_k0.75,center profile is not monotone from midplane to GB
Ro80_q0.55_L8W_r1.60_th120_k0.00,center profile is not monotone from midplane to GB
Ro80_q0.55_L8W_r1.60_th120_k0.25,center profile is not monotone from midplane to GB
Ro80_q0.55_L8W_r1.60_th120_k0.50,center profile is not monotone from midplane to GB
Ro80_q0.55_L8W_r1.60_th120_k0.75,center profile is not monotone from midplane to GB
Ro80_q0.55_L8W_r1.60_th135_k0.00,center profile is not monotone from midplane to GB
Ro80_q0.55_L8W_r1.60_th135_k0.25,center profile is not monotone from midplane to GB
Ro80_q0.55_L8W_r1.60_th135_k0.50,center profile is not monotone from midplane to GB
Ro80_q0.55_L8W_r1.60_th135_k0.75,center profile is not monotone from midplane to GB
Ro80_q0.55_L8W_r1.60_th150_k0.00,center profile is not monotone from midplane to GB
Ro80_q0.55_L8W_r1.60_th150_k0.25,center profile is not monotone from midplane to GB
Ro80_q0.55_L8W_r1.60_th150_k0.50,center profile is not monotone from midplane to GB
Ro80_q0.55_L8W_r1.60_th150_k0.75,center profile is not monotone from midplane to GB
Ro80_q0.55_L8W_r1.60_th165_k0.00,center profile is not monotone from midplane to GB
Ro80_q0.55_L8W_r1.60_th165_k0.25,center profile is not monotone from midplane to GB
Ro80_q0.55_L8W_r1.60_th165_k0.50,center profile is not monotone from midplane to GB
Ro80_q0.55_L8W_r1.60_th165_k0.75,center profile is not monotone from midplane to GB
Ro80_q0.55_L8W_r1.60_th170_k0.00,center profile is not monotone from midplane to GB
Ro80_q0.55_L8W_r1.60_th170_k0.25,center profile is not monotone from midplane to GB
Ro80_q0.55_L8W_r1.60_th170_k0.50,center profile is not monotone from midplane to GB
Ro80_q0.55_L8W_r1.60_th170_k0.75,center profile is not monotone from midplane to GB; outer profile has multiple radial extrema
Ro80_q0.55_L10W_r0.60_th120_k0.00,TJ radius below 6W
Ro80_q0.55_L10W_r0.60_th120_k0.25,TJ radius below 6W
Ro80_q0.55_L10W_r0.60_th120_k0.50,TJ radius below 6W
Ro80_q0.55_L10W_r0.60_th120_k0.75,TJ radius below 6W
Ro80_q0.55_L10W_r0.60_th135_k0.00,TJ radius below 6W
Ro80_q0.55_L10W_r0.60_th135_k0.25,TJ radius below 6W
Ro80_q0.55_L10W_r0.60_th135_k0.50,TJ radius below 6W
Ro80_q0.55_L10W_r0.60_th135_k0.75,TJ radius below 6W
Ro80_q0.55_L10W_r0.60_th150_k0.00,TJ radius below 6W
Ro80_q0.55_L10W_r0.60_th150_k0.25,TJ radius below 6W
Ro80_q0.55_L10W_r0.60_th150_k0.50,TJ radius below 6W
Ro80_q0.55_L10W_r0.60_th150_k0.75,TJ radius below 6W
Ro80_q0.55_L10W_r0.60_th165_k0.00,TJ radius below 6W
Ro80_q0.55_L10W_r0.60_th165_k0.25,TJ radius below 6W
Ro80_q0.55_L10W_r0.60_th165_k0.50,TJ radius below 6W
Ro80_q0.55_L10W_r0.60_th165_k0.75,TJ radius below 6W
Ro80_q0.55_L10W_r0.60_th170_k0.00,TJ radius below 6W
Ro80_q0.55_L10W_r0.60_th170_k0.25,TJ radius below 6W
Ro80_q0.55_L10W_r0.60_th170_k0.50,TJ radius below 6W
Ro80_q0.55_L10W_r0.60_th170_k0.75,TJ radius below 6W
Ro80_q0.55_L10W_r1.20_th120_k0.00,center profile is not monotone from midplane to GB
Ro80_q0.55_L10W_r1.20_th120_k0.25,center profile is not monotone from midplane to GB
Ro80_q0.55_L10W_r1.20_th120_k0.50,center profile is not monotone from midplane to GB
Ro80_q0.55_L10W_r1.20_th120_k0.75,center profile is not monotone from midplane to GB
Ro80_q0.55_L10W_r1.20_th135_k0.00,center profile is not monotone from midplane to GB
Ro80_q0.55_L10W_r1.20_th135_k0.25,center profile is not monotone from midplane to GB
Ro80_q0.55_L10W_r1.20_th135_k0.50,center profile is not monotone from midplane to GB
Ro80_q0.55_L10W_r1.20_th135_k0.75,center profile is not monotone from midplane to GB
Ro80_q0.55_L10W_r1.20_th150_k0.00,center profile is not monotone from midplane to GB
Ro80_q0.55_L10W_r1.20_th150_k0.25,center profile is not monotone from midplane to GB
Ro80_q0.55_L10W_r1.20_th150_k0.50,center profile is not monotone from midplane to GB
Ro80_q0.55_L10W_r1.20_th150_k0.75,center profile is not monotone from midplane to GB
Ro80_q0.55_L10W_r1.20_th165_k0.00,center profile is not monotone from midplane to GB
Ro80_q0.55_L10W_r1.20_th165_k0.25,center profile is not monotone from midplane to GB
Ro80_q0.55_L10W_r1.20_th165_k0.50,center profile is not monotone from midplane to GB
Ro80_q0.55_L10W_r1.20_th165_k0.75,center profile is not monotone from midplane to GB
Ro80_q0.55_L10W_r1.20_th170_k0.00,center profile is not monotone from midplane to GB
Ro80_q0.55_L10W_r1.40_th120_k0.00,center profile is not monotone from midplane to GB
Ro80_q0.55_L10W_r1.40_th120_k0.25,center profile is not monotone from midplane to GB
Ro80_q0.55_L10W_r1.40_th120_k0.50,center profile is not monotone from midplane to GB
Ro80_q0.55_L10W_r1.40_th120_k0.75,center profile is not monotone from midplane to GB
Ro80_q0.55_L10W_r1.40_th135_k0.00,center profile is not monotone from midplane to GB
Ro80_q0.55_L10W_r1.40_th135_k0.25,center profile is not monotone from midplane to GB
Ro80_q0.55_L10W_r1.40_th135_k0.50,center profile is not monotone from midplane to GB
Ro80_q0.55_L10W_r1.40_th135_k0.75,center profile is not monotone from midplane to GB
Ro80_q0.55_L10W_r1.40_th150_k0.00,center profile is not monotone from midplane to GB
Ro80_q0.55_L10W_r1.40_th150_k0.25,center profile is not monotone from midplane to GB
Ro80_q0.55_L10W_r1.40_th150_k0.50,center profile is not monotone from midplane to GB
Ro80_q0.55_L10W_r1.40_th150_k0.75,center profile is not monotone from midplane to GB
Ro80_q0.55_L10W_r1.40_th165_k0.00,center profile is not monotone from midplane to GB
Ro80_q0.55_L10W_r1.40_th165_k0.25,center profile is not monotone from midplane to GB
Ro80_q0.55_L10W_r1.40_th165_k0.50,center profile is not monotone from midplane to GB
Ro80_q0.55_L10W_r1.40_th165_k0.75,center profile is not monotone from midplane to GB
Ro80_q0.55_L10W_r1.40_th170_k0.00,center profile is not monotone from midplane to GB
Ro80_q0.55_L10W_r1.40_th170_k0.25,center profile is not monotone from midplane to GB
Ro80_q0.55_L10W_r1.40_th170_k0.50,center profile is not monotone from midplane to GB
Ro80_q0.55_L10W_r1.40_th170_k0.75,center profile is not monotone from midplane to GB
Ro80_q0.55_L10W_r1.60_th120_k0.00,negative center squared radius; center profile is not monotone from midplane to GB; center topology fails before requested loss
Ro80_q0.55_L10W_r1.60_th120_k0.25,negative center squared radius; center profile is not monotone from midplane to GB; center topology fails before requested loss
Ro80_q0.55_L10W_r1.60_th120_k0.50,negative center squared radius; center profile is not monotone from midplane to GB; center topology fails before requested loss
Ro80_q0.55_L10W_r1.60_th120_k0.75,negative center squared radius; center profile is not monotone from midplane to GB; center topology fails before requested loss
Ro80_q0.55_L10W_r1.60_th135_k0.00,center profile is not monotone from midplane to GB; center topology fails before requested loss
Ro80_q0.55_L10W_r1.60_th135_k0.25,center profile is not monotone from midplane to GB; center topology fails before requested loss
Ro80_q0.55_L10W_r1.60_th135_k0.50,center profile is not monotone from midplane to GB; center topology fails before requested loss
Ro80_q0.55_L10W_r1.60_th135_k0.75,center profile is not monotone from midplane to GB; center topology fails before requested loss
Ro80_q0.55_L10W_r1.60_th150_k0.00,center profile is not monotone from midplane to GB; center topology fails before requested loss
Ro80_q0.55_L10W_r1.60_th150_k0.25,center profile is not monotone from midplane to GB; center topology fails before requested loss
Ro80_q0.55_L10W_r1.60_th150_k0.50,center profile is not monotone from midplane to GB; center topology fails before requested loss
Ro80_q0.55_L10W_r1.60_th150_k0.75,center profile is not monotone from midplane to GB; center topology fails before requested loss
Ro80_q0.55_L10W_r1.60_th165_k0.00,center profile is not monotone from midplane to GB; center topology fails before requested loss
Ro80_q0.55_L10W_r1.60_th165_k0.25,center profile is not monotone from midplane to GB; center topology fails before requested loss
Ro80_q0.55_L10W_r1.60_th165_k0.50,center profile is not monotone from midplane to GB; center topology fails before requested loss
Ro80_q0.55_L10W_r1.60_th165_k0.75,center profile is not monotone from midplane to GB; center topology fails before requested loss
Ro80_q0.55_L10W_r1.60_th170_k0.00,center profile is not monotone from midplane to GB; center topology fails before requested loss
Ro80_q0.55_L10W_r1.60_th170_k0.25,center profile is not monotone from midplane to GB; center topology fails before requested loss
Ro80_q0.55_L10W_r1.60_th170_k0.50,center profile is not monotone from midplane to GB; center topology fails before requested loss
Ro80_q0.55_L10W_r1.60_th170_k0.75,center profile is not monotone from midplane to GB; center topology fails before requested loss; outer profile has multiple radial extrema
Ro80_q0.55_L12W_r0.60_th120_k0.00,TJ radius below 6W
Ro80_q0.55_L12W_r0.60_th120_k0.25,TJ radius below 6W
Ro80_q0.55_L12W_r0.60_th120_k0.50,TJ radius below 6W
Ro80_q0.55_L12W_r0.60_th120_k0.75,TJ radius below 6W
Ro80_q0.55_L12W_r0.60_th135_k0.00,TJ radius below 6W
Ro80_q0.55_L12W_r0.60_th135_k0.25,TJ radius below 6W
Ro80_q0.55_L12W_r0.60_th135_k0.50,TJ radius below 6W
Ro80_q0.55_L12W_r0.60_th135_k0.75,TJ radius below 6W
Ro80_q0.55_L12W_r0.60_th150_k0.00,TJ radius below 6W
Ro80_q0.55_L12W_r0.60_th150_k0.25,TJ radius below 6W
Ro80_q0.55_L12W_r0.60_th150_k0.50,TJ radius below 6W
Ro80_q0.55_L12W_r0.60_th150_k0.75,TJ radius below 6W
Ro80_q0.55_L12W_r0.60_th165_k0.00,TJ radius below 6W
Ro80_q0.55_L12W_r0.60_th165_k0.25,TJ radius below 6W
Ro80_q0.55_L12W_r0.60_th165_k0.50,TJ radius below 6W
Ro80_q0.55_L12W_r0.60_th165_k0.75,TJ radius below 6W
Ro80_q0.55_L12W_r0.60_th170_k0.00,TJ radius below 6W
Ro80_q0.55_L12W_r0.60_th170_k0.25,TJ radius below 6W
Ro80_q0.55_L12W_r0.60_th170_k0.50,TJ radius below 6W
Ro80_q0.55_L12W_r0.60_th170_k0.75,TJ radius below 6W
Ro80_q0.55_L12W_r1.20_th120_k0.00,center profile is not monotone from midplane to GB
Ro80_q0.55_L12W_r1.20_th120_k0.25,center profile is not monotone from midplane to GB
Ro80_q0.55_L12W_r1.20_th120_k0.50,center profile is not monotone from midplane to GB
Ro80_q0.55_L12W_r1.20_th120_k0.75,center profile is not monotone from midplane to GB
Ro80_q0.55_L12W_r1.20_th135_k0.00,center profile is not monotone from midplane to GB
Ro80_q0.55_L12W_r1.20_th135_k0.25,center profile is not monotone from midplane to GB
Ro80_q0.55_L12W_r1.20_th135_k0.50,center profile is not monotone from midplane to GB
Ro80_q0.55_L12W_r1.20_th135_k0.75,center profile is not monotone from midplane to GB
Ro80_q0.55_L12W_r1.20_th150_k0.00,center profile is not monotone from midplane to GB
Ro80_q0.55_L12W_r1.20_th150_k0.25,center profile is not monotone from midplane to GB
Ro80_q0.55_L12W_r1.20_th150_k0.50,center profile is not monotone from midplane to GB
Ro80_q0.55_L12W_r1.20_th150_k0.75,center profile is not monotone from midplane to GB
Ro80_q0.55_L12W_r1.20_th165_k0.00,center profile is not monotone from midplane to GB
Ro80_q0.55_L12W_r1.20_th165_k0.25,center profile is not monotone from midplane to GB
Ro80_q0.55_L12W_r1.20_th165_k0.50,center profile is not monotone from midplane to GB
Ro80_q0.55_L12W_r1.20_th165_k0.75,center profile is not monotone from midplane to GB
Ro80_q0.55_L12W_r1.20_th170_k0.00,center profile is not monotone from midplane to GB
Ro80_q0.55_L12W_r1.20_th170_k0.25,center profile is not monotone from midplane to GB
Ro80_q0.55_L12W_r1.20_th170_k0.50,center profile is not monotone from midplane to GB
Ro80_q0.55_L12W_r1.20_th170_k0.75,center profile is not monotone from midplane to GB
Ro80_q0.55_L12W_r1.40_th120_k0.00,center profile is not monotone from midplane to GB; center topology fails before requested loss
Ro80_q0.55_L12W_r1.40_th120_k0.25,center profile is not monotone from midplane to GB; center topology fails before requested loss
Ro80_q0.55_L12W_r1.40_th120_k0.50,center profile is not monotone from midplane to GB; center topology fails before requested loss
Ro80_q0.55_L12W_r1.40_th120_k0.75,center profile is not monotone from midplane to GB; center topology fails before requested loss
Ro80_q0.55_L12W_r1.40_th135_k0.00,center profile is not monotone from midplane to GB; center topology fails before requested loss
Ro80_q0.55_L12W_r1.40_th135_k0.25,center profile is not monotone from midplane to GB; center topology fails before requested loss
Ro80_q0.55_L12W_r1.40_th135_k0.50,center profile is not monotone from midplane to GB; center topology fails before requested loss
Ro80_q0.55_L12W_r1.40_th135_k0.75,center profile is not monotone from midplane to GB; center topology fails before requested loss
Ro80_q0.55_L12W_r1.40_th150_k0.00,center profile is not monotone from midplane to GB; center topology fails before requested loss
Ro80_q0.55_L12W_r1.40_th150_k0.25,center profile is not monotone from midplane to GB
Ro80_q0.55_L12W_r1.40_th150_k0.50,center profile is not monotone from midplane to GB
Ro80_q0.55_L12W_r1.40_th150_k0.75,center profile is not monotone from midplane to GB
Ro80_q0.55_L12W_r1.40_th165_k0.00,center profile is not monotone from midplane to GB
Ro80_q0.55_L12W_r1.40_th165_k0.25,center profile is not monotone from midplane to GB
Ro80_q0.55_L12W_r1.40_th165_k0.50,center profile is not monotone from midplane to GB
Ro80_q0.55_L12W_r1.40_th165_k0.75,center profile is not monotone from midplane to GB
Ro80_q0.55_L12W_r1.40_th170_k0.00,center profile is not monotone from midplane to GB
Ro80_q0.55_L12W_r1.40_th170_k0.25,center profile is not monotone from midplane to GB
Ro80_q0.55_L12W_r1.40_th170_k0.50,center profile is not monotone from midplane to GB
Ro80_q0.55_L12W_r1.40_th170_k0.75,center profile is not monotone from midplane to GB
Ro80_q0.55_L12W_r1.60_th120_k0.00,negative center squared radius; center profile is not monotone from midplane to GB; center topology fails before requested loss
Ro80_q0.55_L12W_r1.60_th120_k0.25,negative center squared radius; center profile is not monotone from midplane to GB; center topology fails before requested loss
Ro80_q0.55_L12W_r1.60_th120_k0.50,negative center squared radius; center profile is not monotone from midplane to GB; center topology fails before requested loss
Ro80_q0.55_L12W_r1.60_th120_k0.75,negative center squared radius; center profile is not monotone from midplane to GB; center topology fails before requested loss
Ro80_q0.55_L12W_r1.60_th135_k0.00,negative center squared radius; center profile is not monotone from midplane to GB; center topology fails before requested loss
Ro80_q0.55_L12W_r1.60_th135_k0.25,negative center squared radius; center profile is not monotone from midplane to GB; center topology fails before requested loss
Ro80_q0.55_L12W_r1.60_th135_k0.50,negative center squared radius; center profile is not monotone from midplane to GB; center topology fails before requested loss
Ro80_q0.55_L12W_r1.60_th135_k0.75,negative center squared radius; center profile is not monotone from midplane to GB; center topology fails before requested loss
Ro80_q0.55_L12W_r1.60_th150_k0.00,negative center squared radius; center profile is not monotone from midplane to GB; center topology fails before requested loss
Ro80_q0.55_L12W_r1.60_th150_k0.25,negative center squared radius; center profile is not monotone from midplane to GB; center topology fails before requested loss
Ro80_q0.55_L12W_r1.60_th150_k0.50,negative center squared radius; center profile is not monotone from midplane to GB; center topology fails before requested loss
Ro80_q0.55_L12W_r1.60_th150_k0.75,negative center squared radius; center profile is not monotone from midplane to GB; center topology fails before requested loss
Ro80_q0.55_L12W_r1.60_th165_k0.00,negative center squared radius; center profile is not monotone from midplane to GB; center topology fails before requested loss
Ro80_q0.55_L12W_r1.60_th165_k0.25,negative center squared radius; center profile is not monotone from midplane to GB; center topology fails before requested loss
Ro80_q0.55_L12W_r1.60_th165_k0.50,negative center squared radius; center profile is not monotone from midplane to GB; center topology fails before requested loss
Ro80_q0.55_L12W_r1.60_th165_k0.75,negative center squared radius; center profile is not monotone from midplane to GB; center topology fails before requested loss
Ro80_q0.55_L12W_r1.60_th170_k0.00,negative center squared radius; center profile is not monotone from midplane to GB; center topology fails before requested loss
Ro80_q0.55_L12W_r1.60_th170_k0.25,negative center squared radius; center profile is not monotone from midplane to GB; center topology fails before requested loss
Ro80_q0.55_L12W_r1.60_th170_k0.50,negative center squared radius; center profile is not monotone from midplane to GB; center topology fails before requested loss
Ro80_q0.55_L12W_r1.60_th170_k0.75,negative center squared radius; center profile is not monotone from midplane to GB; center topology fails before requested loss; outer profile has multiple radial extrema
Ro80_q0.55_L16W_r0.60_th120_k0.00,TJ radius below 6W
Ro80_q0.55_L16W_r0.60_th120_k0.25,TJ radius below 6W
Ro80_q0.55_L16W_r0.60_th120_k0.50,TJ radius below 6W
Ro80_q0.55_L16W_r0.60_th120_k0.75,TJ radius below 6W
Ro80_q0.55_L16W_r0.60_th135_k0.00,TJ radius below 6W
Ro80_q0.55_L16W_r0.60_th135_k0.25,TJ radius below 6W
Ro80_q0.55_L16W_r0.60_th135_k0.50,TJ radius below 6W
Ro80_q0.55_L16W_r0.60_th135_k0.75,TJ radius below 6W
Ro80_q0.55_L16W_r0.60_th150_k0.00,TJ radius below 6W
Ro80_q0.55_L16W_r0.60_th150_k0.25,TJ radius below 6W
Ro80_q0.55_L16W_r0.60_th150_k0.50,TJ radius below 6W
Ro80_q0.55_L16W_r0.60_th150_k0.75,TJ radius below 6W
Ro80_q0.55_L16W_r0.60_th165_k0.00,TJ radius below 6W
Ro80_q0.55_L16W_r0.60_th165_k0.25,TJ radius below 6W
Ro80_q0.55_L16W_r0.60_th165_k0.50,TJ radius below 6W
Ro80_q0.55_L16W_r0.60_th165_k0.75,TJ radius below 6W
Ro80_q0.55_L16W_r0.60_th170_k0.00,TJ radius below 6W
Ro80_q0.55_L16W_r0.60_th170_k0.25,TJ radius below 6W
Ro80_q0.55_L16W_r0.60_th170_k0.50,TJ radius below 6W
Ro80_q0.55_L16W_r0.60_th170_k0.75,TJ radius below 6W
Ro80_q0.55_L16W_r1.00_th120_k0.00,center profile is not monotone from midplane to GB
Ro80_q0.55_L16W_r1.00_th120_k0.25,center profile is not monotone from midplane to GB
Ro80_q0.55_L16W_r1.00_th120_k0.50,center profile is not monotone from midplane to GB
Ro80_q0.55_L16W_r1.00_th120_k0.75,center profile is not monotone from midplane to GB
Ro80_q0.55_L16W_r1.00_th135_k0.00,center profile is not monotone from midplane to GB
Ro80_q0.55_L16W_r1.00_th135_k0.25,center profile is not monotone from midplane to GB
Ro80_q0.55_L16W_r1.00_th135_k0.50,center profile is not monotone from midplane to GB
Ro80_q0.55_L16W_r1.00_th135_k0.75,center profile is not monotone from midplane to GB
Ro80_q0.55_L16W_r1.00_th150_k0.00,center profile is not monotone from midplane to GB
Ro80_q0.55_L16W_r1.00_th150_k0.25,center profile is not monotone from midplane to GB
Ro80_q0.55_L16W_r1.00_th150_k0.50,center profile is not monotone from midplane to GB
Ro80_q0.55_L16W_r1.00_th150_k0.75,center profile is not monotone from midplane to GB
Ro80_q0.55_L16W_r1.00_th165_k0.00,center profile is not monotone from midplane to GB
Ro80_q0.55_L16W_r1.00_th165_k0.25,center profile is not monotone from midplane to GB
Ro80_q0.55_L16W_r1.00_th165_k0.50,center profile is not monotone from midplane to GB
Ro80_q0.55_L16W_r1.00_th165_k0.75,center profile is not monotone from midplane to GB
Ro80_q0.55_L16W_r1.00_th170_k0.00,center profile is not monotone from midplane to GB
Ro80_q0.55_L16W_r1.00_th170_k0.25,center profile is not monotone from midplane to GB
Ro80_q0.55_L16W_r1.00_th170_k0.50,center profile is not monotone from midplane to GB
Ro80_q0.55_L16W_r1.00_th170_k0.75,center profile is not monotone from midplane to GB
Ro80_q0.55_L16W_r1.20_th120_k0.00,center profile is not monotone from midplane to GB; center topology fails before requested loss
Ro80_q0.55_L16W_r1.20_th120_k0.25,center profile is not monotone from midplane to GB; center topology fails before requested loss
Ro80_q0.55_L16W_r1.20_th120_k0.50,center profile is not monotone from midplane to GB; center topology fails before requested loss
Ro80_q0.55_L16W_r1.20_th120_k0.75,center profile is not monotone from midplane to GB; center topology fails before requested loss
Ro80_q0.55_L16W_r1.20_th135_k0.00,center profile is not monotone from midplane to GB; center topology fails before requested loss
Ro80_q0.55_L16W_r1.20_th135_k0.25,center profile is not monotone from midplane to GB; center topology fails before requested loss
Ro80_q0.55_L16W_r1.20_th135_k0.50,center profile is not monotone from midplane to GB; center topology fails before requested loss
Ro80_q0.55_L16W_r1.20_th135_k0.75,center profile is not monotone from midplane to GB; center topology fails before requested loss
Ro80_q0.55_L16W_r1.20_th150_k0.00,center profile is not monotone from midplane to GB; center topology fails before requested loss
Ro80_q0.55_L16W_r1.20_th150_k0.25,center profile is not monotone from midplane to GB
Ro80_q0.55_L16W_r1.20_th150_k0.50,center profile is not monotone from midplane to GB
Ro80_q0.55_L16W_r1.20_th150_k0.75,center profile is not monotone from midplane to GB
Ro80_q0.55_L16W_r1.20_th165_k0.00,center profile is not monotone from midplane to GB
Ro80_q0.55_L16W_r1.20_th165_k0.25,center profile is not monotone from midplane to GB
Ro80_q0.55_L16W_r1.20_th165_k0.50,center profile is not monotone from midplane to GB
Ro80_q0.55_L16W_r1.20_th165_k0.75,center profile is not monotone from midplane to GB
Ro80_q0.55_L16W_r1.20_th170_k0.00,center profile is not monotone from midplane to GB
Ro80_q0.55_L16W_r1.20_th170_k0.25,center profile is not monotone from midplane to GB
Ro80_q0.55_L16W_r1.20_th170_k0.50,center profile is not monotone from midplane to GB
Ro80_q0.55_L16W_r1.20_th170_k0.75,center profile is not monotone from midplane to GB
Ro80_q0.55_L16W_r1.40_th120_k0.00,negative center squared radius; center profile is not monotone from midplane to GB; center topology fails before requested loss
Ro80_q0.55_L16W_r1.40_th120_k0.25,negative center squared radius; center profile is not monotone from midplane to GB; center topology fails before requested loss
Ro80_q0.55_L16W_r1.40_th120_k0.50,negative center squared radius; center profile is not monotone from midplane to GB; center topology fails before requested loss
Ro80_q0.55_L16W_r1.40_th120_k0.75,negative center squared radius; center profile is not monotone from midplane to GB; center topology fails before requested loss
Ro80_q0.55_L16W_r1.40_th135_k0.00,negative center squared radius; center profile is not monotone from midplane to GB; center topology fails before requested loss
Ro80_q0.55_L16W_r1.40_th135_k0.25,negative center squared radius; center profile is not monotone from midplane to GB; center topology fails before requested loss
Ro80_q0.55_L16W_r1.40_th135_k0.50,negative center squared radius; center profile is not monotone from midplane to GB; center topology fails before requested loss
Ro80_q0.55_L16W_r1.40_th135_k0.75,negative center squared radius; center profile is not monotone from midplane to GB; center topology fails before requested loss
Ro80_q0.55_L16W_r1.40_th150_k0.00,negative center squared radius; center profile is not monotone from midplane to GB; center topology fails before requested loss
Ro80_q0.55_L16W_r1.40_th150_k0.25,negative center squared radius; center profile is not monotone from midplane to GB; center topology fails before requested loss
Ro80_q0.55_L16W_r1.40_th150_k0.50,negative center squared radius; center profile is not monotone from midplane to GB; center topology fails before requested loss
Ro80_q0.55_L16W_r1.40_th150_k0.75,negative center squared radius; center profile is not monotone from midplane to GB; center topology fails before requested loss
Ro80_q0.55_L16W_r1.40_th165_k0.00,negative center squared radius; center profile is not monotone from midplane to GB; center topology fails before requested loss
Ro80_q0.55_L16W_r1.40_th165_k0.25,negative center squared radius; center profile is not monotone from midplane to GB; center topology fails before requested loss
Ro80_q0.55_L16W_r1.40_th165_k0.50,negative center squared radius; center profile is not monotone from midplane to GB; center topology fails before requested loss
Ro80_q0.55_L16W_r1.40_th165_k0.75,negative center squared radius; center profile is not monotone from midplane to GB; center topology fails before requested loss
Ro80_q0.55_L16W_r1.40_th170_k0.00,negative center squared radius; center profile is not monotone from midplane to GB; center topology fails before requested loss
Ro80_q0.55_L16W_r1.40_th170_k0.25,negative center squared radius; center profile is not monotone from midplane to GB; center topology fails before requested loss
Ro80_q0.55_L16W_r1.40_th170_k0.50,negative center squared radius; center profile is not monotone from midplane to GB; center topology fails before requested loss
Ro80_q0.55_L16W_r1.40_th170_k0.75,negative center squared radius; center profile is not monotone from midplane to GB; center topology fails before requested loss
Ro80_q0.55_L16W_r1.60_th120_k0.00,negative center squared radius; center profile is not monotone from midplane to GB; center topology fails before requested loss
Ro80_q0.55_L16W_r1.60_th120_k0.25,negative center squared radius; center profile is not monotone from midplane to GB; center topology fails before requested loss
Ro80_q0.55_L16W_r1.60_th120_k0.50,negative center squared radius; center profile is not monotone from midplane to GB; center topology fails before requested loss
Ro80_q0.55_L16W_r1.60_th120_k0.75,negative center squared radius; center profile is not monotone from midplane to GB; center topology fails before requested loss
Ro80_q0.55_L16W_r1.60_th135_k0.00,negative center squared radius; center profile is not monotone from midplane to GB; center topology fails before requested loss
Ro80_q0.55_L16W_r1.60_th135_k0.25,negative center squared radius; center profile is not monotone from midplane to GB; center topology fails before requested loss
Ro80_q0.55_L16W_r1.60_th135_k0.50,negative center squared radius; center profile is not monotone from midplane to GB; center topology fails before requested loss
Ro80_q0.55_L16W_r1.60_th135_k0.75,negative center squared radius; center profile is not monotone from midplane to GB; center topology fails before requested loss
Ro80_q0.55_L16W_r1.60_th150_k0.00,negative center squared radius; center profile is not monotone from midplane to GB; center topology fails before requested loss
Ro80_q0.55_L16W_r1.60_th150_k0.25,negative center squared radius; center profile is not monotone from midplane to GB; center topology fails before requested loss
Ro80_q0.55_L16W_r1.60_th150_k0.50,negative center squared radius; center profile is not monotone from midplane to GB; center topology fails before requested loss
Ro80_q0.55_L16W_r1.60_th150_k0.75,negative center squared radius; center profile is not monotone from midplane to GB; center topology fails before requested loss
Ro80_q0.55_L16W_r1.60_th165_k0.00,negative center squared radius; center profile is not monotone from midplane to GB; center topology fails before requested loss
Ro80_q0.55_L16W_r1.60_th165_k0.25,negative center squared radius; center profile is not monotone from midplane to GB; center topology fails before requested loss
Ro80_q0.55_L16W_r1.60_th165_k0.50,negative center squared radius; center profile is not monotone from midplane to GB; center topology fails before requested loss
Ro80_q0.55_L16W_r1.60_th165_k0.75,negative center squared radius; center profile is not monotone from midplane to GB; center topology fails before requested loss
Ro80_q0.55_L16W_r1.60_th170_k0.00,negative center squared radius; center profile is not monotone from midplane to GB; center topology fails before requested loss
Ro80_q0.55_L16W_r1.60_th170_k0.25,negative center squared radius; center profile is not monotone from midplane to GB; center topology fails before requested loss
Ro80_q0.55_L16W_r1.60_th170_k0.50,negative center squared radius; center profile is not monotone from midplane to GB; center topology fails before requested loss
Ro80_q0.55_L16W_r1.60_th170_k0.75,negative center squared radius; center profile is not monotone from midplane to GB; center topology fails before requested loss; outer profile has multiple radial extrema
Ro80_q0.55_L20W_r0.60_th120_k0.00,TJ radius below 6W
Ro80_q0.55_L20W_r0.60_th120_k0.25,TJ radius below 6W
Ro80_q0.55_L20W_r0.60_th120_k0.50,TJ radius below 6W
Ro80_q0.55_L20W_r0.60_th120_k0.75,TJ radius below 6W
Ro80_q0.55_L20W_r0.60_th135_k0.00,TJ radius below 6W
Ro80_q0.55_L20W_r0.60_th135_k0.25,TJ radius below 6W
Ro80_q0.55_L20W_r0.60_th135_k0.50,TJ radius below 6W
Ro80_q0.55_L20W_r0.60_th135_k0.75,TJ radius below 6W
Ro80_q0.55_L20W_r0.60_th150_k0.00,TJ radius below 6W
Ro80_q0.55_L20W_r0.60_th150_k0.25,TJ radius below 6W
Ro80_q0.55_L20W_r0.60_th150_k0.50,TJ radius below 6W
Ro80_q0.55_L20W_r0.60_th150_k0.75,TJ radius below 6W
Ro80_q0.55_L20W_r0.60_th165_k0.00,TJ radius below 6W
Ro80_q0.55_L20W_r0.60_th165_k0.25,TJ radius below 6W
Ro80_q0.55_L20W_r0.60_th165_k0.50,TJ radius below 6W
Ro80_q0.55_L20W_r0.60_th165_k0.75,TJ radius below 6W
Ro80_q0.55_L20W_r0.60_th170_k0.00,TJ radius below 6W
Ro80_q0.55_L20W_r0.60_th170_k0.25,TJ radius below 6W
Ro80_q0.55_L20W_r0.60_th170_k0.50,TJ radius below 6W
Ro80_q0.55_L20W_r0.60_th170_k0.75,TJ radius below 6W
Ro80_q0.55_L20W_r0.80_th120_k0.00,center profile is not monotone from midplane to GB
Ro80_q0.55_L20W_r0.80_th120_k0.25,center profile is not monotone from midplane to GB
Ro80_q0.55_L20W_r0.80_th120_k0.50,center profile is not monotone from midplane to GB
Ro80_q0.55_L20W_r0.80_th120_k0.75,center profile is not monotone from midplane to GB
Ro80_q0.55_L20W_r0.80_th135_k0.00,center profile is not monotone from midplane to GB
Ro80_q0.55_L20W_r0.80_th135_k0.25,center profile is not monotone from midplane to GB
Ro80_q0.55_L20W_r0.80_th135_k0.50,center profile is not monotone from midplane to GB
Ro80_q0.55_L20W_r0.80_th135_k0.75,center profile is not monotone from midplane to GB
Ro80_q0.55_L20W_r0.80_th150_k0.00,center profile is not monotone from midplane to GB
Ro80_q0.55_L20W_r0.80_th150_k0.25,center profile is not monotone from midplane to GB
Ro80_q0.55_L20W_r0.80_th150_k0.50,center profile is not monotone from midplane to GB
Ro80_q0.55_L20W_r1.00_th120_k0.00,center profile is not monotone from midplane to GB; center topology fails before requested loss
Ro80_q0.55_L20W_r1.00_th120_k0.25,center profile is not monotone from midplane to GB
Ro80_q0.55_L20W_r1.00_th120_k0.50,center profile is not monotone from midplane to GB
Ro80_q0.55_L20W_r1.00_th120_k0.75,center profile is not monotone from midplane to GB
Ro80_q0.55_L20W_r1.00_th135_k0.00,center profile is not monotone from midplane to GB
Ro80_q0.55_L20W_r1.00_th135_k0.25,center profile is not monotone from midplane to GB
Ro80_q0.55_L20W_r1.00_th135_k0.50,center profile is not monotone from midplane to GB
Ro80_q0.55_L20W_r1.00_th135_k0.75,center profile is not monotone from midplane to GB
Ro80_q0.55_L20W_r1.00_th150_k0.00,center profile is not monotone from midplane to GB
Ro80_q0.55_L20W_r1.00_th150_k0.25,center profile is not monotone from midplane to GB
Ro80_q0.55_L20W_r1.00_th150_k0.50,center profile is not monotone from midplane to GB
Ro80_q0.55_L20W_r1.00_th150_k0.75,center profile is not monotone from midplane to GB
Ro80_q0.55_L20W_r1.00_th165_k0.00,center profile is not monotone from midplane to GB
Ro80_q0.55_L20W_r1.00_th165_k0.25,center profile is not monotone from midplane to GB
Ro80_q0.55_L20W_r1.00_th165_k0.50,center profile is not monotone from midplane to GB
Ro80_q0.55_L20W_r1.00_th165_k0.75,center profile is not monotone from midplane to GB
Ro80_q0.55_L20W_r1.00_th170_k0.00,center profile is not monotone from midplane to GB
Ro80_q0.55_L20W_r1.00_th170_k0.25,center profile is not monotone from midplane to GB
Ro80_q0.55_L20W_r1.00_th170_k0.50,center profile is not monotone from midplane to GB
Ro80_q0.55_L20W_r1.00_th170_k0.75,center profile is not monotone from midplane to GB
Ro80_q0.55_L20W_r1.20_th120_k0.00,negative center squared radius; center profile is not monotone from midplane to GB; center topology fails before requested loss
Ro80_q0.55_L20W_r1.20_th120_k0.25,negative center squared radius; center profile is not monotone from midplane to GB; center topology fails before requested loss
Ro80_q0.55_L20W_r1.20_th120_k0.50,negative center squared radius; center profile is not monotone from midplane to GB; center topology fails before requested loss
Ro80_q0.55_L20W_r1.20_th120_k0.75,negative center squared radius; center profile is not monotone from midplane to GB; center topology fails before requested loss
Ro80_q0.55_L20W_r1.20_th135_k0.00,negative center squared radius; center profile is not monotone from midplane to GB; center topology fails before requested loss
Ro80_q0.55_L20W_r1.20_th135_k0.25,negative center squared radius; center profile is not monotone from midplane to GB; center topology fails before requested loss
Ro80_q0.55_L20W_r1.20_th135_k0.50,negative center squared radius; center profile is not monotone from midplane to GB; center topology fails before requested loss
Ro80_q0.55_L20W_r1.20_th135_k0.75,negative center squared radius; center profile is not monotone from midplane to GB; center topology fails before requested loss
Ro80_q0.55_L20W_r1.20_th150_k0.00,negative center squared radius; center profile is not monotone from midplane to GB; center topology fails before requested loss
Ro80_q0.55_L20W_r1.20_th150_k0.25,negative center squared radius; center profile is not monotone from midplane to GB; center topology fails before requested loss
Ro80_q0.55_L20W_r1.20_th150_k0.50,negative center squared radius; center profile is not monotone from midplane to GB; center topology fails before requested loss
Ro80_q0.55_L20W_r1.20_th150_k0.75,negative center squared radius; center profile is not monotone from midplane to GB; center topology fails before requested loss
Ro80_q0.55_L20W_r1.20_th165_k0.00,negative center squared radius; center profile is not monotone from midplane to GB; center topology fails before requested loss
Ro80_q0.55_L20W_r1.20_th165_k0.25,negative center squared radius; center profile is not monotone from midplane to GB; center topology fails before requested loss
Ro80_q0.55_L20W_r1.20_th165_k0.50,negative center squared radius; center profile is not monotone from midplane to GB; center topology fails before requested loss
Ro80_q0.55_L20W_r1.20_th165_k0.75,negative center squared radius; center profile is not monotone from midplane to GB; center topology fails before requested loss
Ro80_q0.55_L20W_r1.20_th170_k0.00,negative center squared radius; center profile is not monotone from midplane to GB; center topology fails before requested loss
Ro80_q0.55_L20W_r1.20_th170_k0.25,negative center squared radius; center profile is not monotone from midplane to GB; center topology fails before requested loss
Ro80_q0.55_L20W_r1.20_th170_k0.50,negative center squared radius; center profile is not monotone from midplane to GB; center topology fails before requested loss
Ro80_q0.55_L20W_r1.20_th170_k0.75,negative center squared radius; center profile is not monotone from midplane to GB; center topology fails before requested loss
Ro80_q0.55_L20W_r1.40_th120_k0.00,negative center squared radius; center profile is not monotone from midplane to GB; center topology fails before requested loss
Ro80_q0.55_L20W_r1.40_th120_k0.25,negative center squared radius; center profile is not monotone from midplane to GB; center topology fails before requested loss
Ro80_q0.55_L20W_r1.40_th120_k0.50,negative center squared radius; center profile is not monotone from midplane to GB; center topology fails before requested loss
Ro80_q0.55_L20W_r1.40_th120_k0.75,negative center squared radius; center profile is not monotone from midplane to GB; center topology fails before requested loss
Ro80_q0.55_L20W_r1.40_th135_k0.00,negative center squared radius; center profile is not monotone from midplane to GB; center topology fails before requested loss
Ro80_q0.55_L20W_r1.40_th135_k0.25,negative center squared radius; center profile is not monotone from midplane to GB; center topology fails before requested loss
Ro80_q0.55_L20W_r1.40_th135_k0.50,negative center squared radius; center profile is not monotone from midplane to GB; center topology fails before requested loss
Ro80_q0.55_L20W_r1.40_th135_k0.75,negative center squared radius; center profile is not monotone from midplane to GB; center topology fails before requested loss
Ro80_q0.55_L20W_r1.40_th150_k0.00,negative center squared radius; center profile is not monotone from midplane to GB; center topology fails before requested loss
Ro80_q0.55_L20W_r1.40_th150_k0.25,negative center squared radius; center profile is not monotone from midplane to GB; center topology fails before requested loss
Ro80_q0.55_L20W_r1.40_th150_k0.50,negative center squared radius; center profile is not monotone from midplane to GB; center topology fails before requested loss
Ro80_q0.55_L20W_r1.40_th150_k0.75,negative center squared radius; center profile is not monotone from midplane to GB; center topology fails before requested loss
Ro80_q0.55_L20W_r1.40_th165_k0.00,negative center squared radius; center profile is not monotone from midplane to GB; center topology fails before requested loss
Ro80_q0.55_L20W_r1.40_th165_k0.25,negative center squared radius; center profile is not monotone from midplane to GB; center topology fails before requested loss
Ro80_q0.55_L20W_r1.40_th165_k0.50,negative center squared radius; center profile is not monotone from midplane to GB; center topology fails before requested loss
Ro80_q0.55_L20W_r1.40_th165_k0.75,negative center squared radius; center profile is not monotone from midplane to GB; center topology fails before requested loss
Ro80_q0.55_L20W_r1.40_th170_k0.00,negative center squared radius; center profile is not monotone from midplane to GB; center topology fails before requested loss
Ro80_q0.55_L20W_r1.40_th170_k0.25,negative center squared radius; center profile is not monotone from midplane to GB; center topology fails before requested loss
Ro80_q0.55_L20W_r1.40_th170_k0.50,negative center squared radius; center profile is not monotone from midplane to GB; center topology fails before requested loss
Ro80_q0.55_L20W_r1.40_th170_k0.75,negative center squared radius; center profile is not monotone from midplane to GB; center topology fails before requested loss
Ro80_q0.55_L20W_r1.60_th120_k0.00,negative center squared radius; center profile is not monotone from midplane to GB; center topology fails before requested loss
Ro80_q0.55_L20W_r1.60_th120_k0.25,negative center squared radius; center profile is not monotone from midplane to GB; center topology fails before requested loss
Ro80_q0.55_L20W_r1.60_th120_k0.50,negative center squared radius; center profile is not monotone from midplane to GB; center topology fails before requested loss
Ro80_q0.55_L20W_r1.60_th120_k0.75,negative center squared radius; center profile is not monotone from midplane to GB; center topology fails before requested loss
Ro80_q0.55_L20W_r1.60_th135_k0.00,negative center squared radius; center profile is not monotone from midplane to GB; center topology fails before requested loss
Ro80_q0.55_L20W_r1.60_th135_k0.25,negative center squared radius; center profile is not monotone from midplane to GB; center topology fails before requested loss
Ro80_q0.55_L20W_r1.60_th135_k0.50,negative center squared radius; center profile is not monotone from midplane to GB; center topology fails before requested loss
Ro80_q0.55_L20W_r1.60_th135_k0.75,negative center squared radius; center profile is not monotone from midplane to GB; center topology fails before requested loss
Ro80_q0.55_L20W_r1.60_th150_k0.00,negative center squared radius; center profile is not monotone from midplane to GB; center topology fails before requested loss
Ro80_q0.55_L20W_r1.60_th150_k0.25,negative center squared radius; center profile is not monotone from midplane to GB; center topology fails before requested loss
Ro80_q0.55_L20W_r1.60_th150_k0.50,negative center squared radius; center profile is not monotone from midplane to GB; center topology fails before requested loss
Ro80_q0.55_L20W_r1.60_th150_k0.75,negative center squared radius; center profile is not monotone from midplane to GB; center topology fails before requested loss
Ro80_q0.55_L20W_r1.60_th165_k0.00,negative center squared radius; center profile is not monotone from midplane to GB; center topology fails before requested loss
Ro80_q0.55_L20W_r1.60_th165_k0.25,negative center squared radius; center profile is not monotone from midplane to GB; center topology fails before requested loss
Ro80_q0.55_L20W_r1.60_th165_k0.50,negative center squared radius; center profile is not monotone from midplane to GB; center topology fails before requested loss
Ro80_q0.55_L20W_r1.60_th165_k0.75,negative center squared radius; center profile is not monotone from midplane to GB; center topology fails before requested loss
Ro80_q0.55_L20W_r1.60_th170_k0.00,negative center squared radius; center profile is not monotone from midplane to GB; center topology fails before requested loss
Ro80_q0.55_L20W_r1.60_th170_k0.25,negative center squared radius; center profile is not monotone from midplane to GB; center topology fails before requested loss
Ro80_q0.55_L20W_r1.60_th170_k0.50,negative center squared radius; center profile is not monotone from midplane to GB; center topology fails before requested loss
Ro80_q0.55_L20W_r1.60_th170_k0.75,negative center squared radius; center profile is not monotone from midplane to GB; center topology fails before requested loss; outer profile has multiple radial extrema
Ro80_q0.55_L24W_r0.60_th120_k0.00,TJ radius below 6W
Ro80_q0.55_L24W_r0.60_th120_k0.25,TJ radius below 6W
Ro80_q0.55_L24W_r0.60_th120_k0.50,TJ radius below 6W
Ro80_q0.55_L24W_r0.60_th120_k0.75,TJ radius below 6W
Ro80_q0.55_L24W_r0.60_th135_k0.00,TJ radius below 6W
Ro80_q0.55_L24W_r0.60_th135_k0.25,TJ radius below 6W
Ro80_q0.55_L24W_r0.60_th135_k0.50,TJ radius below 6W
Ro80_q0.55_L24W_r0.60_th135_k0.75,TJ radius below 6W
Ro80_q0.55_L24W_r0.60_th150_k0.00,TJ radius below 6W
Ro80_q0.55_L24W_r0.60_th150_k0.25,TJ radius below 6W
Ro80_q0.55_L24W_r0.60_th150_k0.50,TJ radius below 6W
Ro80_q0.55_L24W_r0.60_th150_k0.75,TJ radius below 6W
Ro80_q0.55_L24W_r0.60_th165_k0.00,TJ radius below 6W
Ro80_q0.55_L24W_r0.60_th165_k0.25,TJ radius below 6W
Ro80_q0.55_L24W_r0.60_th165_k0.50,TJ radius below 6W
Ro80_q0.55_L24W_r0.60_th165_k0.75,TJ radius below 6W
Ro80_q0.55_L24W_r0.60_th170_k0.00,TJ radius below 6W
Ro80_q0.55_L24W_r0.60_th170_k0.25,TJ radius below 6W
Ro80_q0.55_L24W_r0.60_th170_k0.50,TJ radius below 6W
Ro80_q0.55_L24W_r0.60_th170_k0.75,TJ radius below 6W
Ro80_q0.55_L24W_r0.80_th120_k0.00,center profile is not monotone from midplane to GB
Ro80_q0.55_L24W_r0.80_th120_k0.25,center profile is not monotone from midplane to GB
Ro80_q0.55_L24W_r0.80_th120_k0.50,center profile is not monotone from midplane to GB
Ro80_q0.55_L24W_r0.80_th120_k0.75,center profile is not monotone from midplane to GB
Ro80_q0.55_L24W_r0.80_th135_k0.00,center profile is not monotone from midplane to GB
Ro80_q0.55_L24W_r0.80_th135_k0.25,center profile is not monotone from midplane to GB
Ro80_q0.55_L24W_r0.80_th135_k0.50,center profile is not monotone from midplane to GB
Ro80_q0.55_L24W_r0.80_th135_k0.75,center profile is not monotone from midplane to GB
Ro80_q0.55_L24W_r0.80_th150_k0.00,center profile is not monotone from midplane to GB
Ro80_q0.55_L24W_r0.80_th150_k0.25,center profile is not monotone from midplane to GB
Ro80_q0.55_L24W_r0.80_th150_k0.50,center profile is not monotone from midplane to GB
Ro80_q0.55_L24W_r0.80_th150_k0.75,center profile is not monotone from midplane to GB
Ro80_q0.55_L24W_r0.80_th165_k0.00,center profile is not monotone from midplane to GB
Ro80_q0.55_L24W_r0.80_th165_k0.25,center profile is not monotone from midplane to GB
Ro80_q0.55_L24W_r0.80_th165_k0.50,center profile is not monotone from midplane to GB
Ro80_q0.55_L24W_r0.80_th165_k0.75,center profile is not monotone from midplane to GB
Ro80_q0.55_L24W_r0.80_th170_k0.00,center profile is not monotone from midplane to GB
Ro80_q0.55_L24W_r0.80_th170_k0.25,center profile is not monotone from midplane to GB
Ro80_q0.55_L24W_r0.80_th170_k0.50,center profile is not monotone from midplane to GB
Ro80_q0.55_L24W_r0.80_th170_k0.75,center profile is not monotone from midplane to GB
Ro80_q0.55_L24W_r1.00_th120_k0.00,negative center squared radius; center profile is not monotone from midplane to GB; center topology fails before requested loss
Ro80_q0.55_L24W_r1.00_th120_k0.25,negative center squared radius; center profile is not monotone from midplane to GB; center topology fails before requested loss
Ro80_q0.55_L24W_r1.00_th120_k0.50,negative center squared radius; center profile is not monotone from midplane to GB; center topology fails before requested loss
Ro80_q0.55_L24W_r1.00_th120_k0.75,negative center squared radius; center profile is not monotone from midplane to GB; center topology fails before requested loss
Ro80_q0.55_L24W_r1.00_th135_k0.00,negative center squared radius; center profile is not monotone from midplane to GB; center topology fails before requested loss
Ro80_q0.55_L24W_r1.00_th135_k0.25,negative center squared radius; center profile is not monotone from midplane to GB; center topology fails before requested loss
Ro80_q0.55_L24W_r1.00_th135_k0.50,negative center squared radius; center profile is not monotone from midplane to GB; center topology fails before requested loss
Ro80_q0.55_L24W_r1.00_th135_k0.75,negative center squared radius; center profile is not monotone from midplane to GB; center topology fails before requested loss
Ro80_q0.55_L24W_r1.00_th150_k0.00,negative center squared radius; center profile is not monotone from midplane to GB; center topology fails before requested loss
Ro80_q0.55_L24W_r1.00_th150_k0.25,center profile is not monotone from midplane to GB; center topology fails before requested loss
Ro80_q0.55_L24W_r1.00_th150_k0.50,center profile is not monotone from midplane to GB; center topology fails before requested loss
Ro80_q0.55_L24W_r1.00_th150_k0.75,center profile is not monotone from midplane to GB; center topology fails before requested loss
Ro80_q0.55_L24W_r1.00_th165_k0.00,center profile is not monotone from midplane to GB; center topology fails before requested loss
Ro80_q0.55_L24W_r1.00_th165_k0.25,center profile is not monotone from midplane to GB; center topology fails before requested loss
Ro80_q0.55_L24W_r1.00_th165_k0.50,center profile is not monotone from midplane to GB; center topology fails before requested loss
Ro80_q0.55_L24W_r1.00_th165_k0.75,center profile is not monotone from midplane to GB; center topology fails before requested loss
Ro80_q0.55_L24W_r1.00_th170_k0.00,center profile is not monotone from midplane to GB; center topology fails before requested loss
Ro80_q0.55_L24W_r1.00_th170_k0.25,center profile is not monotone from midplane to GB; center topology fails before requested loss
Ro80_q0.55_L24W_r1.00_th170_k0.50,center profile is not monotone from midplane to GB
Ro80_q0.55_L24W_r1.00_th170_k0.75,center profile is not monotone from midplane to GB
Ro80_q0.55_L24W_r1.20_th120_k0.00,negative center squared radius; center profile is not monotone from midplane to GB; center topology fails before requested loss
Ro80_q0.55_L24W_r1.20_th120_k0.25,negative center squared radius; center profile is not monotone from midplane to GB; center topology fails before requested loss
Ro80_q0.55_L24W_r1.20_th120_k0.50,negative center squared radius; center profile is not monotone from midplane to GB; center topology fails before requested loss
Ro80_q0.55_L24W_r1.20_th120_k0.75,negative center squared radius; center profile is not monotone from midplane to GB; center topology fails before requested loss
Ro80_q0.55_L24W_r1.20_th135_k0.00,negative center squared radius; center profile is not monotone from midplane to GB; center topology fails before requested loss
Ro80_q0.55_L24W_r1.20_th135_k0.25,negative center squared radius; center profile is not monotone from midplane to GB; center topology fails before requested loss
Ro80_q0.55_L24W_r1.20_th135_k0.50,negative center squared radius; center profile is not monotone from midplane to GB; center topology fails before requested loss
Ro80_q0.55_L24W_r1.20_th135_k0.75,negative center squared radius; center profile is not monotone from midplane to GB; center topology fails before requested loss
Ro80_q0.55_L24W_r1.20_th150_k0.00,negative center squared radius; center profile is not monotone from midplane to GB; center topology fails before requested loss
Ro80_q0.55_L24W_r1.20_th150_k0.25,negative center squared radius; center profile is not monotone from midplane to GB; center topology fails before requested loss
Ro80_q0.55_L24W_r1.20_th150_k0.50,negative center squared radius; center profile is not monotone from midplane to GB; center topology fails before requested loss
Ro80_q0.55_L24W_r1.20_th150_k0.75,negative center squared radius; center profile is not monotone from midplane to GB; center topology fails before requested loss
Ro80_q0.55_L24W_r1.20_th165_k0.00,negative center squared radius; center profile is not monotone from midplane to GB; center topology fails before requested loss
Ro80_q0.55_L24W_r1.20_th165_k0.25,negative center squared radius; center profile is not monotone from midplane to GB; center topology fails before requested loss
Ro80_q0.55_L24W_r1.20_th165_k0.50,negative center squared radius; center profile is not monotone from midplane to GB; center topology fails before requested loss
Ro80_q0.55_L24W_r1.20_th165_k0.75,negative center squared radius; center profile is not monotone from midplane to GB; center topology fails before requested loss
Ro80_q0.55_L24W_r1.20_th170_k0.00,negative center squared radius; center profile is not monotone from midplane to GB; center topology fails before requested loss
Ro80_q0.55_L24W_r1.20_th170_k0.25,negative center squared radius; center profile is not monotone from midplane to GB; center topology fails before requested loss
Ro80_q0.55_L24W_r1.20_th170_k0.50,negative center squared radius; center profile is not monotone from midplane to GB; center topology fails before requested loss
Ro80_q0.55_L24W_r1.20_th170_k0.75,negative center squared radius; center profile is not monotone from midplane to GB; center topology fails before requested loss
Ro80_q0.55_L24W_r1.40_th120_k0.00,negative center squared radius; center profile is not monotone from midplane to GB; center topology fails before requested loss
Ro80_q0.55_L24W_r1.40_th120_k0.25,negative center squared radius; center profile is not monotone from midplane to GB; center topology fails before requested loss
Ro80_q0.55_L24W_r1.40_th120_k0.50,negative center squared radius; center profile is not monotone from midplane to GB; center topology fails before requested loss
Ro80_q0.55_L24W_r1.40_th120_k0.75,negative center squared radius; center profile is not monotone from midplane to GB; center topology fails before requested loss
Ro80_q0.55_L24W_r1.40_th135_k0.00,negative center squared radius; center profile is not monotone from midplane to GB; center topology fails before requested loss
Ro80_q0.55_L24W_r1.40_th135_k0.25,negative center squared radius; center profile is not monotone from midplane to GB; center topology fails before requested loss
Ro80_q0.55_L24W_r1.40_th135_k0.50,negative center squared radius; center profile is not monotone from midplane to GB; center topology fails before requested loss
Ro80_q0.55_L24W_r1.40_th135_k0.75,negative center squared radius; center profile is not monotone from midplane to GB; center topology fails before requested loss
Ro80_q0.55_L24W_r1.40_th150_k0.00,negative center squared radius; center profile is not monotone from midplane to GB; center topology fails before requested loss
Ro80_q0.55_L24W_r1.40_th150_k0.25,negative center squared radius; center profile is not monotone from midplane to GB; center topology fails before requested loss
Ro80_q0.55_L24W_r1.40_th150_k0.50,negative center squared radius; center profile is not monotone from midplane to GB; center topology fails before requested loss
Ro80_q0.55_L24W_r1.40_th150_k0.75,negative center squared radius; center profile is not monotone from midplane to GB; center topology fails before requested loss
Ro80_q0.55_L24W_r1.40_th165_k0.00,negative center squared radius; center profile is not monotone from midplane to GB; center topology fails before requested loss
Ro80_q0.55_L24W_r1.40_th165_k0.25,negative center squared radius; center profile is not monotone from midplane to GB; center topology fails before requested loss
Ro80_q0.55_L24W_r1.40_th165_k0.50,negative center squared radius; center profile is not monotone from midplane to GB; center topology fails before requested loss
Ro80_q0.55_L24W_r1.40_th165_k0.75,negative center squared radius; center profile is not monotone from midplane to GB; center topology fails before requested loss
Ro80_q0.55_L24W_r1.40_th170_k0.00,negative center squared radius; center profile is not monotone from midplane to GB; center topology fails before requested loss
Ro80_q0.55_L24W_r1.40_th170_k0.25,negative center squared radius; center profile is not monotone from midplane to GB; center topology fails before requested loss
Ro80_q0.55_L24W_r1.40_th170_k0.50,negative center squared radius; center profile is not monotone from midplane to GB; center topology fails before requested loss
Ro80_q0.55_L24W_r1.40_th170_k0.75,negative center squared radius; center profile is not monotone from midplane to GB; center topology fails before requested loss
Ro80_q0.55_L24W_r1.60_th120_k0.00,negative center squared radius; center profile is not monotone from midplane to GB; center topology fails before requested loss
Ro80_q0.55_L24W_r1.60_th120_k0.25,negative center squared radius; center profile is not monotone from midplane to GB; center topology fails before requested loss
Ro80_q0.55_L24W_r1.60_th120_k0.50,negative center squared radius; center profile is not monotone from midplane to GB; center topology fails before requested loss
Ro80_q0.55_L24W_r1.60_th120_k0.75,negative center squared radius; center profile is not monotone from midplane to GB; center topology fails before requested loss
Ro80_q0.55_L24W_r1.60_th135_k0.00,negative center squared radius; center profile is not monotone from midplane to GB; center topology fails before requested loss
Ro80_q0.55_L24W_r1.60_th135_k0.25,negative center squared radius; center profile is not monotone from midplane to GB; center topology fails before requested loss
Ro80_q0.55_L24W_r1.60_th135_k0.50,negative center squared radius; center profile is not monotone from midplane to GB; center topology fails before requested loss
Ro80_q0.55_L24W_r1.60_th135_k0.75,negative center squared radius; center profile is not monotone from midplane to GB; center topology fails before requested loss
Ro80_q0.55_L24W_r1.60_th150_k0.00,negative center squared radius; center profile is not monotone from midplane to GB; center topology fails before requested loss
Ro80_q0.55_L24W_r1.60_th150_k0.25,negative center squared radius; center profile is not monotone from midplane to GB; center topology fails before requested loss
Ro80_q0.55_L24W_r1.60_th150_k0.50,negative center squared radius; center profile is not monotone from midplane to GB; center topology fails before requested loss
Ro80_q0.55_L24W_r1.60_th150_k0.75,negative center squared radius; center profile is not monotone from midplane to GB; center topology fails before requested loss
Ro80_q0.55_L24W_r1.60_th165_k0.00,negative center squared radius; center profile is not monotone from midplane to GB; center topology fails before requested loss
Ro80_q0.55_L24W_r1.60_th165_k0.25,negative center squared radius; center profile is not monotone from midplane to GB; center topology fails before requested loss
Ro80_q0.55_L24W_r1.60_th165_k0.50,negative center squared radius; center profile is not monotone from midplane to GB; center topology fails before requested loss
Ro80_q0.55_L24W_r1.60_th165_k0.75,negative center squared radius; center profile is not monotone from midplane to GB; center topology fails before requested loss
Ro80_q0.55_L24W_r1.60_th170_k0.00,negative center squared radius; center profile is not monotone from midplane to GB; center topology fails before requested loss
Ro80_q0.55_L24W_r1.60_th170_k0.25,negative center squared radius; center profile is not monotone from midplane to GB; center topology fails before requested loss
Ro80_q0.55_L24W_r1.60_th170_k0.50,negative center squared radius; center profile is not monotone from midplane to GB; center topology fails before requested loss
Ro80_q0.55_L24W_r1.60_th170_k0.75,negative center squared radius; center profile is not monotone from midplane to GB; center topology fails before requested loss; outer profile has multiple radial extrema
Ro80_q0.65_L8W_r0.60_th120_k0.00,contact radius has reached topology loss
Ro80_q0.65_L8W_r0.60_th120_k0.25,contact radius has reached topology loss
Ro80_q0.65_L8W_r0.60_th120_k0.50,contact radius has reached topology loss
Ro80_q0.65_L8W_r0.60_th120_k0.75,contact radius has reached topology loss
Ro80_q0.65_L8W_r0.60_th135_k0.00,contact radius has reached topology loss
Ro80_q0.65_L8W_r0.60_th135_k0.25,contact radius has reached topology loss
Ro80_q0.65_L8W_r0.60_th135_k0.50,contact radius has reached topology loss
Ro80_q0.65_L8W_r0.60_th135_k0.75,contact radius has reached topology loss
Ro80_q0.65_L8W_r0.60_th150_k0.00,contact radius has reached topology loss
Ro80_q0.65_L8W_r0.60_th150_k0.25,contact radius has reached topology loss
Ro80_q0.65_L8W_r0.60_th150_k0.50,contact radius has reached topology loss
Ro80_q0.65_L8W_r0.60_th150_k0.75,contact radius has reached topology loss
Ro80_q0.65_L8W_r0.60_th165_k0.00,contact radius has reached topology loss
Ro80_q0.65_L8W_r0.60_th165_k0.25,contact radius has reached topology loss
Ro80_q0.65_L8W_r0.60_th165_k0.50,contact radius has reached topology loss
Ro80_q0.65_L8W_r0.60_th165_k0.75,contact radius has reached topology loss
Ro80_q0.65_L8W_r0.60_th170_k0.00,contact radius has reached topology loss
Ro80_q0.65_L8W_r0.60_th170_k0.25,contact radius has reached topology loss
Ro80_q0.65_L8W_r0.60_th170_k0.50,contact radius has reached topology loss
Ro80_q0.65_L8W_r0.60_th170_k0.75,contact radius has reached topology loss
Ro80_q0.65_L8W_r0.80_th120_k0.00,TJ radius below 6W
Ro80_q0.65_L8W_r0.80_th120_k0.25,TJ radius below 6W
Ro80_q0.65_L8W_r0.80_th120_k0.50,TJ radius below 6W
Ro80_q0.65_L8W_r0.80_th120_k0.75,TJ radius below 6W
Ro80_q0.65_L8W_r0.80_th135_k0.00,TJ radius below 6W
Ro80_q0.65_L8W_r0.80_th135_k0.25,TJ radius below 6W
Ro80_q0.65_L8W_r0.80_th135_k0.50,TJ radius below 6W
Ro80_q0.65_L8W_r0.80_th135_k0.75,TJ radius below 6W
Ro80_q0.65_L8W_r0.80_th150_k0.00,TJ radius below 6W
Ro80_q0.65_L8W_r0.80_th150_k0.25,TJ radius below 6W
Ro80_q0.65_L8W_r0.80_th150_k0.50,TJ radius below 6W
Ro80_q0.65_L8W_r0.80_th150_k0.75,TJ radius below 6W
Ro80_q0.65_L8W_r0.80_th165_k0.00,TJ radius below 6W
Ro80_q0.65_L8W_r0.80_th165_k0.25,TJ radius below 6W
Ro80_q0.65_L8W_r0.80_th165_k0.50,TJ radius below 6W
Ro80_q0.65_L8W_r0.80_th165_k0.75,TJ radius below 6W
Ro80_q0.65_L8W_r0.80_th170_k0.00,TJ radius below 6W
Ro80_q0.65_L8W_r0.80_th170_k0.25,TJ radius below 6W
Ro80_q0.65_L8W_r0.80_th170_k0.50,TJ radius below 6W
Ro80_q0.65_L8W_r0.80_th170_k0.75,TJ radius below 6W
Ro80_q0.65_L8W_r1.60_th120_k0.00,center profile is not monotone from midplane to GB; outer profile has multiple radial extrema
Ro80_q0.65_L8W_r1.60_th120_k0.25,center profile is not monotone from midplane to GB; outer profile has multiple radial extrema
Ro80_q0.65_L8W_r1.60_th120_k0.50,center profile is not monotone from midplane to GB; outer profile has multiple radial extrema
Ro80_q0.65_L8W_r1.60_th120_k0.75,center profile is not monotone from midplane to GB; outer profile has multiple radial extrema
Ro80_q0.65_L8W_r1.60_th135_k0.00,center profile is not monotone from midplane to GB; outer profile has multiple radial extrema
Ro80_q0.65_L8W_r1.60_th135_k0.25,center profile is not monotone from midplane to GB; outer profile has multiple radial extrema
Ro80_q0.65_L8W_r1.60_th135_k0.50,center profile is not monotone from midplane to GB
Ro80_q0.65_L8W_r1.60_th135_k0.75,center profile is not monotone from midplane to GB
Ro80_q0.65_L8W_r1.60_th150_k0.00,center profile is not monotone from midplane to GB
Ro80_q0.65_L8W_r1.60_th150_k0.25,center profile is not monotone from midplane to GB
Ro80_q0.65_L8W_r1.60_th150_k0.50,center profile is not monotone from midplane to GB
Ro80_q0.65_L8W_r1.60_th150_k0.75,center profile is not monotone from midplane to GB
Ro80_q0.65_L8W_r1.60_th165_k0.00,center profile is not monotone from midplane to GB
Ro80_q0.65_L8W_r1.60_th165_k0.25,center profile is not monotone from midplane to GB
Ro80_q0.65_L8W_r1.60_th165_k0.50,center profile is not monotone from midplane to GB
Ro80_q0.65_L8W_r1.60_th165_k0.75,center profile is not monotone from midplane to GB
Ro80_q0.65_L8W_r1.60_th170_k0.00,center profile is not monotone from midplane to GB
Ro80_q0.65_L8W_r1.60_th170_k0.25,center profile is not monotone from midplane to GB
Ro80_q0.65_L8W_r1.60_th170_k0.50,center profile is not monotone from midplane to GB
Ro80_q0.65_L8W_r1.60_th170_k0.75,center profile is not monotone from midplane to GB
Ro80_q0.65_L10W_r0.60_th120_k0.00,TJ radius below 6W
Ro80_q0.65_L10W_r0.60_th120_k0.25,TJ radius below 6W
Ro80_q0.65_L10W_r0.60_th120_k0.50,TJ radius below 6W
Ro80_q0.65_L10W_r0.60_th120_k0.75,TJ radius below 6W
Ro80_q0.65_L10W_r0.60_th135_k0.00,TJ radius below 6W
Ro80_q0.65_L10W_r0.60_th135_k0.25,TJ radius below 6W
Ro80_q0.65_L10W_r0.60_th135_k0.50,TJ radius below 6W
Ro80_q0.65_L10W_r0.60_th135_k0.75,TJ radius below 6W
Ro80_q0.65_L10W_r0.60_th150_k0.00,TJ radius below 6W
Ro80_q0.65_L10W_r0.60_th150_k0.25,TJ radius below 6W
Ro80_q0.65_L10W_r0.60_th150_k0.50,TJ radius below 6W
Ro80_q0.65_L10W_r0.60_th150_k0.75,TJ radius below 6W
Ro80_q0.65_L10W_r0.60_th165_k0.00,TJ radius below 6W
Ro80_q0.65_L10W_r0.60_th165_k0.25,TJ radius below 6W
Ro80_q0.65_L10W_r0.60_th165_k0.50,TJ radius below 6W
Ro80_q0.65_L10W_r0.60_th165_k0.75,TJ radius below 6W
Ro80_q0.65_L10W_r0.60_th170_k0.00,TJ radius below 6W
Ro80_q0.65_L10W_r0.60_th170_k0.25,TJ radius below 6W
Ro80_q0.65_L10W_r0.60_th170_k0.50,TJ radius below 6W
Ro80_q0.65_L10W_r0.60_th170_k0.75,TJ radius below 6W
Ro80_q0.65_L10W_r1.40_th120_k0.00,center profile is not monotone from midplane to GB
Ro80_q0.65_L10W_r1.40_th120_k0.25,center profile is not monotone from midplane to GB
Ro80_q0.65_L10W_r1.40_th120_k0.50,center profile is not monotone from midplane to GB
Ro80_q0.65_L10W_r1.40_th120_k0.75,center profile is not monotone from midplane to GB
Ro80_q0.65_L10W_r1.40_th135_k0.00,center profile is not monotone from midplane to GB
Ro80_q0.65_L10W_r1.40_th135_k0.25,center profile is not monotone from midplane to GB
Ro80_q0.65_L10W_r1.40_th135_k0.50,center profile is not monotone from midplane to GB
Ro80_q0.65_L10W_r1.40_th135_k0.75,center profile is not monotone from midplane to GB
Ro80_q0.65_L10W_r1.40_th150_k0.00,center profile is not monotone from midplane to GB
Ro80_q0.65_L10W_r1.40_th150_k0.25,center profile is not monotone from midplane to GB
Ro80_q0.65_L10W_r1.40_th150_k0.50,center profile is not monotone from midplane to GB
Ro80_q0.65_L10W_r1.40_th150_k0.75,center profile is not monotone from midplane to GB
Ro80_q0.65_L10W_r1.40_th165_k0.00,center profile is not monotone from midplane to GB
Ro80_q0.65_L10W_r1.40_th165_k0.25,center profile is not monotone from midplane to GB
Ro80_q0.65_L10W_r1.40_th165_k0.50,center profile is not monotone from midplane to GB
Ro80_q0.65_L10W_r1.40_th165_k0.75,center profile is not monotone from midplane to GB
Ro80_q0.65_L10W_r1.40_th170_k0.00,center profile is not monotone from midplane to GB
Ro80_q0.65_L10W_r1.40_th170_k0.25,center profile is not monotone from midplane to GB
Ro80_q0.65_L10W_r1.40_th170_k0.50,center profile is not monotone from midplane to GB
Ro80_q0.65_L10W_r1.40_th170_k0.75,center profile is not monotone from midplane to GB
Ro80_q0.65_L10W_r1.60_th120_k0.00,center profile is not monotone from midplane to GB; outer profile has multiple radial extrema
Ro80_q0.65_L10W_r1.60_th120_k0.25,center profile is not monotone from midplane to GB; outer profile has multiple radial extrema
Ro80_q0.65_L10W_r1.60_th120_k0.50,center profile is not monotone from midplane to GB; outer profile has multiple radial extrema
Ro80_q0.65_L10W_r1.60_th120_k0.75,center profile is not monotone from midplane to GB; outer profile has multiple radial extrema
Ro80_q0.65_L10W_r1.60_th135_k0.00,center profile is not monotone from midplane to GB; outer profile has multiple radial extrema
Ro80_q0.65_L10W_r1.60_th135_k0.25,center profile is not monotone from midplane to GB; outer profile has multiple radial extrema
Ro80_q0.65_L10W_r1.60_th135_k0.50,center profile is not monotone from midplane to GB
Ro80_q0.65_L10W_r1.60_th135_k0.75,center profile is not monotone from midplane to GB
Ro80_q0.65_L10W_r1.60_th150_k0.00,center profile is not monotone from midplane to GB
Ro80_q0.65_L10W_r1.60_th150_k0.25,center profile is not monotone from midplane to GB
Ro80_q0.65_L10W_r1.60_th150_k0.50,center profile is not monotone from midplane to GB
Ro80_q0.65_L10W_r1.60_th150_k0.75,center profile is not monotone from midplane to GB
Ro80_q0.65_L10W_r1.60_th165_k0.00,center profile is not monotone from midplane to GB
Ro80_q0.65_L10W_r1.60_th165_k0.25,center profile is not monotone from midplane to GB
Ro80_q0.65_L10W_r1.60_th165_k0.50,center profile is not monotone from midplane to GB
Ro80_q0.65_L10W_r1.60_th165_k0.75,center profile is not monotone from midplane to GB
Ro80_q0.65_L10W_r1.60_th170_k0.00,center profile is not monotone from midplane to GB
Ro80_q0.65_L10W_r1.60_th170_k0.25,center profile is not monotone from midplane to GB
Ro80_q0.65_L10W_r1.60_th170_k0.50,center profile is not monotone from midplane to GB
Ro80_q0.65_L10W_r1.60_th170_k0.75,center profile is not monotone from midplane to GB
Ro80_q0.65_L12W_r0.60_th120_k0.00,TJ radius below 6W
Ro80_q0.65_L12W_r0.60_th120_k0.25,TJ radius below 6W
Ro80_q0.65_L12W_r0.60_th120_k0.50,TJ radius below 6W
Ro80_q0.65_L12W_r0.60_th120_k0.75,TJ radius below 6W
Ro80_q0.65_L12W_r0.60_th135_k0.00,TJ radius below 6W
Ro80_q0.65_L12W_r0.60_th135_k0.25,TJ radius below 6W
Ro80_q0.65_L12W_r0.60_th135_k0.50,TJ radius below 6W
Ro80_q0.65_L12W_r0.60_th135_k0.75,TJ radius below 6W
Ro80_q0.65_L12W_r0.60_th150_k0.00,TJ radius below 6W
Ro80_q0.65_L12W_r0.60_th150_k0.25,TJ radius below 6W
Ro80_q0.65_L12W_r0.60_th150_k0.50,TJ radius below 6W
Ro80_q0.65_L12W_r0.60_th150_k0.75,TJ radius below 6W
Ro80_q0.65_L12W_r0.60_th165_k0.00,TJ radius below 6W
Ro80_q0.65_L12W_r0.60_th165_k0.25,TJ radius below 6W
Ro80_q0.65_L12W_r0.60_th165_k0.50,TJ radius below 6W
Ro80_q0.65_L12W_r0.60_th165_k0.75,TJ radius below 6W
Ro80_q0.65_L12W_r0.60_th170_k0.00,TJ radius below 6W
Ro80_q0.65_L12W_r0.60_th170_k0.25,TJ radius below 6W
Ro80_q0.65_L12W_r0.60_th170_k0.50,TJ radius below 6W
Ro80_q0.65_L12W_r0.60_th170_k0.75,TJ radius below 6W
Ro80_q0.65_L12W_r1.20_th120_k0.00,center profile is not monotone from midplane to GB
Ro80_q0.65_L12W_r1.20_th120_k0.25,center profile is not monotone from midplane to GB
Ro80_q0.65_L12W_r1.20_th120_k0.50,center profile is not monotone from midplane to GB
Ro80_q0.65_L12W_r1.20_th120_k0.75,center profile is not monotone from midplane to GB
Ro80_q0.65_L12W_r1.20_th135_k0.00,center profile is not monotone from midplane to GB
Ro80_q0.65_L12W_r1.20_th135_k0.25,center profile is not monotone from midplane to GB
Ro80_q0.65_L12W_r1.20_th135_k0.50,center profile is not monotone from midplane to GB
Ro80_q0.65_L12W_r1.20_th135_k0.75,center profile is not monotone from midplane to GB
Ro80_q0.65_L12W_r1.20_th150_k0.00,center profile is not monotone from midplane to GB
Ro80_q0.65_L12W_r1.20_th150_k0.25,center profile is not monotone from midplane to GB
Ro80_q0.65_L12W_r1.20_th150_k0.50,center profile is not monotone from midplane to GB
Ro80_q0.65_L12W_r1.20_th150_k0.75,center profile is not monotone from midplane to GB
Ro80_q0.65_L12W_r1.20_th165_k0.00,center profile is not monotone from midplane to GB
Ro80_q0.65_L12W_r1.20_th165_k0.25,center profile is not monotone from midplane to GB
Ro80_q0.65_L12W_r1.20_th165_k0.50,center profile is not monotone from midplane to GB
Ro80_q0.65_L12W_r1.20_th165_k0.75,center profile is not monotone from midplane to GB
Ro80_q0.65_L12W_r1.20_th170_k0.00,center profile is not monotone from midplane to GB
Ro80_q0.65_L12W_r1.20_th170_k0.25,center profile is not monotone from midplane to GB
Ro80_q0.65_L12W_r1.20_th170_k0.50,center profile is not monotone from midplane to GB
Ro80_q0.65_L12W_r1.20_th170_k0.75,center profile is not monotone from midplane to GB
Ro80_q0.65_L12W_r1.40_th120_k0.00,center profile is not monotone from midplane to GB
Ro80_q0.65_L12W_r1.40_th120_k0.25,center profile is not monotone from midplane to GB
Ro80_q0.65_L12W_r1.40_th120_k0.50,center profile is not monotone from midplane to GB
Ro80_q0.65_L12W_r1.40_th120_k0.75,center profile is not monotone from midplane to GB
Ro80_q0.65_L12W_r1.40_th135_k0.00,center profile is not monotone from midplane to GB
Ro80_q0.65_L12W_r1.40_th135_k0.25,center profile is not monotone from midplane to GB
Ro80_q0.65_L12W_r1.40_th135_k0.50,center profile is not monotone from midplane to GB
Ro80_q0.65_L12W_r1.40_th135_k0.75,center profile is not monotone from midplane to GB
Ro80_q0.65_L12W_r1.40_th150_k0.00,center profile is not monotone from midplane to GB
Ro80_q0.65_L12W_r1.40_th150_k0.25,center profile is not monotone from midplane to GB
Ro80_q0.65_L12W_r1.40_th150_k0.50,center profile is not monotone from midplane to GB
Ro80_q0.65_L12W_r1.40_th150_k0.75,center profile is not monotone from midplane to GB
Ro80_q0.65_L12W_r1.40_th165_k0.00,center profile is not monotone from midplane to GB
Ro80_q0.65_L12W_r1.40_th165_k0.25,center profile is not monotone from midplane to GB
Ro80_q0.65_L12W_r1.40_th165_k0.50,center profile is not monotone from midplane to GB
Ro80_q0.65_L12W_r1.40_th165_k0.75,center profile is not monotone from midplane to GB
Ro80_q0.65_L12W_r1.40_th170_k0.00,center profile is not monotone from midplane to GB
Ro80_q0.65_L12W_r1.40_th170_k0.25,center profile is not monotone from midplane to GB
Ro80_q0.65_L12W_r1.40_th170_k0.50,center profile is not monotone from midplane to GB
Ro80_q0.65_L12W_r1.40_th170_k0.75,center profile is not monotone from midplane to GB
Ro80_q0.65_L12W_r1.60_th120_k0.00,negative center squared radius; center profile is not monotone from midplane to GB; center topology fails before requested loss; outer profile has multiple radial extrema
Ro80_q0.65_L12W_r1.60_th120_k0.25,negative center squared radius; center profile is not monotone from midplane to GB; center topology fails before requested loss; outer profile has multiple radial extrema
Ro80_q0.65_L12W_r1.60_th120_k0.50,negative center squared radius; center profile is not monotone from midplane to GB; center topology fails before requested loss; outer profile has multiple radial extrema
Ro80_q0.65_L12W_r1.60_th120_k0.75,negative center squared radius; center profile is not monotone from midplane to GB; center topology fails before requested loss; outer profile has multiple radial extrema
Ro80_q0.65_L12W_r1.60_th135_k0.00,negative center squared radius; center profile is not monotone from midplane to GB; center topology fails before requested loss; outer profile has multiple radial extrema
Ro80_q0.65_L12W_r1.60_th135_k0.25,negative center squared radius; center profile is not monotone from midplane to GB; center topology fails before requested loss; outer profile has multiple radial extrema
Ro80_q0.65_L12W_r1.60_th135_k0.50,negative center squared radius; center profile is not monotone from midplane to GB; center topology fails before requested loss
Ro80_q0.65_L12W_r1.60_th135_k0.75,negative center squared radius; center profile is not monotone from midplane to GB; center topology fails before requested loss
Ro80_q0.65_L12W_r1.60_th150_k0.00,center profile is not monotone from midplane to GB; center topology fails before requested loss
Ro80_q0.65_L12W_r1.60_th150_k0.25,center profile is not monotone from midplane to GB; center topology fails before requested loss
Ro80_q0.65_L12W_r1.60_th150_k0.50,center profile is not monotone from midplane to GB; center topology fails before requested loss
Ro80_q0.65_L12W_r1.60_th150_k0.75,center profile is not monotone from midplane to GB; center topology fails before requested loss
Ro80_q0.65_L12W_r1.60_th165_k0.00,center profile is not monotone from midplane to GB; center topology fails before requested loss
Ro80_q0.65_L12W_r1.60_th165_k0.25,center profile is not monotone from midplane to GB; center topology fails before requested loss
Ro80_q0.65_L12W_r1.60_th165_k0.50,center profile is not monotone from midplane to GB; center topology fails before requested loss
Ro80_q0.65_L12W_r1.60_th165_k0.75,center profile is not monotone from midplane to GB; center topology fails before requested loss
Ro80_q0.65_L12W_r1.60_th170_k0.00,center profile is not monotone from midplane to GB; center topology fails before requested loss
Ro80_q0.65_L12W_r1.60_th170_k0.25,center profile is not monotone from midplane to GB; center topology fails before requested loss
Ro80_q0.65_L12W_r1.60_th170_k0.50,center profile is not monotone from midplane to GB; center topology fails before requested loss
Ro80_q0.65_L12W_r1.60_th170_k0.75,center profile is not monotone from midplane to GB; center topology fails before requested loss
Ro80_q0.65_L16W_r0.60_th120_k0.00,TJ radius below 6W
Ro80_q0.65_L16W_r0.60_th120_k0.25,TJ radius below 6W
Ro80_q0.65_L16W_r0.60_th120_k0.50,TJ radius below 6W
Ro80_q0.65_L16W_r0.60_th120_k0.75,TJ radius below 6W
Ro80_q0.65_L16W_r0.60_th135_k0.00,TJ radius below 6W
Ro80_q0.65_L16W_r0.60_th135_k0.25,TJ radius below 6W
Ro80_q0.65_L16W_r0.60_th135_k0.50,TJ radius below 6W
Ro80_q0.65_L16W_r0.60_th135_k0.75,TJ radius below 6W
Ro80_q0.65_L16W_r0.60_th150_k0.00,TJ radius below 6W
Ro80_q0.65_L16W_r0.60_th150_k0.25,TJ radius below 6W
Ro80_q0.65_L16W_r0.60_th150_k0.50,TJ radius below 6W
Ro80_q0.65_L16W_r0.60_th150_k0.75,TJ radius below 6W
Ro80_q0.65_L16W_r0.60_th165_k0.00,TJ radius below 6W
Ro80_q0.65_L16W_r0.60_th165_k0.25,TJ radius below 6W
Ro80_q0.65_L16W_r0.60_th165_k0.50,TJ radius below 6W
Ro80_q0.65_L16W_r0.60_th165_k0.75,TJ radius below 6W
Ro80_q0.65_L16W_r0.60_th170_k0.00,TJ radius below 6W
Ro80_q0.65_L16W_r0.60_th170_k0.25,TJ radius below 6W
Ro80_q0.65_L16W_r0.60_th170_k0.50,TJ radius below 6W
Ro80_q0.65_L16W_r0.60_th170_k0.75,TJ radius below 6W
Ro80_q0.65_L16W_r1.00_th120_k0.00,center profile is not monotone from midplane to GB
Ro80_q0.65_L16W_r1.00_th120_k0.25,center profile is not monotone from midplane to GB
Ro80_q0.65_L16W_r1.00_th120_k0.50,center profile is not monotone from midplane to GB
Ro80_q0.65_L16W_r1.00_th120_k0.75,center profile is not monotone from midplane to GB
Ro80_q0.65_L16W_r1.00_th135_k0.00,center profile is not monotone from midplane to GB
Ro80_q0.65_L16W_r1.00_th135_k0.25,center profile is not monotone from midplane to GB
Ro80_q0.65_L16W_r1.00_th135_k0.50,center profile is not monotone from midplane to GB
Ro80_q0.65_L16W_r1.00_th135_k0.75,center profile is not monotone from midplane to GB
Ro80_q0.65_L16W_r1.00_th150_k0.00,center profile is not monotone from midplane to GB
Ro80_q0.65_L16W_r1.00_th150_k0.25,center profile is not monotone from midplane to GB
Ro80_q0.65_L16W_r1.00_th150_k0.50,center profile is not monotone from midplane to GB
Ro80_q0.65_L16W_r1.20_th120_k0.00,center profile is not monotone from midplane to GB
Ro80_q0.65_L16W_r1.20_th120_k0.25,center profile is not monotone from midplane to GB
Ro80_q0.65_L16W_r1.20_th120_k0.50,center profile is not monotone from midplane to GB
Ro80_q0.65_L16W_r1.20_th120_k0.75,center profile is not monotone from midplane to GB
Ro80_q0.65_L16W_r1.20_th135_k0.00,center profile is not monotone from midplane to GB
Ro80_q0.65_L16W_r1.20_th135_k0.25,center profile is not monotone from midplane to GB
Ro80_q0.65_L16W_r1.20_th135_k0.50,center profile is not monotone from midplane to GB
Ro80_q0.65_L16W_r1.20_th135_k0.75,center profile is not monotone from midplane to GB
Ro80_q0.65_L16W_r1.20_th150_k0.00,center profile is not monotone from midplane to GB
Ro80_q0.65_L16W_r1.20_th150_k0.25,center profile is not monotone from midplane to GB
Ro80_q0.65_L16W_r1.20_th150_k0.50,center profile is not monotone from midplane to GB
Ro80_q0.65_L16W_r1.20_th150_k0.75,center profile is not monotone from midplane to GB
Ro80_q0.65_L16W_r1.20_th165_k0.00,center profile is not monotone from midplane to GB
Ro80_q0.65_L16W_r1.20_th165_k0.25,center profile is not monotone from midplane to GB
Ro80_q0.65_L16W_r1.20_th165_k0.50,center profile is not monotone from midplane to GB
Ro80_q0.65_L16W_r1.20_th165_k0.75,center profile is not monotone from midplane to GB
Ro80_q0.65_L16W_r1.20_th170_k0.00,center profile is not monotone from midplane to GB
Ro80_q0.65_L16W_r1.20_th170_k0.25,center profile is not monotone from midplane to GB
Ro80_q0.65_L16W_r1.20_th170_k0.50,center profile is not monotone from midplane to GB
Ro80_q0.65_L16W_r1.20_th170_k0.75,center profile is not monotone from midplane to GB
Ro80_q0.65_L16W_r1.40_th120_k0.00,negative center squared radius; center profile is not monotone from midplane to GB; center topology fails before requested loss
Ro80_q0.65_L16W_r1.40_th120_k0.25,negative center squared radius; center profile is not monotone from midplane to GB; center topology fails before requested loss
Ro80_q0.65_L16W_r1.40_th120_k0.50,negative center squared radius; center profile is not monotone from midplane to GB; center topology fails before requested loss
Ro80_q0.65_L16W_r1.40_th120_k0.75,negative center squared radius; center profile is not monotone from midplane to GB; center topology fails before requested loss
Ro80_q0.65_L16W_r1.40_th135_k0.00,negative center squared radius; center profile is not monotone from midplane to GB; center topology fails before requested loss
Ro80_q0.65_L16W_r1.40_th135_k0.25,negative center squared radius; center profile is not monotone from midplane to GB; center topology fails before requested loss
Ro80_q0.65_L16W_r1.40_th135_k0.50,negative center squared radius; center profile is not monotone from midplane to GB; center topology fails before requested loss
Ro80_q0.65_L16W_r1.40_th135_k0.75,negative center squared radius; center profile is not monotone from midplane to GB; center topology fails before requested loss
Ro80_q0.65_L16W_r1.40_th150_k0.00,negative center squared radius; center profile is not monotone from midplane to GB; center topology fails before requested loss
Ro80_q0.65_L16W_r1.40_th150_k0.25,negative center squared radius; center profile is not monotone from midplane to GB; center topology fails before requested loss
Ro80_q0.65_L16W_r1.40_th150_k0.50,negative center squared radius; center profile is not monotone from midplane to GB; center topology fails before requested loss
Ro80_q0.65_L16W_r1.40_th150_k0.75,negative center squared radius; center profile is not monotone from midplane to GB; center topology fails before requested loss
Ro80_q0.65_L16W_r1.40_th165_k0.00,negative center squared radius; center profile is not monotone from midplane to GB; center topology fails before requested loss
Ro80_q0.65_L16W_r1.40_th165_k0.25,negative center squared radius; center profile is not monotone from midplane to GB; center topology fails before requested loss
Ro80_q0.65_L16W_r1.40_th165_k0.50,negative center squared radius; center profile is not monotone from midplane to GB; center topology fails before requested loss
Ro80_q0.65_L16W_r1.40_th165_k0.75,center profile is not monotone from midplane to GB; center topology fails before requested loss
Ro80_q0.65_L16W_r1.40_th170_k0.00,center profile is not monotone from midplane to GB; center topology fails before requested loss
Ro80_q0.65_L16W_r1.40_th170_k0.25,center profile is not monotone from midplane to GB; center topology fails before requested loss
Ro80_q0.65_L16W_r1.40_th170_k0.50,center profile is not monotone from midplane to GB; center topology fails before requested loss
Ro80_q0.65_L16W_r1.40_th170_k0.75,center profile is not monotone from midplane to GB; center topology fails before requested loss
Ro80_q0.65_L16W_r1.60_th120_k0.00,negative center squared radius; center profile is not monotone from midplane to GB; center topology fails before requested loss; outer profile has multiple radial extrema
Ro80_q0.65_L16W_r1.60_th120_k0.25,negative center squared radius; center profile is not monotone from midplane to GB; center topology fails before requested loss; outer profile has multiple radial extrema
Ro80_q0.65_L16W_r1.60_th120_k0.50,negative center squared radius; center profile is not monotone from midplane to GB; center topology fails before requested loss; outer profile has multiple radial extrema
Ro80_q0.65_L16W_r1.60_th120_k0.75,negative center squared radius; center profile is not monotone from midplane to GB; center topology fails before requested loss; outer profile has multiple radial extrema
Ro80_q0.65_L16W_r1.60_th135_k0.00,negative center squared radius; center profile is not monotone from midplane to GB; center topology fails before requested loss; outer profile has multiple radial extrema
Ro80_q0.65_L16W_r1.60_th135_k0.25,negative center squared radius; center profile is not monotone from midplane to GB; center topology fails before requested loss; outer profile has multiple radial extrema
Ro80_q0.65_L16W_r1.60_th135_k0.50,negative center squared radius; center profile is not monotone from midplane to GB; center topology fails before requested loss
Ro80_q0.65_L16W_r1.60_th135_k0.75,negative center squared radius; center profile is not monotone from midplane to GB; center topology fails before requested loss
Ro80_q0.65_L16W_r1.60_th150_k0.00,negative center squared radius; center profile is not monotone from midplane to GB; center topology fails before requested loss
Ro80_q0.65_L16W_r1.60_th150_k0.25,negative center squared radius; center profile is not monotone from midplane to GB; center topology fails before requested loss
Ro80_q0.65_L16W_r1.60_th150_k0.50,negative center squared radius; center profile is not monotone from midplane to GB; center topology fails before requested loss
Ro80_q0.65_L16W_r1.60_th150_k0.75,negative center squared radius; center profile is not monotone from midplane to GB; center topology fails before requested loss
Ro80_q0.65_L16W_r1.60_th165_k0.00,negative center squared radius; center profile is not monotone from midplane to GB; center topology fails before requested loss
Ro80_q0.65_L16W_r1.60_th165_k0.25,negative center squared radius; center profile is not monotone from midplane to GB; center topology fails before requested loss
Ro80_q0.65_L16W_r1.60_th165_k0.50,negative center squared radius; center profile is not monotone from midplane to GB; center topology fails before requested loss
Ro80_q0.65_L16W_r1.60_th165_k0.75,negative center squared radius; center profile is not monotone from midplane to GB; center topology fails before requested loss
Ro80_q0.65_L16W_r1.60_th170_k0.00,negative center squared radius; center profile is not monotone from midplane to GB; center topology fails before requested loss
Ro80_q0.65_L16W_r1.60_th170_k0.25,negative center squared radius; center profile is not monotone from midplane to GB; center topology fails before requested loss
Ro80_q0.65_L16W_r1.60_th170_k0.50,negative center squared radius; center profile is not monotone from midplane to GB; center topology fails before requested loss
Ro80_q0.65_L16W_r1.60_th170_k0.75,negative center squared radius; center profile is not monotone from midplane to GB; center topology fails before requested loss
Ro80_q0.65_L20W_r0.60_th120_k0.00,TJ radius below 6W
Ro80_q0.65_L20W_r0.60_th120_k0.25,TJ radius below 6W
Ro80_q0.65_L20W_r0.60_th120_k0.50,TJ radius below 6W
Ro80_q0.65_L20W_r0.60_th120_k0.75,TJ radius below 6W
Ro80_q0.65_L20W_r0.60_th135_k0.00,TJ radius below 6W
Ro80_q0.65_L20W_r0.60_th135_k0.25,TJ radius below 6W
Ro80_q0.65_L20W_r0.60_th135_k0.50,TJ radius below 6W
Ro80_q0.65_L20W_r0.60_th135_k0.75,TJ radius below 6W
Ro80_q0.65_L20W_r0.60_th150_k0.00,TJ radius below 6W
Ro80_q0.65_L20W_r0.60_th150_k0.25,TJ radius below 6W
Ro80_q0.65_L20W_r0.60_th150_k0.50,TJ radius below 6W
Ro80_q0.65_L20W_r0.60_th150_k0.75,TJ radius below 6W
Ro80_q0.65_L20W_r0.60_th165_k0.00,TJ radius below 6W
Ro80_q0.65_L20W_r0.60_th165_k0.25,TJ radius below 6W
Ro80_q0.65_L20W_r0.60_th165_k0.50,TJ radius below 6W
Ro80_q0.65_L20W_r0.60_th165_k0.75,TJ radius below 6W
Ro80_q0.65_L20W_r0.60_th170_k0.00,TJ radius below 6W
Ro80_q0.65_L20W_r0.60_th170_k0.25,TJ radius below 6W
Ro80_q0.65_L20W_r0.60_th170_k0.50,TJ radius below 6W
Ro80_q0.65_L20W_r0.60_th170_k0.75,TJ radius below 6W
Ro80_q0.65_L20W_r1.00_th120_k0.00,center profile is not monotone from midplane to GB
Ro80_q0.65_L20W_r1.00_th120_k0.25,center profile is not monotone from midplane to GB
Ro80_q0.65_L20W_r1.00_th120_k0.50,center profile is not monotone from midplane to GB
Ro80_q0.65_L20W_r1.00_th120_k0.75,center profile is not monotone from midplane to GB
Ro80_q0.65_L20W_r1.00_th135_k0.00,center profile is not monotone from midplane to GB
Ro80_q0.65_L20W_r1.00_th135_k0.25,center profile is not monotone from midplane to GB
Ro80_q0.65_L20W_r1.00_th135_k0.50,center profile is not monotone from midplane to GB
Ro80_q0.65_L20W_r1.00_th135_k0.75,center profile is not monotone from midplane to GB
Ro80_q0.65_L20W_r1.00_th150_k0.00,center profile is not monotone from midplane to GB
Ro80_q0.65_L20W_r1.00_th150_k0.25,center profile is not monotone from midplane to GB
Ro80_q0.65_L20W_r1.00_th150_k0.50,center profile is not monotone from midplane to GB
Ro80_q0.65_L20W_r1.00_th150_k0.75,center profile is not monotone from midplane to GB
Ro80_q0.65_L20W_r1.00_th165_k0.00,center profile is not monotone from midplane to GB
Ro80_q0.65_L20W_r1.00_th165_k0.25,center profile is not monotone from midplane to GB
Ro80_q0.65_L20W_r1.00_th165_k0.50,center profile is not monotone from midplane to GB
Ro80_q0.65_L20W_r1.00_th165_k0.75,center profile is not monotone from midplane to GB
Ro80_q0.65_L20W_r1.00_th170_k0.00,center profile is not monotone from midplane to GB
Ro80_q0.65_L20W_r1.00_th170_k0.25,center profile is not monotone from midplane to GB
Ro80_q0.65_L20W_r1.00_th170_k0.50,center profile is not monotone from midplane to GB
Ro80_q0.65_L20W_r1.00_th170_k0.75,center profile is not monotone from midplane to GB
Ro80_q0.65_L20W_r1.20_th120_k0.00,negative center squared radius; center profile is not monotone from midplane to GB; center topology fails before requested loss
Ro80_q0.65_L20W_r1.20_th120_k0.25,negative center squared radius; center profile is not monotone from midplane to GB; center topology fails before requested loss
Ro80_q0.65_L20W_r1.20_th120_k0.50,negative center squared radius; center profile is not monotone from midplane to GB; center topology fails before requested loss
Ro80_q0.65_L20W_r1.20_th120_k0.75,negative center squared radius; center profile is not monotone from midplane to GB; center topology fails before requested loss
Ro80_q0.65_L20W_r1.20_th135_k0.00,negative center squared radius; center profile is not monotone from midplane to GB; center topology fails before requested loss
Ro80_q0.65_L20W_r1.20_th135_k0.25,negative center squared radius; center profile is not monotone from midplane to GB; center topology fails before requested loss
Ro80_q0.65_L20W_r1.20_th135_k0.50,center profile is not monotone from midplane to GB; center topology fails before requested loss
Ro80_q0.65_L20W_r1.20_th135_k0.75,center profile is not monotone from midplane to GB; center topology fails before requested loss
Ro80_q0.65_L20W_r1.20_th150_k0.00,center profile is not monotone from midplane to GB; center topology fails before requested loss
Ro80_q0.65_L20W_r1.20_th150_k0.25,center profile is not monotone from midplane to GB; center topology fails before requested loss
Ro80_q0.65_L20W_r1.20_th150_k0.50,center profile is not monotone from midplane to GB; center topology fails before requested loss
Ro80_q0.65_L20W_r1.20_th150_k0.75,center profile is not monotone from midplane to GB; center topology fails before requested loss
Ro80_q0.65_L20W_r1.20_th165_k0.00,center profile is not monotone from midplane to GB; center topology fails before requested loss
Ro80_q0.65_L20W_r1.20_th165_k0.25,center profile is not monotone from midplane to GB; center topology fails before requested loss
Ro80_q0.65_L20W_r1.20_th165_k0.50,center profile is not monotone from midplane to GB; center topology fails before requested loss
Ro80_q0.65_L20W_r1.20_th165_k0.75,center profile is not monotone from midplane to GB; center topology fails before requested loss
Ro80_q0.65_L20W_r1.20_th170_k0.00,center profile is not monotone from midplane to GB; center topology fails before requested loss
Ro80_q0.65_L20W_r1.20_th170_k0.25,center profile is not monotone from midplane to GB; center topology fails before requested loss
Ro80_q0.65_L20W_r1.20_th170_k0.50,center profile is not monotone from midplane to GB; center topology fails before requested loss
Ro80_q0.65_L20W_r1.20_th170_k0.75,center profile is not monotone from midplane to GB; center topology fails before requested loss
Ro80_q0.65_L20W_r1.40_th120_k0.00,negative center squared radius; center profile is not monotone from midplane to GB; center topology fails before requested loss
Ro80_q0.65_L20W_r1.40_th120_k0.25,negative center squared radius; center profile is not monotone from midplane to GB; center topology fails before requested loss
Ro80_q0.65_L20W_r1.40_th120_k0.50,negative center squared radius; center profile is not monotone from midplane to GB; center topology fails before requested loss
Ro80_q0.65_L20W_r1.40_th120_k0.75,negative center squared radius; center profile is not monotone from midplane to GB; center topology fails before requested loss
Ro80_q0.65_L20W_r1.40_th135_k0.00,negative center squared radius; center profile is not monotone from midplane to GB; center topology fails before requested loss
Ro80_q0.65_L20W_r1.40_th135_k0.25,negative center squared radius; center profile is not monotone from midplane to GB; center topology fails before requested loss
Ro80_q0.65_L20W_r1.40_th135_k0.50,negative center squared radius; center profile is not monotone from midplane to GB; center topology fails before requested loss
Ro80_q0.65_L20W_r1.40_th135_k0.75,negative center squared radius; center profile is not monotone from midplane to GB; center topology fails before requested loss
Ro80_q0.65_L20W_r1.40_th150_k0.00,negative center squared radius; center profile is not monotone from midplane to GB; center topology fails before requested loss
Ro80_q0.65_L20W_r1.40_th150_k0.25,negative center squared radius; center profile is not monotone from midplane to GB; center topology fails before requested loss
Ro80_q0.65_L20W_r1.40_th150_k0.50,negative center squared radius; center profile is not monotone from midplane to GB; center topology fails before requested loss
Ro80_q0.65_L20W_r1.40_th150_k0.75,negative center squared radius; center profile is not monotone from midplane to GB; center topology fails before requested loss
Ro80_q0.65_L20W_r1.40_th165_k0.00,negative center squared radius; center profile is not monotone from midplane to GB; center topology fails before requested loss
Ro80_q0.65_L20W_r1.40_th165_k0.25,negative center squared radius; center profile is not monotone from midplane to GB; center topology fails before requested loss
Ro80_q0.65_L20W_r1.40_th165_k0.50,negative center squared radius; center profile is not monotone from midplane to GB; center topology fails before requested loss
Ro80_q0.65_L20W_r1.40_th165_k0.75,negative center squared radius; center profile is not monotone from midplane to GB; center topology fails before requested loss
Ro80_q0.65_L20W_r1.40_th170_k0.00,negative center squared radius; center profile is not monotone from midplane to GB; center topology fails before requested loss
Ro80_q0.65_L20W_r1.40_th170_k0.25,negative center squared radius; center profile is not monotone from midplane to GB; center topology fails before requested loss
Ro80_q0.65_L20W_r1.40_th170_k0.50,negative center squared radius; center profile is not monotone from midplane to GB; center topology fails before requested loss
Ro80_q0.65_L20W_r1.40_th170_k0.75,negative center squared radius; center profile is not monotone from midplane to GB; center topology fails before requested loss; outer profile has multiple radial extrema
Ro80_q0.65_L20W_r1.60_th120_k0.00,negative center squared radius; center profile is not monotone from midplane to GB; center topology fails before requested loss; outer profile has multiple radial extrema
Ro80_q0.65_L20W_r1.60_th120_k0.25,negative center squared radius; center profile is not monotone from midplane to GB; center topology fails before requested loss; outer profile has multiple radial extrema
Ro80_q0.65_L20W_r1.60_th120_k0.50,negative center squared radius; center profile is not monotone from midplane to GB; center topology fails before requested loss; outer profile has multiple radial extrema
Ro80_q0.65_L20W_r1.60_th120_k0.75,negative center squared radius; center profile is not monotone from midplane to GB; center topology fails before requested loss; outer profile has multiple radial extrema
Ro80_q0.65_L20W_r1.60_th135_k0.00,negative center squared radius; center profile is not monotone from midplane to GB; center topology fails before requested loss; outer profile has multiple radial extrema
Ro80_q0.65_L20W_r1.60_th135_k0.25,negative center squared radius; center profile is not monotone from midplane to GB; center topology fails before requested loss; outer profile has multiple radial extrema
Ro80_q0.65_L20W_r1.60_th135_k0.50,negative center squared radius; center profile is not monotone from midplane to GB; center topology fails before requested loss
Ro80_q0.65_L20W_r1.60_th135_k0.75,negative center squared radius; center profile is not monotone from midplane to GB; center topology fails before requested loss
Ro80_q0.65_L20W_r1.60_th150_k0.00,negative center squared radius; center profile is not monotone from midplane to GB; center topology fails before requested loss
Ro80_q0.65_L20W_r1.60_th150_k0.25,negative center squared radius; center profile is not monotone from midplane to GB; center topology fails before requested loss
Ro80_q0.65_L20W_r1.60_th150_k0.50,negative center squared radius; center profile is not monotone from midplane to GB; center topology fails before requested loss
Ro80_q0.65_L20W_r1.60_th150_k0.75,negative center squared radius; center profile is not monotone from midplane to GB; center topology fails before requested loss
Ro80_q0.65_L20W_r1.60_th165_k0.00,negative center squared radius; center profile is not monotone from midplane to GB; center topology fails before requested loss
Ro80_q0.65_L20W_r1.60_th165_k0.25,negative center squared radius; center profile is not monotone from midplane to GB; center topology fails before requested loss
Ro80_q0.65_L20W_r1.60_th165_k0.50,negative center squared radius; center profile is not monotone from midplane to GB; center topology fails before requested loss
Ro80_q0.65_L20W_r1.60_th165_k0.75,negative center squared radius; center profile is not monotone from midplane to GB; center topology fails before requested loss
Ro80_q0.65_L20W_r1.60_th170_k0.00,negative center squared radius; center profile is not monotone from midplane to GB; center topology fails before requested loss
Ro80_q0.65_L20W_r1.60_th170_k0.25,negative center squared radius; center profile is not monotone from midplane to GB; center topology fails before requested loss
Ro80_q0.65_L20W_r1.60_th170_k0.50,negative center squared radius; center profile is not monotone from midplane to GB; center topology fails before requested loss
Ro80_q0.65_L20W_r1.60_th170_k0.75,negative center squared radius; center profile is not monotone from midplane to GB; center topology fails before requested loss
Ro80_q0.65_L24W_r0.80_th120_k0.00,center profile is not monotone from midplane to GB
Ro80_q0.65_L24W_r0.80_th120_k0.25,center profile is not monotone from midplane to GB
Ro80_q0.65_L24W_r0.80_th120_k0.50,center profile is not monotone from midplane to GB
Ro80_q0.65_L24W_r0.80_th120_k0.75,center profile is not monotone from midplane to GB
Ro80_q0.65_L24W_r0.80_th135_k0.00,center profile is not monotone from midplane to GB
Ro80_q0.65_L24W_r0.80_th135_k0.25,center profile is not monotone from midplane to GB
Ro80_q0.65_L24W_r0.80_th135_k0.50,center profile is not monotone from midplane to GB
Ro80_q0.65_L24W_r0.80_th135_k0.75,center profile is not monotone from midplane to GB
Ro80_q0.65_L24W_r0.80_th150_k0.00,center profile is not monotone from midplane to GB
Ro80_q0.65_L24W_r0.80_th150_k0.25,center profile is not monotone from midplane to GB
Ro80_q0.65_L24W_r0.80_th150_k0.50,center profile is not monotone from midplane to GB
Ro80_q0.65_L24W_r0.80_th150_k0.75,center profile is not monotone from midplane to GB
Ro80_q0.65_L24W_r1.00_th120_k0.00,center profile is not monotone from midplane to GB; center topology fails before requested loss
Ro80_q0.65_L24W_r1.00_th120_k0.25,center profile is not monotone from midplane to GB; center topology fails before requested loss
Ro80_q0.65_L24W_r1.00_th120_k0.50,center profile is not monotone from midplane to GB; center topology fails before requested loss
Ro80_q0.65_L24W_r1.00_th120_k0.75,center profile is not monotone from midplane to GB
Ro80_q0.65_L24W_r1.00_th135_k0.00,center profile is not monotone from midplane to GB
Ro80_q0.65_L24W_r1.00_th135_k0.25,center profile is not monotone from midplane to GB
Ro80_q0.65_L24W_r1.00_th135_k0.50,center profile is not monotone from midplane to GB
Ro80_q0.65_L24W_r1.00_th135_k0.75,center profile is not monotone from midplane to GB
Ro80_q0.65_L24W_r1.00_th150_k0.00,center profile is not monotone from midplane to GB
Ro80_q0.65_L24W_r1.00_th150_k0.25,center profile is not monotone from midplane to GB
Ro80_q0.65_L24W_r1.00_th150_k0.50,center profile is not monotone from midplane to GB
Ro80_q0.65_L24W_r1.00_th150_k0.75,center profile is not monotone from midplane to GB
Ro80_q0.65_L24W_r1.00_th165_k0.00,center profile is not monotone from midplane to GB
Ro80_q0.65_L24W_r1.00_th165_k0.25,center profile is not monotone from midplane to GB
Ro80_q0.65_L24W_r1.00_th165_k0.50,center profile is not monotone from midplane to GB
Ro80_q0.65_L24W_r1.00_th165_k0.75,center profile is not monotone from midplane to GB
Ro80_q0.65_L24W_r1.00_th170_k0.00,center profile is not monotone from midplane to GB
Ro80_q0.65_L24W_r1.00_th170_k0.25,center profile is not monotone from midplane to GB
Ro80_q0.65_L24W_r1.00_th170_k0.50,center profile is not monotone from midplane to GB
Ro80_q0.65_L24W_r1.00_th170_k0.75,center profile is not monotone from midplane to GB
Ro80_q0.65_L24W_r1.20_th120_k0.00,negative center squared radius; center profile is not monotone from midplane to GB; center topology fails before requested loss
Ro80_q0.65_L24W_r1.20_th120_k0.25,negative center squared radius; center profile is not monotone from midplane to GB; center topology fails before requested loss
Ro80_q0.65_L24W_r1.20_th120_k0.50,negative center squared radius; center profile is not monotone from midplane to GB; center topology fails before requested loss
Ro80_q0.65_L24W_r1.20_th120_k0.75,negative center squared radius; center profile is not monotone from midplane to GB; center topology fails before requested loss
Ro80_q0.65_L24W_r1.20_th135_k0.00,negative center squared radius; center profile is not monotone from midplane to GB; center topology fails before requested loss
Ro80_q0.65_L24W_r1.20_th135_k0.25,negative center squared radius; center profile is not monotone from midplane to GB; center topology fails before requested loss
Ro80_q0.65_L24W_r1.20_th135_k0.50,negative center squared radius; center profile is not monotone from midplane to GB; center topology fails before requested loss
Ro80_q0.65_L24W_r1.20_th135_k0.75,negative center squared radius; center profile is not monotone from midplane to GB; center topology fails before requested loss
Ro80_q0.65_L24W_r1.20_th150_k0.00,negative center squared radius; center profile is not monotone from midplane to GB; center topology fails before requested loss
Ro80_q0.65_L24W_r1.20_th150_k0.25,negative center squared radius; center profile is not monotone from midplane to GB; center topology fails before requested loss
Ro80_q0.65_L24W_r1.20_th150_k0.50,negative center squared radius; center profile is not monotone from midplane to GB; center topology fails before requested loss
Ro80_q0.65_L24W_r1.20_th150_k0.75,negative center squared radius; center profile is not monotone from midplane to GB; center topology fails before requested loss
Ro80_q0.65_L24W_r1.20_th165_k0.00,negative center squared radius; center profile is not monotone from midplane to GB; center topology fails before requested loss
Ro80_q0.65_L24W_r1.20_th165_k0.25,negative center squared radius; center profile is not monotone from midplane to GB; center topology fails before requested loss
Ro80_q0.65_L24W_r1.20_th165_k0.50,negative center squared radius; center profile is not monotone from midplane to GB; center topology fails before requested loss
Ro80_q0.65_L24W_r1.20_th165_k0.75,negative center squared radius; center profile is not monotone from midplane to GB; center topology fails before requested loss
Ro80_q0.65_L24W_r1.20_th170_k0.00,negative center squared radius; center profile is not monotone from midplane to GB; center topology fails before requested loss
Ro80_q0.65_L24W_r1.20_th170_k0.25,negative center squared radius; center profile is not monotone from midplane to GB; center topology fails before requested loss
Ro80_q0.65_L24W_r1.20_th170_k0.50,negative center squared radius; center profile is not monotone from midplane to GB; center topology fails before requested loss
Ro80_q0.65_L24W_r1.20_th170_k0.75,negative center squared radius; center profile is not monotone from midplane to GB; center topology fails before requested loss
Ro80_q0.65_L24W_r1.40_th120_k0.00,negative center squared radius; center profile is not monotone from midplane to GB; center topology fails before requested loss
Ro80_q0.65_L24W_r1.40_th120_k0.25,negative center squared radius; center profile is not monotone from midplane to GB; center topology fails before requested loss
Ro80_q0.65_L24W_r1.40_th120_k0.50,negative center squared radius; center profile is not monotone from midplane to GB; center topology fails before requested loss
Ro80_q0.65_L24W_r1.40_th120_k0.75,negative center squared radius; center profile is not monotone from midplane to GB; center topology fails before requested loss
Ro80_q0.65_L24W_r1.40_th135_k0.00,negative center squared radius; center profile is not monotone from midplane to GB; center topology fails before requested loss
Ro80_q0.65_L24W_r1.40_th135_k0.25,negative center squared radius; center profile is not monotone from midplane to GB; center topology fails before requested loss
Ro80_q0.65_L24W_r1.40_th135_k0.50,negative center squared radius; center profile is not monotone from midplane to GB; center topology fails before requested loss
Ro80_q0.65_L24W_r1.40_th135_k0.75,negative center squared radius; center profile is not monotone from midplane to GB; center topology fails before requested loss
Ro80_q0.65_L24W_r1.40_th150_k0.00,negative center squared radius; center profile is not monotone from midplane to GB; center topology fails before requested loss
Ro80_q0.65_L24W_r1.40_th150_k0.25,negative center squared radius; center profile is not monotone from midplane to GB; center topology fails before requested loss
Ro80_q0.65_L24W_r1.40_th150_k0.50,negative center squared radius; center profile is not monotone from midplane to GB; center topology fails before requested loss
Ro80_q0.65_L24W_r1.40_th150_k0.75,negative center squared radius; center profile is not monotone from midplane to GB; center topology fails before requested loss
Ro80_q0.65_L24W_r1.40_th165_k0.00,negative center squared radius; center profile is not monotone from midplane to GB; center topology fails before requested loss
Ro80_q0.65_L24W_r1.40_th165_k0.25,negative center squared radius; center profile is not monotone from midplane to GB; center topology fails before requested loss
Ro80_q0.65_L24W_r1.40_th165_k0.50,negative center squared radius; center profile is not monotone from midplane to GB; center topology fails before requested loss
Ro80_q0.65_L24W_r1.40_th165_k0.75,negative center squared radius; center profile is not monotone from midplane to GB; center topology fails before requested loss
Ro80_q0.65_L24W_r1.40_th170_k0.00,negative center squared radius; center profile is not monotone from midplane to GB; center topology fails before requested loss
Ro80_q0.65_L24W_r1.40_th170_k0.25,negative center squared radius; center profile is not monotone from midplane to GB; center topology fails before requested loss
Ro80_q0.65_L24W_r1.40_th170_k0.50,negative center squared radius; center profile is not monotone from midplane to GB; center topology fails before requested loss
Ro80_q0.65_L24W_r1.40_th170_k0.75,negative center squared radius; center profile is not monotone from midplane to GB; center topology fails before requested loss; outer profile has multiple radial extrema
Ro80_q0.65_L24W_r1.60_th120_k0.00,negative center squared radius; center profile is not monotone from midplane to GB; center topology fails before requested loss; outer profile has multiple radial extrema
Ro80_q0.65_L24W_r1.60_th120_k0.25,negative center squared radius; center profile is not monotone from midplane to GB; center topology fails before requested loss; outer profile has multiple radial extrema
Ro80_q0.65_L24W_r1.60_th120_k0.50,negative center squared radius; center profile is not monotone from midplane to GB; center topology fails before requested loss; outer profile has multiple radial extrema
Ro80_q0.65_L24W_r1.60_th120_k0.75,negative center squared radius; center profile is not monotone from midplane to GB; center topology fails before requested loss; outer profile has multiple radial extrema
Ro80_q0.65_L24W_r1.60_th135_k0.00,negative center squared radius; center profile is not monotone from midplane to GB; center topology fails before requested loss; outer profile has multiple radial extrema
Ro80_q0.65_L24W_r1.60_th135_k0.25,negative center squared radius; center profile is not monotone from midplane to GB; center topology fails before requested loss; outer profile has multiple radial extrema
Ro80_q0.65_L24W_r1.60_th135_k0.50,negative center squared radius; center profile is not monotone from midplane to GB; center topology fails before requested loss
Ro80_q0.65_L24W_r1.60_th135_k0.75,negative center squared radius; center profile is not monotone from midplane to GB; center topology fails before requested loss
Ro80_q0.65_L24W_r1.60_th150_k0.00,negative center squared radius; center profile is not monotone from midplane to GB; center topology fails before requested loss
Ro80_q0.65_L24W_r1.60_th150_k0.25,negative center squared radius; center profile is not monotone from midplane to GB; center topology fails before requested loss
Ro80_q0.65_L24W_r1.60_th150_k0.50,negative center squared radius; center profile is not monotone from midplane to GB; center topology fails before requested loss
Ro80_q0.65_L24W_r1.60_th150_k0.75,negative center squared radius; center profile is not monotone from midplane to GB; center topology fails before requested loss
Ro80_q0.65_L24W_r1.60_th165_k0.00,negative center squared radius; center profile is not monotone from midplane to GB; center topology fails before requested loss
Ro80_q0.65_L24W_r1.60_th165_k0.25,negative center squared radius; center profile is not monotone from midplane to GB; center topology fails before requested loss
Ro80_q0.65_L24W_r1.60_th165_k0.50,negative center squared radius; center profile is not monotone from midplane to GB; center topology fails before requested loss
Ro80_q0.65_L24W_r1.60_th165_k0.75,negative center squared radius; center profile is not monotone from midplane to GB; center topology fails before requested loss
Ro80_q0.65_L24W_r1.60_th170_k0.00,negative center squared radius; center profile is not monotone from midplane to GB; center topology fails before requested loss
Ro80_q0.65_L24W_r1.60_th170_k0.25,negative center squared radius; center profile is not monotone from midplane to GB; center topology fails before requested loss
Ro80_q0.65_L24W_r1.60_th170_k0.50,negative center squared radius; center profile is not monotone from midplane to GB; center topology fails before requested loss
Ro80_q0.65_L24W_r1.60_th170_k0.75,negative center squared radius; center profile is not monotone from midplane to GB; center topology fails before requested loss
Ro80_q0.75_L8W_r0.60_th120_k0.00,contact radius has reached topology loss
Ro80_q0.75_L8W_r0.60_th120_k0.25,contact radius has reached topology loss
Ro80_q0.75_L8W_r0.60_th120_k0.50,contact radius has reached topology loss
Ro80_q0.75_L8W_r0.60_th120_k0.75,contact radius has reached topology loss
Ro80_q0.75_L8W_r0.60_th135_k0.00,contact radius has reached topology loss
Ro80_q0.75_L8W_r0.60_th135_k0.25,contact radius has reached topology loss
Ro80_q0.75_L8W_r0.60_th135_k0.50,contact radius has reached topology loss
Ro80_q0.75_L8W_r0.60_th135_k0.75,contact radius has reached topology loss
Ro80_q0.75_L8W_r0.60_th150_k0.00,contact radius has reached topology loss
Ro80_q0.75_L8W_r0.60_th150_k0.25,contact radius has reached topology loss
Ro80_q0.75_L8W_r0.60_th150_k0.50,contact radius has reached topology loss
Ro80_q0.75_L8W_r0.60_th150_k0.75,contact radius has reached topology loss
Ro80_q0.75_L8W_r0.60_th165_k0.00,contact radius has reached topology loss
Ro80_q0.75_L8W_r0.60_th165_k0.25,contact radius has reached topology loss
Ro80_q0.75_L8W_r0.60_th165_k0.50,contact radius has reached topology loss
Ro80_q0.75_L8W_r0.60_th165_k0.75,contact radius has reached topology loss
Ro80_q0.75_L8W_r0.60_th170_k0.00,contact radius has reached topology loss
Ro80_q0.75_L8W_r0.60_th170_k0.25,contact radius has reached topology loss
Ro80_q0.75_L8W_r0.60_th170_k0.50,contact radius has reached topology loss
Ro80_q0.75_L8W_r0.60_th170_k0.75,contact radius has reached topology loss
Ro80_q0.75_L8W_r0.80_th120_k0.00,TJ radius below 6W
Ro80_q0.75_L8W_r0.80_th120_k0.25,TJ radius below 6W
Ro80_q0.75_L8W_r0.80_th120_k0.50,TJ radius below 6W
Ro80_q0.75_L8W_r0.80_th120_k0.75,TJ radius below 6W
Ro80_q0.75_L8W_r0.80_th135_k0.00,TJ radius below 6W
Ro80_q0.75_L8W_r0.80_th135_k0.25,TJ radius below 6W
Ro80_q0.75_L8W_r0.80_th135_k0.50,TJ radius below 6W
Ro80_q0.75_L8W_r0.80_th135_k0.75,TJ radius below 6W
Ro80_q0.75_L8W_r0.80_th150_k0.00,TJ radius below 6W
Ro80_q0.75_L8W_r0.80_th150_k0.25,TJ radius below 6W
Ro80_q0.75_L8W_r0.80_th150_k0.50,TJ radius below 6W
Ro80_q0.75_L8W_r0.80_th150_k0.75,TJ radius below 6W
Ro80_q0.75_L8W_r0.80_th165_k0.00,TJ radius below 6W
Ro80_q0.75_L8W_r0.80_th165_k0.25,TJ radius below 6W
Ro80_q0.75_L8W_r0.80_th165_k0.50,TJ radius below 6W
Ro80_q0.75_L8W_r0.80_th165_k0.75,TJ radius below 6W
Ro80_q0.75_L8W_r0.80_th170_k0.00,TJ radius below 6W
Ro80_q0.75_L8W_r0.80_th170_k0.25,TJ radius below 6W
Ro80_q0.75_L8W_r0.80_th170_k0.50,TJ radius below 6W
Ro80_q0.75_L8W_r0.80_th170_k0.75,TJ radius below 6W
Ro80_q0.75_L8W_r1.40_th120_k0.00,outer profile has multiple radial extrema
Ro80_q0.75_L8W_r1.40_th120_k0.25,outer profile has multiple radial extrema
Ro80_q0.75_L8W_r1.40_th120_k0.50,outer profile has multiple radial extrema
Ro80_q0.75_L8W_r1.40_th120_k0.75,outer profile has multiple radial extrema
Ro80_q0.75_L8W_r1.40_th135_k0.00,outer profile has multiple radial extrema
Ro80_q0.75_L8W_r1.40_th135_k0.25,outer profile has multiple radial extrema
Ro80_q0.75_L8W_r1.40_th135_k0.50,outer profile has multiple radial extrema
Ro80_q0.75_L8W_r1.60_th120_k0.00,center profile is not monotone from midplane to GB; negative outer squared radius
Ro80_q0.75_L8W_r1.60_th120_k0.25,center profile is not monotone from midplane to GB; negative outer squared radius
Ro80_q0.75_L8W_r1.60_th120_k0.50,center profile is not monotone from midplane to GB; negative outer squared radius
Ro80_q0.75_L8W_r1.60_th120_k0.75,center profile is not monotone from midplane to GB; negative outer squared radius
Ro80_q0.75_L8W_r1.60_th135_k0.00,center profile is not monotone from midplane to GB; negative outer squared radius
Ro80_q0.75_L8W_r1.60_th135_k0.25,center profile is not monotone from midplane to GB; negative outer squared radius
Ro80_q0.75_L8W_r1.60_th135_k0.50,center profile is not monotone from midplane to GB; negative outer squared radius
Ro80_q0.75_L8W_r1.60_th135_k0.75,center profile is not monotone from midplane to GB; negative outer squared radius
Ro80_q0.75_L8W_r1.60_th150_k0.00,center profile is not monotone from midplane to GB; outer profile has multiple radial extrema
Ro80_q0.75_L8W_r1.60_th150_k0.25,center profile is not monotone from midplane to GB; outer profile has multiple radial extrema
Ro80_q0.75_L8W_r1.60_th150_k0.50,center profile is not monotone from midplane to GB; outer profile has multiple radial extrema
Ro80_q0.75_L8W_r1.60_th150_k0.75,center profile is not monotone from midplane to GB; outer profile has multiple radial extrema
Ro80_q0.75_L8W_r1.60_th165_k0.00,center profile is not monotone from midplane to GB; outer profile has multiple radial extrema
Ro80_q0.75_L8W_r1.60_th165_k0.25,center profile is not monotone from midplane to GB; outer profile has multiple radial extrema
Ro80_q0.75_L8W_r1.60_th165_k0.50,center profile is not monotone from midplane to GB; outer profile has multiple radial extrema
Ro80_q0.75_L8W_r1.60_th165_k0.75,center profile is not monotone from midplane to GB; outer profile has multiple radial extrema
Ro80_q0.75_L8W_r1.60_th170_k0.00,center profile is not monotone from midplane to GB; outer profile has multiple radial extrema
Ro80_q0.75_L8W_r1.60_th170_k0.25,center profile is not monotone from midplane to GB; outer profile has multiple radial extrema
Ro80_q0.75_L8W_r1.60_th170_k0.50,center profile is not monotone from midplane to GB; outer profile has multiple radial extrema
Ro80_q0.75_L8W_r1.60_th170_k0.75,center profile is not monotone from midplane to GB; outer profile has multiple radial extrema
Ro80_q0.75_L10W_r0.60_th120_k0.00,contact radius has reached topology loss
Ro80_q0.75_L10W_r0.60_th120_k0.25,contact radius has reached topology loss
Ro80_q0.75_L10W_r0.60_th120_k0.50,contact radius has reached topology loss
Ro80_q0.75_L10W_r0.60_th120_k0.75,contact radius has reached topology loss
Ro80_q0.75_L10W_r0.60_th135_k0.00,contact radius has reached topology loss
Ro80_q0.75_L10W_r0.60_th135_k0.25,contact radius has reached topology loss
Ro80_q0.75_L10W_r0.60_th135_k0.50,contact radius has reached topology loss
Ro80_q0.75_L10W_r0.60_th135_k0.75,contact radius has reached topology loss
Ro80_q0.75_L10W_r0.60_th150_k0.00,contact radius has reached topology loss
Ro80_q0.75_L10W_r0.60_th150_k0.25,contact radius has reached topology loss
Ro80_q0.75_L10W_r0.60_th150_k0.50,contact radius has reached topology loss
Ro80_q0.75_L10W_r0.60_th150_k0.75,contact radius has reached topology loss
Ro80_q0.75_L10W_r0.60_th165_k0.00,contact radius has reached topology loss
Ro80_q0.75_L10W_r0.60_th165_k0.25,contact radius has reached topology loss
Ro80_q0.75_L10W_r0.60_th165_k0.50,contact radius has reached topology loss
Ro80_q0.75_L10W_r0.60_th165_k0.75,contact radius has reached topology loss
Ro80_q0.75_L10W_r0.60_th170_k0.00,contact radius has reached topology loss
Ro80_q0.75_L10W_r0.60_th170_k0.25,contact radius has reached topology loss
Ro80_q0.75_L10W_r0.60_th170_k0.50,contact radius has reached topology loss
Ro80_q0.75_L10W_r0.60_th170_k0.75,contact radius has reached topology loss
Ro80_q0.75_L10W_r1.40_th120_k0.00,center profile is not monotone from midplane to GB; outer profile has multiple radial extrema
Ro80_q0.75_L10W_r1.40_th120_k0.25,center profile is not monotone from midplane to GB; outer profile has multiple radial extrema
Ro80_q0.75_L10W_r1.40_th120_k0.50,center profile is not monotone from midplane to GB; outer profile has multiple radial extrema
Ro80_q0.75_L10W_r1.40_th120_k0.75,center profile is not monotone from midplane to GB; outer profile has multiple radial extrema
Ro80_q0.75_L10W_r1.40_th135_k0.00,center profile is not monotone from midplane to GB; outer profile has multiple radial extrema
Ro80_q0.75_L10W_r1.40_th135_k0.25,center profile is not monotone from midplane to GB; outer profile has multiple radial extrema
Ro80_q0.75_L10W_r1.40_th135_k0.50,center profile is not monotone from midplane to GB; outer profile has multiple radial extrema
Ro80_q0.75_L10W_r1.40_th135_k0.75,center profile is not monotone from midplane to GB
Ro80_q0.75_L10W_r1.40_th150_k0.00,center profile is not monotone from midplane to GB
Ro80_q0.75_L10W_r1.40_th150_k0.25,center profile is not monotone from midplane to GB
Ro80_q0.75_L10W_r1.40_th150_k0.50,center profile is not monotone from midplane to GB
Ro80_q0.75_L10W_r1.40_th150_k0.75,center profile is not monotone from midplane to GB
Ro80_q0.75_L10W_r1.60_th120_k0.00,center profile is not monotone from midplane to GB; negative outer squared radius
Ro80_q0.75_L10W_r1.60_th120_k0.25,center profile is not monotone from midplane to GB; negative outer squared radius
Ro80_q0.75_L10W_r1.60_th120_k0.50,center profile is not monotone from midplane to GB; negative outer squared radius
Ro80_q0.75_L10W_r1.60_th120_k0.75,center profile is not monotone from midplane to GB; negative outer squared radius
Ro80_q0.75_L10W_r1.60_th135_k0.00,center profile is not monotone from midplane to GB; negative outer squared radius
Ro80_q0.75_L10W_r1.60_th135_k0.25,center profile is not monotone from midplane to GB; negative outer squared radius
Ro80_q0.75_L10W_r1.60_th135_k0.50,center profile is not monotone from midplane to GB; negative outer squared radius
Ro80_q0.75_L10W_r1.60_th135_k0.75,center profile is not monotone from midplane to GB; negative outer squared radius
Ro80_q0.75_L10W_r1.60_th150_k0.00,center profile is not monotone from midplane to GB; outer profile has multiple radial extrema
Ro80_q0.75_L10W_r1.60_th150_k0.25,center profile is not monotone from midplane to GB; outer profile has multiple radial extrema
Ro80_q0.75_L10W_r1.60_th150_k0.50,center profile is not monotone from midplane to GB; outer profile has multiple radial extrema
Ro80_q0.75_L10W_r1.60_th150_k0.75,center profile is not monotone from midplane to GB; outer profile has multiple radial extrema
Ro80_q0.75_L10W_r1.60_th165_k0.00,center profile is not monotone from midplane to GB; outer profile has multiple radial extrema
Ro80_q0.75_L10W_r1.60_th165_k0.25,center profile is not monotone from midplane to GB; outer profile has multiple radial extrema
Ro80_q0.75_L10W_r1.60_th165_k0.50,center profile is not monotone from midplane to GB; outer profile has multiple radial extrema
Ro80_q0.75_L10W_r1.60_th165_k0.75,center profile is not monotone from midplane to GB; outer profile has multiple radial extrema
Ro80_q0.75_L10W_r1.60_th170_k0.00,center profile is not monotone from midplane to GB; outer profile has multiple radial extrema
Ro80_q0.75_L10W_r1.60_th170_k0.25,center profile is not monotone from midplane to GB; outer profile has multiple radial extrema
Ro80_q0.75_L10W_r1.60_th170_k0.50,center profile is not monotone from midplane to GB; outer profile has multiple radial extrema
Ro80_q0.75_L10W_r1.60_th170_k0.75,center profile is not monotone from midplane to GB; outer profile has multiple radial extrema
Ro80_q0.75_L12W_r0.60_th120_k0.00,TJ radius below 6W
Ro80_q0.75_L12W_r0.60_th120_k0.25,TJ radius below 6W
Ro80_q0.75_L12W_r0.60_th120_k0.50,TJ radius below 6W
Ro80_q0.75_L12W_r0.60_th120_k0.75,TJ radius below 6W
Ro80_q0.75_L12W_r0.60_th135_k0.00,TJ radius below 6W
Ro80_q0.75_L12W_r0.60_th135_k0.25,TJ radius below 6W
Ro80_q0.75_L12W_r0.60_th135_k0.50,TJ radius below 6W
Ro80_q0.75_L12W_r0.60_th135_k0.75,TJ radius below 6W
Ro80_q0.75_L12W_r0.60_th150_k0.00,TJ radius below 6W
Ro80_q0.75_L12W_r0.60_th150_k0.25,TJ radius below 6W
Ro80_q0.75_L12W_r0.60_th150_k0.50,TJ radius below 6W
Ro80_q0.75_L12W_r0.60_th150_k0.75,TJ radius below 6W
Ro80_q0.75_L12W_r0.60_th165_k0.00,TJ radius below 6W
Ro80_q0.75_L12W_r0.60_th165_k0.25,TJ radius below 6W
Ro80_q0.75_L12W_r0.60_th165_k0.50,TJ radius below 6W
Ro80_q0.75_L12W_r0.60_th165_k0.75,TJ radius below 6W
Ro80_q0.75_L12W_r0.60_th170_k0.00,TJ radius below 6W
Ro80_q0.75_L12W_r0.60_th170_k0.25,TJ radius below 6W
Ro80_q0.75_L12W_r0.60_th170_k0.50,TJ radius below 6W
Ro80_q0.75_L12W_r0.60_th170_k0.75,TJ radius below 6W
Ro80_q0.75_L12W_r1.40_th120_k0.00,center profile is not monotone from midplane to GB; outer profile has multiple radial extrema
Ro80_q0.75_L12W_r1.40_th120_k0.25,center profile is not monotone from midplane to GB; outer profile has multiple radial extrema
Ro80_q0.75_L12W_r1.40_th120_k0.50,center profile is not monotone from midplane to GB; outer profile has multiple radial extrema
Ro80_q0.75_L12W_r1.40_th120_k0.75,center profile is not monotone from midplane to GB; outer profile has multiple radial extrema
Ro80_q0.75_L12W_r1.40_th135_k0.00,center profile is not monotone from midplane to GB; outer profile has multiple radial extrema
Ro80_q0.75_L12W_r1.40_th135_k0.25,center profile is not monotone from midplane to GB; outer profile has multiple radial extrema
Ro80_q0.75_L12W_r1.40_th135_k0.50,center profile is not monotone from midplane to GB; outer profile has multiple radial extrema
Ro80_q0.75_L12W_r1.40_th135_k0.75,center profile is not monotone from midplane to GB
Ro80_q0.75_L12W_r1.40_th150_k0.00,center profile is not monotone from midplane to GB
Ro80_q0.75_L12W_r1.40_th150_k0.25,center profile is not monotone from midplane to GB
Ro80_q0.75_L12W_r1.40_th150_k0.50,center profile is not monotone from midplane to GB
Ro80_q0.75_L12W_r1.40_th150_k0.75,center profile is not monotone from midplane to GB
Ro80_q0.75_L12W_r1.40_th165_k0.00,center profile is not monotone from midplane to GB
Ro80_q0.75_L12W_r1.40_th165_k0.25,center profile is not monotone from midplane to GB
Ro80_q0.75_L12W_r1.40_th165_k0.50,center profile is not monotone from midplane to GB
Ro80_q0.75_L12W_r1.40_th165_k0.75,center profile is not monotone from midplane to GB
Ro80_q0.75_L12W_r1.40_th170_k0.00,center profile is not monotone from midplane to GB
Ro80_q0.75_L12W_r1.40_th170_k0.25,center profile is not monotone from midplane to GB
Ro80_q0.75_L12W_r1.40_th170_k0.50,center profile is not monotone from midplane to GB
Ro80_q0.75_L12W_r1.40_th170_k0.75,center profile is not monotone from midplane to GB
Ro80_q0.75_L12W_r1.60_th120_k0.00,center profile is not monotone from midplane to GB; negative outer squared radius
Ro80_q0.75_L12W_r1.60_th120_k0.25,center profile is not monotone from midplane to GB; negative outer squared radius
Ro80_q0.75_L12W_r1.60_th120_k0.50,center profile is not monotone from midplane to GB; negative outer squared radius
Ro80_q0.75_L12W_r1.60_th120_k0.75,center profile is not monotone from midplane to GB; negative outer squared radius
Ro80_q0.75_L12W_r1.60_th135_k0.00,center profile is not monotone from midplane to GB; negative outer squared radius
Ro80_q0.75_L12W_r1.60_th135_k0.25,center profile is not monotone from midplane to GB; negative outer squared radius
Ro80_q0.75_L12W_r1.60_th135_k0.50,center profile is not monotone from midplane to GB; negative outer squared radius
Ro80_q0.75_L12W_r1.60_th135_k0.75,center profile is not monotone from midplane to GB; negative outer squared radius
Ro80_q0.75_L12W_r1.60_th150_k0.00,center profile is not monotone from midplane to GB; outer profile has multiple radial extrema
Ro80_q0.75_L12W_r1.60_th150_k0.25,center profile is not monotone from midplane to GB; outer profile has multiple radial extrema
Ro80_q0.75_L12W_r1.60_th150_k0.50,center profile is not monotone from midplane to GB; outer profile has multiple radial extrema
Ro80_q0.75_L12W_r1.60_th150_k0.75,center profile is not monotone from midplane to GB; outer profile has multiple radial extrema
Ro80_q0.75_L12W_r1.60_th165_k0.00,center profile is not monotone from midplane to GB; outer profile has multiple radial extrema
Ro80_q0.75_L12W_r1.60_th165_k0.25,center profile is not monotone from midplane to GB; outer profile has multiple radial extrema
Ro80_q0.75_L12W_r1.60_th165_k0.50,center profile is not monotone from midplane to GB; outer profile has multiple radial extrema
Ro80_q0.75_L12W_r1.60_th165_k0.75,center profile is not monotone from midplane to GB; outer profile has multiple radial extrema
Ro80_q0.75_L12W_r1.60_th170_k0.00,center profile is not monotone from midplane to GB; outer profile has multiple radial extrema
Ro80_q0.75_L12W_r1.60_th170_k0.25,center profile is not monotone from midplane to GB; outer profile has multiple radial extrema
Ro80_q0.75_L12W_r1.60_th170_k0.50,center profile is not monotone from midplane to GB; outer profile has multiple radial extrema
Ro80_q0.75_L12W_r1.60_th170_k0.75,center profile is not monotone from midplane to GB; outer profile has multiple radial extrema
Ro80_q0.75_L16W_r0.60_th120_k0.00,TJ radius below 6W
Ro80_q0.75_L16W_r0.60_th120_k0.25,TJ radius below 6W
Ro80_q0.75_L16W_r0.60_th120_k0.50,TJ radius below 6W
Ro80_q0.75_L16W_r0.60_th120_k0.75,TJ radius below 6W
Ro80_q0.75_L16W_r0.60_th135_k0.00,TJ radius below 6W
Ro80_q0.75_L16W_r0.60_th135_k0.25,TJ radius below 6W
Ro80_q0.75_L16W_r0.60_th135_k0.50,TJ radius below 6W
Ro80_q0.75_L16W_r0.60_th135_k0.75,TJ radius below 6W
Ro80_q0.75_L16W_r0.60_th150_k0.00,TJ radius below 6W
Ro80_q0.75_L16W_r0.60_th150_k0.25,TJ radius below 6W
Ro80_q0.75_L16W_r0.60_th150_k0.50,TJ radius below 6W
Ro80_q0.75_L16W_r0.60_th150_k0.75,TJ radius below 6W
Ro80_q0.75_L16W_r0.60_th165_k0.00,TJ radius below 6W
Ro80_q0.75_L16W_r0.60_th165_k0.25,TJ radius below 6W
Ro80_q0.75_L16W_r0.60_th165_k0.50,TJ radius below 6W
Ro80_q0.75_L16W_r0.60_th165_k0.75,TJ radius below 6W
Ro80_q0.75_L16W_r0.60_th170_k0.00,TJ radius below 6W
Ro80_q0.75_L16W_r0.60_th170_k0.25,TJ radius below 6W
Ro80_q0.75_L16W_r0.60_th170_k0.50,TJ radius below 6W
Ro80_q0.75_L16W_r0.60_th170_k0.75,TJ radius below 6W
Ro80_q0.75_L16W_r1.20_th120_k0.00,center profile is not monotone from midplane to GB
Ro80_q0.75_L16W_r1.20_th120_k0.25,center profile is not monotone from midplane to GB
Ro80_q0.75_L16W_r1.20_th120_k0.50,center profile is not monotone from midplane to GB
Ro80_q0.75_L16W_r1.20_th120_k0.75,center profile is not monotone from midplane to GB
Ro80_q0.75_L16W_r1.20_th135_k0.00,center profile is not monotone from midplane to GB
Ro80_q0.75_L16W_r1.20_th135_k0.25,center profile is not monotone from midplane to GB
Ro80_q0.75_L16W_r1.20_th135_k0.50,center profile is not monotone from midplane to GB
Ro80_q0.75_L16W_r1.20_th135_k0.75,center profile is not monotone from midplane to GB
Ro80_q0.75_L16W_r1.20_th150_k0.00,center profile is not monotone from midplane to GB
Ro80_q0.75_L16W_r1.20_th150_k0.25,center profile is not monotone from midplane to GB
Ro80_q0.75_L16W_r1.20_th150_k0.50,center profile is not monotone from midplane to GB
Ro80_q0.75_L16W_r1.20_th150_k0.75,center profile is not monotone from midplane to GB
Ro80_q0.75_L16W_r1.20_th165_k0.00,center profile is not monotone from midplane to GB
Ro80_q0.75_L16W_r1.20_th165_k0.25,center profile is not monotone from midplane to GB
Ro80_q0.75_L16W_r1.20_th165_k0.50,center profile is not monotone from midplane to GB
Ro80_q0.75_L16W_r1.20_th165_k0.75,center profile is not monotone from midplane to GB
Ro80_q0.75_L16W_r1.20_th170_k0.00,center profile is not monotone from midplane to GB
Ro80_q0.75_L16W_r1.20_th170_k0.25,center profile is not monotone from midplane to GB
Ro80_q0.75_L16W_r1.20_th170_k0.50,center profile is not monotone from midplane to GB
Ro80_q0.75_L16W_r1.20_th170_k0.75,center profile is not monotone from midplane to GB
Ro80_q0.75_L16W_r1.40_th120_k0.00,center profile is not monotone from midplane to GB; center topology fails before requested loss; outer profile has multiple radial extrema
Ro80_q0.75_L16W_r1.40_th120_k0.25,center profile is not monotone from midplane to GB; center topology fails before requested loss; outer profile has multiple radial extrema
Ro80_q0.75_L16W_r1.40_th120_k0.50,center profile is not monotone from midplane to GB; center topology fails before requested loss; outer profile has multiple radial extrema
Ro80_q0.75_L16W_r1.40_th120_k0.75,center profile is not monotone from midplane to GB; center topology fails before requested loss; outer profile has multiple radial extrema
Ro80_q0.75_L16W_r1.40_th135_k0.00,center profile is not monotone from midplane to GB; outer profile has multiple radial extrema
Ro80_q0.75_L16W_r1.40_th135_k0.25,center profile is not monotone from midplane to GB; outer profile has multiple radial extrema
Ro80_q0.75_L16W_r1.40_th135_k0.50,center profile is not monotone from midplane to GB; outer profile has multiple radial extrema
Ro80_q0.75_L16W_r1.40_th135_k0.75,center profile is not monotone from midplane to GB
Ro80_q0.75_L16W_r1.40_th150_k0.00,center profile is not monotone from midplane to GB
Ro80_q0.75_L16W_r1.40_th150_k0.25,center profile is not monotone from midplane to GB
Ro80_q0.75_L16W_r1.40_th150_k0.50,center profile is not monotone from midplane to GB
Ro80_q0.75_L16W_r1.40_th150_k0.75,center profile is not monotone from midplane to GB
Ro80_q0.75_L16W_r1.40_th165_k0.00,center profile is not monotone from midplane to GB
Ro80_q0.75_L16W_r1.40_th165_k0.25,center profile is not monotone from midplane to GB
Ro80_q0.75_L16W_r1.40_th165_k0.50,center profile is not monotone from midplane to GB
Ro80_q0.75_L16W_r1.40_th165_k0.75,center profile is not monotone from midplane to GB
Ro80_q0.75_L16W_r1.40_th170_k0.00,center profile is not monotone from midplane to GB
Ro80_q0.75_L16W_r1.40_th170_k0.25,center profile is not monotone from midplane to GB
Ro80_q0.75_L16W_r1.40_th170_k0.50,center profile is not monotone from midplane to GB
Ro80_q0.75_L16W_r1.40_th170_k0.75,center profile is not monotone from midplane to GB
Ro80_q0.75_L16W_r1.60_th120_k0.00,negative center squared radius; center profile is not monotone from midplane to GB; center topology fails before requested loss; negative outer squared radius
Ro80_q0.75_L16W_r1.60_th120_k0.25,negative center squared radius; center profile is not monotone from midplane to GB; center topology fails before requested loss; negative outer squared radius
Ro80_q0.75_L16W_r1.60_th120_k0.50,negative center squared radius; center profile is not monotone from midplane to GB; center topology fails before requested loss; negative outer squared radius
Ro80_q0.75_L16W_r1.60_th120_k0.75,negative center squared radius; center profile is not monotone from midplane to GB; center topology fails before requested loss; negative outer squared radius
Ro80_q0.75_L16W_r1.60_th135_k0.00,negative center squared radius; center profile is not monotone from midplane to GB; center topology fails before requested loss; negative outer squared radius
Ro80_q0.75_L16W_r1.60_th135_k0.25,negative center squared radius; center profile is not monotone from midplane to GB; center topology fails before requested loss; negative outer squared radius
Ro80_q0.75_L16W_r1.60_th135_k0.50,negative center squared radius; center profile is not monotone from midplane to GB; center topology fails before requested loss; negative outer squared radius
Ro80_q0.75_L16W_r1.60_th135_k0.75,negative center squared radius; center profile is not monotone from midplane to GB; center topology fails before requested loss; negative outer squared radius
Ro80_q0.75_L16W_r1.60_th150_k0.00,negative center squared radius; center profile is not monotone from midplane to GB; center topology fails before requested loss; outer profile has multiple radial extrema
Ro80_q0.75_L16W_r1.60_th150_k0.25,negative center squared radius; center profile is not monotone from midplane to GB; center topology fails before requested loss; outer profile has multiple radial extrema
Ro80_q0.75_L16W_r1.60_th150_k0.50,negative center squared radius; center profile is not monotone from midplane to GB; center topology fails before requested loss; outer profile has multiple radial extrema
Ro80_q0.75_L16W_r1.60_th150_k0.75,negative center squared radius; center profile is not monotone from midplane to GB; center topology fails before requested loss; outer profile has multiple radial extrema
Ro80_q0.75_L16W_r1.60_th165_k0.00,negative center squared radius; center profile is not monotone from midplane to GB; center topology fails before requested loss; outer profile has multiple radial extrema
Ro80_q0.75_L16W_r1.60_th165_k0.25,negative center squared radius; center profile is not monotone from midplane to GB; center topology fails before requested loss; outer profile has multiple radial extrema
Ro80_q0.75_L16W_r1.60_th165_k0.50,negative center squared radius; center profile is not monotone from midplane to GB; center topology fails before requested loss; outer profile has multiple radial extrema
Ro80_q0.75_L16W_r1.60_th165_k0.75,negative center squared radius; center profile is not monotone from midplane to GB; center topology fails before requested loss; outer profile has multiple radial extrema
Ro80_q0.75_L16W_r1.60_th170_k0.00,negative center squared radius; center profile is not monotone from midplane to GB; center topology fails before requested loss; outer profile has multiple radial extrema
Ro80_q0.75_L16W_r1.60_th170_k0.25,negative center squared radius; center profile is not monotone from midplane to GB; center topology fails before requested loss; outer profile has multiple radial extrema
Ro80_q0.75_L16W_r1.60_th170_k0.50,negative center squared radius; center profile is not monotone from midplane to GB; center topology fails before requested loss; outer profile has multiple radial extrema
Ro80_q0.75_L16W_r1.60_th170_k0.75,negative center squared radius; center profile is not monotone from midplane to GB; center topology fails before requested loss; outer profile has multiple radial extrema
Ro80_q0.75_L20W_r0.60_th120_k0.00,TJ radius below 6W
Ro80_q0.75_L20W_r0.60_th120_k0.25,TJ radius below 6W
Ro80_q0.75_L20W_r0.60_th120_k0.50,TJ radius below 6W
Ro80_q0.75_L20W_r0.60_th120_k0.75,TJ radius below 6W
Ro80_q0.75_L20W_r0.60_th135_k0.00,TJ radius below 6W
Ro80_q0.75_L20W_r0.60_th135_k0.25,TJ radius below 6W
Ro80_q0.75_L20W_r0.60_th135_k0.50,TJ radius below 6W
Ro80_q0.75_L20W_r0.60_th135_k0.75,TJ radius below 6W
Ro80_q0.75_L20W_r0.60_th150_k0.00,TJ radius below 6W
Ro80_q0.75_L20W_r0.60_th150_k0.25,TJ radius below 6W
Ro80_q0.75_L20W_r0.60_th150_k0.50,TJ radius below 6W
Ro80_q0.75_L20W_r0.60_th150_k0.75,TJ radius below 6W
Ro80_q0.75_L20W_r0.60_th165_k0.00,TJ radius below 6W
Ro80_q0.75_L20W_r0.60_th165_k0.25,TJ radius below 6W
Ro80_q0.75_L20W_r0.60_th165_k0.50,TJ radius below 6W
Ro80_q0.75_L20W_r0.60_th165_k0.75,TJ radius below 6W
Ro80_q0.75_L20W_r0.60_th170_k0.00,TJ radius below 6W
Ro80_q0.75_L20W_r0.60_th170_k0.25,TJ radius below 6W
Ro80_q0.75_L20W_r0.60_th170_k0.50,TJ radius below 6W
Ro80_q0.75_L20W_r0.60_th170_k0.75,TJ radius below 6W
Ro80_q0.75_L20W_r1.00_th120_k0.00,center profile is not monotone from midplane to GB
Ro80_q0.75_L20W_r1.00_th120_k0.25,center profile is not monotone from midplane to GB
Ro80_q0.75_L20W_r1.00_th120_k0.50,center profile is not monotone from midplane to GB
Ro80_q0.75_L20W_r1.00_th120_k0.75,center profile is not monotone from midplane to GB
Ro80_q0.75_L20W_r1.00_th135_k0.00,center profile is not monotone from midplane to GB
Ro80_q0.75_L20W_r1.00_th135_k0.25,center profile is not monotone from midplane to GB
Ro80_q0.75_L20W_r1.00_th135_k0.50,center profile is not monotone from midplane to GB
Ro80_q0.75_L20W_r1.00_th135_k0.75,center profile is not monotone from midplane to GB
Ro80_q0.75_L20W_r1.00_th150_k0.00,center profile is not monotone from midplane to GB
Ro80_q0.75_L20W_r1.00_th150_k0.25,center profile is not monotone from midplane to GB
Ro80_q0.75_L20W_r1.00_th150_k0.50,center profile is not monotone from midplane to GB
Ro80_q0.75_L20W_r1.00_th150_k0.75,center profile is not monotone from midplane to GB
Ro80_q0.75_L20W_r1.00_th165_k0.00,center profile is not monotone from midplane to GB
Ro80_q0.75_L20W_r1.00_th165_k0.25,center profile is not monotone from midplane to GB
Ro80_q0.75_L20W_r1.00_th165_k0.50,center profile is not monotone from midplane to GB
Ro80_q0.75_L20W_r1.00_th165_k0.75,center profile is not monotone from midplane to GB
Ro80_q0.75_L20W_r1.00_th170_k0.00,center profile is not monotone from midplane to GB
Ro80_q0.75_L20W_r1.00_th170_k0.25,center profile is not monotone from midplane to GB
Ro80_q0.75_L20W_r1.00_th170_k0.50,center profile is not monotone from midplane to GB
Ro80_q0.75_L20W_r1.00_th170_k0.75,center profile is not monotone from midplane to GB
Ro80_q0.75_L20W_r1.20_th120_k0.00,center profile is not monotone from midplane to GB
Ro80_q0.75_L20W_r1.20_th120_k0.25,center profile is not monotone from midplane to GB
Ro80_q0.75_L20W_r1.20_th120_k0.50,center profile is not monotone from midplane to GB
Ro80_q0.75_L20W_r1.20_th120_k0.75,center profile is not monotone from midplane to GB
Ro80_q0.75_L20W_r1.20_th135_k0.00,center profile is not monotone from midplane to GB
Ro80_q0.75_L20W_r1.20_th135_k0.25,center profile is not monotone from midplane to GB
Ro80_q0.75_L20W_r1.20_th135_k0.50,center profile is not monotone from midplane to GB
Ro80_q0.75_L20W_r1.20_th135_k0.75,center profile is not monotone from midplane to GB
Ro80_q0.75_L20W_r1.20_th150_k0.00,center profile is not monotone from midplane to GB
Ro80_q0.75_L20W_r1.20_th150_k0.25,center profile is not monotone from midplane to GB
Ro80_q0.75_L20W_r1.20_th150_k0.50,center profile is not monotone from midplane to GB
Ro80_q0.75_L20W_r1.20_th150_k0.75,center profile is not monotone from midplane to GB
Ro80_q0.75_L20W_r1.20_th165_k0.00,center profile is not monotone from midplane to GB
Ro80_q0.75_L20W_r1.20_th165_k0.25,center profile is not monotone from midplane to GB
Ro80_q0.75_L20W_r1.20_th165_k0.50,center profile is not monotone from midplane to GB
Ro80_q0.75_L20W_r1.20_th165_k0.75,center profile is not monotone from midplane to GB
Ro80_q0.75_L20W_r1.20_th170_k0.00,center profile is not monotone from midplane to GB
Ro80_q0.75_L20W_r1.20_th170_k0.25,center profile is not monotone from midplane to GB
Ro80_q0.75_L20W_r1.20_th170_k0.50,center profile is not monotone from midplane to GB
Ro80_q0.75_L20W_r1.20_th170_k0.75,center profile is not monotone from midplane to GB
Ro80_q0.75_L20W_r1.40_th120_k0.00,negative center squared radius; center profile is not monotone from midplane to GB; center topology fails before requested loss; outer profile has multiple radial extrema
Ro80_q0.75_L20W_r1.40_th120_k0.25,negative center squared radius; center profile is not monotone from midplane to GB; center topology fails before requested loss; outer profile has multiple radial extrema
Ro80_q0.75_L20W_r1.40_th120_k0.50,negative center squared radius; center profile is not monotone from midplane to GB; center topology fails before requested loss; outer profile has multiple radial extrema
Ro80_q0.75_L20W_r1.40_th120_k0.75,negative center squared radius; center profile is not monotone from midplane to GB; center topology fails before requested loss; outer profile has multiple radial extrema
Ro80_q0.75_L20W_r1.40_th135_k0.00,negative center squared radius; center profile is not monotone from midplane to GB; center topology fails before requested loss; outer profile has multiple radial extrema
Ro80_q0.75_L20W_r1.40_th135_k0.25,negative center squared radius; center profile is not monotone from midplane to GB; center topology fails before requested loss; outer profile has multiple radial extrema
Ro80_q0.75_L20W_r1.40_th135_k0.50,negative center squared radius; center profile is not monotone from midplane to GB; center topology fails before requested loss; outer profile has multiple radial extrema
Ro80_q0.75_L20W_r1.40_th135_k0.75,negative center squared radius; center profile is not monotone from midplane to GB; center topology fails before requested loss
Ro80_q0.75_L20W_r1.40_th150_k0.00,negative center squared radius; center profile is not monotone from midplane to GB; center topology fails before requested loss
Ro80_q0.75_L20W_r1.40_th150_k0.25,negative center squared radius; center profile is not monotone from midplane to GB; center topology fails before requested loss
Ro80_q0.75_L20W_r1.40_th150_k0.50,negative center squared radius; center profile is not monotone from midplane to GB; center topology fails before requested loss
Ro80_q0.75_L20W_r1.40_th150_k0.75,negative center squared radius; center profile is not monotone from midplane to GB; center topology fails before requested loss
Ro80_q0.75_L20W_r1.40_th165_k0.00,negative center squared radius; center profile is not monotone from midplane to GB; center topology fails before requested loss
Ro80_q0.75_L20W_r1.40_th165_k0.25,negative center squared radius; center profile is not monotone from midplane to GB; center topology fails before requested loss
Ro80_q0.75_L20W_r1.40_th165_k0.50,negative center squared radius; center profile is not monotone from midplane to GB; center topology fails before requested loss
Ro80_q0.75_L20W_r1.40_th165_k0.75,negative center squared radius; center profile is not monotone from midplane to GB; center topology fails before requested loss
Ro80_q0.75_L20W_r1.40_th170_k0.00,negative center squared radius; center profile is not monotone from midplane to GB; center topology fails before requested loss
Ro80_q0.75_L20W_r1.40_th170_k0.25,negative center squared radius; center profile is not monotone from midplane to GB; center topology fails before requested loss
Ro80_q0.75_L20W_r1.40_th170_k0.50,negative center squared radius; center profile is not monotone from midplane to GB; center topology fails before requested loss
Ro80_q0.75_L20W_r1.40_th170_k0.75,negative center squared radius; center profile is not monotone from midplane to GB; center topology fails before requested loss
Ro80_q0.75_L20W_r1.60_th120_k0.00,negative center squared radius; center profile is not monotone from midplane to GB; center topology fails before requested loss; negative outer squared radius
Ro80_q0.75_L20W_r1.60_th120_k0.25,negative center squared radius; center profile is not monotone from midplane to GB; center topology fails before requested loss; negative outer squared radius
Ro80_q0.75_L20W_r1.60_th120_k0.50,negative center squared radius; center profile is not monotone from midplane to GB; center topology fails before requested loss; negative outer squared radius
Ro80_q0.75_L20W_r1.60_th120_k0.75,negative center squared radius; center profile is not monotone from midplane to GB; center topology fails before requested loss; negative outer squared radius
Ro80_q0.75_L20W_r1.60_th135_k0.00,negative center squared radius; center profile is not monotone from midplane to GB; center topology fails before requested loss; negative outer squared radius
Ro80_q0.75_L20W_r1.60_th135_k0.25,negative center squared radius; center profile is not monotone from midplane to GB; center topology fails before requested loss; negative outer squared radius
Ro80_q0.75_L20W_r1.60_th135_k0.50,negative center squared radius; center profile is not monotone from midplane to GB; center topology fails before requested loss; negative outer squared radius
Ro80_q0.75_L20W_r1.60_th135_k0.75,negative center squared radius; center profile is not monotone from midplane to GB; center topology fails before requested loss; negative outer squared radius
Ro80_q0.75_L20W_r1.60_th150_k0.00,negative center squared radius; center profile is not monotone from midplane to GB; center topology fails before requested loss; outer profile has multiple radial extrema
Ro80_q0.75_L20W_r1.60_th150_k0.25,negative center squared radius; center profile is not monotone from midplane to GB; center topology fails before requested loss; outer profile has multiple radial extrema
Ro80_q0.75_L20W_r1.60_th150_k0.50,negative center squared radius; center profile is not monotone from midplane to GB; center topology fails before requested loss; outer profile has multiple radial extrema
Ro80_q0.75_L20W_r1.60_th150_k0.75,negative center squared radius; center profile is not monotone from midplane to GB; center topology fails before requested loss; outer profile has multiple radial extrema
Ro80_q0.75_L20W_r1.60_th165_k0.00,negative center squared radius; center profile is not monotone from midplane to GB; center topology fails before requested loss; outer profile has multiple radial extrema
Ro80_q0.75_L20W_r1.60_th165_k0.25,negative center squared radius; center profile is not monotone from midplane to GB; center topology fails before requested loss; outer profile has multiple radial extrema
Ro80_q0.75_L20W_r1.60_th165_k0.50,negative center squared radius; center profile is not monotone from midplane to GB; center topology fails before requested loss; outer profile has multiple radial extrema
Ro80_q0.75_L20W_r1.60_th165_k0.75,negative center squared radius; center profile is not monotone from midplane to GB; center topology fails before requested loss; outer profile has multiple radial extrema
Ro80_q0.75_L20W_r1.60_th170_k0.00,negative center squared radius; center profile is not monotone from midplane to GB; center topology fails before requested loss; outer profile has multiple radial extrema
Ro80_q0.75_L20W_r1.60_th170_k0.25,negative center squared radius; center profile is not monotone from midplane to GB; center topology fails before requested loss; outer profile has multiple radial extrema
Ro80_q0.75_L20W_r1.60_th170_k0.50,negative center squared radius; center profile is not monotone from midplane to GB; center topology fails before requested loss; outer profile has multiple radial extrema
Ro80_q0.75_L20W_r1.60_th170_k0.75,negative center squared radius; center profile is not monotone from midplane to GB; center topology fails before requested loss; outer profile has multiple radial extrema
Ro80_q0.75_L24W_r0.80_th120_k0.00,center profile is not monotone from midplane to GB
Ro80_q0.75_L24W_r0.80_th120_k0.25,center profile is not monotone from midplane to GB
Ro80_q0.75_L24W_r0.80_th120_k0.50,center profile is not monotone from midplane to GB
Ro80_q0.75_L24W_r1.00_th120_k0.00,center profile is not monotone from midplane to GB
Ro80_q0.75_L24W_r1.00_th120_k0.25,center profile is not monotone from midplane to GB
Ro80_q0.75_L24W_r1.00_th120_k0.50,center profile is not monotone from midplane to GB
Ro80_q0.75_L24W_r1.00_th120_k0.75,center profile is not monotone from midplane to GB
Ro80_q0.75_L24W_r1.00_th135_k0.00,center profile is not monotone from midplane to GB
Ro80_q0.75_L24W_r1.00_th135_k0.25,center profile is not monotone from midplane to GB
Ro80_q0.75_L24W_r1.00_th135_k0.50,center profile is not monotone from midplane to GB
Ro80_q0.75_L24W_r1.00_th135_k0.75,center profile is not monotone from midplane to GB
Ro80_q0.75_L24W_r1.00_th150_k0.00,center profile is not monotone from midplane to GB
Ro80_q0.75_L24W_r1.00_th150_k0.25,center profile is not monotone from midplane to GB
Ro80_q0.75_L24W_r1.00_th150_k0.50,center profile is not monotone from midplane to GB
Ro80_q0.75_L24W_r1.00_th150_k0.75,center profile is not monotone from midplane to GB
Ro80_q0.75_L24W_r1.00_th165_k0.00,center profile is not monotone from midplane to GB
Ro80_q0.75_L24W_r1.00_th165_k0.25,center profile is not monotone from midplane to GB
Ro80_q0.75_L24W_r1.00_th165_k0.50,center profile is not monotone from midplane to GB
Ro80_q0.75_L24W_r1.00_th165_k0.75,center profile is not monotone from midplane to GB
Ro80_q0.75_L24W_r1.00_th170_k0.00,center profile is not monotone from midplane to GB
Ro80_q0.75_L24W_r1.00_th170_k0.25,center profile is not monotone from midplane to GB
Ro80_q0.75_L24W_r1.00_th170_k0.50,center profile is not monotone from midplane to GB
Ro80_q0.75_L24W_r1.00_th170_k0.75,center profile is not monotone from midplane to GB
Ro80_q0.75_L24W_r1.20_th120_k0.00,negative center squared radius; center profile is not monotone from midplane to GB; center topology fails before requested loss
Ro80_q0.75_L24W_r1.20_th120_k0.25,negative center squared radius; center profile is not monotone from midplane to GB; center topology fails before requested loss
Ro80_q0.75_L24W_r1.20_th120_k0.50,negative center squared radius; center profile is not monotone from midplane to GB; center topology fails before requested loss
Ro80_q0.75_L24W_r1.20_th120_k0.75,negative center squared radius; center profile is not monotone from midplane to GB; center topology fails before requested loss
Ro80_q0.75_L24W_r1.20_th135_k0.00,negative center squared radius; center profile is not monotone from midplane to GB; center topology fails before requested loss
Ro80_q0.75_L24W_r1.20_th135_k0.25,negative center squared radius; center profile is not monotone from midplane to GB; center topology fails before requested loss
Ro80_q0.75_L24W_r1.20_th135_k0.50,negative center squared radius; center profile is not monotone from midplane to GB; center topology fails before requested loss
Ro80_q0.75_L24W_r1.20_th135_k0.75,negative center squared radius; center profile is not monotone from midplane to GB; center topology fails before requested loss
Ro80_q0.75_L24W_r1.20_th150_k0.00,negative center squared radius; center profile is not monotone from midplane to GB; center topology fails before requested loss
Ro80_q0.75_L24W_r1.20_th150_k0.25,negative center squared radius; center profile is not monotone from midplane to GB; center topology fails before requested loss
Ro80_q0.75_L24W_r1.20_th150_k0.50,center profile is not monotone from midplane to GB; center topology fails before requested loss
Ro80_q0.75_L24W_r1.20_th150_k0.75,center profile is not monotone from midplane to GB; center topology fails before requested loss
Ro80_q0.75_L24W_r1.20_th165_k0.00,center profile is not monotone from midplane to GB; center topology fails before requested loss
Ro80_q0.75_L24W_r1.20_th165_k0.25,center profile is not monotone from midplane to GB; center topology fails before requested loss
Ro80_q0.75_L24W_r1.20_th165_k0.50,center profile is not monotone from midplane to GB; center topology fails before requested loss
Ro80_q0.75_L24W_r1.20_th165_k0.75,center profile is not monotone from midplane to GB; center topology fails before requested loss
Ro80_q0.75_L24W_r1.20_th170_k0.00,center profile is not monotone from midplane to GB; center topology fails before requested loss
Ro80_q0.75_L24W_r1.20_th170_k0.25,center profile is not monotone from midplane to GB; center topology fails before requested loss
Ro80_q0.75_L24W_r1.20_th170_k0.50,center profile is not monotone from midplane to GB; center topology fails before requested loss
Ro80_q0.75_L24W_r1.20_th170_k0.75,center profile is not monotone from midplane to GB; center topology fails before requested loss
Ro80_q0.75_L24W_r1.40_th120_k0.00,negative center squared radius; center profile is not monotone from midplane to GB; center topology fails before requested loss; outer profile has multiple radial extrema
Ro80_q0.75_L24W_r1.40_th120_k0.25,negative center squared radius; center profile is not monotone from midplane to GB; center topology fails before requested loss; outer profile has multiple radial extrema
Ro80_q0.75_L24W_r1.40_th120_k0.50,negative center squared radius; center profile is not monotone from midplane to GB; center topology fails before requested loss; outer profile has multiple radial extrema
Ro80_q0.75_L24W_r1.40_th120_k0.75,negative center squared radius; center profile is not monotone from midplane to GB; center topology fails before requested loss; outer profile has multiple radial extrema
Ro80_q0.75_L24W_r1.40_th135_k0.00,negative center squared radius; center profile is not monotone from midplane to GB; center topology fails before requested loss; outer profile has multiple radial extrema
Ro80_q0.75_L24W_r1.40_th135_k0.25,negative center squared radius; center profile is not monotone from midplane to GB; center topology fails before requested loss; outer profile has multiple radial extrema
Ro80_q0.75_L24W_r1.40_th135_k0.50,negative center squared radius; center profile is not monotone from midplane to GB; center topology fails before requested loss; outer profile has multiple radial extrema
Ro80_q0.75_L24W_r1.40_th135_k0.75,negative center squared radius; center profile is not monotone from midplane to GB; center topology fails before requested loss
Ro80_q0.75_L24W_r1.40_th150_k0.00,negative center squared radius; center profile is not monotone from midplane to GB; center topology fails before requested loss
Ro80_q0.75_L24W_r1.40_th150_k0.25,negative center squared radius; center profile is not monotone from midplane to GB; center topology fails before requested loss
Ro80_q0.75_L24W_r1.40_th150_k0.50,negative center squared radius; center profile is not monotone from midplane to GB; center topology fails before requested loss
Ro80_q0.75_L24W_r1.40_th150_k0.75,negative center squared radius; center profile is not monotone from midplane to GB; center topology fails before requested loss
Ro80_q0.75_L24W_r1.40_th165_k0.00,negative center squared radius; center profile is not monotone from midplane to GB; center topology fails before requested loss
Ro80_q0.75_L24W_r1.40_th165_k0.25,negative center squared radius; center profile is not monotone from midplane to GB; center topology fails before requested loss
Ro80_q0.75_L24W_r1.40_th165_k0.50,negative center squared radius; center profile is not monotone from midplane to GB; center topology fails before requested loss
Ro80_q0.75_L24W_r1.40_th165_k0.75,negative center squared radius; center profile is not monotone from midplane to GB; center topology fails before requested loss
Ro80_q0.75_L24W_r1.40_th170_k0.00,negative center squared radius; center profile is not monotone from midplane to GB; center topology fails before requested loss
Ro80_q0.75_L24W_r1.40_th170_k0.25,negative center squared radius; center profile is not monotone from midplane to GB; center topology fails before requested loss
Ro80_q0.75_L24W_r1.40_th170_k0.50,negative center squared radius; center profile is not monotone from midplane to GB; center topology fails before requested loss
Ro80_q0.75_L24W_r1.40_th170_k0.75,negative center squared radius; center profile is not monotone from midplane to GB; center topology fails before requested loss
Ro80_q0.75_L24W_r1.60_th120_k0.00,negative center squared radius; center profile is not monotone from midplane to GB; center topology fails before requested loss; negative outer squared radius
Ro80_q0.75_L24W_r1.60_th120_k0.25,negative center squared radius; center profile is not monotone from midplane to GB; center topology fails before requested loss; negative outer squared radius
Ro80_q0.75_L24W_r1.60_th120_k0.50,negative center squared radius; center profile is not monotone from midplane to GB; center topology fails before requested loss; negative outer squared radius
Ro80_q0.75_L24W_r1.60_th120_k0.75,negative center squared radius; center profile is not monotone from midplane to GB; center topology fails before requested loss; negative outer squared radius
Ro80_q0.75_L24W_r1.60_th135_k0.00,negative center squared radius; center profile is not monotone from midplane to GB; center topology fails before requested loss; negative outer squared radius
Ro80_q0.75_L24W_r1.60_th135_k0.25,negative center squared radius; center profile is not monotone from midplane to GB; center topology fails before requested loss; negative outer squared radius
Ro80_q0.75_L24W_r1.60_th135_k0.50,negative center squared radius; center profile is not monotone from midplane to GB; center topology fails before requested loss; negative outer squared radius
Ro80_q0.75_L24W_r1.60_th135_k0.75,negative center squared radius; center profile is not monotone from midplane to GB; center topology fails before requested loss; negative outer squared radius
Ro80_q0.75_L24W_r1.60_th150_k0.00,negative center squared radius; center profile is not monotone from midplane to GB; center topology fails before requested loss; outer profile has multiple radial extrema
Ro80_q0.75_L24W_r1.60_th150_k0.25,negative center squared radius; center profile is not monotone from midplane to GB; center topology fails before requested loss; outer profile has multiple radial extrema
Ro80_q0.75_L24W_r1.60_th150_k0.50,negative center squared radius; center profile is not monotone from midplane to GB; center topology fails before requested loss; outer profile has multiple radial extrema
Ro80_q0.75_L24W_r1.60_th150_k0.75,negative center squared radius; center profile is not monotone from midplane to GB; center topology fails before requested loss; outer profile has multiple radial extrema
Ro80_q0.75_L24W_r1.60_th165_k0.00,negative center squared radius; center profile is not monotone from midplane to GB; center topology fails before requested loss; outer profile has multiple radial extrema
Ro80_q0.75_L24W_r1.60_th165_k0.25,negative center squared radius; center profile is not monotone from midplane to GB; center topology fails before requested loss; outer profile has multiple radial extrema
Ro80_q0.75_L24W_r1.60_th165_k0.50,negative center squared radius; center profile is not monotone from midplane to GB; center topology fails before requested loss; outer profile has multiple radial extrema
Ro80_q0.75_L24W_r1.60_th165_k0.75,negative center squared radius; center profile is not monotone from midplane to GB; center topology fails before requested loss; outer profile has multiple radial extrema
Ro80_q0.75_L24W_r1.60_th170_k0.00,negative center squared radius; center profile is not monotone from midplane to GB; center topology fails before requested loss; outer profile has multiple radial extrema
Ro80_q0.75_L24W_r1.60_th170_k0.25,negative center squared radius; center profile is not monotone from midplane to GB; center topology fails before requested loss; outer profile has multiple radial extrema
Ro80_q0.75_L24W_r1.60_th170_k0.50,negative center squared radius; center profile is not monotone from midplane to GB; center topology fails before requested loss; outer profile has multiple radial extrema
Ro80_q0.75_L24W_r1.60_th170_k0.75,negative center squared radius; center profile is not monotone from midplane to GB; center topology fails before requested loss; outer profile has multiple radial extrema
Ro80_q0.85_L8W_r0.60_th120_k0.00,contact radius has reached topology loss
Ro80_q0.85_L8W_r0.60_th120_k0.25,contact radius has reached topology loss
Ro80_q0.85_L8W_r0.60_th120_k0.50,contact radius has reached topology loss
Ro80_q0.85_L8W_r0.60_th120_k0.75,contact radius has reached topology loss
Ro80_q0.85_L8W_r0.60_th135_k0.00,contact radius has reached topology loss
Ro80_q0.85_L8W_r0.60_th135_k0.25,contact radius has reached topology loss
Ro80_q0.85_L8W_r0.60_th135_k0.50,contact radius has reached topology loss
Ro80_q0.85_L8W_r0.60_th135_k0.75,contact radius has reached topology loss
Ro80_q0.85_L8W_r0.60_th150_k0.00,contact radius has reached topology loss
Ro80_q0.85_L8W_r0.60_th150_k0.25,contact radius has reached topology loss
Ro80_q0.85_L8W_r0.60_th150_k0.50,contact radius has reached topology loss
Ro80_q0.85_L8W_r0.60_th150_k0.75,contact radius has reached topology loss
Ro80_q0.85_L8W_r0.60_th165_k0.00,contact radius has reached topology loss
Ro80_q0.85_L8W_r0.60_th165_k0.25,contact radius has reached topology loss
Ro80_q0.85_L8W_r0.60_th165_k0.50,contact radius has reached topology loss
Ro80_q0.85_L8W_r0.60_th165_k0.75,contact radius has reached topology loss
Ro80_q0.85_L8W_r0.60_th170_k0.00,contact radius has reached topology loss
Ro80_q0.85_L8W_r0.60_th170_k0.25,contact radius has reached topology loss
Ro80_q0.85_L8W_r0.60_th170_k0.50,contact radius has reached topology loss
Ro80_q0.85_L8W_r0.60_th170_k0.75,contact radius has reached topology loss
Ro80_q0.85_L8W_r0.80_th120_k0.00,TJ radius below 6W
Ro80_q0.85_L8W_r0.80_th120_k0.25,TJ radius below 6W
Ro80_q0.85_L8W_r0.80_th120_k0.50,TJ radius below 6W
Ro80_q0.85_L8W_r0.80_th120_k0.75,TJ radius below 6W
Ro80_q0.85_L8W_r0.80_th135_k0.00,TJ radius below 6W
Ro80_q0.85_L8W_r0.80_th135_k0.25,TJ radius below 6W
Ro80_q0.85_L8W_r0.80_th135_k0.50,TJ radius below 6W
Ro80_q0.85_L8W_r0.80_th135_k0.75,TJ radius below 6W
Ro80_q0.85_L8W_r0.80_th150_k0.00,TJ radius below 6W
Ro80_q0.85_L8W_r0.80_th150_k0.25,TJ radius below 6W
Ro80_q0.85_L8W_r0.80_th150_k0.50,TJ radius below 6W
Ro80_q0.85_L8W_r0.80_th150_k0.75,TJ radius below 6W
Ro80_q0.85_L8W_r0.80_th165_k0.00,TJ radius below 6W
Ro80_q0.85_L8W_r0.80_th165_k0.25,TJ radius below 6W
Ro80_q0.85_L8W_r0.80_th165_k0.50,TJ radius below 6W
Ro80_q0.85_L8W_r0.80_th165_k0.75,TJ radius below 6W
Ro80_q0.85_L8W_r0.80_th170_k0.00,TJ radius below 6W
Ro80_q0.85_L8W_r0.80_th170_k0.25,TJ radius below 6W
Ro80_q0.85_L8W_r0.80_th170_k0.50,TJ radius below 6W
Ro80_q0.85_L8W_r0.80_th170_k0.75,TJ radius below 6W
Ro80_q0.85_L8W_r1.20_th120_k0.00,outer profile has multiple radial extrema
Ro80_q0.85_L8W_r1.20_th120_k0.25,outer profile has multiple radial extrema
Ro80_q0.85_L8W_r1.20_th120_k0.50,outer profile has multiple radial extrema
Ro80_q0.85_L8W_r1.20_th120_k0.75,outer profile has multiple radial extrema
Ro80_q0.85_L8W_r1.40_th120_k0.00,negative outer squared radius
Ro80_q0.85_L8W_r1.40_th120_k0.25,negative outer squared radius
Ro80_q0.85_L8W_r1.40_th120_k0.50,negative outer squared radius
Ro80_q0.85_L8W_r1.40_th120_k0.75,negative outer squared radius
Ro80_q0.85_L8W_r1.40_th135_k0.00,negative outer squared radius
Ro80_q0.85_L8W_r1.40_th135_k0.25,negative outer squared radius
Ro80_q0.85_L8W_r1.40_th135_k0.50,negative outer squared radius
Ro80_q0.85_L8W_r1.40_th135_k0.75,outer profile has multiple radial extrema
Ro80_q0.85_L8W_r1.40_th150_k0.00,outer profile has multiple radial extrema
Ro80_q0.85_L8W_r1.40_th150_k0.25,outer profile has multiple radial extrema
Ro80_q0.85_L8W_r1.40_th150_k0.50,outer profile has multiple radial extrema
Ro80_q0.85_L8W_r1.40_th150_k0.75,outer profile has multiple radial extrema
Ro80_q0.85_L8W_r1.40_th165_k0.00,outer profile has multiple radial extrema
Ro80_q0.85_L8W_r1.40_th165_k0.25,outer profile has multiple radial extrema
Ro80_q0.85_L8W_r1.40_th165_k0.50,outer profile has multiple radial extrema
Ro80_q0.85_L8W_r1.40_th165_k0.75,outer profile has multiple radial extrema
Ro80_q0.85_L8W_r1.40_th170_k0.00,outer profile has multiple radial extrema
Ro80_q0.85_L8W_r1.40_th170_k0.25,outer profile has multiple radial extrema
Ro80_q0.85_L8W_r1.40_th170_k0.50,outer profile has multiple radial extrema
Ro80_q0.85_L8W_r1.40_th170_k0.75,outer profile has multiple radial extrema
Ro80_q0.85_L8W_r1.60_th120_k0.00,negative outer squared radius; contact exceeds outer-body support
Ro80_q0.85_L8W_r1.60_th120_k0.25,negative outer squared radius; contact exceeds outer-body support
Ro80_q0.85_L8W_r1.60_th120_k0.50,negative outer squared radius; contact exceeds outer-body support
Ro80_q0.85_L8W_r1.60_th120_k0.75,negative outer squared radius; contact exceeds outer-body support
Ro80_q0.85_L8W_r1.60_th135_k0.00,negative outer squared radius; contact exceeds outer-body support
Ro80_q0.85_L8W_r1.60_th135_k0.25,negative outer squared radius; contact exceeds outer-body support
Ro80_q0.85_L8W_r1.60_th135_k0.50,negative outer squared radius; contact exceeds outer-body support
Ro80_q0.85_L8W_r1.60_th135_k0.75,negative outer squared radius; contact exceeds outer-body support
Ro80_q0.85_L8W_r1.60_th150_k0.00,negative outer squared radius; contact exceeds outer-body support
Ro80_q0.85_L8W_r1.60_th150_k0.25,negative outer squared radius; contact exceeds outer-body support
Ro80_q0.85_L8W_r1.60_th150_k0.50,negative outer squared radius; contact exceeds outer-body support
Ro80_q0.85_L8W_r1.60_th150_k0.75,negative outer squared radius; contact exceeds outer-body support
Ro80_q0.85_L8W_r1.60_th165_k0.00,negative outer squared radius; contact exceeds outer-body support
Ro80_q0.85_L8W_r1.60_th165_k0.25,negative outer squared radius; contact exceeds outer-body support
Ro80_q0.85_L8W_r1.60_th165_k0.50,negative outer squared radius; contact exceeds outer-body support
Ro80_q0.85_L8W_r1.60_th165_k0.75,negative outer squared radius; contact exceeds outer-body support
Ro80_q0.85_L8W_r1.60_th170_k0.00,negative outer squared radius; contact exceeds outer-body support
Ro80_q0.85_L8W_r1.60_th170_k0.25,negative outer squared radius; contact exceeds outer-body support
Ro80_q0.85_L8W_r1.60_th170_k0.50,negative outer squared radius; contact exceeds outer-body support
Ro80_q0.85_L8W_r1.60_th170_k0.75,negative outer squared radius; contact exceeds outer-body support
Ro80_q0.85_L10W_r0.60_th120_k0.00,contact radius has reached topology loss
Ro80_q0.85_L10W_r0.60_th120_k0.25,contact radius has reached topology loss
Ro80_q0.85_L10W_r0.60_th120_k0.50,contact radius has reached topology loss
Ro80_q0.85_L10W_r0.60_th120_k0.75,contact radius has reached topology loss
Ro80_q0.85_L10W_r0.60_th135_k0.00,contact radius has reached topology loss
Ro80_q0.85_L10W_r0.60_th135_k0.25,contact radius has reached topology loss
Ro80_q0.85_L10W_r0.60_th135_k0.50,contact radius has reached topology loss
Ro80_q0.85_L10W_r0.60_th135_k0.75,contact radius has reached topology loss
Ro80_q0.85_L10W_r0.60_th150_k0.00,contact radius has reached topology loss
Ro80_q0.85_L10W_r0.60_th150_k0.25,contact radius has reached topology loss
Ro80_q0.85_L10W_r0.60_th150_k0.50,contact radius has reached topology loss
Ro80_q0.85_L10W_r0.60_th150_k0.75,contact radius has reached topology loss
Ro80_q0.85_L10W_r0.60_th165_k0.00,contact radius has reached topology loss
Ro80_q0.85_L10W_r0.60_th165_k0.25,contact radius has reached topology loss
Ro80_q0.85_L10W_r0.60_th165_k0.50,contact radius has reached topology loss
Ro80_q0.85_L10W_r0.60_th165_k0.75,contact radius has reached topology loss
Ro80_q0.85_L10W_r0.60_th170_k0.00,contact radius has reached topology loss
Ro80_q0.85_L10W_r0.60_th170_k0.25,contact radius has reached topology loss
Ro80_q0.85_L10W_r0.60_th170_k0.50,contact radius has reached topology loss
Ro80_q0.85_L10W_r0.60_th170_k0.75,contact radius has reached topology loss
Ro80_q0.85_L10W_r1.20_th120_k0.00,outer profile has multiple radial extrema
Ro80_q0.85_L10W_r1.20_th120_k0.25,outer profile has multiple radial extrema
Ro80_q0.85_L10W_r1.20_th120_k0.50,outer profile has multiple radial extrema
Ro80_q0.85_L10W_r1.20_th120_k0.75,outer profile has multiple radial extrema
Ro80_q0.85_L10W_r1.40_th120_k0.00,negative outer squared radius
Ro80_q0.85_L10W_r1.40_th120_k0.25,negative outer squared radius
Ro80_q0.85_L10W_r1.40_th120_k0.50,negative outer squared radius
Ro80_q0.85_L10W_r1.40_th120_k0.75,negative outer squared radius
Ro80_q0.85_L10W_r1.40_th135_k0.00,negative outer squared radius
Ro80_q0.85_L10W_r1.40_th135_k0.25,negative outer squared radius
Ro80_q0.85_L10W_r1.40_th135_k0.50,negative outer squared radius
Ro80_q0.85_L10W_r1.40_th135_k0.75,outer profile has multiple radial extrema
Ro80_q0.85_L10W_r1.40_th150_k0.00,outer profile has multiple radial extrema
Ro80_q0.85_L10W_r1.40_th150_k0.25,outer profile has multiple radial extrema
Ro80_q0.85_L10W_r1.40_th150_k0.50,outer profile has multiple radial extrema
Ro80_q0.85_L10W_r1.40_th150_k0.75,outer profile has multiple radial extrema
Ro80_q0.85_L10W_r1.40_th165_k0.00,outer profile has multiple radial extrema
Ro80_q0.85_L10W_r1.40_th165_k0.25,outer profile has multiple radial extrema
Ro80_q0.85_L10W_r1.40_th165_k0.50,outer profile has multiple radial extrema
Ro80_q0.85_L10W_r1.40_th165_k0.75,outer profile has multiple radial extrema
Ro80_q0.85_L10W_r1.40_th170_k0.00,outer profile has multiple radial extrema
Ro80_q0.85_L10W_r1.40_th170_k0.25,outer profile has multiple radial extrema
Ro80_q0.85_L10W_r1.40_th170_k0.50,outer profile has multiple radial extrema
Ro80_q0.85_L10W_r1.40_th170_k0.75,outer profile has multiple radial extrema
Ro80_q0.85_L10W_r1.60_th120_k0.00,center profile is not monotone from midplane to GB; negative outer squared radius; contact exceeds outer-body support
Ro80_q0.85_L10W_r1.60_th120_k0.25,center profile is not monotone from midplane to GB; negative outer squared radius; contact exceeds outer-body support
Ro80_q0.85_L10W_r1.60_th120_k0.50,center profile is not monotone from midplane to GB; negative outer squared radius; contact exceeds outer-body support
Ro80_q0.85_L10W_r1.60_th120_k0.75,center profile is not monotone from midplane to GB; negative outer squared radius; contact exceeds outer-body support
Ro80_q0.85_L10W_r1.60_th135_k0.00,center profile is not monotone from midplane to GB; negative outer squared radius; contact exceeds outer-body support
Ro80_q0.85_L10W_r1.60_th135_k0.25,center profile is not monotone from midplane to GB; negative outer squared radius; contact exceeds outer-body support
Ro80_q0.85_L10W_r1.60_th135_k0.50,center profile is not monotone from midplane to GB; negative outer squared radius; contact exceeds outer-body support
Ro80_q0.85_L10W_r1.60_th135_k0.75,center profile is not monotone from midplane to GB; negative outer squared radius; contact exceeds outer-body support
Ro80_q0.85_L10W_r1.60_th150_k0.00,center profile is not monotone from midplane to GB; negative outer squared radius; contact exceeds outer-body support
Ro80_q0.85_L10W_r1.60_th150_k0.25,center profile is not monotone from midplane to GB; negative outer squared radius; contact exceeds outer-body support
Ro80_q0.85_L10W_r1.60_th150_k0.50,center profile is not monotone from midplane to GB; negative outer squared radius; contact exceeds outer-body support
Ro80_q0.85_L10W_r1.60_th150_k0.75,center profile is not monotone from midplane to GB; negative outer squared radius; contact exceeds outer-body support
Ro80_q0.85_L10W_r1.60_th165_k0.00,center profile is not monotone from midplane to GB; negative outer squared radius; contact exceeds outer-body support
Ro80_q0.85_L10W_r1.60_th165_k0.25,center profile is not monotone from midplane to GB; negative outer squared radius; contact exceeds outer-body support
Ro80_q0.85_L10W_r1.60_th165_k0.50,center profile is not monotone from midplane to GB; negative outer squared radius; contact exceeds outer-body support
Ro80_q0.85_L10W_r1.60_th165_k0.75,center profile is not monotone from midplane to GB; negative outer squared radius; contact exceeds outer-body support
Ro80_q0.85_L10W_r1.60_th170_k0.00,center profile is not monotone from midplane to GB; negative outer squared radius; contact exceeds outer-body support
Ro80_q0.85_L10W_r1.60_th170_k0.25,center profile is not monotone from midplane to GB; negative outer squared radius; contact exceeds outer-body support
Ro80_q0.85_L10W_r1.60_th170_k0.50,center profile is not monotone from midplane to GB; negative outer squared radius; contact exceeds outer-body support
Ro80_q0.85_L10W_r1.60_th170_k0.75,center profile is not monotone from midplane to GB; negative outer squared radius; contact exceeds outer-body support
Ro80_q0.85_L12W_r0.60_th120_k0.00,contact radius has reached topology loss
Ro80_q0.85_L12W_r0.60_th120_k0.25,contact radius has reached topology loss
Ro80_q0.85_L12W_r0.60_th120_k0.50,contact radius has reached topology loss
Ro80_q0.85_L12W_r0.60_th120_k0.75,contact radius has reached topology loss
Ro80_q0.85_L12W_r0.60_th135_k0.00,contact radius has reached topology loss
Ro80_q0.85_L12W_r0.60_th135_k0.25,contact radius has reached topology loss
Ro80_q0.85_L12W_r0.60_th135_k0.50,contact radius has reached topology loss
Ro80_q0.85_L12W_r0.60_th135_k0.75,contact radius has reached topology loss
Ro80_q0.85_L12W_r0.60_th150_k0.00,contact radius has reached topology loss
Ro80_q0.85_L12W_r0.60_th150_k0.25,contact radius has reached topology loss
Ro80_q0.85_L12W_r0.60_th150_k0.50,contact radius has reached topology loss
Ro80_q0.85_L12W_r0.60_th150_k0.75,contact radius has reached topology loss
Ro80_q0.85_L12W_r0.60_th165_k0.00,contact radius has reached topology loss
Ro80_q0.85_L12W_r0.60_th165_k0.25,contact radius has reached topology loss
Ro80_q0.85_L12W_r0.60_th165_k0.50,contact radius has reached topology loss
Ro80_q0.85_L12W_r0.60_th165_k0.75,contact radius has reached topology loss
Ro80_q0.85_L12W_r0.60_th170_k0.00,contact radius has reached topology loss
Ro80_q0.85_L12W_r0.60_th170_k0.25,contact radius has reached topology loss
Ro80_q0.85_L12W_r0.60_th170_k0.50,contact radius has reached topology loss
Ro80_q0.85_L12W_r0.60_th170_k0.75,contact radius has reached topology loss
Ro80_q0.85_L12W_r1.20_th120_k0.00,outer profile has multiple radial extrema
Ro80_q0.85_L12W_r1.20_th120_k0.25,outer profile has multiple radial extrema
Ro80_q0.85_L12W_r1.20_th120_k0.50,outer profile has multiple radial extrema
Ro80_q0.85_L12W_r1.20_th120_k0.75,outer profile has multiple radial extrema
Ro80_q0.85_L12W_r1.20_th170_k0.75,outer profile has multiple radial extrema
Ro80_q0.85_L12W_r1.40_th120_k0.00,center profile is not monotone from midplane to GB; negative outer squared radius
Ro80_q0.85_L12W_r1.40_th120_k0.25,center profile is not monotone from midplane to GB; negative outer squared radius
Ro80_q0.85_L12W_r1.40_th120_k0.50,center profile is not monotone from midplane to GB; negative outer squared radius
Ro80_q0.85_L12W_r1.40_th120_k0.75,center profile is not monotone from midplane to GB; negative outer squared radius
Ro80_q0.85_L12W_r1.40_th135_k0.00,center profile is not monotone from midplane to GB; negative outer squared radius
Ro80_q0.85_L12W_r1.40_th135_k0.25,center profile is not monotone from midplane to GB; negative outer squared radius
Ro80_q0.85_L12W_r1.40_th135_k0.50,center profile is not monotone from midplane to GB; negative outer squared radius
Ro80_q0.85_L12W_r1.40_th135_k0.75,center profile is not monotone from midplane to GB; outer profile has multiple radial extrema
Ro80_q0.85_L12W_r1.40_th150_k0.00,center profile is not monotone from midplane to GB; outer profile has multiple radial extrema
Ro80_q0.85_L12W_r1.40_th150_k0.25,center profile is not monotone from midplane to GB; outer profile has multiple radial extrema
Ro80_q0.85_L12W_r1.40_th150_k0.50,center profile is not monotone from midplane to GB; outer profile has multiple radial extrema
Ro80_q0.85_L12W_r1.40_th150_k0.75,center profile is not monotone from midplane to GB; outer profile has multiple radial extrema
Ro80_q0.85_L12W_r1.40_th165_k0.00,center profile is not monotone from midplane to GB; outer profile has multiple radial extrema
Ro80_q0.85_L12W_r1.40_th165_k0.25,center profile is not monotone from midplane to GB; outer profile has multiple radial extrema
Ro80_q0.85_L12W_r1.40_th165_k0.50,center profile is not monotone from midplane to GB; outer profile has multiple radial extrema
Ro80_q0.85_L12W_r1.40_th165_k0.75,center profile is not monotone from midplane to GB; outer profile has multiple radial extrema
Ro80_q0.85_L12W_r1.40_th170_k0.00,center profile is not monotone from midplane to GB; outer profile has multiple radial extrema
Ro80_q0.85_L12W_r1.40_th170_k0.25,center profile is not monotone from midplane to GB; outer profile has multiple radial extrema
Ro80_q0.85_L12W_r1.40_th170_k0.50,center profile is not monotone from midplane to GB; outer profile has multiple radial extrema
Ro80_q0.85_L12W_r1.40_th170_k0.75,center profile is not monotone from midplane to GB; outer profile has multiple radial extrema
Ro80_q0.85_L12W_r1.60_th120_k0.00,center profile is not monotone from midplane to GB; negative outer squared radius; contact exceeds outer-body support
Ro80_q0.85_L12W_r1.60_th120_k0.25,center profile is not monotone from midplane to GB; negative outer squared radius; contact exceeds outer-body support
Ro80_q0.85_L12W_r1.60_th120_k0.50,center profile is not monotone from midplane to GB; negative outer squared radius; contact exceeds outer-body support
Ro80_q0.85_L12W_r1.60_th120_k0.75,center profile is not monotone from midplane to GB; negative outer squared radius; contact exceeds outer-body support
Ro80_q0.85_L12W_r1.60_th135_k0.00,center profile is not monotone from midplane to GB; negative outer squared radius; contact exceeds outer-body support
Ro80_q0.85_L12W_r1.60_th135_k0.25,center profile is not monotone from midplane to GB; negative outer squared radius; contact exceeds outer-body support
Ro80_q0.85_L12W_r1.60_th135_k0.50,center profile is not monotone from midplane to GB; negative outer squared radius; contact exceeds outer-body support
Ro80_q0.85_L12W_r1.60_th135_k0.75,center profile is not monotone from midplane to GB; negative outer squared radius; contact exceeds outer-body support
Ro80_q0.85_L12W_r1.60_th150_k0.00,center profile is not monotone from midplane to GB; negative outer squared radius; contact exceeds outer-body support
Ro80_q0.85_L12W_r1.60_th150_k0.25,center profile is not monotone from midplane to GB; negative outer squared radius; contact exceeds outer-body support
Ro80_q0.85_L12W_r1.60_th150_k0.50,center profile is not monotone from midplane to GB; negative outer squared radius; contact exceeds outer-body support
Ro80_q0.85_L12W_r1.60_th150_k0.75,center profile is not monotone from midplane to GB; negative outer squared radius; contact exceeds outer-body support
Ro80_q0.85_L12W_r1.60_th165_k0.00,center profile is not monotone from midplane to GB; negative outer squared radius; contact exceeds outer-body support
Ro80_q0.85_L12W_r1.60_th165_k0.25,center profile is not monotone from midplane to GB; negative outer squared radius; contact exceeds outer-body support
Ro80_q0.85_L12W_r1.60_th165_k0.50,center profile is not monotone from midplane to GB; negative outer squared radius; contact exceeds outer-body support
Ro80_q0.85_L12W_r1.60_th165_k0.75,center profile is not monotone from midplane to GB; negative outer squared radius; contact exceeds outer-body support
Ro80_q0.85_L12W_r1.60_th170_k0.00,center profile is not monotone from midplane to GB; negative outer squared radius; contact exceeds outer-body support
Ro80_q0.85_L12W_r1.60_th170_k0.25,center profile is not monotone from midplane to GB; negative outer squared radius; contact exceeds outer-body support
Ro80_q0.85_L12W_r1.60_th170_k0.50,center profile is not monotone from midplane to GB; negative outer squared radius; contact exceeds outer-body support
Ro80_q0.85_L12W_r1.60_th170_k0.75,center profile is not monotone from midplane to GB; negative outer squared radius; contact exceeds outer-body support
Ro80_q0.85_L16W_r0.60_th120_k0.00,TJ radius below 6W
Ro80_q0.85_L16W_r0.60_th120_k0.25,TJ radius below 6W
Ro80_q0.85_L16W_r0.60_th120_k0.50,TJ radius below 6W
Ro80_q0.85_L16W_r0.60_th120_k0.75,TJ radius below 6W
Ro80_q0.85_L16W_r0.60_th135_k0.00,TJ radius below 6W
Ro80_q0.85_L16W_r0.60_th135_k0.25,TJ radius below 6W
Ro80_q0.85_L16W_r0.60_th135_k0.50,TJ radius below 6W
Ro80_q0.85_L16W_r0.60_th135_k0.75,TJ radius below 6W
Ro80_q0.85_L16W_r0.60_th150_k0.00,TJ radius below 6W
Ro80_q0.85_L16W_r0.60_th150_k0.25,TJ radius below 6W
Ro80_q0.85_L16W_r0.60_th150_k0.50,TJ radius below 6W
Ro80_q0.85_L16W_r0.60_th150_k0.75,TJ radius below 6W
Ro80_q0.85_L16W_r0.60_th165_k0.00,TJ radius below 6W
Ro80_q0.85_L16W_r0.60_th165_k0.25,TJ radius below 6W
Ro80_q0.85_L16W_r0.60_th165_k0.50,TJ radius below 6W
Ro80_q0.85_L16W_r0.60_th165_k0.75,TJ radius below 6W
Ro80_q0.85_L16W_r0.60_th170_k0.00,TJ radius below 6W
Ro80_q0.85_L16W_r0.60_th170_k0.25,TJ radius below 6W
Ro80_q0.85_L16W_r0.60_th170_k0.50,TJ radius below 6W
Ro80_q0.85_L16W_r0.60_th170_k0.75,TJ radius below 6W
Ro80_q0.85_L16W_r1.20_th120_k0.00,center profile is not monotone from midplane to GB; outer profile has multiple radial extrema
Ro80_q0.85_L16W_r1.20_th120_k0.25,center profile is not monotone from midplane to GB; outer profile has multiple radial extrema
Ro80_q0.85_L16W_r1.20_th120_k0.50,center profile is not monotone from midplane to GB; outer profile has multiple radial extrema
Ro80_q0.85_L16W_r1.20_th120_k0.75,center profile is not monotone from midplane to GB; outer profile has multiple radial extrema
Ro80_q0.85_L16W_r1.20_th135_k0.00,center profile is not monotone from midplane to GB
Ro80_q0.85_L16W_r1.20_th135_k0.25,center profile is not monotone from midplane to GB
Ro80_q0.85_L16W_r1.20_th135_k0.50,center profile is not monotone from midplane to GB
Ro80_q0.85_L16W_r1.20_th135_k0.75,center profile is not monotone from midplane to GB
Ro80_q0.85_L16W_r1.20_th150_k0.00,center profile is not monotone from midplane to GB
Ro80_q0.85_L16W_r1.20_th150_k0.25,center profile is not monotone from midplane to GB
Ro80_q0.85_L16W_r1.20_th150_k0.50,center profile is not monotone from midplane to GB
Ro80_q0.85_L16W_r1.20_th150_k0.75,center profile is not monotone from midplane to GB
Ro80_q0.85_L16W_r1.20_th165_k0.00,center profile is not monotone from midplane to GB
Ro80_q0.85_L16W_r1.20_th165_k0.25,center profile is not monotone from midplane to GB
Ro80_q0.85_L16W_r1.20_th165_k0.50,center profile is not monotone from midplane to GB
Ro80_q0.85_L16W_r1.20_th165_k0.75,center profile is not monotone from midplane to GB
Ro80_q0.85_L16W_r1.20_th170_k0.00,center profile is not monotone from midplane to GB
Ro80_q0.85_L16W_r1.20_th170_k0.25,center profile is not monotone from midplane to GB
Ro80_q0.85_L16W_r1.20_th170_k0.50,center profile is not monotone from midplane to GB
Ro80_q0.85_L16W_r1.20_th170_k0.75,center profile is not monotone from midplane to GB
Ro80_q0.85_L16W_r1.40_th120_k0.00,center profile is not monotone from midplane to GB; negative outer squared radius
Ro80_q0.85_L16W_r1.40_th120_k0.25,center profile is not monotone from midplane to GB; negative outer squared radius
Ro80_q0.85_L16W_r1.40_th120_k0.50,center profile is not monotone from midplane to GB; negative outer squared radius
Ro80_q0.85_L16W_r1.40_th120_k0.75,center profile is not monotone from midplane to GB; negative outer squared radius
Ro80_q0.85_L16W_r1.40_th135_k0.00,center profile is not monotone from midplane to GB; negative outer squared radius
Ro80_q0.85_L16W_r1.40_th135_k0.25,center profile is not monotone from midplane to GB; negative outer squared radius
Ro80_q0.85_L16W_r1.40_th135_k0.50,center profile is not monotone from midplane to GB; negative outer squared radius
Ro80_q0.85_L16W_r1.40_th135_k0.75,center profile is not monotone from midplane to GB; outer profile has multiple radial extrema
Ro80_q0.85_L16W_r1.40_th150_k0.00,center profile is not monotone from midplane to GB; outer profile has multiple radial extrema
Ro80_q0.85_L16W_r1.40_th150_k0.25,center profile is not monotone from midplane to GB; outer profile has multiple radial extrema
Ro80_q0.85_L16W_r1.40_th150_k0.50,center profile is not monotone from midplane to GB; outer profile has multiple radial extrema
Ro80_q0.85_L16W_r1.40_th150_k0.75,center profile is not monotone from midplane to GB; outer profile has multiple radial extrema
Ro80_q0.85_L16W_r1.40_th165_k0.00,center profile is not monotone from midplane to GB; outer profile has multiple radial extrema
Ro80_q0.85_L16W_r1.40_th165_k0.25,center profile is not monotone from midplane to GB; outer profile has multiple radial extrema
Ro80_q0.85_L16W_r1.40_th165_k0.50,center profile is not monotone from midplane to GB; outer profile has multiple radial extrema
Ro80_q0.85_L16W_r1.40_th165_k0.75,center profile is not monotone from midplane to GB; outer profile has multiple radial extrema
Ro80_q0.85_L16W_r1.40_th170_k0.00,center profile is not monotone from midplane to GB; outer profile has multiple radial extrema
Ro80_q0.85_L16W_r1.40_th170_k0.25,center profile is not monotone from midplane to GB; outer profile has multiple radial extrema
Ro80_q0.85_L16W_r1.40_th170_k0.50,center profile is not monotone from midplane to GB; outer profile has multiple radial extrema
Ro80_q0.85_L16W_r1.40_th170_k0.75,center profile is not monotone from midplane to GB; outer profile has multiple radial extrema
Ro80_q0.85_L16W_r1.60_th120_k0.00,negative center squared radius; center profile is not monotone from midplane to GB; center topology fails before requested loss; negative outer squared radius; contact exceeds outer-body support
Ro80_q0.85_L16W_r1.60_th120_k0.25,negative center squared radius; center profile is not monotone from midplane to GB; center topology fails before requested loss; negative outer squared radius; contact exceeds outer-body support
Ro80_q0.85_L16W_r1.60_th120_k0.50,negative center squared radius; center profile is not monotone from midplane to GB; center topology fails before requested loss; negative outer squared radius; contact exceeds outer-body support
Ro80_q0.85_L16W_r1.60_th120_k0.75,negative center squared radius; center profile is not monotone from midplane to GB; center topology fails before requested loss; negative outer squared radius; contact exceeds outer-body support
Ro80_q0.85_L16W_r1.60_th135_k0.00,negative center squared radius; center profile is not monotone from midplane to GB; center topology fails before requested loss; negative outer squared radius; contact exceeds outer-body support
Ro80_q0.85_L16W_r1.60_th135_k0.25,negative center squared radius; center profile is not monotone from midplane to GB; center topology fails before requested loss; negative outer squared radius; contact exceeds outer-body support
Ro80_q0.85_L16W_r1.60_th135_k0.50,negative center squared radius; center profile is not monotone from midplane to GB; center topology fails before requested loss; negative outer squared radius; contact exceeds outer-body support
Ro80_q0.85_L16W_r1.60_th135_k0.75,negative center squared radius; center profile is not monotone from midplane to GB; center topology fails before requested loss; negative outer squared radius; contact exceeds outer-body support
Ro80_q0.85_L16W_r1.60_th150_k0.00,negative center squared radius; center profile is not monotone from midplane to GB; center topology fails before requested loss; negative outer squared radius; contact exceeds outer-body support
Ro80_q0.85_L16W_r1.60_th150_k0.25,negative center squared radius; center profile is not monotone from midplane to GB; center topology fails before requested loss; negative outer squared radius; contact exceeds outer-body support
Ro80_q0.85_L16W_r1.60_th150_k0.50,negative center squared radius; center profile is not monotone from midplane to GB; center topology fails before requested loss; negative outer squared radius; contact exceeds outer-body support
Ro80_q0.85_L16W_r1.60_th150_k0.75,negative center squared radius; center profile is not monotone from midplane to GB; center topology fails before requested loss; negative outer squared radius; contact exceeds outer-body support
Ro80_q0.85_L16W_r1.60_th165_k0.00,center profile is not monotone from midplane to GB; center topology fails before requested loss; negative outer squared radius; contact exceeds outer-body support
Ro80_q0.85_L16W_r1.60_th165_k0.25,center profile is not monotone from midplane to GB; center topology fails before requested loss; negative outer squared radius; contact exceeds outer-body support
Ro80_q0.85_L16W_r1.60_th165_k0.50,center profile is not monotone from midplane to GB; center topology fails before requested loss; negative outer squared radius; contact exceeds outer-body support
Ro80_q0.85_L16W_r1.60_th165_k0.75,center profile is not monotone from midplane to GB; center topology fails before requested loss; negative outer squared radius; contact exceeds outer-body support
Ro80_q0.85_L16W_r1.60_th170_k0.00,center profile is not monotone from midplane to GB; center topology fails before requested loss; negative outer squared radius; contact exceeds outer-body support
Ro80_q0.85_L16W_r1.60_th170_k0.25,center profile is not monotone from midplane to GB; center topology fails before requested loss; negative outer squared radius; contact exceeds outer-body support
Ro80_q0.85_L16W_r1.60_th170_k0.50,center profile is not monotone from midplane to GB; center topology fails before requested loss; negative outer squared radius; contact exceeds outer-body support
Ro80_q0.85_L16W_r1.60_th170_k0.75,center profile is not monotone from midplane to GB; center topology fails before requested loss; negative outer squared radius; contact exceeds outer-body support
Ro80_q0.85_L20W_r1.00_th120_k0.00,center profile is not monotone from midplane to GB
Ro80_q0.85_L20W_r1.00_th120_k0.25,center profile is not monotone from midplane to GB
Ro80_q0.85_L20W_r1.00_th120_k0.50,center profile is not monotone from midplane to GB
Ro80_q0.85_L20W_r1.00_th120_k0.75,center profile is not monotone from midplane to GB
Ro80_q0.85_L20W_r1.00_th135_k0.00,center profile is not monotone from midplane to GB
Ro80_q0.85_L20W_r1.00_th135_k0.25,center profile is not monotone from midplane to GB
Ro80_q0.85_L20W_r1.20_th120_k0.00,center profile is not monotone from midplane to GB; outer profile has multiple radial extrema
Ro80_q0.85_L20W_r1.20_th120_k0.25,center profile is not monotone from midplane to GB; outer profile has multiple radial extrema
Ro80_q0.85_L20W_r1.20_th120_k0.50,center profile is not monotone from midplane to GB; outer profile has multiple radial extrema
Ro80_q0.85_L20W_r1.20_th120_k0.75,center profile is not monotone from midplane to GB; outer profile has multiple radial extrema
Ro80_q0.85_L20W_r1.20_th135_k0.00,center profile is not monotone from midplane to GB
Ro80_q0.85_L20W_r1.20_th135_k0.25,center profile is not monotone from midplane to GB
Ro80_q0.85_L20W_r1.20_th135_k0.50,center profile is not monotone from midplane to GB
Ro80_q0.85_L20W_r1.20_th135_k0.75,center profile is not monotone from midplane to GB
Ro80_q0.85_L20W_r1.20_th150_k0.00,center profile is not monotone from midplane to GB
Ro80_q0.85_L20W_r1.20_th150_k0.25,center profile is not monotone from midplane to GB
Ro80_q0.85_L20W_r1.20_th150_k0.50,center profile is not monotone from midplane to GB
Ro80_q0.85_L20W_r1.20_th150_k0.75,center profile is not monotone from midplane to GB
Ro80_q0.85_L20W_r1.20_th165_k0.00,center profile is not monotone from midplane to GB
Ro80_q0.85_L20W_r1.20_th165_k0.25,center profile is not monotone from midplane to GB
Ro80_q0.85_L20W_r1.20_th165_k0.50,center profile is not monotone from midplane to GB
Ro80_q0.85_L20W_r1.20_th165_k0.75,center profile is not monotone from midplane to GB
Ro80_q0.85_L20W_r1.20_th170_k0.00,center profile is not monotone from midplane to GB
Ro80_q0.85_L20W_r1.20_th170_k0.25,center profile is not monotone from midplane to GB
Ro80_q0.85_L20W_r1.20_th170_k0.50,center profile is not monotone from midplane to GB
Ro80_q0.85_L20W_r1.20_th170_k0.75,center profile is not monotone from midplane to GB
Ro80_q0.85_L20W_r1.40_th120_k0.00,negative center squared radius; center profile is not monotone from midplane to GB; center topology fails before requested loss; negative outer squared radius
Ro80_q0.85_L20W_r1.40_th120_k0.25,negative center squared radius; center profile is not monotone from midplane to GB; center topology fails before requested loss; negative outer squared radius
Ro80_q0.85_L20W_r1.40_th120_k0.50,negative center squared radius; center profile is not monotone from midplane to GB; center topology fails before requested loss; negative outer squared radius
Ro80_q0.85_L20W_r1.40_th120_k0.75,negative center squared radius; center profile is not monotone from midplane to GB; center topology fails before requested loss; negative outer squared radius
Ro80_q0.85_L20W_r1.40_th135_k0.00,negative center squared radius; center profile is not monotone from midplane to GB; center topology fails before requested loss; negative outer squared radius
Ro80_q0.85_L20W_r1.40_th135_k0.25,negative center squared radius; center profile is not monotone from midplane to GB; center topology fails before requested loss; negative outer squared radius
Ro80_q0.85_L20W_r1.40_th135_k0.50,negative center squared radius; center profile is not monotone from midplane to GB; center topology fails before requested loss; negative outer squared radius
Ro80_q0.85_L20W_r1.40_th135_k0.75,negative center squared radius; center profile is not monotone from midplane to GB; center topology fails before requested loss; outer profile has multiple radial extrema
Ro80_q0.85_L20W_r1.40_th150_k0.00,center profile is not monotone from midplane to GB; center topology fails before requested loss; outer profile has multiple radial extrema
Ro80_q0.85_L20W_r1.40_th150_k0.25,center profile is not monotone from midplane to GB; center topology fails before requested loss; outer profile has multiple radial extrema
Ro80_q0.85_L20W_r1.40_th150_k0.50,center profile is not monotone from midplane to GB; center topology fails before requested loss; outer profile has multiple radial extrema
Ro80_q0.85_L20W_r1.40_th150_k0.75,center profile is not monotone from midplane to GB; center topology fails before requested loss; outer profile has multiple radial extrema
Ro80_q0.85_L20W_r1.40_th165_k0.00,center profile is not monotone from midplane to GB; center topology fails before requested loss; outer profile has multiple radial extrema
Ro80_q0.85_L20W_r1.40_th165_k0.25,center profile is not monotone from midplane to GB; center topology fails before requested loss; outer profile has multiple radial extrema
Ro80_q0.85_L20W_r1.40_th165_k0.50,center profile is not monotone from midplane to GB; center topology fails before requested loss; outer profile has multiple radial extrema
Ro80_q0.85_L20W_r1.40_th165_k0.75,center profile is not monotone from midplane to GB; center topology fails before requested loss; outer profile has multiple radial extrema
Ro80_q0.85_L20W_r1.40_th170_k0.00,center profile is not monotone from midplane to GB; center topology fails before requested loss; outer profile has multiple radial extrema
Ro80_q0.85_L20W_r1.40_th170_k0.25,center profile is not monotone from midplane to GB; center topology fails before requested loss; outer profile has multiple radial extrema
Ro80_q0.85_L20W_r1.40_th170_k0.50,center profile is not monotone from midplane to GB; center topology fails before requested loss; outer profile has multiple radial extrema
Ro80_q0.85_L20W_r1.40_th170_k0.75,center profile is not monotone from midplane to GB; center topology fails before requested loss; outer profile has multiple radial extrema
Ro80_q0.85_L20W_r1.60_th120_k0.00,negative center squared radius; center profile is not monotone from midplane to GB; center topology fails before requested loss; negative outer squared radius; contact exceeds outer-body support
Ro80_q0.85_L20W_r1.60_th120_k0.25,negative center squared radius; center profile is not monotone from midplane to GB; center topology fails before requested loss; negative outer squared radius; contact exceeds outer-body support
Ro80_q0.85_L20W_r1.60_th120_k0.50,negative center squared radius; center profile is not monotone from midplane to GB; center topology fails before requested loss; negative outer squared radius; contact exceeds outer-body support
Ro80_q0.85_L20W_r1.60_th120_k0.75,negative center squared radius; center profile is not monotone from midplane to GB; center topology fails before requested loss; negative outer squared radius; contact exceeds outer-body support
Ro80_q0.85_L20W_r1.60_th135_k0.00,negative center squared radius; center profile is not monotone from midplane to GB; center topology fails before requested loss; negative outer squared radius; contact exceeds outer-body support
Ro80_q0.85_L20W_r1.60_th135_k0.25,negative center squared radius; center profile is not monotone from midplane to GB; center topology fails before requested loss; negative outer squared radius; contact exceeds outer-body support
Ro80_q0.85_L20W_r1.60_th135_k0.50,negative center squared radius; center profile is not monotone from midplane to GB; center topology fails before requested loss; negative outer squared radius; contact exceeds outer-body support
Ro80_q0.85_L20W_r1.60_th135_k0.75,negative center squared radius; center profile is not monotone from midplane to GB; center topology fails before requested loss; negative outer squared radius; contact exceeds outer-body support
Ro80_q0.85_L20W_r1.60_th150_k0.00,negative center squared radius; center profile is not monotone from midplane to GB; center topology fails before requested loss; negative outer squared radius; contact exceeds outer-body support
Ro80_q0.85_L20W_r1.60_th150_k0.25,negative center squared radius; center profile is not monotone from midplane to GB; center topology fails before requested loss; negative outer squared radius; contact exceeds outer-body support
Ro80_q0.85_L20W_r1.60_th150_k0.50,negative center squared radius; center profile is not monotone from midplane to GB; center topology fails before requested loss; negative outer squared radius; contact exceeds outer-body support
Ro80_q0.85_L20W_r1.60_th150_k0.75,negative center squared radius; center profile is not monotone from midplane to GB; center topology fails before requested loss; negative outer squared radius; contact exceeds outer-body support
Ro80_q0.85_L20W_r1.60_th165_k0.00,negative center squared radius; center profile is not monotone from midplane to GB; center topology fails before requested loss; negative outer squared radius; contact exceeds outer-body support
Ro80_q0.85_L20W_r1.60_th165_k0.25,negative center squared radius; center profile is not monotone from midplane to GB; center topology fails before requested loss; negative outer squared radius; contact exceeds outer-body support
Ro80_q0.85_L20W_r1.60_th165_k0.50,negative center squared radius; center profile is not monotone from midplane to GB; center topology fails before requested loss; negative outer squared radius; contact exceeds outer-body support
Ro80_q0.85_L20W_r1.60_th165_k0.75,negative center squared radius; center profile is not monotone from midplane to GB; center topology fails before requested loss; negative outer squared radius; contact exceeds outer-body support
Ro80_q0.85_L20W_r1.60_th170_k0.00,negative center squared radius; center profile is not monotone from midplane to GB; center topology fails before requested loss; negative outer squared radius; contact exceeds outer-body support
Ro80_q0.85_L20W_r1.60_th170_k0.25,negative center squared radius; center profile is not monotone from midplane to GB; center topology fails before requested loss; negative outer squared radius; contact exceeds outer-body support
Ro80_q0.85_L20W_r1.60_th170_k0.50,negative center squared radius; center profile is not monotone from midplane to GB; center topology fails before requested loss; negative outer squared radius; contact exceeds outer-body support
Ro80_q0.85_L20W_r1.60_th170_k0.75,negative center squared radius; center profile is not monotone from midplane to GB; center topology fails before requested loss; negative outer squared radius; contact exceeds outer-body support
Ro80_q0.85_L24W_r1.00_th120_k0.00,center profile is not monotone from midplane to GB
Ro80_q0.85_L24W_r1.00_th120_k0.25,center profile is not monotone from midplane to GB
Ro80_q0.85_L24W_r1.00_th120_k0.50,center profile is not monotone from midplane to GB
Ro80_q0.85_L24W_r1.00_th120_k0.75,center profile is not monotone from midplane to GB
Ro80_q0.85_L24W_r1.00_th135_k0.00,center profile is not monotone from midplane to GB
Ro80_q0.85_L24W_r1.00_th135_k0.25,center profile is not monotone from midplane to GB
Ro80_q0.85_L24W_r1.00_th135_k0.50,center profile is not monotone from midplane to GB
Ro80_q0.85_L24W_r1.00_th135_k0.75,center profile is not monotone from midplane to GB
Ro80_q0.85_L24W_r1.00_th150_k0.00,center profile is not monotone from midplane to GB
Ro80_q0.85_L24W_r1.00_th150_k0.25,center profile is not monotone from midplane to GB
Ro80_q0.85_L24W_r1.00_th150_k0.50,center profile is not monotone from midplane to GB
Ro80_q0.85_L24W_r1.00_th150_k0.75,center profile is not monotone from midplane to GB
Ro80_q0.85_L24W_r1.00_th165_k0.00,center profile is not monotone from midplane to GB
Ro80_q0.85_L24W_r1.00_th165_k0.25,center profile is not monotone from midplane to GB
Ro80_q0.85_L24W_r1.00_th165_k0.50,center profile is not monotone from midplane to GB
Ro80_q0.85_L24W_r1.00_th165_k0.75,center profile is not monotone from midplane to GB
Ro80_q0.85_L24W_r1.00_th170_k0.00,center profile is not monotone from midplane to GB
Ro80_q0.85_L24W_r1.00_th170_k0.25,center profile is not monotone from midplane to GB
Ro80_q0.85_L24W_r1.00_th170_k0.50,center profile is not monotone from midplane to GB
Ro80_q0.85_L24W_r1.00_th170_k0.75,center profile is not monotone from midplane to GB
Ro80_q0.85_L24W_r1.20_th120_k0.00,center profile is not monotone from midplane to GB; center topology fails before requested loss; outer profile has multiple radial extrema
Ro80_q0.85_L24W_r1.20_th120_k0.25,center profile is not monotone from midplane to GB; center topology fails before requested loss; outer profile has multiple radial extrema
Ro80_q0.85_L24W_r1.20_th120_k0.50,center profile is not monotone from midplane to GB; center topology fails before requested loss; outer profile has multiple radial extrema
Ro80_q0.85_L24W_r1.20_th120_k0.75,center profile is not monotone from midplane to GB; center topology fails before requested loss; outer profile has multiple radial extrema
Ro80_q0.85_L24W_r1.20_th135_k0.00,center profile is not monotone from midplane to GB; center topology fails before requested loss
Ro80_q0.85_L24W_r1.20_th135_k0.25,center profile is not monotone from midplane to GB; center topology fails before requested loss
Ro80_q0.85_L24W_r1.20_th135_k0.50,center profile is not monotone from midplane to GB
Ro80_q0.85_L24W_r1.20_th135_k0.75,center profile is not monotone from midplane to GB
Ro80_q0.85_L24W_r1.20_th150_k0.00,center profile is not monotone from midplane to GB
Ro80_q0.85_L24W_r1.20_th150_k0.25,center profile is not monotone from midplane to GB
Ro80_q0.85_L24W_r1.20_th150_k0.50,center profile is not monotone from midplane to GB
Ro80_q0.85_L24W_r1.20_th150_k0.75,center profile is not monotone from midplane to GB
Ro80_q0.85_L24W_r1.20_th165_k0.00,center profile is not monotone from midplane to GB
Ro80_q0.85_L24W_r1.20_th165_k0.25,center profile is not monotone from midplane to GB
Ro80_q0.85_L24W_r1.20_th165_k0.50,center profile is not monotone from midplane to GB
Ro80_q0.85_L24W_r1.20_th165_k0.75,center profile is not monotone from midplane to GB
Ro80_q0.85_L24W_r1.20_th170_k0.00,center profile is not monotone from midplane to GB
Ro80_q0.85_L24W_r1.20_th170_k0.25,center profile is not monotone from midplane to GB
Ro80_q0.85_L24W_r1.20_th170_k0.50,center profile is not monotone from midplane to GB
Ro80_q0.85_L24W_r1.20_th170_k0.75,center profile is not monotone from midplane to GB
Ro80_q0.85_L24W_r1.40_th120_k0.00,negative center squared radius; center profile is not monotone from midplane to GB; center topology fails before requested loss; negative outer squared radius
Ro80_q0.85_L24W_r1.40_th120_k0.25,negative center squared radius; center profile is not monotone from midplane to GB; center topology fails before requested loss; negative outer squared radius
Ro80_q0.85_L24W_r1.40_th120_k0.50,negative center squared radius; center profile is not monotone from midplane to GB; center topology fails before requested loss; negative outer squared radius
Ro80_q0.85_L24W_r1.40_th120_k0.75,negative center squared radius; center profile is not monotone from midplane to GB; center topology fails before requested loss; negative outer squared radius
Ro80_q0.85_L24W_r1.40_th135_k0.00,negative center squared radius; center profile is not monotone from midplane to GB; center topology fails before requested loss; negative outer squared radius
Ro80_q0.85_L24W_r1.40_th135_k0.25,negative center squared radius; center profile is not monotone from midplane to GB; center topology fails before requested loss; negative outer squared radius
Ro80_q0.85_L24W_r1.40_th135_k0.50,negative center squared radius; center profile is not monotone from midplane to GB; center topology fails before requested loss; negative outer squared radius
Ro80_q0.85_L24W_r1.40_th135_k0.75,negative center squared radius; center profile is not monotone from midplane to GB; center topology fails before requested loss; outer profile has multiple radial extrema
Ro80_q0.85_L24W_r1.40_th150_k0.00,negative center squared radius; center profile is not monotone from midplane to GB; center topology fails before requested loss; outer profile has multiple radial extrema
Ro80_q0.85_L24W_r1.40_th150_k0.25,negative center squared radius; center profile is not monotone from midplane to GB; center topology fails before requested loss; outer profile has multiple radial extrema
Ro80_q0.85_L24W_r1.40_th150_k0.50,negative center squared radius; center profile is not monotone from midplane to GB; center topology fails before requested loss; outer profile has multiple radial extrema
Ro80_q0.85_L24W_r1.40_th150_k0.75,negative center squared radius; center profile is not monotone from midplane to GB; center topology fails before requested loss; outer profile has multiple radial extrema
Ro80_q0.85_L24W_r1.40_th165_k0.00,negative center squared radius; center profile is not monotone from midplane to GB; center topology fails before requested loss; outer profile has multiple radial extrema
Ro80_q0.85_L24W_r1.40_th165_k0.25,negative center squared radius; center profile is not monotone from midplane to GB; center topology fails before requested loss; outer profile has multiple radial extrema
Ro80_q0.85_L24W_r1.40_th165_k0.50,negative center squared radius; center profile is not monotone from midplane to GB; center topology fails before requested loss; outer profile has multiple radial extrema
Ro80_q0.85_L24W_r1.40_th165_k0.75,negative center squared radius; center profile is not monotone from midplane to GB; center topology fails before requested loss; outer profile has multiple radial extrema
Ro80_q0.85_L24W_r1.40_th170_k0.00,negative center squared radius; center profile is not monotone from midplane to GB; center topology fails before requested loss; outer profile has multiple radial extrema
Ro80_q0.85_L24W_r1.40_th170_k0.25,negative center squared radius; center profile is not monotone from midplane to GB; center topology fails before requested loss; outer profile has multiple radial extrema
Ro80_q0.85_L24W_r1.40_th170_k0.50,negative center squared radius; center profile is not monotone from midplane to GB; center topology fails before requested loss; outer profile has multiple radial extrema
Ro80_q0.85_L24W_r1.40_th170_k0.75,negative center squared radius; center profile is not monotone from midplane to GB; center topology fails before requested loss; outer profile has multiple radial extrema
Ro80_q0.85_L24W_r1.60_th120_k0.00,negative center squared radius; center profile is not monotone from midplane to GB; center topology fails before requested loss; negative outer squared radius; contact exceeds outer-body support
Ro80_q0.85_L24W_r1.60_th120_k0.25,negative center squared radius; center profile is not monotone from midplane to GB; center topology fails before requested loss; negative outer squared radius; contact exceeds outer-body support
Ro80_q0.85_L24W_r1.60_th120_k0.50,negative center squared radius; center profile is not monotone from midplane to GB; center topology fails before requested loss; negative outer squared radius; contact exceeds outer-body support
Ro80_q0.85_L24W_r1.60_th120_k0.75,negative center squared radius; center profile is not monotone from midplane to GB; center topology fails before requested loss; negative outer squared radius; contact exceeds outer-body support
Ro80_q0.85_L24W_r1.60_th135_k0.00,negative center squared radius; center profile is not monotone from midplane to GB; center topology fails before requested loss; negative outer squared radius; contact exceeds outer-body support
Ro80_q0.85_L24W_r1.60_th135_k0.25,negative center squared radius; center profile is not monotone from midplane to GB; center topology fails before requested loss; negative outer squared radius; contact exceeds outer-body support
Ro80_q0.85_L24W_r1.60_th135_k0.50,negative center squared radius; center profile is not monotone from midplane to GB; center topology fails before requested loss; negative outer squared radius; contact exceeds outer-body support
Ro80_q0.85_L24W_r1.60_th135_k0.75,negative center squared radius; center profile is not monotone from midplane to GB; center topology fails before requested loss; negative outer squared radius; contact exceeds outer-body support
Ro80_q0.85_L24W_r1.60_th150_k0.00,negative center squared radius; center profile is not monotone from midplane to GB; center topology fails before requested loss; negative outer squared radius; contact exceeds outer-body support
Ro80_q0.85_L24W_r1.60_th150_k0.25,negative center squared radius; center profile is not monotone from midplane to GB; center topology fails before requested loss; negative outer squared radius; contact exceeds outer-body support
Ro80_q0.85_L24W_r1.60_th150_k0.50,negative center squared radius; center profile is not monotone from midplane to GB; center topology fails before requested loss; negative outer squared radius; contact exceeds outer-body support
Ro80_q0.85_L24W_r1.60_th150_k0.75,negative center squared radius; center profile is not monotone from midplane to GB; center topology fails before requested loss; negative outer squared radius; contact exceeds outer-body support
Ro80_q0.85_L24W_r1.60_th165_k0.00,negative center squared radius; center profile is not monotone from midplane to GB; center topology fails before requested loss; negative outer squared radius; contact exceeds outer-body support
Ro80_q0.85_L24W_r1.60_th165_k0.25,negative center squared radius; center profile is not monotone from midplane to GB; center topology fails before requested loss; negative outer squared radius; contact exceeds outer-body support
Ro80_q0.85_L24W_r1.60_th165_k0.50,negative center squared radius; center profile is not monotone from midplane to GB; center topology fails before requested loss; negative outer squared radius; contact exceeds outer-body support
Ro80_q0.85_L24W_r1.60_th165_k0.75,negative center squared radius; center profile is not monotone from midplane to GB; center topology fails before requested loss; negative outer squared radius; contact exceeds outer-body support
Ro80_q0.85_L24W_r1.60_th170_k0.00,negative center squared radius; center profile is not monotone from midplane to GB; center topology fails before requested loss; negative outer squared radius; contact exceeds outer-body support
Ro80_q0.85_L24W_r1.60_th170_k0.25,negative center squared radius; center profile is not monotone from midplane to GB; center topology fails before requested loss; negative outer squared radius; contact exceeds outer-body support
Ro80_q0.85_L24W_r1.60_th170_k0.50,negative center squared radius; center profile is not monotone from midplane to GB; center topology fails before requested loss; negative outer squared radius; contact exceeds outer-body support
Ro80_q0.85_L24W_r1.60_th170_k0.75,negative center squared radius; center profile is not monotone from midplane to GB; center topology fails before requested loss; negative outer squared radius; contact exceeds outer-body support
Ro100_q0.45_L8W_r0.60_th120_k0.00,contact radius has reached topology loss
Ro100_q0.45_L8W_r0.60_th120_k0.25,contact radius has reached topology loss
Ro100_q0.45_L8W_r0.60_th120_k0.50,contact radius has reached topology loss
Ro100_q0.45_L8W_r0.60_th120_k0.75,contact radius has reached topology loss
Ro100_q0.45_L8W_r0.60_th135_k0.00,contact radius has reached topology loss
Ro100_q0.45_L8W_r0.60_th135_k0.25,contact radius has reached topology loss
Ro100_q0.45_L8W_r0.60_th135_k0.50,contact radius has reached topology loss
Ro100_q0.45_L8W_r0.60_th135_k0.75,contact radius has reached topology loss
Ro100_q0.45_L8W_r0.60_th150_k0.00,contact radius has reached topology loss
Ro100_q0.45_L8W_r0.60_th150_k0.25,contact radius has reached topology loss
Ro100_q0.45_L8W_r0.60_th150_k0.50,contact radius has reached topology loss
Ro100_q0.45_L8W_r0.60_th150_k0.75,contact radius has reached topology loss
Ro100_q0.45_L8W_r0.60_th165_k0.00,contact radius has reached topology loss
Ro100_q0.45_L8W_r0.60_th165_k0.25,contact radius has reached topology loss
Ro100_q0.45_L8W_r0.60_th165_k0.50,contact radius has reached topology loss
Ro100_q0.45_L8W_r0.60_th165_k0.75,contact radius has reached topology loss
Ro100_q0.45_L8W_r0.60_th170_k0.00,contact radius has reached topology loss
Ro100_q0.45_L8W_r0.60_th170_k0.25,contact radius has reached topology loss
Ro100_q0.45_L8W_r0.60_th170_k0.50,contact radius has reached topology loss
Ro100_q0.45_L8W_r0.60_th170_k0.75,contact radius has reached topology loss
Ro100_q0.45_L8W_r0.80_th120_k0.00,TJ radius below 6W
Ro100_q0.45_L8W_r0.80_th120_k0.25,TJ radius below 6W
Ro100_q0.45_L8W_r0.80_th120_k0.50,TJ radius below 6W
Ro100_q0.45_L8W_r0.80_th120_k0.75,TJ radius below 6W
Ro100_q0.45_L8W_r0.80_th135_k0.00,TJ radius below 6W
Ro100_q0.45_L8W_r0.80_th135_k0.25,TJ radius below 6W
Ro100_q0.45_L8W_r0.80_th135_k0.50,TJ radius below 6W
Ro100_q0.45_L8W_r0.80_th135_k0.75,TJ radius below 6W
Ro100_q0.45_L8W_r0.80_th150_k0.00,TJ radius below 6W
Ro100_q0.45_L8W_r0.80_th150_k0.25,TJ radius below 6W
Ro100_q0.45_L8W_r0.80_th150_k0.50,TJ radius below 6W
Ro100_q0.45_L8W_r0.80_th150_k0.75,TJ radius below 6W
Ro100_q0.45_L8W_r0.80_th165_k0.00,TJ radius below 6W
Ro100_q0.45_L8W_r0.80_th165_k0.25,TJ radius below 6W
Ro100_q0.45_L8W_r0.80_th165_k0.50,TJ radius below 6W
Ro100_q0.45_L8W_r0.80_th165_k0.75,TJ radius below 6W
Ro100_q0.45_L8W_r0.80_th170_k0.00,TJ radius below 6W
Ro100_q0.45_L8W_r0.80_th170_k0.25,TJ radius below 6W
Ro100_q0.45_L8W_r0.80_th170_k0.50,TJ radius below 6W
Ro100_q0.45_L8W_r0.80_th170_k0.75,TJ radius below 6W
Ro100_q0.45_L8W_r1.40_th120_k0.00,center profile is not monotone from midplane to GB
Ro100_q0.45_L8W_r1.40_th120_k0.25,center profile is not monotone from midplane to GB
Ro100_q0.45_L8W_r1.40_th120_k0.50,center profile is not monotone from midplane to GB
Ro100_q0.45_L8W_r1.40_th120_k0.75,center profile is not monotone from midplane to GB
Ro100_q0.45_L8W_r1.40_th135_k0.00,center profile is not monotone from midplane to GB
Ro100_q0.45_L8W_r1.40_th135_k0.25,center profile is not monotone from midplane to GB
Ro100_q0.45_L8W_r1.40_th135_k0.50,center profile is not monotone from midplane to GB
Ro100_q0.45_L8W_r1.40_th135_k0.75,center profile is not monotone from midplane to GB
Ro100_q0.45_L8W_r1.40_th150_k0.00,center profile is not monotone from midplane to GB
Ro100_q0.45_L8W_r1.40_th150_k0.25,center profile is not monotone from midplane to GB
Ro100_q0.45_L8W_r1.40_th150_k0.50,center profile is not monotone from midplane to GB
Ro100_q0.45_L8W_r1.40_th150_k0.75,center profile is not monotone from midplane to GB
Ro100_q0.45_L8W_r1.40_th165_k0.00,center profile is not monotone from midplane to GB
Ro100_q0.45_L8W_r1.40_th165_k0.25,center profile is not monotone from midplane to GB
Ro100_q0.45_L8W_r1.40_th165_k0.50,center profile is not monotone from midplane to GB
Ro100_q0.45_L8W_r1.40_th165_k0.75,center profile is not monotone from midplane to GB
Ro100_q0.45_L8W_r1.40_th170_k0.00,center profile is not monotone from midplane to GB
Ro100_q0.45_L8W_r1.40_th170_k0.25,center profile is not monotone from midplane to GB
Ro100_q0.45_L8W_r1.40_th170_k0.50,center profile is not monotone from midplane to GB
Ro100_q0.45_L8W_r1.40_th170_k0.75,center profile is not monotone from midplane to GB
Ro100_q0.45_L8W_r1.60_th120_k0.00,center profile is not monotone from midplane to GB
Ro100_q0.45_L8W_r1.60_th120_k0.25,center profile is not monotone from midplane to GB
Ro100_q0.45_L8W_r1.60_th120_k0.50,center profile is not monotone from midplane to GB
Ro100_q0.45_L8W_r1.60_th120_k0.75,center profile is not monotone from midplane to GB
Ro100_q0.45_L8W_r1.60_th135_k0.00,center profile is not monotone from midplane to GB
Ro100_q0.45_L8W_r1.60_th135_k0.25,center profile is not monotone from midplane to GB
Ro100_q0.45_L8W_r1.60_th135_k0.50,center profile is not monotone from midplane to GB
Ro100_q0.45_L8W_r1.60_th135_k0.75,center profile is not monotone from midplane to GB
Ro100_q0.45_L8W_r1.60_th150_k0.00,center profile is not monotone from midplane to GB
Ro100_q0.45_L8W_r1.60_th150_k0.25,center profile is not monotone from midplane to GB
Ro100_q0.45_L8W_r1.60_th150_k0.50,center profile is not monotone from midplane to GB
Ro100_q0.45_L8W_r1.60_th150_k0.75,center profile is not monotone from midplane to GB
Ro100_q0.45_L8W_r1.60_th165_k0.00,center profile is not monotone from midplane to GB
Ro100_q0.45_L8W_r1.60_th165_k0.25,center profile is not monotone from midplane to GB
Ro100_q0.45_L8W_r1.60_th165_k0.50,center profile is not monotone from midplane to GB
Ro100_q0.45_L8W_r1.60_th165_k0.75,center profile is not monotone from midplane to GB
Ro100_q0.45_L8W_r1.60_th170_k0.00,center profile is not monotone from midplane to GB
Ro100_q0.45_L8W_r1.60_th170_k0.25,center profile is not monotone from midplane to GB
Ro100_q0.45_L8W_r1.60_th170_k0.50,center profile is not monotone from midplane to GB
Ro100_q0.45_L8W_r1.60_th170_k0.75,center profile is not monotone from midplane to GB
Ro100_q0.45_L10W_r0.60_th120_k0.00,TJ radius below 6W
Ro100_q0.45_L10W_r0.60_th120_k0.25,TJ radius below 6W
Ro100_q0.45_L10W_r0.60_th120_k0.50,TJ radius below 6W
Ro100_q0.45_L10W_r0.60_th120_k0.75,TJ radius below 6W
Ro100_q0.45_L10W_r0.60_th135_k0.00,TJ radius below 6W
Ro100_q0.45_L10W_r0.60_th135_k0.25,TJ radius below 6W
Ro100_q0.45_L10W_r0.60_th135_k0.50,TJ radius below 6W
Ro100_q0.45_L10W_r0.60_th135_k0.75,TJ radius below 6W
Ro100_q0.45_L10W_r0.60_th150_k0.00,TJ radius below 6W
Ro100_q0.45_L10W_r0.60_th150_k0.25,TJ radius below 6W
Ro100_q0.45_L10W_r0.60_th150_k0.50,TJ radius below 6W
Ro100_q0.45_L10W_r0.60_th150_k0.75,TJ radius below 6W
Ro100_q0.45_L10W_r0.60_th165_k0.00,TJ radius below 6W
Ro100_q0.45_L10W_r0.60_th165_k0.25,TJ radius below 6W
Ro100_q0.45_L10W_r0.60_th165_k0.50,TJ radius below 6W
Ro100_q0.45_L10W_r0.60_th165_k0.75,TJ radius below 6W
Ro100_q0.45_L10W_r0.60_th170_k0.00,TJ radius below 6W
Ro100_q0.45_L10W_r0.60_th170_k0.25,TJ radius below 6W
Ro100_q0.45_L10W_r0.60_th170_k0.50,TJ radius below 6W
Ro100_q0.45_L10W_r0.60_th170_k0.75,TJ radius below 6W
Ro100_q0.45_L10W_r1.20_th120_k0.00,center profile is not monotone from midplane to GB
Ro100_q0.45_L10W_r1.20_th120_k0.25,center profile is not monotone from midplane to GB
Ro100_q0.45_L10W_r1.20_th120_k0.50,center profile is not monotone from midplane to GB
Ro100_q0.45_L10W_r1.20_th120_k0.75,center profile is not monotone from midplane to GB
Ro100_q0.45_L10W_r1.20_th135_k0.00,center profile is not monotone from midplane to GB
Ro100_q0.45_L10W_r1.20_th135_k0.25,center profile is not monotone from midplane to GB
Ro100_q0.45_L10W_r1.20_th135_k0.50,center profile is not monotone from midplane to GB
Ro100_q0.45_L10W_r1.20_th135_k0.75,center profile is not monotone from midplane to GB
Ro100_q0.45_L10W_r1.20_th150_k0.00,center profile is not monotone from midplane to GB
Ro100_q0.45_L10W_r1.20_th150_k0.25,center profile is not monotone from midplane to GB
Ro100_q0.45_L10W_r1.20_th150_k0.50,center profile is not monotone from midplane to GB
Ro100_q0.45_L10W_r1.20_th150_k0.75,center profile is not monotone from midplane to GB
Ro100_q0.45_L10W_r1.40_th120_k0.00,center profile is not monotone from midplane to GB
Ro100_q0.45_L10W_r1.40_th120_k0.25,center profile is not monotone from midplane to GB
Ro100_q0.45_L10W_r1.40_th120_k0.50,center profile is not monotone from midplane to GB
Ro100_q0.45_L10W_r1.40_th120_k0.75,center profile is not monotone from midplane to GB
Ro100_q0.45_L10W_r1.40_th135_k0.00,center profile is not monotone from midplane to GB
Ro100_q0.45_L10W_r1.40_th135_k0.25,center profile is not monotone from midplane to GB
Ro100_q0.45_L10W_r1.40_th135_k0.50,center profile is not monotone from midplane to GB
Ro100_q0.45_L10W_r1.40_th135_k0.75,center profile is not monotone from midplane to GB
Ro100_q0.45_L10W_r1.40_th150_k0.00,center profile is not monotone from midplane to GB
Ro100_q0.45_L10W_r1.40_th150_k0.25,center profile is not monotone from midplane to GB
Ro100_q0.45_L10W_r1.40_th150_k0.50,center profile is not monotone from midplane to GB
Ro100_q0.45_L10W_r1.40_th150_k0.75,center profile is not monotone from midplane to GB
Ro100_q0.45_L10W_r1.40_th165_k0.00,center profile is not monotone from midplane to GB
Ro100_q0.45_L10W_r1.40_th165_k0.25,center profile is not monotone from midplane to GB
Ro100_q0.45_L10W_r1.40_th165_k0.50,center profile is not monotone from midplane to GB
Ro100_q0.45_L10W_r1.40_th165_k0.75,center profile is not monotone from midplane to GB
Ro100_q0.45_L10W_r1.40_th170_k0.00,center profile is not monotone from midplane to GB
Ro100_q0.45_L10W_r1.40_th170_k0.25,center profile is not monotone from midplane to GB
Ro100_q0.45_L10W_r1.40_th170_k0.50,center profile is not monotone from midplane to GB
Ro100_q0.45_L10W_r1.40_th170_k0.75,center profile is not monotone from midplane to GB
Ro100_q0.45_L10W_r1.60_th120_k0.00,center profile is not monotone from midplane to GB; center topology fails before requested loss
Ro100_q0.45_L10W_r1.60_th120_k0.25,center profile is not monotone from midplane to GB; center topology fails before requested loss
Ro100_q0.45_L10W_r1.60_th120_k0.50,center profile is not monotone from midplane to GB; center topology fails before requested loss
Ro100_q0.45_L10W_r1.60_th120_k0.75,center profile is not monotone from midplane to GB; center topology fails before requested loss
Ro100_q0.45_L10W_r1.60_th135_k0.00,center profile is not monotone from midplane to GB; center topology fails before requested loss
Ro100_q0.45_L10W_r1.60_th135_k0.25,center profile is not monotone from midplane to GB; center topology fails before requested loss
Ro100_q0.45_L10W_r1.60_th135_k0.50,center profile is not monotone from midplane to GB; center topology fails before requested loss
Ro100_q0.45_L10W_r1.60_th135_k0.75,center profile is not monotone from midplane to GB; center topology fails before requested loss
Ro100_q0.45_L10W_r1.60_th150_k0.00,center profile is not monotone from midplane to GB; center topology fails before requested loss
Ro100_q0.45_L10W_r1.60_th150_k0.25,center profile is not monotone from midplane to GB; center topology fails before requested loss
Ro100_q0.45_L10W_r1.60_th150_k0.50,center profile is not monotone from midplane to GB; center topology fails before requested loss
Ro100_q0.45_L10W_r1.60_th150_k0.75,center profile is not monotone from midplane to GB; center topology fails before requested loss
Ro100_q0.45_L10W_r1.60_th165_k0.00,center profile is not monotone from midplane to GB; center topology fails before requested loss
Ro100_q0.45_L10W_r1.60_th165_k0.25,center profile is not monotone from midplane to GB; center topology fails before requested loss
Ro100_q0.45_L10W_r1.60_th165_k0.50,center profile is not monotone from midplane to GB; center topology fails before requested loss
Ro100_q0.45_L10W_r1.60_th165_k0.75,center profile is not monotone from midplane to GB; center topology fails before requested loss
Ro100_q0.45_L10W_r1.60_th170_k0.00,center profile is not monotone from midplane to GB; center topology fails before requested loss
Ro100_q0.45_L10W_r1.60_th170_k0.25,center profile is not monotone from midplane to GB; center topology fails before requested loss
Ro100_q0.45_L10W_r1.60_th170_k0.50,center profile is not monotone from midplane to GB; center topology fails before requested loss
Ro100_q0.45_L10W_r1.60_th170_k0.75,center profile is not monotone from midplane to GB; center topology fails before requested loss
Ro100_q0.45_L12W_r0.60_th120_k0.00,TJ radius below 6W
Ro100_q0.45_L12W_r0.60_th120_k0.25,TJ radius below 6W
Ro100_q0.45_L12W_r0.60_th120_k0.50,TJ radius below 6W
Ro100_q0.45_L12W_r0.60_th120_k0.75,TJ radius below 6W
Ro100_q0.45_L12W_r0.60_th135_k0.00,TJ radius below 6W
Ro100_q0.45_L12W_r0.60_th135_k0.25,TJ radius below 6W
Ro100_q0.45_L12W_r0.60_th135_k0.50,TJ radius below 6W
Ro100_q0.45_L12W_r0.60_th135_k0.75,TJ radius below 6W
Ro100_q0.45_L12W_r0.60_th150_k0.00,TJ radius below 6W
Ro100_q0.45_L12W_r0.60_th150_k0.25,TJ radius below 6W
Ro100_q0.45_L12W_r0.60_th150_k0.50,TJ radius below 6W
Ro100_q0.45_L12W_r0.60_th150_k0.75,TJ radius below 6W
Ro100_q0.45_L12W_r0.60_th165_k0.00,TJ radius below 6W
Ro100_q0.45_L12W_r0.60_th165_k0.25,TJ radius below 6W
Ro100_q0.45_L12W_r0.60_th165_k0.50,TJ radius below 6W
Ro100_q0.45_L12W_r0.60_th165_k0.75,TJ radius below 6W
Ro100_q0.45_L12W_r0.60_th170_k0.00,TJ radius below 6W
Ro100_q0.45_L12W_r0.60_th170_k0.25,TJ radius below 6W
Ro100_q0.45_L12W_r0.60_th170_k0.50,TJ radius below 6W
Ro100_q0.45_L12W_r0.60_th170_k0.75,TJ radius below 6W
Ro100_q0.45_L12W_r1.20_th120_k0.00,center profile is not monotone from midplane to GB
Ro100_q0.45_L12W_r1.20_th120_k0.25,center profile is not monotone from midplane to GB
Ro100_q0.45_L12W_r1.20_th120_k0.50,center profile is not monotone from midplane to GB
Ro100_q0.45_L12W_r1.20_th120_k0.75,center profile is not monotone from midplane to GB
Ro100_q0.45_L12W_r1.20_th135_k0.00,center profile is not monotone from midplane to GB
Ro100_q0.45_L12W_r1.20_th135_k0.25,center profile is not monotone from midplane to GB
Ro100_q0.45_L12W_r1.20_th135_k0.50,center profile is not monotone from midplane to GB
Ro100_q0.45_L12W_r1.20_th135_k0.75,center profile is not monotone from midplane to GB
Ro100_q0.45_L12W_r1.20_th150_k0.00,center profile is not monotone from midplane to GB
Ro100_q0.45_L12W_r1.20_th150_k0.25,center profile is not monotone from midplane to GB
Ro100_q0.45_L12W_r1.20_th150_k0.50,center profile is not monotone from midplane to GB
Ro100_q0.45_L12W_r1.20_th150_k0.75,center profile is not monotone from midplane to GB
Ro100_q0.45_L12W_r1.20_th165_k0.00,center profile is not monotone from midplane to GB
Ro100_q0.45_L12W_r1.20_th165_k0.25,center profile is not monotone from midplane to GB
Ro100_q0.45_L12W_r1.20_th165_k0.50,center profile is not monotone from midplane to GB
Ro100_q0.45_L12W_r1.20_th165_k0.75,center profile is not monotone from midplane to GB
Ro100_q0.45_L12W_r1.20_th170_k0.00,center profile is not monotone from midplane to GB
Ro100_q0.45_L12W_r1.20_th170_k0.25,center profile is not monotone from midplane to GB
Ro100_q0.45_L12W_r1.20_th170_k0.50,center profile is not monotone from midplane to GB
Ro100_q0.45_L12W_r1.20_th170_k0.75,center profile is not monotone from midplane to GB
Ro100_q0.45_L12W_r1.40_th120_k0.00,center profile is not monotone from midplane to GB; center topology fails before requested loss
Ro100_q0.45_L12W_r1.40_th120_k0.25,center profile is not monotone from midplane to GB; center topology fails before requested loss
Ro100_q0.45_L12W_r1.40_th120_k0.50,center profile is not monotone from midplane to GB; center topology fails before requested loss
Ro100_q0.45_L12W_r1.40_th120_k0.75,center profile is not monotone from midplane to GB; center topology fails before requested loss
Ro100_q0.45_L12W_r1.40_th135_k0.00,center profile is not monotone from midplane to GB
Ro100_q0.45_L12W_r1.40_th135_k0.25,center profile is not monotone from midplane to GB
Ro100_q0.45_L12W_r1.40_th135_k0.50,center profile is not monotone from midplane to GB
Ro100_q0.45_L12W_r1.40_th135_k0.75,center profile is not monotone from midplane to GB
Ro100_q0.45_L12W_r1.40_th150_k0.00,center profile is not monotone from midplane to GB
Ro100_q0.45_L12W_r1.40_th150_k0.25,center profile is not monotone from midplane to GB
Ro100_q0.45_L12W_r1.40_th150_k0.50,center profile is not monotone from midplane to GB
Ro100_q0.45_L12W_r1.40_th150_k0.75,center profile is not monotone from midplane to GB
Ro100_q0.45_L12W_r1.40_th165_k0.00,center profile is not monotone from midplane to GB
Ro100_q0.45_L12W_r1.40_th165_k0.25,center profile is not monotone from midplane to GB
Ro100_q0.45_L12W_r1.40_th165_k0.50,center profile is not monotone from midplane to GB
Ro100_q0.45_L12W_r1.40_th165_k0.75,center profile is not monotone from midplane to GB
Ro100_q0.45_L12W_r1.40_th170_k0.00,center profile is not monotone from midplane to GB
Ro100_q0.45_L12W_r1.40_th170_k0.25,center profile is not monotone from midplane to GB
Ro100_q0.45_L12W_r1.40_th170_k0.50,center profile is not monotone from midplane to GB
Ro100_q0.45_L12W_r1.40_th170_k0.75,center profile is not monotone from midplane to GB
Ro100_q0.45_L12W_r1.60_th120_k0.00,negative center squared radius; center profile is not monotone from midplane to GB; center topology fails before requested loss
Ro100_q0.45_L12W_r1.60_th120_k0.25,negative center squared radius; center profile is not monotone from midplane to GB; center topology fails before requested loss
Ro100_q0.45_L12W_r1.60_th120_k0.50,negative center squared radius; center profile is not monotone from midplane to GB; center topology fails before requested loss
Ro100_q0.45_L12W_r1.60_th120_k0.75,negative center squared radius; center profile is not monotone from midplane to GB; center topology fails before requested loss
Ro100_q0.45_L12W_r1.60_th135_k0.00,negative center squared radius; center profile is not monotone from midplane to GB; center topology fails before requested loss
Ro100_q0.45_L12W_r1.60_th135_k0.25,negative center squared radius; center profile is not monotone from midplane to GB; center topology fails before requested loss
Ro100_q0.45_L12W_r1.60_th135_k0.50,negative center squared radius; center profile is not monotone from midplane to GB; center topology fails before requested loss
Ro100_q0.45_L12W_r1.60_th135_k0.75,negative center squared radius; center profile is not monotone from midplane to GB; center topology fails before requested loss
Ro100_q0.45_L12W_r1.60_th150_k0.00,negative center squared radius; center profile is not monotone from midplane to GB; center topology fails before requested loss
Ro100_q0.45_L12W_r1.60_th150_k0.25,negative center squared radius; center profile is not monotone from midplane to GB; center topology fails before requested loss
Ro100_q0.45_L12W_r1.60_th150_k0.50,negative center squared radius; center profile is not monotone from midplane to GB; center topology fails before requested loss
Ro100_q0.45_L12W_r1.60_th150_k0.75,negative center squared radius; center profile is not monotone from midplane to GB; center topology fails before requested loss
Ro100_q0.45_L12W_r1.60_th165_k0.00,negative center squared radius; center profile is not monotone from midplane to GB; center topology fails before requested loss
Ro100_q0.45_L12W_r1.60_th165_k0.25,negative center squared radius; center profile is not monotone from midplane to GB; center topology fails before requested loss
Ro100_q0.45_L12W_r1.60_th165_k0.50,negative center squared radius; center profile is not monotone from midplane to GB; center topology fails before requested loss
Ro100_q0.45_L12W_r1.60_th165_k0.75,negative center squared radius; center profile is not monotone from midplane to GB; center topology fails before requested loss
Ro100_q0.45_L12W_r1.60_th170_k0.00,negative center squared radius; center profile is not monotone from midplane to GB; center topology fails before requested loss
Ro100_q0.45_L12W_r1.60_th170_k0.25,negative center squared radius; center profile is not monotone from midplane to GB; center topology fails before requested loss
Ro100_q0.45_L12W_r1.60_th170_k0.50,negative center squared radius; center profile is not monotone from midplane to GB; center topology fails before requested loss
Ro100_q0.45_L12W_r1.60_th170_k0.75,negative center squared radius; center profile is not monotone from midplane to GB; center topology fails before requested loss
Ro100_q0.45_L16W_r0.60_th120_k0.00,TJ radius below 6W
Ro100_q0.45_L16W_r0.60_th120_k0.25,TJ radius below 6W
Ro100_q0.45_L16W_r0.60_th120_k0.50,TJ radius below 6W
Ro100_q0.45_L16W_r0.60_th120_k0.75,TJ radius below 6W
Ro100_q0.45_L16W_r0.60_th135_k0.00,TJ radius below 6W
Ro100_q0.45_L16W_r0.60_th135_k0.25,TJ radius below 6W
Ro100_q0.45_L16W_r0.60_th135_k0.50,TJ radius below 6W
Ro100_q0.45_L16W_r0.60_th135_k0.75,TJ radius below 6W
Ro100_q0.45_L16W_r0.60_th150_k0.00,TJ radius below 6W
Ro100_q0.45_L16W_r0.60_th150_k0.25,TJ radius below 6W
Ro100_q0.45_L16W_r0.60_th150_k0.50,TJ radius below 6W
Ro100_q0.45_L16W_r0.60_th150_k0.75,TJ radius below 6W
Ro100_q0.45_L16W_r0.60_th165_k0.00,TJ radius below 6W
Ro100_q0.45_L16W_r0.60_th165_k0.25,TJ radius below 6W
Ro100_q0.45_L16W_r0.60_th165_k0.50,TJ radius below 6W
Ro100_q0.45_L16W_r0.60_th165_k0.75,TJ radius below 6W
Ro100_q0.45_L16W_r0.60_th170_k0.00,TJ radius below 6W
Ro100_q0.45_L16W_r0.60_th170_k0.25,TJ radius below 6W
Ro100_q0.45_L16W_r0.60_th170_k0.50,TJ radius below 6W
Ro100_q0.45_L16W_r0.60_th170_k0.75,TJ radius below 6W
Ro100_q0.45_L16W_r1.00_th120_k0.00,center profile is not monotone from midplane to GB
Ro100_q0.45_L16W_r1.00_th120_k0.25,center profile is not monotone from midplane to GB
Ro100_q0.45_L16W_r1.00_th120_k0.50,center profile is not monotone from midplane to GB
Ro100_q0.45_L16W_r1.00_th120_k0.75,center profile is not monotone from midplane to GB
Ro100_q0.45_L16W_r1.00_th135_k0.00,center profile is not monotone from midplane to GB
Ro100_q0.45_L16W_r1.00_th135_k0.25,center profile is not monotone from midplane to GB
Ro100_q0.45_L16W_r1.00_th135_k0.50,center profile is not monotone from midplane to GB
Ro100_q0.45_L16W_r1.00_th135_k0.75,center profile is not monotone from midplane to GB
Ro100_q0.45_L16W_r1.00_th150_k0.00,center profile is not monotone from midplane to GB
Ro100_q0.45_L16W_r1.00_th150_k0.25,center profile is not monotone from midplane to GB
Ro100_q0.45_L16W_r1.00_th150_k0.50,center profile is not monotone from midplane to GB
Ro100_q0.45_L16W_r1.00_th150_k0.75,center profile is not monotone from midplane to GB
Ro100_q0.45_L16W_r1.00_th165_k0.00,center profile is not monotone from midplane to GB
Ro100_q0.45_L16W_r1.00_th165_k0.25,center profile is not monotone from midplane to GB
Ro100_q0.45_L16W_r1.00_th165_k0.50,center profile is not monotone from midplane to GB
Ro100_q0.45_L16W_r1.00_th165_k0.75,center profile is not monotone from midplane to GB
Ro100_q0.45_L16W_r1.00_th170_k0.00,center profile is not monotone from midplane to GB
Ro100_q0.45_L16W_r1.00_th170_k0.25,center profile is not monotone from midplane to GB
Ro100_q0.45_L16W_r1.00_th170_k0.50,center profile is not monotone from midplane to GB
Ro100_q0.45_L16W_r1.00_th170_k0.75,center profile is not monotone from midplane to GB
Ro100_q0.45_L16W_r1.20_th120_k0.00,center profile is not monotone from midplane to GB; center topology fails before requested loss
Ro100_q0.45_L16W_r1.20_th120_k0.25,center profile is not monotone from midplane to GB; center topology fails before requested loss
Ro100_q0.45_L16W_r1.20_th120_k0.50,center profile is not monotone from midplane to GB; center topology fails before requested loss
Ro100_q0.45_L16W_r1.20_th120_k0.75,center profile is not monotone from midplane to GB; center topology fails before requested loss
Ro100_q0.45_L16W_r1.20_th135_k0.00,center profile is not monotone from midplane to GB; center topology fails before requested loss
Ro100_q0.45_L16W_r1.20_th135_k0.25,center profile is not monotone from midplane to GB; center topology fails before requested loss
Ro100_q0.45_L16W_r1.20_th135_k0.50,center profile is not monotone from midplane to GB; center topology fails before requested loss
Ro100_q0.45_L16W_r1.20_th135_k0.75,center profile is not monotone from midplane to GB; center topology fails before requested loss
Ro100_q0.45_L16W_r1.20_th150_k0.00,center profile is not monotone from midplane to GB
Ro100_q0.45_L16W_r1.20_th150_k0.25,center profile is not monotone from midplane to GB
Ro100_q0.45_L16W_r1.20_th150_k0.50,center profile is not monotone from midplane to GB
Ro100_q0.45_L16W_r1.20_th150_k0.75,center profile is not monotone from midplane to GB
Ro100_q0.45_L16W_r1.20_th165_k0.00,center profile is not monotone from midplane to GB
Ro100_q0.45_L16W_r1.20_th165_k0.25,center profile is not monotone from midplane to GB
Ro100_q0.45_L16W_r1.20_th165_k0.50,center profile is not monotone from midplane to GB
Ro100_q0.45_L16W_r1.20_th165_k0.75,center profile is not monotone from midplane to GB
Ro100_q0.45_L16W_r1.20_th170_k0.00,center profile is not monotone from midplane to GB
Ro100_q0.45_L16W_r1.20_th170_k0.25,center profile is not monotone from midplane to GB
Ro100_q0.45_L16W_r1.20_th170_k0.50,center profile is not monotone from midplane to GB
Ro100_q0.45_L16W_r1.20_th170_k0.75,center profile is not monotone from midplane to GB
Ro100_q0.45_L16W_r1.40_th120_k0.00,negative center squared radius; center profile is not monotone from midplane to GB; center topology fails before requested loss
Ro100_q0.45_L16W_r1.40_th120_k0.25,negative center squared radius; center profile is not monotone from midplane to GB; center topology fails before requested loss
Ro100_q0.45_L16W_r1.40_th120_k0.50,negative center squared radius; center profile is not monotone from midplane to GB; center topology fails before requested loss
Ro100_q0.45_L16W_r1.40_th120_k0.75,negative center squared radius; center profile is not monotone from midplane to GB; center topology fails before requested loss
Ro100_q0.45_L16W_r1.40_th135_k0.00,negative center squared radius; center profile is not monotone from midplane to GB; center topology fails before requested loss
Ro100_q0.45_L16W_r1.40_th135_k0.25,negative center squared radius; center profile is not monotone from midplane to GB; center topology fails before requested loss
Ro100_q0.45_L16W_r1.40_th135_k0.50,negative center squared radius; center profile is not monotone from midplane to GB; center topology fails before requested loss
Ro100_q0.45_L16W_r1.40_th135_k0.75,negative center squared radius; center profile is not monotone from midplane to GB; center topology fails before requested loss
Ro100_q0.45_L16W_r1.40_th150_k0.00,negative center squared radius; center profile is not monotone from midplane to GB; center topology fails before requested loss
Ro100_q0.45_L16W_r1.40_th150_k0.25,negative center squared radius; center profile is not monotone from midplane to GB; center topology fails before requested loss
Ro100_q0.45_L16W_r1.40_th150_k0.50,negative center squared radius; center profile is not monotone from midplane to GB; center topology fails before requested loss
Ro100_q0.45_L16W_r1.40_th150_k0.75,negative center squared radius; center profile is not monotone from midplane to GB; center topology fails before requested loss
Ro100_q0.45_L16W_r1.40_th165_k0.00,negative center squared radius; center profile is not monotone from midplane to GB; center topology fails before requested loss
Ro100_q0.45_L16W_r1.40_th165_k0.25,negative center squared radius; center profile is not monotone from midplane to GB; center topology fails before requested loss
Ro100_q0.45_L16W_r1.40_th165_k0.50,negative center squared radius; center profile is not monotone from midplane to GB; center topology fails before requested loss
Ro100_q0.45_L16W_r1.40_th165_k0.75,negative center squared radius; center profile is not monotone from midplane to GB; center topology fails before requested loss
Ro100_q0.45_L16W_r1.40_th170_k0.00,negative center squared radius; center profile is not monotone from midplane to GB; center topology fails before requested loss
Ro100_q0.45_L16W_r1.40_th170_k0.25,negative center squared radius; center profile is not monotone from midplane to GB; center topology fails before requested loss
Ro100_q0.45_L16W_r1.40_th170_k0.50,negative center squared radius; center profile is not monotone from midplane to GB; center topology fails before requested loss
Ro100_q0.45_L16W_r1.40_th170_k0.75,negative center squared radius; center profile is not monotone from midplane to GB; center topology fails before requested loss
Ro100_q0.45_L16W_r1.60_th120_k0.00,negative center squared radius; center profile is not monotone from midplane to GB; center topology fails before requested loss
Ro100_q0.45_L16W_r1.60_th120_k0.25,negative center squared radius; center profile is not monotone from midplane to GB; center topology fails before requested loss
Ro100_q0.45_L16W_r1.60_th120_k0.50,negative center squared radius; center profile is not monotone from midplane to GB; center topology fails before requested loss
Ro100_q0.45_L16W_r1.60_th120_k0.75,negative center squared radius; center profile is not monotone from midplane to GB; center topology fails before requested loss
Ro100_q0.45_L16W_r1.60_th135_k0.00,negative center squared radius; center profile is not monotone from midplane to GB; center topology fails before requested loss
Ro100_q0.45_L16W_r1.60_th135_k0.25,negative center squared radius; center profile is not monotone from midplane to GB; center topology fails before requested loss
Ro100_q0.45_L16W_r1.60_th135_k0.50,negative center squared radius; center profile is not monotone from midplane to GB; center topology fails before requested loss
Ro100_q0.45_L16W_r1.60_th135_k0.75,negative center squared radius; center profile is not monotone from midplane to GB; center topology fails before requested loss
Ro100_q0.45_L16W_r1.60_th150_k0.00,negative center squared radius; center profile is not monotone from midplane to GB; center topology fails before requested loss
Ro100_q0.45_L16W_r1.60_th150_k0.25,negative center squared radius; center profile is not monotone from midplane to GB; center topology fails before requested loss
Ro100_q0.45_L16W_r1.60_th150_k0.50,negative center squared radius; center profile is not monotone from midplane to GB; center topology fails before requested loss
Ro100_q0.45_L16W_r1.60_th150_k0.75,negative center squared radius; center profile is not monotone from midplane to GB; center topology fails before requested loss
Ro100_q0.45_L16W_r1.60_th165_k0.00,negative center squared radius; center profile is not monotone from midplane to GB; center topology fails before requested loss
Ro100_q0.45_L16W_r1.60_th165_k0.25,negative center squared radius; center profile is not monotone from midplane to GB; center topology fails before requested loss
Ro100_q0.45_L16W_r1.60_th165_k0.50,negative center squared radius; center profile is not monotone from midplane to GB; center topology fails before requested loss
Ro100_q0.45_L16W_r1.60_th165_k0.75,negative center squared radius; center profile is not monotone from midplane to GB; center topology fails before requested loss
Ro100_q0.45_L16W_r1.60_th170_k0.00,negative center squared radius; center profile is not monotone from midplane to GB; center topology fails before requested loss
Ro100_q0.45_L16W_r1.60_th170_k0.25,negative center squared radius; center profile is not monotone from midplane to GB; center topology fails before requested loss
Ro100_q0.45_L16W_r1.60_th170_k0.50,negative center squared radius; center profile is not monotone from midplane to GB; center topology fails before requested loss
Ro100_q0.45_L16W_r1.60_th170_k0.75,negative center squared radius; center profile is not monotone from midplane to GB; center topology fails before requested loss
Ro100_q0.45_L20W_r0.60_th120_k0.00,TJ radius below 6W
Ro100_q0.45_L20W_r0.60_th120_k0.25,TJ radius below 6W
Ro100_q0.45_L20W_r0.60_th120_k0.50,TJ radius below 6W
Ro100_q0.45_L20W_r0.60_th120_k0.75,TJ radius below 6W
Ro100_q0.45_L20W_r0.60_th135_k0.00,TJ radius below 6W
Ro100_q0.45_L20W_r0.60_th135_k0.25,TJ radius below 6W
Ro100_q0.45_L20W_r0.60_th135_k0.50,TJ radius below 6W
Ro100_q0.45_L20W_r0.60_th135_k0.75,TJ radius below 6W
Ro100_q0.45_L20W_r0.60_th150_k0.00,TJ radius below 6W
Ro100_q0.45_L20W_r0.60_th150_k0.25,TJ radius below 6W
Ro100_q0.45_L20W_r0.60_th150_k0.50,TJ radius below 6W
Ro100_q0.45_L20W_r0.60_th150_k0.75,TJ radius below 6W
Ro100_q0.45_L20W_r0.60_th165_k0.00,TJ radius below 6W
Ro100_q0.45_L20W_r0.60_th165_k0.25,TJ radius below 6W
Ro100_q0.45_L20W_r0.60_th165_k0.50,TJ radius below 6W
Ro100_q0.45_L20W_r0.60_th165_k0.75,TJ radius below 6W
Ro100_q0.45_L20W_r0.60_th170_k0.00,TJ radius below 6W
Ro100_q0.45_L20W_r0.60_th170_k0.25,TJ radius below 6W
Ro100_q0.45_L20W_r0.60_th170_k0.50,TJ radius below 6W
Ro100_q0.45_L20W_r0.60_th170_k0.75,TJ radius below 6W
Ro100_q0.45_L20W_r0.80_th120_k0.00,center profile is not monotone from midplane to GB
Ro100_q0.45_L20W_r0.80_th120_k0.25,center profile is not monotone from midplane to GB
Ro100_q0.45_L20W_r0.80_th120_k0.50,center profile is not monotone from midplane to GB
Ro100_q0.45_L20W_r0.80_th120_k0.75,center profile is not monotone from midplane to GB
Ro100_q0.45_L20W_r0.80_th135_k0.00,center profile is not monotone from midplane to GB
Ro100_q0.45_L20W_r0.80_th135_k0.25,center profile is not monotone from midplane to GB
Ro100_q0.45_L20W_r0.80_th135_k0.50,center profile is not monotone from midplane to GB
Ro100_q0.45_L20W_r0.80_th135_k0.75,center profile is not monotone from midplane to GB
Ro100_q0.45_L20W_r0.80_th150_k0.00,center profile is not monotone from midplane to GB
Ro100_q0.45_L20W_r1.00_th120_k0.00,center profile is not monotone from midplane to GB
Ro100_q0.45_L20W_r1.00_th120_k0.25,center profile is not monotone from midplane to GB
Ro100_q0.45_L20W_r1.00_th120_k0.50,center profile is not monotone from midplane to GB
Ro100_q0.45_L20W_r1.00_th120_k0.75,center profile is not monotone from midplane to GB
Ro100_q0.45_L20W_r1.00_th135_k0.00,center profile is not monotone from midplane to GB
Ro100_q0.45_L20W_r1.00_th135_k0.25,center profile is not monotone from midplane to GB
Ro100_q0.45_L20W_r1.00_th135_k0.50,center profile is not monotone from midplane to GB
Ro100_q0.45_L20W_r1.00_th135_k0.75,center profile is not monotone from midplane to GB
Ro100_q0.45_L20W_r1.00_th150_k0.00,center profile is not monotone from midplane to GB
Ro100_q0.45_L20W_r1.00_th150_k0.25,center profile is not monotone from midplane to GB
Ro100_q0.45_L20W_r1.00_th150_k0.50,center profile is not monotone from midplane to GB
Ro100_q0.45_L20W_r1.00_th150_k0.75,center profile is not monotone from midplane to GB
Ro100_q0.45_L20W_r1.00_th165_k0.00,center profile is not monotone from midplane to GB
Ro100_q0.45_L20W_r1.00_th165_k0.25,center profile is not monotone from midplane to GB
Ro100_q0.45_L20W_r1.00_th165_k0.50,center profile is not monotone from midplane to GB
Ro100_q0.45_L20W_r1.00_th165_k0.75,center profile is not monotone from midplane to GB
Ro100_q0.45_L20W_r1.00_th170_k0.00,center profile is not monotone from midplane to GB
Ro100_q0.45_L20W_r1.00_th170_k0.25,center profile is not monotone from midplane to GB
Ro100_q0.45_L20W_r1.00_th170_k0.50,center profile is not monotone from midplane to GB
Ro100_q0.45_L20W_r1.00_th170_k0.75,center profile is not monotone from midplane to GB
Ro100_q0.45_L20W_r1.20_th120_k0.00,negative center squared radius; center profile is not monotone from midplane to GB; center topology fails before requested loss
Ro100_q0.45_L20W_r1.20_th120_k0.25,negative center squared radius; center profile is not monotone from midplane to GB; center topology fails before requested loss
Ro100_q0.45_L20W_r1.20_th120_k0.50,negative center squared radius; center profile is not monotone from midplane to GB; center topology fails before requested loss
Ro100_q0.45_L20W_r1.20_th120_k0.75,negative center squared radius; center profile is not monotone from midplane to GB; center topology fails before requested loss
Ro100_q0.45_L20W_r1.20_th135_k0.00,negative center squared radius; center profile is not monotone from midplane to GB; center topology fails before requested loss
Ro100_q0.45_L20W_r1.20_th135_k0.25,negative center squared radius; center profile is not monotone from midplane to GB; center topology fails before requested loss
Ro100_q0.45_L20W_r1.20_th135_k0.50,negative center squared radius; center profile is not monotone from midplane to GB; center topology fails before requested loss
Ro100_q0.45_L20W_r1.20_th135_k0.75,negative center squared radius; center profile is not monotone from midplane to GB; center topology fails before requested loss
Ro100_q0.45_L20W_r1.20_th150_k0.00,negative center squared radius; center profile is not monotone from midplane to GB; center topology fails before requested loss
Ro100_q0.45_L20W_r1.20_th150_k0.25,negative center squared radius; center profile is not monotone from midplane to GB; center topology fails before requested loss
Ro100_q0.45_L20W_r1.20_th150_k0.50,negative center squared radius; center profile is not monotone from midplane to GB; center topology fails before requested loss
Ro100_q0.45_L20W_r1.20_th150_k0.75,negative center squared radius; center profile is not monotone from midplane to GB; center topology fails before requested loss
Ro100_q0.45_L20W_r1.20_th165_k0.00,negative center squared radius; center profile is not monotone from midplane to GB; center topology fails before requested loss
Ro100_q0.45_L20W_r1.20_th165_k0.25,negative center squared radius; center profile is not monotone from midplane to GB; center topology fails before requested loss
Ro100_q0.45_L20W_r1.20_th165_k0.50,negative center squared radius; center profile is not monotone from midplane to GB; center topology fails before requested loss
Ro100_q0.45_L20W_r1.20_th165_k0.75,negative center squared radius; center profile is not monotone from midplane to GB; center topology fails before requested loss
Ro100_q0.45_L20W_r1.20_th170_k0.00,negative center squared radius; center profile is not monotone from midplane to GB; center topology fails before requested loss
Ro100_q0.45_L20W_r1.20_th170_k0.25,negative center squared radius; center profile is not monotone from midplane to GB; center topology fails before requested loss
Ro100_q0.45_L20W_r1.20_th170_k0.50,negative center squared radius; center profile is not monotone from midplane to GB; center topology fails before requested loss
Ro100_q0.45_L20W_r1.20_th170_k0.75,negative center squared radius; center profile is not monotone from midplane to GB; center topology fails before requested loss
Ro100_q0.45_L20W_r1.40_th120_k0.00,negative center squared radius; center profile is not monotone from midplane to GB; center topology fails before requested loss
Ro100_q0.45_L20W_r1.40_th120_k0.25,negative center squared radius; center profile is not monotone from midplane to GB; center topology fails before requested loss
Ro100_q0.45_L20W_r1.40_th120_k0.50,negative center squared radius; center profile is not monotone from midplane to GB; center topology fails before requested loss
Ro100_q0.45_L20W_r1.40_th120_k0.75,negative center squared radius; center profile is not monotone from midplane to GB; center topology fails before requested loss
Ro100_q0.45_L20W_r1.40_th135_k0.00,negative center squared radius; center profile is not monotone from midplane to GB; center topology fails before requested loss
Ro100_q0.45_L20W_r1.40_th135_k0.25,negative center squared radius; center profile is not monotone from midplane to GB; center topology fails before requested loss
Ro100_q0.45_L20W_r1.40_th135_k0.50,negative center squared radius; center profile is not monotone from midplane to GB; center topology fails before requested loss
Ro100_q0.45_L20W_r1.40_th135_k0.75,negative center squared radius; center profile is not monotone from midplane to GB; center topology fails before requested loss
Ro100_q0.45_L20W_r1.40_th150_k0.00,negative center squared radius; center profile is not monotone from midplane to GB; center topology fails before requested loss
Ro100_q0.45_L20W_r1.40_th150_k0.25,negative center squared radius; center profile is not monotone from midplane to GB; center topology fails before requested loss
Ro100_q0.45_L20W_r1.40_th150_k0.50,negative center squared radius; center profile is not monotone from midplane to GB; center topology fails before requested loss
Ro100_q0.45_L20W_r1.40_th150_k0.75,negative center squared radius; center profile is not monotone from midplane to GB; center topology fails before requested loss
Ro100_q0.45_L20W_r1.40_th165_k0.00,negative center squared radius; center profile is not monotone from midplane to GB; center topology fails before requested loss
Ro100_q0.45_L20W_r1.40_th165_k0.25,negative center squared radius; center profile is not monotone from midplane to GB; center topology fails before requested loss
Ro100_q0.45_L20W_r1.40_th165_k0.50,negative center squared radius; center profile is not monotone from midplane to GB; center topology fails before requested loss
Ro100_q0.45_L20W_r1.40_th165_k0.75,negative center squared radius; center profile is not monotone from midplane to GB; center topology fails before requested loss
Ro100_q0.45_L20W_r1.40_th170_k0.00,negative center squared radius; center profile is not monotone from midplane to GB; center topology fails before requested loss
Ro100_q0.45_L20W_r1.40_th170_k0.25,negative center squared radius; center profile is not monotone from midplane to GB; center topology fails before requested loss
Ro100_q0.45_L20W_r1.40_th170_k0.50,negative center squared radius; center profile is not monotone from midplane to GB; center topology fails before requested loss
Ro100_q0.45_L20W_r1.40_th170_k0.75,negative center squared radius; center profile is not monotone from midplane to GB; center topology fails before requested loss
Ro100_q0.45_L20W_r1.60_th120_k0.00,negative center squared radius; center profile is not monotone from midplane to GB; center topology fails before requested loss
Ro100_q0.45_L20W_r1.60_th120_k0.25,negative center squared radius; center profile is not monotone from midplane to GB; center topology fails before requested loss
Ro100_q0.45_L20W_r1.60_th120_k0.50,negative center squared radius; center profile is not monotone from midplane to GB; center topology fails before requested loss
Ro100_q0.45_L20W_r1.60_th120_k0.75,negative center squared radius; center profile is not monotone from midplane to GB; center topology fails before requested loss
Ro100_q0.45_L20W_r1.60_th135_k0.00,negative center squared radius; center profile is not monotone from midplane to GB; center topology fails before requested loss
Ro100_q0.45_L20W_r1.60_th135_k0.25,negative center squared radius; center profile is not monotone from midplane to GB; center topology fails before requested loss
Ro100_q0.45_L20W_r1.60_th135_k0.50,negative center squared radius; center profile is not monotone from midplane to GB; center topology fails before requested loss
Ro100_q0.45_L20W_r1.60_th135_k0.75,negative center squared radius; center profile is not monotone from midplane to GB; center topology fails before requested loss
Ro100_q0.45_L20W_r1.60_th150_k0.00,negative center squared radius; center profile is not monotone from midplane to GB; center topology fails before requested loss
Ro100_q0.45_L20W_r1.60_th150_k0.25,negative center squared radius; center profile is not monotone from midplane to GB; center topology fails before requested loss
Ro100_q0.45_L20W_r1.60_th150_k0.50,negative center squared radius; center profile is not monotone from midplane to GB; center topology fails before requested loss
Ro100_q0.45_L20W_r1.60_th150_k0.75,negative center squared radius; center profile is not monotone from midplane to GB; center topology fails before requested loss
Ro100_q0.45_L20W_r1.60_th165_k0.00,negative center squared radius; center profile is not monotone from midplane to GB; center topology fails before requested loss
Ro100_q0.45_L20W_r1.60_th165_k0.25,negative center squared radius; center profile is not monotone from midplane to GB; center topology fails before requested loss
Ro100_q0.45_L20W_r1.60_th165_k0.50,negative center squared radius; center profile is not monotone from midplane to GB; center topology fails before requested loss
Ro100_q0.45_L20W_r1.60_th165_k0.75,negative center squared radius; center profile is not monotone from midplane to GB; center topology fails before requested loss
Ro100_q0.45_L20W_r1.60_th170_k0.00,negative center squared radius; center profile is not monotone from midplane to GB; center topology fails before requested loss
Ro100_q0.45_L20W_r1.60_th170_k0.25,negative center squared radius; center profile is not monotone from midplane to GB; center topology fails before requested loss
Ro100_q0.45_L20W_r1.60_th170_k0.50,negative center squared radius; center profile is not monotone from midplane to GB; center topology fails before requested loss
Ro100_q0.45_L20W_r1.60_th170_k0.75,negative center squared radius; center profile is not monotone from midplane to GB; center topology fails before requested loss
Ro100_q0.45_L24W_r0.60_th120_k0.00,TJ radius below 6W
Ro100_q0.45_L24W_r0.60_th120_k0.25,TJ radius below 6W
Ro100_q0.45_L24W_r0.60_th120_k0.50,TJ radius below 6W
Ro100_q0.45_L24W_r0.60_th120_k0.75,TJ radius below 6W
Ro100_q0.45_L24W_r0.60_th135_k0.00,TJ radius below 6W
Ro100_q0.45_L24W_r0.60_th135_k0.25,TJ radius below 6W
Ro100_q0.45_L24W_r0.60_th135_k0.50,TJ radius below 6W
Ro100_q0.45_L24W_r0.60_th135_k0.75,TJ radius below 6W
Ro100_q0.45_L24W_r0.60_th150_k0.00,TJ radius below 6W
Ro100_q0.45_L24W_r0.60_th150_k0.25,TJ radius below 6W
Ro100_q0.45_L24W_r0.60_th150_k0.50,TJ radius below 6W
Ro100_q0.45_L24W_r0.60_th150_k0.75,TJ radius below 6W
Ro100_q0.45_L24W_r0.60_th165_k0.00,TJ radius below 6W
Ro100_q0.45_L24W_r0.60_th165_k0.25,TJ radius below 6W
Ro100_q0.45_L24W_r0.60_th165_k0.50,TJ radius below 6W
Ro100_q0.45_L24W_r0.60_th165_k0.75,TJ radius below 6W
Ro100_q0.45_L24W_r0.60_th170_k0.00,TJ radius below 6W
Ro100_q0.45_L24W_r0.60_th170_k0.25,TJ radius below 6W
Ro100_q0.45_L24W_r0.60_th170_k0.50,TJ radius below 6W
Ro100_q0.45_L24W_r0.60_th170_k0.75,TJ radius below 6W
Ro100_q0.45_L24W_r0.80_th120_k0.00,center profile is not monotone from midplane to GB
Ro100_q0.45_L24W_r0.80_th120_k0.25,center profile is not monotone from midplane to GB
Ro100_q0.45_L24W_r0.80_th120_k0.50,center profile is not monotone from midplane to GB
Ro100_q0.45_L24W_r0.80_th120_k0.75,center profile is not monotone from midplane to GB
Ro100_q0.45_L24W_r0.80_th135_k0.00,center profile is not monotone from midplane to GB
Ro100_q0.45_L24W_r0.80_th135_k0.25,center profile is not monotone from midplane to GB
Ro100_q0.45_L24W_r0.80_th135_k0.50,center profile is not monotone from midplane to GB
Ro100_q0.45_L24W_r0.80_th135_k0.75,center profile is not monotone from midplane to GB
Ro100_q0.45_L24W_r0.80_th150_k0.00,center profile is not monotone from midplane to GB
Ro100_q0.45_L24W_r0.80_th150_k0.25,center profile is not monotone from midplane to GB
Ro100_q0.45_L24W_r0.80_th150_k0.50,center profile is not monotone from midplane to GB
Ro100_q0.45_L24W_r0.80_th150_k0.75,center profile is not monotone from midplane to GB
Ro100_q0.45_L24W_r0.80_th165_k0.00,center profile is not monotone from midplane to GB
Ro100_q0.45_L24W_r0.80_th165_k0.25,center profile is not monotone from midplane to GB
Ro100_q0.45_L24W_r0.80_th165_k0.50,center profile is not monotone from midplane to GB
Ro100_q0.45_L24W_r0.80_th165_k0.75,center profile is not monotone from midplane to GB
Ro100_q0.45_L24W_r0.80_th170_k0.00,center profile is not monotone from midplane to GB
Ro100_q0.45_L24W_r0.80_th170_k0.25,center profile is not monotone from midplane to GB
Ro100_q0.45_L24W_r0.80_th170_k0.50,center profile is not monotone from midplane to GB
Ro100_q0.45_L24W_r0.80_th170_k0.75,center profile is not monotone from midplane to GB
Ro100_q0.45_L24W_r1.00_th120_k0.00,negative center squared radius; center profile is not monotone from midplane to GB; center topology fails before requested loss
Ro100_q0.45_L24W_r1.00_th120_k0.25,negative center squared radius; center profile is not monotone from midplane to GB; center topology fails before requested loss
Ro100_q0.45_L24W_r1.00_th120_k0.50,negative center squared radius; center profile is not monotone from midplane to GB; center topology fails before requested loss
Ro100_q0.45_L24W_r1.00_th120_k0.75,negative center squared radius; center profile is not monotone from midplane to GB; center topology fails before requested loss
Ro100_q0.45_L24W_r1.00_th135_k0.00,negative center squared radius; center profile is not monotone from midplane to GB; center topology fails before requested loss
Ro100_q0.45_L24W_r1.00_th135_k0.25,negative center squared radius; center profile is not monotone from midplane to GB; center topology fails before requested loss
Ro100_q0.45_L24W_r1.00_th135_k0.50,negative center squared radius; center profile is not monotone from midplane to GB; center topology fails before requested loss
Ro100_q0.45_L24W_r1.00_th135_k0.75,negative center squared radius; center profile is not monotone from midplane to GB; center topology fails before requested loss
Ro100_q0.45_L24W_r1.00_th150_k0.00,center profile is not monotone from midplane to GB; center topology fails before requested loss
Ro100_q0.45_L24W_r1.00_th150_k0.25,center profile is not monotone from midplane to GB; center topology fails before requested loss
Ro100_q0.45_L24W_r1.00_th150_k0.50,center profile is not monotone from midplane to GB; center topology fails before requested loss
Ro100_q0.45_L24W_r1.00_th150_k0.75,center profile is not monotone from midplane to GB; center topology fails before requested loss
Ro100_q0.45_L24W_r1.00_th165_k0.00,center profile is not monotone from midplane to GB; center topology fails before requested loss
Ro100_q0.45_L24W_r1.00_th165_k0.25,center profile is not monotone from midplane to GB; center topology fails before requested loss
Ro100_q0.45_L24W_r1.00_th165_k0.50,center profile is not monotone from midplane to GB
Ro100_q0.45_L24W_r1.00_th165_k0.75,center profile is not monotone from midplane to GB
Ro100_q0.45_L24W_r1.00_th170_k0.00,center profile is not monotone from midplane to GB
Ro100_q0.45_L24W_r1.00_th170_k0.25,center profile is not monotone from midplane to GB
Ro100_q0.45_L24W_r1.00_th170_k0.50,center profile is not monotone from midplane to GB
Ro100_q0.45_L24W_r1.00_th170_k0.75,center profile is not monotone from midplane to GB
Ro100_q0.45_L24W_r1.20_th120_k0.00,negative center squared radius; center profile is not monotone from midplane to GB; center topology fails before requested loss
Ro100_q0.45_L24W_r1.20_th120_k0.25,negative center squared radius; center profile is not monotone from midplane to GB; center topology fails before requested loss
Ro100_q0.45_L24W_r1.20_th120_k0.50,negative center squared radius; center profile is not monotone from midplane to GB; center topology fails before requested loss
Ro100_q0.45_L24W_r1.20_th120_k0.75,negative center squared radius; center profile is not monotone from midplane to GB; center topology fails before requested loss
Ro100_q0.45_L24W_r1.20_th135_k0.00,negative center squared radius; center profile is not monotone from midplane to GB; center topology fails before requested loss
Ro100_q0.45_L24W_r1.20_th135_k0.25,negative center squared radius; center profile is not monotone from midplane to GB; center topology fails before requested loss
Ro100_q0.45_L24W_r1.20_th135_k0.50,negative center squared radius; center profile is not monotone from midplane to GB; center topology fails before requested loss
Ro100_q0.45_L24W_r1.20_th135_k0.75,negative center squared radius; center profile is not monotone from midplane to GB; center topology fails before requested loss
Ro100_q0.45_L24W_r1.20_th150_k0.00,negative center squared radius; center profile is not monotone from midplane to GB; center topology fails before requested loss
Ro100_q0.45_L24W_r1.20_th150_k0.25,negative center squared radius; center profile is not monotone from midplane to GB; center topology fails before requested loss
Ro100_q0.45_L24W_r1.20_th150_k0.50,negative center squared radius; center profile is not monotone from midplane to GB; center topology fails before requested loss
Ro100_q0.45_L24W_r1.20_th150_k0.75,negative center squared radius; center profile is not monotone from midplane to GB; center topology fails before requested loss
Ro100_q0.45_L24W_r1.20_th165_k0.00,negative center squared radius; center profile is not monotone from midplane to GB; center topology fails before requested loss
Ro100_q0.45_L24W_r1.20_th165_k0.25,negative center squared radius; center profile is not monotone from midplane to GB; center topology fails before requested loss
Ro100_q0.45_L24W_r1.20_th165_k0.50,negative center squared radius; center profile is not monotone from midplane to GB; center topology fails before requested loss
Ro100_q0.45_L24W_r1.20_th165_k0.75,negative center squared radius; center profile is not monotone from midplane to GB; center topology fails before requested loss
Ro100_q0.45_L24W_r1.20_th170_k0.00,negative center squared radius; center profile is not monotone from midplane to GB; center topology fails before requested loss
Ro100_q0.45_L24W_r1.20_th170_k0.25,negative center squared radius; center profile is not monotone from midplane to GB; center topology fails before requested loss
Ro100_q0.45_L24W_r1.20_th170_k0.50,negative center squared radius; center profile is not monotone from midplane to GB; center topology fails before requested loss
Ro100_q0.45_L24W_r1.20_th170_k0.75,negative center squared radius; center profile is not monotone from midplane to GB; center topology fails before requested loss
Ro100_q0.45_L24W_r1.40_th120_k0.00,negative center squared radius; center profile is not monotone from midplane to GB; center topology fails before requested loss
Ro100_q0.45_L24W_r1.40_th120_k0.25,negative center squared radius; center profile is not monotone from midplane to GB; center topology fails before requested loss
Ro100_q0.45_L24W_r1.40_th120_k0.50,negative center squared radius; center profile is not monotone from midplane to GB; center topology fails before requested loss
Ro100_q0.45_L24W_r1.40_th120_k0.75,negative center squared radius; center profile is not monotone from midplane to GB; center topology fails before requested loss
Ro100_q0.45_L24W_r1.40_th135_k0.00,negative center squared radius; center profile is not monotone from midplane to GB; center topology fails before requested loss
Ro100_q0.45_L24W_r1.40_th135_k0.25,negative center squared radius; center profile is not monotone from midplane to GB; center topology fails before requested loss
Ro100_q0.45_L24W_r1.40_th135_k0.50,negative center squared radius; center profile is not monotone from midplane to GB; center topology fails before requested loss
Ro100_q0.45_L24W_r1.40_th135_k0.75,negative center squared radius; center profile is not monotone from midplane to GB; center topology fails before requested loss
Ro100_q0.45_L24W_r1.40_th150_k0.00,negative center squared radius; center profile is not monotone from midplane to GB; center topology fails before requested loss
Ro100_q0.45_L24W_r1.40_th150_k0.25,negative center squared radius; center profile is not monotone from midplane to GB; center topology fails before requested loss
Ro100_q0.45_L24W_r1.40_th150_k0.50,negative center squared radius; center profile is not monotone from midplane to GB; center topology fails before requested loss
Ro100_q0.45_L24W_r1.40_th150_k0.75,negative center squared radius; center profile is not monotone from midplane to GB; center topology fails before requested loss
Ro100_q0.45_L24W_r1.40_th165_k0.00,negative center squared radius; center profile is not monotone from midplane to GB; center topology fails before requested loss
Ro100_q0.45_L24W_r1.40_th165_k0.25,negative center squared radius; center profile is not monotone from midplane to GB; center topology fails before requested loss
Ro100_q0.45_L24W_r1.40_th165_k0.50,negative center squared radius; center profile is not monotone from midplane to GB; center topology fails before requested loss
Ro100_q0.45_L24W_r1.40_th165_k0.75,negative center squared radius; center profile is not monotone from midplane to GB; center topology fails before requested loss
Ro100_q0.45_L24W_r1.40_th170_k0.00,negative center squared radius; center profile is not monotone from midplane to GB; center topology fails before requested loss
Ro100_q0.45_L24W_r1.40_th170_k0.25,negative center squared radius; center profile is not monotone from midplane to GB; center topology fails before requested loss
Ro100_q0.45_L24W_r1.40_th170_k0.50,negative center squared radius; center profile is not monotone from midplane to GB; center topology fails before requested loss
Ro100_q0.45_L24W_r1.40_th170_k0.75,negative center squared radius; center profile is not monotone from midplane to GB; center topology fails before requested loss
Ro100_q0.45_L24W_r1.60_th120_k0.00,negative center squared radius; center profile is not monotone from midplane to GB; center topology fails before requested loss
Ro100_q0.45_L24W_r1.60_th120_k0.25,negative center squared radius; center profile is not monotone from midplane to GB; center topology fails before requested loss
Ro100_q0.45_L24W_r1.60_th120_k0.50,negative center squared radius; center profile is not monotone from midplane to GB; center topology fails before requested loss
Ro100_q0.45_L24W_r1.60_th120_k0.75,negative center squared radius; center profile is not monotone from midplane to GB; center topology fails before requested loss
Ro100_q0.45_L24W_r1.60_th135_k0.00,negative center squared radius; center profile is not monotone from midplane to GB; center topology fails before requested loss
Ro100_q0.45_L24W_r1.60_th135_k0.25,negative center squared radius; center profile is not monotone from midplane to GB; center topology fails before requested loss
Ro100_q0.45_L24W_r1.60_th135_k0.50,negative center squared radius; center profile is not monotone from midplane to GB; center topology fails before requested loss
Ro100_q0.45_L24W_r1.60_th135_k0.75,negative center squared radius; center profile is not monotone from midplane to GB; center topology fails before requested loss
Ro100_q0.45_L24W_r1.60_th150_k0.00,negative center squared radius; center profile is not monotone from midplane to GB; center topology fails before requested loss
Ro100_q0.45_L24W_r1.60_th150_k0.25,negative center squared radius; center profile is not monotone from midplane to GB; center topology fails before requested loss
Ro100_q0.45_L24W_r1.60_th150_k0.50,negative center squared radius; center profile is not monotone from midplane to GB; center topology fails before requested loss
Ro100_q0.45_L24W_r1.60_th150_k0.75,negative center squared radius; center profile is not monotone from midplane to GB; center topology fails before requested loss
Ro100_q0.45_L24W_r1.60_th165_k0.00,negative center squared radius; center profile is not monotone from midplane to GB; center topology fails before requested loss
Ro100_q0.45_L24W_r1.60_th165_k0.25,negative center squared radius; center profile is not monotone from midplane to GB; center topology fails before requested loss
Ro100_q0.45_L24W_r1.60_th165_k0.50,negative center squared radius; center profile is not monotone from midplane to GB; center topology fails before requested loss
Ro100_q0.45_L24W_r1.60_th165_k0.75,negative center squared radius; center profile is not monotone from midplane to GB; center topology fails before requested loss
Ro100_q0.45_L24W_r1.60_th170_k0.00,negative center squared radius; center profile is not monotone from midplane to GB; center topology fails before requested loss
Ro100_q0.45_L24W_r1.60_th170_k0.25,negative center squared radius; center profile is not monotone from midplane to GB; center topology fails before requested loss
Ro100_q0.45_L24W_r1.60_th170_k0.50,negative center squared radius; center profile is not monotone from midplane to GB; center topology fails before requested loss
Ro100_q0.45_L24W_r1.60_th170_k0.75,negative center squared radius; center profile is not monotone from midplane to GB; center topology fails before requested loss
Ro100_q0.55_L8W_r0.60_th120_k0.00,contact radius has reached topology loss
Ro100_q0.55_L8W_r0.60_th120_k0.25,contact radius has reached topology loss
Ro100_q0.55_L8W_r0.60_th120_k0.50,contact radius has reached topology loss
Ro100_q0.55_L8W_r0.60_th120_k0.75,contact radius has reached topology loss
Ro100_q0.55_L8W_r0.60_th135_k0.00,contact radius has reached topology loss
Ro100_q0.55_L8W_r0.60_th135_k0.25,contact radius has reached topology loss
Ro100_q0.55_L8W_r0.60_th135_k0.50,contact radius has reached topology loss
Ro100_q0.55_L8W_r0.60_th135_k0.75,contact radius has reached topology loss
Ro100_q0.55_L8W_r0.60_th150_k0.00,contact radius has reached topology loss
Ro100_q0.55_L8W_r0.60_th150_k0.25,contact radius has reached topology loss
Ro100_q0.55_L8W_r0.60_th150_k0.50,contact radius has reached topology loss
Ro100_q0.55_L8W_r0.60_th150_k0.75,contact radius has reached topology loss
Ro100_q0.55_L8W_r0.60_th165_k0.00,contact radius has reached topology loss
Ro100_q0.55_L8W_r0.60_th165_k0.25,contact radius has reached topology loss
Ro100_q0.55_L8W_r0.60_th165_k0.50,contact radius has reached topology loss
Ro100_q0.55_L8W_r0.60_th165_k0.75,contact radius has reached topology loss
Ro100_q0.55_L8W_r0.60_th170_k0.00,contact radius has reached topology loss
Ro100_q0.55_L8W_r0.60_th170_k0.25,contact radius has reached topology loss
Ro100_q0.55_L8W_r0.60_th170_k0.50,contact radius has reached topology loss
Ro100_q0.55_L8W_r0.60_th170_k0.75,contact radius has reached topology loss
Ro100_q0.55_L8W_r0.80_th120_k0.00,TJ radius below 6W
Ro100_q0.55_L8W_r0.80_th120_k0.25,TJ radius below 6W
Ro100_q0.55_L8W_r0.80_th120_k0.50,TJ radius below 6W
Ro100_q0.55_L8W_r0.80_th120_k0.75,TJ radius below 6W
Ro100_q0.55_L8W_r0.80_th135_k0.00,TJ radius below 6W
Ro100_q0.55_L8W_r0.80_th135_k0.25,TJ radius below 6W
Ro100_q0.55_L8W_r0.80_th135_k0.50,TJ radius below 6W
Ro100_q0.55_L8W_r0.80_th135_k0.75,TJ radius below 6W
Ro100_q0.55_L8W_r0.80_th150_k0.00,TJ radius below 6W
Ro100_q0.55_L8W_r0.80_th150_k0.25,TJ radius below 6W
Ro100_q0.55_L8W_r0.80_th150_k0.50,TJ radius below 6W
Ro100_q0.55_L8W_r0.80_th150_k0.75,TJ radius below 6W
Ro100_q0.55_L8W_r0.80_th165_k0.00,TJ radius below 6W
Ro100_q0.55_L8W_r0.80_th165_k0.25,TJ radius below 6W
Ro100_q0.55_L8W_r0.80_th165_k0.50,TJ radius below 6W
Ro100_q0.55_L8W_r0.80_th165_k0.75,TJ radius below 6W
Ro100_q0.55_L8W_r0.80_th170_k0.00,TJ radius below 6W
Ro100_q0.55_L8W_r0.80_th170_k0.25,TJ radius below 6W
Ro100_q0.55_L8W_r0.80_th170_k0.50,TJ radius below 6W
Ro100_q0.55_L8W_r0.80_th170_k0.75,TJ radius below 6W
Ro100_q0.55_L8W_r1.60_th120_k0.00,center profile is not monotone from midplane to GB
Ro100_q0.55_L8W_r1.60_th120_k0.25,center profile is not monotone from midplane to GB
Ro100_q0.55_L8W_r1.60_th120_k0.50,center profile is not monotone from midplane to GB
Ro100_q0.55_L8W_r1.60_th120_k0.75,center profile is not monotone from midplane to GB
Ro100_q0.55_L8W_r1.60_th135_k0.00,center profile is not monotone from midplane to GB
Ro100_q0.55_L8W_r1.60_th135_k0.25,center profile is not monotone from midplane to GB
Ro100_q0.55_L8W_r1.60_th135_k0.50,center profile is not monotone from midplane to GB
Ro100_q0.55_L8W_r1.60_th135_k0.75,center profile is not monotone from midplane to GB
Ro100_q0.55_L8W_r1.60_th150_k0.00,center profile is not monotone from midplane to GB
Ro100_q0.55_L8W_r1.60_th150_k0.25,center profile is not monotone from midplane to GB
Ro100_q0.55_L8W_r1.60_th150_k0.50,center profile is not monotone from midplane to GB
Ro100_q0.55_L8W_r1.60_th150_k0.75,center profile is not monotone from midplane to GB
Ro100_q0.55_L8W_r1.60_th165_k0.00,center profile is not monotone from midplane to GB
Ro100_q0.55_L8W_r1.60_th165_k0.25,center profile is not monotone from midplane to GB
Ro100_q0.55_L8W_r1.60_th165_k0.50,center profile is not monotone from midplane to GB
Ro100_q0.55_L8W_r1.60_th165_k0.75,center profile is not monotone from midplane to GB
Ro100_q0.55_L8W_r1.60_th170_k0.00,center profile is not monotone from midplane to GB
Ro100_q0.55_L8W_r1.60_th170_k0.25,center profile is not monotone from midplane to GB
Ro100_q0.55_L8W_r1.60_th170_k0.50,center profile is not monotone from midplane to GB
Ro100_q0.55_L8W_r1.60_th170_k0.75,center profile is not monotone from midplane to GB; outer profile has multiple radial extrema
Ro100_q0.55_L10W_r0.60_th120_k0.00,contact radius has reached topology loss
Ro100_q0.55_L10W_r0.60_th120_k0.25,contact radius has reached topology loss
Ro100_q0.55_L10W_r0.60_th120_k0.50,contact radius has reached topology loss
Ro100_q0.55_L10W_r0.60_th120_k0.75,contact radius has reached topology loss
Ro100_q0.55_L10W_r0.60_th135_k0.00,contact radius has reached topology loss
Ro100_q0.55_L10W_r0.60_th135_k0.25,contact radius has reached topology loss
Ro100_q0.55_L10W_r0.60_th135_k0.50,contact radius has reached topology loss
Ro100_q0.55_L10W_r0.60_th135_k0.75,contact radius has reached topology loss
Ro100_q0.55_L10W_r0.60_th150_k0.00,contact radius has reached topology loss
Ro100_q0.55_L10W_r0.60_th150_k0.25,contact radius has reached topology loss
Ro100_q0.55_L10W_r0.60_th150_k0.50,contact radius has reached topology loss
Ro100_q0.55_L10W_r0.60_th150_k0.75,contact radius has reached topology loss
Ro100_q0.55_L10W_r0.60_th165_k0.00,contact radius has reached topology loss
Ro100_q0.55_L10W_r0.60_th165_k0.25,contact radius has reached topology loss
Ro100_q0.55_L10W_r0.60_th165_k0.50,contact radius has reached topology loss
Ro100_q0.55_L10W_r0.60_th165_k0.75,contact radius has reached topology loss
Ro100_q0.55_L10W_r0.60_th170_k0.00,contact radius has reached topology loss
Ro100_q0.55_L10W_r0.60_th170_k0.25,contact radius has reached topology loss
Ro100_q0.55_L10W_r0.60_th170_k0.50,contact radius has reached topology loss
Ro100_q0.55_L10W_r0.60_th170_k0.75,contact radius has reached topology loss
Ro100_q0.55_L10W_r1.40_th120_k0.00,center profile is not monotone from midplane to GB
Ro100_q0.55_L10W_r1.40_th120_k0.25,center profile is not monotone from midplane to GB
Ro100_q0.55_L10W_r1.40_th120_k0.50,center profile is not monotone from midplane to GB
Ro100_q0.55_L10W_r1.40_th120_k0.75,center profile is not monotone from midplane to GB
Ro100_q0.55_L10W_r1.40_th135_k0.00,center profile is not monotone from midplane to GB
Ro100_q0.55_L10W_r1.40_th135_k0.25,center profile is not monotone from midplane to GB
Ro100_q0.55_L10W_r1.40_th135_k0.50,center profile is not monotone from midplane to GB
Ro100_q0.55_L10W_r1.40_th135_k0.75,center profile is not monotone from midplane to GB
Ro100_q0.55_L10W_r1.40_th150_k0.00,center profile is not monotone from midplane to GB
Ro100_q0.55_L10W_r1.40_th150_k0.25,center profile is not monotone from midplane to GB
Ro100_q0.55_L10W_r1.40_th150_k0.50,center profile is not monotone from midplane to GB
Ro100_q0.55_L10W_r1.40_th150_k0.75,center profile is not monotone from midplane to GB
Ro100_q0.55_L10W_r1.40_th165_k0.00,center profile is not monotone from midplane to GB
Ro100_q0.55_L10W_r1.40_th165_k0.25,center profile is not monotone from midplane to GB
Ro100_q0.55_L10W_r1.40_th165_k0.50,center profile is not monotone from midplane to GB
Ro100_q0.55_L10W_r1.40_th165_k0.75,center profile is not monotone from midplane to GB
Ro100_q0.55_L10W_r1.40_th170_k0.00,center profile is not monotone from midplane to GB
Ro100_q0.55_L10W_r1.40_th170_k0.25,center profile is not monotone from midplane to GB
Ro100_q0.55_L10W_r1.40_th170_k0.50,center profile is not monotone from midplane to GB
Ro100_q0.55_L10W_r1.40_th170_k0.75,center profile is not monotone from midplane to GB
Ro100_q0.55_L10W_r1.60_th120_k0.00,center profile is not monotone from midplane to GB
Ro100_q0.55_L10W_r1.60_th120_k0.25,center profile is not monotone from midplane to GB
Ro100_q0.55_L10W_r1.60_th120_k0.50,center profile is not monotone from midplane to GB
Ro100_q0.55_L10W_r1.60_th120_k0.75,center profile is not monotone from midplane to GB
Ro100_q0.55_L10W_r1.60_th135_k0.00,center profile is not monotone from midplane to GB
Ro100_q0.55_L10W_r1.60_th135_k0.25,center profile is not monotone from midplane to GB
Ro100_q0.55_L10W_r1.60_th135_k0.50,center profile is not monotone from midplane to GB
Ro100_q0.55_L10W_r1.60_th135_k0.75,center profile is not monotone from midplane to GB
Ro100_q0.55_L10W_r1.60_th150_k0.00,center profile is not monotone from midplane to GB
Ro100_q0.55_L10W_r1.60_th150_k0.25,center profile is not monotone from midplane to GB
Ro100_q0.55_L10W_r1.60_th150_k0.50,center profile is not monotone from midplane to GB
Ro100_q0.55_L10W_r1.60_th150_k0.75,center profile is not monotone from midplane to GB
Ro100_q0.55_L10W_r1.60_th165_k0.00,center profile is not monotone from midplane to GB
Ro100_q0.55_L10W_r1.60_th165_k0.25,center profile is not monotone from midplane to GB
Ro100_q0.55_L10W_r1.60_th165_k0.50,center profile is not monotone from midplane to GB
Ro100_q0.55_L10W_r1.60_th165_k0.75,center profile is not monotone from midplane to GB
Ro100_q0.55_L10W_r1.60_th170_k0.00,center profile is not monotone from midplane to GB
Ro100_q0.55_L10W_r1.60_th170_k0.25,center profile is not monotone from midplane to GB
Ro100_q0.55_L10W_r1.60_th170_k0.50,center profile is not monotone from midplane to GB
Ro100_q0.55_L10W_r1.60_th170_k0.75,center profile is not monotone from midplane to GB; outer profile has multiple radial extrema
Ro100_q0.55_L12W_r0.60_th120_k0.00,TJ radius below 6W
Ro100_q0.55_L12W_r0.60_th120_k0.25,TJ radius below 6W
Ro100_q0.55_L12W_r0.60_th120_k0.50,TJ radius below 6W
Ro100_q0.55_L12W_r0.60_th120_k0.75,TJ radius below 6W
Ro100_q0.55_L12W_r0.60_th135_k0.00,TJ radius below 6W
Ro100_q0.55_L12W_r0.60_th135_k0.25,TJ radius below 6W
Ro100_q0.55_L12W_r0.60_th135_k0.50,TJ radius below 6W
Ro100_q0.55_L12W_r0.60_th135_k0.75,TJ radius below 6W
Ro100_q0.55_L12W_r0.60_th150_k0.00,TJ radius below 6W
Ro100_q0.55_L12W_r0.60_th150_k0.25,TJ radius below 6W
Ro100_q0.55_L12W_r0.60_th150_k0.50,TJ radius below 6W
Ro100_q0.55_L12W_r0.60_th150_k0.75,TJ radius below 6W
Ro100_q0.55_L12W_r0.60_th165_k0.00,TJ radius below 6W
Ro100_q0.55_L12W_r0.60_th165_k0.25,TJ radius below 6W
Ro100_q0.55_L12W_r0.60_th165_k0.50,TJ radius below 6W
Ro100_q0.55_L12W_r0.60_th165_k0.75,TJ radius below 6W
Ro100_q0.55_L12W_r0.60_th170_k0.00,TJ radius below 6W
Ro100_q0.55_L12W_r0.60_th170_k0.25,TJ radius below 6W
Ro100_q0.55_L12W_r0.60_th170_k0.50,TJ radius below 6W
Ro100_q0.55_L12W_r0.60_th170_k0.75,TJ radius below 6W
Ro100_q0.55_L12W_r1.20_th120_k0.00,center profile is not monotone from midplane to GB
Ro100_q0.55_L12W_r1.20_th120_k0.25,center profile is not monotone from midplane to GB
Ro100_q0.55_L12W_r1.20_th120_k0.50,center profile is not monotone from midplane to GB
Ro100_q0.55_L12W_r1.20_th120_k0.75,center profile is not monotone from midplane to GB
Ro100_q0.55_L12W_r1.20_th135_k0.00,center profile is not monotone from midplane to GB
Ro100_q0.55_L12W_r1.20_th135_k0.25,center profile is not monotone from midplane to GB
Ro100_q0.55_L12W_r1.20_th135_k0.50,center profile is not monotone from midplane to GB
Ro100_q0.55_L12W_r1.20_th135_k0.75,center profile is not monotone from midplane to GB
Ro100_q0.55_L12W_r1.40_th120_k0.00,center profile is not monotone from midplane to GB
Ro100_q0.55_L12W_r1.40_th120_k0.25,center profile is not monotone from midplane to GB
Ro100_q0.55_L12W_r1.40_th120_k0.50,center profile is not monotone from midplane to GB
Ro100_q0.55_L12W_r1.40_th120_k0.75,center profile is not monotone from midplane to GB
Ro100_q0.55_L12W_r1.40_th135_k0.00,center profile is not monotone from midplane to GB
Ro100_q0.55_L12W_r1.40_th135_k0.25,center profile is not monotone from midplane to GB
Ro100_q0.55_L12W_r1.40_th135_k0.50,center profile is not monotone from midplane to GB
Ro100_q0.55_L12W_r1.40_th135_k0.75,center profile is not monotone from midplane to GB
Ro100_q0.55_L12W_r1.40_th150_k0.00,center profile is not monotone from midplane to GB
Ro100_q0.55_L12W_r1.40_th150_k0.25,center profile is not monotone from midplane to GB
Ro100_q0.55_L12W_r1.40_th150_k0.50,center profile is not monotone from midplane to GB
Ro100_q0.55_L12W_r1.40_th150_k0.75,center profile is not monotone from midplane to GB
Ro100_q0.55_L12W_r1.40_th165_k0.00,center profile is not monotone from midplane to GB
Ro100_q0.55_L12W_r1.40_th165_k0.25,center profile is not monotone from midplane to GB
Ro100_q0.55_L12W_r1.40_th165_k0.50,center profile is not monotone from midplane to GB
Ro100_q0.55_L12W_r1.40_th165_k0.75,center profile is not monotone from midplane to GB
Ro100_q0.55_L12W_r1.40_th170_k0.00,center profile is not monotone from midplane to GB
Ro100_q0.55_L12W_r1.40_th170_k0.25,center profile is not monotone from midplane to GB
Ro100_q0.55_L12W_r1.40_th170_k0.50,center profile is not monotone from midplane to GB
Ro100_q0.55_L12W_r1.40_th170_k0.75,center profile is not monotone from midplane to GB
Ro100_q0.55_L12W_r1.60_th120_k0.00,center profile is not monotone from midplane to GB; center topology fails before requested loss
Ro100_q0.55_L12W_r1.60_th120_k0.25,center profile is not monotone from midplane to GB; center topology fails before requested loss
Ro100_q0.55_L12W_r1.60_th120_k0.50,center profile is not monotone from midplane to GB; center topology fails before requested loss
Ro100_q0.55_L12W_r1.60_th120_k0.75,center profile is not monotone from midplane to GB; center topology fails before requested loss
Ro100_q0.55_L12W_r1.60_th135_k0.00,center profile is not monotone from midplane to GB; center topology fails before requested loss
Ro100_q0.55_L12W_r1.60_th135_k0.25,center profile is not monotone from midplane to GB; center topology fails before requested loss
Ro100_q0.55_L12W_r1.60_th135_k0.50,center profile is not monotone from midplane to GB; center topology fails before requested loss
Ro100_q0.55_L12W_r1.60_th135_k0.75,center profile is not monotone from midplane to GB; center topology fails before requested loss
Ro100_q0.55_L12W_r1.60_th150_k0.00,center profile is not monotone from midplane to GB; center topology fails before requested loss
Ro100_q0.55_L12W_r1.60_th150_k0.25,center profile is not monotone from midplane to GB; center topology fails before requested loss
Ro100_q0.55_L12W_r1.60_th150_k0.50,center profile is not monotone from midplane to GB; center topology fails before requested loss
Ro100_q0.55_L12W_r1.60_th150_k0.75,center profile is not monotone from midplane to GB; center topology fails before requested loss
Ro100_q0.55_L12W_r1.60_th165_k0.00,center profile is not monotone from midplane to GB; center topology fails before requested loss
Ro100_q0.55_L12W_r1.60_th165_k0.25,center profile is not monotone from midplane to GB; center topology fails before requested loss
Ro100_q0.55_L12W_r1.60_th165_k0.50,center profile is not monotone from midplane to GB; center topology fails before requested loss
Ro100_q0.55_L12W_r1.60_th165_k0.75,center profile is not monotone from midplane to GB; center topology fails before requested loss
Ro100_q0.55_L12W_r1.60_th170_k0.00,center profile is not monotone from midplane to GB; center topology fails before requested loss
Ro100_q0.55_L12W_r1.60_th170_k0.25,center profile is not monotone from midplane to GB; center topology fails before requested loss
Ro100_q0.55_L12W_r1.60_th170_k0.50,center profile is not monotone from midplane to GB; center topology fails before requested loss
Ro100_q0.55_L12W_r1.60_th170_k0.75,center profile is not monotone from midplane to GB; center topology fails before requested loss; outer profile has multiple radial extrema
Ro100_q0.55_L16W_r0.60_th120_k0.00,TJ radius below 6W
Ro100_q0.55_L16W_r0.60_th120_k0.25,TJ radius below 6W
Ro100_q0.55_L16W_r0.60_th120_k0.50,TJ radius below 6W
Ro100_q0.55_L16W_r0.60_th120_k0.75,TJ radius below 6W
Ro100_q0.55_L16W_r0.60_th135_k0.00,TJ radius below 6W
Ro100_q0.55_L16W_r0.60_th135_k0.25,TJ radius below 6W
Ro100_q0.55_L16W_r0.60_th135_k0.50,TJ radius below 6W
Ro100_q0.55_L16W_r0.60_th135_k0.75,TJ radius below 6W
Ro100_q0.55_L16W_r0.60_th150_k0.00,TJ radius below 6W
Ro100_q0.55_L16W_r0.60_th150_k0.25,TJ radius below 6W
Ro100_q0.55_L16W_r0.60_th150_k0.50,TJ radius below 6W
Ro100_q0.55_L16W_r0.60_th150_k0.75,TJ radius below 6W
Ro100_q0.55_L16W_r0.60_th165_k0.00,TJ radius below 6W
Ro100_q0.55_L16W_r0.60_th165_k0.25,TJ radius below 6W
Ro100_q0.55_L16W_r0.60_th165_k0.50,TJ radius below 6W
Ro100_q0.55_L16W_r0.60_th165_k0.75,TJ radius below 6W
Ro100_q0.55_L16W_r0.60_th170_k0.00,TJ radius below 6W
Ro100_q0.55_L16W_r0.60_th170_k0.25,TJ radius below 6W
Ro100_q0.55_L16W_r0.60_th170_k0.50,TJ radius below 6W
Ro100_q0.55_L16W_r0.60_th170_k0.75,TJ radius below 6W
Ro100_q0.55_L16W_r1.00_th120_k0.00,center profile is not monotone from midplane to GB
Ro100_q0.55_L16W_r1.00_th120_k0.25,center profile is not monotone from midplane to GB
Ro100_q0.55_L16W_r1.00_th120_k0.50,center profile is not monotone from midplane to GB
Ro100_q0.55_L16W_r1.00_th120_k0.75,center profile is not monotone from midplane to GB
Ro100_q0.55_L16W_r1.20_th120_k0.00,center profile is not monotone from midplane to GB
Ro100_q0.55_L16W_r1.20_th120_k0.25,center profile is not monotone from midplane to GB
Ro100_q0.55_L16W_r1.20_th120_k0.50,center profile is not monotone from midplane to GB
Ro100_q0.55_L16W_r1.20_th120_k0.75,center profile is not monotone from midplane to GB
Ro100_q0.55_L16W_r1.20_th135_k0.00,center profile is not monotone from midplane to GB
Ro100_q0.55_L16W_r1.20_th135_k0.25,center profile is not monotone from midplane to GB
Ro100_q0.55_L16W_r1.20_th135_k0.50,center profile is not monotone from midplane to GB
Ro100_q0.55_L16W_r1.20_th135_k0.75,center profile is not monotone from midplane to GB
Ro100_q0.55_L16W_r1.20_th150_k0.00,center profile is not monotone from midplane to GB
Ro100_q0.55_L16W_r1.20_th150_k0.25,center profile is not monotone from midplane to GB
Ro100_q0.55_L16W_r1.20_th150_k0.50,center profile is not monotone from midplane to GB
Ro100_q0.55_L16W_r1.20_th150_k0.75,center profile is not monotone from midplane to GB
Ro100_q0.55_L16W_r1.20_th165_k0.00,center profile is not monotone from midplane to GB
Ro100_q0.55_L16W_r1.20_th165_k0.25,center profile is not monotone from midplane to GB
Ro100_q0.55_L16W_r1.20_th165_k0.50,center profile is not monotone from midplane to GB
Ro100_q0.55_L16W_r1.20_th165_k0.75,center profile is not monotone from midplane to GB
Ro100_q0.55_L16W_r1.20_th170_k0.00,center profile is not monotone from midplane to GB
Ro100_q0.55_L16W_r1.20_th170_k0.25,center profile is not monotone from midplane to GB
Ro100_q0.55_L16W_r1.20_th170_k0.50,center profile is not monotone from midplane to GB
Ro100_q0.55_L16W_r1.20_th170_k0.75,center profile is not monotone from midplane to GB
Ro100_q0.55_L16W_r1.40_th120_k0.00,negative center squared radius; center profile is not monotone from midplane to GB; center topology fails before requested loss
Ro100_q0.55_L16W_r1.40_th120_k0.25,negative center squared radius; center profile is not monotone from midplane to GB; center topology fails before requested loss
Ro100_q0.55_L16W_r1.40_th120_k0.50,negative center squared radius; center profile is not monotone from midplane to GB; center topology fails before requested loss
Ro100_q0.55_L16W_r1.40_th120_k0.75,negative center squared radius; center profile is not monotone from midplane to GB; center topology fails before requested loss
Ro100_q0.55_L16W_r1.40_th135_k0.00,center profile is not monotone from midplane to GB; center topology fails before requested loss
Ro100_q0.55_L16W_r1.40_th135_k0.25,center profile is not monotone from midplane to GB; center topology fails before requested loss
Ro100_q0.55_L16W_r1.40_th135_k0.50,center profile is not monotone from midplane to GB; center topology fails before requested loss
Ro100_q0.55_L16W_r1.40_th135_k0.75,center profile is not monotone from midplane to GB; center topology fails before requested loss
Ro100_q0.55_L16W_r1.40_th150_k0.00,center profile is not monotone from midplane to GB; center topology fails before requested loss
Ro100_q0.55_L16W_r1.40_th150_k0.25,center profile is not monotone from midplane to GB; center topology fails before requested loss
Ro100_q0.55_L16W_r1.40_th150_k0.50,center profile is not monotone from midplane to GB; center topology fails before requested loss
Ro100_q0.55_L16W_r1.40_th150_k0.75,center profile is not monotone from midplane to GB; center topology fails before requested loss
Ro100_q0.55_L16W_r1.40_th165_k0.00,center profile is not monotone from midplane to GB; center topology fails before requested loss
Ro100_q0.55_L16W_r1.40_th165_k0.25,center profile is not monotone from midplane to GB; center topology fails before requested loss
Ro100_q0.55_L16W_r1.40_th165_k0.50,center profile is not monotone from midplane to GB; center topology fails before requested loss
Ro100_q0.55_L16W_r1.40_th165_k0.75,center profile is not monotone from midplane to GB; center topology fails before requested loss
Ro100_q0.55_L16W_r1.40_th170_k0.00,center profile is not monotone from midplane to GB; center topology fails before requested loss
Ro100_q0.55_L16W_r1.40_th170_k0.25,center profile is not monotone from midplane to GB; center topology fails before requested loss
Ro100_q0.55_L16W_r1.40_th170_k0.50,center profile is not monotone from midplane to GB; center topology fails before requested loss
Ro100_q0.55_L16W_r1.40_th170_k0.75,center profile is not monotone from midplane to GB; center topology fails before requested loss
Ro100_q0.55_L16W_r1.60_th120_k0.00,negative center squared radius; center profile is not monotone from midplane to GB; center topology fails before requested loss
Ro100_q0.55_L16W_r1.60_th120_k0.25,negative center squared radius; center profile is not monotone from midplane to GB; center topology fails before requested loss
Ro100_q0.55_L16W_r1.60_th120_k0.50,negative center squared radius; center profile is not monotone from midplane to GB; center topology fails before requested loss
Ro100_q0.55_L16W_r1.60_th120_k0.75,negative center squared radius; center profile is not monotone from midplane to GB; center topology fails before requested loss
Ro100_q0.55_L16W_r1.60_th135_k0.00,negative center squared radius; center profile is not monotone from midplane to GB; center topology fails before requested loss
Ro100_q0.55_L16W_r1.60_th135_k0.25,negative center squared radius; center profile is not monotone from midplane to GB; center topology fails before requested loss
Ro100_q0.55_L16W_r1.60_th135_k0.50,negative center squared radius; center profile is not monotone from midplane to GB; center topology fails before requested loss
Ro100_q0.55_L16W_r1.60_th135_k0.75,negative center squared radius; center profile is not monotone from midplane to GB; center topology fails before requested loss
Ro100_q0.55_L16W_r1.60_th150_k0.00,negative center squared radius; center profile is not monotone from midplane to GB; center topology fails before requested loss
Ro100_q0.55_L16W_r1.60_th150_k0.25,negative center squared radius; center profile is not monotone from midplane to GB; center topology fails before requested loss
Ro100_q0.55_L16W_r1.60_th150_k0.50,negative center squared radius; center profile is not monotone from midplane to GB; center topology fails before requested loss
Ro100_q0.55_L16W_r1.60_th150_k0.75,negative center squared radius; center profile is not monotone from midplane to GB; center topology fails before requested loss
Ro100_q0.55_L16W_r1.60_th165_k0.00,negative center squared radius; center profile is not monotone from midplane to GB; center topology fails before requested loss
Ro100_q0.55_L16W_r1.60_th165_k0.25,negative center squared radius; center profile is not monotone from midplane to GB; center topology fails before requested loss
Ro100_q0.55_L16W_r1.60_th165_k0.50,negative center squared radius; center profile is not monotone from midplane to GB; center topology fails before requested loss
Ro100_q0.55_L16W_r1.60_th165_k0.75,negative center squared radius; center profile is not monotone from midplane to GB; center topology fails before requested loss
Ro100_q0.55_L16W_r1.60_th170_k0.00,negative center squared radius; center profile is not monotone from midplane to GB; center topology fails before requested loss
Ro100_q0.55_L16W_r1.60_th170_k0.25,negative center squared radius; center profile is not monotone from midplane to GB; center topology fails before requested loss
Ro100_q0.55_L16W_r1.60_th170_k0.50,negative center squared radius; center profile is not monotone from midplane to GB; center topology fails before requested loss
Ro100_q0.55_L16W_r1.60_th170_k0.75,negative center squared radius; center profile is not monotone from midplane to GB; center topology fails before requested loss; outer profile has multiple radial extrema
Ro100_q0.55_L20W_r0.60_th120_k0.00,TJ radius below 6W
Ro100_q0.55_L20W_r0.60_th120_k0.25,TJ radius below 6W
Ro100_q0.55_L20W_r0.60_th120_k0.50,TJ radius below 6W
Ro100_q0.55_L20W_r0.60_th120_k0.75,TJ radius below 6W
Ro100_q0.55_L20W_r0.60_th135_k0.00,TJ radius below 6W
Ro100_q0.55_L20W_r0.60_th135_k0.25,TJ radius below 6W
Ro100_q0.55_L20W_r0.60_th135_k0.50,TJ radius below 6W
Ro100_q0.55_L20W_r0.60_th135_k0.75,TJ radius below 6W
Ro100_q0.55_L20W_r0.60_th150_k0.00,TJ radius below 6W
Ro100_q0.55_L20W_r0.60_th150_k0.25,TJ radius below 6W
Ro100_q0.55_L20W_r0.60_th150_k0.50,TJ radius below 6W
Ro100_q0.55_L20W_r0.60_th150_k0.75,TJ radius below 6W
Ro100_q0.55_L20W_r0.60_th165_k0.00,TJ radius below 6W
Ro100_q0.55_L20W_r0.60_th165_k0.25,TJ radius below 6W
Ro100_q0.55_L20W_r0.60_th165_k0.50,TJ radius below 6W
Ro100_q0.55_L20W_r0.60_th165_k0.75,TJ radius below 6W
Ro100_q0.55_L20W_r0.60_th170_k0.00,TJ radius below 6W
Ro100_q0.55_L20W_r0.60_th170_k0.25,TJ radius below 6W
Ro100_q0.55_L20W_r0.60_th170_k0.50,TJ radius below 6W
Ro100_q0.55_L20W_r0.60_th170_k0.75,TJ radius below 6W
Ro100_q0.55_L20W_r1.00_th120_k0.00,center profile is not monotone from midplane to GB
Ro100_q0.55_L20W_r1.00_th120_k0.25,center profile is not monotone from midplane to GB
Ro100_q0.55_L20W_r1.00_th120_k0.50,center profile is not monotone from midplane to GB
Ro100_q0.55_L20W_r1.00_th120_k0.75,center profile is not monotone from midplane to GB
Ro100_q0.55_L20W_r1.00_th135_k0.00,center profile is not monotone from midplane to GB
Ro100_q0.55_L20W_r1.00_th135_k0.25,center profile is not monotone from midplane to GB
Ro100_q0.55_L20W_r1.00_th135_k0.50,center profile is not monotone from midplane to GB
Ro100_q0.55_L20W_r1.00_th135_k0.75,center profile is not monotone from midplane to GB
Ro100_q0.55_L20W_r1.00_th150_k0.00,center profile is not monotone from midplane to GB
Ro100_q0.55_L20W_r1.00_th150_k0.25,center profile is not monotone from midplane to GB
Ro100_q0.55_L20W_r1.00_th150_k0.50,center profile is not monotone from midplane to GB
Ro100_q0.55_L20W_r1.00_th150_k0.75,center profile is not monotone from midplane to GB
Ro100_q0.55_L20W_r1.00_th165_k0.00,center profile is not monotone from midplane to GB
Ro100_q0.55_L20W_r1.00_th165_k0.25,center profile is not monotone from midplane to GB
Ro100_q0.55_L20W_r1.00_th165_k0.50,center profile is not monotone from midplane to GB
Ro100_q0.55_L20W_r1.00_th165_k0.75,center profile is not monotone from midplane to GB
Ro100_q0.55_L20W_r1.00_th170_k0.00,center profile is not monotone from midplane to GB
Ro100_q0.55_L20W_r1.00_th170_k0.25,center profile is not monotone from midplane to GB
Ro100_q0.55_L20W_r1.00_th170_k0.50,center profile is not monotone from midplane to GB
Ro100_q0.55_L20W_r1.00_th170_k0.75,center profile is not monotone from midplane to GB
Ro100_q0.55_L20W_r1.20_th120_k0.00,center profile is not monotone from midplane to GB; center topology fails before requested loss
Ro100_q0.55_L20W_r1.20_th120_k0.25,center profile is not monotone from midplane to GB; center topology fails before requested loss
Ro100_q0.55_L20W_r1.20_th120_k0.50,center profile is not monotone from midplane to GB; center topology fails before requested loss
Ro100_q0.55_L20W_r1.20_th120_k0.75,center profile is not monotone from midplane to GB; center topology fails before requested loss
Ro100_q0.55_L20W_r1.20_th135_k0.00,center profile is not monotone from midplane to GB; center topology fails before requested loss
Ro100_q0.55_L20W_r1.20_th135_k0.25,center profile is not monotone from midplane to GB; center topology fails before requested loss
Ro100_q0.55_L20W_r1.20_th135_k0.50,center profile is not monotone from midplane to GB; center topology fails before requested loss
Ro100_q0.55_L20W_r1.20_th135_k0.75,center profile is not monotone from midplane to GB; center topology fails before requested loss
Ro100_q0.55_L20W_r1.20_th150_k0.00,center profile is not monotone from midplane to GB; center topology fails before requested loss
Ro100_q0.55_L20W_r1.20_th150_k0.25,center profile is not monotone from midplane to GB
Ro100_q0.55_L20W_r1.20_th150_k0.50,center profile is not monotone from midplane to GB
Ro100_q0.55_L20W_r1.20_th150_k0.75,center profile is not monotone from midplane to GB
Ro100_q0.55_L20W_r1.20_th165_k0.00,center profile is not monotone from midplane to GB
Ro100_q0.55_L20W_r1.20_th165_k0.25,center profile is not monotone from midplane to GB
Ro100_q0.55_L20W_r1.20_th165_k0.50,center profile is not monotone from midplane to GB
Ro100_q0.55_L20W_r1.20_th165_k0.75,center profile is not monotone from midplane to GB
Ro100_q0.55_L20W_r1.20_th170_k0.00,center profile is not monotone from midplane to GB
Ro100_q0.55_L20W_r1.20_th170_k0.25,center profile is not monotone from midplane to GB
Ro100_q0.55_L20W_r1.20_th170_k0.50,center profile is not monotone from midplane to GB
Ro100_q0.55_L20W_r1.20_th170_k0.75,center profile is not monotone from midplane to GB
Ro100_q0.55_L20W_r1.40_th120_k0.00,negative center squared radius; center profile is not monotone from midplane to GB; center topology fails before requested loss
Ro100_q0.55_L20W_r1.40_th120_k0.25,negative center squared radius; center profile is not monotone from midplane to GB; center topology fails before requested loss
Ro100_q0.55_L20W_r1.40_th120_k0.50,negative center squared radius; center profile is not monotone from midplane to GB; center topology fails before requested loss
Ro100_q0.55_L20W_r1.40_th120_k0.75,negative center squared radius; center profile is not monotone from midplane to GB; center topology fails before requested loss
Ro100_q0.55_L20W_r1.40_th135_k0.00,negative center squared radius; center profile is not monotone from midplane to GB; center topology fails before requested loss
Ro100_q0.55_L20W_r1.40_th135_k0.25,negative center squared radius; center profile is not monotone from midplane to GB; center topology fails before requested loss
Ro100_q0.55_L20W_r1.40_th135_k0.50,negative center squared radius; center profile is not monotone from midplane to GB; center topology fails before requested loss
Ro100_q0.55_L20W_r1.40_th135_k0.75,negative center squared radius; center profile is not monotone from midplane to GB; center topology fails before requested loss
Ro100_q0.55_L20W_r1.40_th150_k0.00,negative center squared radius; center profile is not monotone from midplane to GB; center topology fails before requested loss
Ro100_q0.55_L20W_r1.40_th150_k0.25,negative center squared radius; center profile is not monotone from midplane to GB; center topology fails before requested loss
Ro100_q0.55_L20W_r1.40_th150_k0.50,negative center squared radius; center profile is not monotone from midplane to GB; center topology fails before requested loss
Ro100_q0.55_L20W_r1.40_th150_k0.75,negative center squared radius; center profile is not monotone from midplane to GB; center topology fails before requested loss
Ro100_q0.55_L20W_r1.40_th165_k0.00,negative center squared radius; center profile is not monotone from midplane to GB; center topology fails before requested loss
Ro100_q0.55_L20W_r1.40_th165_k0.25,negative center squared radius; center profile is not monotone from midplane to GB; center topology fails before requested loss
Ro100_q0.55_L20W_r1.40_th165_k0.50,negative center squared radius; center profile is not monotone from midplane to GB; center topology fails before requested loss
Ro100_q0.55_L20W_r1.40_th165_k0.75,negative center squared radius; center profile is not monotone from midplane to GB; center topology fails before requested loss
Ro100_q0.55_L20W_r1.40_th170_k0.00,negative center squared radius; center profile is not monotone from midplane to GB; center topology fails before requested loss
Ro100_q0.55_L20W_r1.40_th170_k0.25,negative center squared radius; center profile is not monotone from midplane to GB; center topology fails before requested loss
Ro100_q0.55_L20W_r1.40_th170_k0.50,negative center squared radius; center profile is not monotone from midplane to GB; center topology fails before requested loss
Ro100_q0.55_L20W_r1.40_th170_k0.75,negative center squared radius; center profile is not monotone from midplane to GB; center topology fails before requested loss
Ro100_q0.55_L20W_r1.60_th120_k0.00,negative center squared radius; center profile is not monotone from midplane to GB; center topology fails before requested loss
Ro100_q0.55_L20W_r1.60_th120_k0.25,negative center squared radius; center profile is not monotone from midplane to GB; center topology fails before requested loss
Ro100_q0.55_L20W_r1.60_th120_k0.50,negative center squared radius; center profile is not monotone from midplane to GB; center topology fails before requested loss
Ro100_q0.55_L20W_r1.60_th120_k0.75,negative center squared radius; center profile is not monotone from midplane to GB; center topology fails before requested loss
Ro100_q0.55_L20W_r1.60_th135_k0.00,negative center squared radius; center profile is not monotone from midplane to GB; center topology fails before requested loss
Ro100_q0.55_L20W_r1.60_th135_k0.25,negative center squared radius; center profile is not monotone from midplane to GB; center topology fails before requested loss
Ro100_q0.55_L20W_r1.60_th135_k0.50,negative center squared radius; center profile is not monotone from midplane to GB; center topology fails before requested loss
Ro100_q0.55_L20W_r1.60_th135_k0.75,negative center squared radius; center profile is not monotone from midplane to GB; center topology fails before requested loss
Ro100_q0.55_L20W_r1.60_th150_k0.00,negative center squared radius; center profile is not monotone from midplane to GB; center topology fails before requested loss
Ro100_q0.55_L20W_r1.60_th150_k0.25,negative center squared radius; center profile is not monotone from midplane to GB; center topology fails before requested loss
Ro100_q0.55_L20W_r1.60_th150_k0.50,negative center squared radius; center profile is not monotone from midplane to GB; center topology fails before requested loss
Ro100_q0.55_L20W_r1.60_th150_k0.75,negative center squared radius; center profile is not monotone from midplane to GB; center topology fails before requested loss
Ro100_q0.55_L20W_r1.60_th165_k0.00,negative center squared radius; center profile is not monotone from midplane to GB; center topology fails before requested loss
Ro100_q0.55_L20W_r1.60_th165_k0.25,negative center squared radius; center profile is not monotone from midplane to GB; center topology fails before requested loss
Ro100_q0.55_L20W_r1.60_th165_k0.50,negative center squared radius; center profile is not monotone from midplane to GB; center topology fails before requested loss
Ro100_q0.55_L20W_r1.60_th165_k0.75,negative center squared radius; center profile is not monotone from midplane to GB; center topology fails before requested loss
Ro100_q0.55_L20W_r1.60_th170_k0.00,negative center squared radius; center profile is not monotone from midplane to GB; center topology fails before requested loss
Ro100_q0.55_L20W_r1.60_th170_k0.25,negative center squared radius; center profile is not monotone from midplane to GB; center topology fails before requested loss
Ro100_q0.55_L20W_r1.60_th170_k0.50,negative center squared radius; center profile is not monotone from midplane to GB; center topology fails before requested loss
Ro100_q0.55_L20W_r1.60_th170_k0.75,negative center squared radius; center profile is not monotone from midplane to GB; center topology fails before requested loss; outer profile has multiple radial extrema
Ro100_q0.55_L24W_r0.80_th120_k0.00,center profile is not monotone from midplane to GB
Ro100_q0.55_L24W_r0.80_th120_k0.25,center profile is not monotone from midplane to GB
Ro100_q0.55_L24W_r0.80_th120_k0.50,center profile is not monotone from midplane to GB
Ro100_q0.55_L24W_r0.80_th120_k0.75,center profile is not monotone from midplane to GB
Ro100_q0.55_L24W_r0.80_th135_k0.00,center profile is not monotone from midplane to GB
Ro100_q0.55_L24W_r0.80_th135_k0.25,center profile is not monotone from midplane to GB
Ro100_q0.55_L24W_r0.80_th135_k0.50,center profile is not monotone from midplane to GB
Ro100_q0.55_L24W_r0.80_th135_k0.75,center profile is not monotone from midplane to GB
Ro100_q0.55_L24W_r1.00_th120_k0.00,center profile is not monotone from midplane to GB
Ro100_q0.55_L24W_r1.00_th120_k0.25,center profile is not monotone from midplane to GB
Ro100_q0.55_L24W_r1.00_th120_k0.50,center profile is not monotone from midplane to GB
Ro100_q0.55_L24W_r1.00_th120_k0.75,center profile is not monotone from midplane to GB
Ro100_q0.55_L24W_r1.00_th135_k0.00,center profile is not monotone from midplane to GB
Ro100_q0.55_L24W_r1.00_th135_k0.25,center profile is not monotone from midplane to GB
Ro100_q0.55_L24W_r1.00_th135_k0.50,center profile is not monotone from midplane to GB
Ro100_q0.55_L24W_r1.00_th135_k0.75,center profile is not monotone from midplane to GB
Ro100_q0.55_L24W_r1.00_th150_k0.00,center profile is not monotone from midplane to GB
Ro100_q0.55_L24W_r1.00_th150_k0.25,center profile is not monotone from midplane to GB
Ro100_q0.55_L24W_r1.00_th150_k0.50,center profile is not monotone from midplane to GB
Ro100_q0.55_L24W_r1.00_th150_k0.75,center profile is not monotone from midplane to GB
Ro100_q0.55_L24W_r1.00_th165_k0.00,center profile is not monotone from midplane to GB
Ro100_q0.55_L24W_r1.00_th165_k0.25,center profile is not monotone from midplane to GB
Ro100_q0.55_L24W_r1.00_th165_k0.50,center profile is not monotone from midplane to GB
Ro100_q0.55_L24W_r1.00_th165_k0.75,center profile is not monotone from midplane to GB
Ro100_q0.55_L24W_r1.00_th170_k0.00,center profile is not monotone from midplane to GB
Ro100_q0.55_L24W_r1.00_th170_k0.25,center profile is not monotone from midplane to GB
Ro100_q0.55_L24W_r1.00_th170_k0.50,center profile is not monotone from midplane to GB
Ro100_q0.55_L24W_r1.00_th170_k0.75,center profile is not monotone from midplane to GB
Ro100_q0.55_L24W_r1.20_th120_k0.00,negative center squared radius; center profile is not monotone from midplane to GB; center topology fails before requested loss
Ro100_q0.55_L24W_r1.20_th120_k0.25,negative center squared radius; center profile is not monotone from midplane to GB; center topology fails before requested loss
Ro100_q0.55_L24W_r1.20_th120_k0.50,negative center squared radius; center profile is not monotone from midplane to GB; center topology fails before requested loss
Ro100_q0.55_L24W_r1.20_th120_k0.75,negative center squared radius; center profile is not monotone from midplane to GB; center topology fails before requested loss
Ro100_q0.55_L24W_r1.20_th135_k0.00,negative center squared radius; center profile is not monotone from midplane to GB; center topology fails before requested loss
Ro100_q0.55_L24W_r1.20_th135_k0.25,negative center squared radius; center profile is not monotone from midplane to GB; center topology fails before requested loss
Ro100_q0.55_L24W_r1.20_th135_k0.50,negative center squared radius; center profile is not monotone from midplane to GB; center topology fails before requested loss
Ro100_q0.55_L24W_r1.20_th135_k0.75,negative center squared radius; center profile is not monotone from midplane to GB; center topology fails before requested loss
Ro100_q0.55_L24W_r1.20_th150_k0.00,negative center squared radius; center profile is not monotone from midplane to GB; center topology fails before requested loss
Ro100_q0.55_L24W_r1.20_th150_k0.25,negative center squared radius; center profile is not monotone from midplane to GB; center topology fails before requested loss
Ro100_q0.55_L24W_r1.20_th150_k0.50,negative center squared radius; center profile is not monotone from midplane to GB; center topology fails before requested loss
Ro100_q0.55_L24W_r1.20_th150_k0.75,negative center squared radius; center profile is not monotone from midplane to GB; center topology fails before requested loss
Ro100_q0.55_L24W_r1.20_th165_k0.00,negative center squared radius; center profile is not monotone from midplane to GB; center topology fails before requested loss
Ro100_q0.55_L24W_r1.20_th165_k0.25,negative center squared radius; center profile is not monotone from midplane to GB; center topology fails before requested loss
Ro100_q0.55_L24W_r1.20_th165_k0.50,negative center squared radius; center profile is not monotone from midplane to GB; center topology fails before requested loss
Ro100_q0.55_L24W_r1.20_th165_k0.75,negative center squared radius; center profile is not monotone from midplane to GB; center topology fails before requested loss
Ro100_q0.55_L24W_r1.20_th170_k0.00,negative center squared radius; center profile is not monotone from midplane to GB; center topology fails before requested loss
Ro100_q0.55_L24W_r1.20_th170_k0.25,negative center squared radius; center profile is not monotone from midplane to GB; center topology fails before requested loss
Ro100_q0.55_L24W_r1.20_th170_k0.50,negative center squared radius; center profile is not monotone from midplane to GB; center topology fails before requested loss
Ro100_q0.55_L24W_r1.20_th170_k0.75,negative center squared radius; center profile is not monotone from midplane to GB; center topology fails before requested loss
Ro100_q0.55_L24W_r1.40_th120_k0.00,negative center squared radius; center profile is not monotone from midplane to GB; center topology fails before requested loss
Ro100_q0.55_L24W_r1.40_th120_k0.25,negative center squared radius; center profile is not monotone from midplane to GB; center topology fails before requested loss
Ro100_q0.55_L24W_r1.40_th120_k0.50,negative center squared radius; center profile is not monotone from midplane to GB; center topology fails before requested loss
Ro100_q0.55_L24W_r1.40_th120_k0.75,negative center squared radius; center profile is not monotone from midplane to GB; center topology fails before requested loss
Ro100_q0.55_L24W_r1.40_th135_k0.00,negative center squared radius; center profile is not monotone from midplane to GB; center topology fails before requested loss
Ro100_q0.55_L24W_r1.40_th135_k0.25,negative center squared radius; center profile is not monotone from midplane to GB; center topology fails before requested loss
Ro100_q0.55_L24W_r1.40_th135_k0.50,negative center squared radius; center profile is not monotone from midplane to GB; center topology fails before requested loss
Ro100_q0.55_L24W_r1.40_th135_k0.75,negative center squared radius; center profile is not monotone from midplane to GB; center topology fails before requested loss
Ro100_q0.55_L24W_r1.40_th150_k0.00,negative center squared radius; center profile is not monotone from midplane to GB; center topology fails before requested loss
Ro100_q0.55_L24W_r1.40_th150_k0.25,negative center squared radius; center profile is not monotone from midplane to GB; center topology fails before requested loss
Ro100_q0.55_L24W_r1.40_th150_k0.50,negative center squared radius; center profile is not monotone from midplane to GB; center topology fails before requested loss
Ro100_q0.55_L24W_r1.40_th150_k0.75,negative center squared radius; center profile is not monotone from midplane to GB; center topology fails before requested loss
Ro100_q0.55_L24W_r1.40_th165_k0.00,negative center squared radius; center profile is not monotone from midplane to GB; center topology fails before requested loss
Ro100_q0.55_L24W_r1.40_th165_k0.25,negative center squared radius; center profile is not monotone from midplane to GB; center topology fails before requested loss
Ro100_q0.55_L24W_r1.40_th165_k0.50,negative center squared radius; center profile is not monotone from midplane to GB; center topology fails before requested loss
Ro100_q0.55_L24W_r1.40_th165_k0.75,negative center squared radius; center profile is not monotone from midplane to GB; center topology fails before requested loss
Ro100_q0.55_L24W_r1.40_th170_k0.00,negative center squared radius; center profile is not monotone from midplane to GB; center topology fails before requested loss
Ro100_q0.55_L24W_r1.40_th170_k0.25,negative center squared radius; center profile is not monotone from midplane to GB; center topology fails before requested loss
Ro100_q0.55_L24W_r1.40_th170_k0.50,negative center squared radius; center profile is not monotone from midplane to GB; center topology fails before requested loss
Ro100_q0.55_L24W_r1.40_th170_k0.75,negative center squared radius; center profile is not monotone from midplane to GB; center topology fails before requested loss
Ro100_q0.55_L24W_r1.60_th120_k0.00,negative center squared radius; center profile is not monotone from midplane to GB; center topology fails before requested loss
Ro100_q0.55_L24W_r1.60_th120_k0.25,negative center squared radius; center profile is not monotone from midplane to GB; center topology fails before requested loss
Ro100_q0.55_L24W_r1.60_th120_k0.50,negative center squared radius; center profile is not monotone from midplane to GB; center topology fails before requested loss
Ro100_q0.55_L24W_r1.60_th120_k0.75,negative center squared radius; center profile is not monotone from midplane to GB; center topology fails before requested loss
Ro100_q0.55_L24W_r1.60_th135_k0.00,negative center squared radius; center profile is not monotone from midplane to GB; center topology fails before requested loss
Ro100_q0.55_L24W_r1.60_th135_k0.25,negative center squared radius; center profile is not monotone from midplane to GB; center topology fails before requested loss
Ro100_q0.55_L24W_r1.60_th135_k0.50,negative center squared radius; center profile is not monotone from midplane to GB; center topology fails before requested loss
Ro100_q0.55_L24W_r1.60_th135_k0.75,negative center squared radius; center profile is not monotone from midplane to GB; center topology fails before requested loss
Ro100_q0.55_L24W_r1.60_th150_k0.00,negative center squared radius; center profile is not monotone from midplane to GB; center topology fails before requested loss
Ro100_q0.55_L24W_r1.60_th150_k0.25,negative center squared radius; center profile is not monotone from midplane to GB; center topology fails before requested loss
Ro100_q0.55_L24W_r1.60_th150_k0.50,negative center squared radius; center profile is not monotone from midplane to GB; center topology fails before requested loss
Ro100_q0.55_L24W_r1.60_th150_k0.75,negative center squared radius; center profile is not monotone from midplane to GB; center topology fails before requested loss
Ro100_q0.55_L24W_r1.60_th165_k0.00,negative center squared radius; center profile is not monotone from midplane to GB; center topology fails before requested loss
Ro100_q0.55_L24W_r1.60_th165_k0.25,negative center squared radius; center profile is not monotone from midplane to GB; center topology fails before requested loss
Ro100_q0.55_L24W_r1.60_th165_k0.50,negative center squared radius; center profile is not monotone from midplane to GB; center topology fails before requested loss
Ro100_q0.55_L24W_r1.60_th165_k0.75,negative center squared radius; center profile is not monotone from midplane to GB; center topology fails before requested loss
Ro100_q0.55_L24W_r1.60_th170_k0.00,negative center squared radius; center profile is not monotone from midplane to GB; center topology fails before requested loss
Ro100_q0.55_L24W_r1.60_th170_k0.25,negative center squared radius; center profile is not monotone from midplane to GB; center topology fails before requested loss
Ro100_q0.55_L24W_r1.60_th170_k0.50,negative center squared radius; center profile is not monotone from midplane to GB; center topology fails before requested loss
Ro100_q0.55_L24W_r1.60_th170_k0.75,negative center squared radius; center profile is not monotone from midplane to GB; center topology fails before requested loss; outer profile has multiple radial extrema
Ro100_q0.65_L8W_r0.60_th120_k0.00,contact radius has reached topology loss
Ro100_q0.65_L8W_r0.60_th120_k0.25,contact radius has reached topology loss
Ro100_q0.65_L8W_r0.60_th120_k0.50,contact radius has reached topology loss
Ro100_q0.65_L8W_r0.60_th120_k0.75,contact radius has reached topology loss
Ro100_q0.65_L8W_r0.60_th135_k0.00,contact radius has reached topology loss
Ro100_q0.65_L8W_r0.60_th135_k0.25,contact radius has reached topology loss
Ro100_q0.65_L8W_r0.60_th135_k0.50,contact radius has reached topology loss
Ro100_q0.65_L8W_r0.60_th135_k0.75,contact radius has reached topology loss
Ro100_q0.65_L8W_r0.60_th150_k0.00,contact radius has reached topology loss
Ro100_q0.65_L8W_r0.60_th150_k0.25,contact radius has reached topology loss
Ro100_q0.65_L8W_r0.60_th150_k0.50,contact radius has reached topology loss
Ro100_q0.65_L8W_r0.60_th150_k0.75,contact radius has reached topology loss
Ro100_q0.65_L8W_r0.60_th165_k0.00,contact radius has reached topology loss
Ro100_q0.65_L8W_r0.60_th165_k0.25,contact radius has reached topology loss
Ro100_q0.65_L8W_r0.60_th165_k0.50,contact radius has reached topology loss
Ro100_q0.65_L8W_r0.60_th165_k0.75,contact radius has reached topology loss
Ro100_q0.65_L8W_r0.60_th170_k0.00,contact radius has reached topology loss
Ro100_q0.65_L8W_r0.60_th170_k0.25,contact radius has reached topology loss
Ro100_q0.65_L8W_r0.60_th170_k0.50,contact radius has reached topology loss
Ro100_q0.65_L8W_r0.60_th170_k0.75,contact radius has reached topology loss
Ro100_q0.65_L8W_r0.80_th120_k0.00,TJ radius below 6W
Ro100_q0.65_L8W_r0.80_th120_k0.25,TJ radius below 6W
Ro100_q0.65_L8W_r0.80_th120_k0.50,TJ radius below 6W
Ro100_q0.65_L8W_r0.80_th120_k0.75,TJ radius below 6W
Ro100_q0.65_L8W_r0.80_th135_k0.00,TJ radius below 6W
Ro100_q0.65_L8W_r0.80_th135_k0.25,TJ radius below 6W
Ro100_q0.65_L8W_r0.80_th135_k0.50,TJ radius below 6W
Ro100_q0.65_L8W_r0.80_th135_k0.75,TJ radius below 6W
Ro100_q0.65_L8W_r0.80_th150_k0.00,TJ radius below 6W
Ro100_q0.65_L8W_r0.80_th150_k0.25,TJ radius below 6W
Ro100_q0.65_L8W_r0.80_th150_k0.50,TJ radius below 6W
Ro100_q0.65_L8W_r0.80_th150_k0.75,TJ radius below 6W
Ro100_q0.65_L8W_r0.80_th165_k0.00,TJ radius below 6W
Ro100_q0.65_L8W_r0.80_th165_k0.25,TJ radius below 6W
Ro100_q0.65_L8W_r0.80_th165_k0.50,TJ radius below 6W
Ro100_q0.65_L8W_r0.80_th165_k0.75,TJ radius below 6W
Ro100_q0.65_L8W_r0.80_th170_k0.00,TJ radius below 6W
Ro100_q0.65_L8W_r0.80_th170_k0.25,TJ radius below 6W
Ro100_q0.65_L8W_r0.80_th170_k0.50,TJ radius below 6W
Ro100_q0.65_L8W_r0.80_th170_k0.75,TJ radius below 6W
Ro100_q0.65_L8W_r1.60_th120_k0.00,outer profile has multiple radial extrema
Ro100_q0.65_L8W_r1.60_th120_k0.25,outer profile has multiple radial extrema
Ro100_q0.65_L8W_r1.60_th120_k0.50,outer profile has multiple radial extrema
Ro100_q0.65_L8W_r1.60_th120_k0.75,outer profile has multiple radial extrema
Ro100_q0.65_L8W_r1.60_th135_k0.00,outer profile has multiple radial extrema
Ro100_q0.65_L8W_r1.60_th135_k0.25,outer profile has multiple radial extrema
Ro100_q0.65_L10W_r0.60_th120_k0.00,contact radius has reached topology loss
Ro100_q0.65_L10W_r0.60_th120_k0.25,contact radius has reached topology loss
Ro100_q0.65_L10W_r0.60_th120_k0.50,contact radius has reached topology loss
Ro100_q0.65_L10W_r0.60_th120_k0.75,contact radius has reached topology loss
Ro100_q0.65_L10W_r0.60_th135_k0.00,contact radius has reached topology loss
Ro100_q0.65_L10W_r0.60_th135_k0.25,contact radius has reached topology loss
Ro100_q0.65_L10W_r0.60_th135_k0.50,contact radius has reached topology loss
Ro100_q0.65_L10W_r0.60_th135_k0.75,contact radius has reached topology loss
Ro100_q0.65_L10W_r0.60_th150_k0.00,contact radius has reached topology loss
Ro100_q0.65_L10W_r0.60_th150_k0.25,contact radius has reached topology loss
Ro100_q0.65_L10W_r0.60_th150_k0.50,contact radius has reached topology loss
Ro100_q0.65_L10W_r0.60_th150_k0.75,contact radius has reached topology loss
Ro100_q0.65_L10W_r0.60_th165_k0.00,contact radius has reached topology loss
Ro100_q0.65_L10W_r0.60_th165_k0.25,contact radius has reached topology loss
Ro100_q0.65_L10W_r0.60_th165_k0.50,contact radius has reached topology loss
Ro100_q0.65_L10W_r0.60_th165_k0.75,contact radius has reached topology loss
Ro100_q0.65_L10W_r0.60_th170_k0.00,contact radius has reached topology loss
Ro100_q0.65_L10W_r0.60_th170_k0.25,contact radius has reached topology loss
Ro100_q0.65_L10W_r0.60_th170_k0.50,contact radius has reached topology loss
Ro100_q0.65_L10W_r0.60_th170_k0.75,contact radius has reached topology loss
Ro100_q0.65_L10W_r1.60_th120_k0.00,center profile is not monotone from midplane to GB; outer profile has multiple radial extrema
Ro100_q0.65_L10W_r1.60_th120_k0.25,center profile is not monotone from midplane to GB; outer profile has multiple radial extrema
Ro100_q0.65_L10W_r1.60_th120_k0.50,center profile is not monotone from midplane to GB; outer profile has multiple radial extrema
Ro100_q0.65_L10W_r1.60_th120_k0.75,center profile is not monotone from midplane to GB; outer profile has multiple radial extrema
Ro100_q0.65_L10W_r1.60_th135_k0.00,center profile is not monotone from midplane to GB; outer profile has multiple radial extrema
Ro100_q0.65_L10W_r1.60_th135_k0.25,center profile is not monotone from midplane to GB; outer profile has multiple radial extrema
Ro100_q0.65_L10W_r1.60_th135_k0.50,center profile is not monotone from midplane to GB
Ro100_q0.65_L10W_r1.60_th135_k0.75,center profile is not monotone from midplane to GB
Ro100_q0.65_L10W_r1.60_th150_k0.00,center profile is not monotone from midplane to GB
Ro100_q0.65_L10W_r1.60_th150_k0.25,center profile is not monotone from midplane to GB
Ro100_q0.65_L10W_r1.60_th150_k0.50,center profile is not monotone from midplane to GB
Ro100_q0.65_L10W_r1.60_th150_k0.75,center profile is not monotone from midplane to GB
Ro100_q0.65_L10W_r1.60_th165_k0.00,center profile is not monotone from midplane to GB
Ro100_q0.65_L10W_r1.60_th165_k0.25,center profile is not monotone from midplane to GB
Ro100_q0.65_L10W_r1.60_th165_k0.50,center profile is not monotone from midplane to GB
Ro100_q0.65_L10W_r1.60_th165_k0.75,center profile is not monotone from midplane to GB
Ro100_q0.65_L10W_r1.60_th170_k0.00,center profile is not monotone from midplane to GB
Ro100_q0.65_L10W_r1.60_th170_k0.25,center profile is not monotone from midplane to GB
Ro100_q0.65_L10W_r1.60_th170_k0.50,center profile is not monotone from midplane to GB
Ro100_q0.65_L10W_r1.60_th170_k0.75,center profile is not monotone from midplane to GB
Ro100_q0.65_L12W_r0.60_th120_k0.00,contact radius has reached topology loss
Ro100_q0.65_L12W_r0.60_th120_k0.25,contact radius has reached topology loss
Ro100_q0.65_L12W_r0.60_th120_k0.50,contact radius has reached topology loss
Ro100_q0.65_L12W_r0.60_th120_k0.75,contact radius has reached topology loss
Ro100_q0.65_L12W_r0.60_th135_k0.00,contact radius has reached topology loss
Ro100_q0.65_L12W_r0.60_th135_k0.25,contact radius has reached topology loss
Ro100_q0.65_L12W_r0.60_th135_k0.50,contact radius has reached topology loss
Ro100_q0.65_L12W_r0.60_th135_k0.75,contact radius has reached topology loss
Ro100_q0.65_L12W_r0.60_th150_k0.00,contact radius has reached topology loss
Ro100_q0.65_L12W_r0.60_th150_k0.25,contact radius has reached topology loss
Ro100_q0.65_L12W_r0.60_th150_k0.50,contact radius has reached topology loss
Ro100_q0.65_L12W_r0.60_th150_k0.75,contact radius has reached topology loss
Ro100_q0.65_L12W_r0.60_th165_k0.00,contact radius has reached topology loss
Ro100_q0.65_L12W_r0.60_th165_k0.25,contact radius has reached topology loss
Ro100_q0.65_L12W_r0.60_th165_k0.50,contact radius has reached topology loss
Ro100_q0.65_L12W_r0.60_th165_k0.75,contact radius has reached topology loss
Ro100_q0.65_L12W_r0.60_th170_k0.00,contact radius has reached topology loss
Ro100_q0.65_L12W_r0.60_th170_k0.25,contact radius has reached topology loss
Ro100_q0.65_L12W_r0.60_th170_k0.50,contact radius has reached topology loss
Ro100_q0.65_L12W_r0.60_th170_k0.75,contact radius has reached topology loss
Ro100_q0.65_L12W_r1.40_th120_k0.00,center profile is not monotone from midplane to GB
Ro100_q0.65_L12W_r1.40_th120_k0.25,center profile is not monotone from midplane to GB
Ro100_q0.65_L12W_r1.40_th120_k0.50,center profile is not monotone from midplane to GB
Ro100_q0.65_L12W_r1.40_th120_k0.75,center profile is not monotone from midplane to GB
Ro100_q0.65_L12W_r1.40_th135_k0.00,center profile is not monotone from midplane to GB
Ro100_q0.65_L12W_r1.40_th135_k0.25,center profile is not monotone from midplane to GB
Ro100_q0.65_L12W_r1.40_th135_k0.50,center profile is not monotone from midplane to GB
Ro100_q0.65_L12W_r1.40_th135_k0.75,center profile is not monotone from midplane to GB
Ro100_q0.65_L12W_r1.40_th150_k0.00,center profile is not monotone from midplane to GB
Ro100_q0.65_L12W_r1.40_th150_k0.25,center profile is not monotone from midplane to GB
Ro100_q0.65_L12W_r1.40_th150_k0.50,center profile is not monotone from midplane to GB
Ro100_q0.65_L12W_r1.40_th150_k0.75,center profile is not monotone from midplane to GB
Ro100_q0.65_L12W_r1.40_th165_k0.00,center profile is not monotone from midplane to GB
Ro100_q0.65_L12W_r1.40_th165_k0.25,center profile is not monotone from midplane to GB
Ro100_q0.65_L12W_r1.40_th165_k0.50,center profile is not monotone from midplane to GB
Ro100_q0.65_L12W_r1.40_th165_k0.75,center profile is not monotone from midplane to GB
Ro100_q0.65_L12W_r1.40_th170_k0.00,center profile is not monotone from midplane to GB
Ro100_q0.65_L12W_r1.40_th170_k0.25,center profile is not monotone from midplane to GB
Ro100_q0.65_L12W_r1.40_th170_k0.50,center profile is not monotone from midplane to GB
Ro100_q0.65_L12W_r1.40_th170_k0.75,center profile is not monotone from midplane to GB
Ro100_q0.65_L12W_r1.60_th120_k0.00,center profile is not monotone from midplane to GB; outer profile has multiple radial extrema
Ro100_q0.65_L12W_r1.60_th120_k0.25,center profile is not monotone from midplane to GB; outer profile has multiple radial extrema
Ro100_q0.65_L12W_r1.60_th120_k0.50,center profile is not monotone from midplane to GB; outer profile has multiple radial extrema
Ro100_q0.65_L12W_r1.60_th120_k0.75,center profile is not monotone from midplane to GB; outer profile has multiple radial extrema
Ro100_q0.65_L12W_r1.60_th135_k0.00,center profile is not monotone from midplane to GB; outer profile has multiple radial extrema
Ro100_q0.65_L12W_r1.60_th135_k0.25,center profile is not monotone from midplane to GB; outer profile has multiple radial extrema
Ro100_q0.65_L12W_r1.60_th135_k0.50,center profile is not monotone from midplane to GB
Ro100_q0.65_L12W_r1.60_th135_k0.75,center profile is not monotone from midplane to GB
Ro100_q0.65_L12W_r1.60_th150_k0.00,center profile is not monotone from midplane to GB
Ro100_q0.65_L12W_r1.60_th150_k0.25,center profile is not monotone from midplane to GB
Ro100_q0.65_L12W_r1.60_th150_k0.50,center profile is not monotone from midplane to GB
Ro100_q0.65_L12W_r1.60_th150_k0.75,center profile is not monotone from midplane to GB
Ro100_q0.65_L12W_r1.60_th165_k0.00,center profile is not monotone from midplane to GB
Ro100_q0.65_L12W_r1.60_th165_k0.25,center profile is not monotone from midplane to GB
Ro100_q0.65_L12W_r1.60_th165_k0.50,center profile is not monotone from midplane to GB
Ro100_q0.65_L12W_r1.60_th165_k0.75,center profile is not monotone from midplane to GB
Ro100_q0.65_L12W_r1.60_th170_k0.00,center profile is not monotone from midplane to GB
Ro100_q0.65_L12W_r1.60_th170_k0.25,center profile is not monotone from midplane to GB
Ro100_q0.65_L12W_r1.60_th170_k0.50,center profile is not monotone from midplane to GB
Ro100_q0.65_L12W_r1.60_th170_k0.75,center profile is not monotone from midplane to GB
Ro100_q0.65_L16W_r0.60_th120_k0.00,TJ radius below 6W
Ro100_q0.65_L16W_r0.60_th120_k0.25,TJ radius below 6W
Ro100_q0.65_L16W_r0.60_th120_k0.50,TJ radius below 6W
Ro100_q0.65_L16W_r0.60_th120_k0.75,TJ radius below 6W
Ro100_q0.65_L16W_r0.60_th135_k0.00,TJ radius below 6W
Ro100_q0.65_L16W_r0.60_th135_k0.25,TJ radius below 6W
Ro100_q0.65_L16W_r0.60_th135_k0.50,TJ radius below 6W
Ro100_q0.65_L16W_r0.60_th135_k0.75,TJ radius below 6W
Ro100_q0.65_L16W_r0.60_th150_k0.00,TJ radius below 6W
Ro100_q0.65_L16W_r0.60_th150_k0.25,TJ radius below 6W
Ro100_q0.65_L16W_r0.60_th150_k0.50,TJ radius below 6W
Ro100_q0.65_L16W_r0.60_th150_k0.75,TJ radius below 6W
Ro100_q0.65_L16W_r0.60_th165_k0.00,TJ radius below 6W
Ro100_q0.65_L16W_r0.60_th165_k0.25,TJ radius below 6W
Ro100_q0.65_L16W_r0.60_th165_k0.50,TJ radius below 6W
Ro100_q0.65_L16W_r0.60_th165_k0.75,TJ radius below 6W
Ro100_q0.65_L16W_r0.60_th170_k0.00,TJ radius below 6W
Ro100_q0.65_L16W_r0.60_th170_k0.25,TJ radius below 6W
Ro100_q0.65_L16W_r0.60_th170_k0.50,TJ radius below 6W
Ro100_q0.65_L16W_r0.60_th170_k0.75,TJ radius below 6W
Ro100_q0.65_L16W_r1.20_th120_k0.00,center profile is not monotone from midplane to GB
Ro100_q0.65_L16W_r1.20_th120_k0.25,center profile is not monotone from midplane to GB
Ro100_q0.65_L16W_r1.20_th120_k0.50,center profile is not monotone from midplane to GB
Ro100_q0.65_L16W_r1.20_th120_k0.75,center profile is not monotone from midplane to GB
Ro100_q0.65_L16W_r1.20_th135_k0.00,center profile is not monotone from midplane to GB
Ro100_q0.65_L16W_r1.20_th135_k0.25,center profile is not monotone from midplane to GB
Ro100_q0.65_L16W_r1.20_th135_k0.50,center profile is not monotone from midplane to GB
Ro100_q0.65_L16W_r1.20_th135_k0.75,center profile is not monotone from midplane to GB
Ro100_q0.65_L16W_r1.20_th150_k0.00,center profile is not monotone from midplane to GB
Ro100_q0.65_L16W_r1.20_th150_k0.25,center profile is not monotone from midplane to GB
Ro100_q0.65_L16W_r1.20_th150_k0.50,center profile is not monotone from midplane to GB
Ro100_q0.65_L16W_r1.20_th150_k0.75,center profile is not monotone from midplane to GB
Ro100_q0.65_L16W_r1.20_th165_k0.00,center profile is not monotone from midplane to GB
Ro100_q0.65_L16W_r1.20_th165_k0.25,center profile is not monotone from midplane to GB
Ro100_q0.65_L16W_r1.20_th165_k0.50,center profile is not monotone from midplane to GB
Ro100_q0.65_L16W_r1.20_th165_k0.75,center profile is not monotone from midplane to GB
Ro100_q0.65_L16W_r1.20_th170_k0.00,center profile is not monotone from midplane to GB
Ro100_q0.65_L16W_r1.20_th170_k0.25,center profile is not monotone from midplane to GB
Ro100_q0.65_L16W_r1.20_th170_k0.50,center profile is not monotone from midplane to GB
Ro100_q0.65_L16W_r1.20_th170_k0.75,center profile is not monotone from midplane to GB
Ro100_q0.65_L16W_r1.40_th120_k0.00,center profile is not monotone from midplane to GB
Ro100_q0.65_L16W_r1.40_th120_k0.25,center profile is not monotone from midplane to GB
Ro100_q0.65_L16W_r1.40_th120_k0.50,center profile is not monotone from midplane to GB
Ro100_q0.65_L16W_r1.40_th120_k0.75,center profile is not monotone from midplane to GB
Ro100_q0.65_L16W_r1.40_th135_k0.00,center profile is not monotone from midplane to GB
Ro100_q0.65_L16W_r1.40_th135_k0.25,center profile is not monotone from midplane to GB
Ro100_q0.65_L16W_r1.40_th135_k0.50,center profile is not monotone from midplane to GB
Ro100_q0.65_L16W_r1.40_th135_k0.75,center profile is not monotone from midplane to GB
Ro100_q0.65_L16W_r1.40_th150_k0.00,center profile is not monotone from midplane to GB
Ro100_q0.65_L16W_r1.40_th150_k0.25,center profile is not monotone from midplane to GB
Ro100_q0.65_L16W_r1.40_th150_k0.50,center profile is not monotone from midplane to GB
Ro100_q0.65_L16W_r1.40_th150_k0.75,center profile is not monotone from midplane to GB
Ro100_q0.65_L16W_r1.40_th165_k0.00,center profile is not monotone from midplane to GB
Ro100_q0.65_L16W_r1.40_th165_k0.25,center profile is not monotone from midplane to GB
Ro100_q0.65_L16W_r1.40_th165_k0.50,center profile is not monotone from midplane to GB
Ro100_q0.65_L16W_r1.40_th165_k0.75,center profile is not monotone from midplane to GB
Ro100_q0.65_L16W_r1.40_th170_k0.00,center profile is not monotone from midplane to GB
Ro100_q0.65_L16W_r1.40_th170_k0.25,center profile is not monotone from midplane to GB
Ro100_q0.65_L16W_r1.40_th170_k0.50,center profile is not monotone from midplane to GB
Ro100_q0.65_L16W_r1.40_th170_k0.75,center profile is not monotone from midplane to GB
Ro100_q0.65_L16W_r1.60_th120_k0.00,negative center squared radius; center profile is not monotone from midplane to GB; center topology fails before requested loss; outer profile has multiple radial extrema
Ro100_q0.65_L16W_r1.60_th120_k0.25,negative center squared radius; center profile is not monotone from midplane to GB; center topology fails before requested loss; outer profile has multiple radial extrema
Ro100_q0.65_L16W_r1.60_th120_k0.50,negative center squared radius; center profile is not monotone from midplane to GB; center topology fails before requested loss; outer profile has multiple radial extrema
Ro100_q0.65_L16W_r1.60_th120_k0.75,negative center squared radius; center profile is not monotone from midplane to GB; center topology fails before requested loss; outer profile has multiple radial extrema
Ro100_q0.65_L16W_r1.60_th135_k0.00,negative center squared radius; center profile is not monotone from midplane to GB; center topology fails before requested loss; outer profile has multiple radial extrema
Ro100_q0.65_L16W_r1.60_th135_k0.25,negative center squared radius; center profile is not monotone from midplane to GB; center topology fails before requested loss; outer profile has multiple radial extrema
Ro100_q0.65_L16W_r1.60_th135_k0.50,negative center squared radius; center profile is not monotone from midplane to GB; center topology fails before requested loss
Ro100_q0.65_L16W_r1.60_th135_k0.75,negative center squared radius; center profile is not monotone from midplane to GB; center topology fails before requested loss
Ro100_q0.65_L16W_r1.60_th150_k0.00,negative center squared radius; center profile is not monotone from midplane to GB; center topology fails before requested loss
Ro100_q0.65_L16W_r1.60_th150_k0.25,negative center squared radius; center profile is not monotone from midplane to GB; center topology fails before requested loss
Ro100_q0.65_L16W_r1.60_th150_k0.50,negative center squared radius; center profile is not monotone from midplane to GB; center topology fails before requested loss
Ro100_q0.65_L16W_r1.60_th150_k0.75,negative center squared radius; center profile is not monotone from midplane to GB; center topology fails before requested loss
Ro100_q0.65_L16W_r1.60_th165_k0.00,negative center squared radius; center profile is not monotone from midplane to GB; center topology fails before requested loss
Ro100_q0.65_L16W_r1.60_th165_k0.25,negative center squared radius; center profile is not monotone from midplane to GB; center topology fails before requested loss
Ro100_q0.65_L16W_r1.60_th165_k0.50,negative center squared radius; center profile is not monotone from midplane to GB; center topology fails before requested loss
Ro100_q0.65_L16W_r1.60_th165_k0.75,negative center squared radius; center profile is not monotone from midplane to GB; center topology fails before requested loss
Ro100_q0.65_L16W_r1.60_th170_k0.00,negative center squared radius; center profile is not monotone from midplane to GB; center topology fails before requested loss
Ro100_q0.65_L16W_r1.60_th170_k0.25,negative center squared radius; center profile is not monotone from midplane to GB; center topology fails before requested loss
Ro100_q0.65_L16W_r1.60_th170_k0.50,negative center squared radius; center profile is not monotone from midplane to GB; center topology fails before requested loss
Ro100_q0.65_L16W_r1.60_th170_k0.75,negative center squared radius; center profile is not monotone from midplane to GB; center topology fails before requested loss
Ro100_q0.65_L20W_r1.00_th120_k0.00,center profile is not monotone from midplane to GB
Ro100_q0.65_L20W_r1.00_th120_k0.25,center profile is not monotone from midplane to GB
Ro100_q0.65_L20W_r1.00_th120_k0.50,center profile is not monotone from midplane to GB
Ro100_q0.65_L20W_r1.00_th120_k0.75,center profile is not monotone from midplane to GB
Ro100_q0.65_L20W_r1.00_th135_k0.00,center profile is not monotone from midplane to GB
Ro100_q0.65_L20W_r1.00_th135_k0.25,center profile is not monotone from midplane to GB
Ro100_q0.65_L20W_r1.00_th135_k0.50,center profile is not monotone from midplane to GB
Ro100_q0.65_L20W_r1.00_th135_k0.75,center profile is not monotone from midplane to GB
Ro100_q0.65_L20W_r1.00_th150_k0.00,center profile is not monotone from midplane to GB
Ro100_q0.65_L20W_r1.00_th150_k0.25,center profile is not monotone from midplane to GB
Ro100_q0.65_L20W_r1.00_th150_k0.50,center profile is not monotone from midplane to GB
Ro100_q0.65_L20W_r1.20_th120_k0.00,center profile is not monotone from midplane to GB
Ro100_q0.65_L20W_r1.20_th120_k0.25,center profile is not monotone from midplane to GB
Ro100_q0.65_L20W_r1.20_th120_k0.50,center profile is not monotone from midplane to GB
Ro100_q0.65_L20W_r1.20_th120_k0.75,center profile is not monotone from midplane to GB
Ro100_q0.65_L20W_r1.20_th135_k0.00,center profile is not monotone from midplane to GB
Ro100_q0.65_L20W_r1.20_th135_k0.25,center profile is not monotone from midplane to GB
Ro100_q0.65_L20W_r1.20_th135_k0.50,center profile is not monotone from midplane to GB
Ro100_q0.65_L20W_r1.20_th135_k0.75,center profile is not monotone from midplane to GB
Ro100_q0.65_L20W_r1.20_th150_k0.00,center profile is not monotone from midplane to GB
Ro100_q0.65_L20W_r1.20_th150_k0.25,center profile is not monotone from midplane to GB
Ro100_q0.65_L20W_r1.20_th150_k0.50,center profile is not monotone from midplane to GB
Ro100_q0.65_L20W_r1.20_th150_k0.75,center profile is not monotone from midplane to GB
Ro100_q0.65_L20W_r1.20_th165_k0.00,center profile is not monotone from midplane to GB
Ro100_q0.65_L20W_r1.20_th165_k0.25,center profile is not monotone from midplane to GB
Ro100_q0.65_L20W_r1.20_th165_k0.50,center profile is not monotone from midplane to GB
Ro100_q0.65_L20W_r1.20_th165_k0.75,center profile is not monotone from midplane to GB
Ro100_q0.65_L20W_r1.20_th170_k0.00,center profile is not monotone from midplane to GB
Ro100_q0.65_L20W_r1.20_th170_k0.25,center profile is not monotone from midplane to GB
Ro100_q0.65_L20W_r1.20_th170_k0.50,center profile is not monotone from midplane to GB
Ro100_q0.65_L20W_r1.20_th170_k0.75,center profile is not monotone from midplane to GB
Ro100_q0.65_L20W_r1.40_th120_k0.00,negative center squared radius; center profile is not monotone from midplane to GB; center topology fails before requested loss
Ro100_q0.65_L20W_r1.40_th120_k0.25,negative center squared radius; center profile is not monotone from midplane to GB; center topology fails before requested loss
Ro100_q0.65_L20W_r1.40_th120_k0.50,negative center squared radius; center profile is not monotone from midplane to GB; center topology fails before requested loss
Ro100_q0.65_L20W_r1.40_th120_k0.75,negative center squared radius; center profile is not monotone from midplane to GB; center topology fails before requested loss
Ro100_q0.65_L20W_r1.40_th135_k0.00,negative center squared radius; center profile is not monotone from midplane to GB; center topology fails before requested loss
Ro100_q0.65_L20W_r1.40_th135_k0.25,negative center squared radius; center profile is not monotone from midplane to GB; center topology fails before requested loss
Ro100_q0.65_L20W_r1.40_th135_k0.50,negative center squared radius; center profile is not monotone from midplane to GB; center topology fails before requested loss
Ro100_q0.65_L20W_r1.40_th135_k0.75,negative center squared radius; center profile is not monotone from midplane to GB; center topology fails before requested loss
Ro100_q0.65_L20W_r1.40_th150_k0.00,negative center squared radius; center profile is not monotone from midplane to GB; center topology fails before requested loss
Ro100_q0.65_L20W_r1.40_th150_k0.25,negative center squared radius; center profile is not monotone from midplane to GB; center topology fails before requested loss
Ro100_q0.65_L20W_r1.40_th150_k0.50,negative center squared radius; center profile is not monotone from midplane to GB; center topology fails before requested loss
Ro100_q0.65_L20W_r1.40_th150_k0.75,negative center squared radius; center profile is not monotone from midplane to GB; center topology fails before requested loss
Ro100_q0.65_L20W_r1.40_th165_k0.00,negative center squared radius; center profile is not monotone from midplane to GB; center topology fails before requested loss
Ro100_q0.65_L20W_r1.40_th165_k0.25,negative center squared radius; center profile is not monotone from midplane to GB; center topology fails before requested loss
Ro100_q0.65_L20W_r1.40_th165_k0.50,negative center squared radius; center profile is not monotone from midplane to GB; center topology fails before requested loss
Ro100_q0.65_L20W_r1.40_th165_k0.75,center profile is not monotone from midplane to GB; center topology fails before requested loss
Ro100_q0.65_L20W_r1.40_th170_k0.00,center profile is not monotone from midplane to GB; center topology fails before requested loss
Ro100_q0.65_L20W_r1.40_th170_k0.25,center profile is not monotone from midplane to GB; center topology fails before requested loss
Ro100_q0.65_L20W_r1.40_th170_k0.50,center profile is not monotone from midplane to GB; center topology fails before requested loss
Ro100_q0.65_L20W_r1.40_th170_k0.75,center profile is not monotone from midplane to GB; center topology fails before requested loss
Ro100_q0.65_L20W_r1.60_th120_k0.00,negative center squared radius; center profile is not monotone from midplane to GB; center topology fails before requested loss; outer profile has multiple radial extrema
Ro100_q0.65_L20W_r1.60_th120_k0.25,negative center squared radius; center profile is not monotone from midplane to GB; center topology fails before requested loss; outer profile has multiple radial extrema
Ro100_q0.65_L20W_r1.60_th120_k0.50,negative center squared radius; center profile is not monotone from midplane to GB; center topology fails before requested loss; outer profile has multiple radial extrema
Ro100_q0.65_L20W_r1.60_th120_k0.75,negative center squared radius; center profile is not monotone from midplane to GB; center topology fails before requested loss; outer profile has multiple radial extrema
Ro100_q0.65_L20W_r1.60_th135_k0.00,negative center squared radius; center profile is not monotone from midplane to GB; center topology fails before requested loss; outer profile has multiple radial extrema
Ro100_q0.65_L20W_r1.60_th135_k0.25,negative center squared radius; center profile is not monotone from midplane to GB; center topology fails before requested loss; outer profile has multiple radial extrema
Ro100_q0.65_L20W_r1.60_th135_k0.50,negative center squared radius; center profile is not monotone from midplane to GB; center topology fails before requested loss
Ro100_q0.65_L20W_r1.60_th135_k0.75,negative center squared radius; center profile is not monotone from midplane to GB; center topology fails before requested loss
Ro100_q0.65_L20W_r1.60_th150_k0.00,negative center squared radius; center profile is not monotone from midplane to GB; center topology fails before requested loss
Ro100_q0.65_L20W_r1.60_th150_k0.25,negative center squared radius; center profile is not monotone from midplane to GB; center topology fails before requested loss
Ro100_q0.65_L20W_r1.60_th150_k0.50,negative center squared radius; center profile is not monotone from midplane to GB; center topology fails before requested loss
Ro100_q0.65_L20W_r1.60_th150_k0.75,negative center squared radius; center profile is not monotone from midplane to GB; center topology fails before requested loss
Ro100_q0.65_L20W_r1.60_th165_k0.00,negative center squared radius; center profile is not monotone from midplane to GB; center topology fails before requested loss
Ro100_q0.65_L20W_r1.60_th165_k0.25,negative center squared radius; center profile is not monotone from midplane to GB; center topology fails before requested loss
Ro100_q0.65_L20W_r1.60_th165_k0.50,negative center squared radius; center profile is not monotone from midplane to GB; center topology fails before requested loss
Ro100_q0.65_L20W_r1.60_th165_k0.75,negative center squared radius; center profile is not monotone from midplane to GB; center topology fails before requested loss
Ro100_q0.65_L20W_r1.60_th170_k0.00,negative center squared radius; center profile is not monotone from midplane to GB; center topology fails before requested loss
Ro100_q0.65_L20W_r1.60_th170_k0.25,negative center squared radius; center profile is not monotone from midplane to GB; center topology fails before requested loss
Ro100_q0.65_L20W_r1.60_th170_k0.50,negative center squared radius; center profile is not monotone from midplane to GB; center topology fails before requested loss
Ro100_q0.65_L20W_r1.60_th170_k0.75,negative center squared radius; center profile is not monotone from midplane to GB; center topology fails before requested loss
Ro100_q0.65_L24W_r1.00_th120_k0.00,center profile is not monotone from midplane to GB
Ro100_q0.65_L24W_r1.00_th120_k0.25,center profile is not monotone from midplane to GB
Ro100_q0.65_L24W_r1.00_th120_k0.50,center profile is not monotone from midplane to GB
Ro100_q0.65_L24W_r1.00_th120_k0.75,center profile is not monotone from midplane to GB
Ro100_q0.65_L24W_r1.00_th135_k0.00,center profile is not monotone from midplane to GB
Ro100_q0.65_L24W_r1.00_th135_k0.25,center profile is not monotone from midplane to GB
Ro100_q0.65_L24W_r1.00_th135_k0.50,center profile is not monotone from midplane to GB
Ro100_q0.65_L24W_r1.00_th135_k0.75,center profile is not monotone from midplane to GB
Ro100_q0.65_L24W_r1.00_th150_k0.00,center profile is not monotone from midplane to GB
Ro100_q0.65_L24W_r1.00_th150_k0.25,center profile is not monotone from midplane to GB
Ro100_q0.65_L24W_r1.00_th150_k0.50,center profile is not monotone from midplane to GB
Ro100_q0.65_L24W_r1.00_th150_k0.75,center profile is not monotone from midplane to GB
Ro100_q0.65_L24W_r1.00_th165_k0.00,center profile is not monotone from midplane to GB
Ro100_q0.65_L24W_r1.00_th165_k0.25,center profile is not monotone from midplane to GB
Ro100_q0.65_L24W_r1.00_th165_k0.50,center profile is not monotone from midplane to GB
Ro100_q0.65_L24W_r1.00_th165_k0.75,center profile is not monotone from midplane to GB
Ro100_q0.65_L24W_r1.00_th170_k0.00,center profile is not monotone from midplane to GB
Ro100_q0.65_L24W_r1.00_th170_k0.25,center profile is not monotone from midplane to GB
Ro100_q0.65_L24W_r1.00_th170_k0.50,center profile is not monotone from midplane to GB
Ro100_q0.65_L24W_r1.00_th170_k0.75,center profile is not monotone from midplane to GB
Ro100_q0.65_L24W_r1.20_th120_k0.00,center profile is not monotone from midplane to GB; center topology fails before requested loss
Ro100_q0.65_L24W_r1.20_th120_k0.25,center profile is not monotone from midplane to GB; center topology fails before requested loss
Ro100_q0.65_L24W_r1.20_th120_k0.50,center profile is not monotone from midplane to GB; center topology fails before requested loss
Ro100_q0.65_L24W_r1.20_th120_k0.75,center profile is not monotone from midplane to GB; center topology fails before requested loss
Ro100_q0.65_L24W_r1.20_th135_k0.00,center profile is not monotone from midplane to GB; center topology fails before requested loss
Ro100_q0.65_L24W_r1.20_th135_k0.25,center profile is not monotone from midplane to GB; center topology fails before requested loss
Ro100_q0.65_L24W_r1.20_th135_k0.50,center profile is not monotone from midplane to GB; center topology fails before requested loss
Ro100_q0.65_L24W_r1.20_th135_k0.75,center profile is not monotone from midplane to GB; center topology fails before requested loss
Ro100_q0.65_L24W_r1.20_th150_k0.00,center profile is not monotone from midplane to GB; center topology fails before requested loss
Ro100_q0.65_L24W_r1.20_th150_k0.25,center profile is not monotone from midplane to GB; center topology fails before requested loss
Ro100_q0.65_L24W_r1.20_th150_k0.50,center profile is not monotone from midplane to GB; center topology fails before requested loss
Ro100_q0.65_L24W_r1.20_th150_k0.75,center profile is not monotone from midplane to GB; center topology fails before requested loss
Ro100_q0.65_L24W_r1.20_th165_k0.00,center profile is not monotone from midplane to GB
Ro100_q0.65_L24W_r1.20_th165_k0.25,center profile is not monotone from midplane to GB
Ro100_q0.65_L24W_r1.20_th165_k0.50,center profile is not monotone from midplane to GB
Ro100_q0.65_L24W_r1.20_th165_k0.75,center profile is not monotone from midplane to GB
Ro100_q0.65_L24W_r1.20_th170_k0.00,center profile is not monotone from midplane to GB
Ro100_q0.65_L24W_r1.20_th170_k0.25,center profile is not monotone from midplane to GB
Ro100_q0.65_L24W_r1.20_th170_k0.50,center profile is not monotone from midplane to GB
Ro100_q0.65_L24W_r1.20_th170_k0.75,center profile is not monotone from midplane to GB
Ro100_q0.65_L24W_r1.40_th120_k0.00,negative center squared radius; center profile is not monotone from midplane to GB; center topology fails before requested loss
Ro100_q0.65_L24W_r1.40_th120_k0.25,negative center squared radius; center profile is not monotone from midplane to GB; center topology fails before requested loss
Ro100_q0.65_L24W_r1.40_th120_k0.50,negative center squared radius; center profile is not monotone from midplane to GB; center topology fails before requested loss
Ro100_q0.65_L24W_r1.40_th120_k0.75,negative center squared radius; center profile is not monotone from midplane to GB; center topology fails before requested loss
Ro100_q0.65_L24W_r1.40_th135_k0.00,negative center squared radius; center profile is not monotone from midplane to GB; center topology fails before requested loss
Ro100_q0.65_L24W_r1.40_th135_k0.25,negative center squared radius; center profile is not monotone from midplane to GB; center topology fails before requested loss
Ro100_q0.65_L24W_r1.40_th135_k0.50,negative center squared radius; center profile is not monotone from midplane to GB; center topology fails before requested loss
Ro100_q0.65_L24W_r1.40_th135_k0.75,negative center squared radius; center profile is not monotone from midplane to GB; center topology fails before requested loss
Ro100_q0.65_L24W_r1.40_th150_k0.00,negative center squared radius; center profile is not monotone from midplane to GB; center topology fails before requested loss
Ro100_q0.65_L24W_r1.40_th150_k0.25,negative center squared radius; center profile is not monotone from midplane to GB; center topology fails before requested loss
Ro100_q0.65_L24W_r1.40_th150_k0.50,negative center squared radius; center profile is not monotone from midplane to GB; center topology fails before requested loss
Ro100_q0.65_L24W_r1.40_th150_k0.75,negative center squared radius; center profile is not monotone from midplane to GB; center topology fails before requested loss
Ro100_q0.65_L24W_r1.40_th165_k0.00,negative center squared radius; center profile is not monotone from midplane to GB; center topology fails before requested loss
Ro100_q0.65_L24W_r1.40_th165_k0.25,negative center squared radius; center profile is not monotone from midplane to GB; center topology fails before requested loss
Ro100_q0.65_L24W_r1.40_th165_k0.50,negative center squared radius; center profile is not monotone from midplane to GB; center topology fails before requested loss
Ro100_q0.65_L24W_r1.40_th165_k0.75,negative center squared radius; center profile is not monotone from midplane to GB; center topology fails before requested loss
Ro100_q0.65_L24W_r1.40_th170_k0.00,negative center squared radius; center profile is not monotone from midplane to GB; center topology fails before requested loss
Ro100_q0.65_L24W_r1.40_th170_k0.25,negative center squared radius; center profile is not monotone from midplane to GB; center topology fails before requested loss
Ro100_q0.65_L24W_r1.40_th170_k0.50,negative center squared radius; center profile is not monotone from midplane to GB; center topology fails before requested loss
Ro100_q0.65_L24W_r1.40_th170_k0.75,negative center squared radius; center profile is not monotone from midplane to GB; center topology fails before requested loss; outer profile has multiple radial extrema
Ro100_q0.65_L24W_r1.60_th120_k0.00,negative center squared radius; center profile is not monotone from midplane to GB; center topology fails before requested loss; outer profile has multiple radial extrema
Ro100_q0.65_L24W_r1.60_th120_k0.25,negative center squared radius; center profile is not monotone from midplane to GB; center topology fails before requested loss; outer profile has multiple radial extrema
Ro100_q0.65_L24W_r1.60_th120_k0.50,negative center squared radius; center profile is not monotone from midplane to GB; center topology fails before requested loss; outer profile has multiple radial extrema
Ro100_q0.65_L24W_r1.60_th120_k0.75,negative center squared radius; center profile is not monotone from midplane to GB; center topology fails before requested loss; outer profile has multiple radial extrema
Ro100_q0.65_L24W_r1.60_th135_k0.00,negative center squared radius; center profile is not monotone from midplane to GB; center topology fails before requested loss; outer profile has multiple radial extrema
Ro100_q0.65_L24W_r1.60_th135_k0.25,negative center squared radius; center profile is not monotone from midplane to GB; center topology fails before requested loss; outer profile has multiple radial extrema
Ro100_q0.65_L24W_r1.60_th135_k0.50,negative center squared radius; center profile is not monotone from midplane to GB; center topology fails before requested loss
Ro100_q0.65_L24W_r1.60_th135_k0.75,negative center squared radius; center profile is not monotone from midplane to GB; center topology fails before requested loss
Ro100_q0.65_L24W_r1.60_th150_k0.00,negative center squared radius; center profile is not monotone from midplane to GB; center topology fails before requested loss
Ro100_q0.65_L24W_r1.60_th150_k0.25,negative center squared radius; center profile is not monotone from midplane to GB; center topology fails before requested loss
Ro100_q0.65_L24W_r1.60_th150_k0.50,negative center squared radius; center profile is not monotone from midplane to GB; center topology fails before requested loss
Ro100_q0.65_L24W_r1.60_th150_k0.75,negative center squared radius; center profile is not monotone from midplane to GB; center topology fails before requested loss
Ro100_q0.65_L24W_r1.60_th165_k0.00,negative center squared radius; center profile is not monotone from midplane to GB; center topology fails before requested loss
Ro100_q0.65_L24W_r1.60_th165_k0.25,negative center squared radius; center profile is not monotone from midplane to GB; center topology fails before requested loss
Ro100_q0.65_L24W_r1.60_th165_k0.50,negative center squared radius; center profile is not monotone from midplane to GB; center topology fails before requested loss
Ro100_q0.65_L24W_r1.60_th165_k0.75,negative center squared radius; center profile is not monotone from midplane to GB; center topology fails before requested loss
Ro100_q0.65_L24W_r1.60_th170_k0.00,negative center squared radius; center profile is not monotone from midplane to GB; center topology fails before requested loss
Ro100_q0.65_L24W_r1.60_th170_k0.25,negative center squared radius; center profile is not monotone from midplane to GB; center topology fails before requested loss
Ro100_q0.65_L24W_r1.60_th170_k0.50,negative center squared radius; center profile is not monotone from midplane to GB; center topology fails before requested loss
Ro100_q0.65_L24W_r1.60_th170_k0.75,negative center squared radius; center profile is not monotone from midplane to GB; center topology fails before requested loss
Ro100_q0.75_L8W_r0.60_th120_k0.00,contact radius has reached topology loss
Ro100_q0.75_L8W_r0.60_th120_k0.25,contact radius has reached topology loss
Ro100_q0.75_L8W_r0.60_th120_k0.50,contact radius has reached topology loss
Ro100_q0.75_L8W_r0.60_th120_k0.75,contact radius has reached topology loss
Ro100_q0.75_L8W_r0.60_th135_k0.00,contact radius has reached topology loss
Ro100_q0.75_L8W_r0.60_th135_k0.25,contact radius has reached topology loss
Ro100_q0.75_L8W_r0.60_th135_k0.50,contact radius has reached topology loss
Ro100_q0.75_L8W_r0.60_th135_k0.75,contact radius has reached topology loss
Ro100_q0.75_L8W_r0.60_th150_k0.00,contact radius has reached topology loss
Ro100_q0.75_L8W_r0.60_th150_k0.25,contact radius has reached topology loss
Ro100_q0.75_L8W_r0.60_th150_k0.50,contact radius has reached topology loss
Ro100_q0.75_L8W_r0.60_th150_k0.75,contact radius has reached topology loss
Ro100_q0.75_L8W_r0.60_th165_k0.00,contact radius has reached topology loss
Ro100_q0.75_L8W_r0.60_th165_k0.25,contact radius has reached topology loss
Ro100_q0.75_L8W_r0.60_th165_k0.50,contact radius has reached topology loss
Ro100_q0.75_L8W_r0.60_th165_k0.75,contact radius has reached topology loss
Ro100_q0.75_L8W_r0.60_th170_k0.00,contact radius has reached topology loss
Ro100_q0.75_L8W_r0.60_th170_k0.25,contact radius has reached topology loss
Ro100_q0.75_L8W_r0.60_th170_k0.50,contact radius has reached topology loss
Ro100_q0.75_L8W_r0.60_th170_k0.75,contact radius has reached topology loss
Ro100_q0.75_L8W_r0.80_th120_k0.00,TJ radius below 6W
Ro100_q0.75_L8W_r0.80_th120_k0.25,TJ radius below 6W
Ro100_q0.75_L8W_r0.80_th120_k0.50,TJ radius below 6W
Ro100_q0.75_L8W_r0.80_th120_k0.75,TJ radius below 6W
Ro100_q0.75_L8W_r0.80_th135_k0.00,TJ radius below 6W
Ro100_q0.75_L8W_r0.80_th135_k0.25,TJ radius below 6W
Ro100_q0.75_L8W_r0.80_th135_k0.50,TJ radius below 6W
Ro100_q0.75_L8W_r0.80_th135_k0.75,TJ radius below 6W
Ro100_q0.75_L8W_r0.80_th150_k0.00,TJ radius below 6W
Ro100_q0.75_L8W_r0.80_th150_k0.25,TJ radius below 6W
Ro100_q0.75_L8W_r0.80_th150_k0.50,TJ radius below 6W
Ro100_q0.75_L8W_r0.80_th150_k0.75,TJ radius below 6W
Ro100_q0.75_L8W_r0.80_th165_k0.00,TJ radius below 6W
Ro100_q0.75_L8W_r0.80_th165_k0.25,TJ radius below 6W
Ro100_q0.75_L8W_r0.80_th165_k0.50,TJ radius below 6W
Ro100_q0.75_L8W_r0.80_th165_k0.75,TJ radius below 6W
Ro100_q0.75_L8W_r0.80_th170_k0.00,TJ radius below 6W
Ro100_q0.75_L8W_r0.80_th170_k0.25,TJ radius below 6W
Ro100_q0.75_L8W_r0.80_th170_k0.50,TJ radius below 6W
Ro100_q0.75_L8W_r0.80_th170_k0.75,TJ radius below 6W
Ro100_q0.75_L8W_r1.40_th120_k0.00,outer profile has multiple radial extrema
Ro100_q0.75_L8W_r1.40_th120_k0.25,outer profile has multiple radial extrema
Ro100_q0.75_L8W_r1.40_th120_k0.50,outer profile has multiple radial extrema
Ro100_q0.75_L8W_r1.40_th120_k0.75,outer profile has multiple radial extrema
Ro100_q0.75_L8W_r1.40_th135_k0.00,outer profile has multiple radial extrema
Ro100_q0.75_L8W_r1.40_th135_k0.25,outer profile has multiple radial extrema
Ro100_q0.75_L8W_r1.40_th135_k0.50,outer profile has multiple radial extrema
Ro100_q0.75_L8W_r1.40_th170_k0.75,outer profile has multiple radial extrema
Ro100_q0.75_L8W_r1.60_th120_k0.00,negative outer squared radius
Ro100_q0.75_L8W_r1.60_th120_k0.25,negative outer squared radius
Ro100_q0.75_L8W_r1.60_th120_k0.50,negative outer squared radius
Ro100_q0.75_L8W_r1.60_th120_k0.75,negative outer squared radius
Ro100_q0.75_L8W_r1.60_th135_k0.00,negative outer squared radius
Ro100_q0.75_L8W_r1.60_th135_k0.25,negative outer squared radius
Ro100_q0.75_L8W_r1.60_th135_k0.50,negative outer squared radius
Ro100_q0.75_L8W_r1.60_th135_k0.75,negative outer squared radius
Ro100_q0.75_L8W_r1.60_th150_k0.00,outer profile has multiple radial extrema
Ro100_q0.75_L8W_r1.60_th150_k0.25,outer profile has multiple radial extrema
Ro100_q0.75_L8W_r1.60_th150_k0.50,outer profile has multiple radial extrema
Ro100_q0.75_L8W_r1.60_th150_k0.75,outer profile has multiple radial extrema
Ro100_q0.75_L8W_r1.60_th165_k0.00,outer profile has multiple radial extrema
Ro100_q0.75_L8W_r1.60_th165_k0.25,outer profile has multiple radial extrema
Ro100_q0.75_L8W_r1.60_th165_k0.50,outer profile has multiple radial extrema
Ro100_q0.75_L8W_r1.60_th165_k0.75,outer profile has multiple radial extrema
Ro100_q0.75_L8W_r1.60_th170_k0.00,outer profile has multiple radial extrema
Ro100_q0.75_L8W_r1.60_th170_k0.25,outer profile has multiple radial extrema
Ro100_q0.75_L8W_r1.60_th170_k0.50,outer profile has multiple radial extrema
Ro100_q0.75_L8W_r1.60_th170_k0.75,outer profile has multiple radial extrema
Ro100_q0.75_L10W_r0.60_th120_k0.00,contact radius has reached topology loss
Ro100_q0.75_L10W_r0.60_th120_k0.25,contact radius has reached topology loss
Ro100_q0.75_L10W_r0.60_th120_k0.50,contact radius has reached topology loss
Ro100_q0.75_L10W_r0.60_th120_k0.75,contact radius has reached topology loss
Ro100_q0.75_L10W_r0.60_th135_k0.00,contact radius has reached topology loss
Ro100_q0.75_L10W_r0.60_th135_k0.25,contact radius has reached topology loss
Ro100_q0.75_L10W_r0.60_th135_k0.50,contact radius has reached topology loss
Ro100_q0.75_L10W_r0.60_th135_k0.75,contact radius has reached topology loss
Ro100_q0.75_L10W_r0.60_th150_k0.00,contact radius has reached topology loss
Ro100_q0.75_L10W_r0.60_th150_k0.25,contact radius has reached topology loss
Ro100_q0.75_L10W_r0.60_th150_k0.50,contact radius has reached topology loss
Ro100_q0.75_L10W_r0.60_th150_k0.75,contact radius has reached topology loss
Ro100_q0.75_L10W_r0.60_th165_k0.00,contact radius has reached topology loss
Ro100_q0.75_L10W_r0.60_th165_k0.25,contact radius has reached topology loss
Ro100_q0.75_L10W_r0.60_th165_k0.50,contact radius has reached topology loss
Ro100_q0.75_L10W_r0.60_th165_k0.75,contact radius has reached topology loss
Ro100_q0.75_L10W_r0.60_th170_k0.00,contact radius has reached topology loss
Ro100_q0.75_L10W_r0.60_th170_k0.25,contact radius has reached topology loss
Ro100_q0.75_L10W_r0.60_th170_k0.50,contact radius has reached topology loss
Ro100_q0.75_L10W_r0.60_th170_k0.75,contact radius has reached topology loss
Ro100_q0.75_L10W_r1.40_th120_k0.00,outer profile has multiple radial extrema
Ro100_q0.75_L10W_r1.40_th120_k0.25,outer profile has multiple radial extrema
Ro100_q0.75_L10W_r1.40_th120_k0.50,outer profile has multiple radial extrema
Ro100_q0.75_L10W_r1.40_th120_k0.75,outer profile has multiple radial extrema
Ro100_q0.75_L10W_r1.40_th135_k0.00,outer profile has multiple radial extrema
Ro100_q0.75_L10W_r1.40_th135_k0.25,outer profile has multiple radial extrema
Ro100_q0.75_L10W_r1.40_th135_k0.50,outer profile has multiple radial extrema
Ro100_q0.75_L10W_r1.60_th120_k0.00,center profile is not monotone from midplane to GB; negative outer squared radius
Ro100_q0.75_L10W_r1.60_th120_k0.25,center profile is not monotone from midplane to GB; negative outer squared radius
Ro100_q0.75_L10W_r1.60_th120_k0.50,center profile is not monotone from midplane to GB; negative outer squared radius
Ro100_q0.75_L10W_r1.60_th120_k0.75,center profile is not monotone from midplane to GB; negative outer squared radius
Ro100_q0.75_L10W_r1.60_th135_k0.00,center profile is not monotone from midplane to GB; negative outer squared radius
Ro100_q0.75_L10W_r1.60_th135_k0.25,center profile is not monotone from midplane to GB; negative outer squared radius
Ro100_q0.75_L10W_r1.60_th135_k0.50,center profile is not monotone from midplane to GB; negative outer squared radius
Ro100_q0.75_L10W_r1.60_th135_k0.75,center profile is not monotone from midplane to GB; negative outer squared radius
Ro100_q0.75_L10W_r1.60_th150_k0.00,center profile is not monotone from midplane to GB; outer profile has multiple radial extrema
Ro100_q0.75_L10W_r1.60_th150_k0.25,center profile is not monotone from midplane to GB; outer profile has multiple radial extrema
Ro100_q0.75_L10W_r1.60_th150_k0.50,center profile is not monotone from midplane to GB; outer profile has multiple radial extrema
Ro100_q0.75_L10W_r1.60_th150_k0.75,center profile is not monotone from midplane to GB; outer profile has multiple radial extrema
Ro100_q0.75_L10W_r1.60_th165_k0.00,center profile is not monotone from midplane to GB; outer profile has multiple radial extrema
Ro100_q0.75_L10W_r1.60_th165_k0.25,center profile is not monotone from midplane to GB; outer profile has multiple radial extrema
Ro100_q0.75_L10W_r1.60_th165_k0.50,center profile is not monotone from midplane to GB; outer profile has multiple radial extrema
Ro100_q0.75_L10W_r1.60_th165_k0.75,center profile is not monotone from midplane to GB; outer profile has multiple radial extrema
Ro100_q0.75_L10W_r1.60_th170_k0.00,center profile is not monotone from midplane to GB; outer profile has multiple radial extrema
Ro100_q0.75_L10W_r1.60_th170_k0.25,center profile is not monotone from midplane to GB; outer profile has multiple radial extrema
Ro100_q0.75_L10W_r1.60_th170_k0.50,center profile is not monotone from midplane to GB; outer profile has multiple radial extrema
Ro100_q0.75_L10W_r1.60_th170_k0.75,center profile is not monotone from midplane to GB; outer profile has multiple radial extrema
Ro100_q0.75_L12W_r0.60_th120_k0.00,contact radius has reached topology loss
Ro100_q0.75_L12W_r0.60_th120_k0.25,contact radius has reached topology loss
Ro100_q0.75_L12W_r0.60_th120_k0.50,contact radius has reached topology loss
Ro100_q0.75_L12W_r0.60_th120_k0.75,contact radius has reached topology loss
Ro100_q0.75_L12W_r0.60_th135_k0.00,contact radius has reached topology loss
Ro100_q0.75_L12W_r0.60_th135_k0.25,contact radius has reached topology loss
Ro100_q0.75_L12W_r0.60_th135_k0.50,contact radius has reached topology loss
Ro100_q0.75_L12W_r0.60_th135_k0.75,contact radius has reached topology loss
Ro100_q0.75_L12W_r0.60_th150_k0.00,contact radius has reached topology loss
Ro100_q0.75_L12W_r0.60_th150_k0.25,contact radius has reached topology loss
Ro100_q0.75_L12W_r0.60_th150_k0.50,contact radius has reached topology loss
Ro100_q0.75_L12W_r0.60_th150_k0.75,contact radius has reached topology loss
Ro100_q0.75_L12W_r0.60_th165_k0.00,contact radius has reached topology loss
Ro100_q0.75_L12W_r0.60_th165_k0.25,contact radius has reached topology loss
Ro100_q0.75_L12W_r0.60_th165_k0.50,contact radius has reached topology loss
Ro100_q0.75_L12W_r0.60_th165_k0.75,contact radius has reached topology loss
Ro100_q0.75_L12W_r0.60_th170_k0.00,contact radius has reached topology loss
Ro100_q0.75_L12W_r0.60_th170_k0.25,contact radius has reached topology loss
Ro100_q0.75_L12W_r0.60_th170_k0.50,contact radius has reached topology loss
Ro100_q0.75_L12W_r0.60_th170_k0.75,contact radius has reached topology loss
Ro100_q0.75_L12W_r1.40_th120_k0.00,center profile is not monotone from midplane to GB; outer profile has multiple radial extrema
Ro100_q0.75_L12W_r1.40_th120_k0.25,center profile is not monotone from midplane to GB; outer profile has multiple radial extrema
Ro100_q0.75_L12W_r1.40_th120_k0.50,center profile is not monotone from midplane to GB; outer profile has multiple radial extrema
Ro100_q0.75_L12W_r1.40_th120_k0.75,center profile is not monotone from midplane to GB; outer profile has multiple radial extrema
Ro100_q0.75_L12W_r1.40_th135_k0.00,outer profile has multiple radial extrema
Ro100_q0.75_L12W_r1.40_th135_k0.25,outer profile has multiple radial extrema
Ro100_q0.75_L12W_r1.40_th135_k0.50,outer profile has multiple radial extrema
Ro100_q0.75_L12W_r1.60_th120_k0.00,center profile is not monotone from midplane to GB; negative outer squared radius
Ro100_q0.75_L12W_r1.60_th120_k0.25,center profile is not monotone from midplane to GB; negative outer squared radius
Ro100_q0.75_L12W_r1.60_th120_k0.50,center profile is not monotone from midplane to GB; negative outer squared radius
Ro100_q0.75_L12W_r1.60_th120_k0.75,center profile is not monotone from midplane to GB; negative outer squared radius
Ro100_q0.75_L12W_r1.60_th135_k0.00,center profile is not monotone from midplane to GB; negative outer squared radius
Ro100_q0.75_L12W_r1.60_th135_k0.25,center profile is not monotone from midplane to GB; negative outer squared radius
Ro100_q0.75_L12W_r1.60_th135_k0.50,center profile is not monotone from midplane to GB; negative outer squared radius
Ro100_q0.75_L12W_r1.60_th135_k0.75,center profile is not monotone from midplane to GB; negative outer squared radius
Ro100_q0.75_L12W_r1.60_th150_k0.00,center profile is not monotone from midplane to GB; outer profile has multiple radial extrema
Ro100_q0.75_L12W_r1.60_th150_k0.25,center profile is not monotone from midplane to GB; outer profile has multiple radial extrema
Ro100_q0.75_L12W_r1.60_th150_k0.50,center profile is not monotone from midplane to GB; outer profile has multiple radial extrema
Ro100_q0.75_L12W_r1.60_th150_k0.75,center profile is not monotone from midplane to GB; outer profile has multiple radial extrema
Ro100_q0.75_L12W_r1.60_th165_k0.00,center profile is not monotone from midplane to GB; outer profile has multiple radial extrema
Ro100_q0.75_L12W_r1.60_th165_k0.25,center profile is not monotone from midplane to GB; outer profile has multiple radial extrema
Ro100_q0.75_L12W_r1.60_th165_k0.50,center profile is not monotone from midplane to GB; outer profile has multiple radial extrema
Ro100_q0.75_L12W_r1.60_th165_k0.75,center profile is not monotone from midplane to GB; outer profile has multiple radial extrema
Ro100_q0.75_L12W_r1.60_th170_k0.00,center profile is not monotone from midplane to GB; outer profile has multiple radial extrema
Ro100_q0.75_L12W_r1.60_th170_k0.25,center profile is not monotone from midplane to GB; outer profile has multiple radial extrema
Ro100_q0.75_L12W_r1.60_th170_k0.50,center profile is not monotone from midplane to GB; outer profile has multiple radial extrema
Ro100_q0.75_L12W_r1.60_th170_k0.75,center profile is not monotone from midplane to GB; outer profile has multiple radial extrema
Ro100_q0.75_L16W_r0.60_th120_k0.00,TJ radius below 6W
Ro100_q0.75_L16W_r0.60_th120_k0.25,TJ radius below 6W
Ro100_q0.75_L16W_r0.60_th120_k0.50,TJ radius below 6W
Ro100_q0.75_L16W_r0.60_th120_k0.75,TJ radius below 6W
Ro100_q0.75_L16W_r0.60_th135_k0.00,TJ radius below 6W
Ro100_q0.75_L16W_r0.60_th135_k0.25,TJ radius below 6W
Ro100_q0.75_L16W_r0.60_th135_k0.50,TJ radius below 6W
Ro100_q0.75_L16W_r0.60_th135_k0.75,TJ radius below 6W
Ro100_q0.75_L16W_r0.60_th150_k0.00,TJ radius below 6W
Ro100_q0.75_L16W_r0.60_th150_k0.25,TJ radius below 6W
Ro100_q0.75_L16W_r0.60_th150_k0.50,TJ radius below 6W
Ro100_q0.75_L16W_r0.60_th150_k0.75,TJ radius below 6W
Ro100_q0.75_L16W_r0.60_th165_k0.00,TJ radius below 6W
Ro100_q0.75_L16W_r0.60_th165_k0.25,TJ radius below 6W
Ro100_q0.75_L16W_r0.60_th165_k0.50,TJ radius below 6W
Ro100_q0.75_L16W_r0.60_th165_k0.75,TJ radius below 6W
Ro100_q0.75_L16W_r0.60_th170_k0.00,TJ radius below 6W
Ro100_q0.75_L16W_r0.60_th170_k0.25,TJ radius below 6W
Ro100_q0.75_L16W_r0.60_th170_k0.50,TJ radius below 6W
Ro100_q0.75_L16W_r0.60_th170_k0.75,TJ radius below 6W
Ro100_q0.75_L16W_r1.20_th120_k0.00,center profile is not monotone from midplane to GB
Ro100_q0.75_L16W_r1.20_th120_k0.25,center profile is not monotone from midplane to GB
Ro100_q0.75_L16W_r1.20_th120_k0.50,center profile is not monotone from midplane to GB
Ro100_q0.75_L16W_r1.20_th120_k0.75,center profile is not monotone from midplane to GB
Ro100_q0.75_L16W_r1.20_th135_k0.00,center profile is not monotone from midplane to GB
Ro100_q0.75_L16W_r1.40_th120_k0.00,center profile is not monotone from midplane to GB; outer profile has multiple radial extrema
Ro100_q0.75_L16W_r1.40_th120_k0.25,center profile is not monotone from midplane to GB; outer profile has multiple radial extrema
Ro100_q0.75_L16W_r1.40_th120_k0.50,center profile is not monotone from midplane to GB; outer profile has multiple radial extrema
Ro100_q0.75_L16W_r1.40_th120_k0.75,center profile is not monotone from midplane to GB; outer profile has multiple radial extrema
Ro100_q0.75_L16W_r1.40_th135_k0.00,center profile is not monotone from midplane to GB; outer profile has multiple radial extrema
Ro100_q0.75_L16W_r1.40_th135_k0.25,center profile is not monotone from midplane to GB; outer profile has multiple radial extrema
Ro100_q0.75_L16W_r1.40_th135_k0.50,center profile is not monotone from midplane to GB; outer profile has multiple radial extrema
Ro100_q0.75_L16W_r1.40_th135_k0.75,center profile is not monotone from midplane to GB
Ro100_q0.75_L16W_r1.40_th150_k0.00,center profile is not monotone from midplane to GB
Ro100_q0.75_L16W_r1.40_th150_k0.25,center profile is not monotone from midplane to GB
Ro100_q0.75_L16W_r1.40_th150_k0.50,center profile is not monotone from midplane to GB
Ro100_q0.75_L16W_r1.40_th150_k0.75,center profile is not monotone from midplane to GB
Ro100_q0.75_L16W_r1.40_th165_k0.00,center profile is not monotone from midplane to GB
Ro100_q0.75_L16W_r1.40_th165_k0.25,center profile is not monotone from midplane to GB
Ro100_q0.75_L16W_r1.40_th165_k0.50,center profile is not monotone from midplane to GB
Ro100_q0.75_L16W_r1.40_th165_k0.75,center profile is not monotone from midplane to GB
Ro100_q0.75_L16W_r1.40_th170_k0.00,center profile is not monotone from midplane to GB
Ro100_q0.75_L16W_r1.40_th170_k0.25,center profile is not monotone from midplane to GB
Ro100_q0.75_L16W_r1.40_th170_k0.50,center profile is not monotone from midplane to GB
Ro100_q0.75_L16W_r1.40_th170_k0.75,center profile is not monotone from midplane to GB
Ro100_q0.75_L16W_r1.60_th120_k0.00,center profile is not monotone from midplane to GB; center topology fails before requested loss; negative outer squared radius
Ro100_q0.75_L16W_r1.60_th120_k0.25,center profile is not monotone from midplane to GB; center topology fails before requested loss; negative outer squared radius
Ro100_q0.75_L16W_r1.60_th120_k0.50,center profile is not monotone from midplane to GB; center topology fails before requested loss; negative outer squared radius
Ro100_q0.75_L16W_r1.60_th120_k0.75,center profile is not monotone from midplane to GB; center topology fails before requested loss; negative outer squared radius
Ro100_q0.75_L16W_r1.60_th135_k0.00,center profile is not monotone from midplane to GB; center topology fails before requested loss; negative outer squared radius
Ro100_q0.75_L16W_r1.60_th135_k0.25,center profile is not monotone from midplane to GB; center topology fails before requested loss; negative outer squared radius
Ro100_q0.75_L16W_r1.60_th135_k0.50,center profile is not monotone from midplane to GB; center topology fails before requested loss; negative outer squared radius
Ro100_q0.75_L16W_r1.60_th135_k0.75,center profile is not monotone from midplane to GB; center topology fails before requested loss; negative outer squared radius
Ro100_q0.75_L16W_r1.60_th150_k0.00,center profile is not monotone from midplane to GB; center topology fails before requested loss; outer profile has multiple radial extrema
Ro100_q0.75_L16W_r1.60_th150_k0.25,center profile is not monotone from midplane to GB; center topology fails before requested loss; outer profile has multiple radial extrema
Ro100_q0.75_L16W_r1.60_th150_k0.50,center profile is not monotone from midplane to GB; center topology fails before requested loss; outer profile has multiple radial extrema
Ro100_q0.75_L16W_r1.60_th150_k0.75,center profile is not monotone from midplane to GB; center topology fails before requested loss; outer profile has multiple radial extrema
Ro100_q0.75_L16W_r1.60_th165_k0.00,center profile is not monotone from midplane to GB; outer profile has multiple radial extrema
Ro100_q0.75_L16W_r1.60_th165_k0.25,center profile is not monotone from midplane to GB; outer profile has multiple radial extrema
Ro100_q0.75_L16W_r1.60_th165_k0.50,center profile is not monotone from midplane to GB; outer profile has multiple radial extrema
Ro100_q0.75_L16W_r1.60_th165_k0.75,center profile is not monotone from midplane to GB; outer profile has multiple radial extrema
Ro100_q0.75_L16W_r1.60_th170_k0.00,center profile is not monotone from midplane to GB; outer profile has multiple radial extrema
Ro100_q0.75_L16W_r1.60_th170_k0.25,center profile is not monotone from midplane to GB; outer profile has multiple radial extrema
Ro100_q0.75_L16W_r1.60_th170_k0.50,center profile is not monotone from midplane to GB; outer profile has multiple radial extrema
Ro100_q0.75_L16W_r1.60_th170_k0.75,center profile is not monotone from midplane to GB; outer profile has multiple radial extrema
Ro100_q0.75_L20W_r1.20_th120_k0.00,center profile is not monotone from midplane to GB
Ro100_q0.75_L20W_r1.20_th120_k0.25,center profile is not monotone from midplane to GB
Ro100_q0.75_L20W_r1.20_th120_k0.50,center profile is not monotone from midplane to GB
Ro100_q0.75_L20W_r1.20_th120_k0.75,center profile is not monotone from midplane to GB
Ro100_q0.75_L20W_r1.20_th135_k0.00,center profile is not monotone from midplane to GB
Ro100_q0.75_L20W_r1.20_th135_k0.25,center profile is not monotone from midplane to GB
Ro100_q0.75_L20W_r1.20_th135_k0.50,center profile is not monotone from midplane to GB
Ro100_q0.75_L20W_r1.20_th135_k0.75,center profile is not monotone from midplane to GB
Ro100_q0.75_L20W_r1.20_th150_k0.00,center profile is not monotone from midplane to GB
Ro100_q0.75_L20W_r1.20_th150_k0.25,center profile is not monotone from midplane to GB
Ro100_q0.75_L20W_r1.20_th150_k0.50,center profile is not monotone from midplane to GB
Ro100_q0.75_L20W_r1.20_th150_k0.75,center profile is not monotone from midplane to GB
Ro100_q0.75_L20W_r1.20_th165_k0.00,center profile is not monotone from midplane to GB
Ro100_q0.75_L20W_r1.20_th165_k0.25,center profile is not monotone from midplane to GB
Ro100_q0.75_L20W_r1.20_th165_k0.50,center profile is not monotone from midplane to GB
Ro100_q0.75_L20W_r1.20_th165_k0.75,center profile is not monotone from midplane to GB
Ro100_q0.75_L20W_r1.20_th170_k0.00,center profile is not monotone from midplane to GB
Ro100_q0.75_L20W_r1.20_th170_k0.25,center profile is not monotone from midplane to GB
Ro100_q0.75_L20W_r1.20_th170_k0.50,center profile is not monotone from midplane to GB
Ro100_q0.75_L20W_r1.20_th170_k0.75,center profile is not monotone from midplane to GB
Ro100_q0.75_L20W_r1.40_th120_k0.00,center profile is not monotone from midplane to GB; center topology fails before requested loss; outer profile has multiple radial extrema
Ro100_q0.75_L20W_r1.40_th120_k0.25,center profile is not monotone from midplane to GB; center topology fails before requested loss; outer profile has multiple radial extrema
Ro100_q0.75_L20W_r1.40_th120_k0.50,center profile is not monotone from midplane to GB; center topology fails before requested loss; outer profile has multiple radial extrema
Ro100_q0.75_L20W_r1.40_th120_k0.75,center profile is not monotone from midplane to GB; center topology fails before requested loss; outer profile has multiple radial extrema
Ro100_q0.75_L20W_r1.40_th135_k0.00,center profile is not monotone from midplane to GB; outer profile has multiple radial extrema
Ro100_q0.75_L20W_r1.40_th135_k0.25,center profile is not monotone from midplane to GB; outer profile has multiple radial extrema
Ro100_q0.75_L20W_r1.40_th135_k0.50,center profile is not monotone from midplane to GB; outer profile has multiple radial extrema
Ro100_q0.75_L20W_r1.40_th135_k0.75,center profile is not monotone from midplane to GB
Ro100_q0.75_L20W_r1.40_th150_k0.00,center profile is not monotone from midplane to GB
Ro100_q0.75_L20W_r1.40_th150_k0.25,center profile is not monotone from midplane to GB
Ro100_q0.75_L20W_r1.40_th150_k0.50,center profile is not monotone from midplane to GB
Ro100_q0.75_L20W_r1.40_th150_k0.75,center profile is not monotone from midplane to GB
Ro100_q0.75_L20W_r1.40_th165_k0.00,center profile is not monotone from midplane to GB
Ro100_q0.75_L20W_r1.40_th165_k0.25,center profile is not monotone from midplane to GB
Ro100_q0.75_L20W_r1.40_th165_k0.50,center profile is not monotone from midplane to GB
Ro100_q0.75_L20W_r1.40_th165_k0.75,center profile is not monotone from midplane to GB
Ro100_q0.75_L20W_r1.40_th170_k0.00,center profile is not monotone from midplane to GB
Ro100_q0.75_L20W_r1.40_th170_k0.25,center profile is not monotone from midplane to GB
Ro100_q0.75_L20W_r1.40_th170_k0.50,center profile is not monotone from midplane to GB
Ro100_q0.75_L20W_r1.40_th170_k0.75,center profile is not monotone from midplane to GB
Ro100_q0.75_L20W_r1.60_th120_k0.00,negative center squared radius; center profile is not monotone from midplane to GB; center topology fails before requested loss; negative outer squared radius
Ro100_q0.75_L20W_r1.60_th120_k0.25,negative center squared radius; center profile is not monotone from midplane to GB; center topology fails before requested loss; negative outer squared radius
Ro100_q0.75_L20W_r1.60_th120_k0.50,negative center squared radius; center profile is not monotone from midplane to GB; center topology fails before requested loss; negative outer squared radius
Ro100_q0.75_L20W_r1.60_th120_k0.75,negative center squared radius; center profile is not monotone from midplane to GB; center topology fails before requested loss; negative outer squared radius
Ro100_q0.75_L20W_r1.60_th135_k0.00,negative center squared radius; center profile is not monotone from midplane to GB; center topology fails before requested loss; negative outer squared radius
Ro100_q0.75_L20W_r1.60_th135_k0.25,negative center squared radius; center profile is not monotone from midplane to GB; center topology fails before requested loss; negative outer squared radius
Ro100_q0.75_L20W_r1.60_th135_k0.50,negative center squared radius; center profile is not monotone from midplane to GB; center topology fails before requested loss; negative outer squared radius
Ro100_q0.75_L20W_r1.60_th135_k0.75,negative center squared radius; center profile is not monotone from midplane to GB; center topology fails before requested loss; negative outer squared radius
Ro100_q0.75_L20W_r1.60_th150_k0.00,negative center squared radius; center profile is not monotone from midplane to GB; center topology fails before requested loss; outer profile has multiple radial extrema
Ro100_q0.75_L20W_r1.60_th150_k0.25,negative center squared radius; center profile is not monotone from midplane to GB; center topology fails before requested loss; outer profile has multiple radial extrema
Ro100_q0.75_L20W_r1.60_th150_k0.50,negative center squared radius; center profile is not monotone from midplane to GB; center topology fails before requested loss; outer profile has multiple radial extrema
Ro100_q0.75_L20W_r1.60_th150_k0.75,negative center squared radius; center profile is not monotone from midplane to GB; center topology fails before requested loss; outer profile has multiple radial extrema
Ro100_q0.75_L20W_r1.60_th165_k0.00,negative center squared radius; center profile is not monotone from midplane to GB; center topology fails before requested loss; outer profile has multiple radial extrema
Ro100_q0.75_L20W_r1.60_th165_k0.25,negative center squared radius; center profile is not monotone from midplane to GB; center topology fails before requested loss; outer profile has multiple radial extrema
Ro100_q0.75_L20W_r1.60_th165_k0.50,negative center squared radius; center profile is not monotone from midplane to GB; center topology fails before requested loss; outer profile has multiple radial extrema
Ro100_q0.75_L20W_r1.60_th165_k0.75,negative center squared radius; center profile is not monotone from midplane to GB; center topology fails before requested loss; outer profile has multiple radial extrema
Ro100_q0.75_L20W_r1.60_th170_k0.00,negative center squared radius; center profile is not monotone from midplane to GB; center topology fails before requested loss; outer profile has multiple radial extrema
Ro100_q0.75_L20W_r1.60_th170_k0.25,negative center squared radius; center profile is not monotone from midplane to GB; center topology fails before requested loss; outer profile has multiple radial extrema
Ro100_q0.75_L20W_r1.60_th170_k0.50,negative center squared radius; center profile is not monotone from midplane to GB; center topology fails before requested loss; outer profile has multiple radial extrema
Ro100_q0.75_L20W_r1.60_th170_k0.75,negative center squared radius; center profile is not monotone from midplane to GB; center topology fails before requested loss; outer profile has multiple radial extrema
Ro100_q0.75_L24W_r1.00_th120_k0.00,center profile is not monotone from midplane to GB
Ro100_q0.75_L24W_r1.00_th120_k0.25,center profile is not monotone from midplane to GB
Ro100_q0.75_L24W_r1.00_th120_k0.50,center profile is not monotone from midplane to GB
Ro100_q0.75_L24W_r1.00_th120_k0.75,center profile is not monotone from midplane to GB
Ro100_q0.75_L24W_r1.00_th135_k0.00,center profile is not monotone from midplane to GB
Ro100_q0.75_L24W_r1.00_th135_k0.25,center profile is not monotone from midplane to GB
Ro100_q0.75_L24W_r1.00_th135_k0.50,center profile is not monotone from midplane to GB
Ro100_q0.75_L24W_r1.00_th135_k0.75,center profile is not monotone from midplane to GB
Ro100_q0.75_L24W_r1.00_th150_k0.00,center profile is not monotone from midplane to GB
Ro100_q0.75_L24W_r1.00_th150_k0.25,center profile is not monotone from midplane to GB
Ro100_q0.75_L24W_r1.00_th150_k0.50,center profile is not monotone from midplane to GB
Ro100_q0.75_L24W_r1.00_th150_k0.75,center profile is not monotone from midplane to GB
Ro100_q0.75_L24W_r1.00_th165_k0.00,center profile is not monotone from midplane to GB
Ro100_q0.75_L24W_r1.00_th165_k0.25,center profile is not monotone from midplane to GB
Ro100_q0.75_L24W_r1.20_th120_k0.00,center profile is not monotone from midplane to GB
Ro100_q0.75_L24W_r1.20_th120_k0.25,center profile is not monotone from midplane to GB
Ro100_q0.75_L24W_r1.20_th120_k0.50,center profile is not monotone from midplane to GB
Ro100_q0.75_L24W_r1.20_th120_k0.75,center profile is not monotone from midplane to GB
Ro100_q0.75_L24W_r1.20_th135_k0.00,center profile is not monotone from midplane to GB
Ro100_q0.75_L24W_r1.20_th135_k0.25,center profile is not monotone from midplane to GB
Ro100_q0.75_L24W_r1.20_th135_k0.50,center profile is not monotone from midplane to GB
Ro100_q0.75_L24W_r1.20_th135_k0.75,center profile is not monotone from midplane to GB
Ro100_q0.75_L24W_r1.20_th150_k0.00,center profile is not monotone from midplane to GB
Ro100_q0.75_L24W_r1.20_th150_k0.25,center profile is not monotone from midplane to GB
Ro100_q0.75_L24W_r1.20_th150_k0.50,center profile is not monotone from midplane to GB
Ro100_q0.75_L24W_r1.20_th150_k0.75,center profile is not monotone from midplane to GB
Ro100_q0.75_L24W_r1.20_th165_k0.00,center profile is not monotone from midplane to GB
Ro100_q0.75_L24W_r1.20_th165_k0.25,center profile is not monotone from midplane to GB
Ro100_q0.75_L24W_r1.20_th165_k0.50,center profile is not monotone from midplane to GB
Ro100_q0.75_L24W_r1.20_th165_k0.75,center profile is not monotone from midplane to GB
Ro100_q0.75_L24W_r1.20_th170_k0.00,center profile is not monotone from midplane to GB
Ro100_q0.75_L24W_r1.20_th170_k0.25,center profile is not monotone from midplane to GB
Ro100_q0.75_L24W_r1.20_th170_k0.50,center profile is not monotone from midplane to GB
Ro100_q0.75_L24W_r1.20_th170_k0.75,center profile is not monotone from midplane to GB
Ro100_q0.75_L24W_r1.40_th120_k0.00,negative center squared radius; center profile is not monotone from midplane to GB; center topology fails before requested loss; outer profile has multiple radial extrema
Ro100_q0.75_L24W_r1.40_th120_k0.25,negative center squared radius; center profile is not monotone from midplane to GB; center topology fails before requested loss; outer profile has multiple radial extrema
Ro100_q0.75_L24W_r1.40_th120_k0.50,negative center squared radius; center profile is not monotone from midplane to GB; center topology fails before requested loss; outer profile has multiple radial extrema
Ro100_q0.75_L24W_r1.40_th120_k0.75,negative center squared radius; center profile is not monotone from midplane to GB; center topology fails before requested loss; outer profile has multiple radial extrema
Ro100_q0.75_L24W_r1.40_th135_k0.00,negative center squared radius; center profile is not monotone from midplane to GB; center topology fails before requested loss; outer profile has multiple radial extrema
Ro100_q0.75_L24W_r1.40_th135_k0.25,negative center squared radius; center profile is not monotone from midplane to GB; center topology fails before requested loss; outer profile has multiple radial extrema
Ro100_q0.75_L24W_r1.40_th135_k0.50,negative center squared radius; center profile is not monotone from midplane to GB; center topology fails before requested loss; outer profile has multiple radial extrema
Ro100_q0.75_L24W_r1.40_th135_k0.75,negative center squared radius; center profile is not monotone from midplane to GB; center topology fails before requested loss
Ro100_q0.75_L24W_r1.40_th150_k0.00,negative center squared radius; center profile is not monotone from midplane to GB; center topology fails before requested loss
Ro100_q0.75_L24W_r1.40_th150_k0.25,negative center squared radius; center profile is not monotone from midplane to GB; center topology fails before requested loss
Ro100_q0.75_L24W_r1.40_th150_k0.50,negative center squared radius; center profile is not monotone from midplane to GB; center topology fails before requested loss
Ro100_q0.75_L24W_r1.40_th150_k0.75,negative center squared radius; center profile is not monotone from midplane to GB; center topology fails before requested loss
Ro100_q0.75_L24W_r1.40_th165_k0.00,negative center squared radius; center profile is not monotone from midplane to GB; center topology fails before requested loss
Ro100_q0.75_L24W_r1.40_th165_k0.25,negative center squared radius; center profile is not monotone from midplane to GB; center topology fails before requested loss
Ro100_q0.75_L24W_r1.40_th165_k0.50,negative center squared radius; center profile is not monotone from midplane to GB; center topology fails before requested loss
Ro100_q0.75_L24W_r1.40_th165_k0.75,negative center squared radius; center profile is not monotone from midplane to GB; center topology fails before requested loss
Ro100_q0.75_L24W_r1.40_th170_k0.00,negative center squared radius; center profile is not monotone from midplane to GB; center topology fails before requested loss
Ro100_q0.75_L24W_r1.40_th170_k0.25,negative center squared radius; center profile is not monotone from midplane to GB; center topology fails before requested loss
Ro100_q0.75_L24W_r1.40_th170_k0.50,negative center squared radius; center profile is not monotone from midplane to GB; center topology fails before requested loss
Ro100_q0.75_L24W_r1.40_th170_k0.75,negative center squared radius; center profile is not monotone from midplane to GB; center topology fails before requested loss
Ro100_q0.75_L24W_r1.60_th120_k0.00,negative center squared radius; center profile is not monotone from midplane to GB; center topology fails before requested loss; negative outer squared radius
Ro100_q0.75_L24W_r1.60_th120_k0.25,negative center squared radius; center profile is not monotone from midplane to GB; center topology fails before requested loss; negative outer squared radius
Ro100_q0.75_L24W_r1.60_th120_k0.50,negative center squared radius; center profile is not monotone from midplane to GB; center topology fails before requested loss; negative outer squared radius
Ro100_q0.75_L24W_r1.60_th120_k0.75,negative center squared radius; center profile is not monotone from midplane to GB; center topology fails before requested loss; negative outer squared radius
Ro100_q0.75_L24W_r1.60_th135_k0.00,negative center squared radius; center profile is not monotone from midplane to GB; center topology fails before requested loss; negative outer squared radius
Ro100_q0.75_L24W_r1.60_th135_k0.25,negative center squared radius; center profile is not monotone from midplane to GB; center topology fails before requested loss; negative outer squared radius
Ro100_q0.75_L24W_r1.60_th135_k0.50,negative center squared radius; center profile is not monotone from midplane to GB; center topology fails before requested loss; negative outer squared radius
Ro100_q0.75_L24W_r1.60_th135_k0.75,negative center squared radius; center profile is not monotone from midplane to GB; center topology fails before requested loss; negative outer squared radius
Ro100_q0.75_L24W_r1.60_th150_k0.00,negative center squared radius; center profile is not monotone from midplane to GB; center topology fails before requested loss; outer profile has multiple radial extrema
Ro100_q0.75_L24W_r1.60_th150_k0.25,negative center squared radius; center profile is not monotone from midplane to GB; center topology fails before requested loss; outer profile has multiple radial extrema
Ro100_q0.75_L24W_r1.60_th150_k0.50,negative center squared radius; center profile is not monotone from midplane to GB; center topology fails before requested loss; outer profile has multiple radial extrema
Ro100_q0.75_L24W_r1.60_th150_k0.75,negative center squared radius; center profile is not monotone from midplane to GB; center topology fails before requested loss; outer profile has multiple radial extrema
Ro100_q0.75_L24W_r1.60_th165_k0.00,negative center squared radius; center profile is not monotone from midplane to GB; center topology fails before requested loss; outer profile has multiple radial extrema
Ro100_q0.75_L24W_r1.60_th165_k0.25,negative center squared radius; center profile is not monotone from midplane to GB; center topology fails before requested loss; outer profile has multiple radial extrema
Ro100_q0.75_L24W_r1.60_th165_k0.50,negative center squared radius; center profile is not monotone from midplane to GB; center topology fails before requested loss; outer profile has multiple radial extrema
Ro100_q0.75_L24W_r1.60_th165_k0.75,negative center squared radius; center profile is not monotone from midplane to GB; center topology fails before requested loss; outer profile has multiple radial extrema
Ro100_q0.75_L24W_r1.60_th170_k0.00,negative center squared radius; center profile is not monotone from midplane to GB; center topology fails before requested loss; outer profile has multiple radial extrema
Ro100_q0.75_L24W_r1.60_th170_k0.25,negative center squared radius; center profile is not monotone from midplane to GB; center topology fails before requested loss; outer profile has multiple radial extrema
Ro100_q0.75_L24W_r1.60_th170_k0.50,negative center squared radius; center profile is not monotone from midplane to GB; center topology fails before requested loss; outer profile has multiple radial extrema
Ro100_q0.75_L24W_r1.60_th170_k0.75,negative center squared radius; center profile is not monotone from midplane to GB; center topology fails before requested loss; outer profile has multiple radial extrema
Ro100_q0.85_L8W_r0.60_th120_k0.00,contact radius has reached topology loss
Ro100_q0.85_L8W_r0.60_th120_k0.25,contact radius has reached topology loss
Ro100_q0.85_L8W_r0.60_th120_k0.50,contact radius has reached topology loss
Ro100_q0.85_L8W_r0.60_th120_k0.75,contact radius has reached topology loss
Ro100_q0.85_L8W_r0.60_th135_k0.00,contact radius has reached topology loss
Ro100_q0.85_L8W_r0.60_th135_k0.25,contact radius has reached topology loss
Ro100_q0.85_L8W_r0.60_th135_k0.50,contact radius has reached topology loss
Ro100_q0.85_L8W_r0.60_th135_k0.75,contact radius has reached topology loss
Ro100_q0.85_L8W_r0.60_th150_k0.00,contact radius has reached topology loss
Ro100_q0.85_L8W_r0.60_th150_k0.25,contact radius has reached topology loss
Ro100_q0.85_L8W_r0.60_th150_k0.50,contact radius has reached topology loss
Ro100_q0.85_L8W_r0.60_th150_k0.75,contact radius has reached topology loss
Ro100_q0.85_L8W_r0.60_th165_k0.00,contact radius has reached topology loss
Ro100_q0.85_L8W_r0.60_th165_k0.25,contact radius has reached topology loss
Ro100_q0.85_L8W_r0.60_th165_k0.50,contact radius has reached topology loss
Ro100_q0.85_L8W_r0.60_th165_k0.75,contact radius has reached topology loss
Ro100_q0.85_L8W_r0.60_th170_k0.00,contact radius has reached topology loss
Ro100_q0.85_L8W_r0.60_th170_k0.25,contact radius has reached topology loss
Ro100_q0.85_L8W_r0.60_th170_k0.50,contact radius has reached topology loss
Ro100_q0.85_L8W_r0.60_th170_k0.75,contact radius has reached topology loss
Ro100_q0.85_L8W_r0.80_th120_k0.00,contact radius has reached topology loss
Ro100_q0.85_L8W_r0.80_th120_k0.25,contact radius has reached topology loss
Ro100_q0.85_L8W_r0.80_th120_k0.50,contact radius has reached topology loss
Ro100_q0.85_L8W_r0.80_th120_k0.75,contact radius has reached topology loss
Ro100_q0.85_L8W_r0.80_th135_k0.00,contact radius has reached topology loss
Ro100_q0.85_L8W_r0.80_th135_k0.25,contact radius has reached topology loss
Ro100_q0.85_L8W_r0.80_th135_k0.50,contact radius has reached topology loss
Ro100_q0.85_L8W_r0.80_th135_k0.75,contact radius has reached topology loss
Ro100_q0.85_L8W_r0.80_th150_k0.00,contact radius has reached topology loss
Ro100_q0.85_L8W_r0.80_th150_k0.25,contact radius has reached topology loss
Ro100_q0.85_L8W_r0.80_th150_k0.50,contact radius has reached topology loss
Ro100_q0.85_L8W_r0.80_th150_k0.75,contact radius has reached topology loss
Ro100_q0.85_L8W_r0.80_th165_k0.00,contact radius has reached topology loss
Ro100_q0.85_L8W_r0.80_th165_k0.25,contact radius has reached topology loss
Ro100_q0.85_L8W_r0.80_th165_k0.50,contact radius has reached topology loss
Ro100_q0.85_L8W_r0.80_th165_k0.75,contact radius has reached topology loss
Ro100_q0.85_L8W_r0.80_th170_k0.00,contact radius has reached topology loss
Ro100_q0.85_L8W_r0.80_th170_k0.25,contact radius has reached topology loss
Ro100_q0.85_L8W_r0.80_th170_k0.50,contact radius has reached topology loss
Ro100_q0.85_L8W_r0.80_th170_k0.75,contact radius has reached topology loss
Ro100_q0.85_L8W_r1.20_th120_k0.00,outer profile has multiple radial extrema
Ro100_q0.85_L8W_r1.20_th120_k0.25,outer profile has multiple radial extrema
Ro100_q0.85_L8W_r1.20_th120_k0.50,outer profile has multiple radial extrema
Ro100_q0.85_L8W_r1.20_th120_k0.75,outer profile has multiple radial extrema
Ro100_q0.85_L8W_r1.40_th120_k0.00,negative outer squared radius
Ro100_q0.85_L8W_r1.40_th120_k0.25,negative outer squared radius
Ro100_q0.85_L8W_r1.40_th120_k0.50,negative outer squared radius
Ro100_q0.85_L8W_r1.40_th120_k0.75,negative outer squared radius
Ro100_q0.85_L8W_r1.40_th135_k0.00,negative outer squared radius
Ro100_q0.85_L8W_r1.40_th135_k0.25,negative outer squared radius
Ro100_q0.85_L8W_r1.40_th135_k0.50,negative outer squared radius
Ro100_q0.85_L8W_r1.40_th135_k0.75,outer profile has multiple radial extrema
Ro100_q0.85_L8W_r1.40_th150_k0.00,outer profile has multiple radial extrema
Ro100_q0.85_L8W_r1.40_th150_k0.25,outer profile has multiple radial extrema
Ro100_q0.85_L8W_r1.40_th150_k0.50,outer profile has multiple radial extrema
Ro100_q0.85_L8W_r1.40_th150_k0.75,outer profile has multiple radial extrema
Ro100_q0.85_L8W_r1.40_th165_k0.00,outer profile has multiple radial extrema
Ro100_q0.85_L8W_r1.40_th165_k0.25,outer profile has multiple radial extrema
Ro100_q0.85_L8W_r1.40_th165_k0.50,outer profile has multiple radial extrema
Ro100_q0.85_L8W_r1.40_th165_k0.75,outer profile has multiple radial extrema
Ro100_q0.85_L8W_r1.40_th170_k0.00,outer profile has multiple radial extrema
Ro100_q0.85_L8W_r1.40_th170_k0.25,outer profile has multiple radial extrema
Ro100_q0.85_L8W_r1.40_th170_k0.50,outer profile has multiple radial extrema
Ro100_q0.85_L8W_r1.40_th170_k0.75,outer profile has multiple radial extrema
Ro100_q0.85_L8W_r1.60_th120_k0.00,negative outer squared radius; contact exceeds outer-body support
Ro100_q0.85_L8W_r1.60_th120_k0.25,negative outer squared radius; contact exceeds outer-body support
Ro100_q0.85_L8W_r1.60_th120_k0.50,negative outer squared radius; contact exceeds outer-body support
Ro100_q0.85_L8W_r1.60_th120_k0.75,negative outer squared radius; contact exceeds outer-body support
Ro100_q0.85_L8W_r1.60_th135_k0.00,negative outer squared radius; contact exceeds outer-body support
Ro100_q0.85_L8W_r1.60_th135_k0.25,negative outer squared radius; contact exceeds outer-body support
Ro100_q0.85_L8W_r1.60_th135_k0.50,negative outer squared radius; contact exceeds outer-body support
Ro100_q0.85_L8W_r1.60_th135_k0.75,negative outer squared radius; contact exceeds outer-body support
Ro100_q0.85_L8W_r1.60_th150_k0.00,negative outer squared radius; contact exceeds outer-body support
Ro100_q0.85_L8W_r1.60_th150_k0.25,negative outer squared radius; contact exceeds outer-body support
Ro100_q0.85_L8W_r1.60_th150_k0.50,negative outer squared radius; contact exceeds outer-body support
Ro100_q0.85_L8W_r1.60_th150_k0.75,negative outer squared radius; contact exceeds outer-body support
Ro100_q0.85_L8W_r1.60_th165_k0.00,negative outer squared radius; contact exceeds outer-body support
Ro100_q0.85_L8W_r1.60_th165_k0.25,negative outer squared radius; contact exceeds outer-body support
Ro100_q0.85_L8W_r1.60_th165_k0.50,negative outer squared radius; contact exceeds outer-body support
Ro100_q0.85_L8W_r1.60_th165_k0.75,negative outer squared radius; contact exceeds outer-body support
Ro100_q0.85_L8W_r1.60_th170_k0.00,negative outer squared radius; contact exceeds outer-body support
Ro100_q0.85_L8W_r1.60_th170_k0.25,negative outer squared radius; contact exceeds outer-body support
Ro100_q0.85_L8W_r1.60_th170_k0.50,negative outer squared radius; contact exceeds outer-body support
Ro100_q0.85_L8W_r1.60_th170_k0.75,negative outer squared radius; contact exceeds outer-body support
Ro100_q0.85_L10W_r0.60_th120_k0.00,contact radius has reached topology loss
Ro100_q0.85_L10W_r0.60_th120_k0.25,contact radius has reached topology loss
Ro100_q0.85_L10W_r0.60_th120_k0.50,contact radius has reached topology loss
Ro100_q0.85_L10W_r0.60_th120_k0.75,contact radius has reached topology loss
Ro100_q0.85_L10W_r0.60_th135_k0.00,contact radius has reached topology loss
Ro100_q0.85_L10W_r0.60_th135_k0.25,contact radius has reached topology loss
Ro100_q0.85_L10W_r0.60_th135_k0.50,contact radius has reached topology loss
Ro100_q0.85_L10W_r0.60_th135_k0.75,contact radius has reached topology loss
Ro100_q0.85_L10W_r0.60_th150_k0.00,contact radius has reached topology loss
Ro100_q0.85_L10W_r0.60_th150_k0.25,contact radius has reached topology loss
Ro100_q0.85_L10W_r0.60_th150_k0.50,contact radius has reached topology loss
Ro100_q0.85_L10W_r0.60_th150_k0.75,contact radius has reached topology loss
Ro100_q0.85_L10W_r0.60_th165_k0.00,contact radius has reached topology loss
Ro100_q0.85_L10W_r0.60_th165_k0.25,contact radius has reached topology loss
Ro100_q0.85_L10W_r0.60_th165_k0.50,contact radius has reached topology loss
Ro100_q0.85_L10W_r0.60_th165_k0.75,contact radius has reached topology loss
Ro100_q0.85_L10W_r0.60_th170_k0.00,contact radius has reached topology loss
Ro100_q0.85_L10W_r0.60_th170_k0.25,contact radius has reached topology loss
Ro100_q0.85_L10W_r0.60_th170_k0.50,contact radius has reached topology loss
Ro100_q0.85_L10W_r0.60_th170_k0.75,contact radius has reached topology loss
Ro100_q0.85_L10W_r0.80_th120_k0.00,TJ radius below 6W
Ro100_q0.85_L10W_r0.80_th120_k0.25,TJ radius below 6W
Ro100_q0.85_L10W_r0.80_th120_k0.50,TJ radius below 6W
Ro100_q0.85_L10W_r0.80_th120_k0.75,TJ radius below 6W
Ro100_q0.85_L10W_r0.80_th135_k0.00,TJ radius below 6W
Ro100_q0.85_L10W_r0.80_th135_k0.25,TJ radius below 6W
Ro100_q0.85_L10W_r0.80_th135_k0.50,TJ radius below 6W
Ro100_q0.85_L10W_r0.80_th135_k0.75,TJ radius below 6W
Ro100_q0.85_L10W_r0.80_th150_k0.00,TJ radius below 6W
Ro100_q0.85_L10W_r0.80_th150_k0.25,TJ radius below 6W
Ro100_q0.85_L10W_r0.80_th150_k0.50,TJ radius below 6W
Ro100_q0.85_L10W_r0.80_th150_k0.75,TJ radius below 6W
Ro100_q0.85_L10W_r0.80_th165_k0.00,TJ radius below 6W
Ro100_q0.85_L10W_r0.80_th165_k0.25,TJ radius below 6W
Ro100_q0.85_L10W_r0.80_th165_k0.50,TJ radius below 6W
Ro100_q0.85_L10W_r0.80_th165_k0.75,TJ radius below 6W
Ro100_q0.85_L10W_r0.80_th170_k0.00,TJ radius below 6W
Ro100_q0.85_L10W_r0.80_th170_k0.25,TJ radius below 6W
Ro100_q0.85_L10W_r0.80_th170_k0.50,TJ radius below 6W
Ro100_q0.85_L10W_r0.80_th170_k0.75,TJ radius below 6W
Ro100_q0.85_L10W_r1.20_th120_k0.00,outer profile has multiple radial extrema
Ro100_q0.85_L10W_r1.20_th120_k0.25,outer profile has multiple radial extrema
Ro100_q0.85_L10W_r1.20_th120_k0.50,outer profile has multiple radial extrema
Ro100_q0.85_L10W_r1.20_th120_k0.75,outer profile has multiple radial extrema
Ro100_q0.85_L10W_r1.40_th120_k0.00,negative outer squared radius
Ro100_q0.85_L10W_r1.40_th120_k0.25,negative outer squared radius
Ro100_q0.85_L10W_r1.40_th120_k0.50,negative outer squared radius
Ro100_q0.85_L10W_r1.40_th120_k0.75,negative outer squared radius
Ro100_q0.85_L10W_r1.40_th135_k0.00,negative outer squared radius
Ro100_q0.85_L10W_r1.40_th135_k0.25,negative outer squared radius
Ro100_q0.85_L10W_r1.40_th135_k0.50,negative outer squared radius
Ro100_q0.85_L10W_r1.40_th135_k0.75,outer profile has multiple radial extrema
Ro100_q0.85_L10W_r1.40_th150_k0.00,outer profile has multiple radial extrema
Ro100_q0.85_L10W_r1.40_th150_k0.25,outer profile has multiple radial extrema
Ro100_q0.85_L10W_r1.40_th150_k0.50,outer profile has multiple radial extrema
Ro100_q0.85_L10W_r1.40_th150_k0.75,outer profile has multiple radial extrema
Ro100_q0.85_L10W_r1.40_th165_k0.00,outer profile has multiple radial extrema
Ro100_q0.85_L10W_r1.40_th165_k0.25,outer profile has multiple radial extrema
Ro100_q0.85_L10W_r1.40_th165_k0.50,outer profile has multiple radial extrema
Ro100_q0.85_L10W_r1.40_th165_k0.75,outer profile has multiple radial extrema
Ro100_q0.85_L10W_r1.40_th170_k0.00,outer profile has multiple radial extrema
Ro100_q0.85_L10W_r1.40_th170_k0.25,outer profile has multiple radial extrema
Ro100_q0.85_L10W_r1.40_th170_k0.50,outer profile has multiple radial extrema
Ro100_q0.85_L10W_r1.40_th170_k0.75,outer profile has multiple radial extrema
Ro100_q0.85_L10W_r1.60_th120_k0.00,negative outer squared radius; contact exceeds outer-body support
Ro100_q0.85_L10W_r1.60_th120_k0.25,negative outer squared radius; contact exceeds outer-body support
Ro100_q0.85_L10W_r1.60_th120_k0.50,negative outer squared radius; contact exceeds outer-body support
Ro100_q0.85_L10W_r1.60_th120_k0.75,negative outer squared radius; contact exceeds outer-body support
Ro100_q0.85_L10W_r1.60_th135_k0.00,negative outer squared radius; contact exceeds outer-body support
Ro100_q0.85_L10W_r1.60_th135_k0.25,negative outer squared radius; contact exceeds outer-body support
Ro100_q0.85_L10W_r1.60_th135_k0.50,negative outer squared radius; contact exceeds outer-body support
Ro100_q0.85_L10W_r1.60_th135_k0.75,negative outer squared radius; contact exceeds outer-body support
Ro100_q0.85_L10W_r1.60_th150_k0.00,negative outer squared radius; contact exceeds outer-body support
Ro100_q0.85_L10W_r1.60_th150_k0.25,negative outer squared radius; contact exceeds outer-body support
Ro100_q0.85_L10W_r1.60_th150_k0.50,negative outer squared radius; contact exceeds outer-body support
Ro100_q0.85_L10W_r1.60_th150_k0.75,negative outer squared radius; contact exceeds outer-body support
Ro100_q0.85_L10W_r1.60_th165_k0.00,negative outer squared radius; contact exceeds outer-body support
Ro100_q0.85_L10W_r1.60_th165_k0.25,negative outer squared radius; contact exceeds outer-body support
Ro100_q0.85_L10W_r1.60_th165_k0.50,negative outer squared radius; contact exceeds outer-body support
Ro100_q0.85_L10W_r1.60_th165_k0.75,negative outer squared radius; contact exceeds outer-body support
Ro100_q0.85_L10W_r1.60_th170_k0.00,negative outer squared radius; contact exceeds outer-body support
Ro100_q0.85_L10W_r1.60_th170_k0.25,negative outer squared radius; contact exceeds outer-body support
Ro100_q0.85_L10W_r1.60_th170_k0.50,negative outer squared radius; contact exceeds outer-body support
Ro100_q0.85_L10W_r1.60_th170_k0.75,negative outer squared radius; contact exceeds outer-body support
Ro100_q0.85_L12W_r0.60_th120_k0.00,contact radius has reached topology loss
Ro100_q0.85_L12W_r0.60_th120_k0.25,contact radius has reached topology loss
Ro100_q0.85_L12W_r0.60_th120_k0.50,contact radius has reached topology loss
Ro100_q0.85_L12W_r0.60_th120_k0.75,contact radius has reached topology loss
Ro100_q0.85_L12W_r0.60_th135_k0.00,contact radius has reached topology loss
Ro100_q0.85_L12W_r0.60_th135_k0.25,contact radius has reached topology loss
Ro100_q0.85_L12W_r0.60_th135_k0.50,contact radius has reached topology loss
Ro100_q0.85_L12W_r0.60_th135_k0.75,contact radius has reached topology loss
Ro100_q0.85_L12W_r0.60_th150_k0.00,contact radius has reached topology loss
Ro100_q0.85_L12W_r0.60_th150_k0.25,contact radius has reached topology loss
Ro100_q0.85_L12W_r0.60_th150_k0.50,contact radius has reached topology loss
Ro100_q0.85_L12W_r0.60_th150_k0.75,contact radius has reached topology loss
Ro100_q0.85_L12W_r0.60_th165_k0.00,contact radius has reached topology loss
Ro100_q0.85_L12W_r0.60_th165_k0.25,contact radius has reached topology loss
Ro100_q0.85_L12W_r0.60_th165_k0.50,contact radius has reached topology loss
Ro100_q0.85_L12W_r0.60_th165_k0.75,contact radius has reached topology loss
Ro100_q0.85_L12W_r0.60_th170_k0.00,contact radius has reached topology loss
Ro100_q0.85_L12W_r0.60_th170_k0.25,contact radius has reached topology loss
Ro100_q0.85_L12W_r0.60_th170_k0.50,contact radius has reached topology loss
Ro100_q0.85_L12W_r0.60_th170_k0.75,contact radius has reached topology loss
Ro100_q0.85_L12W_r1.20_th120_k0.00,outer profile has multiple radial extrema
Ro100_q0.85_L12W_r1.20_th120_k0.25,outer profile has multiple radial extrema
Ro100_q0.85_L12W_r1.20_th120_k0.50,outer profile has multiple radial extrema
Ro100_q0.85_L12W_r1.20_th120_k0.75,outer profile has multiple radial extrema
Ro100_q0.85_L12W_r1.40_th120_k0.00,negative outer squared radius
Ro100_q0.85_L12W_r1.40_th120_k0.25,negative outer squared radius
Ro100_q0.85_L12W_r1.40_th120_k0.50,negative outer squared radius
Ro100_q0.85_L12W_r1.40_th120_k0.75,negative outer squared radius
Ro100_q0.85_L12W_r1.40_th135_k0.00,negative outer squared radius
Ro100_q0.85_L12W_r1.40_th135_k0.25,negative outer squared radius
Ro100_q0.85_L12W_r1.40_th135_k0.50,negative outer squared radius
Ro100_q0.85_L12W_r1.40_th135_k0.75,outer profile has multiple radial extrema
Ro100_q0.85_L12W_r1.40_th150_k0.00,outer profile has multiple radial extrema
Ro100_q0.85_L12W_r1.40_th150_k0.25,outer profile has multiple radial extrema
Ro100_q0.85_L12W_r1.40_th150_k0.50,outer profile has multiple radial extrema
Ro100_q0.85_L12W_r1.40_th150_k0.75,outer profile has multiple radial extrema
Ro100_q0.85_L12W_r1.40_th165_k0.00,outer profile has multiple radial extrema
Ro100_q0.85_L12W_r1.40_th165_k0.25,outer profile has multiple radial extrema
Ro100_q0.85_L12W_r1.40_th165_k0.50,outer profile has multiple radial extrema
Ro100_q0.85_L12W_r1.40_th165_k0.75,outer profile has multiple radial extrema
Ro100_q0.85_L12W_r1.40_th170_k0.00,outer profile has multiple radial extrema
Ro100_q0.85_L12W_r1.40_th170_k0.25,outer profile has multiple radial extrema
Ro100_q0.85_L12W_r1.40_th170_k0.50,outer profile has multiple radial extrema
Ro100_q0.85_L12W_r1.40_th170_k0.75,outer profile has multiple radial extrema
Ro100_q0.85_L12W_r1.60_th120_k0.00,center profile is not monotone from midplane to GB; negative outer squared radius; contact exceeds outer-body support
Ro100_q0.85_L12W_r1.60_th120_k0.25,center profile is not monotone from midplane to GB; negative outer squared radius; contact exceeds outer-body support
Ro100_q0.85_L12W_r1.60_th120_k0.50,center profile is not monotone from midplane to GB; negative outer squared radius; contact exceeds outer-body support
Ro100_q0.85_L12W_r1.60_th120_k0.75,center profile is not monotone from midplane to GB; negative outer squared radius; contact exceeds outer-body support
Ro100_q0.85_L12W_r1.60_th135_k0.00,center profile is not monotone from midplane to GB; negative outer squared radius; contact exceeds outer-body support
Ro100_q0.85_L12W_r1.60_th135_k0.25,center profile is not monotone from midplane to GB; negative outer squared radius; contact exceeds outer-body support
Ro100_q0.85_L12W_r1.60_th135_k0.50,center profile is not monotone from midplane to GB; negative outer squared radius; contact exceeds outer-body support
Ro100_q0.85_L12W_r1.60_th135_k0.75,center profile is not monotone from midplane to GB; negative outer squared radius; contact exceeds outer-body support
Ro100_q0.85_L12W_r1.60_th150_k0.00,center profile is not monotone from midplane to GB; negative outer squared radius; contact exceeds outer-body support
Ro100_q0.85_L12W_r1.60_th150_k0.25,center profile is not monotone from midplane to GB; negative outer squared radius; contact exceeds outer-body support
Ro100_q0.85_L12W_r1.60_th150_k0.50,center profile is not monotone from midplane to GB; negative outer squared radius; contact exceeds outer-body support
Ro100_q0.85_L12W_r1.60_th150_k0.75,center profile is not monotone from midplane to GB; negative outer squared radius; contact exceeds outer-body support
Ro100_q0.85_L12W_r1.60_th165_k0.00,center profile is not monotone from midplane to GB; negative outer squared radius; contact exceeds outer-body support
Ro100_q0.85_L12W_r1.60_th165_k0.25,center profile is not monotone from midplane to GB; negative outer squared radius; contact exceeds outer-body support
Ro100_q0.85_L12W_r1.60_th165_k0.50,center profile is not monotone from midplane to GB; negative outer squared radius; contact exceeds outer-body support
Ro100_q0.85_L12W_r1.60_th165_k0.75,center profile is not monotone from midplane to GB; negative outer squared radius; contact exceeds outer-body support
Ro100_q0.85_L12W_r1.60_th170_k0.00,center profile is not monotone from midplane to GB; negative outer squared radius; contact exceeds outer-body support
Ro100_q0.85_L12W_r1.60_th170_k0.25,center profile is not monotone from midplane to GB; negative outer squared radius; contact exceeds outer-body support
Ro100_q0.85_L12W_r1.60_th170_k0.50,center profile is not monotone from midplane to GB; negative outer squared radius; contact exceeds outer-body support
Ro100_q0.85_L12W_r1.60_th170_k0.75,center profile is not monotone from midplane to GB; negative outer squared radius; contact exceeds outer-body support
Ro100_q0.85_L16W_r0.60_th120_k0.00,TJ radius below 6W
Ro100_q0.85_L16W_r0.60_th120_k0.25,TJ radius below 6W
Ro100_q0.85_L16W_r0.60_th120_k0.50,TJ radius below 6W
Ro100_q0.85_L16W_r0.60_th120_k0.75,TJ radius below 6W
Ro100_q0.85_L16W_r0.60_th135_k0.00,TJ radius below 6W
Ro100_q0.85_L16W_r0.60_th135_k0.25,TJ radius below 6W
Ro100_q0.85_L16W_r0.60_th135_k0.50,TJ radius below 6W
Ro100_q0.85_L16W_r0.60_th135_k0.75,TJ radius below 6W
Ro100_q0.85_L16W_r0.60_th150_k0.00,TJ radius below 6W
Ro100_q0.85_L16W_r0.60_th150_k0.25,TJ radius below 6W
Ro100_q0.85_L16W_r0.60_th150_k0.50,TJ radius below 6W
Ro100_q0.85_L16W_r0.60_th150_k0.75,TJ radius below 6W
Ro100_q0.85_L16W_r0.60_th165_k0.00,TJ radius below 6W
Ro100_q0.85_L16W_r0.60_th165_k0.25,TJ radius below 6W
Ro100_q0.85_L16W_r0.60_th165_k0.50,TJ radius below 6W
Ro100_q0.85_L16W_r0.60_th165_k0.75,TJ radius below 6W
Ro100_q0.85_L16W_r0.60_th170_k0.00,TJ radius below 6W
Ro100_q0.85_L16W_r0.60_th170_k0.25,TJ radius below 6W
Ro100_q0.85_L16W_r0.60_th170_k0.50,TJ radius below 6W
Ro100_q0.85_L16W_r0.60_th170_k0.75,TJ radius below 6W
Ro100_q0.85_L16W_r1.20_th120_k0.00,outer profile has multiple radial extrema
Ro100_q0.85_L16W_r1.20_th120_k0.25,outer profile has multiple radial extrema
Ro100_q0.85_L16W_r1.20_th120_k0.50,outer profile has multiple radial extrema
Ro100_q0.85_L16W_r1.20_th120_k0.75,outer profile has multiple radial extrema
Ro100_q0.85_L16W_r1.20_th170_k0.75,outer profile has multiple radial extrema
Ro100_q0.85_L16W_r1.40_th120_k0.00,center profile is not monotone from midplane to GB; negative outer squared radius
Ro100_q0.85_L16W_r1.40_th120_k0.25,center profile is not monotone from midplane to GB; negative outer squared radius
Ro100_q0.85_L16W_r1.40_th120_k0.50,center profile is not monotone from midplane to GB; negative outer squared radius
Ro100_q0.85_L16W_r1.40_th120_k0.75,center profile is not monotone from midplane to GB; negative outer squared radius
Ro100_q0.85_L16W_r1.40_th135_k0.00,center profile is not monotone from midplane to GB; negative outer squared radius
Ro100_q0.85_L16W_r1.40_th135_k0.25,center profile is not monotone from midplane to GB; negative outer squared radius
Ro100_q0.85_L16W_r1.40_th135_k0.50,center profile is not monotone from midplane to GB; negative outer squared radius
Ro100_q0.85_L16W_r1.40_th135_k0.75,center profile is not monotone from midplane to GB; outer profile has multiple radial extrema
Ro100_q0.85_L16W_r1.40_th150_k0.00,center profile is not monotone from midplane to GB; outer profile has multiple radial extrema
Ro100_q0.85_L16W_r1.40_th150_k0.25,center profile is not monotone from midplane to GB; outer profile has multiple radial extrema
Ro100_q0.85_L16W_r1.40_th150_k0.50,center profile is not monotone from midplane to GB; outer profile has multiple radial extrema
Ro100_q0.85_L16W_r1.40_th150_k0.75,center profile is not monotone from midplane to GB; outer profile has multiple radial extrema
Ro100_q0.85_L16W_r1.40_th165_k0.00,center profile is not monotone from midplane to GB; outer profile has multiple radial extrema
Ro100_q0.85_L16W_r1.40_th165_k0.25,center profile is not monotone from midplane to GB; outer profile has multiple radial extrema
Ro100_q0.85_L16W_r1.40_th165_k0.50,center profile is not monotone from midplane to GB; outer profile has multiple radial extrema
Ro100_q0.85_L16W_r1.40_th165_k0.75,center profile is not monotone from midplane to GB; outer profile has multiple radial extrema
Ro100_q0.85_L16W_r1.40_th170_k0.00,center profile is not monotone from midplane to GB; outer profile has multiple radial extrema
Ro100_q0.85_L16W_r1.40_th170_k0.25,center profile is not monotone from midplane to GB; outer profile has multiple radial extrema
Ro100_q0.85_L16W_r1.40_th170_k0.50,center profile is not monotone from midplane to GB; outer profile has multiple radial extrema
Ro100_q0.85_L16W_r1.40_th170_k0.75,center profile is not monotone from midplane to GB; outer profile has multiple radial extrema
Ro100_q0.85_L16W_r1.60_th120_k0.00,center profile is not monotone from midplane to GB; negative outer squared radius; contact exceeds outer-body support
Ro100_q0.85_L16W_r1.60_th120_k0.25,center profile is not monotone from midplane to GB; negative outer squared radius; contact exceeds outer-body support
Ro100_q0.85_L16W_r1.60_th120_k0.50,center profile is not monotone from midplane to GB; negative outer squared radius; contact exceeds outer-body support
Ro100_q0.85_L16W_r1.60_th120_k0.75,center profile is not monotone from midplane to GB; negative outer squared radius; contact exceeds outer-body support
Ro100_q0.85_L16W_r1.60_th135_k0.00,center profile is not monotone from midplane to GB; negative outer squared radius; contact exceeds outer-body support
Ro100_q0.85_L16W_r1.60_th135_k0.25,center profile is not monotone from midplane to GB; negative outer squared radius; contact exceeds outer-body support
Ro100_q0.85_L16W_r1.60_th135_k0.50,center profile is not monotone from midplane to GB; negative outer squared radius; contact exceeds outer-body support
Ro100_q0.85_L16W_r1.60_th135_k0.75,center profile is not monotone from midplane to GB; negative outer squared radius; contact exceeds outer-body support
Ro100_q0.85_L16W_r1.60_th150_k0.00,center profile is not monotone from midplane to GB; negative outer squared radius; contact exceeds outer-body support
Ro100_q0.85_L16W_r1.60_th150_k0.25,center profile is not monotone from midplane to GB; negative outer squared radius; contact exceeds outer-body support
Ro100_q0.85_L16W_r1.60_th150_k0.50,center profile is not monotone from midplane to GB; negative outer squared radius; contact exceeds outer-body support
Ro100_q0.85_L16W_r1.60_th150_k0.75,center profile is not monotone from midplane to GB; negative outer squared radius; contact exceeds outer-body support
Ro100_q0.85_L16W_r1.60_th165_k0.00,center profile is not monotone from midplane to GB; negative outer squared radius; contact exceeds outer-body support
Ro100_q0.85_L16W_r1.60_th165_k0.25,center profile is not monotone from midplane to GB; negative outer squared radius; contact exceeds outer-body support
Ro100_q0.85_L16W_r1.60_th165_k0.50,center profile is not monotone from midplane to GB; negative outer squared radius; contact exceeds outer-body support
Ro100_q0.85_L16W_r1.60_th165_k0.75,center profile is not monotone from midplane to GB; negative outer squared radius; contact exceeds outer-body support
Ro100_q0.85_L16W_r1.60_th170_k0.00,center profile is not monotone from midplane to GB; negative outer squared radius; contact exceeds outer-body support
Ro100_q0.85_L16W_r1.60_th170_k0.25,center profile is not monotone from midplane to GB; negative outer squared radius; contact exceeds outer-body support
Ro100_q0.85_L16W_r1.60_th170_k0.50,center profile is not monotone from midplane to GB; negative outer squared radius; contact exceeds outer-body support
Ro100_q0.85_L16W_r1.60_th170_k0.75,center profile is not monotone from midplane to GB; negative outer squared radius; contact exceeds outer-body support
Ro100_q0.85_L20W_r0.60_th120_k0.00,TJ radius below 6W
Ro100_q0.85_L20W_r0.60_th120_k0.25,TJ radius below 6W
Ro100_q0.85_L20W_r0.60_th120_k0.50,TJ radius below 6W
Ro100_q0.85_L20W_r0.60_th120_k0.75,TJ radius below 6W
Ro100_q0.85_L20W_r0.60_th135_k0.00,TJ radius below 6W
Ro100_q0.85_L20W_r0.60_th135_k0.25,TJ radius below 6W
Ro100_q0.85_L20W_r0.60_th135_k0.50,TJ radius below 6W
Ro100_q0.85_L20W_r0.60_th135_k0.75,TJ radius below 6W
Ro100_q0.85_L20W_r0.60_th150_k0.00,TJ radius below 6W
Ro100_q0.85_L20W_r0.60_th150_k0.25,TJ radius below 6W
Ro100_q0.85_L20W_r0.60_th150_k0.50,TJ radius below 6W
Ro100_q0.85_L20W_r0.60_th150_k0.75,TJ radius below 6W
Ro100_q0.85_L20W_r0.60_th165_k0.00,TJ radius below 6W
Ro100_q0.85_L20W_r0.60_th165_k0.25,TJ radius below 6W
Ro100_q0.85_L20W_r0.60_th165_k0.50,TJ radius below 6W
Ro100_q0.85_L20W_r0.60_th165_k0.75,TJ radius below 6W
Ro100_q0.85_L20W_r0.60_th170_k0.00,TJ radius below 6W
Ro100_q0.85_L20W_r0.60_th170_k0.25,TJ radius below 6W
Ro100_q0.85_L20W_r0.60_th170_k0.50,TJ radius below 6W
Ro100_q0.85_L20W_r0.60_th170_k0.75,TJ radius below 6W
Ro100_q0.85_L20W_r1.20_th120_k0.00,center profile is not monotone from midplane to GB; outer profile has multiple radial extrema
Ro100_q0.85_L20W_r1.20_th120_k0.25,center profile is not monotone from midplane to GB; outer profile has multiple radial extrema
Ro100_q0.85_L20W_r1.20_th120_k0.50,center profile is not monotone from midplane to GB; outer profile has multiple radial extrema
Ro100_q0.85_L20W_r1.20_th120_k0.75,center profile is not monotone from midplane to GB; outer profile has multiple radial extrema
Ro100_q0.85_L20W_r1.20_th135_k0.00,center profile is not monotone from midplane to GB
Ro100_q0.85_L20W_r1.20_th135_k0.25,center profile is not monotone from midplane to GB
Ro100_q0.85_L20W_r1.20_th135_k0.50,center profile is not monotone from midplane to GB
Ro100_q0.85_L20W_r1.20_th135_k0.75,center profile is not monotone from midplane to GB
Ro100_q0.85_L20W_r1.20_th150_k0.00,center profile is not monotone from midplane to GB
Ro100_q0.85_L20W_r1.20_th150_k0.25,center profile is not monotone from midplane to GB
Ro100_q0.85_L20W_r1.20_th150_k0.50,center profile is not monotone from midplane to GB
Ro100_q0.85_L20W_r1.20_th150_k0.75,center profile is not monotone from midplane to GB
Ro100_q0.85_L20W_r1.20_th165_k0.00,center profile is not monotone from midplane to GB
Ro100_q0.85_L20W_r1.20_th165_k0.25,center profile is not monotone from midplane to GB
Ro100_q0.85_L20W_r1.20_th165_k0.50,center profile is not monotone from midplane to GB
Ro100_q0.85_L20W_r1.20_th165_k0.75,center profile is not monotone from midplane to GB
Ro100_q0.85_L20W_r1.20_th170_k0.00,center profile is not monotone from midplane to GB
Ro100_q0.85_L20W_r1.20_th170_k0.25,center profile is not monotone from midplane to GB
Ro100_q0.85_L20W_r1.20_th170_k0.50,center profile is not monotone from midplane to GB
Ro100_q0.85_L20W_r1.20_th170_k0.75,center profile is not monotone from midplane to GB
Ro100_q0.85_L20W_r1.40_th120_k0.00,center profile is not monotone from midplane to GB; negative outer squared radius
Ro100_q0.85_L20W_r1.40_th120_k0.25,center profile is not monotone from midplane to GB; negative outer squared radius
Ro100_q0.85_L20W_r1.40_th120_k0.50,center profile is not monotone from midplane to GB; negative outer squared radius
Ro100_q0.85_L20W_r1.40_th120_k0.75,center profile is not monotone from midplane to GB; negative outer squared radius
Ro100_q0.85_L20W_r1.40_th135_k0.00,center profile is not monotone from midplane to GB; negative outer squared radius
Ro100_q0.85_L20W_r1.40_th135_k0.25,center profile is not monotone from midplane to GB; negative outer squared radius
Ro100_q0.85_L20W_r1.40_th135_k0.50,center profile is not monotone from midplane to GB; negative outer squared radius
Ro100_q0.85_L20W_r1.40_th135_k0.75,center profile is not monotone from midplane to GB; outer profile has multiple radial extrema
Ro100_q0.85_L20W_r1.40_th150_k0.00,center profile is not monotone from midplane to GB; outer profile has multiple radial extrema
Ro100_q0.85_L20W_r1.40_th150_k0.25,center profile is not monotone from midplane to GB; outer profile has multiple radial extrema
Ro100_q0.85_L20W_r1.40_th150_k0.50,center profile is not monotone from midplane to GB; outer profile has multiple radial extrema
Ro100_q0.85_L20W_r1.40_th150_k0.75,center profile is not monotone from midplane to GB; outer profile has multiple radial extrema
Ro100_q0.85_L20W_r1.40_th165_k0.00,center profile is not monotone from midplane to GB; outer profile has multiple radial extrema
Ro100_q0.85_L20W_r1.40_th165_k0.25,center profile is not monotone from midplane to GB; outer profile has multiple radial extrema
Ro100_q0.85_L20W_r1.40_th165_k0.50,center profile is not monotone from midplane to GB; outer profile has multiple radial extrema
Ro100_q0.85_L20W_r1.40_th165_k0.75,center profile is not monotone from midplane to GB; outer profile has multiple radial extrema
Ro100_q0.85_L20W_r1.40_th170_k0.00,center profile is not monotone from midplane to GB; outer profile has multiple radial extrema
Ro100_q0.85_L20W_r1.40_th170_k0.25,center profile is not monotone from midplane to GB; outer profile has multiple radial extrema
Ro100_q0.85_L20W_r1.40_th170_k0.50,center profile is not monotone from midplane to GB; outer profile has multiple radial extrema
Ro100_q0.85_L20W_r1.40_th170_k0.75,center profile is not monotone from midplane to GB; outer profile has multiple radial extrema
Ro100_q0.85_L20W_r1.60_th120_k0.00,negative center squared radius; center profile is not monotone from midplane to GB; center topology fails before requested loss; negative outer squared radius; contact exceeds outer-body support
Ro100_q0.85_L20W_r1.60_th120_k0.25,negative center squared radius; center profile is not monotone from midplane to GB; center topology fails before requested loss; negative outer squared radius; contact exceeds outer-body support
Ro100_q0.85_L20W_r1.60_th120_k0.50,negative center squared radius; center profile is not monotone from midplane to GB; center topology fails before requested loss; negative outer squared radius; contact exceeds outer-body support
Ro100_q0.85_L20W_r1.60_th120_k0.75,negative center squared radius; center profile is not monotone from midplane to GB; center topology fails before requested loss; negative outer squared radius; contact exceeds outer-body support
Ro100_q0.85_L20W_r1.60_th135_k0.00,negative center squared radius; center profile is not monotone from midplane to GB; center topology fails before requested loss; negative outer squared radius; contact exceeds outer-body support
Ro100_q0.85_L20W_r1.60_th135_k0.25,negative center squared radius; center profile is not monotone from midplane to GB; center topology fails before requested loss; negative outer squared radius; contact exceeds outer-body support
Ro100_q0.85_L20W_r1.60_th135_k0.50,negative center squared radius; center profile is not monotone from midplane to GB; center topology fails before requested loss; negative outer squared radius; contact exceeds outer-body support
Ro100_q0.85_L20W_r1.60_th135_k0.75,negative center squared radius; center profile is not monotone from midplane to GB; center topology fails before requested loss; negative outer squared radius; contact exceeds outer-body support
Ro100_q0.85_L20W_r1.60_th150_k0.00,negative center squared radius; center profile is not monotone from midplane to GB; center topology fails before requested loss; negative outer squared radius; contact exceeds outer-body support
Ro100_q0.85_L20W_r1.60_th150_k0.25,negative center squared radius; center profile is not monotone from midplane to GB; center topology fails before requested loss; negative outer squared radius; contact exceeds outer-body support
Ro100_q0.85_L20W_r1.60_th150_k0.50,negative center squared radius; center profile is not monotone from midplane to GB; center topology fails before requested loss; negative outer squared radius; contact exceeds outer-body support
Ro100_q0.85_L20W_r1.60_th150_k0.75,negative center squared radius; center profile is not monotone from midplane to GB; center topology fails before requested loss; negative outer squared radius; contact exceeds outer-body support
Ro100_q0.85_L20W_r1.60_th165_k0.00,center profile is not monotone from midplane to GB; center topology fails before requested loss; negative outer squared radius; contact exceeds outer-body support
Ro100_q0.85_L20W_r1.60_th165_k0.25,center profile is not monotone from midplane to GB; center topology fails before requested loss; negative outer squared radius; contact exceeds outer-body support
Ro100_q0.85_L20W_r1.60_th165_k0.50,center profile is not monotone from midplane to GB; center topology fails before requested loss; negative outer squared radius; contact exceeds outer-body support
Ro100_q0.85_L20W_r1.60_th165_k0.75,center profile is not monotone from midplane to GB; center topology fails before requested loss; negative outer squared radius; contact exceeds outer-body support
Ro100_q0.85_L20W_r1.60_th170_k0.00,center profile is not monotone from midplane to GB; center topology fails before requested loss; negative outer squared radius; contact exceeds outer-body support
Ro100_q0.85_L20W_r1.60_th170_k0.25,center profile is not monotone from midplane to GB; center topology fails before requested loss; negative outer squared radius; contact exceeds outer-body support
Ro100_q0.85_L20W_r1.60_th170_k0.50,center profile is not monotone from midplane to GB; center topology fails before requested loss; negative outer squared radius; contact exceeds outer-body support
Ro100_q0.85_L20W_r1.60_th170_k0.75,center profile is not monotone from midplane to GB; center topology fails before requested loss; negative outer squared radius; contact exceeds outer-body support
Ro100_q0.85_L24W_r1.00_th120_k0.00,center profile is not monotone from midplane to GB
Ro100_q0.85_L24W_r1.00_th120_k0.25,center profile is not monotone from midplane to GB
Ro100_q0.85_L24W_r1.20_th120_k0.00,center profile is not monotone from midplane to GB; outer profile has multiple radial extrema
Ro100_q0.85_L24W_r1.20_th120_k0.25,center profile is not monotone from midplane to GB; outer profile has multiple radial extrema
Ro100_q0.85_L24W_r1.20_th120_k0.50,center profile is not monotone from midplane to GB; outer profile has multiple radial extrema
Ro100_q0.85_L24W_r1.20_th120_k0.75,center profile is not monotone from midplane to GB; outer profile has multiple radial extrema
Ro100_q0.85_L24W_r1.20_th135_k0.00,center profile is not monotone from midplane to GB
Ro100_q0.85_L24W_r1.20_th135_k0.25,center profile is not monotone from midplane to GB
Ro100_q0.85_L24W_r1.20_th135_k0.50,center profile is not monotone from midplane to GB
Ro100_q0.85_L24W_r1.20_th135_k0.75,center profile is not monotone from midplane to GB
Ro100_q0.85_L24W_r1.20_th150_k0.00,center profile is not monotone from midplane to GB
Ro100_q0.85_L24W_r1.20_th150_k0.25,center profile is not monotone from midplane to GB
Ro100_q0.85_L24W_r1.20_th150_k0.50,center profile is not monotone from midplane to GB
Ro100_q0.85_L24W_r1.20_th150_k0.75,center profile is not monotone from midplane to GB
Ro100_q0.85_L24W_r1.20_th165_k0.00,center profile is not monotone from midplane to GB
Ro100_q0.85_L24W_r1.20_th165_k0.25,center profile is not monotone from midplane to GB
Ro100_q0.85_L24W_r1.20_th165_k0.50,center profile is not monotone from midplane to GB
Ro100_q0.85_L24W_r1.20_th165_k0.75,center profile is not monotone from midplane to GB
Ro100_q0.85_L24W_r1.20_th170_k0.00,center profile is not monotone from midplane to GB
Ro100_q0.85_L24W_r1.20_th170_k0.25,center profile is not monotone from midplane to GB
Ro100_q0.85_L24W_r1.20_th170_k0.50,center profile is not monotone from midplane to GB
Ro100_q0.85_L24W_r1.20_th170_k0.75,center profile is not monotone from midplane to GB
Ro100_q0.85_L24W_r1.40_th120_k0.00,center profile is not monotone from midplane to GB; center topology fails before requested loss; negative outer squared radius
Ro100_q0.85_L24W_r1.40_th120_k0.25,center profile is not monotone from midplane to GB; center topology fails before requested loss; negative outer squared radius
Ro100_q0.85_L24W_r1.40_th120_k0.50,center profile is not monotone from midplane to GB; center topology fails before requested loss; negative outer squared radius
Ro100_q0.85_L24W_r1.40_th120_k0.75,center profile is not monotone from midplane to GB; center topology fails before requested loss; negative outer squared radius
Ro100_q0.85_L24W_r1.40_th135_k0.00,center profile is not monotone from midplane to GB; center topology fails before requested loss; negative outer squared radius
Ro100_q0.85_L24W_r1.40_th135_k0.25,center profile is not monotone from midplane to GB; center topology fails before requested loss; negative outer squared radius
Ro100_q0.85_L24W_r1.40_th135_k0.50,center profile is not monotone from midplane to GB; center topology fails before requested loss; negative outer squared radius
Ro100_q0.85_L24W_r1.40_th135_k0.75,center profile is not monotone from midplane to GB; center topology fails before requested loss; outer profile has multiple radial extrema
Ro100_q0.85_L24W_r1.40_th150_k0.00,center profile is not monotone from midplane to GB; center topology fails before requested loss; outer profile has multiple radial extrema
Ro100_q0.85_L24W_r1.40_th150_k0.25,center profile is not monotone from midplane to GB; center topology fails before requested loss; outer profile has multiple radial extrema
Ro100_q0.85_L24W_r1.40_th150_k0.50,center profile is not monotone from midplane to GB; center topology fails before requested loss; outer profile has multiple radial extrema
Ro100_q0.85_L24W_r1.40_th150_k0.75,center profile is not monotone from midplane to GB; center topology fails before requested loss; outer profile has multiple radial extrema
Ro100_q0.85_L24W_r1.40_th165_k0.00,center profile is not monotone from midplane to GB; center topology fails before requested loss; outer profile has multiple radial extrema
Ro100_q0.85_L24W_r1.40_th165_k0.25,center profile is not monotone from midplane to GB; center topology fails before requested loss; outer profile has multiple radial extrema
Ro100_q0.85_L24W_r1.40_th165_k0.50,center profile is not monotone from midplane to GB; center topology fails before requested loss; outer profile has multiple radial extrema
Ro100_q0.85_L24W_r1.40_th165_k0.75,center profile is not monotone from midplane to GB; center topology fails before requested loss; outer profile has multiple radial extrema
Ro100_q0.85_L24W_r1.40_th170_k0.00,center profile is not monotone from midplane to GB; center topology fails before requested loss; outer profile has multiple radial extrema
Ro100_q0.85_L24W_r1.40_th170_k0.25,center profile is not monotone from midplane to GB; center topology fails before requested loss; outer profile has multiple radial extrema
Ro100_q0.85_L24W_r1.40_th170_k0.50,center profile is not monotone from midplane to GB; center topology fails before requested loss; outer profile has multiple radial extrema
Ro100_q0.85_L24W_r1.40_th170_k0.75,center profile is not monotone from midplane to GB; center topology fails before requested loss; outer profile has multiple radial extrema
Ro100_q0.85_L24W_r1.60_th120_k0.00,negative center squared radius; center profile is not monotone from midplane to GB; center topology fails before requested loss; negative outer squared radius; contact exceeds outer-body support
Ro100_q0.85_L24W_r1.60_th120_k0.25,negative center squared radius; center profile is not monotone from midplane to GB; center topology fails before requested loss; negative outer squared radius; contact exceeds outer-body support
Ro100_q0.85_L24W_r1.60_th120_k0.50,negative center squared radius; center profile is not monotone from midplane to GB; center topology fails before requested loss; negative outer squared radius; contact exceeds outer-body support
Ro100_q0.85_L24W_r1.60_th120_k0.75,negative center squared radius; center profile is not monotone from midplane to GB; center topology fails before requested loss; negative outer squared radius; contact exceeds outer-body support
Ro100_q0.85_L24W_r1.60_th135_k0.00,negative center squared radius; center profile is not monotone from midplane to GB; center topology fails before requested loss; negative outer squared radius; contact exceeds outer-body support
Ro100_q0.85_L24W_r1.60_th135_k0.25,negative center squared radius; center profile is not monotone from midplane to GB; center topology fails before requested loss; negative outer squared radius; contact exceeds outer-body support
Ro100_q0.85_L24W_r1.60_th135_k0.50,negative center squared radius; center profile is not monotone from midplane to GB; center topology fails before requested loss; negative outer squared radius; contact exceeds outer-body support
Ro100_q0.85_L24W_r1.60_th135_k0.75,negative center squared radius; center profile is not monotone from midplane to GB; center topology fails before requested loss; negative outer squared radius; contact exceeds outer-body support
Ro100_q0.85_L24W_r1.60_th150_k0.00,negative center squared radius; center profile is not monotone from midplane to GB; center topology fails before requested loss; negative outer squared radius; contact exceeds outer-body support
Ro100_q0.85_L24W_r1.60_th150_k0.25,negative center squared radius; center profile is not monotone from midplane to GB; center topology fails before requested loss; negative outer squared radius; contact exceeds outer-body support
Ro100_q0.85_L24W_r1.60_th150_k0.50,negative center squared radius; center profile is not monotone from midplane to GB; center topology fails before requested loss; negative outer squared radius; contact exceeds outer-body support
Ro100_q0.85_L24W_r1.60_th150_k0.75,negative center squared radius; center profile is not monotone from midplane to GB; center topology fails before requested loss; negative outer squared radius; contact exceeds outer-body support
Ro100_q0.85_L24W_r1.60_th165_k0.00,negative center squared radius; center profile is not monotone from midplane to GB; center topology fails before requested loss; negative outer squared radius; contact exceeds outer-body support
Ro100_q0.85_L24W_r1.60_th165_k0.25,negative center squared radius; center profile is not monotone from midplane to GB; center topology fails before requested loss; negative outer squared radius; contact exceeds outer-body support
Ro100_q0.85_L24W_r1.60_th165_k0.50,negative center squared radius; center profile is not monotone from midplane to GB; center topology fails before requested loss; negative outer squared radius; contact exceeds outer-body support
Ro100_q0.85_L24W_r1.60_th165_k0.75,negative center squared radius; center profile is not monotone from midplane to GB; center topology fails before requested loss; negative outer squared radius; contact exceeds outer-body support
Ro100_q0.85_L24W_r1.60_th170_k0.00,negative center squared radius; center profile is not monotone from midplane to GB; center topology fails before requested loss; negative outer squared radius; contact exceeds outer-body support
Ro100_q0.85_L24W_r1.60_th170_k0.25,negative center squared radius; center profile is not monotone from midplane to GB; center topology fails before requested loss; negative outer squared radius; contact exceeds outer-body support
Ro100_q0.85_L24W_r1.60_th170_k0.50,negative center squared radius; center profile is not monotone from midplane to GB; center topology fails before requested loss; negative outer squared radius; contact exceeds outer-body support
Ro100_q0.85_L24W_r1.60_th170_k0.75,negative center squared radius; center profile is not monotone from midplane to GB; center topology fails before requested loss; negative outer squared radius; contact exceeds outer-body support
Ro120_q0.45_L8W_r0.60_th120_k0.00,contact radius has reached topology loss
Ro120_q0.45_L8W_r0.60_th120_k0.25,contact radius has reached topology loss
Ro120_q0.45_L8W_r0.60_th120_k0.50,contact radius has reached topology loss
Ro120_q0.45_L8W_r0.60_th120_k0.75,contact radius has reached topology loss
Ro120_q0.45_L8W_r0.60_th135_k0.00,contact radius has reached topology loss
Ro120_q0.45_L8W_r0.60_th135_k0.25,contact radius has reached topology loss
Ro120_q0.45_L8W_r0.60_th135_k0.50,contact radius has reached topology loss
Ro120_q0.45_L8W_r0.60_th135_k0.75,contact radius has reached topology loss
Ro120_q0.45_L8W_r0.60_th150_k0.00,contact radius has reached topology loss
Ro120_q0.45_L8W_r0.60_th150_k0.25,contact radius has reached topology loss
Ro120_q0.45_L8W_r0.60_th150_k0.50,contact radius has reached topology loss
Ro120_q0.45_L8W_r0.60_th150_k0.75,contact radius has reached topology loss
Ro120_q0.45_L8W_r0.60_th165_k0.00,contact radius has reached topology loss
Ro120_q0.45_L8W_r0.60_th165_k0.25,contact radius has reached topology loss
Ro120_q0.45_L8W_r0.60_th165_k0.50,contact radius has reached topology loss
Ro120_q0.45_L8W_r0.60_th165_k0.75,contact radius has reached topology loss
Ro120_q0.45_L8W_r0.60_th170_k0.00,contact radius has reached topology loss
Ro120_q0.45_L8W_r0.60_th170_k0.25,contact radius has reached topology loss
Ro120_q0.45_L8W_r0.60_th170_k0.50,contact radius has reached topology loss
Ro120_q0.45_L8W_r0.60_th170_k0.75,contact radius has reached topology loss
Ro120_q0.45_L8W_r0.80_th120_k0.00,TJ radius below 6W
Ro120_q0.45_L8W_r0.80_th120_k0.25,TJ radius below 6W
Ro120_q0.45_L8W_r0.80_th120_k0.50,TJ radius below 6W
Ro120_q0.45_L8W_r0.80_th120_k0.75,TJ radius below 6W
Ro120_q0.45_L8W_r0.80_th135_k0.00,TJ radius below 6W
Ro120_q0.45_L8W_r0.80_th135_k0.25,TJ radius below 6W
Ro120_q0.45_L8W_r0.80_th135_k0.50,TJ radius below 6W
Ro120_q0.45_L8W_r0.80_th135_k0.75,TJ radius below 6W
Ro120_q0.45_L8W_r0.80_th150_k0.00,TJ radius below 6W
Ro120_q0.45_L8W_r0.80_th150_k0.25,TJ radius below 6W
Ro120_q0.45_L8W_r0.80_th150_k0.50,TJ radius below 6W
Ro120_q0.45_L8W_r0.80_th150_k0.75,TJ radius below 6W
Ro120_q0.45_L8W_r0.80_th165_k0.00,TJ radius below 6W
Ro120_q0.45_L8W_r0.80_th165_k0.25,TJ radius below 6W
Ro120_q0.45_L8W_r0.80_th165_k0.50,TJ radius below 6W
Ro120_q0.45_L8W_r0.80_th165_k0.75,TJ radius below 6W
Ro120_q0.45_L8W_r0.80_th170_k0.00,TJ radius below 6W
Ro120_q0.45_L8W_r0.80_th170_k0.25,TJ radius below 6W
Ro120_q0.45_L8W_r0.80_th170_k0.50,TJ radius below 6W
Ro120_q0.45_L8W_r0.80_th170_k0.75,TJ radius below 6W
Ro120_q0.45_L8W_r1.60_th120_k0.00,center profile is not monotone from midplane to GB
Ro120_q0.45_L8W_r1.60_th120_k0.25,center profile is not monotone from midplane to GB
Ro120_q0.45_L8W_r1.60_th120_k0.50,center profile is not monotone from midplane to GB
Ro120_q0.45_L8W_r1.60_th120_k0.75,center profile is not monotone from midplane to GB
Ro120_q0.45_L8W_r1.60_th135_k0.00,center profile is not monotone from midplane to GB
Ro120_q0.45_L8W_r1.60_th135_k0.25,center profile is not monotone from midplane to GB
Ro120_q0.45_L8W_r1.60_th135_k0.50,center profile is not monotone from midplane to GB
Ro120_q0.45_L8W_r1.60_th135_k0.75,center profile is not monotone from midplane to GB
Ro120_q0.45_L8W_r1.60_th150_k0.00,center profile is not monotone from midplane to GB
Ro120_q0.45_L8W_r1.60_th150_k0.25,center profile is not monotone from midplane to GB
Ro120_q0.45_L8W_r1.60_th150_k0.50,center profile is not monotone from midplane to GB
Ro120_q0.45_L8W_r1.60_th150_k0.75,center profile is not monotone from midplane to GB
Ro120_q0.45_L8W_r1.60_th165_k0.00,center profile is not monotone from midplane to GB
Ro120_q0.45_L8W_r1.60_th165_k0.25,center profile is not monotone from midplane to GB
Ro120_q0.45_L8W_r1.60_th165_k0.50,center profile is not monotone from midplane to GB
Ro120_q0.45_L8W_r1.60_th165_k0.75,center profile is not monotone from midplane to GB
Ro120_q0.45_L8W_r1.60_th170_k0.00,center profile is not monotone from midplane to GB
Ro120_q0.45_L8W_r1.60_th170_k0.25,center profile is not monotone from midplane to GB
Ro120_q0.45_L8W_r1.60_th170_k0.50,center profile is not monotone from midplane to GB
Ro120_q0.45_L8W_r1.60_th170_k0.75,center profile is not monotone from midplane to GB
Ro120_q0.45_L10W_r0.60_th120_k0.00,contact radius has reached topology loss
Ro120_q0.45_L10W_r0.60_th120_k0.25,contact radius has reached topology loss
Ro120_q0.45_L10W_r0.60_th120_k0.50,contact radius has reached topology loss
Ro120_q0.45_L10W_r0.60_th120_k0.75,contact radius has reached topology loss
Ro120_q0.45_L10W_r0.60_th135_k0.00,contact radius has reached topology loss
Ro120_q0.45_L10W_r0.60_th135_k0.25,contact radius has reached topology loss
Ro120_q0.45_L10W_r0.60_th135_k0.50,contact radius has reached topology loss
Ro120_q0.45_L10W_r0.60_th135_k0.75,contact radius has reached topology loss
Ro120_q0.45_L10W_r0.60_th150_k0.00,contact radius has reached topology loss
Ro120_q0.45_L10W_r0.60_th150_k0.25,contact radius has reached topology loss
Ro120_q0.45_L10W_r0.60_th150_k0.50,contact radius has reached topology loss
Ro120_q0.45_L10W_r0.60_th150_k0.75,contact radius has reached topology loss
Ro120_q0.45_L10W_r0.60_th165_k0.00,contact radius has reached topology loss
Ro120_q0.45_L10W_r0.60_th165_k0.25,contact radius has reached topology loss
Ro120_q0.45_L10W_r0.60_th165_k0.50,contact radius has reached topology loss
Ro120_q0.45_L10W_r0.60_th165_k0.75,contact radius has reached topology loss
Ro120_q0.45_L10W_r0.60_th170_k0.00,contact radius has reached topology loss
Ro120_q0.45_L10W_r0.60_th170_k0.25,contact radius has reached topology loss
Ro120_q0.45_L10W_r0.60_th170_k0.50,contact radius has reached topology loss
Ro120_q0.45_L10W_r0.60_th170_k0.75,contact radius has reached topology loss
Ro120_q0.45_L10W_r1.40_th120_k0.00,center profile is not monotone from midplane to GB
Ro120_q0.45_L10W_r1.40_th120_k0.25,center profile is not monotone from midplane to GB
Ro120_q0.45_L10W_r1.40_th120_k0.50,center profile is not monotone from midplane to GB
Ro120_q0.45_L10W_r1.40_th120_k0.75,center profile is not monotone from midplane to GB
Ro120_q0.45_L10W_r1.40_th135_k0.00,center profile is not monotone from midplane to GB
Ro120_q0.45_L10W_r1.40_th135_k0.25,center profile is not monotone from midplane to GB
Ro120_q0.45_L10W_r1.40_th135_k0.50,center profile is not monotone from midplane to GB
Ro120_q0.45_L10W_r1.40_th135_k0.75,center profile is not monotone from midplane to GB
Ro120_q0.45_L10W_r1.40_th150_k0.00,center profile is not monotone from midplane to GB
Ro120_q0.45_L10W_r1.40_th150_k0.25,center profile is not monotone from midplane to GB
Ro120_q0.45_L10W_r1.40_th150_k0.50,center profile is not monotone from midplane to GB
Ro120_q0.45_L10W_r1.40_th150_k0.75,center profile is not monotone from midplane to GB
Ro120_q0.45_L10W_r1.40_th165_k0.00,center profile is not monotone from midplane to GB
Ro120_q0.45_L10W_r1.40_th165_k0.25,center profile is not monotone from midplane to GB
Ro120_q0.45_L10W_r1.40_th165_k0.50,center profile is not monotone from midplane to GB
Ro120_q0.45_L10W_r1.40_th165_k0.75,center profile is not monotone from midplane to GB
Ro120_q0.45_L10W_r1.40_th170_k0.00,center profile is not monotone from midplane to GB
Ro120_q0.45_L10W_r1.40_th170_k0.25,center profile is not monotone from midplane to GB
Ro120_q0.45_L10W_r1.40_th170_k0.50,center profile is not monotone from midplane to GB
Ro120_q0.45_L10W_r1.40_th170_k0.75,center profile is not monotone from midplane to GB
Ro120_q0.45_L10W_r1.60_th120_k0.00,center profile is not monotone from midplane to GB
Ro120_q0.45_L10W_r1.60_th120_k0.25,center profile is not monotone from midplane to GB
Ro120_q0.45_L10W_r1.60_th120_k0.50,center profile is not monotone from midplane to GB
Ro120_q0.45_L10W_r1.60_th120_k0.75,center profile is not monotone from midplane to GB
Ro120_q0.45_L10W_r1.60_th135_k0.00,center profile is not monotone from midplane to GB
Ro120_q0.45_L10W_r1.60_th135_k0.25,center profile is not monotone from midplane to GB
Ro120_q0.45_L10W_r1.60_th135_k0.50,center profile is not monotone from midplane to GB
Ro120_q0.45_L10W_r1.60_th135_k0.75,center profile is not monotone from midplane to GB
Ro120_q0.45_L10W_r1.60_th150_k0.00,center profile is not monotone from midplane to GB
Ro120_q0.45_L10W_r1.60_th150_k0.25,center profile is not monotone from midplane to GB
Ro120_q0.45_L10W_r1.60_th150_k0.50,center profile is not monotone from midplane to GB
Ro120_q0.45_L10W_r1.60_th150_k0.75,center profile is not monotone from midplane to GB
Ro120_q0.45_L10W_r1.60_th165_k0.00,center profile is not monotone from midplane to GB
Ro120_q0.45_L10W_r1.60_th165_k0.25,center profile is not monotone from midplane to GB
Ro120_q0.45_L10W_r1.60_th165_k0.50,center profile is not monotone from midplane to GB
Ro120_q0.45_L10W_r1.60_th165_k0.75,center profile is not monotone from midplane to GB
Ro120_q0.45_L10W_r1.60_th170_k0.00,center profile is not monotone from midplane to GB
Ro120_q0.45_L10W_r1.60_th170_k0.25,center profile is not monotone from midplane to GB
Ro120_q0.45_L10W_r1.60_th170_k0.50,center profile is not monotone from midplane to GB
Ro120_q0.45_L10W_r1.60_th170_k0.75,center profile is not monotone from midplane to GB
Ro120_q0.45_L12W_r0.60_th120_k0.00,TJ radius below 6W
Ro120_q0.45_L12W_r0.60_th120_k0.25,TJ radius below 6W
Ro120_q0.45_L12W_r0.60_th120_k0.50,TJ radius below 6W
Ro120_q0.45_L12W_r0.60_th120_k0.75,TJ radius below 6W
Ro120_q0.45_L12W_r0.60_th135_k0.00,TJ radius below 6W
Ro120_q0.45_L12W_r0.60_th135_k0.25,TJ radius below 6W
Ro120_q0.45_L12W_r0.60_th135_k0.50,TJ radius below 6W
Ro120_q0.45_L12W_r0.60_th135_k0.75,TJ radius below 6W
Ro120_q0.45_L12W_r0.60_th150_k0.00,TJ radius below 6W
Ro120_q0.45_L12W_r0.60_th150_k0.25,TJ radius below 6W
Ro120_q0.45_L12W_r0.60_th150_k0.50,TJ radius below 6W
Ro120_q0.45_L12W_r0.60_th150_k0.75,TJ radius below 6W
Ro120_q0.45_L12W_r0.60_th165_k0.00,TJ radius below 6W
Ro120_q0.45_L12W_r0.60_th165_k0.25,TJ radius below 6W
Ro120_q0.45_L12W_r0.60_th165_k0.50,TJ radius below 6W
Ro120_q0.45_L12W_r0.60_th165_k0.75,TJ radius below 6W
Ro120_q0.45_L12W_r0.60_th170_k0.00,TJ radius below 6W
Ro120_q0.45_L12W_r0.60_th170_k0.25,TJ radius below 6W
Ro120_q0.45_L12W_r0.60_th170_k0.50,TJ radius below 6W
Ro120_q0.45_L12W_r0.60_th170_k0.75,TJ radius below 6W
Ro120_q0.45_L12W_r1.20_th120_k0.00,center profile is not monotone from midplane to GB
Ro120_q0.45_L12W_r1.20_th120_k0.25,center profile is not monotone from midplane to GB
Ro120_q0.45_L12W_r1.20_th120_k0.50,center profile is not monotone from midplane to GB
Ro120_q0.45_L12W_r1.20_th120_k0.75,center profile is not monotone from midplane to GB
Ro120_q0.45_L12W_r1.20_th135_k0.00,center profile is not monotone from midplane to GB
Ro120_q0.45_L12W_r1.20_th135_k0.25,center profile is not monotone from midplane to GB
Ro120_q0.45_L12W_r1.20_th135_k0.50,center profile is not monotone from midplane to GB
Ro120_q0.45_L12W_r1.20_th135_k0.75,center profile is not monotone from midplane to GB
Ro120_q0.45_L12W_r1.20_th150_k0.00,center profile is not monotone from midplane to GB
Ro120_q0.45_L12W_r1.20_th150_k0.25,center profile is not monotone from midplane to GB
Ro120_q0.45_L12W_r1.20_th150_k0.50,center profile is not monotone from midplane to GB
Ro120_q0.45_L12W_r1.20_th150_k0.75,center profile is not monotone from midplane to GB
Ro120_q0.45_L12W_r1.40_th120_k0.00,center profile is not monotone from midplane to GB
Ro120_q0.45_L12W_r1.40_th120_k0.25,center profile is not monotone from midplane to GB
Ro120_q0.45_L12W_r1.40_th120_k0.50,center profile is not monotone from midplane to GB
Ro120_q0.45_L12W_r1.40_th120_k0.75,center profile is not monotone from midplane to GB
Ro120_q0.45_L12W_r1.40_th135_k0.00,center profile is not monotone from midplane to GB
Ro120_q0.45_L12W_r1.40_th135_k0.25,center profile is not monotone from midplane to GB
Ro120_q0.45_L12W_r1.40_th135_k0.50,center profile is not monotone from midplane to GB
Ro120_q0.45_L12W_r1.40_th135_k0.75,center profile is not monotone from midplane to GB
Ro120_q0.45_L12W_r1.40_th150_k0.00,center profile is not monotone from midplane to GB
Ro120_q0.45_L12W_r1.40_th150_k0.25,center profile is not monotone from midplane to GB
Ro120_q0.45_L12W_r1.40_th150_k0.50,center profile is not monotone from midplane to GB
Ro120_q0.45_L12W_r1.40_th150_k0.75,center profile is not monotone from midplane to GB
Ro120_q0.45_L12W_r1.40_th165_k0.00,center profile is not monotone from midplane to GB
Ro120_q0.45_L12W_r1.40_th165_k0.25,center profile is not monotone from midplane to GB
Ro120_q0.45_L12W_r1.40_th165_k0.50,center profile is not monotone from midplane to GB
Ro120_q0.45_L12W_r1.40_th165_k0.75,center profile is not monotone from midplane to GB
Ro120_q0.45_L12W_r1.40_th170_k0.00,center profile is not monotone from midplane to GB
Ro120_q0.45_L12W_r1.40_th170_k0.25,center profile is not monotone from midplane to GB
Ro120_q0.45_L12W_r1.40_th170_k0.50,center profile is not monotone from midplane to GB
Ro120_q0.45_L12W_r1.40_th170_k0.75,center profile is not monotone from midplane to GB
Ro120_q0.45_L12W_r1.60_th120_k0.00,center profile is not monotone from midplane to GB; center topology fails before requested loss
Ro120_q0.45_L12W_r1.60_th120_k0.25,center profile is not monotone from midplane to GB; center topology fails before requested loss
Ro120_q0.45_L12W_r1.60_th120_k0.50,center profile is not monotone from midplane to GB; center topology fails before requested loss
Ro120_q0.45_L12W_r1.60_th120_k0.75,center profile is not monotone from midplane to GB; center topology fails before requested loss
Ro120_q0.45_L12W_r1.60_th135_k0.00,center profile is not monotone from midplane to GB; center topology fails before requested loss
Ro120_q0.45_L12W_r1.60_th135_k0.25,center profile is not monotone from midplane to GB; center topology fails before requested loss
Ro120_q0.45_L12W_r1.60_th135_k0.50,center profile is not monotone from midplane to GB; center topology fails before requested loss
Ro120_q0.45_L12W_r1.60_th135_k0.75,center profile is not monotone from midplane to GB; center topology fails before requested loss
Ro120_q0.45_L12W_r1.60_th150_k0.00,center profile is not monotone from midplane to GB; center topology fails before requested loss
Ro120_q0.45_L12W_r1.60_th150_k0.25,center profile is not monotone from midplane to GB; center topology fails before requested loss
Ro120_q0.45_L12W_r1.60_th150_k0.50,center profile is not monotone from midplane to GB; center topology fails before requested loss
Ro120_q0.45_L12W_r1.60_th150_k0.75,center profile is not monotone from midplane to GB; center topology fails before requested loss
Ro120_q0.45_L12W_r1.60_th165_k0.00,center profile is not monotone from midplane to GB; center topology fails before requested loss
Ro120_q0.45_L12W_r1.60_th165_k0.25,center profile is not monotone from midplane to GB; center topology fails before requested loss
Ro120_q0.45_L12W_r1.60_th165_k0.50,center profile is not monotone from midplane to GB; center topology fails before requested loss
Ro120_q0.45_L12W_r1.60_th165_k0.75,center profile is not monotone from midplane to GB; center topology fails before requested loss
Ro120_q0.45_L12W_r1.60_th170_k0.00,center profile is not monotone from midplane to GB; center topology fails before requested loss
Ro120_q0.45_L12W_r1.60_th170_k0.25,center profile is not monotone from midplane to GB; center topology fails before requested loss
Ro120_q0.45_L12W_r1.60_th170_k0.50,center profile is not monotone from midplane to GB; center topology fails before requested loss
Ro120_q0.45_L12W_r1.60_th170_k0.75,center profile is not monotone from midplane to GB; center topology fails before requested loss
Ro120_q0.45_L16W_r0.60_th120_k0.00,TJ radius below 6W
Ro120_q0.45_L16W_r0.60_th120_k0.25,TJ radius below 6W
Ro120_q0.45_L16W_r0.60_th120_k0.50,TJ radius below 6W
Ro120_q0.45_L16W_r0.60_th120_k0.75,TJ radius below 6W
Ro120_q0.45_L16W_r0.60_th135_k0.00,TJ radius below 6W
Ro120_q0.45_L16W_r0.60_th135_k0.25,TJ radius below 6W
Ro120_q0.45_L16W_r0.60_th135_k0.50,TJ radius below 6W
Ro120_q0.45_L16W_r0.60_th135_k0.75,TJ radius below 6W
Ro120_q0.45_L16W_r0.60_th150_k0.00,TJ radius below 6W
Ro120_q0.45_L16W_r0.60_th150_k0.25,TJ radius below 6W
Ro120_q0.45_L16W_r0.60_th150_k0.50,TJ radius below 6W
Ro120_q0.45_L16W_r0.60_th150_k0.75,TJ radius below 6W
Ro120_q0.45_L16W_r0.60_th165_k0.00,TJ radius below 6W
Ro120_q0.45_L16W_r0.60_th165_k0.25,TJ radius below 6W
Ro120_q0.45_L16W_r0.60_th165_k0.50,TJ radius below 6W
Ro120_q0.45_L16W_r0.60_th165_k0.75,TJ radius below 6W
Ro120_q0.45_L16W_r0.60_th170_k0.00,TJ radius below 6W
Ro120_q0.45_L16W_r0.60_th170_k0.25,TJ radius below 6W
Ro120_q0.45_L16W_r0.60_th170_k0.50,TJ radius below 6W
Ro120_q0.45_L16W_r0.60_th170_k0.75,TJ radius below 6W
Ro120_q0.45_L16W_r1.00_th120_k0.00,center profile is not monotone from midplane to GB
Ro120_q0.45_L16W_r1.00_th120_k0.25,center profile is not monotone from midplane to GB
Ro120_q0.45_L16W_r1.00_th120_k0.50,center profile is not monotone from midplane to GB
Ro120_q0.45_L16W_r1.00_th120_k0.75,center profile is not monotone from midplane to GB
Ro120_q0.45_L16W_r1.00_th135_k0.00,center profile is not monotone from midplane to GB
Ro120_q0.45_L16W_r1.00_th135_k0.25,center profile is not monotone from midplane to GB
Ro120_q0.45_L16W_r1.00_th135_k0.50,center profile is not monotone from midplane to GB
Ro120_q0.45_L16W_r1.20_th120_k0.00,center profile is not monotone from midplane to GB
Ro120_q0.45_L16W_r1.20_th120_k0.25,center profile is not monotone from midplane to GB
Ro120_q0.45_L16W_r1.20_th120_k0.50,center profile is not monotone from midplane to GB
Ro120_q0.45_L16W_r1.20_th120_k0.75,center profile is not monotone from midplane to GB
Ro120_q0.45_L16W_r1.20_th135_k0.00,center profile is not monotone from midplane to GB
Ro120_q0.45_L16W_r1.20_th135_k0.25,center profile is not monotone from midplane to GB
Ro120_q0.45_L16W_r1.20_th135_k0.50,center profile is not monotone from midplane to GB
Ro120_q0.45_L16W_r1.20_th135_k0.75,center profile is not monotone from midplane to GB
Ro120_q0.45_L16W_r1.20_th150_k0.00,center profile is not monotone from midplane to GB
Ro120_q0.45_L16W_r1.20_th150_k0.25,center profile is not monotone from midplane to GB
Ro120_q0.45_L16W_r1.20_th150_k0.50,center profile is not monotone from midplane to GB
Ro120_q0.45_L16W_r1.20_th150_k0.75,center profile is not monotone from midplane to GB
Ro120_q0.45_L16W_r1.20_th165_k0.00,center profile is not monotone from midplane to GB
Ro120_q0.45_L16W_r1.20_th165_k0.25,center profile is not monotone from midplane to GB
Ro120_q0.45_L16W_r1.20_th165_k0.50,center profile is not monotone from midplane to GB
Ro120_q0.45_L16W_r1.20_th165_k0.75,center profile is not monotone from midplane to GB
Ro120_q0.45_L16W_r1.20_th170_k0.00,center profile is not monotone from midplane to GB
Ro120_q0.45_L16W_r1.20_th170_k0.25,center profile is not monotone from midplane to GB
Ro120_q0.45_L16W_r1.20_th170_k0.50,center profile is not monotone from midplane to GB
Ro120_q0.45_L16W_r1.20_th170_k0.75,center profile is not monotone from midplane to GB
Ro120_q0.45_L16W_r1.40_th120_k0.00,negative center squared radius; center profile is not monotone from midplane to GB; center topology fails before requested loss
Ro120_q0.45_L16W_r1.40_th120_k0.25,negative center squared radius; center profile is not monotone from midplane to GB; center topology fails before requested loss
Ro120_q0.45_L16W_r1.40_th120_k0.50,negative center squared radius; center profile is not monotone from midplane to GB; center topology fails before requested loss
Ro120_q0.45_L16W_r1.40_th120_k0.75,negative center squared radius; center profile is not monotone from midplane to GB; center topology fails before requested loss
Ro120_q0.45_L16W_r1.40_th135_k0.00,negative center squared radius; center profile is not monotone from midplane to GB; center topology fails before requested loss
Ro120_q0.45_L16W_r1.40_th135_k0.25,negative center squared radius; center profile is not monotone from midplane to GB; center topology fails before requested loss
Ro120_q0.45_L16W_r1.40_th135_k0.50,negative center squared radius; center profile is not monotone from midplane to GB; center topology fails before requested loss
Ro120_q0.45_L16W_r1.40_th135_k0.75,negative center squared radius; center profile is not monotone from midplane to GB; center topology fails before requested loss
Ro120_q0.45_L16W_r1.40_th150_k0.00,center profile is not monotone from midplane to GB; center topology fails before requested loss
Ro120_q0.45_L16W_r1.40_th150_k0.25,center profile is not monotone from midplane to GB; center topology fails before requested loss
Ro120_q0.45_L16W_r1.40_th150_k0.50,center profile is not monotone from midplane to GB; center topology fails before requested loss
Ro120_q0.45_L16W_r1.40_th150_k0.75,center profile is not monotone from midplane to GB; center topology fails before requested loss
Ro120_q0.45_L16W_r1.40_th165_k0.00,center profile is not monotone from midplane to GB; center topology fails before requested loss
Ro120_q0.45_L16W_r1.40_th165_k0.25,center profile is not monotone from midplane to GB; center topology fails before requested loss
Ro120_q0.45_L16W_r1.40_th165_k0.50,center profile is not monotone from midplane to GB; center topology fails before requested loss
Ro120_q0.45_L16W_r1.40_th165_k0.75,center profile is not monotone from midplane to GB; center topology fails before requested loss
Ro120_q0.45_L16W_r1.40_th170_k0.00,center profile is not monotone from midplane to GB; center topology fails before requested loss
Ro120_q0.45_L16W_r1.40_th170_k0.25,center profile is not monotone from midplane to GB; center topology fails before requested loss
Ro120_q0.45_L16W_r1.40_th170_k0.50,center profile is not monotone from midplane to GB; center topology fails before requested loss
Ro120_q0.45_L16W_r1.40_th170_k0.75,center profile is not monotone from midplane to GB; center topology fails before requested loss
Ro120_q0.45_L16W_r1.60_th120_k0.00,negative center squared radius; center profile is not monotone from midplane to GB; center topology fails before requested loss
Ro120_q0.45_L16W_r1.60_th120_k0.25,negative center squared radius; center profile is not monotone from midplane to GB; center topology fails before requested loss
Ro120_q0.45_L16W_r1.60_th120_k0.50,negative center squared radius; center profile is not monotone from midplane to GB; center topology fails before requested loss
Ro120_q0.45_L16W_r1.60_th120_k0.75,negative center squared radius; center profile is not monotone from midplane to GB; center topology fails before requested loss
Ro120_q0.45_L16W_r1.60_th135_k0.00,negative center squared radius; center profile is not monotone from midplane to GB; center topology fails before requested loss
Ro120_q0.45_L16W_r1.60_th135_k0.25,negative center squared radius; center profile is not monotone from midplane to GB; center topology fails before requested loss
Ro120_q0.45_L16W_r1.60_th135_k0.50,negative center squared radius; center profile is not monotone from midplane to GB; center topology fails before requested loss
Ro120_q0.45_L16W_r1.60_th135_k0.75,negative center squared radius; center profile is not monotone from midplane to GB; center topology fails before requested loss
Ro120_q0.45_L16W_r1.60_th150_k0.00,negative center squared radius; center profile is not monotone from midplane to GB; center topology fails before requested loss
Ro120_q0.45_L16W_r1.60_th150_k0.25,negative center squared radius; center profile is not monotone from midplane to GB; center topology fails before requested loss
Ro120_q0.45_L16W_r1.60_th150_k0.50,negative center squared radius; center profile is not monotone from midplane to GB; center topology fails before requested loss
Ro120_q0.45_L16W_r1.60_th150_k0.75,negative center squared radius; center profile is not monotone from midplane to GB; center topology fails before requested loss
Ro120_q0.45_L16W_r1.60_th165_k0.00,negative center squared radius; center profile is not monotone from midplane to GB; center topology fails before requested loss
Ro120_q0.45_L16W_r1.60_th165_k0.25,negative center squared radius; center profile is not monotone from midplane to GB; center topology fails before requested loss
Ro120_q0.45_L16W_r1.60_th165_k0.50,negative center squared radius; center profile is not monotone from midplane to GB; center topology fails before requested loss
Ro120_q0.45_L16W_r1.60_th165_k0.75,negative center squared radius; center profile is not monotone from midplane to GB; center topology fails before requested loss
Ro120_q0.45_L16W_r1.60_th170_k0.00,negative center squared radius; center profile is not monotone from midplane to GB; center topology fails before requested loss
Ro120_q0.45_L16W_r1.60_th170_k0.25,negative center squared radius; center profile is not monotone from midplane to GB; center topology fails before requested loss
Ro120_q0.45_L16W_r1.60_th170_k0.50,negative center squared radius; center profile is not monotone from midplane to GB; center topology fails before requested loss
Ro120_q0.45_L16W_r1.60_th170_k0.75,negative center squared radius; center profile is not monotone from midplane to GB; center topology fails before requested loss
Ro120_q0.45_L20W_r0.60_th120_k0.00,TJ radius below 6W
Ro120_q0.45_L20W_r0.60_th120_k0.25,TJ radius below 6W
Ro120_q0.45_L20W_r0.60_th120_k0.50,TJ radius below 6W
Ro120_q0.45_L20W_r0.60_th120_k0.75,TJ radius below 6W
Ro120_q0.45_L20W_r0.60_th135_k0.00,TJ radius below 6W
Ro120_q0.45_L20W_r0.60_th135_k0.25,TJ radius below 6W
Ro120_q0.45_L20W_r0.60_th135_k0.50,TJ radius below 6W
Ro120_q0.45_L20W_r0.60_th135_k0.75,TJ radius below 6W
Ro120_q0.45_L20W_r0.60_th150_k0.00,TJ radius below 6W
Ro120_q0.45_L20W_r0.60_th150_k0.25,TJ radius below 6W
Ro120_q0.45_L20W_r0.60_th150_k0.50,TJ radius below 6W
Ro120_q0.45_L20W_r0.60_th150_k0.75,TJ radius below 6W
Ro120_q0.45_L20W_r0.60_th165_k0.00,TJ radius below 6W
Ro120_q0.45_L20W_r0.60_th165_k0.25,TJ radius below 6W
Ro120_q0.45_L20W_r0.60_th165_k0.50,TJ radius below 6W
Ro120_q0.45_L20W_r0.60_th165_k0.75,TJ radius below 6W
Ro120_q0.45_L20W_r0.60_th170_k0.00,TJ radius below 6W
Ro120_q0.45_L20W_r0.60_th170_k0.25,TJ radius below 6W
Ro120_q0.45_L20W_r0.60_th170_k0.50,TJ radius below 6W
Ro120_q0.45_L20W_r0.60_th170_k0.75,TJ radius below 6W
Ro120_q0.45_L20W_r1.00_th120_k0.00,center profile is not monotone from midplane to GB
Ro120_q0.45_L20W_r1.00_th120_k0.25,center profile is not monotone from midplane to GB
Ro120_q0.45_L20W_r1.00_th120_k0.50,center profile is not monotone from midplane to GB
Ro120_q0.45_L20W_r1.00_th120_k0.75,center profile is not monotone from midplane to GB
Ro120_q0.45_L20W_r1.00_th135_k0.00,center profile is not monotone from midplane to GB
Ro120_q0.45_L20W_r1.00_th135_k0.25,center profile is not monotone from midplane to GB
Ro120_q0.45_L20W_r1.00_th135_k0.50,center profile is not monotone from midplane to GB
Ro120_q0.45_L20W_r1.00_th135_k0.75,center profile is not monotone from midplane to GB
Ro120_q0.45_L20W_r1.00_th150_k0.00,center profile is not monotone from midplane to GB
Ro120_q0.45_L20W_r1.00_th150_k0.25,center profile is not monotone from midplane to GB
Ro120_q0.45_L20W_r1.00_th150_k0.50,center profile is not monotone from midplane to GB
Ro120_q0.45_L20W_r1.00_th150_k0.75,center profile is not monotone from midplane to GB
Ro120_q0.45_L20W_r1.00_th165_k0.00,center profile is not monotone from midplane to GB
Ro120_q0.45_L20W_r1.00_th165_k0.25,center profile is not monotone from midplane to GB
Ro120_q0.45_L20W_r1.00_th165_k0.50,center profile is not monotone from midplane to GB
Ro120_q0.45_L20W_r1.00_th165_k0.75,center profile is not monotone from midplane to GB
Ro120_q0.45_L20W_r1.00_th170_k0.00,center profile is not monotone from midplane to GB
Ro120_q0.45_L20W_r1.00_th170_k0.25,center profile is not monotone from midplane to GB
Ro120_q0.45_L20W_r1.00_th170_k0.50,center profile is not monotone from midplane to GB
Ro120_q0.45_L20W_r1.00_th170_k0.75,center profile is not monotone from midplane to GB
Ro120_q0.45_L20W_r1.20_th120_k0.00,negative center squared radius; center profile is not monotone from midplane to GB; center topology fails before requested loss
Ro120_q0.45_L20W_r1.20_th120_k0.25,center profile is not monotone from midplane to GB; center topology fails before requested loss
Ro120_q0.45_L20W_r1.20_th120_k0.50,center profile is not monotone from midplane to GB; center topology fails before requested loss
Ro120_q0.45_L20W_r1.20_th120_k0.75,center profile is not monotone from midplane to GB; center topology fails before requested loss
Ro120_q0.45_L20W_r1.20_th135_k0.00,center profile is not monotone from midplane to GB; center topology fails before requested loss
Ro120_q0.45_L20W_r1.20_th135_k0.25,center profile is not monotone from midplane to GB; center topology fails before requested loss
Ro120_q0.45_L20W_r1.20_th135_k0.50,center profile is not monotone from midplane to GB; center topology fails before requested loss
Ro120_q0.45_L20W_r1.20_th135_k0.75,center profile is not monotone from midplane to GB; center topology fails before requested loss
Ro120_q0.45_L20W_r1.20_th150_k0.00,center profile is not monotone from midplane to GB; center topology fails before requested loss
Ro120_q0.45_L20W_r1.20_th150_k0.25,center profile is not monotone from midplane to GB; center topology fails before requested loss
Ro120_q0.45_L20W_r1.20_th150_k0.50,center profile is not monotone from midplane to GB; center topology fails before requested loss
Ro120_q0.45_L20W_r1.20_th150_k0.75,center profile is not monotone from midplane to GB; center topology fails before requested loss
Ro120_q0.45_L20W_r1.20_th165_k0.00,center profile is not monotone from midplane to GB
Ro120_q0.45_L20W_r1.20_th165_k0.25,center profile is not monotone from midplane to GB
Ro120_q0.45_L20W_r1.20_th165_k0.50,center profile is not monotone from midplane to GB
Ro120_q0.45_L20W_r1.20_th165_k0.75,center profile is not monotone from midplane to GB
Ro120_q0.45_L20W_r1.20_th170_k0.00,center profile is not monotone from midplane to GB
Ro120_q0.45_L20W_r1.20_th170_k0.25,center profile is not monotone from midplane to GB
Ro120_q0.45_L20W_r1.20_th170_k0.50,center profile is not monotone from midplane to GB
Ro120_q0.45_L20W_r1.20_th170_k0.75,center profile is not monotone from midplane to GB
Ro120_q0.45_L20W_r1.40_th120_k0.00,negative center squared radius; center profile is not monotone from midplane to GB; center topology fails before requested loss
Ro120_q0.45_L20W_r1.40_th120_k0.25,negative center squared radius; center profile is not monotone from midplane to GB; center topology fails before requested loss
Ro120_q0.45_L20W_r1.40_th120_k0.50,negative center squared radius; center profile is not monotone from midplane to GB; center topology fails before requested loss
Ro120_q0.45_L20W_r1.40_th120_k0.75,negative center squared radius; center profile is not monotone from midplane to GB; center topology fails before requested loss
Ro120_q0.45_L20W_r1.40_th135_k0.00,negative center squared radius; center profile is not monotone from midplane to GB; center topology fails before requested loss
Ro120_q0.45_L20W_r1.40_th135_k0.25,negative center squared radius; center profile is not monotone from midplane to GB; center topology fails before requested loss
Ro120_q0.45_L20W_r1.40_th135_k0.50,negative center squared radius; center profile is not monotone from midplane to GB; center topology fails before requested loss
Ro120_q0.45_L20W_r1.40_th135_k0.75,negative center squared radius; center profile is not monotone from midplane to GB; center topology fails before requested loss
Ro120_q0.45_L20W_r1.40_th150_k0.00,negative center squared radius; center profile is not monotone from midplane to GB; center topology fails before requested loss
Ro120_q0.45_L20W_r1.40_th150_k0.25,negative center squared radius; center profile is not monotone from midplane to GB; center topology fails before requested loss
Ro120_q0.45_L20W_r1.40_th150_k0.50,negative center squared radius; center profile is not monotone from midplane to GB; center topology fails before requested loss
Ro120_q0.45_L20W_r1.40_th150_k0.75,negative center squared radius; center profile is not monotone from midplane to GB; center topology fails before requested loss
Ro120_q0.45_L20W_r1.40_th165_k0.00,negative center squared radius; center profile is not monotone from midplane to GB; center topology fails before requested loss
Ro120_q0.45_L20W_r1.40_th165_k0.25,negative center squared radius; center profile is not monotone from midplane to GB; center topology fails before requested loss
Ro120_q0.45_L20W_r1.40_th165_k0.50,negative center squared radius; center profile is not monotone from midplane to GB; center topology fails before requested loss
Ro120_q0.45_L20W_r1.40_th165_k0.75,negative center squared radius; center profile is not monotone from midplane to GB; center topology fails before requested loss
Ro120_q0.45_L20W_r1.40_th170_k0.00,negative center squared radius; center profile is not monotone from midplane to GB; center topology fails before requested loss
Ro120_q0.45_L20W_r1.40_th170_k0.25,negative center squared radius; center profile is not monotone from midplane to GB; center topology fails before requested loss
Ro120_q0.45_L20W_r1.40_th170_k0.50,negative center squared radius; center profile is not monotone from midplane to GB; center topology fails before requested loss
Ro120_q0.45_L20W_r1.40_th170_k0.75,negative center squared radius; center profile is not monotone from midplane to GB; center topology fails before requested loss
Ro120_q0.45_L20W_r1.60_th120_k0.00,negative center squared radius; center profile is not monotone from midplane to GB; center topology fails before requested loss
Ro120_q0.45_L20W_r1.60_th120_k0.25,negative center squared radius; center profile is not monotone from midplane to GB; center topology fails before requested loss
Ro120_q0.45_L20W_r1.60_th120_k0.50,negative center squared radius; center profile is not monotone from midplane to GB; center topology fails before requested loss
Ro120_q0.45_L20W_r1.60_th120_k0.75,negative center squared radius; center profile is not monotone from midplane to GB; center topology fails before requested loss
Ro120_q0.45_L20W_r1.60_th135_k0.00,negative center squared radius; center profile is not monotone from midplane to GB; center topology fails before requested loss
Ro120_q0.45_L20W_r1.60_th135_k0.25,negative center squared radius; center profile is not monotone from midplane to GB; center topology fails before requested loss
Ro120_q0.45_L20W_r1.60_th135_k0.50,negative center squared radius; center profile is not monotone from midplane to GB; center topology fails before requested loss
Ro120_q0.45_L20W_r1.60_th135_k0.75,negative center squared radius; center profile is not monotone from midplane to GB; center topology fails before requested loss
Ro120_q0.45_L20W_r1.60_th150_k0.00,negative center squared radius; center profile is not monotone from midplane to GB; center topology fails before requested loss
Ro120_q0.45_L20W_r1.60_th150_k0.25,negative center squared radius; center profile is not monotone from midplane to GB; center topology fails before requested loss
Ro120_q0.45_L20W_r1.60_th150_k0.50,negative center squared radius; center profile is not monotone from midplane to GB; center topology fails before requested loss
Ro120_q0.45_L20W_r1.60_th150_k0.75,negative center squared radius; center profile is not monotone from midplane to GB; center topology fails before requested loss
Ro120_q0.45_L20W_r1.60_th165_k0.00,negative center squared radius; center profile is not monotone from midplane to GB; center topology fails before requested loss
Ro120_q0.45_L20W_r1.60_th165_k0.25,negative center squared radius; center profile is not monotone from midplane to GB; center topology fails before requested loss
Ro120_q0.45_L20W_r1.60_th165_k0.50,negative center squared radius; center profile is not monotone from midplane to GB; center topology fails before requested loss
Ro120_q0.45_L20W_r1.60_th165_k0.75,negative center squared radius; center profile is not monotone from midplane to GB; center topology fails before requested loss
Ro120_q0.45_L20W_r1.60_th170_k0.00,negative center squared radius; center profile is not monotone from midplane to GB; center topology fails before requested loss
Ro120_q0.45_L20W_r1.60_th170_k0.25,negative center squared radius; center profile is not monotone from midplane to GB; center topology fails before requested loss
Ro120_q0.45_L20W_r1.60_th170_k0.50,negative center squared radius; center profile is not monotone from midplane to GB; center topology fails before requested loss
Ro120_q0.45_L20W_r1.60_th170_k0.75,negative center squared radius; center profile is not monotone from midplane to GB; center topology fails before requested loss
Ro120_q0.45_L24W_r0.80_th120_k0.00,center profile is not monotone from midplane to GB
Ro120_q0.45_L24W_r0.80_th120_k0.25,center profile is not monotone from midplane to GB
Ro120_q0.45_L24W_r0.80_th120_k0.50,center profile is not monotone from midplane to GB
Ro120_q0.45_L24W_r0.80_th120_k0.75,center profile is not monotone from midplane to GB
Ro120_q0.45_L24W_r0.80_th135_k0.00,center profile is not monotone from midplane to GB
Ro120_q0.45_L24W_r0.80_th135_k0.25,center profile is not monotone from midplane to GB
Ro120_q0.45_L24W_r0.80_th135_k0.50,center profile is not monotone from midplane to GB
Ro120_q0.45_L24W_r0.80_th135_k0.75,center profile is not monotone from midplane to GB
Ro120_q0.45_L24W_r0.80_th150_k0.00,center profile is not monotone from midplane to GB
Ro120_q0.45_L24W_r1.00_th120_k0.00,center profile is not monotone from midplane to GB
Ro120_q0.45_L24W_r1.00_th120_k0.25,center profile is not monotone from midplane to GB
Ro120_q0.45_L24W_r1.00_th120_k0.50,center profile is not monotone from midplane to GB
Ro120_q0.45_L24W_r1.00_th120_k0.75,center profile is not monotone from midplane to GB
Ro120_q0.45_L24W_r1.00_th135_k0.00,center profile is not monotone from midplane to GB
Ro120_q0.45_L24W_r1.00_th135_k0.25,center profile is not monotone from midplane to GB
Ro120_q0.45_L24W_r1.00_th135_k0.50,center profile is not monotone from midplane to GB
Ro120_q0.45_L24W_r1.00_th135_k0.75,center profile is not monotone from midplane to GB
Ro120_q0.45_L24W_r1.00_th150_k0.00,center profile is not monotone from midplane to GB
Ro120_q0.45_L24W_r1.00_th150_k0.25,center profile is not monotone from midplane to GB
Ro120_q0.45_L24W_r1.00_th150_k0.50,center profile is not monotone from midplane to GB
Ro120_q0.45_L24W_r1.00_th150_k0.75,center profile is not monotone from midplane to GB
Ro120_q0.45_L24W_r1.00_th165_k0.00,center profile is not monotone from midplane to GB
Ro120_q0.45_L24W_r1.00_th165_k0.25,center profile is not monotone from midplane to GB
Ro120_q0.45_L24W_r1.00_th165_k0.50,center profile is not monotone from midplane to GB
Ro120_q0.45_L24W_r1.00_th165_k0.75,center profile is not monotone from midplane to GB
Ro120_q0.45_L24W_r1.00_th170_k0.00,center profile is not monotone from midplane to GB
Ro120_q0.45_L24W_r1.00_th170_k0.25,center profile is not monotone from midplane to GB
Ro120_q0.45_L24W_r1.00_th170_k0.50,center profile is not monotone from midplane to GB
Ro120_q0.45_L24W_r1.00_th170_k0.75,center profile is not monotone from midplane to GB
Ro120_q0.45_L24W_r1.20_th120_k0.00,negative center squared radius; center profile is not monotone from midplane to GB; center topology fails before requested loss
Ro120_q0.45_L24W_r1.20_th120_k0.25,negative center squared radius; center profile is not monotone from midplane to GB; center topology fails before requested loss
Ro120_q0.45_L24W_r1.20_th120_k0.50,negative center squared radius; center profile is not monotone from midplane to GB; center topology fails before requested loss
Ro120_q0.45_L24W_r1.20_th120_k0.75,negative center squared radius; center profile is not monotone from midplane to GB; center topology fails before requested loss
Ro120_q0.45_L24W_r1.20_th135_k0.00,negative center squared radius; center profile is not monotone from midplane to GB; center topology fails before requested loss
Ro120_q0.45_L24W_r1.20_th135_k0.25,negative center squared radius; center profile is not monotone from midplane to GB; center topology fails before requested loss
Ro120_q0.45_L24W_r1.20_th135_k0.50,negative center squared radius; center profile is not monotone from midplane to GB; center topology fails before requested loss
Ro120_q0.45_L24W_r1.20_th135_k0.75,negative center squared radius; center profile is not monotone from midplane to GB; center topology fails before requested loss
Ro120_q0.45_L24W_r1.20_th150_k0.00,negative center squared radius; center profile is not monotone from midplane to GB; center topology fails before requested loss
Ro120_q0.45_L24W_r1.20_th150_k0.25,negative center squared radius; center profile is not monotone from midplane to GB; center topology fails before requested loss
Ro120_q0.45_L24W_r1.20_th150_k0.50,negative center squared radius; center profile is not monotone from midplane to GB; center topology fails before requested loss
Ro120_q0.45_L24W_r1.20_th150_k0.75,negative center squared radius; center profile is not monotone from midplane to GB; center topology fails before requested loss
Ro120_q0.45_L24W_r1.20_th165_k0.00,negative center squared radius; center profile is not monotone from midplane to GB; center topology fails before requested loss
Ro120_q0.45_L24W_r1.20_th165_k0.25,negative center squared radius; center profile is not monotone from midplane to GB; center topology fails before requested loss
Ro120_q0.45_L24W_r1.20_th165_k0.50,negative center squared radius; center profile is not monotone from midplane to GB; center topology fails before requested loss
Ro120_q0.45_L24W_r1.20_th165_k0.75,negative center squared radius; center profile is not monotone from midplane to GB; center topology fails before requested loss
Ro120_q0.45_L24W_r1.20_th170_k0.00,negative center squared radius; center profile is not monotone from midplane to GB; center topology fails before requested loss
Ro120_q0.45_L24W_r1.20_th170_k0.25,negative center squared radius; center profile is not monotone from midplane to GB; center topology fails before requested loss
Ro120_q0.45_L24W_r1.20_th170_k0.50,negative center squared radius; center profile is not monotone from midplane to GB; center topology fails before requested loss
Ro120_q0.45_L24W_r1.20_th170_k0.75,negative center squared radius; center profile is not monotone from midplane to GB; center topology fails before requested loss
Ro120_q0.45_L24W_r1.40_th120_k0.00,negative center squared radius; center profile is not monotone from midplane to GB; center topology fails before requested loss
Ro120_q0.45_L24W_r1.40_th120_k0.25,negative center squared radius; center profile is not monotone from midplane to GB; center topology fails before requested loss
Ro120_q0.45_L24W_r1.40_th120_k0.50,negative center squared radius; center profile is not monotone from midplane to GB; center topology fails before requested loss
Ro120_q0.45_L24W_r1.40_th120_k0.75,negative center squared radius; center profile is not monotone from midplane to GB; center topology fails before requested loss
Ro120_q0.45_L24W_r1.40_th135_k0.00,negative center squared radius; center profile is not monotone from midplane to GB; center topology fails before requested loss
Ro120_q0.45_L24W_r1.40_th135_k0.25,negative center squared radius; center profile is not monotone from midplane to GB; center topology fails before requested loss
Ro120_q0.45_L24W_r1.40_th135_k0.50,negative center squared radius; center profile is not monotone from midplane to GB; center topology fails before requested loss
Ro120_q0.45_L24W_r1.40_th135_k0.75,negative center squared radius; center profile is not monotone from midplane to GB; center topology fails before requested loss
Ro120_q0.45_L24W_r1.40_th150_k0.00,negative center squared radius; center profile is not monotone from midplane to GB; center topology fails before requested loss
Ro120_q0.45_L24W_r1.40_th150_k0.25,negative center squared radius; center profile is not monotone from midplane to GB; center topology fails before requested loss
Ro120_q0.45_L24W_r1.40_th150_k0.50,negative center squared radius; center profile is not monotone from midplane to GB; center topology fails before requested loss
Ro120_q0.45_L24W_r1.40_th150_k0.75,negative center squared radius; center profile is not monotone from midplane to GB; center topology fails before requested loss
Ro120_q0.45_L24W_r1.40_th165_k0.00,negative center squared radius; center profile is not monotone from midplane to GB; center topology fails before requested loss
Ro120_q0.45_L24W_r1.40_th165_k0.25,negative center squared radius; center profile is not monotone from midplane to GB; center topology fails before requested loss
Ro120_q0.45_L24W_r1.40_th165_k0.50,negative center squared radius; center profile is not monotone from midplane to GB; center topology fails before requested loss
Ro120_q0.45_L24W_r1.40_th165_k0.75,negative center squared radius; center profile is not monotone from midplane to GB; center topology fails before requested loss
Ro120_q0.45_L24W_r1.40_th170_k0.00,negative center squared radius; center profile is not monotone from midplane to GB; center topology fails before requested loss
Ro120_q0.45_L24W_r1.40_th170_k0.25,negative center squared radius; center profile is not monotone from midplane to GB; center topology fails before requested loss
Ro120_q0.45_L24W_r1.40_th170_k0.50,negative center squared radius; center profile is not monotone from midplane to GB; center topology fails before requested loss
Ro120_q0.45_L24W_r1.40_th170_k0.75,negative center squared radius; center profile is not monotone from midplane to GB; center topology fails before requested loss
Ro120_q0.45_L24W_r1.60_th120_k0.00,negative center squared radius; center profile is not monotone from midplane to GB; center topology fails before requested loss
Ro120_q0.45_L24W_r1.60_th120_k0.25,negative center squared radius; center profile is not monotone from midplane to GB; center topology fails before requested loss
Ro120_q0.45_L24W_r1.60_th120_k0.50,negative center squared radius; center profile is not monotone from midplane to GB; center topology fails before requested loss
Ro120_q0.45_L24W_r1.60_th120_k0.75,negative center squared radius; center profile is not monotone from midplane to GB; center topology fails before requested loss
Ro120_q0.45_L24W_r1.60_th135_k0.00,negative center squared radius; center profile is not monotone from midplane to GB; center topology fails before requested loss
Ro120_q0.45_L24W_r1.60_th135_k0.25,negative center squared radius; center profile is not monotone from midplane to GB; center topology fails before requested loss
Ro120_q0.45_L24W_r1.60_th135_k0.50,negative center squared radius; center profile is not monotone from midplane to GB; center topology fails before requested loss
Ro120_q0.45_L24W_r1.60_th135_k0.75,negative center squared radius; center profile is not monotone from midplane to GB; center topology fails before requested loss
Ro120_q0.45_L24W_r1.60_th150_k0.00,negative center squared radius; center profile is not monotone from midplane to GB; center topology fails before requested loss
Ro120_q0.45_L24W_r1.60_th150_k0.25,negative center squared radius; center profile is not monotone from midplane to GB; center topology fails before requested loss
Ro120_q0.45_L24W_r1.60_th150_k0.50,negative center squared radius; center profile is not monotone from midplane to GB; center topology fails before requested loss
Ro120_q0.45_L24W_r1.60_th150_k0.75,negative center squared radius; center profile is not monotone from midplane to GB; center topology fails before requested loss
Ro120_q0.45_L24W_r1.60_th165_k0.00,negative center squared radius; center profile is not monotone from midplane to GB; center topology fails before requested loss
Ro120_q0.45_L24W_r1.60_th165_k0.25,negative center squared radius; center profile is not monotone from midplane to GB; center topology fails before requested loss
Ro120_q0.45_L24W_r1.60_th165_k0.50,negative center squared radius; center profile is not monotone from midplane to GB; center topology fails before requested loss
Ro120_q0.45_L24W_r1.60_th165_k0.75,negative center squared radius; center profile is not monotone from midplane to GB; center topology fails before requested loss
Ro120_q0.45_L24W_r1.60_th170_k0.00,negative center squared radius; center profile is not monotone from midplane to GB; center topology fails before requested loss
Ro120_q0.45_L24W_r1.60_th170_k0.25,negative center squared radius; center profile is not monotone from midplane to GB; center topology fails before requested loss
Ro120_q0.45_L24W_r1.60_th170_k0.50,negative center squared radius; center profile is not monotone from midplane to GB; center topology fails before requested loss
Ro120_q0.45_L24W_r1.60_th170_k0.75,negative center squared radius; center profile is not monotone from midplane to GB; center topology fails before requested loss
Ro120_q0.55_L8W_r0.60_th120_k0.00,contact radius has reached topology loss
Ro120_q0.55_L8W_r0.60_th120_k0.25,contact radius has reached topology loss
Ro120_q0.55_L8W_r0.60_th120_k0.50,contact radius has reached topology loss
Ro120_q0.55_L8W_r0.60_th120_k0.75,contact radius has reached topology loss
Ro120_q0.55_L8W_r0.60_th135_k0.00,contact radius has reached topology loss
Ro120_q0.55_L8W_r0.60_th135_k0.25,contact radius has reached topology loss
Ro120_q0.55_L8W_r0.60_th135_k0.50,contact radius has reached topology loss
Ro120_q0.55_L8W_r0.60_th135_k0.75,contact radius has reached topology loss
Ro120_q0.55_L8W_r0.60_th150_k0.00,contact radius has reached topology loss
Ro120_q0.55_L8W_r0.60_th150_k0.25,contact radius has reached topology loss
Ro120_q0.55_L8W_r0.60_th150_k0.50,contact radius has reached topology loss
Ro120_q0.55_L8W_r0.60_th150_k0.75,contact radius has reached topology loss
Ro120_q0.55_L8W_r0.60_th165_k0.00,contact radius has reached topology loss
Ro120_q0.55_L8W_r0.60_th165_k0.25,contact radius has reached topology loss
Ro120_q0.55_L8W_r0.60_th165_k0.50,contact radius has reached topology loss
Ro120_q0.55_L8W_r0.60_th165_k0.75,contact radius has reached topology loss
Ro120_q0.55_L8W_r0.60_th170_k0.00,contact radius has reached topology loss
Ro120_q0.55_L8W_r0.60_th170_k0.25,contact radius has reached topology loss
Ro120_q0.55_L8W_r0.60_th170_k0.50,contact radius has reached topology loss
Ro120_q0.55_L8W_r0.60_th170_k0.75,contact radius has reached topology loss
Ro120_q0.55_L8W_r0.80_th120_k0.00,TJ radius below 6W
Ro120_q0.55_L8W_r0.80_th120_k0.25,TJ radius below 6W
Ro120_q0.55_L8W_r0.80_th120_k0.50,TJ radius below 6W
Ro120_q0.55_L8W_r0.80_th120_k0.75,TJ radius below 6W
Ro120_q0.55_L8W_r0.80_th135_k0.00,TJ radius below 6W
Ro120_q0.55_L8W_r0.80_th135_k0.25,TJ radius below 6W
Ro120_q0.55_L8W_r0.80_th135_k0.50,TJ radius below 6W
Ro120_q0.55_L8W_r0.80_th135_k0.75,TJ radius below 6W
Ro120_q0.55_L8W_r0.80_th150_k0.00,TJ radius below 6W
Ro120_q0.55_L8W_r0.80_th150_k0.25,TJ radius below 6W
Ro120_q0.55_L8W_r0.80_th150_k0.50,TJ radius below 6W
Ro120_q0.55_L8W_r0.80_th150_k0.75,TJ radius below 6W
Ro120_q0.55_L8W_r0.80_th165_k0.00,TJ radius below 6W
Ro120_q0.55_L8W_r0.80_th165_k0.25,TJ radius below 6W
Ro120_q0.55_L8W_r0.80_th165_k0.50,TJ radius below 6W
Ro120_q0.55_L8W_r0.80_th165_k0.75,TJ radius below 6W
Ro120_q0.55_L8W_r0.80_th170_k0.00,TJ radius below 6W
Ro120_q0.55_L8W_r0.80_th170_k0.25,TJ radius below 6W
Ro120_q0.55_L8W_r0.80_th170_k0.50,TJ radius below 6W
Ro120_q0.55_L8W_r0.80_th170_k0.75,TJ radius below 6W
Ro120_q0.55_L8W_r1.60_th170_k0.75,outer profile has multiple radial extrema
Ro120_q0.55_L10W_r0.60_th120_k0.00,contact radius has reached topology loss
Ro120_q0.55_L10W_r0.60_th120_k0.25,contact radius has reached topology loss
Ro120_q0.55_L10W_r0.60_th120_k0.50,contact radius has reached topology loss
Ro120_q0.55_L10W_r0.60_th120_k0.75,contact radius has reached topology loss
Ro120_q0.55_L10W_r0.60_th135_k0.00,contact radius has reached topology loss
Ro120_q0.55_L10W_r0.60_th135_k0.25,contact radius has reached topology loss
Ro120_q0.55_L10W_r0.60_th135_k0.50,contact radius has reached topology loss
Ro120_q0.55_L10W_r0.60_th135_k0.75,contact radius has reached topology loss
Ro120_q0.55_L10W_r0.60_th150_k0.00,contact radius has reached topology loss
Ro120_q0.55_L10W_r0.60_th150_k0.25,contact radius has reached topology loss
Ro120_q0.55_L10W_r0.60_th150_k0.50,contact radius has reached topology loss
Ro120_q0.55_L10W_r0.60_th150_k0.75,contact radius has reached topology loss
Ro120_q0.55_L10W_r0.60_th165_k0.00,contact radius has reached topology loss
Ro120_q0.55_L10W_r0.60_th165_k0.25,contact radius has reached topology loss
Ro120_q0.55_L10W_r0.60_th165_k0.50,contact radius has reached topology loss
Ro120_q0.55_L10W_r0.60_th165_k0.75,contact radius has reached topology loss
Ro120_q0.55_L10W_r0.60_th170_k0.00,contact radius has reached topology loss
Ro120_q0.55_L10W_r0.60_th170_k0.25,contact radius has reached topology loss
Ro120_q0.55_L10W_r0.60_th170_k0.50,contact radius has reached topology loss
Ro120_q0.55_L10W_r0.60_th170_k0.75,contact radius has reached topology loss
Ro120_q0.55_L10W_r1.60_th120_k0.00,center profile is not monotone from midplane to GB
Ro120_q0.55_L10W_r1.60_th120_k0.25,center profile is not monotone from midplane to GB
Ro120_q0.55_L10W_r1.60_th120_k0.50,center profile is not monotone from midplane to GB
Ro120_q0.55_L10W_r1.60_th120_k0.75,center profile is not monotone from midplane to GB
Ro120_q0.55_L10W_r1.60_th135_k0.00,center profile is not monotone from midplane to GB
Ro120_q0.55_L10W_r1.60_th135_k0.25,center profile is not monotone from midplane to GB
Ro120_q0.55_L10W_r1.60_th135_k0.50,center profile is not monotone from midplane to GB
Ro120_q0.55_L10W_r1.60_th135_k0.75,center profile is not monotone from midplane to GB
Ro120_q0.55_L10W_r1.60_th150_k0.00,center profile is not monotone from midplane to GB
Ro120_q0.55_L10W_r1.60_th150_k0.25,center profile is not monotone from midplane to GB
Ro120_q0.55_L10W_r1.60_th150_k0.50,center profile is not monotone from midplane to GB
Ro120_q0.55_L10W_r1.60_th150_k0.75,center profile is not monotone from midplane to GB
Ro120_q0.55_L10W_r1.60_th165_k0.00,center profile is not monotone from midplane to GB
Ro120_q0.55_L10W_r1.60_th165_k0.25,center profile is not monotone from midplane to GB
Ro120_q0.55_L10W_r1.60_th165_k0.50,center profile is not monotone from midplane to GB
Ro120_q0.55_L10W_r1.60_th165_k0.75,center profile is not monotone from midplane to GB
Ro120_q0.55_L10W_r1.60_th170_k0.00,center profile is not monotone from midplane to GB
Ro120_q0.55_L10W_r1.60_th170_k0.25,center profile is not monotone from midplane to GB
Ro120_q0.55_L10W_r1.60_th170_k0.50,center profile is not monotone from midplane to GB
Ro120_q0.55_L10W_r1.60_th170_k0.75,center profile is not monotone from midplane to GB; outer profile has multiple radial extrema
Ro120_q0.55_L12W_r0.60_th120_k0.00,contact radius has reached topology loss
Ro120_q0.55_L12W_r0.60_th120_k0.25,contact radius has reached topology loss
Ro120_q0.55_L12W_r0.60_th120_k0.50,contact radius has reached topology loss
Ro120_q0.55_L12W_r0.60_th120_k0.75,contact radius has reached topology loss
Ro120_q0.55_L12W_r0.60_th135_k0.00,contact radius has reached topology loss
Ro120_q0.55_L12W_r0.60_th135_k0.25,contact radius has reached topology loss
Ro120_q0.55_L12W_r0.60_th135_k0.50,contact radius has reached topology loss
Ro120_q0.55_L12W_r0.60_th135_k0.75,contact radius has reached topology loss
Ro120_q0.55_L12W_r0.60_th150_k0.00,contact radius has reached topology loss
Ro120_q0.55_L12W_r0.60_th150_k0.25,contact radius has reached topology loss
Ro120_q0.55_L12W_r0.60_th150_k0.50,contact radius has reached topology loss
Ro120_q0.55_L12W_r0.60_th150_k0.75,contact radius has reached topology loss
Ro120_q0.55_L12W_r0.60_th165_k0.00,contact radius has reached topology loss
Ro120_q0.55_L12W_r0.60_th165_k0.25,contact radius has reached topology loss
Ro120_q0.55_L12W_r0.60_th165_k0.50,contact radius has reached topology loss
Ro120_q0.55_L12W_r0.60_th165_k0.75,contact radius has reached topology loss
Ro120_q0.55_L12W_r0.60_th170_k0.00,contact radius has reached topology loss
Ro120_q0.55_L12W_r0.60_th170_k0.25,contact radius has reached topology loss
Ro120_q0.55_L12W_r0.60_th170_k0.50,contact radius has reached topology loss
Ro120_q0.55_L12W_r0.60_th170_k0.75,contact radius has reached topology loss
Ro120_q0.55_L12W_r1.40_th120_k0.00,center profile is not monotone from midplane to GB
Ro120_q0.55_L12W_r1.40_th120_k0.25,center profile is not monotone from midplane to GB
Ro120_q0.55_L12W_r1.40_th120_k0.50,center profile is not monotone from midplane to GB
Ro120_q0.55_L12W_r1.40_th120_k0.75,center profile is not monotone from midplane to GB
Ro120_q0.55_L12W_r1.40_th135_k0.00,center profile is not monotone from midplane to GB
Ro120_q0.55_L12W_r1.40_th135_k0.25,center profile is not monotone from midplane to GB
Ro120_q0.55_L12W_r1.40_th135_k0.50,center profile is not monotone from midplane to GB
Ro120_q0.55_L12W_r1.40_th135_k0.75,center profile is not monotone from midplane to GB
Ro120_q0.55_L12W_r1.40_th150_k0.00,center profile is not monotone from midplane to GB
Ro120_q0.55_L12W_r1.40_th150_k0.25,center profile is not monotone from midplane to GB
Ro120_q0.55_L12W_r1.40_th150_k0.50,center profile is not monotone from midplane to GB
Ro120_q0.55_L12W_r1.40_th150_k0.75,center profile is not monotone from midplane to GB
Ro120_q0.55_L12W_r1.40_th165_k0.00,center profile is not monotone from midplane to GB
Ro120_q0.55_L12W_r1.40_th165_k0.25,center profile is not monotone from midplane to GB
Ro120_q0.55_L12W_r1.40_th165_k0.50,center profile is not monotone from midplane to GB
Ro120_q0.55_L12W_r1.40_th165_k0.75,center profile is not monotone from midplane to GB
Ro120_q0.55_L12W_r1.40_th170_k0.00,center profile is not monotone from midplane to GB
Ro120_q0.55_L12W_r1.40_th170_k0.25,center profile is not monotone from midplane to GB
Ro120_q0.55_L12W_r1.40_th170_k0.50,center profile is not monotone from midplane to GB
Ro120_q0.55_L12W_r1.40_th170_k0.75,center profile is not monotone from midplane to GB
Ro120_q0.55_L12W_r1.60_th120_k0.00,center profile is not monotone from midplane to GB
Ro120_q0.55_L12W_r1.60_th120_k0.25,center profile is not monotone from midplane to GB
Ro120_q0.55_L12W_r1.60_th120_k0.50,center profile is not monotone from midplane to GB
Ro120_q0.55_L12W_r1.60_th120_k0.75,center profile is not monotone from midplane to GB
Ro120_q0.55_L12W_r1.60_th135_k0.00,center profile is not monotone from midplane to GB
Ro120_q0.55_L12W_r1.60_th135_k0.25,center profile is not monotone from midplane to GB
Ro120_q0.55_L12W_r1.60_th135_k0.50,center profile is not monotone from midplane to GB
Ro120_q0.55_L12W_r1.60_th135_k0.75,center profile is not monotone from midplane to GB
Ro120_q0.55_L12W_r1.60_th150_k0.00,center profile is not monotone from midplane to GB
Ro120_q0.55_L12W_r1.60_th150_k0.25,center profile is not monotone from midplane to GB
Ro120_q0.55_L12W_r1.60_th150_k0.50,center profile is not monotone from midplane to GB
Ro120_q0.55_L12W_r1.60_th150_k0.75,center profile is not monotone from midplane to GB
Ro120_q0.55_L12W_r1.60_th165_k0.00,center profile is not monotone from midplane to GB
Ro120_q0.55_L12W_r1.60_th165_k0.25,center profile is not monotone from midplane to GB
Ro120_q0.55_L12W_r1.60_th165_k0.50,center profile is not monotone from midplane to GB
Ro120_q0.55_L12W_r1.60_th165_k0.75,center profile is not monotone from midplane to GB
Ro120_q0.55_L12W_r1.60_th170_k0.00,center profile is not monotone from midplane to GB
Ro120_q0.55_L12W_r1.60_th170_k0.25,center profile is not monotone from midplane to GB
Ro120_q0.55_L12W_r1.60_th170_k0.50,center profile is not monotone from midplane to GB
Ro120_q0.55_L12W_r1.60_th170_k0.75,center profile is not monotone from midplane to GB; outer profile has multiple radial extrema
Ro120_q0.55_L16W_r0.60_th120_k0.00,TJ radius below 6W
Ro120_q0.55_L16W_r0.60_th120_k0.25,TJ radius below 6W
Ro120_q0.55_L16W_r0.60_th120_k0.50,TJ radius below 6W
Ro120_q0.55_L16W_r0.60_th120_k0.75,TJ radius below 6W
Ro120_q0.55_L16W_r0.60_th135_k0.00,TJ radius below 6W
Ro120_q0.55_L16W_r0.60_th135_k0.25,TJ radius below 6W
Ro120_q0.55_L16W_r0.60_th135_k0.50,TJ radius below 6W
Ro120_q0.55_L16W_r0.60_th135_k0.75,TJ radius below 6W
Ro120_q0.55_L16W_r0.60_th150_k0.00,TJ radius below 6W
Ro120_q0.55_L16W_r0.60_th150_k0.25,TJ radius below 6W
Ro120_q0.55_L16W_r0.60_th150_k0.50,TJ radius below 6W
Ro120_q0.55_L16W_r0.60_th150_k0.75,TJ radius below 6W
Ro120_q0.55_L16W_r0.60_th165_k0.00,TJ radius below 6W
Ro120_q0.55_L16W_r0.60_th165_k0.25,TJ radius below 6W
Ro120_q0.55_L16W_r0.60_th165_k0.50,TJ radius below 6W
Ro120_q0.55_L16W_r0.60_th165_k0.75,TJ radius below 6W
Ro120_q0.55_L16W_r0.60_th170_k0.00,TJ radius below 6W
Ro120_q0.55_L16W_r0.60_th170_k0.25,TJ radius below 6W
Ro120_q0.55_L16W_r0.60_th170_k0.50,TJ radius below 6W
Ro120_q0.55_L16W_r0.60_th170_k0.75,TJ radius below 6W
Ro120_q0.55_L16W_r1.20_th120_k0.00,center profile is not monotone from midplane to GB
Ro120_q0.55_L16W_r1.20_th120_k0.25,center profile is not monotone from midplane to GB
Ro120_q0.55_L16W_r1.20_th120_k0.50,center profile is not monotone from midplane to GB
Ro120_q0.55_L16W_r1.20_th120_k0.75,center profile is not monotone from midplane to GB
Ro120_q0.55_L16W_r1.20_th135_k0.00,center profile is not monotone from midplane to GB
Ro120_q0.55_L16W_r1.20_th135_k0.25,center profile is not monotone from midplane to GB
Ro120_q0.55_L16W_r1.20_th135_k0.50,center profile is not monotone from midplane to GB
Ro120_q0.55_L16W_r1.20_th135_k0.75,center profile is not monotone from midplane to GB
Ro120_q0.55_L16W_r1.20_th150_k0.00,center profile is not monotone from midplane to GB
Ro120_q0.55_L16W_r1.20_th150_k0.25,center profile is not monotone from midplane to GB
Ro120_q0.55_L16W_r1.20_th150_k0.50,center profile is not monotone from midplane to GB
Ro120_q0.55_L16W_r1.20_th150_k0.75,center profile is not monotone from midplane to GB
Ro120_q0.55_L16W_r1.20_th165_k0.00,center profile is not monotone from midplane to GB
Ro120_q0.55_L16W_r1.20_th165_k0.25,center profile is not monotone from midplane to GB
Ro120_q0.55_L16W_r1.20_th165_k0.50,center profile is not monotone from midplane to GB
Ro120_q0.55_L16W_r1.20_th165_k0.75,center profile is not monotone from midplane to GB
Ro120_q0.55_L16W_r1.20_th170_k0.00,center profile is not monotone from midplane to GB
Ro120_q0.55_L16W_r1.20_th170_k0.25,center profile is not monotone from midplane to GB
Ro120_q0.55_L16W_r1.20_th170_k0.50,center profile is not monotone from midplane to GB
Ro120_q0.55_L16W_r1.20_th170_k0.75,center profile is not monotone from midplane to GB
Ro120_q0.55_L16W_r1.40_th120_k0.00,center profile is not monotone from midplane to GB
Ro120_q0.55_L16W_r1.40_th120_k0.25,center profile is not monotone from midplane to GB
Ro120_q0.55_L16W_r1.40_th120_k0.50,center profile is not monotone from midplane to GB
Ro120_q0.55_L16W_r1.40_th120_k0.75,center profile is not monotone from midplane to GB
Ro120_q0.55_L16W_r1.40_th135_k0.00,center profile is not monotone from midplane to GB
Ro120_q0.55_L16W_r1.40_th135_k0.25,center profile is not monotone from midplane to GB
Ro120_q0.55_L16W_r1.40_th135_k0.50,center profile is not monotone from midplane to GB
Ro120_q0.55_L16W_r1.40_th135_k0.75,center profile is not monotone from midplane to GB
Ro120_q0.55_L16W_r1.40_th150_k0.00,center profile is not monotone from midplane to GB
Ro120_q0.55_L16W_r1.40_th150_k0.25,center profile is not monotone from midplane to GB
Ro120_q0.55_L16W_r1.40_th150_k0.50,center profile is not monotone from midplane to GB
Ro120_q0.55_L16W_r1.40_th150_k0.75,center profile is not monotone from midplane to GB
Ro120_q0.55_L16W_r1.40_th165_k0.00,center profile is not monotone from midplane to GB
Ro120_q0.55_L16W_r1.40_th165_k0.25,center profile is not monotone from midplane to GB
Ro120_q0.55_L16W_r1.40_th165_k0.50,center profile is not monotone from midplane to GB
Ro120_q0.55_L16W_r1.40_th165_k0.75,center profile is not monotone from midplane to GB
Ro120_q0.55_L16W_r1.40_th170_k0.00,center profile is not monotone from midplane to GB
Ro120_q0.55_L16W_r1.40_th170_k0.25,center profile is not monotone from midplane to GB
Ro120_q0.55_L16W_r1.40_th170_k0.50,center profile is not monotone from midplane to GB
Ro120_q0.55_L16W_r1.40_th170_k0.75,center profile is not monotone from midplane to GB
Ro120_q0.55_L16W_r1.60_th120_k0.00,negative center squared radius; center profile is not monotone from midplane to GB; center topology fails before requested loss
Ro120_q0.55_L16W_r1.60_th120_k0.25,negative center squared radius; center profile is not monotone from midplane to GB; center topology fails before requested loss
Ro120_q0.55_L16W_r1.60_th120_k0.50,negative center squared radius; center profile is not monotone from midplane to GB; center topology fails before requested loss
Ro120_q0.55_L16W_r1.60_th120_k0.75,negative center squared radius; center profile is not monotone from midplane to GB; center topology fails before requested loss
Ro120_q0.55_L16W_r1.60_th135_k0.00,negative center squared radius; center profile is not monotone from midplane to GB; center topology fails before requested loss
Ro120_q0.55_L16W_r1.60_th135_k0.25,negative center squared radius; center profile is not monotone from midplane to GB; center topology fails before requested loss
Ro120_q0.55_L16W_r1.60_th135_k0.50,negative center squared radius; center profile is not monotone from midplane to GB; center topology fails before requested loss
Ro120_q0.55_L16W_r1.60_th135_k0.75,negative center squared radius; center profile is not monotone from midplane to GB; center topology fails before requested loss
Ro120_q0.55_L16W_r1.60_th150_k0.00,negative center squared radius; center profile is not monotone from midplane to GB; center topology fails before requested loss
Ro120_q0.55_L16W_r1.60_th150_k0.25,negative center squared radius; center profile is not monotone from midplane to GB; center topology fails before requested loss
Ro120_q0.55_L16W_r1.60_th150_k0.50,negative center squared radius; center profile is not monotone from midplane to GB; center topology fails before requested loss
Ro120_q0.55_L16W_r1.60_th150_k0.75,negative center squared radius; center profile is not monotone from midplane to GB; center topology fails before requested loss
Ro120_q0.55_L16W_r1.60_th165_k0.00,negative center squared radius; center profile is not monotone from midplane to GB; center topology fails before requested loss
Ro120_q0.55_L16W_r1.60_th165_k0.25,negative center squared radius; center profile is not monotone from midplane to GB; center topology fails before requested loss
Ro120_q0.55_L16W_r1.60_th165_k0.50,negative center squared radius; center profile is not monotone from midplane to GB; center topology fails before requested loss
Ro120_q0.55_L16W_r1.60_th165_k0.75,negative center squared radius; center profile is not monotone from midplane to GB; center topology fails before requested loss
Ro120_q0.55_L16W_r1.60_th170_k0.00,negative center squared radius; center profile is not monotone from midplane to GB; center topology fails before requested loss
Ro120_q0.55_L16W_r1.60_th170_k0.25,negative center squared radius; center profile is not monotone from midplane to GB; center topology fails before requested loss
Ro120_q0.55_L16W_r1.60_th170_k0.50,negative center squared radius; center profile is not monotone from midplane to GB; center topology fails before requested loss
Ro120_q0.55_L16W_r1.60_th170_k0.75,negative center squared radius; center profile is not monotone from midplane to GB; center topology fails before requested loss; outer profile has multiple radial extrema
Ro120_q0.55_L20W_r1.00_th120_k0.00,center profile is not monotone from midplane to GB
Ro120_q0.55_L20W_r1.00_th120_k0.25,center profile is not monotone from midplane to GB
Ro120_q0.55_L20W_r1.00_th120_k0.50,center profile is not monotone from midplane to GB
Ro120_q0.55_L20W_r1.00_th120_k0.75,center profile is not monotone from midplane to GB
Ro120_q0.55_L20W_r1.00_th135_k0.00,center profile is not monotone from midplane to GB
Ro120_q0.55_L20W_r1.00_th135_k0.25,center profile is not monotone from midplane to GB
Ro120_q0.55_L20W_r1.00_th135_k0.50,center profile is not monotone from midplane to GB
Ro120_q0.55_L20W_r1.00_th135_k0.75,center profile is not monotone from midplane to GB
Ro120_q0.55_L20W_r1.20_th120_k0.00,center profile is not monotone from midplane to GB
Ro120_q0.55_L20W_r1.20_th120_k0.25,center profile is not monotone from midplane to GB
Ro120_q0.55_L20W_r1.20_th120_k0.50,center profile is not monotone from midplane to GB
Ro120_q0.55_L20W_r1.20_th120_k0.75,center profile is not monotone from midplane to GB
Ro120_q0.55_L20W_r1.20_th135_k0.00,center profile is not monotone from midplane to GB
Ro120_q0.55_L20W_r1.20_th135_k0.25,center profile is not monotone from midplane to GB
Ro120_q0.55_L20W_r1.20_th135_k0.50,center profile is not monotone from midplane to GB
Ro120_q0.55_L20W_r1.20_th135_k0.75,center profile is not monotone from midplane to GB
Ro120_q0.55_L20W_r1.20_th150_k0.00,center profile is not monotone from midplane to GB
Ro120_q0.55_L20W_r1.20_th150_k0.25,center profile is not monotone from midplane to GB
Ro120_q0.55_L20W_r1.20_th150_k0.50,center profile is not monotone from midplane to GB
Ro120_q0.55_L20W_r1.20_th150_k0.75,center profile is not monotone from midplane to GB
Ro120_q0.55_L20W_r1.20_th165_k0.00,center profile is not monotone from midplane to GB
Ro120_q0.55_L20W_r1.20_th165_k0.25,center profile is not monotone from midplane to GB
Ro120_q0.55_L20W_r1.20_th165_k0.50,center profile is not monotone from midplane to GB
Ro120_q0.55_L20W_r1.20_th165_k0.75,center profile is not monotone from midplane to GB
Ro120_q0.55_L20W_r1.20_th170_k0.00,center profile is not monotone from midplane to GB
Ro120_q0.55_L20W_r1.20_th170_k0.25,center profile is not monotone from midplane to GB
Ro120_q0.55_L20W_r1.20_th170_k0.50,center profile is not monotone from midplane to GB
Ro120_q0.55_L20W_r1.20_th170_k0.75,center profile is not monotone from midplane to GB
Ro120_q0.55_L20W_r1.40_th120_k0.00,negative center squared radius; center profile is not monotone from midplane to GB; center topology fails before requested loss
Ro120_q0.55_L20W_r1.40_th120_k0.25,negative center squared radius; center profile is not monotone from midplane to GB; center topology fails before requested loss
Ro120_q0.55_L20W_r1.40_th120_k0.50,negative center squared radius; center profile is not monotone from midplane to GB; center topology fails before requested loss
Ro120_q0.55_L20W_r1.40_th120_k0.75,negative center squared radius; center profile is not monotone from midplane to GB; center topology fails before requested loss
Ro120_q0.55_L20W_r1.40_th135_k0.00,negative center squared radius; center profile is not monotone from midplane to GB; center topology fails before requested loss
Ro120_q0.55_L20W_r1.40_th135_k0.25,negative center squared radius; center profile is not monotone from midplane to GB; center topology fails before requested loss
Ro120_q0.55_L20W_r1.40_th135_k0.50,negative center squared radius; center profile is not monotone from midplane to GB; center topology fails before requested loss
Ro120_q0.55_L20W_r1.40_th135_k0.75,negative center squared radius; center profile is not monotone from midplane to GB; center topology fails before requested loss
Ro120_q0.55_L20W_r1.40_th150_k0.00,negative center squared radius; center profile is not monotone from midplane to GB; center topology fails before requested loss
Ro120_q0.55_L20W_r1.40_th150_k0.25,negative center squared radius; center profile is not monotone from midplane to GB; center topology fails before requested loss
Ro120_q0.55_L20W_r1.40_th150_k0.50,negative center squared radius; center profile is not monotone from midplane to GB; center topology fails before requested loss
Ro120_q0.55_L20W_r1.40_th150_k0.75,negative center squared radius; center profile is not monotone from midplane to GB; center topology fails before requested loss
Ro120_q0.55_L20W_r1.40_th165_k0.00,center profile is not monotone from midplane to GB; center topology fails before requested loss
Ro120_q0.55_L20W_r1.40_th165_k0.25,center profile is not monotone from midplane to GB; center topology fails before requested loss
Ro120_q0.55_L20W_r1.40_th165_k0.50,center profile is not monotone from midplane to GB; center topology fails before requested loss
Ro120_q0.55_L20W_r1.40_th165_k0.75,center profile is not monotone from midplane to GB; center topology fails before requested loss
Ro120_q0.55_L20W_r1.40_th170_k0.00,center profile is not monotone from midplane to GB; center topology fails before requested loss
Ro120_q0.55_L20W_r1.40_th170_k0.25,center profile is not monotone from midplane to GB; center topology fails before requested loss
Ro120_q0.55_L20W_r1.40_th170_k0.50,center profile is not monotone from midplane to GB; center topology fails before requested loss
Ro120_q0.55_L20W_r1.40_th170_k0.75,center profile is not monotone from midplane to GB; center topology fails before requested loss
Ro120_q0.55_L20W_r1.60_th120_k0.00,negative center squared radius; center profile is not monotone from midplane to GB; center topology fails before requested loss
Ro120_q0.55_L20W_r1.60_th120_k0.25,negative center squared radius; center profile is not monotone from midplane to GB; center topology fails before requested loss
Ro120_q0.55_L20W_r1.60_th120_k0.50,negative center squared radius; center profile is not monotone from midplane to GB; center topology fails before requested loss
Ro120_q0.55_L20W_r1.60_th120_k0.75,negative center squared radius; center profile is not monotone from midplane to GB; center topology fails before requested loss
Ro120_q0.55_L20W_r1.60_th135_k0.00,negative center squared radius; center profile is not monotone from midplane to GB; center topology fails before requested loss
Ro120_q0.55_L20W_r1.60_th135_k0.25,negative center squared radius; center profile is not monotone from midplane to GB; center topology fails before requested loss
Ro120_q0.55_L20W_r1.60_th135_k0.50,negative center squared radius; center profile is not monotone from midplane to GB; center topology fails before requested loss
Ro120_q0.55_L20W_r1.60_th135_k0.75,negative center squared radius; center profile is not monotone from midplane to GB; center topology fails before requested loss
Ro120_q0.55_L20W_r1.60_th150_k0.00,negative center squared radius; center profile is not monotone from midplane to GB; center topology fails before requested loss
Ro120_q0.55_L20W_r1.60_th150_k0.25,negative center squared radius; center profile is not monotone from midplane to GB; center topology fails before requested loss
Ro120_q0.55_L20W_r1.60_th150_k0.50,negative center squared radius; center profile is not monotone from midplane to GB; center topology fails before requested loss
Ro120_q0.55_L20W_r1.60_th150_k0.75,negative center squared radius; center profile is not monotone from midplane to GB; center topology fails before requested loss
Ro120_q0.55_L20W_r1.60_th165_k0.00,negative center squared radius; center profile is not monotone from midplane to GB; center topology fails before requested loss
Ro120_q0.55_L20W_r1.60_th165_k0.25,negative center squared radius; center profile is not monotone from midplane to GB; center topology fails before requested loss
Ro120_q0.55_L20W_r1.60_th165_k0.50,negative center squared radius; center profile is not monotone from midplane to GB; center topology fails before requested loss
Ro120_q0.55_L20W_r1.60_th165_k0.75,negative center squared radius; center profile is not monotone from midplane to GB; center topology fails before requested loss
Ro120_q0.55_L20W_r1.60_th170_k0.00,negative center squared radius; center profile is not monotone from midplane to GB; center topology fails before requested loss
Ro120_q0.55_L20W_r1.60_th170_k0.25,negative center squared radius; center profile is not monotone from midplane to GB; center topology fails before requested loss
Ro120_q0.55_L20W_r1.60_th170_k0.50,negative center squared radius; center profile is not monotone from midplane to GB; center topology fails before requested loss
Ro120_q0.55_L20W_r1.60_th170_k0.75,negative center squared radius; center profile is not monotone from midplane to GB; center topology fails before requested loss; outer profile has multiple radial extrema
Ro120_q0.55_L24W_r1.00_th120_k0.00,center profile is not monotone from midplane to GB
Ro120_q0.55_L24W_r1.00_th120_k0.25,center profile is not monotone from midplane to GB
Ro120_q0.55_L24W_r1.00_th120_k0.50,center profile is not monotone from midplane to GB
Ro120_q0.55_L24W_r1.00_th120_k0.75,center profile is not monotone from midplane to GB
Ro120_q0.55_L24W_r1.00_th135_k0.00,center profile is not monotone from midplane to GB
Ro120_q0.55_L24W_r1.00_th135_k0.25,center profile is not monotone from midplane to GB
Ro120_q0.55_L24W_r1.00_th135_k0.50,center profile is not monotone from midplane to GB
Ro120_q0.55_L24W_r1.00_th135_k0.75,center profile is not monotone from midplane to GB
Ro120_q0.55_L24W_r1.00_th150_k0.00,center profile is not monotone from midplane to GB
Ro120_q0.55_L24W_r1.00_th150_k0.25,center profile is not monotone from midplane to GB
Ro120_q0.55_L24W_r1.00_th150_k0.50,center profile is not monotone from midplane to GB
Ro120_q0.55_L24W_r1.00_th150_k0.75,center profile is not monotone from midplane to GB
Ro120_q0.55_L24W_r1.00_th165_k0.00,center profile is not monotone from midplane to GB
Ro120_q0.55_L24W_r1.00_th165_k0.25,center profile is not monotone from midplane to GB
Ro120_q0.55_L24W_r1.00_th165_k0.50,center profile is not monotone from midplane to GB
Ro120_q0.55_L24W_r1.00_th165_k0.75,center profile is not monotone from midplane to GB
Ro120_q0.55_L24W_r1.00_th170_k0.00,center profile is not monotone from midplane to GB
Ro120_q0.55_L24W_r1.00_th170_k0.25,center profile is not monotone from midplane to GB
Ro120_q0.55_L24W_r1.00_th170_k0.50,center profile is not monotone from midplane to GB
Ro120_q0.55_L24W_r1.00_th170_k0.75,center profile is not monotone from midplane to GB
Ro120_q0.55_L24W_r1.20_th120_k0.00,center profile is not monotone from midplane to GB; center topology fails before requested loss
Ro120_q0.55_L24W_r1.20_th120_k0.25,center profile is not monotone from midplane to GB; center topology fails before requested loss
Ro120_q0.55_L24W_r1.20_th120_k0.50,center profile is not monotone from midplane to GB; center topology fails before requested loss
Ro120_q0.55_L24W_r1.20_th120_k0.75,center profile is not monotone from midplane to GB; center topology fails before requested loss
Ro120_q0.55_L24W_r1.20_th135_k0.00,center profile is not monotone from midplane to GB; center topology fails before requested loss
Ro120_q0.55_L24W_r1.20_th135_k0.25,center profile is not monotone from midplane to GB; center topology fails before requested loss
Ro120_q0.55_L24W_r1.20_th135_k0.50,center profile is not monotone from midplane to GB; center topology fails before requested loss
Ro120_q0.55_L24W_r1.20_th135_k0.75,center profile is not monotone from midplane to GB; center topology fails before requested loss
Ro120_q0.55_L24W_r1.20_th150_k0.00,center profile is not monotone from midplane to GB; center topology fails before requested loss
Ro120_q0.55_L24W_r1.20_th150_k0.25,center profile is not monotone from midplane to GB
Ro120_q0.55_L24W_r1.20_th150_k0.50,center profile is not monotone from midplane to GB
Ro120_q0.55_L24W_r1.20_th150_k0.75,center profile is not monotone from midplane to GB
Ro120_q0.55_L24W_r1.20_th165_k0.00,center profile is not monotone from midplane to GB
Ro120_q0.55_L24W_r1.20_th165_k0.25,center profile is not monotone from midplane to GB
Ro120_q0.55_L24W_r1.20_th165_k0.50,center profile is not monotone from midplane to GB
Ro120_q0.55_L24W_r1.20_th165_k0.75,center profile is not monotone from midplane to GB
Ro120_q0.55_L24W_r1.20_th170_k0.00,center profile is not monotone from midplane to GB
Ro120_q0.55_L24W_r1.20_th170_k0.25,center profile is not monotone from midplane to GB
Ro120_q0.55_L24W_r1.20_th170_k0.50,center profile is not monotone from midplane to GB
Ro120_q0.55_L24W_r1.20_th170_k0.75,center profile is not monotone from midplane to GB
Ro120_q0.55_L24W_r1.40_th120_k0.00,negative center squared radius; center profile is not monotone from midplane to GB; center topology fails before requested loss
Ro120_q0.55_L24W_r1.40_th120_k0.25,negative center squared radius; center profile is not monotone from midplane to GB; center topology fails before requested loss
Ro120_q0.55_L24W_r1.40_th120_k0.50,negative center squared radius; center profile is not monotone from midplane to GB; center topology fails before requested loss
Ro120_q0.55_L24W_r1.40_th120_k0.75,negative center squared radius; center profile is not monotone from midplane to GB; center topology fails before requested loss
Ro120_q0.55_L24W_r1.40_th135_k0.00,negative center squared radius; center profile is not monotone from midplane to GB; center topology fails before requested loss
Ro120_q0.55_L24W_r1.40_th135_k0.25,negative center squared radius; center profile is not monotone from midplane to GB; center topology fails before requested loss
Ro120_q0.55_L24W_r1.40_th135_k0.50,negative center squared radius; center profile is not monotone from midplane to GB; center topology fails before requested loss
Ro120_q0.55_L24W_r1.40_th135_k0.75,negative center squared radius; center profile is not monotone from midplane to GB; center topology fails before requested loss
Ro120_q0.55_L24W_r1.40_th150_k0.00,negative center squared radius; center profile is not monotone from midplane to GB; center topology fails before requested loss
Ro120_q0.55_L24W_r1.40_th150_k0.25,negative center squared radius; center profile is not monotone from midplane to GB; center topology fails before requested loss
Ro120_q0.55_L24W_r1.40_th150_k0.50,negative center squared radius; center profile is not monotone from midplane to GB; center topology fails before requested loss
Ro120_q0.55_L24W_r1.40_th150_k0.75,negative center squared radius; center profile is not monotone from midplane to GB; center topology fails before requested loss
Ro120_q0.55_L24W_r1.40_th165_k0.00,negative center squared radius; center profile is not monotone from midplane to GB; center topology fails before requested loss
Ro120_q0.55_L24W_r1.40_th165_k0.25,negative center squared radius; center profile is not monotone from midplane to GB; center topology fails before requested loss
Ro120_q0.55_L24W_r1.40_th165_k0.50,negative center squared radius; center profile is not monotone from midplane to GB; center topology fails before requested loss
Ro120_q0.55_L24W_r1.40_th165_k0.75,negative center squared radius; center profile is not monotone from midplane to GB; center topology fails before requested loss
Ro120_q0.55_L24W_r1.40_th170_k0.00,negative center squared radius; center profile is not monotone from midplane to GB; center topology fails before requested loss
Ro120_q0.55_L24W_r1.40_th170_k0.25,negative center squared radius; center profile is not monotone from midplane to GB; center topology fails before requested loss
Ro120_q0.55_L24W_r1.40_th170_k0.50,negative center squared radius; center profile is not monotone from midplane to GB; center topology fails before requested loss
Ro120_q0.55_L24W_r1.40_th170_k0.75,negative center squared radius; center profile is not monotone from midplane to GB; center topology fails before requested loss
Ro120_q0.55_L24W_r1.60_th120_k0.00,negative center squared radius; center profile is not monotone from midplane to GB; center topology fails before requested loss
Ro120_q0.55_L24W_r1.60_th120_k0.25,negative center squared radius; center profile is not monotone from midplane to GB; center topology fails before requested loss
Ro120_q0.55_L24W_r1.60_th120_k0.50,negative center squared radius; center profile is not monotone from midplane to GB; center topology fails before requested loss
Ro120_q0.55_L24W_r1.60_th120_k0.75,negative center squared radius; center profile is not monotone from midplane to GB; center topology fails before requested loss
Ro120_q0.55_L24W_r1.60_th135_k0.00,negative center squared radius; center profile is not monotone from midplane to GB; center topology fails before requested loss
Ro120_q0.55_L24W_r1.60_th135_k0.25,negative center squared radius; center profile is not monotone from midplane to GB; center topology fails before requested loss
Ro120_q0.55_L24W_r1.60_th135_k0.50,negative center squared radius; center profile is not monotone from midplane to GB; center topology fails before requested loss
Ro120_q0.55_L24W_r1.60_th135_k0.75,negative center squared radius; center profile is not monotone from midplane to GB; center topology fails before requested loss
Ro120_q0.55_L24W_r1.60_th150_k0.00,negative center squared radius; center profile is not monotone from midplane to GB; center topology fails before requested loss
Ro120_q0.55_L24W_r1.60_th150_k0.25,negative center squared radius; center profile is not monotone from midplane to GB; center topology fails before requested loss
Ro120_q0.55_L24W_r1.60_th150_k0.50,negative center squared radius; center profile is not monotone from midplane to GB; center topology fails before requested loss
Ro120_q0.55_L24W_r1.60_th150_k0.75,negative center squared radius; center profile is not monotone from midplane to GB; center topology fails before requested loss
Ro120_q0.55_L24W_r1.60_th165_k0.00,negative center squared radius; center profile is not monotone from midplane to GB; center topology fails before requested loss
Ro120_q0.55_L24W_r1.60_th165_k0.25,negative center squared radius; center profile is not monotone from midplane to GB; center topology fails before requested loss
Ro120_q0.55_L24W_r1.60_th165_k0.50,negative center squared radius; center profile is not monotone from midplane to GB; center topology fails before requested loss
Ro120_q0.55_L24W_r1.60_th165_k0.75,negative center squared radius; center profile is not monotone from midplane to GB; center topology fails before requested loss
Ro120_q0.55_L24W_r1.60_th170_k0.00,negative center squared radius; center profile is not monotone from midplane to GB; center topology fails before requested loss
Ro120_q0.55_L24W_r1.60_th170_k0.25,negative center squared radius; center profile is not monotone from midplane to GB; center topology fails before requested loss
Ro120_q0.55_L24W_r1.60_th170_k0.50,negative center squared radius; center profile is not monotone from midplane to GB; center topology fails before requested loss
Ro120_q0.55_L24W_r1.60_th170_k0.75,negative center squared radius; center profile is not monotone from midplane to GB; center topology fails before requested loss; outer profile has multiple radial extrema
Ro120_q0.65_L8W_r0.60_th120_k0.00,contact radius has reached topology loss
Ro120_q0.65_L8W_r0.60_th120_k0.25,contact radius has reached topology loss
Ro120_q0.65_L8W_r0.60_th120_k0.50,contact radius has reached topology loss
Ro120_q0.65_L8W_r0.60_th120_k0.75,contact radius has reached topology loss
Ro120_q0.65_L8W_r0.60_th135_k0.00,contact radius has reached topology loss
Ro120_q0.65_L8W_r0.60_th135_k0.25,contact radius has reached topology loss
Ro120_q0.65_L8W_r0.60_th135_k0.50,contact radius has reached topology loss
Ro120_q0.65_L8W_r0.60_th135_k0.75,contact radius has reached topology loss
Ro120_q0.65_L8W_r0.60_th150_k0.00,contact radius has reached topology loss
Ro120_q0.65_L8W_r0.60_th150_k0.25,contact radius has reached topology loss
Ro120_q0.65_L8W_r0.60_th150_k0.50,contact radius has reached topology loss
Ro120_q0.65_L8W_r0.60_th150_k0.75,contact radius has reached topology loss
Ro120_q0.65_L8W_r0.60_th165_k0.00,contact radius has reached topology loss
Ro120_q0.65_L8W_r0.60_th165_k0.25,contact radius has reached topology loss
Ro120_q0.65_L8W_r0.60_th165_k0.50,contact radius has reached topology loss
Ro120_q0.65_L8W_r0.60_th165_k0.75,contact radius has reached topology loss
Ro120_q0.65_L8W_r0.60_th170_k0.00,contact radius has reached topology loss
Ro120_q0.65_L8W_r0.60_th170_k0.25,contact radius has reached topology loss
Ro120_q0.65_L8W_r0.60_th170_k0.50,contact radius has reached topology loss
Ro120_q0.65_L8W_r0.60_th170_k0.75,contact radius has reached topology loss
Ro120_q0.65_L8W_r0.80_th120_k0.00,contact radius has reached topology loss
Ro120_q0.65_L8W_r0.80_th120_k0.25,contact radius has reached topology loss
Ro120_q0.65_L8W_r0.80_th120_k0.50,contact radius has reached topology loss
Ro120_q0.65_L8W_r0.80_th120_k0.75,contact radius has reached topology loss
Ro120_q0.65_L8W_r0.80_th135_k0.00,contact radius has reached topology loss
Ro120_q0.65_L8W_r0.80_th135_k0.25,contact radius has reached topology loss
Ro120_q0.65_L8W_r0.80_th135_k0.50,contact radius has reached topology loss
Ro120_q0.65_L8W_r0.80_th135_k0.75,contact radius has reached topology loss
Ro120_q0.65_L8W_r0.80_th150_k0.00,contact radius has reached topology loss
Ro120_q0.65_L8W_r0.80_th150_k0.25,contact radius has reached topology loss
Ro120_q0.65_L8W_r0.80_th150_k0.50,contact radius has reached topology loss
Ro120_q0.65_L8W_r0.80_th150_k0.75,contact radius has reached topology loss
Ro120_q0.65_L8W_r0.80_th165_k0.00,contact radius has reached topology loss
Ro120_q0.65_L8W_r0.80_th165_k0.25,contact radius has reached topology loss
Ro120_q0.65_L8W_r0.80_th165_k0.50,contact radius has reached topology loss
Ro120_q0.65_L8W_r0.80_th165_k0.75,contact radius has reached topology loss
Ro120_q0.65_L8W_r0.80_th170_k0.00,contact radius has reached topology loss
Ro120_q0.65_L8W_r0.80_th170_k0.25,contact radius has reached topology loss
Ro120_q0.65_L8W_r0.80_th170_k0.50,contact radius has reached topology loss
Ro120_q0.65_L8W_r0.80_th170_k0.75,contact radius has reached topology loss
Ro120_q0.65_L8W_r1.60_th120_k0.00,outer profile has multiple radial extrema
Ro120_q0.65_L8W_r1.60_th120_k0.25,outer profile has multiple radial extrema
Ro120_q0.65_L8W_r1.60_th120_k0.50,outer profile has multiple radial extrema
Ro120_q0.65_L8W_r1.60_th120_k0.75,outer profile has multiple radial extrema
Ro120_q0.65_L8W_r1.60_th135_k0.00,outer profile has multiple radial extrema
Ro120_q0.65_L8W_r1.60_th135_k0.25,outer profile has multiple radial extrema
Ro120_q0.65_L10W_r0.60_th120_k0.00,contact radius has reached topology loss
Ro120_q0.65_L10W_r0.60_th120_k0.25,contact radius has reached topology loss
Ro120_q0.65_L10W_r0.60_th120_k0.50,contact radius has reached topology loss
Ro120_q0.65_L10W_r0.60_th120_k0.75,contact radius has reached topology loss
Ro120_q0.65_L10W_r0.60_th135_k0.00,contact radius has reached topology loss
Ro120_q0.65_L10W_r0.60_th135_k0.25,contact radius has reached topology loss
Ro120_q0.65_L10W_r0.60_th135_k0.50,contact radius has reached topology loss
Ro120_q0.65_L10W_r0.60_th135_k0.75,contact radius has reached topology loss
Ro120_q0.65_L10W_r0.60_th150_k0.00,contact radius has reached topology loss
Ro120_q0.65_L10W_r0.60_th150_k0.25,contact radius has reached topology loss
Ro120_q0.65_L10W_r0.60_th150_k0.50,contact radius has reached topology loss
Ro120_q0.65_L10W_r0.60_th150_k0.75,contact radius has reached topology loss
Ro120_q0.65_L10W_r0.60_th165_k0.00,contact radius has reached topology loss
Ro120_q0.65_L10W_r0.60_th165_k0.25,contact radius has reached topology loss
Ro120_q0.65_L10W_r0.60_th165_k0.50,contact radius has reached topology loss
Ro120_q0.65_L10W_r0.60_th165_k0.75,contact radius has reached topology loss
Ro120_q0.65_L10W_r0.60_th170_k0.00,contact radius has reached topology loss
Ro120_q0.65_L10W_r0.60_th170_k0.25,contact radius has reached topology loss
Ro120_q0.65_L10W_r0.60_th170_k0.50,contact radius has reached topology loss
Ro120_q0.65_L10W_r0.60_th170_k0.75,contact radius has reached topology loss
Ro120_q0.65_L10W_r1.60_th120_k0.00,center profile is not monotone from midplane to GB; outer profile has multiple radial extrema
Ro120_q0.65_L10W_r1.60_th120_k0.25,center profile is not monotone from midplane to GB; outer profile has multiple radial extrema
Ro120_q0.65_L10W_r1.60_th120_k0.50,center profile is not monotone from midplane to GB; outer profile has multiple radial extrema
Ro120_q0.65_L10W_r1.60_th120_k0.75,center profile is not monotone from midplane to GB; outer profile has multiple radial extrema
Ro120_q0.65_L10W_r1.60_th135_k0.00,center profile is not monotone from midplane to GB; outer profile has multiple radial extrema
Ro120_q0.65_L10W_r1.60_th135_k0.25,center profile is not monotone from midplane to GB; outer profile has multiple radial extrema
Ro120_q0.65_L10W_r1.60_th135_k0.50,center profile is not monotone from midplane to GB
Ro120_q0.65_L10W_r1.60_th135_k0.75,center profile is not monotone from midplane to GB
Ro120_q0.65_L10W_r1.60_th150_k0.00,center profile is not monotone from midplane to GB
Ro120_q0.65_L10W_r1.60_th150_k0.25,center profile is not monotone from midplane to GB
Ro120_q0.65_L10W_r1.60_th150_k0.50,center profile is not monotone from midplane to GB
Ro120_q0.65_L10W_r1.60_th150_k0.75,center profile is not monotone from midplane to GB
Ro120_q0.65_L12W_r0.60_th120_k0.00,contact radius has reached topology loss
Ro120_q0.65_L12W_r0.60_th120_k0.25,contact radius has reached topology loss
Ro120_q0.65_L12W_r0.60_th120_k0.50,contact radius has reached topology loss
Ro120_q0.65_L12W_r0.60_th120_k0.75,contact radius has reached topology loss
Ro120_q0.65_L12W_r0.60_th135_k0.00,contact radius has reached topology loss
Ro120_q0.65_L12W_r0.60_th135_k0.25,contact radius has reached topology loss
Ro120_q0.65_L12W_r0.60_th135_k0.50,contact radius has reached topology loss
Ro120_q0.65_L12W_r0.60_th135_k0.75,contact radius has reached topology loss
Ro120_q0.65_L12W_r0.60_th150_k0.00,contact radius has reached topology loss
Ro120_q0.65_L12W_r0.60_th150_k0.25,contact radius has reached topology loss
Ro120_q0.65_L12W_r0.60_th150_k0.50,contact radius has reached topology loss
Ro120_q0.65_L12W_r0.60_th150_k0.75,contact radius has reached topology loss
Ro120_q0.65_L12W_r0.60_th165_k0.00,contact radius has reached topology loss
Ro120_q0.65_L12W_r0.60_th165_k0.25,contact radius has reached topology loss
Ro120_q0.65_L12W_r0.60_th165_k0.50,contact radius has reached topology loss
Ro120_q0.65_L12W_r0.60_th165_k0.75,contact radius has reached topology loss
Ro120_q0.65_L12W_r0.60_th170_k0.00,contact radius has reached topology loss
Ro120_q0.65_L12W_r0.60_th170_k0.25,contact radius has reached topology loss
Ro120_q0.65_L12W_r0.60_th170_k0.50,contact radius has reached topology loss
Ro120_q0.65_L12W_r0.60_th170_k0.75,contact radius has reached topology loss
Ro120_q0.65_L12W_r1.60_th120_k0.00,center profile is not monotone from midplane to GB; outer profile has multiple radial extrema
Ro120_q0.65_L12W_r1.60_th120_k0.25,center profile is not monotone from midplane to GB; outer profile has multiple radial extrema
Ro120_q0.65_L12W_r1.60_th120_k0.50,center profile is not monotone from midplane to GB; outer profile has multiple radial extrema
Ro120_q0.65_L12W_r1.60_th120_k0.75,center profile is not monotone from midplane to GB; outer profile has multiple radial extrema
Ro120_q0.65_L12W_r1.60_th135_k0.00,center profile is not monotone from midplane to GB; outer profile has multiple radial extrema
Ro120_q0.65_L12W_r1.60_th135_k0.25,center profile is not monotone from midplane to GB; outer profile has multiple radial extrema
Ro120_q0.65_L12W_r1.60_th135_k0.50,center profile is not monotone from midplane to GB
Ro120_q0.65_L12W_r1.60_th135_k0.75,center profile is not monotone from midplane to GB
Ro120_q0.65_L12W_r1.60_th150_k0.00,center profile is not monotone from midplane to GB
Ro120_q0.65_L12W_r1.60_th150_k0.25,center profile is not monotone from midplane to GB
Ro120_q0.65_L12W_r1.60_th150_k0.50,center profile is not monotone from midplane to GB
Ro120_q0.65_L12W_r1.60_th150_k0.75,center profile is not monotone from midplane to GB
Ro120_q0.65_L12W_r1.60_th165_k0.00,center profile is not monotone from midplane to GB
Ro120_q0.65_L12W_r1.60_th165_k0.25,center profile is not monotone from midplane to GB
Ro120_q0.65_L12W_r1.60_th165_k0.50,center profile is not monotone from midplane to GB
Ro120_q0.65_L12W_r1.60_th165_k0.75,center profile is not monotone from midplane to GB
Ro120_q0.65_L12W_r1.60_th170_k0.00,center profile is not monotone from midplane to GB
Ro120_q0.65_L12W_r1.60_th170_k0.25,center profile is not monotone from midplane to GB
Ro120_q0.65_L12W_r1.60_th170_k0.50,center profile is not monotone from midplane to GB
Ro120_q0.65_L12W_r1.60_th170_k0.75,center profile is not monotone from midplane to GB
Ro120_q0.65_L16W_r0.60_th120_k0.00,TJ radius below 6W
Ro120_q0.65_L16W_r0.60_th120_k0.25,TJ radius below 6W
Ro120_q0.65_L16W_r0.60_th120_k0.50,TJ radius below 6W
Ro120_q0.65_L16W_r0.60_th120_k0.75,TJ radius below 6W
Ro120_q0.65_L16W_r0.60_th135_k0.00,TJ radius below 6W
Ro120_q0.65_L16W_r0.60_th135_k0.25,TJ radius below 6W
Ro120_q0.65_L16W_r0.60_th135_k0.50,TJ radius below 6W
Ro120_q0.65_L16W_r0.60_th135_k0.75,TJ radius below 6W
Ro120_q0.65_L16W_r0.60_th150_k0.00,TJ radius below 6W
Ro120_q0.65_L16W_r0.60_th150_k0.25,TJ radius below 6W
Ro120_q0.65_L16W_r0.60_th150_k0.50,TJ radius below 6W
Ro120_q0.65_L16W_r0.60_th150_k0.75,TJ radius below 6W
Ro120_q0.65_L16W_r0.60_th165_k0.00,TJ radius below 6W
Ro120_q0.65_L16W_r0.60_th165_k0.25,TJ radius below 6W
Ro120_q0.65_L16W_r0.60_th165_k0.50,TJ radius below 6W
Ro120_q0.65_L16W_r0.60_th165_k0.75,TJ radius below 6W
Ro120_q0.65_L16W_r0.60_th170_k0.00,TJ radius below 6W
Ro120_q0.65_L16W_r0.60_th170_k0.25,TJ radius below 6W
Ro120_q0.65_L16W_r0.60_th170_k0.50,TJ radius below 6W
Ro120_q0.65_L16W_r0.60_th170_k0.75,TJ radius below 6W
Ro120_q0.65_L16W_r1.40_th120_k0.00,center profile is not monotone from midplane to GB
Ro120_q0.65_L16W_r1.40_th120_k0.25,center profile is not monotone from midplane to GB
Ro120_q0.65_L16W_r1.40_th120_k0.50,center profile is not monotone from midplane to GB
Ro120_q0.65_L16W_r1.40_th120_k0.75,center profile is not monotone from midplane to GB
Ro120_q0.65_L16W_r1.40_th135_k0.00,center profile is not monotone from midplane to GB
Ro120_q0.65_L16W_r1.40_th135_k0.25,center profile is not monotone from midplane to GB
Ro120_q0.65_L16W_r1.40_th135_k0.50,center profile is not monotone from midplane to GB
Ro120_q0.65_L16W_r1.40_th135_k0.75,center profile is not monotone from midplane to GB
Ro120_q0.65_L16W_r1.40_th150_k0.00,center profile is not monotone from midplane to GB
Ro120_q0.65_L16W_r1.40_th150_k0.25,center profile is not monotone from midplane to GB
Ro120_q0.65_L16W_r1.40_th150_k0.50,center profile is not monotone from midplane to GB
Ro120_q0.65_L16W_r1.40_th150_k0.75,center profile is not monotone from midplane to GB
Ro120_q0.65_L16W_r1.40_th165_k0.00,center profile is not monotone from midplane to GB
Ro120_q0.65_L16W_r1.40_th165_k0.25,center profile is not monotone from midplane to GB
Ro120_q0.65_L16W_r1.40_th165_k0.50,center profile is not monotone from midplane to GB
Ro120_q0.65_L16W_r1.40_th165_k0.75,center profile is not monotone from midplane to GB
Ro120_q0.65_L16W_r1.40_th170_k0.00,center profile is not monotone from midplane to GB
Ro120_q0.65_L16W_r1.40_th170_k0.25,center profile is not monotone from midplane to GB
Ro120_q0.65_L16W_r1.40_th170_k0.50,center profile is not monotone from midplane to GB
Ro120_q0.65_L16W_r1.40_th170_k0.75,center profile is not monotone from midplane to GB
Ro120_q0.65_L16W_r1.60_th120_k0.00,center profile is not monotone from midplane to GB; center topology fails before requested loss; outer profile has multiple radial extrema
Ro120_q0.65_L16W_r1.60_th120_k0.25,center profile is not monotone from midplane to GB; outer profile has multiple radial extrema
Ro120_q0.65_L16W_r1.60_th120_k0.50,center profile is not monotone from midplane to GB; outer profile has multiple radial extrema
Ro120_q0.65_L16W_r1.60_th120_k0.75,center profile is not monotone from midplane to GB; outer profile has multiple radial extrema
Ro120_q0.65_L16W_r1.60_th135_k0.00,center profile is not monotone from midplane to GB; outer profile has multiple radial extrema
Ro120_q0.65_L16W_r1.60_th135_k0.25,center profile is not monotone from midplane to GB; outer profile has multiple radial extrema
Ro120_q0.65_L16W_r1.60_th135_k0.50,center profile is not monotone from midplane to GB
Ro120_q0.65_L16W_r1.60_th135_k0.75,center profile is not monotone from midplane to GB
Ro120_q0.65_L16W_r1.60_th150_k0.00,center profile is not monotone from midplane to GB
Ro120_q0.65_L16W_r1.60_th150_k0.25,center profile is not monotone from midplane to GB
Ro120_q0.65_L16W_r1.60_th150_k0.50,center profile is not monotone from midplane to GB
Ro120_q0.65_L16W_r1.60_th150_k0.75,center profile is not monotone from midplane to GB
Ro120_q0.65_L16W_r1.60_th165_k0.00,center profile is not monotone from midplane to GB
Ro120_q0.65_L16W_r1.60_th165_k0.25,center profile is not monotone from midplane to GB
Ro120_q0.65_L16W_r1.60_th165_k0.50,center profile is not monotone from midplane to GB
Ro120_q0.65_L16W_r1.60_th165_k0.75,center profile is not monotone from midplane to GB
Ro120_q0.65_L16W_r1.60_th170_k0.00,center profile is not monotone from midplane to GB
Ro120_q0.65_L16W_r1.60_th170_k0.25,center profile is not monotone from midplane to GB
Ro120_q0.65_L16W_r1.60_th170_k0.50,center profile is not monotone from midplane to GB
Ro120_q0.65_L16W_r1.60_th170_k0.75,center profile is not monotone from midplane to GB
Ro120_q0.65_L20W_r1.20_th120_k0.00,center profile is not monotone from midplane to GB
Ro120_q0.65_L20W_r1.20_th120_k0.25,center profile is not monotone from midplane to GB
Ro120_q0.65_L20W_r1.20_th120_k0.50,center profile is not monotone from midplane to GB
Ro120_q0.65_L20W_r1.20_th120_k0.75,center profile is not monotone from midplane to GB
Ro120_q0.65_L20W_r1.20_th135_k0.00,center profile is not monotone from midplane to GB
Ro120_q0.65_L20W_r1.20_th135_k0.25,center profile is not monotone from midplane to GB
Ro120_q0.65_L20W_r1.20_th135_k0.50,center profile is not monotone from midplane to GB
Ro120_q0.65_L20W_r1.20_th135_k0.75,center profile is not monotone from midplane to GB
Ro120_q0.65_L20W_r1.20_th150_k0.00,center profile is not monotone from midplane to GB
Ro120_q0.65_L20W_r1.20_th150_k0.25,center profile is not monotone from midplane to GB
Ro120_q0.65_L20W_r1.20_th150_k0.50,center profile is not monotone from midplane to GB
Ro120_q0.65_L20W_r1.20_th150_k0.75,center profile is not monotone from midplane to GB
Ro120_q0.65_L20W_r1.20_th165_k0.00,center profile is not monotone from midplane to GB
Ro120_q0.65_L20W_r1.20_th165_k0.25,center profile is not monotone from midplane to GB
Ro120_q0.65_L20W_r1.20_th165_k0.50,center profile is not monotone from midplane to GB
Ro120_q0.65_L20W_r1.20_th165_k0.75,center profile is not monotone from midplane to GB
Ro120_q0.65_L20W_r1.20_th170_k0.00,center profile is not monotone from midplane to GB
Ro120_q0.65_L20W_r1.20_th170_k0.25,center profile is not monotone from midplane to GB
Ro120_q0.65_L20W_r1.20_th170_k0.50,center profile is not monotone from midplane to GB
Ro120_q0.65_L20W_r1.20_th170_k0.75,center profile is not monotone from midplane to GB
Ro120_q0.65_L20W_r1.40_th120_k0.00,center profile is not monotone from midplane to GB
Ro120_q0.65_L20W_r1.40_th120_k0.25,center profile is not monotone from midplane to GB
Ro120_q0.65_L20W_r1.40_th120_k0.50,center profile is not monotone from midplane to GB
Ro120_q0.65_L20W_r1.40_th120_k0.75,center profile is not monotone from midplane to GB
Ro120_q0.65_L20W_r1.40_th135_k0.00,center profile is not monotone from midplane to GB
Ro120_q0.65_L20W_r1.40_th135_k0.25,center profile is not monotone from midplane to GB
Ro120_q0.65_L20W_r1.40_th135_k0.50,center profile is not monotone from midplane to GB
Ro120_q0.65_L20W_r1.40_th135_k0.75,center profile is not monotone from midplane to GB
Ro120_q0.65_L20W_r1.40_th150_k0.00,center profile is not monotone from midplane to GB
Ro120_q0.65_L20W_r1.40_th150_k0.25,center profile is not monotone from midplane to GB
Ro120_q0.65_L20W_r1.40_th150_k0.50,center profile is not monotone from midplane to GB
Ro120_q0.65_L20W_r1.40_th150_k0.75,center profile is not monotone from midplane to GB
Ro120_q0.65_L20W_r1.40_th165_k0.00,center profile is not monotone from midplane to GB
Ro120_q0.65_L20W_r1.40_th165_k0.25,center profile is not monotone from midplane to GB
Ro120_q0.65_L20W_r1.40_th165_k0.50,center profile is not monotone from midplane to GB
Ro120_q0.65_L20W_r1.40_th165_k0.75,center profile is not monotone from midplane to GB
Ro120_q0.65_L20W_r1.40_th170_k0.00,center profile is not monotone from midplane to GB
Ro120_q0.65_L20W_r1.40_th170_k0.25,center profile is not monotone from midplane to GB
Ro120_q0.65_L20W_r1.40_th170_k0.50,center profile is not monotone from midplane to GB
Ro120_q0.65_L20W_r1.40_th170_k0.75,center profile is not monotone from midplane to GB
Ro120_q0.65_L20W_r1.60_th120_k0.00,negative center squared radius; center profile is not monotone from midplane to GB; center topology fails before requested loss; outer profile has multiple radial extrema
Ro120_q0.65_L20W_r1.60_th120_k0.25,negative center squared radius; center profile is not monotone from midplane to GB; center topology fails before requested loss; outer profile has multiple radial extrema
Ro120_q0.65_L20W_r1.60_th120_k0.50,negative center squared radius; center profile is not monotone from midplane to GB; center topology fails before requested loss; outer profile has multiple radial extrema
Ro120_q0.65_L20W_r1.60_th120_k0.75,negative center squared radius; center profile is not monotone from midplane to GB; center topology fails before requested loss; outer profile has multiple radial extrema
Ro120_q0.65_L20W_r1.60_th135_k0.00,negative center squared radius; center profile is not monotone from midplane to GB; center topology fails before requested loss; outer profile has multiple radial extrema
Ro120_q0.65_L20W_r1.60_th135_k0.25,negative center squared radius; center profile is not monotone from midplane to GB; center topology fails before requested loss; outer profile has multiple radial extrema
Ro120_q0.65_L20W_r1.60_th135_k0.50,negative center squared radius; center profile is not monotone from midplane to GB; center topology fails before requested loss
Ro120_q0.65_L20W_r1.60_th135_k0.75,negative center squared radius; center profile is not monotone from midplane to GB; center topology fails before requested loss
Ro120_q0.65_L20W_r1.60_th150_k0.00,negative center squared radius; center profile is not monotone from midplane to GB; center topology fails before requested loss
Ro120_q0.65_L20W_r1.60_th150_k0.25,negative center squared radius; center profile is not monotone from midplane to GB; center topology fails before requested loss
Ro120_q0.65_L20W_r1.60_th150_k0.50,negative center squared radius; center profile is not monotone from midplane to GB; center topology fails before requested loss
Ro120_q0.65_L20W_r1.60_th150_k0.75,negative center squared radius; center profile is not monotone from midplane to GB; center topology fails before requested loss
Ro120_q0.65_L20W_r1.60_th165_k0.00,negative center squared radius; center profile is not monotone from midplane to GB; center topology fails before requested loss
Ro120_q0.65_L20W_r1.60_th165_k0.25,negative center squared radius; center profile is not monotone from midplane to GB; center topology fails before requested loss
Ro120_q0.65_L20W_r1.60_th165_k0.50,negative center squared radius; center profile is not monotone from midplane to GB; center topology fails before requested loss
Ro120_q0.65_L20W_r1.60_th165_k0.75,negative center squared radius; center profile is not monotone from midplane to GB; center topology fails before requested loss
Ro120_q0.65_L20W_r1.60_th170_k0.00,negative center squared radius; center profile is not monotone from midplane to GB; center topology fails before requested loss
Ro120_q0.65_L20W_r1.60_th170_k0.25,negative center squared radius; center profile is not monotone from midplane to GB; center topology fails before requested loss
Ro120_q0.65_L20W_r1.60_th170_k0.50,negative center squared radius; center profile is not monotone from midplane to GB; center topology fails before requested loss
Ro120_q0.65_L20W_r1.60_th170_k0.75,negative center squared radius; center profile is not monotone from midplane to GB; center topology fails before requested loss
Ro120_q0.65_L24W_r1.00_th120_k0.00,center profile is not monotone from midplane to GB
Ro120_q0.65_L24W_r1.00_th120_k0.25,center profile is not monotone from midplane to GB
Ro120_q0.65_L24W_r1.00_th120_k0.50,center profile is not monotone from midplane to GB
Ro120_q0.65_L24W_r1.00_th120_k0.75,center profile is not monotone from midplane to GB
Ro120_q0.65_L24W_r1.00_th135_k0.00,center profile is not monotone from midplane to GB
Ro120_q0.65_L24W_r1.00_th135_k0.25,center profile is not monotone from midplane to GB
Ro120_q0.65_L24W_r1.00_th135_k0.50,center profile is not monotone from midplane to GB
Ro120_q0.65_L24W_r1.00_th135_k0.75,center profile is not monotone from midplane to GB
Ro120_q0.65_L24W_r1.00_th150_k0.00,center profile is not monotone from midplane to GB
Ro120_q0.65_L24W_r1.00_th150_k0.25,center profile is not monotone from midplane to GB
Ro120_q0.65_L24W_r1.00_th150_k0.50,center profile is not monotone from midplane to GB
Ro120_q0.65_L24W_r1.20_th120_k0.00,center profile is not monotone from midplane to GB
Ro120_q0.65_L24W_r1.20_th120_k0.25,center profile is not monotone from midplane to GB
Ro120_q0.65_L24W_r1.20_th120_k0.50,center profile is not monotone from midplane to GB
Ro120_q0.65_L24W_r1.20_th120_k0.75,center profile is not monotone from midplane to GB
Ro120_q0.65_L24W_r1.20_th135_k0.00,center profile is not monotone from midplane to GB
Ro120_q0.65_L24W_r1.20_th135_k0.25,center profile is not monotone from midplane to GB
Ro120_q0.65_L24W_r1.20_th135_k0.50,center profile is not monotone from midplane to GB
Ro120_q0.65_L24W_r1.20_th135_k0.75,center profile is not monotone from midplane to GB
Ro120_q0.65_L24W_r1.20_th150_k0.00,center profile is not monotone from midplane to GB
Ro120_q0.65_L24W_r1.20_th150_k0.25,center profile is not monotone from midplane to GB
Ro120_q0.65_L24W_r1.20_th150_k0.50,center profile is not monotone from midplane to GB
Ro120_q0.65_L24W_r1.20_th150_k0.75,center profile is not monotone from midplane to GB
Ro120_q0.65_L24W_r1.20_th165_k0.00,center profile is not monotone from midplane to GB
Ro120_q0.65_L24W_r1.20_th165_k0.25,center profile is not monotone from midplane to GB
Ro120_q0.65_L24W_r1.20_th165_k0.50,center profile is not monotone from midplane to GB
Ro120_q0.65_L24W_r1.20_th165_k0.75,center profile is not monotone from midplane to GB
Ro120_q0.65_L24W_r1.20_th170_k0.00,center profile is not monotone from midplane to GB
Ro120_q0.65_L24W_r1.20_th170_k0.25,center profile is not monotone from midplane to GB
Ro120_q0.65_L24W_r1.20_th170_k0.50,center profile is not monotone from midplane to GB
Ro120_q0.65_L24W_r1.20_th170_k0.75,center profile is not monotone from midplane to GB
Ro120_q0.65_L24W_r1.40_th120_k0.00,negative center squared radius; center profile is not monotone from midplane to GB; center topology fails before requested loss
Ro120_q0.65_L24W_r1.40_th120_k0.25,negative center squared radius; center profile is not monotone from midplane to GB; center topology fails before requested loss
Ro120_q0.65_L24W_r1.40_th120_k0.50,negative center squared radius; center profile is not monotone from midplane to GB; center topology fails before requested loss
Ro120_q0.65_L24W_r1.40_th120_k0.75,negative center squared radius; center profile is not monotone from midplane to GB; center topology fails before requested loss
Ro120_q0.65_L24W_r1.40_th135_k0.00,negative center squared radius; center profile is not monotone from midplane to GB; center topology fails before requested loss
Ro120_q0.65_L24W_r1.40_th135_k0.25,negative center squared radius; center profile is not monotone from midplane to GB; center topology fails before requested loss
Ro120_q0.65_L24W_r1.40_th135_k0.50,negative center squared radius; center profile is not monotone from midplane to GB; center topology fails before requested loss
Ro120_q0.65_L24W_r1.40_th135_k0.75,negative center squared radius; center profile is not monotone from midplane to GB; center topology fails before requested loss
Ro120_q0.65_L24W_r1.40_th150_k0.00,negative center squared radius; center profile is not monotone from midplane to GB; center topology fails before requested loss
Ro120_q0.65_L24W_r1.40_th150_k0.25,negative center squared radius; center profile is not monotone from midplane to GB; center topology fails before requested loss
Ro120_q0.65_L24W_r1.40_th150_k0.50,negative center squared radius; center profile is not monotone from midplane to GB; center topology fails before requested loss
Ro120_q0.65_L24W_r1.40_th150_k0.75,negative center squared radius; center profile is not monotone from midplane to GB; center topology fails before requested loss
Ro120_q0.65_L24W_r1.40_th165_k0.00,negative center squared radius; center profile is not monotone from midplane to GB; center topology fails before requested loss
Ro120_q0.65_L24W_r1.40_th165_k0.25,negative center squared radius; center profile is not monotone from midplane to GB; center topology fails before requested loss
Ro120_q0.65_L24W_r1.40_th165_k0.50,negative center squared radius; center profile is not monotone from midplane to GB; center topology fails before requested loss
Ro120_q0.65_L24W_r1.40_th165_k0.75,center profile is not monotone from midplane to GB; center topology fails before requested loss
Ro120_q0.65_L24W_r1.40_th170_k0.00,center profile is not monotone from midplane to GB; center topology fails before requested loss
Ro120_q0.65_L24W_r1.40_th170_k0.25,center profile is not monotone from midplane to GB; center topology fails before requested loss
Ro120_q0.65_L24W_r1.40_th170_k0.50,center profile is not monotone from midplane to GB; center topology fails before requested loss
Ro120_q0.65_L24W_r1.40_th170_k0.75,center profile is not monotone from midplane to GB; center topology fails before requested loss
Ro120_q0.65_L24W_r1.60_th120_k0.00,negative center squared radius; center profile is not monotone from midplane to GB; center topology fails before requested loss; outer profile has multiple radial extrema
Ro120_q0.65_L24W_r1.60_th120_k0.25,negative center squared radius; center profile is not monotone from midplane to GB; center topology fails before requested loss; outer profile has multiple radial extrema
Ro120_q0.65_L24W_r1.60_th120_k0.50,negative center squared radius; center profile is not monotone from midplane to GB; center topology fails before requested loss; outer profile has multiple radial extrema
Ro120_q0.65_L24W_r1.60_th120_k0.75,negative center squared radius; center profile is not monotone from midplane to GB; center topology fails before requested loss; outer profile has multiple radial extrema
Ro120_q0.65_L24W_r1.60_th135_k0.00,negative center squared radius; center profile is not monotone from midplane to GB; center topology fails before requested loss; outer profile has multiple radial extrema
Ro120_q0.65_L24W_r1.60_th135_k0.25,negative center squared radius; center profile is not monotone from midplane to GB; center topology fails before requested loss; outer profile has multiple radial extrema
Ro120_q0.65_L24W_r1.60_th135_k0.50,negative center squared radius; center profile is not monotone from midplane to GB; center topology fails before requested loss
Ro120_q0.65_L24W_r1.60_th135_k0.75,negative center squared radius; center profile is not monotone from midplane to GB; center topology fails before requested loss
Ro120_q0.65_L24W_r1.60_th150_k0.00,negative center squared radius; center profile is not monotone from midplane to GB; center topology fails before requested loss
Ro120_q0.65_L24W_r1.60_th150_k0.25,negative center squared radius; center profile is not monotone from midplane to GB; center topology fails before requested loss
Ro120_q0.65_L24W_r1.60_th150_k0.50,negative center squared radius; center profile is not monotone from midplane to GB; center topology fails before requested loss
Ro120_q0.65_L24W_r1.60_th150_k0.75,negative center squared radius; center profile is not monotone from midplane to GB; center topology fails before requested loss
Ro120_q0.65_L24W_r1.60_th165_k0.00,negative center squared radius; center profile is not monotone from midplane to GB; center topology fails before requested loss
Ro120_q0.65_L24W_r1.60_th165_k0.25,negative center squared radius; center profile is not monotone from midplane to GB; center topology fails before requested loss
Ro120_q0.65_L24W_r1.60_th165_k0.50,negative center squared radius; center profile is not monotone from midplane to GB; center topology fails before requested loss
Ro120_q0.65_L24W_r1.60_th165_k0.75,negative center squared radius; center profile is not monotone from midplane to GB; center topology fails before requested loss
Ro120_q0.65_L24W_r1.60_th170_k0.00,negative center squared radius; center profile is not monotone from midplane to GB; center topology fails before requested loss
Ro120_q0.65_L24W_r1.60_th170_k0.25,negative center squared radius; center profile is not monotone from midplane to GB; center topology fails before requested loss
Ro120_q0.65_L24W_r1.60_th170_k0.50,negative center squared radius; center profile is not monotone from midplane to GB; center topology fails before requested loss
Ro120_q0.65_L24W_r1.60_th170_k0.75,negative center squared radius; center profile is not monotone from midplane to GB; center topology fails before requested loss
Ro120_q0.75_L8W_r0.60_th120_k0.00,contact radius has reached topology loss
Ro120_q0.75_L8W_r0.60_th120_k0.25,contact radius has reached topology loss
Ro120_q0.75_L8W_r0.60_th120_k0.50,contact radius has reached topology loss
Ro120_q0.75_L8W_r0.60_th120_k0.75,contact radius has reached topology loss
Ro120_q0.75_L8W_r0.60_th135_k0.00,contact radius has reached topology loss
Ro120_q0.75_L8W_r0.60_th135_k0.25,contact radius has reached topology loss
Ro120_q0.75_L8W_r0.60_th135_k0.50,contact radius has reached topology loss
Ro120_q0.75_L8W_r0.60_th135_k0.75,contact radius has reached topology loss
Ro120_q0.75_L8W_r0.60_th150_k0.00,contact radius has reached topology loss
Ro120_q0.75_L8W_r0.60_th150_k0.25,contact radius has reached topology loss
Ro120_q0.75_L8W_r0.60_th150_k0.50,contact radius has reached topology loss
Ro120_q0.75_L8W_r0.60_th150_k0.75,contact radius has reached topology loss
Ro120_q0.75_L8W_r0.60_th165_k0.00,contact radius has reached topology loss
Ro120_q0.75_L8W_r0.60_th165_k0.25,contact radius has reached topology loss
Ro120_q0.75_L8W_r0.60_th165_k0.50,contact radius has reached topology loss
Ro120_q0.75_L8W_r0.60_th165_k0.75,contact radius has reached topology loss
Ro120_q0.75_L8W_r0.60_th170_k0.00,contact radius has reached topology loss
Ro120_q0.75_L8W_r0.60_th170_k0.25,contact radius has reached topology loss
Ro120_q0.75_L8W_r0.60_th170_k0.50,contact radius has reached topology loss
Ro120_q0.75_L8W_r0.60_th170_k0.75,contact radius has reached topology loss
Ro120_q0.75_L8W_r0.80_th120_k0.00,contact radius has reached topology loss
Ro120_q0.75_L8W_r0.80_th120_k0.25,contact radius has reached topology loss
Ro120_q0.75_L8W_r0.80_th120_k0.50,contact radius has reached topology loss
Ro120_q0.75_L8W_r0.80_th120_k0.75,contact radius has reached topology loss
Ro120_q0.75_L8W_r0.80_th135_k0.00,contact radius has reached topology loss
Ro120_q0.75_L8W_r0.80_th135_k0.25,contact radius has reached topology loss
Ro120_q0.75_L8W_r0.80_th135_k0.50,contact radius has reached topology loss
Ro120_q0.75_L8W_r0.80_th135_k0.75,contact radius has reached topology loss
Ro120_q0.75_L8W_r0.80_th150_k0.00,contact radius has reached topology loss
Ro120_q0.75_L8W_r0.80_th150_k0.25,contact radius has reached topology loss
Ro120_q0.75_L8W_r0.80_th150_k0.50,contact radius has reached topology loss
Ro120_q0.75_L8W_r0.80_th150_k0.75,contact radius has reached topology loss
Ro120_q0.75_L8W_r0.80_th165_k0.00,contact radius has reached topology loss
Ro120_q0.75_L8W_r0.80_th165_k0.25,contact radius has reached topology loss
Ro120_q0.75_L8W_r0.80_th165_k0.50,contact radius has reached topology loss
Ro120_q0.75_L8W_r0.80_th165_k0.75,contact radius has reached topology loss
Ro120_q0.75_L8W_r0.80_th170_k0.00,contact radius has reached topology loss
Ro120_q0.75_L8W_r0.80_th170_k0.25,contact radius has reached topology loss
Ro120_q0.75_L8W_r0.80_th170_k0.50,contact radius has reached topology loss
Ro120_q0.75_L8W_r0.80_th170_k0.75,contact radius has reached topology loss
Ro120_q0.75_L8W_r1.40_th120_k0.00,outer profile has multiple radial extrema
Ro120_q0.75_L8W_r1.40_th120_k0.25,outer profile has multiple radial extrema
Ro120_q0.75_L8W_r1.40_th120_k0.50,outer profile has multiple radial extrema
Ro120_q0.75_L8W_r1.40_th120_k0.75,outer profile has multiple radial extrema
Ro120_q0.75_L8W_r1.40_th135_k0.00,outer profile has multiple radial extrema
Ro120_q0.75_L8W_r1.40_th135_k0.25,outer profile has multiple radial extrema
Ro120_q0.75_L8W_r1.40_th135_k0.50,outer profile has multiple radial extrema
Ro120_q0.75_L8W_r1.60_th120_k0.00,negative outer squared radius
Ro120_q0.75_L8W_r1.60_th120_k0.25,negative outer squared radius
Ro120_q0.75_L8W_r1.60_th120_k0.50,negative outer squared radius
Ro120_q0.75_L8W_r1.60_th120_k0.75,negative outer squared radius
Ro120_q0.75_L8W_r1.60_th135_k0.00,negative outer squared radius
Ro120_q0.75_L8W_r1.60_th135_k0.25,negative outer squared radius
Ro120_q0.75_L8W_r1.60_th135_k0.50,negative outer squared radius
Ro120_q0.75_L8W_r1.60_th135_k0.75,negative outer squared radius
Ro120_q0.75_L8W_r1.60_th150_k0.00,outer profile has multiple radial extrema
Ro120_q0.75_L8W_r1.60_th150_k0.25,outer profile has multiple radial extrema
Ro120_q0.75_L8W_r1.60_th150_k0.50,outer profile has multiple radial extrema
Ro120_q0.75_L8W_r1.60_th150_k0.75,outer profile has multiple radial extrema
Ro120_q0.75_L8W_r1.60_th165_k0.00,outer profile has multiple radial extrema
Ro120_q0.75_L8W_r1.60_th165_k0.25,outer profile has multiple radial extrema
Ro120_q0.75_L8W_r1.60_th165_k0.50,outer profile has multiple radial extrema
Ro120_q0.75_L8W_r1.60_th165_k0.75,outer profile has multiple radial extrema
Ro120_q0.75_L8W_r1.60_th170_k0.00,outer profile has multiple radial extrema
Ro120_q0.75_L8W_r1.60_th170_k0.25,outer profile has multiple radial extrema
Ro120_q0.75_L8W_r1.60_th170_k0.50,outer profile has multiple radial extrema
Ro120_q0.75_L8W_r1.60_th170_k0.75,outer profile has multiple radial extrema
Ro120_q0.75_L10W_r0.60_th120_k0.00,contact radius has reached topology loss
Ro120_q0.75_L10W_r0.60_th120_k0.25,contact radius has reached topology loss
Ro120_q0.75_L10W_r0.60_th120_k0.50,contact radius has reached topology loss
Ro120_q0.75_L10W_r0.60_th120_k0.75,contact radius has reached topology loss
Ro120_q0.75_L10W_r0.60_th135_k0.00,contact radius has reached topology loss
Ro120_q0.75_L10W_r0.60_th135_k0.25,contact radius has reached topology loss
Ro120_q0.75_L10W_r0.60_th135_k0.50,contact radius has reached topology loss
Ro120_q0.75_L10W_r0.60_th135_k0.75,contact radius has reached topology loss
Ro120_q0.75_L10W_r0.60_th150_k0.00,contact radius has reached topology loss
Ro120_q0.75_L10W_r0.60_th150_k0.25,contact radius has reached topology loss
Ro120_q0.75_L10W_r0.60_th150_k0.50,contact radius has reached topology loss
Ro120_q0.75_L10W_r0.60_th150_k0.75,contact radius has reached topology loss
Ro120_q0.75_L10W_r0.60_th165_k0.00,contact radius has reached topology loss
Ro120_q0.75_L10W_r0.60_th165_k0.25,contact radius has reached topology loss
Ro120_q0.75_L10W_r0.60_th165_k0.50,contact radius has reached topology loss
Ro120_q0.75_L10W_r0.60_th165_k0.75,contact radius has reached topology loss
Ro120_q0.75_L10W_r0.60_th170_k0.00,contact radius has reached topology loss
Ro120_q0.75_L10W_r0.60_th170_k0.25,contact radius has reached topology loss
Ro120_q0.75_L10W_r0.60_th170_k0.50,contact radius has reached topology loss
Ro120_q0.75_L10W_r0.60_th170_k0.75,contact radius has reached topology loss
Ro120_q0.75_L10W_r0.80_th120_k0.00,TJ radius below 6W
Ro120_q0.75_L10W_r0.80_th120_k0.25,TJ radius below 6W
Ro120_q0.75_L10W_r0.80_th120_k0.50,TJ radius below 6W
Ro120_q0.75_L10W_r0.80_th120_k0.75,TJ radius below 6W
Ro120_q0.75_L10W_r0.80_th135_k0.00,TJ radius below 6W
Ro120_q0.75_L10W_r0.80_th135_k0.25,TJ radius below 6W
Ro120_q0.75_L10W_r0.80_th135_k0.50,TJ radius below 6W
Ro120_q0.75_L10W_r0.80_th135_k0.75,TJ radius below 6W
Ro120_q0.75_L10W_r0.80_th150_k0.00,TJ radius below 6W
Ro120_q0.75_L10W_r0.80_th150_k0.25,TJ radius below 6W
Ro120_q0.75_L10W_r0.80_th150_k0.50,TJ radius below 6W
Ro120_q0.75_L10W_r0.80_th150_k0.75,TJ radius below 6W
Ro120_q0.75_L10W_r0.80_th165_k0.00,TJ radius below 6W
Ro120_q0.75_L10W_r0.80_th165_k0.25,TJ radius below 6W
Ro120_q0.75_L10W_r0.80_th165_k0.50,TJ radius below 6W
Ro120_q0.75_L10W_r0.80_th165_k0.75,TJ radius below 6W
Ro120_q0.75_L10W_r0.80_th170_k0.00,TJ radius below 6W
Ro120_q0.75_L10W_r0.80_th170_k0.25,TJ radius below 6W
Ro120_q0.75_L10W_r0.80_th170_k0.50,TJ radius below 6W
Ro120_q0.75_L10W_r0.80_th170_k0.75,TJ radius below 6W
Ro120_q0.75_L10W_r1.40_th120_k0.00,outer profile has multiple radial extrema
Ro120_q0.75_L10W_r1.40_th120_k0.25,outer profile has multiple radial extrema
Ro120_q0.75_L10W_r1.40_th120_k0.50,outer profile has multiple radial extrema
Ro120_q0.75_L10W_r1.40_th120_k0.75,outer profile has multiple radial extrema
Ro120_q0.75_L10W_r1.40_th135_k0.00,outer profile has multiple radial extrema
Ro120_q0.75_L10W_r1.40_th135_k0.25,outer profile has multiple radial extrema
Ro120_q0.75_L10W_r1.40_th135_k0.50,outer profile has multiple radial extrema
Ro120_q0.75_L10W_r1.40_th170_k0.75,outer profile has multiple radial extrema
Ro120_q0.75_L10W_r1.60_th120_k0.00,negative outer squared radius
Ro120_q0.75_L10W_r1.60_th120_k0.25,negative outer squared radius
Ro120_q0.75_L10W_r1.60_th120_k0.50,negative outer squared radius
Ro120_q0.75_L10W_r1.60_th120_k0.75,negative outer squared radius
Ro120_q0.75_L10W_r1.60_th135_k0.00,negative outer squared radius
Ro120_q0.75_L10W_r1.60_th135_k0.25,negative outer squared radius
Ro120_q0.75_L10W_r1.60_th135_k0.50,negative outer squared radius
Ro120_q0.75_L10W_r1.60_th135_k0.75,negative outer squared radius
Ro120_q0.75_L10W_r1.60_th150_k0.00,outer profile has multiple radial extrema
Ro120_q0.75_L10W_r1.60_th150_k0.25,outer profile has multiple radial extrema
Ro120_q0.75_L10W_r1.60_th150_k0.50,outer profile has multiple radial extrema
Ro120_q0.75_L10W_r1.60_th150_k0.75,outer profile has multiple radial extrema
Ro120_q0.75_L10W_r1.60_th165_k0.00,outer profile has multiple radial extrema
Ro120_q0.75_L10W_r1.60_th165_k0.25,outer profile has multiple radial extrema
Ro120_q0.75_L10W_r1.60_th165_k0.50,outer profile has multiple radial extrema
Ro120_q0.75_L10W_r1.60_th165_k0.75,outer profile has multiple radial extrema
Ro120_q0.75_L10W_r1.60_th170_k0.00,outer profile has multiple radial extrema
Ro120_q0.75_L10W_r1.60_th170_k0.25,outer profile has multiple radial extrema
Ro120_q0.75_L10W_r1.60_th170_k0.50,outer profile has multiple radial extrema
Ro120_q0.75_L10W_r1.60_th170_k0.75,outer profile has multiple radial extrema
Ro120_q0.75_L12W_r0.60_th120_k0.00,contact radius has reached topology loss
Ro120_q0.75_L12W_r0.60_th120_k0.25,contact radius has reached topology loss
Ro120_q0.75_L12W_r0.60_th120_k0.50,contact radius has reached topology loss
Ro120_q0.75_L12W_r0.60_th120_k0.75,contact radius has reached topology loss
Ro120_q0.75_L12W_r0.60_th135_k0.00,contact radius has reached topology loss
Ro120_q0.75_L12W_r0.60_th135_k0.25,contact radius has reached topology loss
Ro120_q0.75_L12W_r0.60_th135_k0.50,contact radius has reached topology loss
Ro120_q0.75_L12W_r0.60_th135_k0.75,contact radius has reached topology loss
Ro120_q0.75_L12W_r0.60_th150_k0.00,contact radius has reached topology loss
Ro120_q0.75_L12W_r0.60_th150_k0.25,contact radius has reached topology loss
Ro120_q0.75_L12W_r0.60_th150_k0.50,contact radius has reached topology loss
Ro120_q0.75_L12W_r0.60_th150_k0.75,contact radius has reached topology loss
Ro120_q0.75_L12W_r0.60_th165_k0.00,contact radius has reached topology loss
Ro120_q0.75_L12W_r0.60_th165_k0.25,contact radius has reached topology loss
Ro120_q0.75_L12W_r0.60_th165_k0.50,contact radius has reached topology loss
Ro120_q0.75_L12W_r0.60_th165_k0.75,contact radius has reached topology loss
Ro120_q0.75_L12W_r0.60_th170_k0.00,contact radius has reached topology loss
Ro120_q0.75_L12W_r0.60_th170_k0.25,contact radius has reached topology loss
Ro120_q0.75_L12W_r0.60_th170_k0.50,contact radius has reached topology loss
Ro120_q0.75_L12W_r0.60_th170_k0.75,contact radius has reached topology loss
Ro120_q0.75_L12W_r1.40_th120_k0.00,outer profile has multiple radial extrema
Ro120_q0.75_L12W_r1.40_th120_k0.25,outer profile has multiple radial extrema
Ro120_q0.75_L12W_r1.40_th120_k0.50,outer profile has multiple radial extrema
Ro120_q0.75_L12W_r1.40_th120_k0.75,outer profile has multiple radial extrema
Ro120_q0.75_L12W_r1.40_th135_k0.00,outer profile has multiple radial extrema
Ro120_q0.75_L12W_r1.40_th135_k0.25,outer profile has multiple radial extrema
Ro120_q0.75_L12W_r1.40_th135_k0.50,outer profile has multiple radial extrema
Ro120_q0.75_L12W_r1.60_th120_k0.00,center profile is not monotone from midplane to GB; negative outer squared radius
Ro120_q0.75_L12W_r1.60_th120_k0.25,center profile is not monotone from midplane to GB; negative outer squared radius
Ro120_q0.75_L12W_r1.60_th120_k0.50,center profile is not monotone from midplane to GB; negative outer squared radius
Ro120_q0.75_L12W_r1.60_th120_k0.75,center profile is not monotone from midplane to GB; negative outer squared radius
Ro120_q0.75_L12W_r1.60_th135_k0.00,center profile is not monotone from midplane to GB; negative outer squared radius
Ro120_q0.75_L12W_r1.60_th135_k0.25,center profile is not monotone from midplane to GB; negative outer squared radius
Ro120_q0.75_L12W_r1.60_th135_k0.50,center profile is not monotone from midplane to GB; negative outer squared radius
Ro120_q0.75_L12W_r1.60_th135_k0.75,center profile is not monotone from midplane to GB; negative outer squared radius
Ro120_q0.75_L12W_r1.60_th150_k0.00,center profile is not monotone from midplane to GB; outer profile has multiple radial extrema
Ro120_q0.75_L12W_r1.60_th150_k0.25,center profile is not monotone from midplane to GB; outer profile has multiple radial extrema
Ro120_q0.75_L12W_r1.60_th150_k0.50,center profile is not monotone from midplane to GB; outer profile has multiple radial extrema
Ro120_q0.75_L12W_r1.60_th150_k0.75,center profile is not monotone from midplane to GB; outer profile has multiple radial extrema
Ro120_q0.75_L12W_r1.60_th165_k0.00,center profile is not monotone from midplane to GB; outer profile has multiple radial extrema
Ro120_q0.75_L12W_r1.60_th165_k0.25,center profile is not monotone from midplane to GB; outer profile has multiple radial extrema
Ro120_q0.75_L12W_r1.60_th165_k0.50,center profile is not monotone from midplane to GB; outer profile has multiple radial extrema
Ro120_q0.75_L12W_r1.60_th165_k0.75,center profile is not monotone from midplane to GB; outer profile has multiple radial extrema
Ro120_q0.75_L12W_r1.60_th170_k0.00,center profile is not monotone from midplane to GB; outer profile has multiple radial extrema
Ro120_q0.75_L12W_r1.60_th170_k0.25,center profile is not monotone from midplane to GB; outer profile has multiple radial extrema
Ro120_q0.75_L12W_r1.60_th170_k0.50,center profile is not monotone from midplane to GB; outer profile has multiple radial extrema
Ro120_q0.75_L12W_r1.60_th170_k0.75,center profile is not monotone from midplane to GB; outer profile has multiple radial extrema
Ro120_q0.75_L16W_r0.60_th120_k0.00,contact radius has reached topology loss
Ro120_q0.75_L16W_r0.60_th120_k0.25,contact radius has reached topology loss
Ro120_q0.75_L16W_r0.60_th120_k0.50,contact radius has reached topology loss
Ro120_q0.75_L16W_r0.60_th120_k0.75,contact radius has reached topology loss
Ro120_q0.75_L16W_r0.60_th135_k0.00,contact radius has reached topology loss
Ro120_q0.75_L16W_r0.60_th135_k0.25,contact radius has reached topology loss
Ro120_q0.75_L16W_r0.60_th135_k0.50,contact radius has reached topology loss
Ro120_q0.75_L16W_r0.60_th135_k0.75,contact radius has reached topology loss
Ro120_q0.75_L16W_r0.60_th150_k0.00,contact radius has reached topology loss
Ro120_q0.75_L16W_r0.60_th150_k0.25,contact radius has reached topology loss
Ro120_q0.75_L16W_r0.60_th150_k0.50,contact radius has reached topology loss
Ro120_q0.75_L16W_r0.60_th150_k0.75,contact radius has reached topology loss
Ro120_q0.75_L16W_r0.60_th165_k0.00,contact radius has reached topology loss
Ro120_q0.75_L16W_r0.60_th165_k0.25,contact radius has reached topology loss
Ro120_q0.75_L16W_r0.60_th165_k0.50,contact radius has reached topology loss
Ro120_q0.75_L16W_r0.60_th165_k0.75,contact radius has reached topology loss
Ro120_q0.75_L16W_r0.60_th170_k0.00,contact radius has reached topology loss
Ro120_q0.75_L16W_r0.60_th170_k0.25,contact radius has reached topology loss
Ro120_q0.75_L16W_r0.60_th170_k0.50,contact radius has reached topology loss
Ro120_q0.75_L16W_r0.60_th170_k0.75,contact radius has reached topology loss
Ro120_q0.75_L16W_r1.40_th120_k0.00,center profile is not monotone from midplane to GB; outer profile has multiple radial extrema
Ro120_q0.75_L16W_r1.40_th120_k0.25,center profile is not monotone from midplane to GB; outer profile has multiple radial extrema
Ro120_q0.75_L16W_r1.40_th120_k0.50,center profile is not monotone from midplane to GB; outer profile has multiple radial extrema
Ro120_q0.75_L16W_r1.40_th120_k0.75,center profile is not monotone from midplane to GB; outer profile has multiple radial extrema
Ro120_q0.75_L16W_r1.40_th135_k0.00,center profile is not monotone from midplane to GB; outer profile has multiple radial extrema
Ro120_q0.75_L16W_r1.40_th135_k0.25,center profile is not monotone from midplane to GB; outer profile has multiple radial extrema
Ro120_q0.75_L16W_r1.40_th135_k0.50,center profile is not monotone from midplane to GB; outer profile has multiple radial extrema
Ro120_q0.75_L16W_r1.40_th135_k0.75,center profile is not monotone from midplane to GB
Ro120_q0.75_L16W_r1.40_th150_k0.00,center profile is not monotone from midplane to GB
Ro120_q0.75_L16W_r1.40_th150_k0.25,center profile is not monotone from midplane to GB
Ro120_q0.75_L16W_r1.40_th150_k0.50,center profile is not monotone from midplane to GB
Ro120_q0.75_L16W_r1.40_th150_k0.75,center profile is not monotone from midplane to GB
Ro120_q0.75_L16W_r1.40_th165_k0.00,center profile is not monotone from midplane to GB
Ro120_q0.75_L16W_r1.40_th165_k0.25,center profile is not monotone from midplane to GB
Ro120_q0.75_L16W_r1.40_th165_k0.50,center profile is not monotone from midplane to GB
Ro120_q0.75_L16W_r1.40_th165_k0.75,center profile is not monotone from midplane to GB
Ro120_q0.75_L16W_r1.40_th170_k0.00,center profile is not monotone from midplane to GB
Ro120_q0.75_L16W_r1.40_th170_k0.25,center profile is not monotone from midplane to GB
Ro120_q0.75_L16W_r1.40_th170_k0.50,center profile is not monotone from midplane to GB
Ro120_q0.75_L16W_r1.40_th170_k0.75,center profile is not monotone from midplane to GB
Ro120_q0.75_L16W_r1.60_th120_k0.00,center profile is not monotone from midplane to GB; negative outer squared radius
Ro120_q0.75_L16W_r1.60_th120_k0.25,center profile is not monotone from midplane to GB; negative outer squared radius
Ro120_q0.75_L16W_r1.60_th120_k0.50,center profile is not monotone from midplane to GB; negative outer squared radius
Ro120_q0.75_L16W_r1.60_th120_k0.75,center profile is not monotone from midplane to GB; negative outer squared radius
Ro120_q0.75_L16W_r1.60_th135_k0.00,center profile is not monotone from midplane to GB; negative outer squared radius
Ro120_q0.75_L16W_r1.60_th135_k0.25,center profile is not monotone from midplane to GB; negative outer squared radius
Ro120_q0.75_L16W_r1.60_th135_k0.50,center profile is not monotone from midplane to GB; negative outer squared radius
Ro120_q0.75_L16W_r1.60_th135_k0.75,center profile is not monotone from midplane to GB; negative outer squared radius
Ro120_q0.75_L16W_r1.60_th150_k0.00,center profile is not monotone from midplane to GB; outer profile has multiple radial extrema
Ro120_q0.75_L16W_r1.60_th150_k0.25,center profile is not monotone from midplane to GB; outer profile has multiple radial extrema
Ro120_q0.75_L16W_r1.60_th150_k0.50,center profile is not monotone from midplane to GB; outer profile has multiple radial extrema
Ro120_q0.75_L16W_r1.60_th150_k0.75,center profile is not monotone from midplane to GB; outer profile has multiple radial extrema
Ro120_q0.75_L16W_r1.60_th165_k0.00,center profile is not monotone from midplane to GB; outer profile has multiple radial extrema
Ro120_q0.75_L16W_r1.60_th165_k0.25,center profile is not monotone from midplane to GB; outer profile has multiple radial extrema
Ro120_q0.75_L16W_r1.60_th165_k0.50,center profile is not monotone from midplane to GB; outer profile has multiple radial extrema
Ro120_q0.75_L16W_r1.60_th165_k0.75,center profile is not monotone from midplane to GB; outer profile has multiple radial extrema
Ro120_q0.75_L16W_r1.60_th170_k0.00,center profile is not monotone from midplane to GB; outer profile has multiple radial extrema
Ro120_q0.75_L16W_r1.60_th170_k0.25,center profile is not monotone from midplane to GB; outer profile has multiple radial extrema
Ro120_q0.75_L16W_r1.60_th170_k0.50,center profile is not monotone from midplane to GB; outer profile has multiple radial extrema
Ro120_q0.75_L16W_r1.60_th170_k0.75,center profile is not monotone from midplane to GB; outer profile has multiple radial extrema
Ro120_q0.75_L20W_r0.60_th120_k0.00,TJ radius below 6W
Ro120_q0.75_L20W_r0.60_th120_k0.25,TJ radius below 6W
Ro120_q0.75_L20W_r0.60_th120_k0.50,TJ radius below 6W
Ro120_q0.75_L20W_r0.60_th120_k0.75,TJ radius below 6W
Ro120_q0.75_L20W_r0.60_th135_k0.00,TJ radius below 6W
Ro120_q0.75_L20W_r0.60_th135_k0.25,TJ radius below 6W
Ro120_q0.75_L20W_r0.60_th135_k0.50,TJ radius below 6W
Ro120_q0.75_L20W_r0.60_th135_k0.75,TJ radius below 6W
Ro120_q0.75_L20W_r0.60_th150_k0.00,TJ radius below 6W
Ro120_q0.75_L20W_r0.60_th150_k0.25,TJ radius below 6W
Ro120_q0.75_L20W_r0.60_th150_k0.50,TJ radius below 6W
Ro120_q0.75_L20W_r0.60_th150_k0.75,TJ radius below 6W
Ro120_q0.75_L20W_r0.60_th165_k0.00,TJ radius below 6W
Ro120_q0.75_L20W_r0.60_th165_k0.25,TJ radius below 6W
Ro120_q0.75_L20W_r0.60_th165_k0.50,TJ radius below 6W
Ro120_q0.75_L20W_r0.60_th165_k0.75,TJ radius below 6W
Ro120_q0.75_L20W_r0.60_th170_k0.00,TJ radius below 6W
Ro120_q0.75_L20W_r0.60_th170_k0.25,TJ radius below 6W
Ro120_q0.75_L20W_r0.60_th170_k0.50,TJ radius below 6W
Ro120_q0.75_L20W_r0.60_th170_k0.75,TJ radius below 6W
Ro120_q0.75_L20W_r1.20_th120_k0.00,center profile is not monotone from midplane to GB
Ro120_q0.75_L20W_r1.20_th120_k0.25,center profile is not monotone from midplane to GB
Ro120_q0.75_L20W_r1.20_th120_k0.50,center profile is not monotone from midplane to GB
Ro120_q0.75_L20W_r1.20_th120_k0.75,center profile is not monotone from midplane to GB
Ro120_q0.75_L20W_r1.20_th135_k0.00,center profile is not monotone from midplane to GB
Ro120_q0.75_L20W_r1.20_th135_k0.25,center profile is not monotone from midplane to GB
Ro120_q0.75_L20W_r1.20_th135_k0.50,center profile is not monotone from midplane to GB
Ro120_q0.75_L20W_r1.20_th135_k0.75,center profile is not monotone from midplane to GB
Ro120_q0.75_L20W_r1.20_th150_k0.00,center profile is not monotone from midplane to GB
Ro120_q0.75_L20W_r1.20_th150_k0.25,center profile is not monotone from midplane to GB
Ro120_q0.75_L20W_r1.20_th150_k0.50,center profile is not monotone from midplane to GB
Ro120_q0.75_L20W_r1.20_th150_k0.75,center profile is not monotone from midplane to GB
Ro120_q0.75_L20W_r1.40_th120_k0.00,center profile is not monotone from midplane to GB; outer profile has multiple radial extrema
Ro120_q0.75_L20W_r1.40_th120_k0.25,center profile is not monotone from midplane to GB; outer profile has multiple radial extrema
Ro120_q0.75_L20W_r1.40_th120_k0.50,center profile is not monotone from midplane to GB; outer profile has multiple radial extrema
Ro120_q0.75_L20W_r1.40_th120_k0.75,center profile is not monotone from midplane to GB; outer profile has multiple radial extrema
Ro120_q0.75_L20W_r1.40_th135_k0.00,center profile is not monotone from midplane to GB; outer profile has multiple radial extrema
Ro120_q0.75_L20W_r1.40_th135_k0.25,center profile is not monotone from midplane to GB; outer profile has multiple radial extrema
Ro120_q0.75_L20W_r1.40_th135_k0.50,center profile is not monotone from midplane to GB; outer profile has multiple radial extrema
Ro120_q0.75_L20W_r1.40_th135_k0.75,center profile is not monotone from midplane to GB
Ro120_q0.75_L20W_r1.40_th150_k0.00,center profile is not monotone from midplane to GB
Ro120_q0.75_L20W_r1.40_th150_k0.25,center profile is not monotone from midplane to GB
Ro120_q0.75_L20W_r1.40_th150_k0.50,center profile is not monotone from midplane to GB
Ro120_q0.75_L20W_r1.40_th150_k0.75,center profile is not monotone from midplane to GB
Ro120_q0.75_L20W_r1.40_th165_k0.00,center profile is not monotone from midplane to GB
Ro120_q0.75_L20W_r1.40_th165_k0.25,center profile is not monotone from midplane to GB
Ro120_q0.75_L20W_r1.40_th165_k0.50,center profile is not monotone from midplane to GB
Ro120_q0.75_L20W_r1.40_th165_k0.75,center profile is not monotone from midplane to GB
Ro120_q0.75_L20W_r1.40_th170_k0.00,center profile is not monotone from midplane to GB
Ro120_q0.75_L20W_r1.40_th170_k0.25,center profile is not monotone from midplane to GB
Ro120_q0.75_L20W_r1.40_th170_k0.50,center profile is not monotone from midplane to GB
Ro120_q0.75_L20W_r1.40_th170_k0.75,center profile is not monotone from midplane to GB
Ro120_q0.75_L20W_r1.60_th120_k0.00,center profile is not monotone from midplane to GB; center topology fails before requested loss; negative outer squared radius
Ro120_q0.75_L20W_r1.60_th120_k0.25,center profile is not monotone from midplane to GB; center topology fails before requested loss; negative outer squared radius
Ro120_q0.75_L20W_r1.60_th120_k0.50,center profile is not monotone from midplane to GB; center topology fails before requested loss; negative outer squared radius
Ro120_q0.75_L20W_r1.60_th120_k0.75,center profile is not monotone from midplane to GB; center topology fails before requested loss; negative outer squared radius
Ro120_q0.75_L20W_r1.60_th135_k0.00,center profile is not monotone from midplane to GB; center topology fails before requested loss; negative outer squared radius
Ro120_q0.75_L20W_r1.60_th135_k0.25,center profile is not monotone from midplane to GB; center topology fails before requested loss; negative outer squared radius
Ro120_q0.75_L20W_r1.60_th135_k0.50,center profile is not monotone from midplane to GB; center topology fails before requested loss; negative outer squared radius
Ro120_q0.75_L20W_r1.60_th135_k0.75,center profile is not monotone from midplane to GB; center topology fails before requested loss; negative outer squared radius
Ro120_q0.75_L20W_r1.60_th150_k0.00,center profile is not monotone from midplane to GB; center topology fails before requested loss; outer profile has multiple radial extrema
Ro120_q0.75_L20W_r1.60_th150_k0.25,center profile is not monotone from midplane to GB; center topology fails before requested loss; outer profile has multiple radial extrema
Ro120_q0.75_L20W_r1.60_th150_k0.50,center profile is not monotone from midplane to GB; center topology fails before requested loss; outer profile has multiple radial extrema
Ro120_q0.75_L20W_r1.60_th150_k0.75,center profile is not monotone from midplane to GB; center topology fails before requested loss; outer profile has multiple radial extrema
Ro120_q0.75_L20W_r1.60_th165_k0.00,center profile is not monotone from midplane to GB; center topology fails before requested loss; outer profile has multiple radial extrema
Ro120_q0.75_L20W_r1.60_th165_k0.25,center profile is not monotone from midplane to GB; center topology fails before requested loss; outer profile has multiple radial extrema
Ro120_q0.75_L20W_r1.60_th165_k0.50,center profile is not monotone from midplane to GB; center topology fails before requested loss; outer profile has multiple radial extrema
Ro120_q0.75_L20W_r1.60_th165_k0.75,center profile is not monotone from midplane to GB; center topology fails before requested loss; outer profile has multiple radial extrema
Ro120_q0.75_L20W_r1.60_th170_k0.00,center profile is not monotone from midplane to GB; center topology fails before requested loss; outer profile has multiple radial extrema
Ro120_q0.75_L20W_r1.60_th170_k0.25,center profile is not monotone from midplane to GB; center topology fails before requested loss; outer profile has multiple radial extrema
Ro120_q0.75_L20W_r1.60_th170_k0.50,center profile is not monotone from midplane to GB; center topology fails before requested loss; outer profile has multiple radial extrema
Ro120_q0.75_L20W_r1.60_th170_k0.75,center profile is not monotone from midplane to GB; center topology fails before requested loss; outer profile has multiple radial extrema
Ro120_q0.75_L24W_r1.20_th120_k0.00,center profile is not monotone from midplane to GB
Ro120_q0.75_L24W_r1.20_th120_k0.25,center profile is not monotone from midplane to GB
Ro120_q0.75_L24W_r1.20_th120_k0.50,center profile is not monotone from midplane to GB
Ro120_q0.75_L24W_r1.20_th120_k0.75,center profile is not monotone from midplane to GB
Ro120_q0.75_L24W_r1.20_th135_k0.00,center profile is not monotone from midplane to GB
Ro120_q0.75_L24W_r1.20_th135_k0.25,center profile is not monotone from midplane to GB
Ro120_q0.75_L24W_r1.20_th135_k0.50,center profile is not monotone from midplane to GB
Ro120_q0.75_L24W_r1.20_th135_k0.75,center profile is not monotone from midplane to GB
Ro120_q0.75_L24W_r1.20_th150_k0.00,center profile is not monotone from midplane to GB
Ro120_q0.75_L24W_r1.20_th150_k0.25,center profile is not monotone from midplane to GB
Ro120_q0.75_L24W_r1.20_th150_k0.50,center profile is not monotone from midplane to GB
Ro120_q0.75_L24W_r1.20_th150_k0.75,center profile is not monotone from midplane to GB
Ro120_q0.75_L24W_r1.20_th165_k0.00,center profile is not monotone from midplane to GB
Ro120_q0.75_L24W_r1.20_th165_k0.25,center profile is not monotone from midplane to GB
Ro120_q0.75_L24W_r1.20_th165_k0.50,center profile is not monotone from midplane to GB
Ro120_q0.75_L24W_r1.20_th165_k0.75,center profile is not monotone from midplane to GB
Ro120_q0.75_L24W_r1.20_th170_k0.00,center profile is not monotone from midplane to GB
Ro120_q0.75_L24W_r1.20_th170_k0.25,center profile is not monotone from midplane to GB
Ro120_q0.75_L24W_r1.20_th170_k0.50,center profile is not monotone from midplane to GB
Ro120_q0.75_L24W_r1.20_th170_k0.75,center profile is not monotone from midplane to GB
Ro120_q0.75_L24W_r1.40_th120_k0.00,center profile is not monotone from midplane to GB; center topology fails before requested loss; outer profile has multiple radial extrema
Ro120_q0.75_L24W_r1.40_th120_k0.25,center profile is not monotone from midplane to GB; center topology fails before requested loss; outer profile has multiple radial extrema
Ro120_q0.75_L24W_r1.40_th120_k0.50,center profile is not monotone from midplane to GB; center topology fails before requested loss; outer profile has multiple radial extrema
Ro120_q0.75_L24W_r1.40_th120_k0.75,center profile is not monotone from midplane to GB; center topology fails before requested loss; outer profile has multiple radial extrema
Ro120_q0.75_L24W_r1.40_th135_k0.00,center profile is not monotone from midplane to GB; outer profile has multiple radial extrema
Ro120_q0.75_L24W_r1.40_th135_k0.25,center profile is not monotone from midplane to GB; outer profile has multiple radial extrema
Ro120_q0.75_L24W_r1.40_th135_k0.50,center profile is not monotone from midplane to GB; outer profile has multiple radial extrema
Ro120_q0.75_L24W_r1.40_th135_k0.75,center profile is not monotone from midplane to GB
Ro120_q0.75_L24W_r1.40_th150_k0.00,center profile is not monotone from midplane to GB
Ro120_q0.75_L24W_r1.40_th150_k0.25,center profile is not monotone from midplane to GB
Ro120_q0.75_L24W_r1.40_th150_k0.50,center profile is not monotone from midplane to GB
Ro120_q0.75_L24W_r1.40_th150_k0.75,center profile is not monotone from midplane to GB
Ro120_q0.75_L24W_r1.40_th165_k0.00,center profile is not monotone from midplane to GB
Ro120_q0.75_L24W_r1.40_th165_k0.25,center profile is not monotone from midplane to GB
Ro120_q0.75_L24W_r1.40_th165_k0.50,center profile is not monotone from midplane to GB
Ro120_q0.75_L24W_r1.40_th165_k0.75,center profile is not monotone from midplane to GB
Ro120_q0.75_L24W_r1.40_th170_k0.00,center profile is not monotone from midplane to GB
Ro120_q0.75_L24W_r1.40_th170_k0.25,center profile is not monotone from midplane to GB
Ro120_q0.75_L24W_r1.40_th170_k0.50,center profile is not monotone from midplane to GB
Ro120_q0.75_L24W_r1.40_th170_k0.75,center profile is not monotone from midplane to GB
Ro120_q0.75_L24W_r1.60_th120_k0.00,negative center squared radius; center profile is not monotone from midplane to GB; center topology fails before requested loss; negative outer squared radius
Ro120_q0.75_L24W_r1.60_th120_k0.25,negative center squared radius; center profile is not monotone from midplane to GB; center topology fails before requested loss; negative outer squared radius
Ro120_q0.75_L24W_r1.60_th120_k0.50,negative center squared radius; center profile is not monotone from midplane to GB; center topology fails before requested loss; negative outer squared radius
Ro120_q0.75_L24W_r1.60_th120_k0.75,negative center squared radius; center profile is not monotone from midplane to GB; center topology fails before requested loss; negative outer squared radius
Ro120_q0.75_L24W_r1.60_th135_k0.00,negative center squared radius; center profile is not monotone from midplane to GB; center topology fails before requested loss; negative outer squared radius
Ro120_q0.75_L24W_r1.60_th135_k0.25,negative center squared radius; center profile is not monotone from midplane to GB; center topology fails before requested loss; negative outer squared radius
Ro120_q0.75_L24W_r1.60_th135_k0.50,negative center squared radius; center profile is not monotone from midplane to GB; center topology fails before requested loss; negative outer squared radius
Ro120_q0.75_L24W_r1.60_th135_k0.75,negative center squared radius; center profile is not monotone from midplane to GB; center topology fails before requested loss; negative outer squared radius
Ro120_q0.75_L24W_r1.60_th150_k0.00,negative center squared radius; center profile is not monotone from midplane to GB; center topology fails before requested loss; outer profile has multiple radial extrema
Ro120_q0.75_L24W_r1.60_th150_k0.25,negative center squared radius; center profile is not monotone from midplane to GB; center topology fails before requested loss; outer profile has multiple radial extrema
Ro120_q0.75_L24W_r1.60_th150_k0.50,negative center squared radius; center profile is not monotone from midplane to GB; center topology fails before requested loss; outer profile has multiple radial extrema
Ro120_q0.75_L24W_r1.60_th150_k0.75,negative center squared radius; center profile is not monotone from midplane to GB; center topology fails before requested loss; outer profile has multiple radial extrema
Ro120_q0.75_L24W_r1.60_th165_k0.00,negative center squared radius; center profile is not monotone from midplane to GB; center topology fails before requested loss; outer profile has multiple radial extrema
Ro120_q0.75_L24W_r1.60_th165_k0.25,negative center squared radius; center profile is not monotone from midplane to GB; center topology fails before requested loss; outer profile has multiple radial extrema
Ro120_q0.75_L24W_r1.60_th165_k0.50,negative center squared radius; center profile is not monotone from midplane to GB; center topology fails before requested loss; outer profile has multiple radial extrema
Ro120_q0.75_L24W_r1.60_th165_k0.75,negative center squared radius; center profile is not monotone from midplane to GB; center topology fails before requested loss; outer profile has multiple radial extrema
Ro120_q0.75_L24W_r1.60_th170_k0.00,negative center squared radius; center profile is not monotone from midplane to GB; center topology fails before requested loss; outer profile has multiple radial extrema
Ro120_q0.75_L24W_r1.60_th170_k0.25,negative center squared radius; center profile is not monotone from midplane to GB; center topology fails before requested loss; outer profile has multiple radial extrema
Ro120_q0.75_L24W_r1.60_th170_k0.50,negative center squared radius; center profile is not monotone from midplane to GB; center topology fails before requested loss; outer profile has multiple radial extrema
Ro120_q0.75_L24W_r1.60_th170_k0.75,negative center squared radius; center profile is not monotone from midplane to GB; center topology fails before requested loss; outer profile has multiple radial extrema
Ro120_q0.85_L8W_r0.60_th120_k0.00,contact radius has reached topology loss
Ro120_q0.85_L8W_r0.60_th120_k0.25,contact radius has reached topology loss
Ro120_q0.85_L8W_r0.60_th120_k0.50,contact radius has reached topology loss
Ro120_q0.85_L8W_r0.60_th120_k0.75,contact radius has reached topology loss
Ro120_q0.85_L8W_r0.60_th135_k0.00,contact radius has reached topology loss
Ro120_q0.85_L8W_r0.60_th135_k0.25,contact radius has reached topology loss
Ro120_q0.85_L8W_r0.60_th135_k0.50,contact radius has reached topology loss
Ro120_q0.85_L8W_r0.60_th135_k0.75,contact radius has reached topology loss
Ro120_q0.85_L8W_r0.60_th150_k0.00,contact radius has reached topology loss
Ro120_q0.85_L8W_r0.60_th150_k0.25,contact radius has reached topology loss
Ro120_q0.85_L8W_r0.60_th150_k0.50,contact radius has reached topology loss
Ro120_q0.85_L8W_r0.60_th150_k0.75,contact radius has reached topology loss
Ro120_q0.85_L8W_r0.60_th165_k0.00,contact radius has reached topology loss
Ro120_q0.85_L8W_r0.60_th165_k0.25,contact radius has reached topology loss
Ro120_q0.85_L8W_r0.60_th165_k0.50,contact radius has reached topology loss
Ro120_q0.85_L8W_r0.60_th165_k0.75,contact radius has reached topology loss
Ro120_q0.85_L8W_r0.60_th170_k0.00,contact radius has reached topology loss
Ro120_q0.85_L8W_r0.60_th170_k0.25,contact radius has reached topology loss
Ro120_q0.85_L8W_r0.60_th170_k0.50,contact radius has reached topology loss
Ro120_q0.85_L8W_r0.60_th170_k0.75,contact radius has reached topology loss
Ro120_q0.85_L8W_r0.80_th120_k0.00,contact radius has reached topology loss
Ro120_q0.85_L8W_r0.80_th120_k0.25,contact radius has reached topology loss
Ro120_q0.85_L8W_r0.80_th120_k0.50,contact radius has reached topology loss
Ro120_q0.85_L8W_r0.80_th120_k0.75,contact radius has reached topology loss
Ro120_q0.85_L8W_r0.80_th135_k0.00,contact radius has reached topology loss
Ro120_q0.85_L8W_r0.80_th135_k0.25,contact radius has reached topology loss
Ro120_q0.85_L8W_r0.80_th135_k0.50,contact radius has reached topology loss
Ro120_q0.85_L8W_r0.80_th135_k0.75,contact radius has reached topology loss
Ro120_q0.85_L8W_r0.80_th150_k0.00,contact radius has reached topology loss
Ro120_q0.85_L8W_r0.80_th150_k0.25,contact radius has reached topology loss
Ro120_q0.85_L8W_r0.80_th150_k0.50,contact radius has reached topology loss
Ro120_q0.85_L8W_r0.80_th150_k0.75,contact radius has reached topology loss
Ro120_q0.85_L8W_r0.80_th165_k0.00,contact radius has reached topology loss
Ro120_q0.85_L8W_r0.80_th165_k0.25,contact radius has reached topology loss
Ro120_q0.85_L8W_r0.80_th165_k0.50,contact radius has reached topology loss
Ro120_q0.85_L8W_r0.80_th165_k0.75,contact radius has reached topology loss
Ro120_q0.85_L8W_r0.80_th170_k0.00,contact radius has reached topology loss
Ro120_q0.85_L8W_r0.80_th170_k0.25,contact radius has reached topology loss
Ro120_q0.85_L8W_r0.80_th170_k0.50,contact radius has reached topology loss
Ro120_q0.85_L8W_r0.80_th170_k0.75,contact radius has reached topology loss
Ro120_q0.85_L8W_r1.20_th120_k0.00,outer profile has multiple radial extrema
Ro120_q0.85_L8W_r1.20_th120_k0.25,outer profile has multiple radial extrema
Ro120_q0.85_L8W_r1.20_th120_k0.50,outer profile has multiple radial extrema
Ro120_q0.85_L8W_r1.20_th120_k0.75,outer profile has multiple radial extrema
Ro120_q0.85_L8W_r1.40_th120_k0.00,negative outer squared radius
Ro120_q0.85_L8W_r1.40_th120_k0.25,negative outer squared radius
Ro120_q0.85_L8W_r1.40_th120_k0.50,negative outer squared radius
Ro120_q0.85_L8W_r1.40_th120_k0.75,negative outer squared radius
Ro120_q0.85_L8W_r1.40_th135_k0.00,negative outer squared radius
Ro120_q0.85_L8W_r1.40_th135_k0.25,negative outer squared radius
Ro120_q0.85_L8W_r1.40_th135_k0.50,negative outer squared radius
Ro120_q0.85_L8W_r1.40_th135_k0.75,outer profile has multiple radial extrema
Ro120_q0.85_L8W_r1.40_th150_k0.00,outer profile has multiple radial extrema
Ro120_q0.85_L8W_r1.40_th150_k0.25,outer profile has multiple radial extrema
Ro120_q0.85_L8W_r1.40_th150_k0.50,outer profile has multiple radial extrema
Ro120_q0.85_L8W_r1.40_th150_k0.75,outer profile has multiple radial extrema
Ro120_q0.85_L8W_r1.40_th165_k0.00,outer profile has multiple radial extrema
Ro120_q0.85_L8W_r1.40_th165_k0.25,outer profile has multiple radial extrema
Ro120_q0.85_L8W_r1.40_th165_k0.50,outer profile has multiple radial extrema
Ro120_q0.85_L8W_r1.40_th165_k0.75,outer profile has multiple radial extrema
Ro120_q0.85_L8W_r1.40_th170_k0.00,outer profile has multiple radial extrema
Ro120_q0.85_L8W_r1.40_th170_k0.25,outer profile has multiple radial extrema
Ro120_q0.85_L8W_r1.40_th170_k0.50,outer profile has multiple radial extrema
Ro120_q0.85_L8W_r1.40_th170_k0.75,outer profile has multiple radial extrema
Ro120_q0.85_L8W_r1.60_th120_k0.00,negative outer squared radius; contact exceeds outer-body support
Ro120_q0.85_L8W_r1.60_th120_k0.25,negative outer squared radius; contact exceeds outer-body support
Ro120_q0.85_L8W_r1.60_th120_k0.50,negative outer squared radius; contact exceeds outer-body support
Ro120_q0.85_L8W_r1.60_th120_k0.75,negative outer squared radius; contact exceeds outer-body support
Ro120_q0.85_L8W_r1.60_th135_k0.00,negative outer squared radius; contact exceeds outer-body support
Ro120_q0.85_L8W_r1.60_th135_k0.25,negative outer squared radius; contact exceeds outer-body support
Ro120_q0.85_L8W_r1.60_th135_k0.50,negative outer squared radius; contact exceeds outer-body support
Ro120_q0.85_L8W_r1.60_th135_k0.75,negative outer squared radius; contact exceeds outer-body support
Ro120_q0.85_L8W_r1.60_th150_k0.00,negative outer squared radius; contact exceeds outer-body support
Ro120_q0.85_L8W_r1.60_th150_k0.25,negative outer squared radius; contact exceeds outer-body support
Ro120_q0.85_L8W_r1.60_th150_k0.50,negative outer squared radius; contact exceeds outer-body support
Ro120_q0.85_L8W_r1.60_th150_k0.75,negative outer squared radius; contact exceeds outer-body support
Ro120_q0.85_L8W_r1.60_th165_k0.00,negative outer squared radius; contact exceeds outer-body support
Ro120_q0.85_L8W_r1.60_th165_k0.25,negative outer squared radius; contact exceeds outer-body support
Ro120_q0.85_L8W_r1.60_th165_k0.50,negative outer squared radius; contact exceeds outer-body support
Ro120_q0.85_L8W_r1.60_th165_k0.75,negative outer squared radius; contact exceeds outer-body support
Ro120_q0.85_L8W_r1.60_th170_k0.00,negative outer squared radius; contact exceeds outer-body support
Ro120_q0.85_L8W_r1.60_th170_k0.25,negative outer squared radius; contact exceeds outer-body support
Ro120_q0.85_L8W_r1.60_th170_k0.50,negative outer squared radius; contact exceeds outer-body support
Ro120_q0.85_L8W_r1.60_th170_k0.75,negative outer squared radius; contact exceeds outer-body support
Ro120_q0.85_L10W_r0.60_th120_k0.00,contact radius has reached topology loss
Ro120_q0.85_L10W_r0.60_th120_k0.25,contact radius has reached topology loss
Ro120_q0.85_L10W_r0.60_th120_k0.50,contact radius has reached topology loss
Ro120_q0.85_L10W_r0.60_th120_k0.75,contact radius has reached topology loss
Ro120_q0.85_L10W_r0.60_th135_k0.00,contact radius has reached topology loss
Ro120_q0.85_L10W_r0.60_th135_k0.25,contact radius has reached topology loss
Ro120_q0.85_L10W_r0.60_th135_k0.50,contact radius has reached topology loss
Ro120_q0.85_L10W_r0.60_th135_k0.75,contact radius has reached topology loss
Ro120_q0.85_L10W_r0.60_th150_k0.00,contact radius has reached topology loss
Ro120_q0.85_L10W_r0.60_th150_k0.25,contact radius has reached topology loss
Ro120_q0.85_L10W_r0.60_th150_k0.50,contact radius has reached topology loss
Ro120_q0.85_L10W_r0.60_th150_k0.75,contact radius has reached topology loss
Ro120_q0.85_L10W_r0.60_th165_k0.00,contact radius has reached topology loss
Ro120_q0.85_L10W_r0.60_th165_k0.25,contact radius has reached topology loss
Ro120_q0.85_L10W_r0.60_th165_k0.50,contact radius has reached topology loss
Ro120_q0.85_L10W_r0.60_th165_k0.75,contact radius has reached topology loss
Ro120_q0.85_L10W_r0.60_th170_k0.00,contact radius has reached topology loss
Ro120_q0.85_L10W_r0.60_th170_k0.25,contact radius has reached topology loss
Ro120_q0.85_L10W_r0.60_th170_k0.50,contact radius has reached topology loss
Ro120_q0.85_L10W_r0.60_th170_k0.75,contact radius has reached topology loss
Ro120_q0.85_L10W_r0.80_th120_k0.00,contact radius has reached topology loss
Ro120_q0.85_L10W_r0.80_th120_k0.25,contact radius has reached topology loss
Ro120_q0.85_L10W_r0.80_th120_k0.50,contact radius has reached topology loss
Ro120_q0.85_L10W_r0.80_th120_k0.75,contact radius has reached topology loss
Ro120_q0.85_L10W_r0.80_th135_k0.00,contact radius has reached topology loss
Ro120_q0.85_L10W_r0.80_th135_k0.25,contact radius has reached topology loss
Ro120_q0.85_L10W_r0.80_th135_k0.50,contact radius has reached topology loss
Ro120_q0.85_L10W_r0.80_th135_k0.75,contact radius has reached topology loss
Ro120_q0.85_L10W_r0.80_th150_k0.00,contact radius has reached topology loss
Ro120_q0.85_L10W_r0.80_th150_k0.25,contact radius has reached topology loss
Ro120_q0.85_L10W_r0.80_th150_k0.50,contact radius has reached topology loss
Ro120_q0.85_L10W_r0.80_th150_k0.75,contact radius has reached topology loss
Ro120_q0.85_L10W_r0.80_th165_k0.00,contact radius has reached topology loss
Ro120_q0.85_L10W_r0.80_th165_k0.25,contact radius has reached topology loss
Ro120_q0.85_L10W_r0.80_th165_k0.50,contact radius has reached topology loss
Ro120_q0.85_L10W_r0.80_th165_k0.75,contact radius has reached topology loss
Ro120_q0.85_L10W_r0.80_th170_k0.00,contact radius has reached topology loss
Ro120_q0.85_L10W_r0.80_th170_k0.25,contact radius has reached topology loss
Ro120_q0.85_L10W_r0.80_th170_k0.50,contact radius has reached topology loss
Ro120_q0.85_L10W_r0.80_th170_k0.75,contact radius has reached topology loss
Ro120_q0.85_L10W_r1.20_th120_k0.00,outer profile has multiple radial extrema
Ro120_q0.85_L10W_r1.20_th120_k0.25,outer profile has multiple radial extrema
Ro120_q0.85_L10W_r1.20_th120_k0.50,outer profile has multiple radial extrema
Ro120_q0.85_L10W_r1.20_th120_k0.75,outer profile has multiple radial extrema
Ro120_q0.85_L10W_r1.40_th120_k0.00,negative outer squared radius
Ro120_q0.85_L10W_r1.40_th120_k0.25,negative outer squared radius
Ro120_q0.85_L10W_r1.40_th120_k0.50,negative outer squared radius
Ro120_q0.85_L10W_r1.40_th120_k0.75,negative outer squared radius
Ro120_q0.85_L10W_r1.40_th135_k0.00,negative outer squared radius
Ro120_q0.85_L10W_r1.40_th135_k0.25,negative outer squared radius
Ro120_q0.85_L10W_r1.40_th135_k0.50,negative outer squared radius
Ro120_q0.85_L10W_r1.40_th135_k0.75,outer profile has multiple radial extrema
Ro120_q0.85_L10W_r1.40_th150_k0.00,outer profile has multiple radial extrema
Ro120_q0.85_L10W_r1.40_th150_k0.25,outer profile has multiple radial extrema
Ro120_q0.85_L10W_r1.40_th150_k0.50,outer profile has multiple radial extrema
Ro120_q0.85_L10W_r1.40_th150_k0.75,outer profile has multiple radial extrema
Ro120_q0.85_L10W_r1.40_th165_k0.00,outer profile has multiple radial extrema
Ro120_q0.85_L10W_r1.40_th165_k0.25,outer profile has multiple radial extrema
Ro120_q0.85_L10W_r1.40_th165_k0.50,outer profile has multiple radial extrema
Ro120_q0.85_L10W_r1.40_th165_k0.75,outer profile has multiple radial extrema
Ro120_q0.85_L10W_r1.40_th170_k0.00,outer profile has multiple radial extrema
Ro120_q0.85_L10W_r1.40_th170_k0.25,outer profile has multiple radial extrema
Ro120_q0.85_L10W_r1.40_th170_k0.50,outer profile has multiple radial extrema
Ro120_q0.85_L10W_r1.40_th170_k0.75,outer profile has multiple radial extrema
Ro120_q0.85_L10W_r1.60_th120_k0.00,negative outer squared radius; contact exceeds outer-body support
Ro120_q0.85_L10W_r1.60_th120_k0.25,negative outer squared radius; contact exceeds outer-body support
Ro120_q0.85_L10W_r1.60_th120_k0.50,negative outer squared radius; contact exceeds outer-body support
Ro120_q0.85_L10W_r1.60_th120_k0.75,negative outer squared radius; contact exceeds outer-body support
Ro120_q0.85_L10W_r1.60_th135_k0.00,negative outer squared radius; contact exceeds outer-body support
Ro120_q0.85_L10W_r1.60_th135_k0.25,negative outer squared radius; contact exceeds outer-body support
Ro120_q0.85_L10W_r1.60_th135_k0.50,negative outer squared radius; contact exceeds outer-body support
Ro120_q0.85_L10W_r1.60_th135_k0.75,negative outer squared radius; contact exceeds outer-body support
Ro120_q0.85_L10W_r1.60_th150_k0.00,negative outer squared radius; contact exceeds outer-body support
Ro120_q0.85_L10W_r1.60_th150_k0.25,negative outer squared radius; contact exceeds outer-body support
Ro120_q0.85_L10W_r1.60_th150_k0.50,negative outer squared radius; contact exceeds outer-body support
Ro120_q0.85_L10W_r1.60_th150_k0.75,negative outer squared radius; contact exceeds outer-body support
Ro120_q0.85_L10W_r1.60_th165_k0.00,negative outer squared radius; contact exceeds outer-body support
Ro120_q0.85_L10W_r1.60_th165_k0.25,negative outer squared radius; contact exceeds outer-body support
Ro120_q0.85_L10W_r1.60_th165_k0.50,negative outer squared radius; contact exceeds outer-body support
Ro120_q0.85_L10W_r1.60_th165_k0.75,negative outer squared radius; contact exceeds outer-body support
Ro120_q0.85_L10W_r1.60_th170_k0.00,negative outer squared radius; contact exceeds outer-body support
Ro120_q0.85_L10W_r1.60_th170_k0.25,negative outer squared radius; contact exceeds outer-body support
Ro120_q0.85_L10W_r1.60_th170_k0.50,negative outer squared radius; contact exceeds outer-body support
Ro120_q0.85_L10W_r1.60_th170_k0.75,negative outer squared radius; contact exceeds outer-body support
Ro120_q0.85_L12W_r0.60_th120_k0.00,contact radius has reached topology loss
Ro120_q0.85_L12W_r0.60_th120_k0.25,contact radius has reached topology loss
Ro120_q0.85_L12W_r0.60_th120_k0.50,contact radius has reached topology loss
Ro120_q0.85_L12W_r0.60_th120_k0.75,contact radius has reached topology loss
Ro120_q0.85_L12W_r0.60_th135_k0.00,contact radius has reached topology loss
Ro120_q0.85_L12W_r0.60_th135_k0.25,contact radius has reached topology loss
Ro120_q0.85_L12W_r0.60_th135_k0.50,contact radius has reached topology loss
Ro120_q0.85_L12W_r0.60_th135_k0.75,contact radius has reached topology loss
Ro120_q0.85_L12W_r0.60_th150_k0.00,contact radius has reached topology loss
Ro120_q0.85_L12W_r0.60_th150_k0.25,contact radius has reached topology loss
Ro120_q0.85_L12W_r0.60_th150_k0.50,contact radius has reached topology loss
Ro120_q0.85_L12W_r0.60_th150_k0.75,contact radius has reached topology loss
Ro120_q0.85_L12W_r0.60_th165_k0.00,contact radius has reached topology loss
Ro120_q0.85_L12W_r0.60_th165_k0.25,contact radius has reached topology loss
Ro120_q0.85_L12W_r0.60_th165_k0.50,contact radius has reached topology loss
Ro120_q0.85_L12W_r0.60_th165_k0.75,contact radius has reached topology loss
Ro120_q0.85_L12W_r0.60_th170_k0.00,contact radius has reached topology loss
Ro120_q0.85_L12W_r0.60_th170_k0.25,contact radius has reached topology loss
Ro120_q0.85_L12W_r0.60_th170_k0.50,contact radius has reached topology loss
Ro120_q0.85_L12W_r0.60_th170_k0.75,contact radius has reached topology loss
Ro120_q0.85_L12W_r1.20_th120_k0.00,outer profile has multiple radial extrema
Ro120_q0.85_L12W_r1.20_th120_k0.25,outer profile has multiple radial extrema
Ro120_q0.85_L12W_r1.20_th120_k0.50,outer profile has multiple radial extrema
Ro120_q0.85_L12W_r1.20_th120_k0.75,outer profile has multiple radial extrema
Ro120_q0.85_L12W_r1.40_th120_k0.00,negative outer squared radius
Ro120_q0.85_L12W_r1.40_th120_k0.25,negative outer squared radius
Ro120_q0.85_L12W_r1.40_th120_k0.50,negative outer squared radius
Ro120_q0.85_L12W_r1.40_th120_k0.75,negative outer squared radius
Ro120_q0.85_L12W_r1.40_th135_k0.00,negative outer squared radius
Ro120_q0.85_L12W_r1.40_th135_k0.25,negative outer squared radius
Ro120_q0.85_L12W_r1.40_th135_k0.50,negative outer squared radius
Ro120_q0.85_L12W_r1.40_th135_k0.75,outer profile has multiple radial extrema
Ro120_q0.85_L12W_r1.40_th150_k0.00,outer profile has multiple radial extrema
Ro120_q0.85_L12W_r1.40_th150_k0.25,outer profile has multiple radial extrema
Ro120_q0.85_L12W_r1.40_th150_k0.50,outer profile has multiple radial extrema
Ro120_q0.85_L12W_r1.40_th150_k0.75,outer profile has multiple radial extrema
Ro120_q0.85_L12W_r1.40_th165_k0.00,outer profile has multiple radial extrema
Ro120_q0.85_L12W_r1.40_th165_k0.25,outer profile has multiple radial extrema
Ro120_q0.85_L12W_r1.40_th165_k0.50,outer profile has multiple radial extrema
Ro120_q0.85_L12W_r1.40_th165_k0.75,outer profile has multiple radial extrema
Ro120_q0.85_L12W_r1.40_th170_k0.00,outer profile has multiple radial extrema
Ro120_q0.85_L12W_r1.40_th170_k0.25,outer profile has multiple radial extrema
Ro120_q0.85_L12W_r1.40_th170_k0.50,outer profile has multiple radial extrema
Ro120_q0.85_L12W_r1.40_th170_k0.75,outer profile has multiple radial extrema
Ro120_q0.85_L12W_r1.60_th120_k0.00,negative outer squared radius; contact exceeds outer-body support
Ro120_q0.85_L12W_r1.60_th120_k0.25,negative outer squared radius; contact exceeds outer-body support
Ro120_q0.85_L12W_r1.60_th120_k0.50,negative outer squared radius; contact exceeds outer-body support
Ro120_q0.85_L12W_r1.60_th120_k0.75,negative outer squared radius; contact exceeds outer-body support
Ro120_q0.85_L12W_r1.60_th135_k0.00,negative outer squared radius; contact exceeds outer-body support
Ro120_q0.85_L12W_r1.60_th135_k0.25,negative outer squared radius; contact exceeds outer-body support
Ro120_q0.85_L12W_r1.60_th135_k0.50,negative outer squared radius; contact exceeds outer-body support
Ro120_q0.85_L12W_r1.60_th135_k0.75,negative outer squared radius; contact exceeds outer-body support
Ro120_q0.85_L12W_r1.60_th150_k0.00,negative outer squared radius; contact exceeds outer-body support
Ro120_q0.85_L12W_r1.60_th150_k0.25,negative outer squared radius; contact exceeds outer-body support
Ro120_q0.85_L12W_r1.60_th150_k0.50,negative outer squared radius; contact exceeds outer-body support
Ro120_q0.85_L12W_r1.60_th150_k0.75,negative outer squared radius; contact exceeds outer-body support
Ro120_q0.85_L12W_r1.60_th165_k0.00,negative outer squared radius; contact exceeds outer-body support
Ro120_q0.85_L12W_r1.60_th165_k0.25,negative outer squared radius; contact exceeds outer-body support
Ro120_q0.85_L12W_r1.60_th165_k0.50,negative outer squared radius; contact exceeds outer-body support
Ro120_q0.85_L12W_r1.60_th165_k0.75,negative outer squared radius; contact exceeds outer-body support
Ro120_q0.85_L12W_r1.60_th170_k0.00,negative outer squared radius; contact exceeds outer-body support
Ro120_q0.85_L12W_r1.60_th170_k0.25,negative outer squared radius; contact exceeds outer-body support
Ro120_q0.85_L12W_r1.60_th170_k0.50,negative outer squared radius; contact exceeds outer-body support
Ro120_q0.85_L12W_r1.60_th170_k0.75,negative outer squared radius; contact exceeds outer-body support
Ro120_q0.85_L16W_r0.60_th120_k0.00,contact radius has reached topology loss
Ro120_q0.85_L16W_r0.60_th120_k0.25,contact radius has reached topology loss
Ro120_q0.85_L16W_r0.60_th120_k0.50,contact radius has reached topology loss
Ro120_q0.85_L16W_r0.60_th120_k0.75,contact radius has reached topology loss
Ro120_q0.85_L16W_r0.60_th135_k0.00,contact radius has reached topology loss
Ro120_q0.85_L16W_r0.60_th135_k0.25,contact radius has reached topology loss
Ro120_q0.85_L16W_r0.60_th135_k0.50,contact radius has reached topology loss
Ro120_q0.85_L16W_r0.60_th135_k0.75,contact radius has reached topology loss
Ro120_q0.85_L16W_r0.60_th150_k0.00,contact radius has reached topology loss
Ro120_q0.85_L16W_r0.60_th150_k0.25,contact radius has reached topology loss
Ro120_q0.85_L16W_r0.60_th150_k0.50,contact radius has reached topology loss
Ro120_q0.85_L16W_r0.60_th150_k0.75,contact radius has reached topology loss
Ro120_q0.85_L16W_r0.60_th165_k0.00,contact radius has reached topology loss
Ro120_q0.85_L16W_r0.60_th165_k0.25,contact radius has reached topology loss
Ro120_q0.85_L16W_r0.60_th165_k0.50,contact radius has reached topology loss
Ro120_q0.85_L16W_r0.60_th165_k0.75,contact radius has reached topology loss
Ro120_q0.85_L16W_r0.60_th170_k0.00,contact radius has reached topology loss
Ro120_q0.85_L16W_r0.60_th170_k0.25,contact radius has reached topology loss
Ro120_q0.85_L16W_r0.60_th170_k0.50,contact radius has reached topology loss
Ro120_q0.85_L16W_r0.60_th170_k0.75,contact radius has reached topology loss
Ro120_q0.85_L16W_r1.20_th120_k0.00,outer profile has multiple radial extrema
Ro120_q0.85_L16W_r1.20_th120_k0.25,outer profile has multiple radial extrema
Ro120_q0.85_L16W_r1.20_th120_k0.50,outer profile has multiple radial extrema
Ro120_q0.85_L16W_r1.20_th120_k0.75,outer profile has multiple radial extrema
Ro120_q0.85_L16W_r1.40_th120_k0.00,negative outer squared radius
Ro120_q0.85_L16W_r1.40_th120_k0.25,negative outer squared radius
Ro120_q0.85_L16W_r1.40_th120_k0.50,negative outer squared radius
Ro120_q0.85_L16W_r1.40_th120_k0.75,negative outer squared radius
Ro120_q0.85_L16W_r1.40_th135_k0.00,negative outer squared radius
Ro120_q0.85_L16W_r1.40_th135_k0.25,negative outer squared radius
Ro120_q0.85_L16W_r1.40_th135_k0.50,negative outer squared radius
Ro120_q0.85_L16W_r1.40_th135_k0.75,outer profile has multiple radial extrema
Ro120_q0.85_L16W_r1.40_th150_k0.00,outer profile has multiple radial extrema
Ro120_q0.85_L16W_r1.40_th150_k0.25,outer profile has multiple radial extrema
Ro120_q0.85_L16W_r1.40_th150_k0.50,outer profile has multiple radial extrema
Ro120_q0.85_L16W_r1.40_th150_k0.75,outer profile has multiple radial extrema
Ro120_q0.85_L16W_r1.40_th165_k0.00,outer profile has multiple radial extrema
Ro120_q0.85_L16W_r1.40_th165_k0.25,outer profile has multiple radial extrema
Ro120_q0.85_L16W_r1.40_th165_k0.50,outer profile has multiple radial extrema
Ro120_q0.85_L16W_r1.40_th165_k0.75,outer profile has multiple radial extrema
Ro120_q0.85_L16W_r1.40_th170_k0.00,outer profile has multiple radial extrema
Ro120_q0.85_L16W_r1.40_th170_k0.25,outer profile has multiple radial extrema
Ro120_q0.85_L16W_r1.40_th170_k0.50,outer profile has multiple radial extrema
Ro120_q0.85_L16W_r1.40_th170_k0.75,outer profile has multiple radial extrema
Ro120_q0.85_L16W_r1.60_th120_k0.00,center profile is not monotone from midplane to GB; negative outer squared radius; contact exceeds outer-body support
Ro120_q0.85_L16W_r1.60_th120_k0.25,center profile is not monotone from midplane to GB; negative outer squared radius; contact exceeds outer-body support
Ro120_q0.85_L16W_r1.60_th120_k0.50,center profile is not monotone from midplane to GB; negative outer squared radius; contact exceeds outer-body support
Ro120_q0.85_L16W_r1.60_th120_k0.75,center profile is not monotone from midplane to GB; negative outer squared radius; contact exceeds outer-body support
Ro120_q0.85_L16W_r1.60_th135_k0.00,center profile is not monotone from midplane to GB; negative outer squared radius; contact exceeds outer-body support
Ro120_q0.85_L16W_r1.60_th135_k0.25,center profile is not monotone from midplane to GB; negative outer squared radius; contact exceeds outer-body support
Ro120_q0.85_L16W_r1.60_th135_k0.50,center profile is not monotone from midplane to GB; negative outer squared radius; contact exceeds outer-body support
Ro120_q0.85_L16W_r1.60_th135_k0.75,center profile is not monotone from midplane to GB; negative outer squared radius; contact exceeds outer-body support
Ro120_q0.85_L16W_r1.60_th150_k0.00,center profile is not monotone from midplane to GB; negative outer squared radius; contact exceeds outer-body support
Ro120_q0.85_L16W_r1.60_th150_k0.25,center profile is not monotone from midplane to GB; negative outer squared radius; contact exceeds outer-body support
Ro120_q0.85_L16W_r1.60_th150_k0.50,center profile is not monotone from midplane to GB; negative outer squared radius; contact exceeds outer-body support
Ro120_q0.85_L16W_r1.60_th150_k0.75,center profile is not monotone from midplane to GB; negative outer squared radius; contact exceeds outer-body support
Ro120_q0.85_L16W_r1.60_th165_k0.00,center profile is not monotone from midplane to GB; negative outer squared radius; contact exceeds outer-body support
Ro120_q0.85_L16W_r1.60_th165_k0.25,center profile is not monotone from midplane to GB; negative outer squared radius; contact exceeds outer-body support
Ro120_q0.85_L16W_r1.60_th165_k0.50,center profile is not monotone from midplane to GB; negative outer squared radius; contact exceeds outer-body support
Ro120_q0.85_L16W_r1.60_th165_k0.75,center profile is not monotone from midplane to GB; negative outer squared radius; contact exceeds outer-body support
Ro120_q0.85_L16W_r1.60_th170_k0.00,center profile is not monotone from midplane to GB; negative outer squared radius; contact exceeds outer-body support
Ro120_q0.85_L16W_r1.60_th170_k0.25,center profile is not monotone from midplane to GB; negative outer squared radius; contact exceeds outer-body support
Ro120_q0.85_L16W_r1.60_th170_k0.50,center profile is not monotone from midplane to GB; negative outer squared radius; contact exceeds outer-body support
Ro120_q0.85_L16W_r1.60_th170_k0.75,center profile is not monotone from midplane to GB; negative outer squared radius; contact exceeds outer-body support
Ro120_q0.85_L20W_r0.60_th120_k0.00,TJ radius below 6W
Ro120_q0.85_L20W_r0.60_th120_k0.25,TJ radius below 6W
Ro120_q0.85_L20W_r0.60_th120_k0.50,TJ radius below 6W
Ro120_q0.85_L20W_r0.60_th120_k0.75,TJ radius below 6W
Ro120_q0.85_L20W_r0.60_th135_k0.00,TJ radius below 6W
Ro120_q0.85_L20W_r0.60_th135_k0.25,TJ radius below 6W
Ro120_q0.85_L20W_r0.60_th135_k0.50,TJ radius below 6W
Ro120_q0.85_L20W_r0.60_th135_k0.75,TJ radius below 6W
Ro120_q0.85_L20W_r0.60_th150_k0.00,TJ radius below 6W
Ro120_q0.85_L20W_r0.60_th150_k0.25,TJ radius below 6W
Ro120_q0.85_L20W_r0.60_th150_k0.50,TJ radius below 6W
Ro120_q0.85_L20W_r0.60_th150_k0.75,TJ radius below 6W
Ro120_q0.85_L20W_r0.60_th165_k0.00,TJ radius below 6W
Ro120_q0.85_L20W_r0.60_th165_k0.25,TJ radius below 6W
Ro120_q0.85_L20W_r0.60_th165_k0.50,TJ radius below 6W
Ro120_q0.85_L20W_r0.60_th165_k0.75,TJ radius below 6W
Ro120_q0.85_L20W_r0.60_th170_k0.00,TJ radius below 6W
Ro120_q0.85_L20W_r0.60_th170_k0.25,TJ radius below 6W
Ro120_q0.85_L20W_r0.60_th170_k0.50,TJ radius below 6W
Ro120_q0.85_L20W_r0.60_th170_k0.75,TJ radius below 6W
Ro120_q0.85_L20W_r1.20_th120_k0.00,outer profile has multiple radial extrema
Ro120_q0.85_L20W_r1.20_th120_k0.25,outer profile has multiple radial extrema
Ro120_q0.85_L20W_r1.20_th120_k0.50,outer profile has multiple radial extrema
Ro120_q0.85_L20W_r1.20_th120_k0.75,outer profile has multiple radial extrema
Ro120_q0.85_L20W_r1.20_th170_k0.75,outer profile has multiple radial extrema
Ro120_q0.85_L20W_r1.40_th120_k0.00,center profile is not monotone from midplane to GB; negative outer squared radius
Ro120_q0.85_L20W_r1.40_th120_k0.25,center profile is not monotone from midplane to GB; negative outer squared radius
Ro120_q0.85_L20W_r1.40_th120_k0.50,center profile is not monotone from midplane to GB; negative outer squared radius
Ro120_q0.85_L20W_r1.40_th120_k0.75,center profile is not monotone from midplane to GB; negative outer squared radius
Ro120_q0.85_L20W_r1.40_th135_k0.00,center profile is not monotone from midplane to GB; negative outer squared radius
Ro120_q0.85_L20W_r1.40_th135_k0.25,center profile is not monotone from midplane to GB; negative outer squared radius
Ro120_q0.85_L20W_r1.40_th135_k0.50,center profile is not monotone from midplane to GB; negative outer squared radius
Ro120_q0.85_L20W_r1.40_th135_k0.75,center profile is not monotone from midplane to GB; outer profile has multiple radial extrema
Ro120_q0.85_L20W_r1.40_th150_k0.00,center profile is not monotone from midplane to GB; outer profile has multiple radial extrema
Ro120_q0.85_L20W_r1.40_th150_k0.25,center profile is not monotone from midplane to GB; outer profile has multiple radial extrema
Ro120_q0.85_L20W_r1.40_th150_k0.50,center profile is not monotone from midplane to GB; outer profile has multiple radial extrema
Ro120_q0.85_L20W_r1.40_th150_k0.75,center profile is not monotone from midplane to GB; outer profile has multiple radial extrema
Ro120_q0.85_L20W_r1.40_th165_k0.00,center profile is not monotone from midplane to GB; outer profile has multiple radial extrema
Ro120_q0.85_L20W_r1.40_th165_k0.25,center profile is not monotone from midplane to GB; outer profile has multiple radial extrema
Ro120_q0.85_L20W_r1.40_th165_k0.50,center profile is not monotone from midplane to GB; outer profile has multiple radial extrema
Ro120_q0.85_L20W_r1.40_th165_k0.75,center profile is not monotone from midplane to GB; outer profile has multiple radial extrema
Ro120_q0.85_L20W_r1.40_th170_k0.00,center profile is not monotone from midplane to GB; outer profile has multiple radial extrema
Ro120_q0.85_L20W_r1.40_th170_k0.25,center profile is not monotone from midplane to GB; outer profile has multiple radial extrema
Ro120_q0.85_L20W_r1.40_th170_k0.50,center profile is not monotone from midplane to GB; outer profile has multiple radial extrema
Ro120_q0.85_L20W_r1.40_th170_k0.75,center profile is not monotone from midplane to GB; outer profile has multiple radial extrema
Ro120_q0.85_L20W_r1.60_th120_k0.00,center profile is not monotone from midplane to GB; negative outer squared radius; contact exceeds outer-body support
Ro120_q0.85_L20W_r1.60_th120_k0.25,center profile is not monotone from midplane to GB; negative outer squared radius; contact exceeds outer-body support
Ro120_q0.85_L20W_r1.60_th120_k0.50,center profile is not monotone from midplane to GB; negative outer squared radius; contact exceeds outer-body support
Ro120_q0.85_L20W_r1.60_th120_k0.75,center profile is not monotone from midplane to GB; negative outer squared radius; contact exceeds outer-body support
Ro120_q0.85_L20W_r1.60_th135_k0.00,center profile is not monotone from midplane to GB; negative outer squared radius; contact exceeds outer-body support
Ro120_q0.85_L20W_r1.60_th135_k0.25,center profile is not monotone from midplane to GB; negative outer squared radius; contact exceeds outer-body support
Ro120_q0.85_L20W_r1.60_th135_k0.50,center profile is not monotone from midplane to GB; negative outer squared radius; contact exceeds outer-body support
Ro120_q0.85_L20W_r1.60_th135_k0.75,center profile is not monotone from midplane to GB; negative outer squared radius; contact exceeds outer-body support
Ro120_q0.85_L20W_r1.60_th150_k0.00,center profile is not monotone from midplane to GB; negative outer squared radius; contact exceeds outer-body support
Ro120_q0.85_L20W_r1.60_th150_k0.25,center profile is not monotone from midplane to GB; negative outer squared radius; contact exceeds outer-body support
Ro120_q0.85_L20W_r1.60_th150_k0.50,center profile is not monotone from midplane to GB; negative outer squared radius; contact exceeds outer-body support
Ro120_q0.85_L20W_r1.60_th150_k0.75,center profile is not monotone from midplane to GB; negative outer squared radius; contact exceeds outer-body support
Ro120_q0.85_L20W_r1.60_th165_k0.00,center profile is not monotone from midplane to GB; negative outer squared radius; contact exceeds outer-body support
Ro120_q0.85_L20W_r1.60_th165_k0.25,center profile is not monotone from midplane to GB; negative outer squared radius; contact exceeds outer-body support
Ro120_q0.85_L20W_r1.60_th165_k0.50,center profile is not monotone from midplane to GB; negative outer squared radius; contact exceeds outer-body support
Ro120_q0.85_L20W_r1.60_th165_k0.75,center profile is not monotone from midplane to GB; negative outer squared radius; contact exceeds outer-body support
Ro120_q0.85_L20W_r1.60_th170_k0.00,center profile is not monotone from midplane to GB; negative outer squared radius; contact exceeds outer-body support
Ro120_q0.85_L20W_r1.60_th170_k0.25,center profile is not monotone from midplane to GB; negative outer squared radius; contact exceeds outer-body support
Ro120_q0.85_L20W_r1.60_th170_k0.50,center profile is not monotone from midplane to GB; negative outer squared radius; contact exceeds outer-body support
Ro120_q0.85_L20W_r1.60_th170_k0.75,center profile is not monotone from midplane to GB; negative outer squared radius; contact exceeds outer-body support
Ro120_q0.85_L24W_r1.20_th120_k0.00,center profile is not monotone from midplane to GB; outer profile has multiple radial extrema
Ro120_q0.85_L24W_r1.20_th120_k0.25,center profile is not monotone from midplane to GB; outer profile has multiple radial extrema
Ro120_q0.85_L24W_r1.20_th120_k0.50,center profile is not monotone from midplane to GB; outer profile has multiple radial extrema
Ro120_q0.85_L24W_r1.20_th120_k0.75,center profile is not monotone from midplane to GB; outer profile has multiple radial extrema
Ro120_q0.85_L24W_r1.20_th135_k0.00,center profile is not monotone from midplane to GB
Ro120_q0.85_L24W_r1.20_th135_k0.25,center profile is not monotone from midplane to GB
Ro120_q0.85_L24W_r1.20_th135_k0.50,center profile is not monotone from midplane to GB
Ro120_q0.85_L24W_r1.20_th135_k0.75,center profile is not monotone from midplane to GB
Ro120_q0.85_L24W_r1.20_th150_k0.00,center profile is not monotone from midplane to GB
Ro120_q0.85_L24W_r1.20_th150_k0.25,center profile is not monotone from midplane to GB
Ro120_q0.85_L24W_r1.20_th150_k0.50,center profile is not monotone from midplane to GB
Ro120_q0.85_L24W_r1.20_th150_k0.75,center profile is not monotone from midplane to GB
Ro120_q0.85_L24W_r1.20_th165_k0.00,center profile is not monotone from midplane to GB
Ro120_q0.85_L24W_r1.20_th165_k0.25,center profile is not monotone from midplane to GB
Ro120_q0.85_L24W_r1.20_th165_k0.50,center profile is not monotone from midplane to GB
Ro120_q0.85_L24W_r1.20_th165_k0.75,center profile is not monotone from midplane to GB
Ro120_q0.85_L24W_r1.20_th170_k0.00,center profile is not monotone from midplane to GB
Ro120_q0.85_L24W_r1.20_th170_k0.25,center profile is not monotone from midplane to GB
Ro120_q0.85_L24W_r1.20_th170_k0.50,center profile is not monotone from midplane to GB
Ro120_q0.85_L24W_r1.20_th170_k0.75,center profile is not monotone from midplane to GB
Ro120_q0.85_L24W_r1.40_th120_k0.00,center profile is not monotone from midplane to GB; negative outer squared radius
Ro120_q0.85_L24W_r1.40_th120_k0.25,center profile is not monotone from midplane to GB; negative outer squared radius
Ro120_q0.85_L24W_r1.40_th120_k0.50,center profile is not monotone from midplane to GB; negative outer squared radius
Ro120_q0.85_L24W_r1.40_th120_k0.75,center profile is not monotone from midplane to GB; negative outer squared radius
Ro120_q0.85_L24W_r1.40_th135_k0.00,center profile is not monotone from midplane to GB; negative outer squared radius
Ro120_q0.85_L24W_r1.40_th135_k0.25,center profile is not monotone from midplane to GB; negative outer squared radius
Ro120_q0.85_L24W_r1.40_th135_k0.50,center profile is not monotone from midplane to GB; negative outer squared radius
Ro120_q0.85_L24W_r1.40_th135_k0.75,center profile is not monotone from midplane to GB; outer profile has multiple radial extrema
Ro120_q0.85_L24W_r1.40_th150_k0.00,center profile is not monotone from midplane to GB; outer profile has multiple radial extrema
Ro120_q0.85_L24W_r1.40_th150_k0.25,center profile is not monotone from midplane to GB; outer profile has multiple radial extrema
Ro120_q0.85_L24W_r1.40_th150_k0.50,center profile is not monotone from midplane to GB; outer profile has multiple radial extrema
Ro120_q0.85_L24W_r1.40_th150_k0.75,center profile is not monotone from midplane to GB; outer profile has multiple radial extrema
Ro120_q0.85_L24W_r1.40_th165_k0.00,center profile is not monotone from midplane to GB; outer profile has multiple radial extrema
Ro120_q0.85_L24W_r1.40_th165_k0.25,center profile is not monotone from midplane to GB; outer profile has multiple radial extrema
Ro120_q0.85_L24W_r1.40_th165_k0.50,center profile is not monotone from midplane to GB; outer profile has multiple radial extrema
Ro120_q0.85_L24W_r1.40_th165_k0.75,center profile is not monotone from midplane to GB; outer profile has multiple radial extrema
Ro120_q0.85_L24W_r1.40_th170_k0.00,center profile is not monotone from midplane to GB; outer profile has multiple radial extrema
Ro120_q0.85_L24W_r1.40_th170_k0.25,center profile is not monotone from midplane to GB; outer profile has multiple radial extrema
Ro120_q0.85_L24W_r1.40_th170_k0.50,center profile is not monotone from midplane to GB; outer profile has multiple radial extrema
Ro120_q0.85_L24W_r1.40_th170_k0.75,center profile is not monotone from midplane to GB; outer profile has multiple radial extrema
Ro120_q0.85_L24W_r1.60_th120_k0.00,negative center squared radius; center profile is not monotone from midplane to GB; center topology fails before requested loss; negative outer squared radius; contact exceeds outer-body support
Ro120_q0.85_L24W_r1.60_th120_k0.25,negative center squared radius; center profile is not monotone from midplane to GB; center topology fails before requested loss; negative outer squared radius; contact exceeds outer-body support
Ro120_q0.85_L24W_r1.60_th120_k0.50,negative center squared radius; center profile is not monotone from midplane to GB; center topology fails before requested loss; negative outer squared radius; contact exceeds outer-body support
Ro120_q0.85_L24W_r1.60_th120_k0.75,negative center squared radius; center profile is not monotone from midplane to GB; center topology fails before requested loss; negative outer squared radius; contact exceeds outer-body support
Ro120_q0.85_L24W_r1.60_th135_k0.00,negative center squared radius; center profile is not monotone from midplane to GB; center topology fails before requested loss; negative outer squared radius; contact exceeds outer-body support
Ro120_q0.85_L24W_r1.60_th135_k0.25,negative center squared radius; center profile is not monotone from midplane to GB; center topology fails before requested loss; negative outer squared radius; contact exceeds outer-body support
Ro120_q0.85_L24W_r1.60_th135_k0.50,negative center squared radius; center profile is not monotone from midplane to GB; center topology fails before requested loss; negative outer squared radius; contact exceeds outer-body support
Ro120_q0.85_L24W_r1.60_th135_k0.75,negative center squared radius; center profile is not monotone from midplane to GB; center topology fails before requested loss; negative outer squared radius; contact exceeds outer-body support
Ro120_q0.85_L24W_r1.60_th150_k0.00,negative center squared radius; center profile is not monotone from midplane to GB; center topology fails before requested loss; negative outer squared radius; contact exceeds outer-body support
Ro120_q0.85_L24W_r1.60_th150_k0.25,negative center squared radius; center profile is not monotone from midplane to GB; center topology fails before requested loss; negative outer squared radius; contact exceeds outer-body support
Ro120_q0.85_L24W_r1.60_th150_k0.50,negative center squared radius; center profile is not monotone from midplane to GB; center topology fails before requested loss; negative outer squared radius; contact exceeds outer-body support
Ro120_q0.85_L24W_r1.60_th150_k0.75,negative center squared radius; center profile is not monotone from midplane to GB; center topology fails before requested loss; negative outer squared radius; contact exceeds outer-body support
Ro120_q0.85_L24W_r1.60_th165_k0.00,center profile is not monotone from midplane to GB; center topology fails before requested loss; negative outer squared radius; contact exceeds outer-body support
Ro120_q0.85_L24W_r1.60_th165_k0.25,center profile is not monotone from midplane to GB; center topology fails before requested loss; negative outer squared radius; contact exceeds outer-body support
Ro120_q0.85_L24W_r1.60_th165_k0.50,center profile is not monotone from midplane to GB; center topology fails before requested loss; negative outer squared radius; contact exceeds outer-body support
Ro120_q0.85_L24W_r1.60_th165_k0.75,center profile is not monotone from midplane to GB; center topology fails before requested loss; negative outer squared radius; contact exceeds outer-body support
Ro120_q0.85_L24W_r1.60_th170_k0.00,center profile is not monotone from midplane to GB; center topology fails before requested loss; negative outer squared radius; contact exceeds outer-body support
Ro120_q0.85_L24W_r1.60_th170_k0.25,center profile is not monotone from midplane to GB; center topology fails before requested loss; negative outer squared radius; contact exceeds outer-body support
Ro120_q0.85_L24W_r1.60_th170_k0.50,center profile is not monotone from midplane to GB; center topology fails before requested loss; negative outer squared radius; contact exceeds outer-body support
Ro120_q0.85_L24W_r1.60_th170_k0.75,center profile is not monotone from midplane to GB; center topology fails before requested loss; negative outer squared radius; contact exceeds outer-body support
Ro150_q0.45_L8W_r0.60_th120_k0.00,contact radius has reached topology loss
Ro150_q0.45_L8W_r0.60_th120_k0.25,contact radius has reached topology loss
Ro150_q0.45_L8W_r0.60_th120_k0.50,contact radius has reached topology loss
Ro150_q0.45_L8W_r0.60_th120_k0.75,contact radius has reached topology loss
Ro150_q0.45_L8W_r0.60_th135_k0.00,contact radius has reached topology loss
Ro150_q0.45_L8W_r0.60_th135_k0.25,contact radius has reached topology loss
Ro150_q0.45_L8W_r0.60_th135_k0.50,contact radius has reached topology loss
Ro150_q0.45_L8W_r0.60_th135_k0.75,contact radius has reached topology loss
Ro150_q0.45_L8W_r0.60_th150_k0.00,contact radius has reached topology loss
Ro150_q0.45_L8W_r0.60_th150_k0.25,contact radius has reached topology loss
Ro150_q0.45_L8W_r0.60_th150_k0.50,contact radius has reached topology loss
Ro150_q0.45_L8W_r0.60_th150_k0.75,contact radius has reached topology loss
Ro150_q0.45_L8W_r0.60_th165_k0.00,contact radius has reached topology loss
Ro150_q0.45_L8W_r0.60_th165_k0.25,contact radius has reached topology loss
Ro150_q0.45_L8W_r0.60_th165_k0.50,contact radius has reached topology loss
Ro150_q0.45_L8W_r0.60_th165_k0.75,contact radius has reached topology loss
Ro150_q0.45_L8W_r0.60_th170_k0.00,contact radius has reached topology loss
Ro150_q0.45_L8W_r0.60_th170_k0.25,contact radius has reached topology loss
Ro150_q0.45_L8W_r0.60_th170_k0.50,contact radius has reached topology loss
Ro150_q0.45_L8W_r0.60_th170_k0.75,contact radius has reached topology loss
Ro150_q0.45_L8W_r0.80_th120_k0.00,TJ radius below 6W
Ro150_q0.45_L8W_r0.80_th120_k0.25,TJ radius below 6W
Ro150_q0.45_L8W_r0.80_th120_k0.50,TJ radius below 6W
Ro150_q0.45_L8W_r0.80_th120_k0.75,TJ radius below 6W
Ro150_q0.45_L8W_r0.80_th135_k0.00,TJ radius below 6W
Ro150_q0.45_L8W_r0.80_th135_k0.25,TJ radius below 6W
Ro150_q0.45_L8W_r0.80_th135_k0.50,TJ radius below 6W
Ro150_q0.45_L8W_r0.80_th135_k0.75,TJ radius below 6W
Ro150_q0.45_L8W_r0.80_th150_k0.00,TJ radius below 6W
Ro150_q0.45_L8W_r0.80_th150_k0.25,TJ radius below 6W
Ro150_q0.45_L8W_r0.80_th150_k0.50,TJ radius below 6W
Ro150_q0.45_L8W_r0.80_th150_k0.75,TJ radius below 6W
Ro150_q0.45_L8W_r0.80_th165_k0.00,TJ radius below 6W
Ro150_q0.45_L8W_r0.80_th165_k0.25,TJ radius below 6W
Ro150_q0.45_L8W_r0.80_th165_k0.50,TJ radius below 6W
Ro150_q0.45_L8W_r0.80_th165_k0.75,TJ radius below 6W
Ro150_q0.45_L8W_r0.80_th170_k0.00,TJ radius below 6W
Ro150_q0.45_L8W_r0.80_th170_k0.25,TJ radius below 6W
Ro150_q0.45_L8W_r0.80_th170_k0.50,TJ radius below 6W
Ro150_q0.45_L8W_r0.80_th170_k0.75,TJ radius below 6W
Ro150_q0.45_L10W_r0.60_th120_k0.00,contact radius has reached topology loss
Ro150_q0.45_L10W_r0.60_th120_k0.25,contact radius has reached topology loss
Ro150_q0.45_L10W_r0.60_th120_k0.50,contact radius has reached topology loss
Ro150_q0.45_L10W_r0.60_th120_k0.75,contact radius has reached topology loss
Ro150_q0.45_L10W_r0.60_th135_k0.00,contact radius has reached topology loss
Ro150_q0.45_L10W_r0.60_th135_k0.25,contact radius has reached topology loss
Ro150_q0.45_L10W_r0.60_th135_k0.50,contact radius has reached topology loss
Ro150_q0.45_L10W_r0.60_th135_k0.75,contact radius has reached topology loss
Ro150_q0.45_L10W_r0.60_th150_k0.00,contact radius has reached topology loss
Ro150_q0.45_L10W_r0.60_th150_k0.25,contact radius has reached topology loss
Ro150_q0.45_L10W_r0.60_th150_k0.50,contact radius has reached topology loss
Ro150_q0.45_L10W_r0.60_th150_k0.75,contact radius has reached topology loss
Ro150_q0.45_L10W_r0.60_th165_k0.00,contact radius has reached topology loss
Ro150_q0.45_L10W_r0.60_th165_k0.25,contact radius has reached topology loss
Ro150_q0.45_L10W_r0.60_th165_k0.50,contact radius has reached topology loss
Ro150_q0.45_L10W_r0.60_th165_k0.75,contact radius has reached topology loss
Ro150_q0.45_L10W_r0.60_th170_k0.00,contact radius has reached topology loss
Ro150_q0.45_L10W_r0.60_th170_k0.25,contact radius has reached topology loss
Ro150_q0.45_L10W_r0.60_th170_k0.50,contact radius has reached topology loss
Ro150_q0.45_L10W_r0.60_th170_k0.75,contact radius has reached topology loss
Ro150_q0.45_L10W_r1.60_th120_k0.00,center profile is not monotone from midplane to GB
Ro150_q0.45_L10W_r1.60_th120_k0.25,center profile is not monotone from midplane to GB
Ro150_q0.45_L10W_r1.60_th120_k0.50,center profile is not monotone from midplane to GB
Ro150_q0.45_L10W_r1.60_th120_k0.75,center profile is not monotone from midplane to GB
Ro150_q0.45_L10W_r1.60_th135_k0.00,center profile is not monotone from midplane to GB
Ro150_q0.45_L10W_r1.60_th135_k0.25,center profile is not monotone from midplane to GB
Ro150_q0.45_L10W_r1.60_th135_k0.50,center profile is not monotone from midplane to GB
Ro150_q0.45_L10W_r1.60_th135_k0.75,center profile is not monotone from midplane to GB
Ro150_q0.45_L10W_r1.60_th150_k0.00,center profile is not monotone from midplane to GB
Ro150_q0.45_L10W_r1.60_th150_k0.25,center profile is not monotone from midplane to GB
Ro150_q0.45_L10W_r1.60_th150_k0.50,center profile is not monotone from midplane to GB
Ro150_q0.45_L10W_r1.60_th150_k0.75,center profile is not monotone from midplane to GB
Ro150_q0.45_L10W_r1.60_th165_k0.00,center profile is not monotone from midplane to GB
Ro150_q0.45_L10W_r1.60_th165_k0.25,center profile is not monotone from midplane to GB
Ro150_q0.45_L10W_r1.60_th165_k0.50,center profile is not monotone from midplane to GB
Ro150_q0.45_L10W_r1.60_th165_k0.75,center profile is not monotone from midplane to GB
Ro150_q0.45_L10W_r1.60_th170_k0.00,center profile is not monotone from midplane to GB
Ro150_q0.45_L10W_r1.60_th170_k0.25,center profile is not monotone from midplane to GB
Ro150_q0.45_L10W_r1.60_th170_k0.50,center profile is not monotone from midplane to GB
Ro150_q0.45_L10W_r1.60_th170_k0.75,center profile is not monotone from midplane to GB
Ro150_q0.45_L12W_r0.60_th120_k0.00,contact radius has reached topology loss
Ro150_q0.45_L12W_r0.60_th120_k0.25,contact radius has reached topology loss
Ro150_q0.45_L12W_r0.60_th120_k0.50,contact radius has reached topology loss
Ro150_q0.45_L12W_r0.60_th120_k0.75,contact radius has reached topology loss
Ro150_q0.45_L12W_r0.60_th135_k0.00,contact radius has reached topology loss
Ro150_q0.45_L12W_r0.60_th135_k0.25,contact radius has reached topology loss
Ro150_q0.45_L12W_r0.60_th135_k0.50,contact radius has reached topology loss
Ro150_q0.45_L12W_r0.60_th135_k0.75,contact radius has reached topology loss
Ro150_q0.45_L12W_r0.60_th150_k0.00,contact radius has reached topology loss
Ro150_q0.45_L12W_r0.60_th150_k0.25,contact radius has reached topology loss
Ro150_q0.45_L12W_r0.60_th150_k0.50,contact radius has reached topology loss
Ro150_q0.45_L12W_r0.60_th150_k0.75,contact radius has reached topology loss
Ro150_q0.45_L12W_r0.60_th165_k0.00,contact radius has reached topology loss
Ro150_q0.45_L12W_r0.60_th165_k0.25,contact radius has reached topology loss
Ro150_q0.45_L12W_r0.60_th165_k0.50,contact radius has reached topology loss
Ro150_q0.45_L12W_r0.60_th165_k0.75,contact radius has reached topology loss
Ro150_q0.45_L12W_r0.60_th170_k0.00,contact radius has reached topology loss
Ro150_q0.45_L12W_r0.60_th170_k0.25,contact radius has reached topology loss
Ro150_q0.45_L12W_r0.60_th170_k0.50,contact radius has reached topology loss
Ro150_q0.45_L12W_r0.60_th170_k0.75,contact radius has reached topology loss
Ro150_q0.45_L12W_r1.40_th120_k0.00,center profile is not monotone from midplane to GB
Ro150_q0.45_L12W_r1.40_th120_k0.25,center profile is not monotone from midplane to GB
Ro150_q0.45_L12W_r1.40_th120_k0.50,center profile is not monotone from midplane to GB
Ro150_q0.45_L12W_r1.40_th120_k0.75,center profile is not monotone from midplane to GB
Ro150_q0.45_L12W_r1.40_th135_k0.00,center profile is not monotone from midplane to GB
Ro150_q0.45_L12W_r1.40_th135_k0.25,center profile is not monotone from midplane to GB
Ro150_q0.45_L12W_r1.40_th135_k0.50,center profile is not monotone from midplane to GB
Ro150_q0.45_L12W_r1.40_th135_k0.75,center profile is not monotone from midplane to GB
Ro150_q0.45_L12W_r1.40_th150_k0.00,center profile is not monotone from midplane to GB
Ro150_q0.45_L12W_r1.40_th150_k0.25,center profile is not monotone from midplane to GB
Ro150_q0.45_L12W_r1.40_th150_k0.50,center profile is not monotone from midplane to GB
Ro150_q0.45_L12W_r1.40_th150_k0.75,center profile is not monotone from midplane to GB
Ro150_q0.45_L12W_r1.40_th165_k0.00,center profile is not monotone from midplane to GB
Ro150_q0.45_L12W_r1.40_th165_k0.25,center profile is not monotone from midplane to GB
Ro150_q0.45_L12W_r1.40_th165_k0.50,center profile is not monotone from midplane to GB
Ro150_q0.45_L12W_r1.40_th165_k0.75,center profile is not monotone from midplane to GB
Ro150_q0.45_L12W_r1.40_th170_k0.00,center profile is not monotone from midplane to GB
Ro150_q0.45_L12W_r1.40_th170_k0.25,center profile is not monotone from midplane to GB
Ro150_q0.45_L12W_r1.40_th170_k0.50,center profile is not monotone from midplane to GB
Ro150_q0.45_L12W_r1.40_th170_k0.75,center profile is not monotone from midplane to GB
Ro150_q0.45_L12W_r1.60_th120_k0.00,center profile is not monotone from midplane to GB
Ro150_q0.45_L12W_r1.60_th120_k0.25,center profile is not monotone from midplane to GB
Ro150_q0.45_L12W_r1.60_th120_k0.50,center profile is not monotone from midplane to GB
Ro150_q0.45_L12W_r1.60_th120_k0.75,center profile is not monotone from midplane to GB
Ro150_q0.45_L12W_r1.60_th135_k0.00,center profile is not monotone from midplane to GB
Ro150_q0.45_L12W_r1.60_th135_k0.25,center profile is not monotone from midplane to GB
Ro150_q0.45_L12W_r1.60_th135_k0.50,center profile is not monotone from midplane to GB
Ro150_q0.45_L12W_r1.60_th135_k0.75,center profile is not monotone from midplane to GB
Ro150_q0.45_L12W_r1.60_th150_k0.00,center profile is not monotone from midplane to GB
Ro150_q0.45_L12W_r1.60_th150_k0.25,center profile is not monotone from midplane to GB
Ro150_q0.45_L12W_r1.60_th150_k0.50,center profile is not monotone from midplane to GB
Ro150_q0.45_L12W_r1.60_th150_k0.75,center profile is not monotone from midplane to GB
Ro150_q0.45_L12W_r1.60_th165_k0.00,center profile is not monotone from midplane to GB
Ro150_q0.45_L12W_r1.60_th165_k0.25,center profile is not monotone from midplane to GB
Ro150_q0.45_L12W_r1.60_th165_k0.50,center profile is not monotone from midplane to GB
Ro150_q0.45_L12W_r1.60_th165_k0.75,center profile is not monotone from midplane to GB
Ro150_q0.45_L12W_r1.60_th170_k0.00,center profile is not monotone from midplane to GB
Ro150_q0.45_L12W_r1.60_th170_k0.25,center profile is not monotone from midplane to GB
Ro150_q0.45_L12W_r1.60_th170_k0.50,center profile is not monotone from midplane to GB
Ro150_q0.45_L12W_r1.60_th170_k0.75,center profile is not monotone from midplane to GB
Ro150_q0.45_L16W_r0.60_th120_k0.00,TJ radius below 6W
Ro150_q0.45_L16W_r0.60_th120_k0.25,TJ radius below 6W
Ro150_q0.45_L16W_r0.60_th120_k0.50,TJ radius below 6W
Ro150_q0.45_L16W_r0.60_th120_k0.75,TJ radius below 6W
Ro150_q0.45_L16W_r0.60_th135_k0.00,TJ radius below 6W
Ro150_q0.45_L16W_r0.60_th135_k0.25,TJ radius below 6W
Ro150_q0.45_L16W_r0.60_th135_k0.50,TJ radius below 6W
Ro150_q0.45_L16W_r0.60_th135_k0.75,TJ radius below 6W
Ro150_q0.45_L16W_r0.60_th150_k0.00,TJ radius below 6W
Ro150_q0.45_L16W_r0.60_th150_k0.25,TJ radius below 6W
Ro150_q0.45_L16W_r0.60_th150_k0.50,TJ radius below 6W
Ro150_q0.45_L16W_r0.60_th150_k0.75,TJ radius below 6W
Ro150_q0.45_L16W_r0.60_th165_k0.00,TJ radius below 6W
Ro150_q0.45_L16W_r0.60_th165_k0.25,TJ radius below 6W
Ro150_q0.45_L16W_r0.60_th165_k0.50,TJ radius below 6W
Ro150_q0.45_L16W_r0.60_th165_k0.75,TJ radius below 6W
Ro150_q0.45_L16W_r0.60_th170_k0.00,TJ radius below 6W
Ro150_q0.45_L16W_r0.60_th170_k0.25,TJ radius below 6W
Ro150_q0.45_L16W_r0.60_th170_k0.50,TJ radius below 6W
Ro150_q0.45_L16W_r0.60_th170_k0.75,TJ radius below 6W
Ro150_q0.45_L16W_r1.20_th120_k0.00,center profile is not monotone from midplane to GB
Ro150_q0.45_L16W_r1.20_th120_k0.25,center profile is not monotone from midplane to GB
Ro150_q0.45_L16W_r1.20_th120_k0.50,center profile is not monotone from midplane to GB
Ro150_q0.45_L16W_r1.20_th120_k0.75,center profile is not monotone from midplane to GB
Ro150_q0.45_L16W_r1.20_th135_k0.00,center profile is not monotone from midplane to GB
Ro150_q0.45_L16W_r1.20_th135_k0.25,center profile is not monotone from midplane to GB
Ro150_q0.45_L16W_r1.20_th135_k0.50,center profile is not monotone from midplane to GB
Ro150_q0.45_L16W_r1.20_th135_k0.75,center profile is not monotone from midplane to GB
Ro150_q0.45_L16W_r1.20_th150_k0.00,center profile is not monotone from midplane to GB
Ro150_q0.45_L16W_r1.20_th150_k0.25,center profile is not monotone from midplane to GB
Ro150_q0.45_L16W_r1.20_th150_k0.50,center profile is not monotone from midplane to GB
Ro150_q0.45_L16W_r1.20_th150_k0.75,center profile is not monotone from midplane to GB
Ro150_q0.45_L16W_r1.20_th165_k0.00,center profile is not monotone from midplane to GB
Ro150_q0.45_L16W_r1.20_th165_k0.25,center profile is not monotone from midplane to GB
Ro150_q0.45_L16W_r1.20_th165_k0.50,center profile is not monotone from midplane to GB
Ro150_q0.45_L16W_r1.20_th165_k0.75,center profile is not monotone from midplane to GB
Ro150_q0.45_L16W_r1.20_th170_k0.00,center profile is not monotone from midplane to GB
Ro150_q0.45_L16W_r1.20_th170_k0.25,center profile is not monotone from midplane to GB
Ro150_q0.45_L16W_r1.20_th170_k0.50,center profile is not monotone from midplane to GB
Ro150_q0.45_L16W_r1.20_th170_k0.75,center profile is not monotone from midplane to GB
Ro150_q0.45_L16W_r1.40_th120_k0.00,center profile is not monotone from midplane to GB
Ro150_q0.45_L16W_r1.40_th120_k0.25,center profile is not monotone from midplane to GB
Ro150_q0.45_L16W_r1.40_th120_k0.50,center profile is not monotone from midplane to GB
Ro150_q0.45_L16W_r1.40_th120_k0.75,center profile is not monotone from midplane to GB
Ro150_q0.45_L16W_r1.40_th135_k0.00,center profile is not monotone from midplane to GB
Ro150_q0.45_L16W_r1.40_th135_k0.25,center profile is not monotone from midplane to GB
Ro150_q0.45_L16W_r1.40_th135_k0.50,center profile is not monotone from midplane to GB
Ro150_q0.45_L16W_r1.40_th135_k0.75,center profile is not monotone from midplane to GB
Ro150_q0.45_L16W_r1.40_th150_k0.00,center profile is not monotone from midplane to GB
Ro150_q0.45_L16W_r1.40_th150_k0.25,center profile is not monotone from midplane to GB
Ro150_q0.45_L16W_r1.40_th150_k0.50,center profile is not monotone from midplane to GB
Ro150_q0.45_L16W_r1.40_th150_k0.75,center profile is not monotone from midplane to GB
Ro150_q0.45_L16W_r1.40_th165_k0.00,center profile is not monotone from midplane to GB
Ro150_q0.45_L16W_r1.40_th165_k0.25,center profile is not monotone from midplane to GB
Ro150_q0.45_L16W_r1.40_th165_k0.50,center profile is not monotone from midplane to GB
Ro150_q0.45_L16W_r1.40_th165_k0.75,center profile is not monotone from midplane to GB
Ro150_q0.45_L16W_r1.40_th170_k0.00,center profile is not monotone from midplane to GB
Ro150_q0.45_L16W_r1.40_th170_k0.25,center profile is not monotone from midplane to GB
Ro150_q0.45_L16W_r1.40_th170_k0.50,center profile is not monotone from midplane to GB
Ro150_q0.45_L16W_r1.40_th170_k0.75,center profile is not monotone from midplane to GB
Ro150_q0.45_L16W_r1.60_th120_k0.00,negative center squared radius; center profile is not monotone from midplane to GB; center topology fails before requested loss
Ro150_q0.45_L16W_r1.60_th120_k0.25,negative center squared radius; center profile is not monotone from midplane to GB; center topology fails before requested loss
Ro150_q0.45_L16W_r1.60_th120_k0.50,negative center squared radius; center profile is not monotone from midplane to GB; center topology fails before requested loss
Ro150_q0.45_L16W_r1.60_th120_k0.75,negative center squared radius; center profile is not monotone from midplane to GB; center topology fails before requested loss
Ro150_q0.45_L16W_r1.60_th135_k0.00,negative center squared radius; center profile is not monotone from midplane to GB; center topology fails before requested loss
Ro150_q0.45_L16W_r1.60_th135_k0.25,negative center squared radius; center profile is not monotone from midplane to GB; center topology fails before requested loss
Ro150_q0.45_L16W_r1.60_th135_k0.50,negative center squared radius; center profile is not monotone from midplane to GB; center topology fails before requested loss
Ro150_q0.45_L16W_r1.60_th135_k0.75,negative center squared radius; center profile is not monotone from midplane to GB; center topology fails before requested loss
Ro150_q0.45_L16W_r1.60_th150_k0.00,negative center squared radius; center profile is not monotone from midplane to GB; center topology fails before requested loss
Ro150_q0.45_L16W_r1.60_th150_k0.25,negative center squared radius; center profile is not monotone from midplane to GB; center topology fails before requested loss
Ro150_q0.45_L16W_r1.60_th150_k0.50,negative center squared radius; center profile is not monotone from midplane to GB; center topology fails before requested loss
Ro150_q0.45_L16W_r1.60_th150_k0.75,negative center squared radius; center profile is not monotone from midplane to GB; center topology fails before requested loss
Ro150_q0.45_L16W_r1.60_th165_k0.00,negative center squared radius; center profile is not monotone from midplane to GB; center topology fails before requested loss
Ro150_q0.45_L16W_r1.60_th165_k0.25,negative center squared radius; center profile is not monotone from midplane to GB; center topology fails before requested loss
Ro150_q0.45_L16W_r1.60_th165_k0.50,negative center squared radius; center profile is not monotone from midplane to GB; center topology fails before requested loss
Ro150_q0.45_L16W_r1.60_th165_k0.75,negative center squared radius; center profile is not monotone from midplane to GB; center topology fails before requested loss
Ro150_q0.45_L16W_r1.60_th170_k0.00,center profile is not monotone from midplane to GB; center topology fails before requested loss
Ro150_q0.45_L16W_r1.60_th170_k0.25,center profile is not monotone from midplane to GB; center topology fails before requested loss
Ro150_q0.45_L16W_r1.60_th170_k0.50,center profile is not monotone from midplane to GB; center topology fails before requested loss
Ro150_q0.45_L16W_r1.60_th170_k0.75,center profile is not monotone from midplane to GB; center topology fails before requested loss
Ro150_q0.45_L20W_r1.00_th120_k0.00,center profile is not monotone from midplane to GB
Ro150_q0.45_L20W_r1.00_th120_k0.25,center profile is not monotone from midplane to GB
Ro150_q0.45_L20W_r1.00_th120_k0.50,center profile is not monotone from midplane to GB
Ro150_q0.45_L20W_r1.00_th120_k0.75,center profile is not monotone from midplane to GB
Ro150_q0.45_L20W_r1.00_th135_k0.00,center profile is not monotone from midplane to GB
Ro150_q0.45_L20W_r1.00_th135_k0.25,center profile is not monotone from midplane to GB
Ro150_q0.45_L20W_r1.00_th135_k0.50,center profile is not monotone from midplane to GB
Ro150_q0.45_L20W_r1.20_th120_k0.00,center profile is not monotone from midplane to GB
Ro150_q0.45_L20W_r1.20_th120_k0.25,center profile is not monotone from midplane to GB
Ro150_q0.45_L20W_r1.20_th120_k0.50,center profile is not monotone from midplane to GB
Ro150_q0.45_L20W_r1.20_th120_k0.75,center profile is not monotone from midplane to GB
Ro150_q0.45_L20W_r1.20_th135_k0.00,center profile is not monotone from midplane to GB
Ro150_q0.45_L20W_r1.20_th135_k0.25,center profile is not monotone from midplane to GB
Ro150_q0.45_L20W_r1.20_th135_k0.50,center profile is not monotone from midplane to GB
Ro150_q0.45_L20W_r1.20_th135_k0.75,center profile is not monotone from midplane to GB
Ro150_q0.45_L20W_r1.20_th150_k0.00,center profile is not monotone from midplane to GB
Ro150_q0.45_L20W_r1.20_th150_k0.25,center profile is not monotone from midplane to GB
Ro150_q0.45_L20W_r1.20_th150_k0.50,center profile is not monotone from midplane to GB
Ro150_q0.45_L20W_r1.20_th150_k0.75,center profile is not monotone from midplane to GB
Ro150_q0.45_L20W_r1.20_th165_k0.00,center profile is not monotone from midplane to GB
Ro150_q0.45_L20W_r1.20_th165_k0.25,center profile is not monotone from midplane to GB
Ro150_q0.45_L20W_r1.20_th165_k0.50,center profile is not monotone from midplane to GB
Ro150_q0.45_L20W_r1.20_th165_k0.75,center profile is not monotone from midplane to GB
Ro150_q0.45_L20W_r1.20_th170_k0.00,center profile is not monotone from midplane to GB
Ro150_q0.45_L20W_r1.20_th170_k0.25,center profile is not monotone from midplane to GB
Ro150_q0.45_L20W_r1.20_th170_k0.50,center profile is not monotone from midplane to GB
Ro150_q0.45_L20W_r1.20_th170_k0.75,center profile is not monotone from midplane to GB
Ro150_q0.45_L20W_r1.40_th120_k0.00,negative center squared radius; center profile is not monotone from midplane to GB; center topology fails before requested loss
Ro150_q0.45_L20W_r1.40_th120_k0.25,negative center squared radius; center profile is not monotone from midplane to GB; center topology fails before requested loss
Ro150_q0.45_L20W_r1.40_th120_k0.50,negative center squared radius; center profile is not monotone from midplane to GB; center topology fails before requested loss
Ro150_q0.45_L20W_r1.40_th120_k0.75,negative center squared radius; center profile is not monotone from midplane to GB; center topology fails before requested loss
Ro150_q0.45_L20W_r1.40_th135_k0.00,negative center squared radius; center profile is not monotone from midplane to GB; center topology fails before requested loss
Ro150_q0.45_L20W_r1.40_th135_k0.25,negative center squared radius; center profile is not monotone from midplane to GB; center topology fails before requested loss
Ro150_q0.45_L20W_r1.40_th135_k0.50,negative center squared radius; center profile is not monotone from midplane to GB; center topology fails before requested loss
Ro150_q0.45_L20W_r1.40_th135_k0.75,negative center squared radius; center profile is not monotone from midplane to GB; center topology fails before requested loss
Ro150_q0.45_L20W_r1.40_th150_k0.00,center profile is not monotone from midplane to GB; center topology fails before requested loss
Ro150_q0.45_L20W_r1.40_th150_k0.25,center profile is not monotone from midplane to GB; center topology fails before requested loss
Ro150_q0.45_L20W_r1.40_th150_k0.50,center profile is not monotone from midplane to GB; center topology fails before requested loss
Ro150_q0.45_L20W_r1.40_th150_k0.75,center profile is not monotone from midplane to GB; center topology fails before requested loss
Ro150_q0.45_L20W_r1.40_th165_k0.00,center profile is not monotone from midplane to GB; center topology fails before requested loss
Ro150_q0.45_L20W_r1.40_th165_k0.25,center profile is not monotone from midplane to GB; center topology fails before requested loss
Ro150_q0.45_L20W_r1.40_th165_k0.50,center profile is not monotone from midplane to GB; center topology fails before requested loss
Ro150_q0.45_L20W_r1.40_th165_k0.75,center profile is not monotone from midplane to GB; center topology fails before requested loss
Ro150_q0.45_L20W_r1.40_th170_k0.00,center profile is not monotone from midplane to GB; center topology fails before requested loss
Ro150_q0.45_L20W_r1.40_th170_k0.25,center profile is not monotone from midplane to GB; center topology fails before requested loss
Ro150_q0.45_L20W_r1.40_th170_k0.50,center profile is not monotone from midplane to GB; center topology fails before requested loss
Ro150_q0.45_L20W_r1.40_th170_k0.75,center profile is not monotone from midplane to GB; center topology fails before requested loss
Ro150_q0.45_L20W_r1.60_th120_k0.00,negative center squared radius; center profile is not monotone from midplane to GB; center topology fails before requested loss
Ro150_q0.45_L20W_r1.60_th120_k0.25,negative center squared radius; center profile is not monotone from midplane to GB; center topology fails before requested loss
Ro150_q0.45_L20W_r1.60_th120_k0.50,negative center squared radius; center profile is not monotone from midplane to GB; center topology fails before requested loss
Ro150_q0.45_L20W_r1.60_th120_k0.75,negative center squared radius; center profile is not monotone from midplane to GB; center topology fails before requested loss
Ro150_q0.45_L20W_r1.60_th135_k0.00,negative center squared radius; center profile is not monotone from midplane to GB; center topology fails before requested loss
Ro150_q0.45_L20W_r1.60_th135_k0.25,negative center squared radius; center profile is not monotone from midplane to GB; center topology fails before requested loss
Ro150_q0.45_L20W_r1.60_th135_k0.50,negative center squared radius; center profile is not monotone from midplane to GB; center topology fails before requested loss
Ro150_q0.45_L20W_r1.60_th135_k0.75,negative center squared radius; center profile is not monotone from midplane to GB; center topology fails before requested loss
Ro150_q0.45_L20W_r1.60_th150_k0.00,negative center squared radius; center profile is not monotone from midplane to GB; center topology fails before requested loss
Ro150_q0.45_L20W_r1.60_th150_k0.25,negative center squared radius; center profile is not monotone from midplane to GB; center topology fails before requested loss
Ro150_q0.45_L20W_r1.60_th150_k0.50,negative center squared radius; center profile is not monotone from midplane to GB; center topology fails before requested loss
Ro150_q0.45_L20W_r1.60_th150_k0.75,negative center squared radius; center profile is not monotone from midplane to GB; center topology fails before requested loss
Ro150_q0.45_L20W_r1.60_th165_k0.00,negative center squared radius; center profile is not monotone from midplane to GB; center topology fails before requested loss
Ro150_q0.45_L20W_r1.60_th165_k0.25,negative center squared radius; center profile is not monotone from midplane to GB; center topology fails before requested loss
Ro150_q0.45_L20W_r1.60_th165_k0.50,negative center squared radius; center profile is not monotone from midplane to GB; center topology fails before requested loss
Ro150_q0.45_L20W_r1.60_th165_k0.75,negative center squared radius; center profile is not monotone from midplane to GB; center topology fails before requested loss
Ro150_q0.45_L20W_r1.60_th170_k0.00,negative center squared radius; center profile is not monotone from midplane to GB; center topology fails before requested loss
Ro150_q0.45_L20W_r1.60_th170_k0.25,negative center squared radius; center profile is not monotone from midplane to GB; center topology fails before requested loss
Ro150_q0.45_L20W_r1.60_th170_k0.50,negative center squared radius; center profile is not monotone from midplane to GB; center topology fails before requested loss
Ro150_q0.45_L20W_r1.60_th170_k0.75,negative center squared radius; center profile is not monotone from midplane to GB; center topology fails before requested loss
Ro150_q0.45_L24W_r1.00_th120_k0.00,center profile is not monotone from midplane to GB
Ro150_q0.45_L24W_r1.00_th120_k0.25,center profile is not monotone from midplane to GB
Ro150_q0.45_L24W_r1.00_th120_k0.50,center profile is not monotone from midplane to GB
Ro150_q0.45_L24W_r1.00_th120_k0.75,center profile is not monotone from midplane to GB
Ro150_q0.45_L24W_r1.00_th135_k0.00,center profile is not monotone from midplane to GB
Ro150_q0.45_L24W_r1.00_th135_k0.25,center profile is not monotone from midplane to GB
Ro150_q0.45_L24W_r1.00_th135_k0.50,center profile is not monotone from midplane to GB
Ro150_q0.45_L24W_r1.00_th135_k0.75,center profile is not monotone from midplane to GB
Ro150_q0.45_L24W_r1.00_th150_k0.00,center profile is not monotone from midplane to GB
Ro150_q0.45_L24W_r1.00_th150_k0.25,center profile is not monotone from midplane to GB
Ro150_q0.45_L24W_r1.00_th150_k0.50,center profile is not monotone from midplane to GB
Ro150_q0.45_L24W_r1.00_th150_k0.75,center profile is not monotone from midplane to GB
Ro150_q0.45_L24W_r1.00_th165_k0.00,center profile is not monotone from midplane to GB
Ro150_q0.45_L24W_r1.00_th165_k0.25,center profile is not monotone from midplane to GB
Ro150_q0.45_L24W_r1.00_th165_k0.50,center profile is not monotone from midplane to GB
Ro150_q0.45_L24W_r1.00_th165_k0.75,center profile is not monotone from midplane to GB
Ro150_q0.45_L24W_r1.00_th170_k0.00,center profile is not monotone from midplane to GB
Ro150_q0.45_L24W_r1.00_th170_k0.25,center profile is not monotone from midplane to GB
Ro150_q0.45_L24W_r1.00_th170_k0.50,center profile is not monotone from midplane to GB
Ro150_q0.45_L24W_r1.00_th170_k0.75,center profile is not monotone from midplane to GB
Ro150_q0.45_L24W_r1.20_th120_k0.00,center profile is not monotone from midplane to GB; center topology fails before requested loss
Ro150_q0.45_L24W_r1.20_th120_k0.25,center profile is not monotone from midplane to GB; center topology fails before requested loss
Ro150_q0.45_L24W_r1.20_th120_k0.50,center profile is not monotone from midplane to GB; center topology fails before requested loss
Ro150_q0.45_L24W_r1.20_th120_k0.75,center profile is not monotone from midplane to GB; center topology fails before requested loss
Ro150_q0.45_L24W_r1.20_th135_k0.00,center profile is not monotone from midplane to GB; center topology fails before requested loss
Ro150_q0.45_L24W_r1.20_th135_k0.25,center profile is not monotone from midplane to GB; center topology fails before requested loss
Ro150_q0.45_L24W_r1.20_th135_k0.50,center profile is not monotone from midplane to GB; center topology fails before requested loss
Ro150_q0.45_L24W_r1.20_th135_k0.75,center profile is not monotone from midplane to GB; center topology fails before requested loss
Ro150_q0.45_L24W_r1.20_th150_k0.00,center profile is not monotone from midplane to GB
Ro150_q0.45_L24W_r1.20_th150_k0.25,center profile is not monotone from midplane to GB
Ro150_q0.45_L24W_r1.20_th150_k0.50,center profile is not monotone from midplane to GB
Ro150_q0.45_L24W_r1.20_th150_k0.75,center profile is not monotone from midplane to GB
Ro150_q0.45_L24W_r1.20_th165_k0.00,center profile is not monotone from midplane to GB
Ro150_q0.45_L24W_r1.20_th165_k0.25,center profile is not monotone from midplane to GB
Ro150_q0.45_L24W_r1.20_th165_k0.50,center profile is not monotone from midplane to GB
Ro150_q0.45_L24W_r1.20_th165_k0.75,center profile is not monotone from midplane to GB
Ro150_q0.45_L24W_r1.20_th170_k0.00,center profile is not monotone from midplane to GB
Ro150_q0.45_L24W_r1.20_th170_k0.25,center profile is not monotone from midplane to GB
Ro150_q0.45_L24W_r1.20_th170_k0.50,center profile is not monotone from midplane to GB
Ro150_q0.45_L24W_r1.20_th170_k0.75,center profile is not monotone from midplane to GB
Ro150_q0.45_L24W_r1.40_th120_k0.00,negative center squared radius; center profile is not monotone from midplane to GB; center topology fails before requested loss
Ro150_q0.45_L24W_r1.40_th120_k0.25,negative center squared radius; center profile is not monotone from midplane to GB; center topology fails before requested loss
Ro150_q0.45_L24W_r1.40_th120_k0.50,negative center squared radius; center profile is not monotone from midplane to GB; center topology fails before requested loss
Ro150_q0.45_L24W_r1.40_th120_k0.75,negative center squared radius; center profile is not monotone from midplane to GB; center topology fails before requested loss
Ro150_q0.45_L24W_r1.40_th135_k0.00,negative center squared radius; center profile is not monotone from midplane to GB; center topology fails before requested loss
Ro150_q0.45_L24W_r1.40_th135_k0.25,negative center squared radius; center profile is not monotone from midplane to GB; center topology fails before requested loss
Ro150_q0.45_L24W_r1.40_th135_k0.50,negative center squared radius; center profile is not monotone from midplane to GB; center topology fails before requested loss
Ro150_q0.45_L24W_r1.40_th135_k0.75,negative center squared radius; center profile is not monotone from midplane to GB; center topology fails before requested loss
Ro150_q0.45_L24W_r1.40_th150_k0.00,negative center squared radius; center profile is not monotone from midplane to GB; center topology fails before requested loss
Ro150_q0.45_L24W_r1.40_th150_k0.25,negative center squared radius; center profile is not monotone from midplane to GB; center topology fails before requested loss
Ro150_q0.45_L24W_r1.40_th150_k0.50,negative center squared radius; center profile is not monotone from midplane to GB; center topology fails before requested loss
Ro150_q0.45_L24W_r1.40_th150_k0.75,negative center squared radius; center profile is not monotone from midplane to GB; center topology fails before requested loss
Ro150_q0.45_L24W_r1.40_th165_k0.00,negative center squared radius; center profile is not monotone from midplane to GB; center topology fails before requested loss
Ro150_q0.45_L24W_r1.40_th165_k0.25,negative center squared radius; center profile is not monotone from midplane to GB; center topology fails before requested loss
Ro150_q0.45_L24W_r1.40_th165_k0.50,negative center squared radius; center profile is not monotone from midplane to GB; center topology fails before requested loss
Ro150_q0.45_L24W_r1.40_th165_k0.75,negative center squared radius; center profile is not monotone from midplane to GB; center topology fails before requested loss
Ro150_q0.45_L24W_r1.40_th170_k0.00,negative center squared radius; center profile is not monotone from midplane to GB; center topology fails before requested loss
Ro150_q0.45_L24W_r1.40_th170_k0.25,negative center squared radius; center profile is not monotone from midplane to GB; center topology fails before requested loss
Ro150_q0.45_L24W_r1.40_th170_k0.50,negative center squared radius; center profile is not monotone from midplane to GB; center topology fails before requested loss
Ro150_q0.45_L24W_r1.40_th170_k0.75,negative center squared radius; center profile is not monotone from midplane to GB; center topology fails before requested loss
Ro150_q0.45_L24W_r1.60_th120_k0.00,negative center squared radius; center profile is not monotone from midplane to GB; center topology fails before requested loss
Ro150_q0.45_L24W_r1.60_th120_k0.25,negative center squared radius; center profile is not monotone from midplane to GB; center topology fails before requested loss
Ro150_q0.45_L24W_r1.60_th120_k0.50,negative center squared radius; center profile is not monotone from midplane to GB; center topology fails before requested loss
Ro150_q0.45_L24W_r1.60_th120_k0.75,negative center squared radius; center profile is not monotone from midplane to GB; center topology fails before requested loss
Ro150_q0.45_L24W_r1.60_th135_k0.00,negative center squared radius; center profile is not monotone from midplane to GB; center topology fails before requested loss
Ro150_q0.45_L24W_r1.60_th135_k0.25,negative center squared radius; center profile is not monotone from midplane to GB; center topology fails before requested loss
Ro150_q0.45_L24W_r1.60_th135_k0.50,negative center squared radius; center profile is not monotone from midplane to GB; center topology fails before requested loss
Ro150_q0.45_L24W_r1.60_th135_k0.75,negative center squared radius; center profile is not monotone from midplane to GB; center topology fails before requested loss
Ro150_q0.45_L24W_r1.60_th150_k0.00,negative center squared radius; center profile is not monotone from midplane to GB; center topology fails before requested loss
Ro150_q0.45_L24W_r1.60_th150_k0.25,negative center squared radius; center profile is not monotone from midplane to GB; center topology fails before requested loss
Ro150_q0.45_L24W_r1.60_th150_k0.50,negative center squared radius; center profile is not monotone from midplane to GB; center topology fails before requested loss
Ro150_q0.45_L24W_r1.60_th150_k0.75,negative center squared radius; center profile is not monotone from midplane to GB; center topology fails before requested loss
Ro150_q0.45_L24W_r1.60_th165_k0.00,negative center squared radius; center profile is not monotone from midplane to GB; center topology fails before requested loss
Ro150_q0.45_L24W_r1.60_th165_k0.25,negative center squared radius; center profile is not monotone from midplane to GB; center topology fails before requested loss
Ro150_q0.45_L24W_r1.60_th165_k0.50,negative center squared radius; center profile is not monotone from midplane to GB; center topology fails before requested loss
Ro150_q0.45_L24W_r1.60_th165_k0.75,negative center squared radius; center profile is not monotone from midplane to GB; center topology fails before requested loss
Ro150_q0.45_L24W_r1.60_th170_k0.00,negative center squared radius; center profile is not monotone from midplane to GB; center topology fails before requested loss
Ro150_q0.45_L24W_r1.60_th170_k0.25,negative center squared radius; center profile is not monotone from midplane to GB; center topology fails before requested loss
Ro150_q0.45_L24W_r1.60_th170_k0.50,negative center squared radius; center profile is not monotone from midplane to GB; center topology fails before requested loss
Ro150_q0.45_L24W_r1.60_th170_k0.75,negative center squared radius; center profile is not monotone from midplane to GB; center topology fails before requested loss
Ro150_q0.55_L8W_r0.60_th120_k0.00,contact radius has reached topology loss
Ro150_q0.55_L8W_r0.60_th120_k0.25,contact radius has reached topology loss
Ro150_q0.55_L8W_r0.60_th120_k0.50,contact radius has reached topology loss
Ro150_q0.55_L8W_r0.60_th120_k0.75,contact radius has reached topology loss
Ro150_q0.55_L8W_r0.60_th135_k0.00,contact radius has reached topology loss
Ro150_q0.55_L8W_r0.60_th135_k0.25,contact radius has reached topology loss
Ro150_q0.55_L8W_r0.60_th135_k0.50,contact radius has reached topology loss
Ro150_q0.55_L8W_r0.60_th135_k0.75,contact radius has reached topology loss
Ro150_q0.55_L8W_r0.60_th150_k0.00,contact radius has reached topology loss
Ro150_q0.55_L8W_r0.60_th150_k0.25,contact radius has reached topology loss
Ro150_q0.55_L8W_r0.60_th150_k0.50,contact radius has reached topology loss
Ro150_q0.55_L8W_r0.60_th150_k0.75,contact radius has reached topology loss
Ro150_q0.55_L8W_r0.60_th165_k0.00,contact radius has reached topology loss
Ro150_q0.55_L8W_r0.60_th165_k0.25,contact radius has reached topology loss
Ro150_q0.55_L8W_r0.60_th165_k0.50,contact radius has reached topology loss
Ro150_q0.55_L8W_r0.60_th165_k0.75,contact radius has reached topology loss
Ro150_q0.55_L8W_r0.60_th170_k0.00,contact radius has reached topology loss
Ro150_q0.55_L8W_r0.60_th170_k0.25,contact radius has reached topology loss
Ro150_q0.55_L8W_r0.60_th170_k0.50,contact radius has reached topology loss
Ro150_q0.55_L8W_r0.60_th170_k0.75,contact radius has reached topology loss
Ro150_q0.55_L8W_r0.80_th120_k0.00,contact radius has reached topology loss
Ro150_q0.55_L8W_r0.80_th120_k0.25,contact radius has reached topology loss
Ro150_q0.55_L8W_r0.80_th120_k0.50,contact radius has reached topology loss
Ro150_q0.55_L8W_r0.80_th120_k0.75,contact radius has reached topology loss
Ro150_q0.55_L8W_r0.80_th135_k0.00,contact radius has reached topology loss
Ro150_q0.55_L8W_r0.80_th135_k0.25,contact radius has reached topology loss
Ro150_q0.55_L8W_r0.80_th135_k0.50,contact radius has reached topology loss
Ro150_q0.55_L8W_r0.80_th135_k0.75,contact radius has reached topology loss
Ro150_q0.55_L8W_r0.80_th150_k0.00,contact radius has reached topology loss
Ro150_q0.55_L8W_r0.80_th150_k0.25,contact radius has reached topology loss
Ro150_q0.55_L8W_r0.80_th150_k0.50,contact radius has reached topology loss
Ro150_q0.55_L8W_r0.80_th150_k0.75,contact radius has reached topology loss
Ro150_q0.55_L8W_r0.80_th165_k0.00,contact radius has reached topology loss
Ro150_q0.55_L8W_r0.80_th165_k0.25,contact radius has reached topology loss
Ro150_q0.55_L8W_r0.80_th165_k0.50,contact radius has reached topology loss
Ro150_q0.55_L8W_r0.80_th165_k0.75,contact radius has reached topology loss
Ro150_q0.55_L8W_r0.80_th170_k0.00,contact radius has reached topology loss
Ro150_q0.55_L8W_r0.80_th170_k0.25,contact radius has reached topology loss
Ro150_q0.55_L8W_r0.80_th170_k0.50,contact radius has reached topology loss
Ro150_q0.55_L8W_r0.80_th170_k0.75,contact radius has reached topology loss
Ro150_q0.55_L8W_r1.60_th170_k0.75,outer profile has multiple radial extrema
Ro150_q0.55_L10W_r0.60_th120_k0.00,contact radius has reached topology loss
Ro150_q0.55_L10W_r0.60_th120_k0.25,contact radius has reached topology loss
Ro150_q0.55_L10W_r0.60_th120_k0.50,contact radius has reached topology loss
Ro150_q0.55_L10W_r0.60_th120_k0.75,contact radius has reached topology loss
Ro150_q0.55_L10W_r0.60_th135_k0.00,contact radius has reached topology loss
Ro150_q0.55_L10W_r0.60_th135_k0.25,contact radius has reached topology loss
Ro150_q0.55_L10W_r0.60_th135_k0.50,contact radius has reached topology loss
Ro150_q0.55_L10W_r0.60_th135_k0.75,contact radius has reached topology loss
Ro150_q0.55_L10W_r0.60_th150_k0.00,contact radius has reached topology loss
Ro150_q0.55_L10W_r0.60_th150_k0.25,contact radius has reached topology loss
Ro150_q0.55_L10W_r0.60_th150_k0.50,contact radius has reached topology loss
Ro150_q0.55_L10W_r0.60_th150_k0.75,contact radius has reached topology loss
Ro150_q0.55_L10W_r0.60_th165_k0.00,contact radius has reached topology loss
Ro150_q0.55_L10W_r0.60_th165_k0.25,contact radius has reached topology loss
Ro150_q0.55_L10W_r0.60_th165_k0.50,contact radius has reached topology loss
Ro150_q0.55_L10W_r0.60_th165_k0.75,contact radius has reached topology loss
Ro150_q0.55_L10W_r0.60_th170_k0.00,contact radius has reached topology loss
Ro150_q0.55_L10W_r0.60_th170_k0.25,contact radius has reached topology loss
Ro150_q0.55_L10W_r0.60_th170_k0.50,contact radius has reached topology loss
Ro150_q0.55_L10W_r0.60_th170_k0.75,contact radius has reached topology loss
Ro150_q0.55_L10W_r1.60_th170_k0.75,outer profile has multiple radial extrema
Ro150_q0.55_L12W_r0.60_th120_k0.00,contact radius has reached topology loss
Ro150_q0.55_L12W_r0.60_th120_k0.25,contact radius has reached topology loss
Ro150_q0.55_L12W_r0.60_th120_k0.50,contact radius has reached topology loss
Ro150_q0.55_L12W_r0.60_th120_k0.75,contact radius has reached topology loss
Ro150_q0.55_L12W_r0.60_th135_k0.00,contact radius has reached topology loss
Ro150_q0.55_L12W_r0.60_th135_k0.25,contact radius has reached topology loss
Ro150_q0.55_L12W_r0.60_th135_k0.50,contact radius has reached topology loss
Ro150_q0.55_L12W_r0.60_th135_k0.75,contact radius has reached topology loss
Ro150_q0.55_L12W_r0.60_th150_k0.00,contact radius has reached topology loss
Ro150_q0.55_L12W_r0.60_th150_k0.25,contact radius has reached topology loss
Ro150_q0.55_L12W_r0.60_th150_k0.50,contact radius has reached topology loss
Ro150_q0.55_L12W_r0.60_th150_k0.75,contact radius has reached topology loss
Ro150_q0.55_L12W_r0.60_th165_k0.00,contact radius has reached topology loss
Ro150_q0.55_L12W_r0.60_th165_k0.25,contact radius has reached topology loss
Ro150_q0.55_L12W_r0.60_th165_k0.50,contact radius has reached topology loss
Ro150_q0.55_L12W_r0.60_th165_k0.75,contact radius has reached topology loss
Ro150_q0.55_L12W_r0.60_th170_k0.00,contact radius has reached topology loss
Ro150_q0.55_L12W_r0.60_th170_k0.25,contact radius has reached topology loss
Ro150_q0.55_L12W_r0.60_th170_k0.50,contact radius has reached topology loss
Ro150_q0.55_L12W_r0.60_th170_k0.75,contact radius has reached topology loss
Ro150_q0.55_L12W_r1.60_th120_k0.00,center profile is not monotone from midplane to GB
Ro150_q0.55_L12W_r1.60_th120_k0.25,center profile is not monotone from midplane to GB
Ro150_q0.55_L12W_r1.60_th120_k0.50,center profile is not monotone from midplane to GB
Ro150_q0.55_L12W_r1.60_th120_k0.75,center profile is not monotone from midplane to GB
Ro150_q0.55_L12W_r1.60_th135_k0.00,center profile is not monotone from midplane to GB
Ro150_q0.55_L12W_r1.60_th135_k0.25,center profile is not monotone from midplane to GB
Ro150_q0.55_L12W_r1.60_th135_k0.50,center profile is not monotone from midplane to GB
Ro150_q0.55_L12W_r1.60_th135_k0.75,center profile is not monotone from midplane to GB
Ro150_q0.55_L12W_r1.60_th150_k0.00,center profile is not monotone from midplane to GB
Ro150_q0.55_L12W_r1.60_th150_k0.25,center profile is not monotone from midplane to GB
Ro150_q0.55_L12W_r1.60_th150_k0.50,center profile is not monotone from midplane to GB
Ro150_q0.55_L12W_r1.60_th150_k0.75,center profile is not monotone from midplane to GB
Ro150_q0.55_L12W_r1.60_th165_k0.00,center profile is not monotone from midplane to GB
Ro150_q0.55_L12W_r1.60_th165_k0.25,center profile is not monotone from midplane to GB
Ro150_q0.55_L12W_r1.60_th165_k0.50,center profile is not monotone from midplane to GB
Ro150_q0.55_L12W_r1.60_th165_k0.75,center profile is not monotone from midplane to GB
Ro150_q0.55_L12W_r1.60_th170_k0.00,center profile is not monotone from midplane to GB
Ro150_q0.55_L12W_r1.60_th170_k0.25,center profile is not monotone from midplane to GB
Ro150_q0.55_L12W_r1.60_th170_k0.50,center profile is not monotone from midplane to GB
Ro150_q0.55_L12W_r1.60_th170_k0.75,center profile is not monotone from midplane to GB; outer profile has multiple radial extrema
Ro150_q0.55_L16W_r0.60_th120_k0.00,TJ radius below 6W
Ro150_q0.55_L16W_r0.60_th120_k0.25,TJ radius below 6W
Ro150_q0.55_L16W_r0.60_th120_k0.50,TJ radius below 6W
Ro150_q0.55_L16W_r0.60_th120_k0.75,TJ radius below 6W
Ro150_q0.55_L16W_r0.60_th135_k0.00,TJ radius below 6W
Ro150_q0.55_L16W_r0.60_th135_k0.25,TJ radius below 6W
Ro150_q0.55_L16W_r0.60_th135_k0.50,TJ radius below 6W
Ro150_q0.55_L16W_r0.60_th135_k0.75,TJ radius below 6W
Ro150_q0.55_L16W_r0.60_th150_k0.00,TJ radius below 6W
Ro150_q0.55_L16W_r0.60_th150_k0.25,TJ radius below 6W
Ro150_q0.55_L16W_r0.60_th150_k0.50,TJ radius below 6W
Ro150_q0.55_L16W_r0.60_th150_k0.75,TJ radius below 6W
Ro150_q0.55_L16W_r0.60_th165_k0.00,TJ radius below 6W
Ro150_q0.55_L16W_r0.60_th165_k0.25,TJ radius below 6W
Ro150_q0.55_L16W_r0.60_th165_k0.50,TJ radius below 6W
Ro150_q0.55_L16W_r0.60_th165_k0.75,TJ radius below 6W
Ro150_q0.55_L16W_r0.60_th170_k0.00,TJ radius below 6W
Ro150_q0.55_L16W_r0.60_th170_k0.25,TJ radius below 6W
Ro150_q0.55_L16W_r0.60_th170_k0.50,TJ radius below 6W
Ro150_q0.55_L16W_r0.60_th170_k0.75,TJ radius below 6W
Ro150_q0.55_L16W_r1.40_th120_k0.00,center profile is not monotone from midplane to GB
Ro150_q0.55_L16W_r1.40_th120_k0.25,center profile is not monotone from midplane to GB
Ro150_q0.55_L16W_r1.40_th120_k0.50,center profile is not monotone from midplane to GB
Ro150_q0.55_L16W_r1.40_th120_k0.75,center profile is not monotone from midplane to GB
Ro150_q0.55_L16W_r1.40_th135_k0.00,center profile is not monotone from midplane to GB
Ro150_q0.55_L16W_r1.40_th135_k0.25,center profile is not monotone from midplane to GB
Ro150_q0.55_L16W_r1.40_th135_k0.50,center profile is not monotone from midplane to GB
Ro150_q0.55_L16W_r1.40_th135_k0.75,center profile is not monotone from midplane to GB
Ro150_q0.55_L16W_r1.40_th150_k0.00,center profile is not monotone from midplane to GB
Ro150_q0.55_L16W_r1.40_th150_k0.25,center profile is not monotone from midplane to GB
Ro150_q0.55_L16W_r1.40_th150_k0.50,center profile is not monotone from midplane to GB
Ro150_q0.55_L16W_r1.40_th150_k0.75,center profile is not monotone from midplane to GB
Ro150_q0.55_L16W_r1.40_th165_k0.00,center profile is not monotone from midplane to GB
Ro150_q0.55_L16W_r1.40_th165_k0.25,center profile is not monotone from midplane to GB
Ro150_q0.55_L16W_r1.40_th165_k0.50,center profile is not monotone from midplane to GB
Ro150_q0.55_L16W_r1.40_th165_k0.75,center profile is not monotone from midplane to GB
Ro150_q0.55_L16W_r1.40_th170_k0.00,center profile is not monotone from midplane to GB
Ro150_q0.55_L16W_r1.40_th170_k0.25,center profile is not monotone from midplane to GB
Ro150_q0.55_L16W_r1.40_th170_k0.50,center profile is not monotone from midplane to GB
Ro150_q0.55_L16W_r1.40_th170_k0.75,center profile is not monotone from midplane to GB
Ro150_q0.55_L16W_r1.60_th120_k0.00,center profile is not monotone from midplane to GB
Ro150_q0.55_L16W_r1.60_th120_k0.25,center profile is not monotone from midplane to GB
Ro150_q0.55_L16W_r1.60_th120_k0.50,center profile is not monotone from midplane to GB
Ro150_q0.55_L16W_r1.60_th120_k0.75,center profile is not monotone from midplane to GB
Ro150_q0.55_L16W_r1.60_th135_k0.00,center profile is not monotone from midplane to GB
Ro150_q0.55_L16W_r1.60_th135_k0.25,center profile is not monotone from midplane to GB
Ro150_q0.55_L16W_r1.60_th135_k0.50,center profile is not monotone from midplane to GB
Ro150_q0.55_L16W_r1.60_th135_k0.75,center profile is not monotone from midplane to GB
Ro150_q0.55_L16W_r1.60_th150_k0.00,center profile is not monotone from midplane to GB
Ro150_q0.55_L16W_r1.60_th150_k0.25,center profile is not monotone from midplane to GB
Ro150_q0.55_L16W_r1.60_th150_k0.50,center profile is not monotone from midplane to GB
Ro150_q0.55_L16W_r1.60_th150_k0.75,center profile is not monotone from midplane to GB
Ro150_q0.55_L16W_r1.60_th165_k0.00,center profile is not monotone from midplane to GB
Ro150_q0.55_L16W_r1.60_th165_k0.25,center profile is not monotone from midplane to GB
Ro150_q0.55_L16W_r1.60_th165_k0.50,center profile is not monotone from midplane to GB
Ro150_q0.55_L16W_r1.60_th165_k0.75,center profile is not monotone from midplane to GB
Ro150_q0.55_L16W_r1.60_th170_k0.00,center profile is not monotone from midplane to GB
Ro150_q0.55_L16W_r1.60_th170_k0.25,center profile is not monotone from midplane to GB
Ro150_q0.55_L16W_r1.60_th170_k0.50,center profile is not monotone from midplane to GB
Ro150_q0.55_L16W_r1.60_th170_k0.75,center profile is not monotone from midplane to GB; outer profile has multiple radial extrema
Ro150_q0.55_L20W_r1.20_th120_k0.00,center profile is not monotone from midplane to GB
Ro150_q0.55_L20W_r1.20_th120_k0.25,center profile is not monotone from midplane to GB
Ro150_q0.55_L20W_r1.20_th120_k0.50,center profile is not monotone from midplane to GB
Ro150_q0.55_L20W_r1.20_th120_k0.75,center profile is not monotone from midplane to GB
Ro150_q0.55_L20W_r1.20_th135_k0.00,center profile is not monotone from midplane to GB
Ro150_q0.55_L20W_r1.20_th135_k0.25,center profile is not monotone from midplane to GB
Ro150_q0.55_L20W_r1.20_th135_k0.50,center profile is not monotone from midplane to GB
Ro150_q0.55_L20W_r1.20_th135_k0.75,center profile is not monotone from midplane to GB
Ro150_q0.55_L20W_r1.20_th150_k0.00,center profile is not monotone from midplane to GB
Ro150_q0.55_L20W_r1.20_th150_k0.25,center profile is not monotone from midplane to GB
Ro150_q0.55_L20W_r1.20_th150_k0.50,center profile is not monotone from midplane to GB
Ro150_q0.55_L20W_r1.20_th150_k0.75,center profile is not monotone from midplane to GB
Ro150_q0.55_L20W_r1.20_th165_k0.00,center profile is not monotone from midplane to GB
Ro150_q0.55_L20W_r1.20_th165_k0.25,center profile is not monotone from midplane to GB
Ro150_q0.55_L20W_r1.20_th165_k0.50,center profile is not monotone from midplane to GB
Ro150_q0.55_L20W_r1.20_th165_k0.75,center profile is not monotone from midplane to GB
Ro150_q0.55_L20W_r1.20_th170_k0.00,center profile is not monotone from midplane to GB
Ro150_q0.55_L20W_r1.20_th170_k0.25,center profile is not monotone from midplane to GB
Ro150_q0.55_L20W_r1.20_th170_k0.50,center profile is not monotone from midplane to GB
Ro150_q0.55_L20W_r1.20_th170_k0.75,center profile is not monotone from midplane to GB
Ro150_q0.55_L20W_r1.40_th120_k0.00,center profile is not monotone from midplane to GB
Ro150_q0.55_L20W_r1.40_th120_k0.25,center profile is not monotone from midplane to GB
Ro150_q0.55_L20W_r1.40_th120_k0.50,center profile is not monotone from midplane to GB
Ro150_q0.55_L20W_r1.40_th120_k0.75,center profile is not monotone from midplane to GB
Ro150_q0.55_L20W_r1.40_th135_k0.00,center profile is not monotone from midplane to GB
Ro150_q0.55_L20W_r1.40_th135_k0.25,center profile is not monotone from midplane to GB
Ro150_q0.55_L20W_r1.40_th135_k0.50,center profile is not monotone from midplane to GB
Ro150_q0.55_L20W_r1.40_th135_k0.75,center profile is not monotone from midplane to GB
Ro150_q0.55_L20W_r1.40_th150_k0.00,center profile is not monotone from midplane to GB
Ro150_q0.55_L20W_r1.40_th150_k0.25,center profile is not monotone from midplane to GB
Ro150_q0.55_L20W_r1.40_th150_k0.50,center profile is not monotone from midplane to GB
Ro150_q0.55_L20W_r1.40_th150_k0.75,center profile is not monotone from midplane to GB
Ro150_q0.55_L20W_r1.40_th165_k0.00,center profile is not monotone from midplane to GB
Ro150_q0.55_L20W_r1.40_th165_k0.25,center profile is not monotone from midplane to GB
Ro150_q0.55_L20W_r1.40_th165_k0.50,center profile is not monotone from midplane to GB
Ro150_q0.55_L20W_r1.40_th165_k0.75,center profile is not monotone from midplane to GB
Ro150_q0.55_L20W_r1.40_th170_k0.00,center profile is not monotone from midplane to GB
Ro150_q0.55_L20W_r1.40_th170_k0.25,center profile is not monotone from midplane to GB
Ro150_q0.55_L20W_r1.40_th170_k0.50,center profile is not monotone from midplane to GB
Ro150_q0.55_L20W_r1.40_th170_k0.75,center profile is not monotone from midplane to GB
Ro150_q0.55_L20W_r1.60_th120_k0.00,negative center squared radius; center profile is not monotone from midplane to GB; center topology fails before requested loss
Ro150_q0.55_L20W_r1.60_th120_k0.25,negative center squared radius; center profile is not monotone from midplane to GB; center topology fails before requested loss
Ro150_q0.55_L20W_r1.60_th120_k0.50,negative center squared radius; center profile is not monotone from midplane to GB; center topology fails before requested loss
Ro150_q0.55_L20W_r1.60_th120_k0.75,negative center squared radius; center profile is not monotone from midplane to GB; center topology fails before requested loss
Ro150_q0.55_L20W_r1.60_th135_k0.00,negative center squared radius; center profile is not monotone from midplane to GB; center topology fails before requested loss
Ro150_q0.55_L20W_r1.60_th135_k0.25,negative center squared radius; center profile is not monotone from midplane to GB; center topology fails before requested loss
Ro150_q0.55_L20W_r1.60_th135_k0.50,negative center squared radius; center profile is not monotone from midplane to GB; center topology fails before requested loss
Ro150_q0.55_L20W_r1.60_th135_k0.75,negative center squared radius; center profile is not monotone from midplane to GB; center topology fails before requested loss
Ro150_q0.55_L20W_r1.60_th150_k0.00,negative center squared radius; center profile is not monotone from midplane to GB; center topology fails before requested loss
Ro150_q0.55_L20W_r1.60_th150_k0.25,negative center squared radius; center profile is not monotone from midplane to GB; center topology fails before requested loss
Ro150_q0.55_L20W_r1.60_th150_k0.50,negative center squared radius; center profile is not monotone from midplane to GB; center topology fails before requested loss
Ro150_q0.55_L20W_r1.60_th150_k0.75,negative center squared radius; center profile is not monotone from midplane to GB; center topology fails before requested loss
Ro150_q0.55_L20W_r1.60_th165_k0.00,negative center squared radius; center profile is not monotone from midplane to GB; center topology fails before requested loss
Ro150_q0.55_L20W_r1.60_th165_k0.25,negative center squared radius; center profile is not monotone from midplane to GB; center topology fails before requested loss
Ro150_q0.55_L20W_r1.60_th165_k0.50,negative center squared radius; center profile is not monotone from midplane to GB; center topology fails before requested loss
Ro150_q0.55_L20W_r1.60_th165_k0.75,negative center squared radius; center profile is not monotone from midplane to GB; center topology fails before requested loss
Ro150_q0.55_L20W_r1.60_th170_k0.00,negative center squared radius; center profile is not monotone from midplane to GB; center topology fails before requested loss
Ro150_q0.55_L20W_r1.60_th170_k0.25,negative center squared radius; center profile is not monotone from midplane to GB; center topology fails before requested loss
Ro150_q0.55_L20W_r1.60_th170_k0.50,negative center squared radius; center profile is not monotone from midplane to GB; center topology fails before requested loss
Ro150_q0.55_L20W_r1.60_th170_k0.75,negative center squared radius; center profile is not monotone from midplane to GB; center topology fails before requested loss; outer profile has multiple radial extrema
Ro150_q0.55_L24W_r1.00_th120_k0.00,center profile is not monotone from midplane to GB
Ro150_q0.55_L24W_r1.00_th120_k0.25,center profile is not monotone from midplane to GB
Ro150_q0.55_L24W_r1.00_th120_k0.50,center profile is not monotone from midplane to GB
Ro150_q0.55_L24W_r1.00_th120_k0.75,center profile is not monotone from midplane to GB
Ro150_q0.55_L24W_r1.20_th120_k0.00,center profile is not monotone from midplane to GB
Ro150_q0.55_L24W_r1.20_th120_k0.25,center profile is not monotone from midplane to GB
Ro150_q0.55_L24W_r1.20_th120_k0.50,center profile is not monotone from midplane to GB
Ro150_q0.55_L24W_r1.20_th120_k0.75,center profile is not monotone from midplane to GB
Ro150_q0.55_L24W_r1.20_th135_k0.00,center profile is not monotone from midplane to GB
Ro150_q0.55_L24W_r1.20_th135_k0.25,center profile is not monotone from midplane to GB
Ro150_q0.55_L24W_r1.20_th135_k0.50,center profile is not monotone from midplane to GB
Ro150_q0.55_L24W_r1.20_th135_k0.75,center profile is not monotone from midplane to GB
Ro150_q0.55_L24W_r1.20_th150_k0.00,center profile is not monotone from midplane to GB
Ro150_q0.55_L24W_r1.20_th150_k0.25,center profile is not monotone from midplane to GB
Ro150_q0.55_L24W_r1.20_th150_k0.50,center profile is not monotone from midplane to GB
Ro150_q0.55_L24W_r1.20_th150_k0.75,center profile is not monotone from midplane to GB
Ro150_q0.55_L24W_r1.20_th165_k0.00,center profile is not monotone from midplane to GB
Ro150_q0.55_L24W_r1.20_th165_k0.25,center profile is not monotone from midplane to GB
Ro150_q0.55_L24W_r1.20_th165_k0.50,center profile is not monotone from midplane to GB
Ro150_q0.55_L24W_r1.20_th165_k0.75,center profile is not monotone from midplane to GB
Ro150_q0.55_L24W_r1.20_th170_k0.00,center profile is not monotone from midplane to GB
Ro150_q0.55_L24W_r1.20_th170_k0.25,center profile is not monotone from midplane to GB
Ro150_q0.55_L24W_r1.20_th170_k0.50,center profile is not monotone from midplane to GB
Ro150_q0.55_L24W_r1.20_th170_k0.75,center profile is not monotone from midplane to GB
Ro150_q0.55_L24W_r1.40_th120_k0.00,negative center squared radius; center profile is not monotone from midplane to GB; center topology fails before requested loss
Ro150_q0.55_L24W_r1.40_th120_k0.25,negative center squared radius; center profile is not monotone from midplane to GB; center topology fails before requested loss
Ro150_q0.55_L24W_r1.40_th120_k0.50,negative center squared radius; center profile is not monotone from midplane to GB; center topology fails before requested loss
Ro150_q0.55_L24W_r1.40_th120_k0.75,negative center squared radius; center profile is not monotone from midplane to GB; center topology fails before requested loss
Ro150_q0.55_L24W_r1.40_th135_k0.00,center profile is not monotone from midplane to GB; center topology fails before requested loss
Ro150_q0.55_L24W_r1.40_th135_k0.25,center profile is not monotone from midplane to GB; center topology fails before requested loss
Ro150_q0.55_L24W_r1.40_th135_k0.50,center profile is not monotone from midplane to GB; center topology fails before requested loss
Ro150_q0.55_L24W_r1.40_th135_k0.75,center profile is not monotone from midplane to GB; center topology fails before requested loss
Ro150_q0.55_L24W_r1.40_th150_k0.00,center profile is not monotone from midplane to GB; center topology fails before requested loss
Ro150_q0.55_L24W_r1.40_th150_k0.25,center profile is not monotone from midplane to GB; center topology fails before requested loss
Ro150_q0.55_L24W_r1.40_th150_k0.50,center profile is not monotone from midplane to GB; center topology fails before requested loss
Ro150_q0.55_L24W_r1.40_th150_k0.75,center profile is not monotone from midplane to GB; center topology fails before requested loss
Ro150_q0.55_L24W_r1.40_th165_k0.00,center profile is not monotone from midplane to GB; center topology fails before requested loss
Ro150_q0.55_L24W_r1.40_th165_k0.25,center profile is not monotone from midplane to GB; center topology fails before requested loss
Ro150_q0.55_L24W_r1.40_th165_k0.50,center profile is not monotone from midplane to GB; center topology fails before requested loss
Ro150_q0.55_L24W_r1.40_th165_k0.75,center profile is not monotone from midplane to GB; center topology fails before requested loss
Ro150_q0.55_L24W_r1.40_th170_k0.00,center profile is not monotone from midplane to GB; center topology fails before requested loss
Ro150_q0.55_L24W_r1.40_th170_k0.25,center profile is not monotone from midplane to GB; center topology fails before requested loss
Ro150_q0.55_L24W_r1.40_th170_k0.50,center profile is not monotone from midplane to GB; center topology fails before requested loss
Ro150_q0.55_L24W_r1.40_th170_k0.75,center profile is not monotone from midplane to GB; center topology fails before requested loss
Ro150_q0.55_L24W_r1.60_th120_k0.00,negative center squared radius; center profile is not monotone from midplane to GB; center topology fails before requested loss
Ro150_q0.55_L24W_r1.60_th120_k0.25,negative center squared radius; center profile is not monotone from midplane to GB; center topology fails before requested loss
Ro150_q0.55_L24W_r1.60_th120_k0.50,negative center squared radius; center profile is not monotone from midplane to GB; center topology fails before requested loss
Ro150_q0.55_L24W_r1.60_th120_k0.75,negative center squared radius; center profile is not monotone from midplane to GB; center topology fails before requested loss
Ro150_q0.55_L24W_r1.60_th135_k0.00,negative center squared radius; center profile is not monotone from midplane to GB; center topology fails before requested loss
Ro150_q0.55_L24W_r1.60_th135_k0.25,negative center squared radius; center profile is not monotone from midplane to GB; center topology fails before requested loss
Ro150_q0.55_L24W_r1.60_th135_k0.50,negative center squared radius; center profile is not monotone from midplane to GB; center topology fails before requested loss
Ro150_q0.55_L24W_r1.60_th135_k0.75,negative center squared radius; center profile is not monotone from midplane to GB; center topology fails before requested loss
Ro150_q0.55_L24W_r1.60_th150_k0.00,negative center squared radius; center profile is not monotone from midplane to GB; center topology fails before requested loss
Ro150_q0.55_L24W_r1.60_th150_k0.25,negative center squared radius; center profile is not monotone from midplane to GB; center topology fails before requested loss
Ro150_q0.55_L24W_r1.60_th150_k0.50,negative center squared radius; center profile is not monotone from midplane to GB; center topology fails before requested loss
Ro150_q0.55_L24W_r1.60_th150_k0.75,negative center squared radius; center profile is not monotone from midplane to GB; center topology fails before requested loss
Ro150_q0.55_L24W_r1.60_th165_k0.00,negative center squared radius; center profile is not monotone from midplane to GB; center topology fails before requested loss
Ro150_q0.55_L24W_r1.60_th165_k0.25,negative center squared radius; center profile is not monotone from midplane to GB; center topology fails before requested loss
Ro150_q0.55_L24W_r1.60_th165_k0.50,negative center squared radius; center profile is not monotone from midplane to GB; center topology fails before requested loss
Ro150_q0.55_L24W_r1.60_th165_k0.75,negative center squared radius; center profile is not monotone from midplane to GB; center topology fails before requested loss
Ro150_q0.55_L24W_r1.60_th170_k0.00,negative center squared radius; center profile is not monotone from midplane to GB; center topology fails before requested loss
Ro150_q0.55_L24W_r1.60_th170_k0.25,negative center squared radius; center profile is not monotone from midplane to GB; center topology fails before requested loss
Ro150_q0.55_L24W_r1.60_th170_k0.50,negative center squared radius; center profile is not monotone from midplane to GB; center topology fails before requested loss
Ro150_q0.55_L24W_r1.60_th170_k0.75,negative center squared radius; center profile is not monotone from midplane to GB; center topology fails before requested loss; outer profile has multiple radial extrema
Ro150_q0.65_L8W_r0.60_th120_k0.00,contact radius has reached topology loss
Ro150_q0.65_L8W_r0.60_th120_k0.25,contact radius has reached topology loss
Ro150_q0.65_L8W_r0.60_th120_k0.50,contact radius has reached topology loss
Ro150_q0.65_L8W_r0.60_th120_k0.75,contact radius has reached topology loss
Ro150_q0.65_L8W_r0.60_th135_k0.00,contact radius has reached topology loss
Ro150_q0.65_L8W_r0.60_th135_k0.25,contact radius has reached topology loss
Ro150_q0.65_L8W_r0.60_th135_k0.50,contact radius has reached topology loss
Ro150_q0.65_L8W_r0.60_th135_k0.75,contact radius has reached topology loss
Ro150_q0.65_L8W_r0.60_th150_k0.00,contact radius has reached topology loss
Ro150_q0.65_L8W_r0.60_th150_k0.25,contact radius has reached topology loss
Ro150_q0.65_L8W_r0.60_th150_k0.50,contact radius has reached topology loss
Ro150_q0.65_L8W_r0.60_th150_k0.75,contact radius has reached topology loss
Ro150_q0.65_L8W_r0.60_th165_k0.00,contact radius has reached topology loss
Ro150_q0.65_L8W_r0.60_th165_k0.25,contact radius has reached topology loss
Ro150_q0.65_L8W_r0.60_th165_k0.50,contact radius has reached topology loss
Ro150_q0.65_L8W_r0.60_th165_k0.75,contact radius has reached topology loss
Ro150_q0.65_L8W_r0.60_th170_k0.00,contact radius has reached topology loss
Ro150_q0.65_L8W_r0.60_th170_k0.25,contact radius has reached topology loss
Ro150_q0.65_L8W_r0.60_th170_k0.50,contact radius has reached topology loss
Ro150_q0.65_L8W_r0.60_th170_k0.75,contact radius has reached topology loss
Ro150_q0.65_L8W_r0.80_th120_k0.00,contact radius has reached topology loss
Ro150_q0.65_L8W_r0.80_th120_k0.25,contact radius has reached topology loss
Ro150_q0.65_L8W_r0.80_th120_k0.50,contact radius has reached topology loss
Ro150_q0.65_L8W_r0.80_th120_k0.75,contact radius has reached topology loss
Ro150_q0.65_L8W_r0.80_th135_k0.00,contact radius has reached topology loss
Ro150_q0.65_L8W_r0.80_th135_k0.25,contact radius has reached topology loss
Ro150_q0.65_L8W_r0.80_th135_k0.50,contact radius has reached topology loss
Ro150_q0.65_L8W_r0.80_th135_k0.75,contact radius has reached topology loss
Ro150_q0.65_L8W_r0.80_th150_k0.00,contact radius has reached topology loss
Ro150_q0.65_L8W_r0.80_th150_k0.25,contact radius has reached topology loss
Ro150_q0.65_L8W_r0.80_th150_k0.50,contact radius has reached topology loss
Ro150_q0.65_L8W_r0.80_th150_k0.75,contact radius has reached topology loss
Ro150_q0.65_L8W_r0.80_th165_k0.00,contact radius has reached topology loss
Ro150_q0.65_L8W_r0.80_th165_k0.25,contact radius has reached topology loss
Ro150_q0.65_L8W_r0.80_th165_k0.50,contact radius has reached topology loss
Ro150_q0.65_L8W_r0.80_th165_k0.75,contact radius has reached topology loss
Ro150_q0.65_L8W_r0.80_th170_k0.00,contact radius has reached topology loss
Ro150_q0.65_L8W_r0.80_th170_k0.25,contact radius has reached topology loss
Ro150_q0.65_L8W_r0.80_th170_k0.50,contact radius has reached topology loss
Ro150_q0.65_L8W_r0.80_th170_k0.75,contact radius has reached topology loss
Ro150_q0.65_L8W_r1.60_th120_k0.00,outer profile has multiple radial extrema
Ro150_q0.65_L8W_r1.60_th120_k0.25,outer profile has multiple radial extrema
Ro150_q0.65_L8W_r1.60_th120_k0.50,outer profile has multiple radial extrema
Ro150_q0.65_L8W_r1.60_th120_k0.75,outer profile has multiple radial extrema
Ro150_q0.65_L8W_r1.60_th135_k0.00,outer profile has multiple radial extrema
Ro150_q0.65_L8W_r1.60_th135_k0.25,outer profile has multiple radial extrema
Ro150_q0.65_L8W_r1.60_th170_k0.75,outer profile has multiple radial extrema
Ro150_q0.65_L10W_r0.60_th120_k0.00,contact radius has reached topology loss
Ro150_q0.65_L10W_r0.60_th120_k0.25,contact radius has reached topology loss
Ro150_q0.65_L10W_r0.60_th120_k0.50,contact radius has reached topology loss
Ro150_q0.65_L10W_r0.60_th120_k0.75,contact radius has reached topology loss
Ro150_q0.65_L10W_r0.60_th135_k0.00,contact radius has reached topology loss
Ro150_q0.65_L10W_r0.60_th135_k0.25,contact radius has reached topology loss
Ro150_q0.65_L10W_r0.60_th135_k0.50,contact radius has reached topology loss
Ro150_q0.65_L10W_r0.60_th135_k0.75,contact radius has reached topology loss
Ro150_q0.65_L10W_r0.60_th150_k0.00,contact radius has reached topology loss
Ro150_q0.65_L10W_r0.60_th150_k0.25,contact radius has reached topology loss
Ro150_q0.65_L10W_r0.60_th150_k0.50,contact radius has reached topology loss
Ro150_q0.65_L10W_r0.60_th150_k0.75,contact radius has reached topology loss
Ro150_q0.65_L10W_r0.60_th165_k0.00,contact radius has reached topology loss
Ro150_q0.65_L10W_r0.60_th165_k0.25,contact radius has reached topology loss
Ro150_q0.65_L10W_r0.60_th165_k0.50,contact radius has reached topology loss
Ro150_q0.65_L10W_r0.60_th165_k0.75,contact radius has reached topology loss
Ro150_q0.65_L10W_r0.60_th170_k0.00,contact radius has reached topology loss
Ro150_q0.65_L10W_r0.60_th170_k0.25,contact radius has reached topology loss
Ro150_q0.65_L10W_r0.60_th170_k0.50,contact radius has reached topology loss
Ro150_q0.65_L10W_r0.60_th170_k0.75,contact radius has reached topology loss
Ro150_q0.65_L10W_r0.80_th120_k0.00,contact radius has reached topology loss
Ro150_q0.65_L10W_r0.80_th120_k0.25,contact radius has reached topology loss
Ro150_q0.65_L10W_r0.80_th120_k0.50,contact radius has reached topology loss
Ro150_q0.65_L10W_r0.80_th120_k0.75,contact radius has reached topology loss
Ro150_q0.65_L10W_r0.80_th135_k0.00,contact radius has reached topology loss
Ro150_q0.65_L10W_r0.80_th135_k0.25,contact radius has reached topology loss
Ro150_q0.65_L10W_r0.80_th135_k0.50,contact radius has reached topology loss
Ro150_q0.65_L10W_r0.80_th135_k0.75,contact radius has reached topology loss
Ro150_q0.65_L10W_r0.80_th150_k0.00,contact radius has reached topology loss
Ro150_q0.65_L10W_r0.80_th150_k0.25,contact radius has reached topology loss
Ro150_q0.65_L10W_r0.80_th150_k0.50,contact radius has reached topology loss
Ro150_q0.65_L10W_r0.80_th150_k0.75,contact radius has reached topology loss
Ro150_q0.65_L10W_r0.80_th165_k0.00,contact radius has reached topology loss
Ro150_q0.65_L10W_r0.80_th165_k0.25,contact radius has reached topology loss
Ro150_q0.65_L10W_r0.80_th165_k0.50,contact radius has reached topology loss
Ro150_q0.65_L10W_r0.80_th165_k0.75,contact radius has reached topology loss
Ro150_q0.65_L10W_r0.80_th170_k0.00,contact radius has reached topology loss
Ro150_q0.65_L10W_r0.80_th170_k0.25,contact radius has reached topology loss
Ro150_q0.65_L10W_r0.80_th170_k0.50,contact radius has reached topology loss
Ro150_q0.65_L10W_r0.80_th170_k0.75,contact radius has reached topology loss
Ro150_q0.65_L10W_r1.60_th120_k0.00,outer profile has multiple radial extrema
Ro150_q0.65_L10W_r1.60_th120_k0.25,outer profile has multiple radial extrema
Ro150_q0.65_L10W_r1.60_th120_k0.50,outer profile has multiple radial extrema
Ro150_q0.65_L10W_r1.60_th120_k0.75,outer profile has multiple radial extrema
Ro150_q0.65_L10W_r1.60_th135_k0.00,outer profile has multiple radial extrema
Ro150_q0.65_L10W_r1.60_th135_k0.25,outer profile has multiple radial extrema
Ro150_q0.65_L12W_r0.60_th120_k0.00,contact radius has reached topology loss
Ro150_q0.65_L12W_r0.60_th120_k0.25,contact radius has reached topology loss
Ro150_q0.65_L12W_r0.60_th120_k0.50,contact radius has reached topology loss
Ro150_q0.65_L12W_r0.60_th120_k0.75,contact radius has reached topology loss
Ro150_q0.65_L12W_r0.60_th135_k0.00,contact radius has reached topology loss
Ro150_q0.65_L12W_r0.60_th135_k0.25,contact radius has reached topology loss
Ro150_q0.65_L12W_r0.60_th135_k0.50,contact radius has reached topology loss
Ro150_q0.65_L12W_r0.60_th135_k0.75,contact radius has reached topology loss
Ro150_q0.65_L12W_r0.60_th150_k0.00,contact radius has reached topology loss
Ro150_q0.65_L12W_r0.60_th150_k0.25,contact radius has reached topology loss
Ro150_q0.65_L12W_r0.60_th150_k0.50,contact radius has reached topology loss
Ro150_q0.65_L12W_r0.60_th150_k0.75,contact radius has reached topology loss
Ro150_q0.65_L12W_r0.60_th165_k0.00,contact radius has reached topology loss
Ro150_q0.65_L12W_r0.60_th165_k0.25,contact radius has reached topology loss
Ro150_q0.65_L12W_r0.60_th165_k0.50,contact radius has reached topology loss
Ro150_q0.65_L12W_r0.60_th165_k0.75,contact radius has reached topology loss
Ro150_q0.65_L12W_r0.60_th170_k0.00,contact radius has reached topology loss
Ro150_q0.65_L12W_r0.60_th170_k0.25,contact radius has reached topology loss
Ro150_q0.65_L12W_r0.60_th170_k0.50,contact radius has reached topology loss
Ro150_q0.65_L12W_r0.60_th170_k0.75,contact radius has reached topology loss
Ro150_q0.65_L12W_r1.60_th120_k0.00,outer profile has multiple radial extrema
Ro150_q0.65_L12W_r1.60_th120_k0.25,outer profile has multiple radial extrema
Ro150_q0.65_L12W_r1.60_th120_k0.50,outer profile has multiple radial extrema
Ro150_q0.65_L12W_r1.60_th120_k0.75,outer profile has multiple radial extrema
Ro150_q0.65_L12W_r1.60_th135_k0.00,outer profile has multiple radial extrema
Ro150_q0.65_L12W_r1.60_th135_k0.25,outer profile has multiple radial extrema
Ro150_q0.65_L16W_r0.60_th120_k0.00,contact radius has reached topology loss
Ro150_q0.65_L16W_r0.60_th120_k0.25,contact radius has reached topology loss
Ro150_q0.65_L16W_r0.60_th120_k0.50,contact radius has reached topology loss
Ro150_q0.65_L16W_r0.60_th120_k0.75,contact radius has reached topology loss
Ro150_q0.65_L16W_r0.60_th135_k0.00,contact radius has reached topology loss
Ro150_q0.65_L16W_r0.60_th135_k0.25,contact radius has reached topology loss
Ro150_q0.65_L16W_r0.60_th135_k0.50,contact radius has reached topology loss
Ro150_q0.65_L16W_r0.60_th135_k0.75,contact radius has reached topology loss
Ro150_q0.65_L16W_r0.60_th150_k0.00,contact radius has reached topology loss
Ro150_q0.65_L16W_r0.60_th150_k0.25,contact radius has reached topology loss
Ro150_q0.65_L16W_r0.60_th150_k0.50,contact radius has reached topology loss
Ro150_q0.65_L16W_r0.60_th150_k0.75,contact radius has reached topology loss
Ro150_q0.65_L16W_r0.60_th165_k0.00,contact radius has reached topology loss
Ro150_q0.65_L16W_r0.60_th165_k0.25,contact radius has reached topology loss
Ro150_q0.65_L16W_r0.60_th165_k0.50,contact radius has reached topology loss
Ro150_q0.65_L16W_r0.60_th165_k0.75,contact radius has reached topology loss
Ro150_q0.65_L16W_r0.60_th170_k0.00,contact radius has reached topology loss
Ro150_q0.65_L16W_r0.60_th170_k0.25,contact radius has reached topology loss
Ro150_q0.65_L16W_r0.60_th170_k0.50,contact radius has reached topology loss
Ro150_q0.65_L16W_r0.60_th170_k0.75,contact radius has reached topology loss
Ro150_q0.65_L16W_r1.40_th120_k0.00,center profile is not monotone from midplane to GB
Ro150_q0.65_L16W_r1.40_th120_k0.25,center profile is not monotone from midplane to GB
Ro150_q0.65_L16W_r1.40_th120_k0.50,center profile is not monotone from midplane to GB
Ro150_q0.65_L16W_r1.40_th120_k0.75,center profile is not monotone from midplane to GB
Ro150_q0.65_L16W_r1.40_th135_k0.00,center profile is not monotone from midplane to GB
Ro150_q0.65_L16W_r1.40_th135_k0.25,center profile is not monotone from midplane to GB
Ro150_q0.65_L16W_r1.40_th135_k0.50,center profile is not monotone from midplane to GB
Ro150_q0.65_L16W_r1.40_th135_k0.75,center profile is not monotone from midplane to GB
Ro150_q0.65_L16W_r1.60_th120_k0.00,center profile is not monotone from midplane to GB; outer profile has multiple radial extrema
Ro150_q0.65_L16W_r1.60_th120_k0.25,center profile is not monotone from midplane to GB; outer profile has multiple radial extrema
Ro150_q0.65_L16W_r1.60_th120_k0.50,center profile is not monotone from midplane to GB; outer profile has multiple radial extrema
Ro150_q0.65_L16W_r1.60_th120_k0.75,center profile is not monotone from midplane to GB; outer profile has multiple radial extrema
Ro150_q0.65_L16W_r1.60_th135_k0.00,center profile is not monotone from midplane to GB; outer profile has multiple radial extrema
Ro150_q0.65_L16W_r1.60_th135_k0.25,center profile is not monotone from midplane to GB; outer profile has multiple radial extrema
Ro150_q0.65_L16W_r1.60_th135_k0.50,center profile is not monotone from midplane to GB
Ro150_q0.65_L16W_r1.60_th135_k0.75,center profile is not monotone from midplane to GB
Ro150_q0.65_L16W_r1.60_th150_k0.00,center profile is not monotone from midplane to GB
Ro150_q0.65_L16W_r1.60_th150_k0.25,center profile is not monotone from midplane to GB
Ro150_q0.65_L16W_r1.60_th150_k0.50,center profile is not monotone from midplane to GB
Ro150_q0.65_L16W_r1.60_th150_k0.75,center profile is not monotone from midplane to GB
Ro150_q0.65_L16W_r1.60_th165_k0.00,center profile is not monotone from midplane to GB
Ro150_q0.65_L16W_r1.60_th165_k0.25,center profile is not monotone from midplane to GB
Ro150_q0.65_L16W_r1.60_th165_k0.50,center profile is not monotone from midplane to GB
Ro150_q0.65_L16W_r1.60_th165_k0.75,center profile is not monotone from midplane to GB
Ro150_q0.65_L16W_r1.60_th170_k0.00,center profile is not monotone from midplane to GB
Ro150_q0.65_L16W_r1.60_th170_k0.25,center profile is not monotone from midplane to GB
Ro150_q0.65_L16W_r1.60_th170_k0.50,center profile is not monotone from midplane to GB
Ro150_q0.65_L16W_r1.60_th170_k0.75,center profile is not monotone from midplane to GB
Ro150_q0.65_L20W_r0.60_th120_k0.00,TJ radius below 6W
Ro150_q0.65_L20W_r0.60_th120_k0.25,TJ radius below 6W
Ro150_q0.65_L20W_r0.60_th120_k0.50,TJ radius below 6W
Ro150_q0.65_L20W_r0.60_th120_k0.75,TJ radius below 6W
Ro150_q0.65_L20W_r0.60_th135_k0.00,TJ radius below 6W
Ro150_q0.65_L20W_r0.60_th135_k0.25,TJ radius below 6W
Ro150_q0.65_L20W_r0.60_th135_k0.50,TJ radius below 6W
Ro150_q0.65_L20W_r0.60_th135_k0.75,TJ radius below 6W
Ro150_q0.65_L20W_r0.60_th150_k0.00,TJ radius below 6W
Ro150_q0.65_L20W_r0.60_th150_k0.25,TJ radius below 6W
Ro150_q0.65_L20W_r0.60_th150_k0.50,TJ radius below 6W
Ro150_q0.65_L20W_r0.60_th150_k0.75,TJ radius below 6W
Ro150_q0.65_L20W_r0.60_th165_k0.00,TJ radius below 6W
Ro150_q0.65_L20W_r0.60_th165_k0.25,TJ radius below 6W
Ro150_q0.65_L20W_r0.60_th165_k0.50,TJ radius below 6W
Ro150_q0.65_L20W_r0.60_th165_k0.75,TJ radius below 6W
Ro150_q0.65_L20W_r0.60_th170_k0.00,TJ radius below 6W
Ro150_q0.65_L20W_r0.60_th170_k0.25,TJ radius below 6W
Ro150_q0.65_L20W_r0.60_th170_k0.50,TJ radius below 6W
Ro150_q0.65_L20W_r0.60_th170_k0.75,TJ radius below 6W
Ro150_q0.65_L20W_r1.40_th120_k0.00,center profile is not monotone from midplane to GB
Ro150_q0.65_L20W_r1.40_th120_k0.25,center profile is not monotone from midplane to GB
Ro150_q0.65_L20W_r1.40_th120_k0.50,center profile is not monotone from midplane to GB
Ro150_q0.65_L20W_r1.40_th120_k0.75,center profile is not monotone from midplane to GB
Ro150_q0.65_L20W_r1.40_th135_k0.00,center profile is not monotone from midplane to GB
Ro150_q0.65_L20W_r1.40_th135_k0.25,center profile is not monotone from midplane to GB
Ro150_q0.65_L20W_r1.40_th135_k0.50,center profile is not monotone from midplane to GB
Ro150_q0.65_L20W_r1.40_th135_k0.75,center profile is not monotone from midplane to GB
Ro150_q0.65_L20W_r1.40_th150_k0.00,center profile is not monotone from midplane to GB
Ro150_q0.65_L20W_r1.40_th150_k0.25,center profile is not monotone from midplane to GB
Ro150_q0.65_L20W_r1.40_th150_k0.50,center profile is not monotone from midplane to GB
Ro150_q0.65_L20W_r1.40_th150_k0.75,center profile is not monotone from midplane to GB
Ro150_q0.65_L20W_r1.40_th165_k0.00,center profile is not monotone from midplane to GB
Ro150_q0.65_L20W_r1.40_th165_k0.25,center profile is not monotone from midplane to GB
Ro150_q0.65_L20W_r1.40_th165_k0.50,center profile is not monotone from midplane to GB
Ro150_q0.65_L20W_r1.40_th165_k0.75,center profile is not monotone from midplane to GB
Ro150_q0.65_L20W_r1.40_th170_k0.00,center profile is not monotone from midplane to GB
Ro150_q0.65_L20W_r1.40_th170_k0.25,center profile is not monotone from midplane to GB
Ro150_q0.65_L20W_r1.40_th170_k0.50,center profile is not monotone from midplane to GB
Ro150_q0.65_L20W_r1.40_th170_k0.75,center profile is not monotone from midplane to GB
Ro150_q0.65_L20W_r1.60_th120_k0.00,center profile is not monotone from midplane to GB; center topology fails before requested loss; outer profile has multiple radial extrema
Ro150_q0.65_L20W_r1.60_th120_k0.25,center profile is not monotone from midplane to GB; outer profile has multiple radial extrema
Ro150_q0.65_L20W_r1.60_th120_k0.50,center profile is not monotone from midplane to GB; outer profile has multiple radial extrema
Ro150_q0.65_L20W_r1.60_th120_k0.75,center profile is not monotone from midplane to GB; outer profile has multiple radial extrema
Ro150_q0.65_L20W_r1.60_th135_k0.00,center profile is not monotone from midplane to GB; outer profile has multiple radial extrema
Ro150_q0.65_L20W_r1.60_th135_k0.25,center profile is not monotone from midplane to GB; outer profile has multiple radial extrema
Ro150_q0.65_L20W_r1.60_th135_k0.50,center profile is not monotone from midplane to GB
Ro150_q0.65_L20W_r1.60_th135_k0.75,center profile is not monotone from midplane to GB
Ro150_q0.65_L20W_r1.60_th150_k0.00,center profile is not monotone from midplane to GB
Ro150_q0.65_L20W_r1.60_th150_k0.25,center profile is not monotone from midplane to GB
Ro150_q0.65_L20W_r1.60_th150_k0.50,center profile is not monotone from midplane to GB
Ro150_q0.65_L20W_r1.60_th150_k0.75,center profile is not monotone from midplane to GB
Ro150_q0.65_L20W_r1.60_th165_k0.00,center profile is not monotone from midplane to GB
Ro150_q0.65_L20W_r1.60_th165_k0.25,center profile is not monotone from midplane to GB
Ro150_q0.65_L20W_r1.60_th165_k0.50,center profile is not monotone from midplane to GB
Ro150_q0.65_L20W_r1.60_th165_k0.75,center profile is not monotone from midplane to GB
Ro150_q0.65_L20W_r1.60_th170_k0.00,center profile is not monotone from midplane to GB
Ro150_q0.65_L20W_r1.60_th170_k0.25,center profile is not monotone from midplane to GB
Ro150_q0.65_L20W_r1.60_th170_k0.50,center profile is not monotone from midplane to GB
Ro150_q0.65_L20W_r1.60_th170_k0.75,center profile is not monotone from midplane to GB
Ro150_q0.65_L24W_r1.20_th120_k0.00,center profile is not monotone from midplane to GB
Ro150_q0.65_L24W_r1.20_th120_k0.25,center profile is not monotone from midplane to GB
Ro150_q0.65_L24W_r1.20_th120_k0.50,center profile is not monotone from midplane to GB
Ro150_q0.65_L24W_r1.20_th120_k0.75,center profile is not monotone from midplane to GB
Ro150_q0.65_L24W_r1.20_th135_k0.00,center profile is not monotone from midplane to GB
Ro150_q0.65_L24W_r1.20_th135_k0.25,center profile is not monotone from midplane to GB
Ro150_q0.65_L24W_r1.20_th135_k0.50,center profile is not monotone from midplane to GB
Ro150_q0.65_L24W_r1.20_th135_k0.75,center profile is not monotone from midplane to GB
Ro150_q0.65_L24W_r1.20_th150_k0.00,center profile is not monotone from midplane to GB
Ro150_q0.65_L24W_r1.20_th150_k0.25,center profile is not monotone from midplane to GB
Ro150_q0.65_L24W_r1.20_th150_k0.50,center profile is not monotone from midplane to GB
Ro150_q0.65_L24W_r1.20_th150_k0.75,center profile is not monotone from midplane to GB
Ro150_q0.65_L24W_r1.20_th165_k0.00,center profile is not monotone from midplane to GB
Ro150_q0.65_L24W_r1.20_th165_k0.25,center profile is not monotone from midplane to GB
Ro150_q0.65_L24W_r1.20_th165_k0.50,center profile is not monotone from midplane to GB
Ro150_q0.65_L24W_r1.20_th165_k0.75,center profile is not monotone from midplane to GB
Ro150_q0.65_L24W_r1.20_th170_k0.00,center profile is not monotone from midplane to GB
Ro150_q0.65_L24W_r1.20_th170_k0.25,center profile is not monotone from midplane to GB
Ro150_q0.65_L24W_r1.20_th170_k0.50,center profile is not monotone from midplane to GB
Ro150_q0.65_L24W_r1.20_th170_k0.75,center profile is not monotone from midplane to GB
Ro150_q0.65_L24W_r1.40_th120_k0.00,center profile is not monotone from midplane to GB
Ro150_q0.65_L24W_r1.40_th120_k0.25,center profile is not monotone from midplane to GB
Ro150_q0.65_L24W_r1.40_th120_k0.50,center profile is not monotone from midplane to GB
Ro150_q0.65_L24W_r1.40_th120_k0.75,center profile is not monotone from midplane to GB
Ro150_q0.65_L24W_r1.40_th135_k0.00,center profile is not monotone from midplane to GB
Ro150_q0.65_L24W_r1.40_th135_k0.25,center profile is not monotone from midplane to GB
Ro150_q0.65_L24W_r1.40_th135_k0.50,center profile is not monotone from midplane to GB
Ro150_q0.65_L24W_r1.40_th135_k0.75,center profile is not monotone from midplane to GB
Ro150_q0.65_L24W_r1.40_th150_k0.00,center profile is not monotone from midplane to GB
Ro150_q0.65_L24W_r1.40_th150_k0.25,center profile is not monotone from midplane to GB
Ro150_q0.65_L24W_r1.40_th150_k0.50,center profile is not monotone from midplane to GB
Ro150_q0.65_L24W_r1.40_th150_k0.75,center profile is not monotone from midplane to GB
Ro150_q0.65_L24W_r1.40_th165_k0.00,center profile is not monotone from midplane to GB
Ro150_q0.65_L24W_r1.40_th165_k0.25,center profile is not monotone from midplane to GB
Ro150_q0.65_L24W_r1.40_th165_k0.50,center profile is not monotone from midplane to GB
Ro150_q0.65_L24W_r1.40_th165_k0.75,center profile is not monotone from midplane to GB
Ro150_q0.65_L24W_r1.40_th170_k0.00,center profile is not monotone from midplane to GB
Ro150_q0.65_L24W_r1.40_th170_k0.25,center profile is not monotone from midplane to GB
Ro150_q0.65_L24W_r1.40_th170_k0.50,center profile is not monotone from midplane to GB
Ro150_q0.65_L24W_r1.40_th170_k0.75,center profile is not monotone from midplane to GB
Ro150_q0.65_L24W_r1.60_th120_k0.00,negative center squared radius; center profile is not monotone from midplane to GB; center topology fails before requested loss; outer profile has multiple radial extrema
Ro150_q0.65_L24W_r1.60_th120_k0.25,negative center squared radius; center profile is not monotone from midplane to GB; center topology fails before requested loss; outer profile has multiple radial extrema
Ro150_q0.65_L24W_r1.60_th120_k0.50,negative center squared radius; center profile is not monotone from midplane to GB; center topology fails before requested loss; outer profile has multiple radial extrema
Ro150_q0.65_L24W_r1.60_th120_k0.75,negative center squared radius; center profile is not monotone from midplane to GB; center topology fails before requested loss; outer profile has multiple radial extrema
Ro150_q0.65_L24W_r1.60_th135_k0.00,negative center squared radius; center profile is not monotone from midplane to GB; center topology fails before requested loss; outer profile has multiple radial extrema
Ro150_q0.65_L24W_r1.60_th135_k0.25,negative center squared radius; center profile is not monotone from midplane to GB; center topology fails before requested loss; outer profile has multiple radial extrema
Ro150_q0.65_L24W_r1.60_th135_k0.50,negative center squared radius; center profile is not monotone from midplane to GB; center topology fails before requested loss
Ro150_q0.65_L24W_r1.60_th135_k0.75,negative center squared radius; center profile is not monotone from midplane to GB; center topology fails before requested loss
Ro150_q0.65_L24W_r1.60_th150_k0.00,negative center squared radius; center profile is not monotone from midplane to GB; center topology fails before requested loss
Ro150_q0.65_L24W_r1.60_th150_k0.25,negative center squared radius; center profile is not monotone from midplane to GB; center topology fails before requested loss
Ro150_q0.65_L24W_r1.60_th150_k0.50,negative center squared radius; center profile is not monotone from midplane to GB; center topology fails before requested loss
Ro150_q0.65_L24W_r1.60_th150_k0.75,negative center squared radius; center profile is not monotone from midplane to GB; center topology fails before requested loss
Ro150_q0.65_L24W_r1.60_th165_k0.00,negative center squared radius; center profile is not monotone from midplane to GB; center topology fails before requested loss
Ro150_q0.65_L24W_r1.60_th165_k0.25,negative center squared radius; center profile is not monotone from midplane to GB; center topology fails before requested loss
Ro150_q0.65_L24W_r1.60_th165_k0.50,negative center squared radius; center profile is not monotone from midplane to GB; center topology fails before requested loss
Ro150_q0.65_L24W_r1.60_th165_k0.75,negative center squared radius; center profile is not monotone from midplane to GB; center topology fails before requested loss
Ro150_q0.65_L24W_r1.60_th170_k0.00,negative center squared radius; center profile is not monotone from midplane to GB; center topology fails before requested loss
Ro150_q0.65_L24W_r1.60_th170_k0.25,negative center squared radius; center profile is not monotone from midplane to GB; center topology fails before requested loss
Ro150_q0.65_L24W_r1.60_th170_k0.50,negative center squared radius; center profile is not monotone from midplane to GB; center topology fails before requested loss
Ro150_q0.65_L24W_r1.60_th170_k0.75,negative center squared radius; center profile is not monotone from midplane to GB; center topology fails before requested loss
Ro150_q0.75_L8W_r0.60_th120_k0.00,contact radius has reached topology loss
Ro150_q0.75_L8W_r0.60_th120_k0.25,contact radius has reached topology loss
Ro150_q0.75_L8W_r0.60_th120_k0.50,contact radius has reached topology loss
Ro150_q0.75_L8W_r0.60_th120_k0.75,contact radius has reached topology loss
Ro150_q0.75_L8W_r0.60_th135_k0.00,contact radius has reached topology loss
Ro150_q0.75_L8W_r0.60_th135_k0.25,contact radius has reached topology loss
Ro150_q0.75_L8W_r0.60_th135_k0.50,contact radius has reached topology loss
Ro150_q0.75_L8W_r0.60_th135_k0.75,contact radius has reached topology loss
Ro150_q0.75_L8W_r0.60_th150_k0.00,contact radius has reached topology loss
Ro150_q0.75_L8W_r0.60_th150_k0.25,contact radius has reached topology loss
Ro150_q0.75_L8W_r0.60_th150_k0.50,contact radius has reached topology loss
Ro150_q0.75_L8W_r0.60_th150_k0.75,contact radius has reached topology loss
Ro150_q0.75_L8W_r0.60_th165_k0.00,contact radius has reached topology loss
Ro150_q0.75_L8W_r0.60_th165_k0.25,contact radius has reached topology loss
Ro150_q0.75_L8W_r0.60_th165_k0.50,contact radius has reached topology loss
Ro150_q0.75_L8W_r0.60_th165_k0.75,contact radius has reached topology loss
Ro150_q0.75_L8W_r0.60_th170_k0.00,contact radius has reached topology loss
Ro150_q0.75_L8W_r0.60_th170_k0.25,contact radius has reached topology loss
Ro150_q0.75_L8W_r0.60_th170_k0.50,contact radius has reached topology loss
Ro150_q0.75_L8W_r0.60_th170_k0.75,contact radius has reached topology loss
Ro150_q0.75_L8W_r0.80_th120_k0.00,contact radius has reached topology loss
Ro150_q0.75_L8W_r0.80_th120_k0.25,contact radius has reached topology loss
Ro150_q0.75_L8W_r0.80_th120_k0.50,contact radius has reached topology loss
Ro150_q0.75_L8W_r0.80_th120_k0.75,contact radius has reached topology loss
Ro150_q0.75_L8W_r0.80_th135_k0.00,contact radius has reached topology loss
Ro150_q0.75_L8W_r0.80_th135_k0.25,contact radius has reached topology loss
Ro150_q0.75_L8W_r0.80_th135_k0.50,contact radius has reached topology loss
Ro150_q0.75_L8W_r0.80_th135_k0.75,contact radius has reached topology loss
Ro150_q0.75_L8W_r0.80_th150_k0.00,contact radius has reached topology loss
Ro150_q0.75_L8W_r0.80_th150_k0.25,contact radius has reached topology loss
Ro150_q0.75_L8W_r0.80_th150_k0.50,contact radius has reached topology loss
Ro150_q0.75_L8W_r0.80_th150_k0.75,contact radius has reached topology loss
Ro150_q0.75_L8W_r0.80_th165_k0.00,contact radius has reached topology loss
Ro150_q0.75_L8W_r0.80_th165_k0.25,contact radius has reached topology loss
Ro150_q0.75_L8W_r0.80_th165_k0.50,contact radius has reached topology loss
Ro150_q0.75_L8W_r0.80_th165_k0.75,contact radius has reached topology loss
Ro150_q0.75_L8W_r0.80_th170_k0.00,contact radius has reached topology loss
Ro150_q0.75_L8W_r0.80_th170_k0.25,contact radius has reached topology loss
Ro150_q0.75_L8W_r0.80_th170_k0.50,contact radius has reached topology loss
Ro150_q0.75_L8W_r0.80_th170_k0.75,contact radius has reached topology loss
Ro150_q0.75_L8W_r1.40_th120_k0.00,outer profile has multiple radial extrema
Ro150_q0.75_L8W_r1.40_th120_k0.25,outer profile has multiple radial extrema
Ro150_q0.75_L8W_r1.40_th120_k0.50,outer profile has multiple radial extrema
Ro150_q0.75_L8W_r1.40_th120_k0.75,outer profile has multiple radial extrema
Ro150_q0.75_L8W_r1.40_th135_k0.00,outer profile has multiple radial extrema
Ro150_q0.75_L8W_r1.40_th135_k0.25,outer profile has multiple radial extrema
Ro150_q0.75_L8W_r1.40_th135_k0.50,outer profile has multiple radial extrema
Ro150_q0.75_L8W_r1.60_th120_k0.00,negative outer squared radius
Ro150_q0.75_L8W_r1.60_th120_k0.25,negative outer squared radius
Ro150_q0.75_L8W_r1.60_th120_k0.50,negative outer squared radius
Ro150_q0.75_L8W_r1.60_th120_k0.75,negative outer squared radius
Ro150_q0.75_L8W_r1.60_th135_k0.00,negative outer squared radius
Ro150_q0.75_L8W_r1.60_th135_k0.25,negative outer squared radius
Ro150_q0.75_L8W_r1.60_th135_k0.50,negative outer squared radius
Ro150_q0.75_L8W_r1.60_th135_k0.75,negative outer squared radius
Ro150_q0.75_L8W_r1.60_th150_k0.00,outer profile has multiple radial extrema
Ro150_q0.75_L8W_r1.60_th150_k0.25,outer profile has multiple radial extrema
Ro150_q0.75_L8W_r1.60_th150_k0.50,outer profile has multiple radial extrema
Ro150_q0.75_L8W_r1.60_th150_k0.75,outer profile has multiple radial extrema
Ro150_q0.75_L8W_r1.60_th165_k0.00,outer profile has multiple radial extrema
Ro150_q0.75_L8W_r1.60_th165_k0.25,outer profile has multiple radial extrema
Ro150_q0.75_L8W_r1.60_th165_k0.50,outer profile has multiple radial extrema
Ro150_q0.75_L8W_r1.60_th165_k0.75,outer profile has multiple radial extrema
Ro150_q0.75_L8W_r1.60_th170_k0.00,outer profile has multiple radial extrema
Ro150_q0.75_L8W_r1.60_th170_k0.25,outer profile has multiple radial extrema
Ro150_q0.75_L8W_r1.60_th170_k0.50,outer profile has multiple radial extrema
Ro150_q0.75_L8W_r1.60_th170_k0.75,outer profile has multiple radial extrema
Ro150_q0.75_L10W_r0.60_th120_k0.00,contact radius has reached topology loss
Ro150_q0.75_L10W_r0.60_th120_k0.25,contact radius has reached topology loss
Ro150_q0.75_L10W_r0.60_th120_k0.50,contact radius has reached topology loss
Ro150_q0.75_L10W_r0.60_th120_k0.75,contact radius has reached topology loss
Ro150_q0.75_L10W_r0.60_th135_k0.00,contact radius has reached topology loss
Ro150_q0.75_L10W_r0.60_th135_k0.25,contact radius has reached topology loss
Ro150_q0.75_L10W_r0.60_th135_k0.50,contact radius has reached topology loss
Ro150_q0.75_L10W_r0.60_th135_k0.75,contact radius has reached topology loss
Ro150_q0.75_L10W_r0.60_th150_k0.00,contact radius has reached topology loss
Ro150_q0.75_L10W_r0.60_th150_k0.25,contact radius has reached topology loss
Ro150_q0.75_L10W_r0.60_th150_k0.50,contact radius has reached topology loss
Ro150_q0.75_L10W_r0.60_th150_k0.75,contact radius has reached topology loss
Ro150_q0.75_L10W_r0.60_th165_k0.00,contact radius has reached topology loss
Ro150_q0.75_L10W_r0.60_th165_k0.25,contact radius has reached topology loss
Ro150_q0.75_L10W_r0.60_th165_k0.50,contact radius has reached topology loss
Ro150_q0.75_L10W_r0.60_th165_k0.75,contact radius has reached topology loss
Ro150_q0.75_L10W_r0.60_th170_k0.00,contact radius has reached topology loss
Ro150_q0.75_L10W_r0.60_th170_k0.25,contact radius has reached topology loss
Ro150_q0.75_L10W_r0.60_th170_k0.50,contact radius has reached topology loss
Ro150_q0.75_L10W_r0.60_th170_k0.75,contact radius has reached topology loss
Ro150_q0.75_L10W_r0.80_th120_k0.00,contact radius has reached topology loss
Ro150_q0.75_L10W_r0.80_th120_k0.25,contact radius has reached topology loss
Ro150_q0.75_L10W_r0.80_th120_k0.50,contact radius has reached topology loss
Ro150_q0.75_L10W_r0.80_th120_k0.75,contact radius has reached topology loss
Ro150_q0.75_L10W_r0.80_th135_k0.00,contact radius has reached topology loss
Ro150_q0.75_L10W_r0.80_th135_k0.25,contact radius has reached topology loss
Ro150_q0.75_L10W_r0.80_th135_k0.50,contact radius has reached topology loss
Ro150_q0.75_L10W_r0.80_th135_k0.75,contact radius has reached topology loss
Ro150_q0.75_L10W_r0.80_th150_k0.00,contact radius has reached topology loss
Ro150_q0.75_L10W_r0.80_th150_k0.25,contact radius has reached topology loss
Ro150_q0.75_L10W_r0.80_th150_k0.50,contact radius has reached topology loss
Ro150_q0.75_L10W_r0.80_th150_k0.75,contact radius has reached topology loss
Ro150_q0.75_L10W_r0.80_th165_k0.00,contact radius has reached topology loss
Ro150_q0.75_L10W_r0.80_th165_k0.25,contact radius has reached topology loss
Ro150_q0.75_L10W_r0.80_th165_k0.50,contact radius has reached topology loss
Ro150_q0.75_L10W_r0.80_th165_k0.75,contact radius has reached topology loss
Ro150_q0.75_L10W_r0.80_th170_k0.00,contact radius has reached topology loss
Ro150_q0.75_L10W_r0.80_th170_k0.25,contact radius has reached topology loss
Ro150_q0.75_L10W_r0.80_th170_k0.50,contact radius has reached topology loss
Ro150_q0.75_L10W_r0.80_th170_k0.75,contact radius has reached topology loss
Ro150_q0.75_L10W_r1.40_th120_k0.00,outer profile has multiple radial extrema
Ro150_q0.75_L10W_r1.40_th120_k0.25,outer profile has multiple radial extrema
Ro150_q0.75_L10W_r1.40_th120_k0.50,outer profile has multiple radial extrema
Ro150_q0.75_L10W_r1.40_th120_k0.75,outer profile has multiple radial extrema
Ro150_q0.75_L10W_r1.40_th135_k0.00,outer profile has multiple radial extrema
Ro150_q0.75_L10W_r1.40_th135_k0.25,outer profile has multiple radial extrema
Ro150_q0.75_L10W_r1.40_th135_k0.50,outer profile has multiple radial extrema
Ro150_q0.75_L10W_r1.60_th120_k0.00,negative outer squared radius
Ro150_q0.75_L10W_r1.60_th120_k0.25,negative outer squared radius
Ro150_q0.75_L10W_r1.60_th120_k0.50,negative outer squared radius
Ro150_q0.75_L10W_r1.60_th120_k0.75,negative outer squared radius
Ro150_q0.75_L10W_r1.60_th135_k0.00,negative outer squared radius
Ro150_q0.75_L10W_r1.60_th135_k0.25,negative outer squared radius
Ro150_q0.75_L10W_r1.60_th135_k0.50,negative outer squared radius
Ro150_q0.75_L10W_r1.60_th135_k0.75,negative outer squared radius
Ro150_q0.75_L10W_r1.60_th150_k0.00,outer profile has multiple radial extrema
Ro150_q0.75_L10W_r1.60_th150_k0.25,outer profile has multiple radial extrema
Ro150_q0.75_L10W_r1.60_th150_k0.50,outer profile has multiple radial extrema
Ro150_q0.75_L10W_r1.60_th150_k0.75,outer profile has multiple radial extrema
Ro150_q0.75_L10W_r1.60_th165_k0.00,outer profile has multiple radial extrema
Ro150_q0.75_L10W_r1.60_th165_k0.25,outer profile has multiple radial extrema
Ro150_q0.75_L10W_r1.60_th165_k0.50,outer profile has multiple radial extrema
Ro150_q0.75_L10W_r1.60_th165_k0.75,outer profile has multiple radial extrema
Ro150_q0.75_L10W_r1.60_th170_k0.00,outer profile has multiple radial extrema
Ro150_q0.75_L10W_r1.60_th170_k0.25,outer profile has multiple radial extrema
Ro150_q0.75_L10W_r1.60_th170_k0.50,outer profile has multiple radial extrema
Ro150_q0.75_L10W_r1.60_th170_k0.75,outer profile has multiple radial extrema
Ro150_q0.75_L12W_r0.60_th120_k0.00,contact radius has reached topology loss
Ro150_q0.75_L12W_r0.60_th120_k0.25,contact radius has reached topology loss
Ro150_q0.75_L12W_r0.60_th120_k0.50,contact radius has reached topology loss
Ro150_q0.75_L12W_r0.60_th120_k0.75,contact radius has reached topology loss
Ro150_q0.75_L12W_r0.60_th135_k0.00,contact radius has reached topology loss
Ro150_q0.75_L12W_r0.60_th135_k0.25,contact radius has reached topology loss
Ro150_q0.75_L12W_r0.60_th135_k0.50,contact radius has reached topology loss
Ro150_q0.75_L12W_r0.60_th135_k0.75,contact radius has reached topology loss
Ro150_q0.75_L12W_r0.60_th150_k0.00,contact radius has reached topology loss
Ro150_q0.75_L12W_r0.60_th150_k0.25,contact radius has reached topology loss
Ro150_q0.75_L12W_r0.60_th150_k0.50,contact radius has reached topology loss
Ro150_q0.75_L12W_r0.60_th150_k0.75,contact radius has reached topology loss
Ro150_q0.75_L12W_r0.60_th165_k0.00,contact radius has reached topology loss
Ro150_q0.75_L12W_r0.60_th165_k0.25,contact radius has reached topology loss
Ro150_q0.75_L12W_r0.60_th165_k0.50,contact radius has reached topology loss
Ro150_q0.75_L12W_r0.60_th165_k0.75,contact radius has reached topology loss
Ro150_q0.75_L12W_r0.60_th170_k0.00,contact radius has reached topology loss
Ro150_q0.75_L12W_r0.60_th170_k0.25,contact radius has reached topology loss
Ro150_q0.75_L12W_r0.60_th170_k0.50,contact radius has reached topology loss
Ro150_q0.75_L12W_r0.60_th170_k0.75,contact radius has reached topology loss
Ro150_q0.75_L12W_r0.80_th120_k0.00,TJ radius below 6W
Ro150_q0.75_L12W_r0.80_th120_k0.25,TJ radius below 6W
Ro150_q0.75_L12W_r0.80_th120_k0.50,TJ radius below 6W
Ro150_q0.75_L12W_r0.80_th120_k0.75,TJ radius below 6W
Ro150_q0.75_L12W_r0.80_th135_k0.00,TJ radius below 6W
Ro150_q0.75_L12W_r0.80_th135_k0.25,TJ radius below 6W
Ro150_q0.75_L12W_r0.80_th135_k0.50,TJ radius below 6W
Ro150_q0.75_L12W_r0.80_th135_k0.75,TJ radius below 6W
Ro150_q0.75_L12W_r0.80_th150_k0.00,TJ radius below 6W
Ro150_q0.75_L12W_r0.80_th150_k0.25,TJ radius below 6W
Ro150_q0.75_L12W_r0.80_th150_k0.50,TJ radius below 6W
Ro150_q0.75_L12W_r0.80_th150_k0.75,TJ radius below 6W
Ro150_q0.75_L12W_r0.80_th165_k0.00,TJ radius below 6W
Ro150_q0.75_L12W_r0.80_th165_k0.25,TJ radius below 6W
Ro150_q0.75_L12W_r0.80_th165_k0.50,TJ radius below 6W
Ro150_q0.75_L12W_r0.80_th165_k0.75,TJ radius below 6W
Ro150_q0.75_L12W_r0.80_th170_k0.00,TJ radius below 6W
Ro150_q0.75_L12W_r0.80_th170_k0.25,TJ radius below 6W
Ro150_q0.75_L12W_r0.80_th170_k0.50,TJ radius below 6W
Ro150_q0.75_L12W_r0.80_th170_k0.75,TJ radius below 6W
Ro150_q0.75_L12W_r1.40_th120_k0.00,outer profile has multiple radial extrema
Ro150_q0.75_L12W_r1.40_th120_k0.25,outer profile has multiple radial extrema
Ro150_q0.75_L12W_r1.40_th120_k0.50,outer profile has multiple radial extrema
Ro150_q0.75_L12W_r1.40_th120_k0.75,outer profile has multiple radial extrema
Ro150_q0.75_L12W_r1.40_th135_k0.00,outer profile has multiple radial extrema
Ro150_q0.75_L12W_r1.40_th135_k0.25,outer profile has multiple radial extrema
Ro150_q0.75_L12W_r1.40_th135_k0.50,outer profile has multiple radial extrema
Ro150_q0.75_L12W_r1.40_th170_k0.75,outer profile has multiple radial extrema
Ro150_q0.75_L12W_r1.60_th120_k0.00,negative outer squared radius
Ro150_q0.75_L12W_r1.60_th120_k0.25,negative outer squared radius
Ro150_q0.75_L12W_r1.60_th120_k0.50,negative outer squared radius
Ro150_q0.75_L12W_r1.60_th120_k0.75,negative outer squared radius
Ro150_q0.75_L12W_r1.60_th135_k0.00,negative outer squared radius
Ro150_q0.75_L12W_r1.60_th135_k0.25,negative outer squared radius
Ro150_q0.75_L12W_r1.60_th135_k0.50,negative outer squared radius
Ro150_q0.75_L12W_r1.60_th135_k0.75,negative outer squared radius
Ro150_q0.75_L12W_r1.60_th150_k0.00,outer profile has multiple radial extrema
Ro150_q0.75_L12W_r1.60_th150_k0.25,outer profile has multiple radial extrema
Ro150_q0.75_L12W_r1.60_th150_k0.50,outer profile has multiple radial extrema
Ro150_q0.75_L12W_r1.60_th150_k0.75,outer profile has multiple radial extrema
Ro150_q0.75_L12W_r1.60_th165_k0.00,outer profile has multiple radial extrema
Ro150_q0.75_L12W_r1.60_th165_k0.25,outer profile has multiple radial extrema
Ro150_q0.75_L12W_r1.60_th165_k0.50,outer profile has multiple radial extrema
Ro150_q0.75_L12W_r1.60_th165_k0.75,outer profile has multiple radial extrema
Ro150_q0.75_L12W_r1.60_th170_k0.00,outer profile has multiple radial extrema
Ro150_q0.75_L12W_r1.60_th170_k0.25,outer profile has multiple radial extrema
Ro150_q0.75_L12W_r1.60_th170_k0.50,outer profile has multiple radial extrema
Ro150_q0.75_L12W_r1.60_th170_k0.75,outer profile has multiple radial extrema
Ro150_q0.75_L16W_r0.60_th120_k0.00,contact radius has reached topology loss
Ro150_q0.75_L16W_r0.60_th120_k0.25,contact radius has reached topology loss
Ro150_q0.75_L16W_r0.60_th120_k0.50,contact radius has reached topology loss
Ro150_q0.75_L16W_r0.60_th120_k0.75,contact radius has reached topology loss
Ro150_q0.75_L16W_r0.60_th135_k0.00,contact radius has reached topology loss
Ro150_q0.75_L16W_r0.60_th135_k0.25,contact radius has reached topology loss
Ro150_q0.75_L16W_r0.60_th135_k0.50,contact radius has reached topology loss
Ro150_q0.75_L16W_r0.60_th135_k0.75,contact radius has reached topology loss
Ro150_q0.75_L16W_r0.60_th150_k0.00,contact radius has reached topology loss
Ro150_q0.75_L16W_r0.60_th150_k0.25,contact radius has reached topology loss
Ro150_q0.75_L16W_r0.60_th150_k0.50,contact radius has reached topology loss
Ro150_q0.75_L16W_r0.60_th150_k0.75,contact radius has reached topology loss
Ro150_q0.75_L16W_r0.60_th165_k0.00,contact radius has reached topology loss
Ro150_q0.75_L16W_r0.60_th165_k0.25,contact radius has reached topology loss
Ro150_q0.75_L16W_r0.60_th165_k0.50,contact radius has reached topology loss
Ro150_q0.75_L16W_r0.60_th165_k0.75,contact radius has reached topology loss
Ro150_q0.75_L16W_r0.60_th170_k0.00,contact radius has reached topology loss
Ro150_q0.75_L16W_r0.60_th170_k0.25,contact radius has reached topology loss
Ro150_q0.75_L16W_r0.60_th170_k0.50,contact radius has reached topology loss
Ro150_q0.75_L16W_r0.60_th170_k0.75,contact radius has reached topology loss
Ro150_q0.75_L16W_r1.40_th120_k0.00,outer profile has multiple radial extrema
Ro150_q0.75_L16W_r1.40_th120_k0.25,outer profile has multiple radial extrema
Ro150_q0.75_L16W_r1.40_th120_k0.50,outer profile has multiple radial extrema
Ro150_q0.75_L16W_r1.40_th120_k0.75,outer profile has multiple radial extrema
Ro150_q0.75_L16W_r1.40_th135_k0.00,outer profile has multiple radial extrema
Ro150_q0.75_L16W_r1.40_th135_k0.25,outer profile has multiple radial extrema
Ro150_q0.75_L16W_r1.40_th135_k0.50,outer profile has multiple radial extrema
Ro150_q0.75_L16W_r1.60_th120_k0.00,center profile is not monotone from midplane to GB; negative outer squared radius
Ro150_q0.75_L16W_r1.60_th120_k0.25,center profile is not monotone from midplane to GB; negative outer squared radius
Ro150_q0.75_L16W_r1.60_th120_k0.50,center profile is not monotone from midplane to GB; negative outer squared radius
Ro150_q0.75_L16W_r1.60_th120_k0.75,center profile is not monotone from midplane to GB; negative outer squared radius
Ro150_q0.75_L16W_r1.60_th135_k0.00,center profile is not monotone from midplane to GB; negative outer squared radius
Ro150_q0.75_L16W_r1.60_th135_k0.25,center profile is not monotone from midplane to GB; negative outer squared radius
Ro150_q0.75_L16W_r1.60_th135_k0.50,center profile is not monotone from midplane to GB; negative outer squared radius
Ro150_q0.75_L16W_r1.60_th135_k0.75,center profile is not monotone from midplane to GB; negative outer squared radius
Ro150_q0.75_L16W_r1.60_th150_k0.00,center profile is not monotone from midplane to GB; outer profile has multiple radial extrema
Ro150_q0.75_L16W_r1.60_th150_k0.25,center profile is not monotone from midplane to GB; outer profile has multiple radial extrema
Ro150_q0.75_L16W_r1.60_th150_k0.50,center profile is not monotone from midplane to GB; outer profile has multiple radial extrema
Ro150_q0.75_L16W_r1.60_th150_k0.75,center profile is not monotone from midplane to GB; outer profile has multiple radial extrema
Ro150_q0.75_L16W_r1.60_th165_k0.00,center profile is not monotone from midplane to GB; outer profile has multiple radial extrema
Ro150_q0.75_L16W_r1.60_th165_k0.25,center profile is not monotone from midplane to GB; outer profile has multiple radial extrema
Ro150_q0.75_L16W_r1.60_th165_k0.50,center profile is not monotone from midplane to GB; outer profile has multiple radial extrema
Ro150_q0.75_L16W_r1.60_th165_k0.75,center profile is not monotone from midplane to GB; outer profile has multiple radial extrema
Ro150_q0.75_L16W_r1.60_th170_k0.00,center profile is not monotone from midplane to GB; outer profile has multiple radial extrema
Ro150_q0.75_L16W_r1.60_th170_k0.25,center profile is not monotone from midplane to GB; outer profile has multiple radial extrema
Ro150_q0.75_L16W_r1.60_th170_k0.50,center profile is not monotone from midplane to GB; outer profile has multiple radial extrema
Ro150_q0.75_L16W_r1.60_th170_k0.75,center profile is not monotone from midplane to GB; outer profile has multiple radial extrema
Ro150_q0.75_L20W_r0.60_th120_k0.00,contact radius has reached topology loss
Ro150_q0.75_L20W_r0.60_th120_k0.25,contact radius has reached topology loss
Ro150_q0.75_L20W_r0.60_th120_k0.50,contact radius has reached topology loss
Ro150_q0.75_L20W_r0.60_th120_k0.75,contact radius has reached topology loss
Ro150_q0.75_L20W_r0.60_th135_k0.00,contact radius has reached topology loss
Ro150_q0.75_L20W_r0.60_th135_k0.25,contact radius has reached topology loss
Ro150_q0.75_L20W_r0.60_th135_k0.50,contact radius has reached topology loss
Ro150_q0.75_L20W_r0.60_th135_k0.75,contact radius has reached topology loss
Ro150_q0.75_L20W_r0.60_th150_k0.00,contact radius has reached topology loss
Ro150_q0.75_L20W_r0.60_th150_k0.25,contact radius has reached topology loss
Ro150_q0.75_L20W_r0.60_th150_k0.50,contact radius has reached topology loss
Ro150_q0.75_L20W_r0.60_th150_k0.75,contact radius has reached topology loss
Ro150_q0.75_L20W_r0.60_th165_k0.00,contact radius has reached topology loss
Ro150_q0.75_L20W_r0.60_th165_k0.25,contact radius has reached topology loss
Ro150_q0.75_L20W_r0.60_th165_k0.50,contact radius has reached topology loss
Ro150_q0.75_L20W_r0.60_th165_k0.75,contact radius has reached topology loss
Ro150_q0.75_L20W_r0.60_th170_k0.00,contact radius has reached topology loss
Ro150_q0.75_L20W_r0.60_th170_k0.25,contact radius has reached topology loss
Ro150_q0.75_L20W_r0.60_th170_k0.50,contact radius has reached topology loss
Ro150_q0.75_L20W_r0.60_th170_k0.75,contact radius has reached topology loss
Ro150_q0.75_L20W_r1.40_th120_k0.00,center profile is not monotone from midplane to GB; outer profile has multiple radial extrema
Ro150_q0.75_L20W_r1.40_th120_k0.25,center profile is not monotone from midplane to GB; outer profile has multiple radial extrema
Ro150_q0.75_L20W_r1.40_th120_k0.50,center profile is not monotone from midplane to GB; outer profile has multiple radial extrema
Ro150_q0.75_L20W_r1.40_th120_k0.75,center profile is not monotone from midplane to GB; outer profile has multiple radial extrema
Ro150_q0.75_L20W_r1.40_th135_k0.00,center profile is not monotone from midplane to GB; outer profile has multiple radial extrema
Ro150_q0.75_L20W_r1.40_th135_k0.25,center profile is not monotone from midplane to GB; outer profile has multiple radial extrema
Ro150_q0.75_L20W_r1.40_th135_k0.50,center profile is not monotone from midplane to GB; outer profile has multiple radial extrema
Ro150_q0.75_L20W_r1.40_th135_k0.75,center profile is not monotone from midplane to GB
Ro150_q0.75_L20W_r1.40_th150_k0.00,center profile is not monotone from midplane to GB
Ro150_q0.75_L20W_r1.40_th150_k0.25,center profile is not monotone from midplane to GB
Ro150_q0.75_L20W_r1.40_th150_k0.50,center profile is not monotone from midplane to GB
Ro150_q0.75_L20W_r1.40_th150_k0.75,center profile is not monotone from midplane to GB
Ro150_q0.75_L20W_r1.40_th165_k0.00,center profile is not monotone from midplane to GB
Ro150_q0.75_L20W_r1.40_th165_k0.25,center profile is not monotone from midplane to GB
Ro150_q0.75_L20W_r1.40_th165_k0.50,center profile is not monotone from midplane to GB
Ro150_q0.75_L20W_r1.40_th165_k0.75,center profile is not monotone from midplane to GB
Ro150_q0.75_L20W_r1.40_th170_k0.00,center profile is not monotone from midplane to GB
Ro150_q0.75_L20W_r1.40_th170_k0.25,center profile is not monotone from midplane to GB
Ro150_q0.75_L20W_r1.40_th170_k0.50,center profile is not monotone from midplane to GB
Ro150_q0.75_L20W_r1.40_th170_k0.75,center profile is not monotone from midplane to GB
Ro150_q0.75_L20W_r1.60_th120_k0.00,center profile is not monotone from midplane to GB; negative outer squared radius
Ro150_q0.75_L20W_r1.60_th120_k0.25,center profile is not monotone from midplane to GB; negative outer squared radius
Ro150_q0.75_L20W_r1.60_th120_k0.50,center profile is not monotone from midplane to GB; negative outer squared radius
Ro150_q0.75_L20W_r1.60_th120_k0.75,center profile is not monotone from midplane to GB; negative outer squared radius
Ro150_q0.75_L20W_r1.60_th135_k0.00,center profile is not monotone from midplane to GB; negative outer squared radius
Ro150_q0.75_L20W_r1.60_th135_k0.25,center profile is not monotone from midplane to GB; negative outer squared radius
Ro150_q0.75_L20W_r1.60_th135_k0.50,center profile is not monotone from midplane to GB; negative outer squared radius
Ro150_q0.75_L20W_r1.60_th135_k0.75,center profile is not monotone from midplane to GB; negative outer squared radius
Ro150_q0.75_L20W_r1.60_th150_k0.00,center profile is not monotone from midplane to GB; outer profile has multiple radial extrema
Ro150_q0.75_L20W_r1.60_th150_k0.25,center profile is not monotone from midplane to GB; outer profile has multiple radial extrema
Ro150_q0.75_L20W_r1.60_th150_k0.50,center profile is not monotone from midplane to GB; outer profile has multiple radial extrema
Ro150_q0.75_L20W_r1.60_th150_k0.75,center profile is not monotone from midplane to GB; outer profile has multiple radial extrema
Ro150_q0.75_L20W_r1.60_th165_k0.00,center profile is not monotone from midplane to GB; outer profile has multiple radial extrema
Ro150_q0.75_L20W_r1.60_th165_k0.25,center profile is not monotone from midplane to GB; outer profile has multiple radial extrema
Ro150_q0.75_L20W_r1.60_th165_k0.50,center profile is not monotone from midplane to GB; outer profile has multiple radial extrema
Ro150_q0.75_L20W_r1.60_th165_k0.75,center profile is not monotone from midplane to GB; outer profile has multiple radial extrema
Ro150_q0.75_L20W_r1.60_th170_k0.00,center profile is not monotone from midplane to GB; outer profile has multiple radial extrema
Ro150_q0.75_L20W_r1.60_th170_k0.25,center profile is not monotone from midplane to GB; outer profile has multiple radial extrema
Ro150_q0.75_L20W_r1.60_th170_k0.50,center profile is not monotone from midplane to GB; outer profile has multiple radial extrema
Ro150_q0.75_L20W_r1.60_th170_k0.75,center profile is not monotone from midplane to GB; outer profile has multiple radial extrema
Ro150_q0.75_L24W_r1.20_th120_k0.00,center profile is not monotone from midplane to GB
Ro150_q0.75_L24W_r1.20_th120_k0.25,center profile is not monotone from midplane to GB
Ro150_q0.75_L24W_r1.20_th120_k0.50,center profile is not monotone from midplane to GB
Ro150_q0.75_L24W_r1.20_th120_k0.75,center profile is not monotone from midplane to GB
Ro150_q0.75_L24W_r1.20_th135_k0.00,center profile is not monotone from midplane to GB
Ro150_q0.75_L24W_r1.40_th120_k0.00,center profile is not monotone from midplane to GB; outer profile has multiple radial extrema
Ro150_q0.75_L24W_r1.40_th120_k0.25,center profile is not monotone from midplane to GB; outer profile has multiple radial extrema
Ro150_q0.75_L24W_r1.40_th120_k0.50,center profile is not monotone from midplane to GB; outer profile has multiple radial extrema
Ro150_q0.75_L24W_r1.40_th120_k0.75,center profile is not monotone from midplane to GB; outer profile has multiple radial extrema
Ro150_q0.75_L24W_r1.40_th135_k0.00,center profile is not monotone from midplane to GB; outer profile has multiple radial extrema
Ro150_q0.75_L24W_r1.40_th135_k0.25,center profile is not monotone from midplane to GB; outer profile has multiple radial extrema
Ro150_q0.75_L24W_r1.40_th135_k0.50,center profile is not monotone from midplane to GB; outer profile has multiple radial extrema
Ro150_q0.75_L24W_r1.40_th135_k0.75,center profile is not monotone from midplane to GB
Ro150_q0.75_L24W_r1.40_th150_k0.00,center profile is not monotone from midplane to GB
Ro150_q0.75_L24W_r1.40_th150_k0.25,center profile is not monotone from midplane to GB
Ro150_q0.75_L24W_r1.40_th150_k0.50,center profile is not monotone from midplane to GB
Ro150_q0.75_L24W_r1.40_th150_k0.75,center profile is not monotone from midplane to GB
Ro150_q0.75_L24W_r1.40_th165_k0.00,center profile is not monotone from midplane to GB
Ro150_q0.75_L24W_r1.40_th165_k0.25,center profile is not monotone from midplane to GB
Ro150_q0.75_L24W_r1.40_th165_k0.50,center profile is not monotone from midplane to GB
Ro150_q0.75_L24W_r1.40_th165_k0.75,center profile is not monotone from midplane to GB
Ro150_q0.75_L24W_r1.40_th170_k0.00,center profile is not monotone from midplane to GB
Ro150_q0.75_L24W_r1.40_th170_k0.25,center profile is not monotone from midplane to GB
Ro150_q0.75_L24W_r1.40_th170_k0.50,center profile is not monotone from midplane to GB
Ro150_q0.75_L24W_r1.40_th170_k0.75,center profile is not monotone from midplane to GB
Ro150_q0.75_L24W_r1.60_th120_k0.00,center profile is not monotone from midplane to GB; center topology fails before requested loss; negative outer squared radius
Ro150_q0.75_L24W_r1.60_th120_k0.25,center profile is not monotone from midplane to GB; center topology fails before requested loss; negative outer squared radius
Ro150_q0.75_L24W_r1.60_th120_k0.50,center profile is not monotone from midplane to GB; center topology fails before requested loss; negative outer squared radius
Ro150_q0.75_L24W_r1.60_th120_k0.75,center profile is not monotone from midplane to GB; center topology fails before requested loss; negative outer squared radius
Ro150_q0.75_L24W_r1.60_th135_k0.00,center profile is not monotone from midplane to GB; center topology fails before requested loss; negative outer squared radius
Ro150_q0.75_L24W_r1.60_th135_k0.25,center profile is not monotone from midplane to GB; center topology fails before requested loss; negative outer squared radius
Ro150_q0.75_L24W_r1.60_th135_k0.50,center profile is not monotone from midplane to GB; center topology fails before requested loss; negative outer squared radius
Ro150_q0.75_L24W_r1.60_th135_k0.75,center profile is not monotone from midplane to GB; center topology fails before requested loss; negative outer squared radius
Ro150_q0.75_L24W_r1.60_th150_k0.00,center profile is not monotone from midplane to GB; center topology fails before requested loss; outer profile has multiple radial extrema
Ro150_q0.75_L24W_r1.60_th150_k0.25,center profile is not monotone from midplane to GB; center topology fails before requested loss; outer profile has multiple radial extrema
Ro150_q0.75_L24W_r1.60_th150_k0.50,center profile is not monotone from midplane to GB; center topology fails before requested loss; outer profile has multiple radial extrema
Ro150_q0.75_L24W_r1.60_th150_k0.75,center profile is not monotone from midplane to GB; center topology fails before requested loss; outer profile has multiple radial extrema
Ro150_q0.75_L24W_r1.60_th165_k0.00,center profile is not monotone from midplane to GB; outer profile has multiple radial extrema
Ro150_q0.75_L24W_r1.60_th165_k0.25,center profile is not monotone from midplane to GB; outer profile has multiple radial extrema
Ro150_q0.75_L24W_r1.60_th165_k0.50,center profile is not monotone from midplane to GB; outer profile has multiple radial extrema
Ro150_q0.75_L24W_r1.60_th165_k0.75,center profile is not monotone from midplane to GB; outer profile has multiple radial extrema
Ro150_q0.75_L24W_r1.60_th170_k0.00,center profile is not monotone from midplane to GB; outer profile has multiple radial extrema
Ro150_q0.75_L24W_r1.60_th170_k0.25,center profile is not monotone from midplane to GB; outer profile has multiple radial extrema
Ro150_q0.75_L24W_r1.60_th170_k0.50,center profile is not monotone from midplane to GB; outer profile has multiple radial extrema
Ro150_q0.75_L24W_r1.60_th170_k0.75,center profile is not monotone from midplane to GB; outer profile has multiple radial extrema
Ro150_q0.85_L8W_r0.60_th120_k0.00,contact radius has reached topology loss
Ro150_q0.85_L8W_r0.60_th120_k0.25,contact radius has reached topology loss
Ro150_q0.85_L8W_r0.60_th120_k0.50,contact radius has reached topology loss
Ro150_q0.85_L8W_r0.60_th120_k0.75,contact radius has reached topology loss
Ro150_q0.85_L8W_r0.60_th135_k0.00,contact radius has reached topology loss
Ro150_q0.85_L8W_r0.60_th135_k0.25,contact radius has reached topology loss
Ro150_q0.85_L8W_r0.60_th135_k0.50,contact radius has reached topology loss
Ro150_q0.85_L8W_r0.60_th135_k0.75,contact radius has reached topology loss
Ro150_q0.85_L8W_r0.60_th150_k0.00,contact radius has reached topology loss
Ro150_q0.85_L8W_r0.60_th150_k0.25,contact radius has reached topology loss
Ro150_q0.85_L8W_r0.60_th150_k0.50,contact radius has reached topology loss
Ro150_q0.85_L8W_r0.60_th150_k0.75,contact radius has reached topology loss
Ro150_q0.85_L8W_r0.60_th165_k0.00,contact radius has reached topology loss
Ro150_q0.85_L8W_r0.60_th165_k0.25,contact radius has reached topology loss
Ro150_q0.85_L8W_r0.60_th165_k0.50,contact radius has reached topology loss
Ro150_q0.85_L8W_r0.60_th165_k0.75,contact radius has reached topology loss
Ro150_q0.85_L8W_r0.60_th170_k0.00,contact radius has reached topology loss
Ro150_q0.85_L8W_r0.60_th170_k0.25,contact radius has reached topology loss
Ro150_q0.85_L8W_r0.60_th170_k0.50,contact radius has reached topology loss
Ro150_q0.85_L8W_r0.60_th170_k0.75,contact radius has reached topology loss
Ro150_q0.85_L8W_r0.80_th120_k0.00,contact radius has reached topology loss
Ro150_q0.85_L8W_r0.80_th120_k0.25,contact radius has reached topology loss
Ro150_q0.85_L8W_r0.80_th120_k0.50,contact radius has reached topology loss
Ro150_q0.85_L8W_r0.80_th120_k0.75,contact radius has reached topology loss
Ro150_q0.85_L8W_r0.80_th135_k0.00,contact radius has reached topology loss
Ro150_q0.85_L8W_r0.80_th135_k0.25,contact radius has reached topology loss
Ro150_q0.85_L8W_r0.80_th135_k0.50,contact radius has reached topology loss
Ro150_q0.85_L8W_r0.80_th135_k0.75,contact radius has reached topology loss
Ro150_q0.85_L8W_r0.80_th150_k0.00,contact radius has reached topology loss
Ro150_q0.85_L8W_r0.80_th150_k0.25,contact radius has reached topology loss
Ro150_q0.85_L8W_r0.80_th150_k0.50,contact radius has reached topology loss
Ro150_q0.85_L8W_r0.80_th150_k0.75,contact radius has reached topology loss
Ro150_q0.85_L8W_r0.80_th165_k0.00,contact radius has reached topology loss
Ro150_q0.85_L8W_r0.80_th165_k0.25,contact radius has reached topology loss
Ro150_q0.85_L8W_r0.80_th165_k0.50,contact radius has reached topology loss
Ro150_q0.85_L8W_r0.80_th165_k0.75,contact radius has reached topology loss
Ro150_q0.85_L8W_r0.80_th170_k0.00,contact radius has reached topology loss
Ro150_q0.85_L8W_r0.80_th170_k0.25,contact radius has reached topology loss
Ro150_q0.85_L8W_r0.80_th170_k0.50,contact radius has reached topology loss
Ro150_q0.85_L8W_r0.80_th170_k0.75,contact radius has reached topology loss
Ro150_q0.85_L8W_r1.00_th120_k0.00,contact radius has reached topology loss
Ro150_q0.85_L8W_r1.00_th120_k0.25,contact radius has reached topology loss
Ro150_q0.85_L8W_r1.00_th120_k0.50,contact radius has reached topology loss
Ro150_q0.85_L8W_r1.00_th120_k0.75,contact radius has reached topology loss
Ro150_q0.85_L8W_r1.00_th135_k0.00,contact radius has reached topology loss
Ro150_q0.85_L8W_r1.00_th135_k0.25,contact radius has reached topology loss
Ro150_q0.85_L8W_r1.00_th135_k0.50,contact radius has reached topology loss
Ro150_q0.85_L8W_r1.00_th135_k0.75,contact radius has reached topology loss
Ro150_q0.85_L8W_r1.00_th150_k0.00,contact radius has reached topology loss
Ro150_q0.85_L8W_r1.00_th150_k0.25,contact radius has reached topology loss
Ro150_q0.85_L8W_r1.00_th150_k0.50,contact radius has reached topology loss
Ro150_q0.85_L8W_r1.00_th150_k0.75,contact radius has reached topology loss
Ro150_q0.85_L8W_r1.00_th165_k0.00,contact radius has reached topology loss
Ro150_q0.85_L8W_r1.00_th165_k0.25,contact radius has reached topology loss
Ro150_q0.85_L8W_r1.00_th165_k0.50,contact radius has reached topology loss
Ro150_q0.85_L8W_r1.00_th165_k0.75,contact radius has reached topology loss
Ro150_q0.85_L8W_r1.00_th170_k0.00,contact radius has reached topology loss
Ro150_q0.85_L8W_r1.00_th170_k0.25,contact radius has reached topology loss
Ro150_q0.85_L8W_r1.00_th170_k0.50,contact radius has reached topology loss
Ro150_q0.85_L8W_r1.00_th170_k0.75,contact radius has reached topology loss
Ro150_q0.85_L8W_r1.20_th120_k0.00,outer profile has multiple radial extrema
Ro150_q0.85_L8W_r1.20_th120_k0.25,outer profile has multiple radial extrema
Ro150_q0.85_L8W_r1.20_th120_k0.50,outer profile has multiple radial extrema
Ro150_q0.85_L8W_r1.20_th120_k0.75,outer profile has multiple radial extrema
Ro150_q0.85_L8W_r1.40_th120_k0.00,negative outer squared radius
Ro150_q0.85_L8W_r1.40_th120_k0.25,negative outer squared radius
Ro150_q0.85_L8W_r1.40_th120_k0.50,negative outer squared radius
Ro150_q0.85_L8W_r1.40_th120_k0.75,negative outer squared radius
Ro150_q0.85_L8W_r1.40_th135_k0.00,negative outer squared radius
Ro150_q0.85_L8W_r1.40_th135_k0.25,negative outer squared radius
Ro150_q0.85_L8W_r1.40_th135_k0.50,negative outer squared radius
Ro150_q0.85_L8W_r1.40_th135_k0.75,outer profile has multiple radial extrema
Ro150_q0.85_L8W_r1.40_th150_k0.00,outer profile has multiple radial extrema
Ro150_q0.85_L8W_r1.40_th150_k0.25,outer profile has multiple radial extrema
Ro150_q0.85_L8W_r1.40_th150_k0.50,outer profile has multiple radial extrema
Ro150_q0.85_L8W_r1.40_th150_k0.75,outer profile has multiple radial extrema
Ro150_q0.85_L8W_r1.40_th165_k0.00,outer profile has multiple radial extrema
Ro150_q0.85_L8W_r1.40_th165_k0.25,outer profile has multiple radial extrema
Ro150_q0.85_L8W_r1.40_th165_k0.50,outer profile has multiple radial extrema
Ro150_q0.85_L8W_r1.40_th165_k0.75,outer profile has multiple radial extrema
Ro150_q0.85_L8W_r1.40_th170_k0.00,outer profile has multiple radial extrema
Ro150_q0.85_L8W_r1.40_th170_k0.25,outer profile has multiple radial extrema
Ro150_q0.85_L8W_r1.40_th170_k0.50,outer profile has multiple radial extrema
Ro150_q0.85_L8W_r1.40_th170_k0.75,outer profile has multiple radial extrema
Ro150_q0.85_L8W_r1.60_th120_k0.00,negative outer squared radius; contact exceeds outer-body support
Ro150_q0.85_L8W_r1.60_th120_k0.25,negative outer squared radius; contact exceeds outer-body support
Ro150_q0.85_L8W_r1.60_th120_k0.50,negative outer squared radius; contact exceeds outer-body support
Ro150_q0.85_L8W_r1.60_th120_k0.75,negative outer squared radius; contact exceeds outer-body support
Ro150_q0.85_L8W_r1.60_th135_k0.00,negative outer squared radius; contact exceeds outer-body support
Ro150_q0.85_L8W_r1.60_th135_k0.25,negative outer squared radius; contact exceeds outer-body support
Ro150_q0.85_L8W_r1.60_th135_k0.50,negative outer squared radius; contact exceeds outer-body support
Ro150_q0.85_L8W_r1.60_th135_k0.75,negative outer squared radius; contact exceeds outer-body support
Ro150_q0.85_L8W_r1.60_th150_k0.00,negative outer squared radius; contact exceeds outer-body support
Ro150_q0.85_L8W_r1.60_th150_k0.25,negative outer squared radius; contact exceeds outer-body support
Ro150_q0.85_L8W_r1.60_th150_k0.50,negative outer squared radius; contact exceeds outer-body support
Ro150_q0.85_L8W_r1.60_th150_k0.75,negative outer squared radius; contact exceeds outer-body support
Ro150_q0.85_L8W_r1.60_th165_k0.00,negative outer squared radius; contact exceeds outer-body support
Ro150_q0.85_L8W_r1.60_th165_k0.25,negative outer squared radius; contact exceeds outer-body support
Ro150_q0.85_L8W_r1.60_th165_k0.50,negative outer squared radius; contact exceeds outer-body support
Ro150_q0.85_L8W_r1.60_th165_k0.75,negative outer squared radius; contact exceeds outer-body support
Ro150_q0.85_L8W_r1.60_th170_k0.00,negative outer squared radius; contact exceeds outer-body support
Ro150_q0.85_L8W_r1.60_th170_k0.25,negative outer squared radius; contact exceeds outer-body support
Ro150_q0.85_L8W_r1.60_th170_k0.50,negative outer squared radius; contact exceeds outer-body support
Ro150_q0.85_L8W_r1.60_th170_k0.75,negative outer squared radius; contact exceeds outer-body support
Ro150_q0.85_L10W_r0.60_th120_k0.00,contact radius has reached topology loss
Ro150_q0.85_L10W_r0.60_th120_k0.25,contact radius has reached topology loss
Ro150_q0.85_L10W_r0.60_th120_k0.50,contact radius has reached topology loss
Ro150_q0.85_L10W_r0.60_th120_k0.75,contact radius has reached topology loss
Ro150_q0.85_L10W_r0.60_th135_k0.00,contact radius has reached topology loss
Ro150_q0.85_L10W_r0.60_th135_k0.25,contact radius has reached topology loss
Ro150_q0.85_L10W_r0.60_th135_k0.50,contact radius has reached topology loss
Ro150_q0.85_L10W_r0.60_th135_k0.75,contact radius has reached topology loss
Ro150_q0.85_L10W_r0.60_th150_k0.00,contact radius has reached topology loss
Ro150_q0.85_L10W_r0.60_th150_k0.25,contact radius has reached topology loss
Ro150_q0.85_L10W_r0.60_th150_k0.50,contact radius has reached topology loss
Ro150_q0.85_L10W_r0.60_th150_k0.75,contact radius has reached topology loss
Ro150_q0.85_L10W_r0.60_th165_k0.00,contact radius has reached topology loss
Ro150_q0.85_L10W_r0.60_th165_k0.25,contact radius has reached topology loss
Ro150_q0.85_L10W_r0.60_th165_k0.50,contact radius has reached topology loss
Ro150_q0.85_L10W_r0.60_th165_k0.75,contact radius has reached topology loss
Ro150_q0.85_L10W_r0.60_th170_k0.00,contact radius has reached topology loss
Ro150_q0.85_L10W_r0.60_th170_k0.25,contact radius has reached topology loss
Ro150_q0.85_L10W_r0.60_th170_k0.50,contact radius has reached topology loss
Ro150_q0.85_L10W_r0.60_th170_k0.75,contact radius has reached topology loss
Ro150_q0.85_L10W_r0.80_th120_k0.00,contact radius has reached topology loss
Ro150_q0.85_L10W_r0.80_th120_k0.25,contact radius has reached topology loss
Ro150_q0.85_L10W_r0.80_th120_k0.50,contact radius has reached topology loss
Ro150_q0.85_L10W_r0.80_th120_k0.75,contact radius has reached topology loss
Ro150_q0.85_L10W_r0.80_th135_k0.00,contact radius has reached topology loss
Ro150_q0.85_L10W_r0.80_th135_k0.25,contact radius has reached topology loss
Ro150_q0.85_L10W_r0.80_th135_k0.50,contact radius has reached topology loss
Ro150_q0.85_L10W_r0.80_th135_k0.75,contact radius has reached topology loss
Ro150_q0.85_L10W_r0.80_th150_k0.00,contact radius has reached topology loss
Ro150_q0.85_L10W_r0.80_th150_k0.25,contact radius has reached topology loss
Ro150_q0.85_L10W_r0.80_th150_k0.50,contact radius has reached topology loss
Ro150_q0.85_L10W_r0.80_th150_k0.75,contact radius has reached topology loss
Ro150_q0.85_L10W_r0.80_th165_k0.00,contact radius has reached topology loss
Ro150_q0.85_L10W_r0.80_th165_k0.25,contact radius has reached topology loss
Ro150_q0.85_L10W_r0.80_th165_k0.50,contact radius has reached topology loss
Ro150_q0.85_L10W_r0.80_th165_k0.75,contact radius has reached topology loss
Ro150_q0.85_L10W_r0.80_th170_k0.00,contact radius has reached topology loss
Ro150_q0.85_L10W_r0.80_th170_k0.25,contact radius has reached topology loss
Ro150_q0.85_L10W_r0.80_th170_k0.50,contact radius has reached topology loss
Ro150_q0.85_L10W_r0.80_th170_k0.75,contact radius has reached topology loss
Ro150_q0.85_L10W_r1.20_th120_k0.00,outer profile has multiple radial extrema
Ro150_q0.85_L10W_r1.20_th120_k0.25,outer profile has multiple radial extrema
Ro150_q0.85_L10W_r1.20_th120_k0.50,outer profile has multiple radial extrema
Ro150_q0.85_L10W_r1.20_th120_k0.75,outer profile has multiple radial extrema
Ro150_q0.85_L10W_r1.40_th120_k0.00,negative outer squared radius
Ro150_q0.85_L10W_r1.40_th120_k0.25,negative outer squared radius
Ro150_q0.85_L10W_r1.40_th120_k0.50,negative outer squared radius
Ro150_q0.85_L10W_r1.40_th120_k0.75,negative outer squared radius
Ro150_q0.85_L10W_r1.40_th135_k0.00,negative outer squared radius
Ro150_q0.85_L10W_r1.40_th135_k0.25,negative outer squared radius
Ro150_q0.85_L10W_r1.40_th135_k0.50,negative outer squared radius
Ro150_q0.85_L10W_r1.40_th135_k0.75,outer profile has multiple radial extrema
Ro150_q0.85_L10W_r1.40_th150_k0.00,outer profile has multiple radial extrema
Ro150_q0.85_L10W_r1.40_th150_k0.25,outer profile has multiple radial extrema
Ro150_q0.85_L10W_r1.40_th150_k0.50,outer profile has multiple radial extrema
Ro150_q0.85_L10W_r1.40_th150_k0.75,outer profile has multiple radial extrema
Ro150_q0.85_L10W_r1.40_th165_k0.00,outer profile has multiple radial extrema
Ro150_q0.85_L10W_r1.40_th165_k0.25,outer profile has multiple radial extrema
Ro150_q0.85_L10W_r1.40_th165_k0.50,outer profile has multiple radial extrema
Ro150_q0.85_L10W_r1.40_th165_k0.75,outer profile has multiple radial extrema
Ro150_q0.85_L10W_r1.40_th170_k0.00,outer profile has multiple radial extrema
Ro150_q0.85_L10W_r1.40_th170_k0.25,outer profile has multiple radial extrema
Ro150_q0.85_L10W_r1.40_th170_k0.50,outer profile has multiple radial extrema
Ro150_q0.85_L10W_r1.40_th170_k0.75,outer profile has multiple radial extrema
Ro150_q0.85_L10W_r1.60_th120_k0.00,negative outer squared radius; contact exceeds outer-body support
Ro150_q0.85_L10W_r1.60_th120_k0.25,negative outer squared radius; contact exceeds outer-body support
Ro150_q0.85_L10W_r1.60_th120_k0.50,negative outer squared radius; contact exceeds outer-body support
Ro150_q0.85_L10W_r1.60_th120_k0.75,negative outer squared radius; contact exceeds outer-body support
Ro150_q0.85_L10W_r1.60_th135_k0.00,negative outer squared radius; contact exceeds outer-body support
Ro150_q0.85_L10W_r1.60_th135_k0.25,negative outer squared radius; contact exceeds outer-body support
Ro150_q0.85_L10W_r1.60_th135_k0.50,negative outer squared radius; contact exceeds outer-body support
Ro150_q0.85_L10W_r1.60_th135_k0.75,negative outer squared radius; contact exceeds outer-body support
Ro150_q0.85_L10W_r1.60_th150_k0.00,negative outer squared radius; contact exceeds outer-body support
Ro150_q0.85_L10W_r1.60_th150_k0.25,negative outer squared radius; contact exceeds outer-body support
Ro150_q0.85_L10W_r1.60_th150_k0.50,negative outer squared radius; contact exceeds outer-body support
Ro150_q0.85_L10W_r1.60_th150_k0.75,negative outer squared radius; contact exceeds outer-body support
Ro150_q0.85_L10W_r1.60_th165_k0.00,negative outer squared radius; contact exceeds outer-body support
Ro150_q0.85_L10W_r1.60_th165_k0.25,negative outer squared radius; contact exceeds outer-body support
Ro150_q0.85_L10W_r1.60_th165_k0.50,negative outer squared radius; contact exceeds outer-body support
Ro150_q0.85_L10W_r1.60_th165_k0.75,negative outer squared radius; contact exceeds outer-body support
Ro150_q0.85_L10W_r1.60_th170_k0.00,negative outer squared radius; contact exceeds outer-body support
Ro150_q0.85_L10W_r1.60_th170_k0.25,negative outer squared radius; contact exceeds outer-body support
Ro150_q0.85_L10W_r1.60_th170_k0.50,negative outer squared radius; contact exceeds outer-body support
Ro150_q0.85_L10W_r1.60_th170_k0.75,negative outer squared radius; contact exceeds outer-body support
Ro150_q0.85_L12W_r0.60_th120_k0.00,contact radius has reached topology loss
Ro150_q0.85_L12W_r0.60_th120_k0.25,contact radius has reached topology loss
Ro150_q0.85_L12W_r0.60_th120_k0.50,contact radius has reached topology loss
Ro150_q0.85_L12W_r0.60_th120_k0.75,contact radius has reached topology loss
Ro150_q0.85_L12W_r0.60_th135_k0.00,contact radius has reached topology loss
Ro150_q0.85_L12W_r0.60_th135_k0.25,contact radius has reached topology loss
Ro150_q0.85_L12W_r0.60_th135_k0.50,contact radius has reached topology loss
Ro150_q0.85_L12W_r0.60_th135_k0.75,contact radius has reached topology loss
Ro150_q0.85_L12W_r0.60_th150_k0.00,contact radius has reached topology loss
Ro150_q0.85_L12W_r0.60_th150_k0.25,contact radius has reached topology loss
Ro150_q0.85_L12W_r0.60_th150_k0.50,contact radius has reached topology loss
Ro150_q0.85_L12W_r0.60_th150_k0.75,contact radius has reached topology loss
Ro150_q0.85_L12W_r0.60_th165_k0.00,contact radius has reached topology loss
Ro150_q0.85_L12W_r0.60_th165_k0.25,contact radius has reached topology loss
Ro150_q0.85_L12W_r0.60_th165_k0.50,contact radius has reached topology loss
Ro150_q0.85_L12W_r0.60_th165_k0.75,contact radius has reached topology loss
Ro150_q0.85_L12W_r0.60_th170_k0.00,contact radius has reached topology loss
Ro150_q0.85_L12W_r0.60_th170_k0.25,contact radius has reached topology loss
Ro150_q0.85_L12W_r0.60_th170_k0.50,contact radius has reached topology loss
Ro150_q0.85_L12W_r0.60_th170_k0.75,contact radius has reached topology loss
Ro150_q0.85_L12W_r0.80_th120_k0.00,contact radius has reached topology loss
Ro150_q0.85_L12W_r0.80_th120_k0.25,contact radius has reached topology loss
Ro150_q0.85_L12W_r0.80_th120_k0.50,contact radius has reached topology loss
Ro150_q0.85_L12W_r0.80_th120_k0.75,contact radius has reached topology loss
Ro150_q0.85_L12W_r0.80_th135_k0.00,contact radius has reached topology loss
Ro150_q0.85_L12W_r0.80_th135_k0.25,contact radius has reached topology loss
Ro150_q0.85_L12W_r0.80_th135_k0.50,contact radius has reached topology loss
Ro150_q0.85_L12W_r0.80_th135_k0.75,contact radius has reached topology loss
Ro150_q0.85_L12W_r0.80_th150_k0.00,contact radius has reached topology loss
Ro150_q0.85_L12W_r0.80_th150_k0.25,contact radius has reached topology loss
Ro150_q0.85_L12W_r0.80_th150_k0.50,contact radius has reached topology loss
Ro150_q0.85_L12W_r0.80_th150_k0.75,contact radius has reached topology loss
Ro150_q0.85_L12W_r0.80_th165_k0.00,contact radius has reached topology loss
Ro150_q0.85_L12W_r0.80_th165_k0.25,contact radius has reached topology loss
Ro150_q0.85_L12W_r0.80_th165_k0.50,contact radius has reached topology loss
Ro150_q0.85_L12W_r0.80_th165_k0.75,contact radius has reached topology loss
Ro150_q0.85_L12W_r0.80_th170_k0.00,contact radius has reached topology loss
Ro150_q0.85_L12W_r0.80_th170_k0.25,contact radius has reached topology loss
Ro150_q0.85_L12W_r0.80_th170_k0.50,contact radius has reached topology loss
Ro150_q0.85_L12W_r0.80_th170_k0.75,contact radius has reached topology loss
Ro150_q0.85_L12W_r1.20_th120_k0.00,outer profile has multiple radial extrema
Ro150_q0.85_L12W_r1.20_th120_k0.25,outer profile has multiple radial extrema
Ro150_q0.85_L12W_r1.20_th120_k0.50,outer profile has multiple radial extrema
Ro150_q0.85_L12W_r1.20_th120_k0.75,outer profile has multiple radial extrema
Ro150_q0.85_L12W_r1.40_th120_k0.00,negative outer squared radius
Ro150_q0.85_L12W_r1.40_th120_k0.25,negative outer squared radius
Ro150_q0.85_L12W_r1.40_th120_k0.50,negative outer squared radius
Ro150_q0.85_L12W_r1.40_th120_k0.75,negative outer squared radius
Ro150_q0.85_L12W_r1.40_th135_k0.00,negative outer squared radius
Ro150_q0.85_L12W_r1.40_th135_k0.25,negative outer squared radius
Ro150_q0.85_L12W_r1.40_th135_k0.50,negative outer squared radius
Ro150_q0.85_L12W_r1.40_th135_k0.75,outer profile has multiple radial extrema
Ro150_q0.85_L12W_r1.40_th150_k0.00,outer profile has multiple radial extrema
Ro150_q0.85_L12W_r1.40_th150_k0.25,outer profile has multiple radial extrema
Ro150_q0.85_L12W_r1.40_th150_k0.50,outer profile has multiple radial extrema
Ro150_q0.85_L12W_r1.40_th150_k0.75,outer profile has multiple radial extrema
Ro150_q0.85_L12W_r1.40_th165_k0.00,outer profile has multiple radial extrema
Ro150_q0.85_L12W_r1.40_th165_k0.25,outer profile has multiple radial extrema
Ro150_q0.85_L12W_r1.40_th165_k0.50,outer profile has multiple radial extrema
Ro150_q0.85_L12W_r1.40_th165_k0.75,outer profile has multiple radial extrema
Ro150_q0.85_L12W_r1.40_th170_k0.00,outer profile has multiple radial extrema
Ro150_q0.85_L12W_r1.40_th170_k0.25,outer profile has multiple radial extrema
Ro150_q0.85_L12W_r1.40_th170_k0.50,outer profile has multiple radial extrema
Ro150_q0.85_L12W_r1.40_th170_k0.75,outer profile has multiple radial extrema
Ro150_q0.85_L12W_r1.60_th120_k0.00,negative outer squared radius; contact exceeds outer-body support
Ro150_q0.85_L12W_r1.60_th120_k0.25,negative outer squared radius; contact exceeds outer-body support
Ro150_q0.85_L12W_r1.60_th120_k0.50,negative outer squared radius; contact exceeds outer-body support
Ro150_q0.85_L12W_r1.60_th120_k0.75,negative outer squared radius; contact exceeds outer-body support
Ro150_q0.85_L12W_r1.60_th135_k0.00,negative outer squared radius; contact exceeds outer-body support
Ro150_q0.85_L12W_r1.60_th135_k0.25,negative outer squared radius; contact exceeds outer-body support
Ro150_q0.85_L12W_r1.60_th135_k0.50,negative outer squared radius; contact exceeds outer-body support
Ro150_q0.85_L12W_r1.60_th135_k0.75,negative outer squared radius; contact exceeds outer-body support
Ro150_q0.85_L12W_r1.60_th150_k0.00,negative outer squared radius; contact exceeds outer-body support
Ro150_q0.85_L12W_r1.60_th150_k0.25,negative outer squared radius; contact exceeds outer-body support
Ro150_q0.85_L12W_r1.60_th150_k0.50,negative outer squared radius; contact exceeds outer-body support
Ro150_q0.85_L12W_r1.60_th150_k0.75,negative outer squared radius; contact exceeds outer-body support
Ro150_q0.85_L12W_r1.60_th165_k0.00,negative outer squared radius; contact exceeds outer-body support
Ro150_q0.85_L12W_r1.60_th165_k0.25,negative outer squared radius; contact exceeds outer-body support
Ro150_q0.85_L12W_r1.60_th165_k0.50,negative outer squared radius; contact exceeds outer-body support
Ro150_q0.85_L12W_r1.60_th165_k0.75,negative outer squared radius; contact exceeds outer-body support
Ro150_q0.85_L12W_r1.60_th170_k0.00,negative outer squared radius; contact exceeds outer-body support
Ro150_q0.85_L12W_r1.60_th170_k0.25,negative outer squared radius; contact exceeds outer-body support
Ro150_q0.85_L12W_r1.60_th170_k0.50,negative outer squared radius; contact exceeds outer-body support
Ro150_q0.85_L12W_r1.60_th170_k0.75,negative outer squared radius; contact exceeds outer-body support
Ro150_q0.85_L16W_r0.60_th120_k0.00,contact radius has reached topology loss
Ro150_q0.85_L16W_r0.60_th120_k0.25,contact radius has reached topology loss
Ro150_q0.85_L16W_r0.60_th120_k0.50,contact radius has reached topology loss
Ro150_q0.85_L16W_r0.60_th120_k0.75,contact radius has reached topology loss
Ro150_q0.85_L16W_r0.60_th135_k0.00,contact radius has reached topology loss
Ro150_q0.85_L16W_r0.60_th135_k0.25,contact radius has reached topology loss
Ro150_q0.85_L16W_r0.60_th135_k0.50,contact radius has reached topology loss
Ro150_q0.85_L16W_r0.60_th135_k0.75,contact radius has reached topology loss
Ro150_q0.85_L16W_r0.60_th150_k0.00,contact radius has reached topology loss
Ro150_q0.85_L16W_r0.60_th150_k0.25,contact radius has reached topology loss
Ro150_q0.85_L16W_r0.60_th150_k0.50,contact radius has reached topology loss
Ro150_q0.85_L16W_r0.60_th150_k0.75,contact radius has reached topology loss
Ro150_q0.85_L16W_r0.60_th165_k0.00,contact radius has reached topology loss
Ro150_q0.85_L16W_r0.60_th165_k0.25,contact radius has reached topology loss
Ro150_q0.85_L16W_r0.60_th165_k0.50,contact radius has reached topology loss
Ro150_q0.85_L16W_r0.60_th165_k0.75,contact radius has reached topology loss
Ro150_q0.85_L16W_r0.60_th170_k0.00,contact radius has reached topology loss
Ro150_q0.85_L16W_r0.60_th170_k0.25,contact radius has reached topology loss
Ro150_q0.85_L16W_r0.60_th170_k0.50,contact radius has reached topology loss
Ro150_q0.85_L16W_r0.60_th170_k0.75,contact radius has reached topology loss
Ro150_q0.85_L16W_r1.20_th120_k0.00,outer profile has multiple radial extrema
Ro150_q0.85_L16W_r1.20_th120_k0.25,outer profile has multiple radial extrema
Ro150_q0.85_L16W_r1.20_th120_k0.50,outer profile has multiple radial extrema
Ro150_q0.85_L16W_r1.20_th120_k0.75,outer profile has multiple radial extrema
Ro150_q0.85_L16W_r1.40_th120_k0.00,negative outer squared radius
Ro150_q0.85_L16W_r1.40_th120_k0.25,negative outer squared radius
Ro150_q0.85_L16W_r1.40_th120_k0.50,negative outer squared radius
Ro150_q0.85_L16W_r1.40_th120_k0.75,negative outer squared radius
Ro150_q0.85_L16W_r1.40_th135_k0.00,negative outer squared radius
Ro150_q0.85_L16W_r1.40_th135_k0.25,negative outer squared radius
Ro150_q0.85_L16W_r1.40_th135_k0.50,negative outer squared radius
Ro150_q0.85_L16W_r1.40_th135_k0.75,outer profile has multiple radial extrema
Ro150_q0.85_L16W_r1.40_th150_k0.00,outer profile has multiple radial extrema
Ro150_q0.85_L16W_r1.40_th150_k0.25,outer profile has multiple radial extrema
Ro150_q0.85_L16W_r1.40_th150_k0.50,outer profile has multiple radial extrema
Ro150_q0.85_L16W_r1.40_th150_k0.75,outer profile has multiple radial extrema
Ro150_q0.85_L16W_r1.40_th165_k0.00,outer profile has multiple radial extrema
Ro150_q0.85_L16W_r1.40_th165_k0.25,outer profile has multiple radial extrema
Ro150_q0.85_L16W_r1.40_th165_k0.50,outer profile has multiple radial extrema
Ro150_q0.85_L16W_r1.40_th165_k0.75,outer profile has multiple radial extrema
Ro150_q0.85_L16W_r1.40_th170_k0.00,outer profile has multiple radial extrema
Ro150_q0.85_L16W_r1.40_th170_k0.25,outer profile has multiple radial extrema
Ro150_q0.85_L16W_r1.40_th170_k0.50,outer profile has multiple radial extrema
Ro150_q0.85_L16W_r1.40_th170_k0.75,outer profile has multiple radial extrema
Ro150_q0.85_L16W_r1.60_th120_k0.00,center profile is not monotone from midplane to GB; negative outer squared radius; contact exceeds outer-body support
Ro150_q0.85_L16W_r1.60_th120_k0.25,center profile is not monotone from midplane to GB; negative outer squared radius; contact exceeds outer-body support
Ro150_q0.85_L16W_r1.60_th120_k0.50,center profile is not monotone from midplane to GB; negative outer squared radius; contact exceeds outer-body support
Ro150_q0.85_L16W_r1.60_th120_k0.75,center profile is not monotone from midplane to GB; negative outer squared radius; contact exceeds outer-body support
Ro150_q0.85_L16W_r1.60_th135_k0.00,negative outer squared radius; contact exceeds outer-body support
Ro150_q0.85_L16W_r1.60_th135_k0.25,negative outer squared radius; contact exceeds outer-body support
Ro150_q0.85_L16W_r1.60_th135_k0.50,negative outer squared radius; contact exceeds outer-body support
Ro150_q0.85_L16W_r1.60_th135_k0.75,negative outer squared radius; contact exceeds outer-body support
Ro150_q0.85_L16W_r1.60_th150_k0.00,negative outer squared radius; contact exceeds outer-body support
Ro150_q0.85_L16W_r1.60_th150_k0.25,negative outer squared radius; contact exceeds outer-body support
Ro150_q0.85_L16W_r1.60_th150_k0.50,negative outer squared radius; contact exceeds outer-body support
Ro150_q0.85_L16W_r1.60_th150_k0.75,negative outer squared radius; contact exceeds outer-body support
Ro150_q0.85_L16W_r1.60_th165_k0.00,negative outer squared radius; contact exceeds outer-body support
Ro150_q0.85_L16W_r1.60_th165_k0.25,negative outer squared radius; contact exceeds outer-body support
Ro150_q0.85_L16W_r1.60_th165_k0.50,negative outer squared radius; contact exceeds outer-body support
Ro150_q0.85_L16W_r1.60_th165_k0.75,negative outer squared radius; contact exceeds outer-body support
Ro150_q0.85_L16W_r1.60_th170_k0.00,negative outer squared radius; contact exceeds outer-body support
Ro150_q0.85_L16W_r1.60_th170_k0.25,negative outer squared radius; contact exceeds outer-body support
Ro150_q0.85_L16W_r1.60_th170_k0.50,negative outer squared radius; contact exceeds outer-body support
Ro150_q0.85_L16W_r1.60_th170_k0.75,negative outer squared radius; contact exceeds outer-body support
Ro150_q0.85_L20W_r0.60_th120_k0.00,contact radius has reached topology loss
Ro150_q0.85_L20W_r0.60_th120_k0.25,contact radius has reached topology loss
Ro150_q0.85_L20W_r0.60_th120_k0.50,contact radius has reached topology loss
Ro150_q0.85_L20W_r0.60_th120_k0.75,contact radius has reached topology loss
Ro150_q0.85_L20W_r0.60_th135_k0.00,contact radius has reached topology loss
Ro150_q0.85_L20W_r0.60_th135_k0.25,contact radius has reached topology loss
Ro150_q0.85_L20W_r0.60_th135_k0.50,contact radius has reached topology loss
Ro150_q0.85_L20W_r0.60_th135_k0.75,contact radius has reached topology loss
Ro150_q0.85_L20W_r0.60_th150_k0.00,contact radius has reached topology loss
Ro150_q0.85_L20W_r0.60_th150_k0.25,contact radius has reached topology loss
Ro150_q0.85_L20W_r0.60_th150_k0.50,contact radius has reached topology loss
Ro150_q0.85_L20W_r0.60_th150_k0.75,contact radius has reached topology loss
Ro150_q0.85_L20W_r0.60_th165_k0.00,contact radius has reached topology loss
Ro150_q0.85_L20W_r0.60_th165_k0.25,contact radius has reached topology loss
Ro150_q0.85_L20W_r0.60_th165_k0.50,contact radius has reached topology loss
Ro150_q0.85_L20W_r0.60_th165_k0.75,contact radius has reached topology loss
Ro150_q0.85_L20W_r0.60_th170_k0.00,contact radius has reached topology loss
Ro150_q0.85_L20W_r0.60_th170_k0.25,contact radius has reached topology loss
Ro150_q0.85_L20W_r0.60_th170_k0.50,contact radius has reached topology loss
Ro150_q0.85_L20W_r0.60_th170_k0.75,contact radius has reached topology loss
Ro150_q0.85_L20W_r1.20_th120_k0.00,outer profile has multiple radial extrema
Ro150_q0.85_L20W_r1.20_th120_k0.25,outer profile has multiple radial extrema
Ro150_q0.85_L20W_r1.20_th120_k0.50,outer profile has multiple radial extrema
Ro150_q0.85_L20W_r1.20_th120_k0.75,outer profile has multiple radial extrema
Ro150_q0.85_L20W_r1.40_th120_k0.00,negative outer squared radius
Ro150_q0.85_L20W_r1.40_th120_k0.25,negative outer squared radius
Ro150_q0.85_L20W_r1.40_th120_k0.50,negative outer squared radius
Ro150_q0.85_L20W_r1.40_th120_k0.75,negative outer squared radius
Ro150_q0.85_L20W_r1.40_th135_k0.00,negative outer squared radius
Ro150_q0.85_L20W_r1.40_th135_k0.25,negative outer squared radius
Ro150_q0.85_L20W_r1.40_th135_k0.50,negative outer squared radius
Ro150_q0.85_L20W_r1.40_th135_k0.75,outer profile has multiple radial extrema
Ro150_q0.85_L20W_r1.40_th150_k0.00,outer profile has multiple radial extrema
Ro150_q0.85_L20W_r1.40_th150_k0.25,outer profile has multiple radial extrema
Ro150_q0.85_L20W_r1.40_th150_k0.50,outer profile has multiple radial extrema
Ro150_q0.85_L20W_r1.40_th150_k0.75,outer profile has multiple radial extrema
Ro150_q0.85_L20W_r1.40_th165_k0.00,outer profile has multiple radial extrema
Ro150_q0.85_L20W_r1.40_th165_k0.25,outer profile has multiple radial extrema
Ro150_q0.85_L20W_r1.40_th165_k0.50,outer profile has multiple radial extrema
Ro150_q0.85_L20W_r1.40_th165_k0.75,outer profile has multiple radial extrema
Ro150_q0.85_L20W_r1.40_th170_k0.00,outer profile has multiple radial extrema
Ro150_q0.85_L20W_r1.40_th170_k0.25,outer profile has multiple radial extrema
Ro150_q0.85_L20W_r1.40_th170_k0.50,outer profile has multiple radial extrema
Ro150_q0.85_L20W_r1.40_th170_k0.75,outer profile has multiple radial extrema
Ro150_q0.85_L20W_r1.60_th120_k0.00,center profile is not monotone from midplane to GB; negative outer squared radius; contact exceeds outer-body support
Ro150_q0.85_L20W_r1.60_th120_k0.25,center profile is not monotone from midplane to GB; negative outer squared radius; contact exceeds outer-body support
Ro150_q0.85_L20W_r1.60_th120_k0.50,center profile is not monotone from midplane to GB; negative outer squared radius; contact exceeds outer-body support
Ro150_q0.85_L20W_r1.60_th120_k0.75,center profile is not monotone from midplane to GB; negative outer squared radius; contact exceeds outer-body support
Ro150_q0.85_L20W_r1.60_th135_k0.00,center profile is not monotone from midplane to GB; negative outer squared radius; contact exceeds outer-body support
Ro150_q0.85_L20W_r1.60_th135_k0.25,center profile is not monotone from midplane to GB; negative outer squared radius; contact exceeds outer-body support
Ro150_q0.85_L20W_r1.60_th135_k0.50,center profile is not monotone from midplane to GB; negative outer squared radius; contact exceeds outer-body support
Ro150_q0.85_L20W_r1.60_th135_k0.75,center profile is not monotone from midplane to GB; negative outer squared radius; contact exceeds outer-body support
Ro150_q0.85_L20W_r1.60_th150_k0.00,center profile is not monotone from midplane to GB; negative outer squared radius; contact exceeds outer-body support
Ro150_q0.85_L20W_r1.60_th150_k0.25,center profile is not monotone from midplane to GB; negative outer squared radius; contact exceeds outer-body support
Ro150_q0.85_L20W_r1.60_th150_k0.50,center profile is not monotone from midplane to GB; negative outer squared radius; contact exceeds outer-body support
Ro150_q0.85_L20W_r1.60_th150_k0.75,center profile is not monotone from midplane to GB; negative outer squared radius; contact exceeds outer-body support
Ro150_q0.85_L20W_r1.60_th165_k0.00,center profile is not monotone from midplane to GB; negative outer squared radius; contact exceeds outer-body support
Ro150_q0.85_L20W_r1.60_th165_k0.25,center profile is not monotone from midplane to GB; negative outer squared radius; contact exceeds outer-body support
Ro150_q0.85_L20W_r1.60_th165_k0.50,center profile is not monotone from midplane to GB; negative outer squared radius; contact exceeds outer-body support
Ro150_q0.85_L20W_r1.60_th165_k0.75,center profile is not monotone from midplane to GB; negative outer squared radius; contact exceeds outer-body support
Ro150_q0.85_L20W_r1.60_th170_k0.00,center profile is not monotone from midplane to GB; negative outer squared radius; contact exceeds outer-body support
Ro150_q0.85_L20W_r1.60_th170_k0.25,center profile is not monotone from midplane to GB; negative outer squared radius; contact exceeds outer-body support
Ro150_q0.85_L20W_r1.60_th170_k0.50,center profile is not monotone from midplane to GB; negative outer squared radius; contact exceeds outer-body support
Ro150_q0.85_L20W_r1.60_th170_k0.75,center profile is not monotone from midplane to GB; negative outer squared radius; contact exceeds outer-body support
Ro150_q0.85_L24W_r0.60_th120_k0.00,TJ radius below 6W
Ro150_q0.85_L24W_r0.60_th120_k0.25,TJ radius below 6W
Ro150_q0.85_L24W_r0.60_th120_k0.50,TJ radius below 6W
Ro150_q0.85_L24W_r0.60_th120_k0.75,TJ radius below 6W
Ro150_q0.85_L24W_r0.60_th135_k0.00,TJ radius below 6W
Ro150_q0.85_L24W_r0.60_th135_k0.25,TJ radius below 6W
Ro150_q0.85_L24W_r0.60_th135_k0.50,TJ radius below 6W
Ro150_q0.85_L24W_r0.60_th135_k0.75,TJ radius below 6W
Ro150_q0.85_L24W_r0.60_th150_k0.00,TJ radius below 6W
Ro150_q0.85_L24W_r0.60_th150_k0.25,TJ radius below 6W
Ro150_q0.85_L24W_r0.60_th150_k0.50,TJ radius below 6W
Ro150_q0.85_L24W_r0.60_th150_k0.75,TJ radius below 6W
Ro150_q0.85_L24W_r0.60_th165_k0.00,TJ radius below 6W
Ro150_q0.85_L24W_r0.60_th165_k0.25,TJ radius below 6W
Ro150_q0.85_L24W_r0.60_th165_k0.50,TJ radius below 6W
Ro150_q0.85_L24W_r0.60_th165_k0.75,TJ radius below 6W
Ro150_q0.85_L24W_r0.60_th170_k0.00,TJ radius below 6W
Ro150_q0.85_L24W_r0.60_th170_k0.25,TJ radius below 6W
Ro150_q0.85_L24W_r0.60_th170_k0.50,TJ radius below 6W
Ro150_q0.85_L24W_r0.60_th170_k0.75,TJ radius below 6W
Ro150_q0.85_L24W_r1.20_th120_k0.00,outer profile has multiple radial extrema
Ro150_q0.85_L24W_r1.20_th120_k0.25,outer profile has multiple radial extrema
Ro150_q0.85_L24W_r1.20_th120_k0.50,outer profile has multiple radial extrema
Ro150_q0.85_L24W_r1.20_th120_k0.75,outer profile has multiple radial extrema
Ro150_q0.85_L24W_r1.20_th170_k0.75,outer profile has multiple radial extrema
Ro150_q0.85_L24W_r1.40_th120_k0.00,center profile is not monotone from midplane to GB; negative outer squared radius
Ro150_q0.85_L24W_r1.40_th120_k0.25,center profile is not monotone from midplane to GB; negative outer squared radius
Ro150_q0.85_L24W_r1.40_th120_k0.50,center profile is not monotone from midplane to GB; negative outer squared radius
Ro150_q0.85_L24W_r1.40_th120_k0.75,center profile is not monotone from midplane to GB; negative outer squared radius
Ro150_q0.85_L24W_r1.40_th135_k0.00,center profile is not monotone from midplane to GB; negative outer squared radius
Ro150_q0.85_L24W_r1.40_th135_k0.25,center profile is not monotone from midplane to GB; negative outer squared radius
Ro150_q0.85_L24W_r1.40_th135_k0.50,center profile is not monotone from midplane to GB; negative outer squared radius
Ro150_q0.85_L24W_r1.40_th135_k0.75,center profile is not monotone from midplane to GB; outer profile has multiple radial extrema
Ro150_q0.85_L24W_r1.40_th150_k0.00,center profile is not monotone from midplane to GB; outer profile has multiple radial extrema
Ro150_q0.85_L24W_r1.40_th150_k0.25,center profile is not monotone from midplane to GB; outer profile has multiple radial extrema
Ro150_q0.85_L24W_r1.40_th150_k0.50,center profile is not monotone from midplane to GB; outer profile has multiple radial extrema
Ro150_q0.85_L24W_r1.40_th150_k0.75,center profile is not monotone from midplane to GB; outer profile has multiple radial extrema
Ro150_q0.85_L24W_r1.40_th165_k0.00,center profile is not monotone from midplane to GB; outer profile has multiple radial extrema
Ro150_q0.85_L24W_r1.40_th165_k0.25,center profile is not monotone from midplane to GB; outer profile has multiple radial extrema
Ro150_q0.85_L24W_r1.40_th165_k0.50,center profile is not monotone from midplane to GB; outer profile has multiple radial extrema
Ro150_q0.85_L24W_r1.40_th165_k0.75,center profile is not monotone from midplane to GB; outer profile has multiple radial extrema
Ro150_q0.85_L24W_r1.40_th170_k0.00,center profile is not monotone from midplane to GB; outer profile has multiple radial extrema
Ro150_q0.85_L24W_r1.40_th170_k0.25,center profile is not monotone from midplane to GB; outer profile has multiple radial extrema
Ro150_q0.85_L24W_r1.40_th170_k0.50,center profile is not monotone from midplane to GB; outer profile has multiple radial extrema
Ro150_q0.85_L24W_r1.40_th170_k0.75,center profile is not monotone from midplane to GB; outer profile has multiple radial extrema
Ro150_q0.85_L24W_r1.60_th120_k0.00,center profile is not monotone from midplane to GB; negative outer squared radius; contact exceeds outer-body support
Ro150_q0.85_L24W_r1.60_th120_k0.25,center profile is not monotone from midplane to GB; negative outer squared radius; contact exceeds outer-body support
Ro150_q0.85_L24W_r1.60_th120_k0.50,center profile is not monotone from midplane to GB; negative outer squared radius; contact exceeds outer-body support
Ro150_q0.85_L24W_r1.60_th120_k0.75,center profile is not monotone from midplane to GB; negative outer squared radius; contact exceeds outer-body support
Ro150_q0.85_L24W_r1.60_th135_k0.00,center profile is not monotone from midplane to GB; negative outer squared radius; contact exceeds outer-body support
Ro150_q0.85_L24W_r1.60_th135_k0.25,center profile is not monotone from midplane to GB; negative outer squared radius; contact exceeds outer-body support
Ro150_q0.85_L24W_r1.60_th135_k0.50,center profile is not monotone from midplane to GB; negative outer squared radius; contact exceeds outer-body support
Ro150_q0.85_L24W_r1.60_th135_k0.75,center profile is not monotone from midplane to GB; negative outer squared radius; contact exceeds outer-body support
Ro150_q0.85_L24W_r1.60_th150_k0.00,center profile is not monotone from midplane to GB; negative outer squared radius; contact exceeds outer-body support
Ro150_q0.85_L24W_r1.60_th150_k0.25,center profile is not monotone from midplane to GB; negative outer squared radius; contact exceeds outer-body support
Ro150_q0.85_L24W_r1.60_th150_k0.50,center profile is not monotone from midplane to GB; negative outer squared radius; contact exceeds outer-body support
Ro150_q0.85_L24W_r1.60_th150_k0.75,center profile is not monotone from midplane to GB; negative outer squared radius; contact exceeds outer-body support
Ro150_q0.85_L24W_r1.60_th165_k0.00,center profile is not monotone from midplane to GB; negative outer squared radius; contact exceeds outer-body support
Ro150_q0.85_L24W_r1.60_th165_k0.25,center profile is not monotone from midplane to GB; negative outer squared radius; contact exceeds outer-body support
Ro150_q0.85_L24W_r1.60_th165_k0.50,center profile is not monotone from midplane to GB; negative outer squared radius; contact exceeds outer-body support
Ro150_q0.85_L24W_r1.60_th165_k0.75,center profile is not monotone from midplane to GB; negative outer squared radius; contact exceeds outer-body support
Ro150_q0.85_L24W_r1.60_th170_k0.00,center profile is not monotone from midplane to GB; negative outer squared radius; contact exceeds outer-body support
Ro150_q0.85_L24W_r1.60_th170_k0.25,center profile is not monotone from midplane to GB; negative outer squared radius; contact exceeds outer-body support
Ro150_q0.85_L24W_r1.60_th170_k0.50,center profile is not monotone from midplane to GB; negative outer squared radius; contact exceeds outer-body support
Ro150_q0.85_L24W_r1.60_th170_k0.75,center profile is not monotone from midplane to GB; negative outer squared radius; contact exceeds outer-body support
