total_volume_m3,mirror_error,energy_J,V_left_m3,R_left_m,mu_left_Pa,centroid_left_m,V_center_m3,R_center_m,mu_center_Pa,centroid_center_m,V_right_m3,R_right_m,mu_right_Pa,centroid_right_m,LEFT_gb_z_m,LEFT_tj_z_m,LEFT_tj_r_m,LEFT_neck_r_m,LEFT_psi_deg,LEFT_kappa_per_m,LEFT_CC_force_N,LEFT_CC_stress_Pa,LEFT_PF_geometric_stress_Pa,RIGHT_gb_z_m,RIGHT_tj_z_m,RIGHT_tj_r_m,RIGHT_neck_r_m,RIGHT_psi_deg,RIGHT_kappa_per_m,RIGHT_CC_force_N,RIGHT_CC_stress_Pa,RIGHT_PF_geometric_stress_Pa,t_model,t_s,step,mu_projected_left_Pa,mu_projected_center_Pa,mu_projected_right_Pa,delta_mu_projected_Pa,center_GB_separation_over_W,center_solid_core_f
1.01176382511748e-20,4.440892098500626e-16,2.593458051841279e-13,4.199292574321753e-21,1.0008350545027447e-07,20274901.18471438,-7.337860088136245e-08,1.719053102531292e-21,7.431335939828044e-08,18780686.17884219,7.297608726443099e-25,4.199292574321754e-21,1.0008350545027449e-07,20274901.184714388,7.337860088136245e-08,-2.0267653015264237e-08,-2.0267653015264237e-08,1.1502997946530186e-07,1.1502997946530186e-07,160.34311526380918,16595496.602138188,2.2285031891734867e-08,536094.439589113,17667685.481316414,2.0267653015264237e-08,2.0267653015264237e-08,1.1502997946530186e-07,1.1502997946530186e-07,160.34311526379776,16595496.602153424,2.2285031891089266e-08,536094.4395735823,17667685.48130059,0.0,0.0,0.0,17089274.560733892,17089007.761381373,17089274.560733896,-266.79935251921415,10.133826507632119,1.0
1.0117638251174798e-20,2.1094237467877974e-15,2.59345463728586e-13,4.1992925743145664e-21,1.0008350545021738e-07,20274859.497941498,-7.337860045604041e-08,1.719053102545665e-21,7.431335939848755e-08,18780712.216897752,0.0,4.1992925743145664e-21,1.0008350545021738e-07,20274859.497941505,7.337860045604041e-08,-2.0267653015264237e-08,-2.0267653015264237e-08,1.1503349758285974e-07,1.1503349758285974e-07,160.29466404497896,16683922.76659013,1.8536352099365674e-08,445887.96278418973,17575698.69215851,2.0267653015264237e-08,2.0267653015264237e-08,1.1503349758285973e-07,1.1503349758285973e-07,160.29466404497364,16683922.766597126,1.85363520990691e-08,445887.9627770558,17575698.692151234,8.075309385262968e-05,1.2581286129900516e-06,1.0,17089638.416646555,17092390.506045055,17089638.41664659,2752.089398484677,10.133826507632119,1.0
1.0117638251174796e-20,2.6645352591003757e-15,2.59345204724461e-13,4.199292574308635e-21,1.0008350545017025e-07,20274823.755355414,-7.337860008232893e-08,1.719053102557527e-21,7.431335939865848e-08,18780772.899594333,7.2976087263317275e-25,4.199292574308635e-21,1.0008350545017025e-07,20274823.755355414,7.337860008232895e-08,-2.0267653015264237e-08,-2.0267653015264237e-08,1.1503626504984837e-07,1.1503626504984837e-07,160.1431504971698,16901532.35945387,9.309105966626154e-09,223917.76761831716,17349367.894690495,2.0267653015264237e-08,2.0267653015264237e-08,1.1503626504984837e-07,1.1503626504984837e-07,160.1431504971746,16901532.3594445,9.309105967021083e-09,223917.76762781665,17349367.894700125,0.00016041439918564377,2.499247222891315e-06,2.0,17089931.88555545,17095117.43852221,17089931.88555545,5185.552966758609,10.133826507632119,1.0
1.01176382511748e-20,4.773959005888173e-15,2.5934495392196814e-13,4.199292574302571e-21,1.0008350545012207e-07,20274783.974186324,-7.337859967581978e-08,1.7190531025696577e-21,7.431335939883328e-08,18780866.997022506,0.0,4.199292574302571e-21,1.0008350545012207e-07,20274783.974186324,7.337859967581978e-08,-2.0267653015264237e-08,-2.0267653015264237e-08,1.1503900036341569e-07,1.1503900036341569e-07,159.90070187759036,17231757.537362512,-4.702011138976189e-09,-113095.04623393714,17005567.44489461,2.0267653015264237e-08,2.0267653015264237e-08,1.1503900036341568e-07,1.1503900036341568e-07,159.9007018775836,17231757.537374295,-4.702011139473357e-09,-113095.04624589533,17005567.44488248,0.0002564936078957245,3.996155834370591e-06,3.0,17090038.15754716,17096098.045927886,17090038.157547235,6059.888380687684,10.133826507632119,1.0
1.01176382511748e-20,5.551115123125783e-16,2.593447043485741e-13,4.199292574296254e-21,1.000835054500719e-07,20274737.404118583,-7.337859922651115e-08,1.7190531025822895e-21,7.43133593990153e-08,18780994.69688253,0.0,4.199292574296255e-21,1.000835054500719e-07,20274737.4041186,7.337859922651113e-08,-2.0267653015264237e-08,-2.0267653015264237e-08,1.1504175416801769e-07,1.1504175416801769e-07,159.58765755656458,17642400.758885622,-2.2140123821287253e-08,-532499.4728633761,16577401.81315883,2.0267653015264237e-08,2.0267653015264237e-08,1.1504175416801768e-07,1.1504175416801768e-07,159.5876575565656,17642400.758882597,-2.214012382116024e-08,-532499.4728603214,16577401.81316191,0.00037414088837207763,5.829093778245366e-06,4.0,17089795.90571473,17093828.21756175,17089795.905714724,4032.311847023666,10.133826507632119,1.0
1.0117638251174796e-20,1.6653345369377348e-15,2.5934445351166355e-13,4.199292574289668e-21,1.0008350545001957e-07,20274681.453882936,-7.337859872967804e-08,1.719053102595462e-21,7.431335939920511e-08,18781155.66861447,0.0,4.199292574289668e-21,1.0008350545001957e-07,20274681.453882948,7.337859872967804e-08,-2.0267653015264237e-08,-2.0267653015264237e-08,1.1504453097592178e-07,1.1504453097592178e-07,159.2364441697733,18086111.253021136,-4.100363377368053e-08,-986144.4106086232,16113822.431803837,2.0267653015264237e-08,2.0267653015264237e-08,1.1504453097592179e-07,1.1504453097592179e-07,159.2364441697639,18086111.25303304,-4.1003633774186274e-08,-986144.4106207862,16113822.431791414,0.0005181888991689847,8.073353600149228e-06,5.0,17089125.533371627,17087565.641414836,17089125.533371598,-1559.8919567763805,10.133826507632119,1.0
1.01176382511748e-20,1.7763568394002505e-15,2.5934421898244916e-13,4.1992925742833355e-21,1.0008350544996926e-07,20274618.88759887,-7.337859822460312e-08,1.7190531026081293e-21,7.431335939938765e-08,18781333.418404676,0.0,4.1992925742833355e-21,1.0008350544996926e-07,20274618.887598876,7.337859822460312e-08,-2.0267653015264237e-08,-2.0267653015264237e-08,1.150471167859513e-07,1.150471167859513e-07,158.90984335411102,18481539.49502356,-5.783816116466068e-08,-1390955.147238411,15699629.200546682,2.0267653015264237e-08,2.0267653015264237e-08,1.150471167859513e-07,1.150471167859513e-07,158.90984335411417,18481539.49501942,-5.783816116448502e-08,-1390955.1472341865,15699629.200550992,0.0006794907475539762,1.0586427231132253e-05,6.0,17088171.235583205,17078655.20159693,17088171.235583194,-9516.033986270428,10.133826507632119,1.0
1.01176382511748e-20,6.661338147750939e-16,2.593440029525003e-13,4.199292574277385e-21,1.0008350544992199e-07,20274550.90343867,-7.337859772555109e-08,1.7190531026200287e-21,7.431335939955912e-08,18781518.238262378,7.297608726066399e-25,4.1992925742773854e-21,1.0008350544992199e-07,20274550.903438672,7.337859772555108e-08,-2.0267653015264237e-08,-2.0267653015264237e-08,1.1504947511298681e-07,1.1504947511298683e-07,158.63568248838442,18796974.80060124,-7.129049286350759e-08,-1714401.1968627088,15368172.40687577,2.0267653015264237e-08,2.0267653015264237e-08,1.1504947511298683e-07,1.1504947511298683e-07,158.63568248838155,18796974.80060394,-7.129049286362331e-08,-1714401.1968654916,15368172.40687291,0.000853426743944186,1.3296340170032377e-05,7.0,17087146.035625625,17069082.78500788,17087146.035625633,-18063.25061774999,10.133826507632119,1.0
1.0117638251174796e-20,2.3314683517128287e-15,2.593437910925827e-13,4.199292574271471e-21,1.00083505449875e-07,20274473.242307782,-7.337859720565128e-08,1.7190531026318554e-21,7.431335939972953e-08,18781717.062930286,7.297608726016194e-25,4.199292574271471e-21,1.00083505449875e-07,20274473.24230779,7.337859720565128e-08,-2.0267653015264237e-08,-2.0267653015264237e-08,1.1505175441145587e-07,1.1505175441145589e-07,158.40821389593776,19041394.14337692,-8.173894712240924e-08,-1965588.8298712485,15110216.483634384,2.0267653015264237e-08,2.0267653015264237e-08,1.1505175441145589e-07,1.1505175441145589e-07,158.40821389594348,19041394.143368483,-8.17389471220517e-08,-1965588.8298626505,15110216.483643144,0.0010498550501496947,1.6356682017606975e-05,8.0,17086162.32709552,17059894.938814588,17086162.3270955,-26267.388280920684,10.133826507632119,1.0
1.01176382511748e-20,8.881784197001252e-16,2.5934365139157787e-13,4.1992925742675376e-21,1.0008350544984376e-07,20274415.509152036,-7.337859684670022e-08,1.7190531026397228e-21,7.43133593998429e-08,18781856.506859086,0.0,4.199292574267538e-21,1.0008350544984377e-07,20274415.509152047,7.337859684670024e-08,-2.0267653015264237e-08,-2.0267653015264237e-08,1.1505323720982896e-07,1.1505323720982896e-07,158.284700509973,19163592.246399388,-8.697830322065878e-08,-2091526.506817028,14980539.232765298,2.0267653015264237e-08,2.0267653015264237e-08,1.1505323720982895e-07,1.1505323720982895e-07,158.2847005099672,19163592.24640799,-8.697830322102327e-08,-2091526.5068257935,14980539.232756369,0.001194286191092109,1.860691098540439e-05,9.0,17085598.233635277,17054623.202059094,17085598.233635295,-30975.031576190144,10.133826507632119,1.0
1.01176382511748e-20,7.771561172376096e-16,2.5934343337549743e-13,4.199292574261375e-21,1.000835054497948e-07,20274314.10177293,-7.337859626211153e-08,1.719053102652051e-21,7.431335940002054e-08,18782086.309099533,0.0,4.199292574261375e-21,1.000835054497948e-07,20274314.10177293,7.337859626211153e-08,-2.0267653015264237e-08,-2.0267653015264237e-08,1.1505550682378069e-07,1.1505550682378069e-07,158.13994256172634,19286932.63885635,-9.229777094951414e-08,-2219353.6933843456,14848225.252087638,2.0267653015264237e-08,2.0267653015264237e-08,1.1505550682378069e-07,1.1505550682378069e-07,158.13994256173518,19286932.63884222,-9.229777094891596e-08,-2219353.6933699623,14848225.252102278,0.0014451631427660197,2.251555963503617e-05,10.0,17084960.5568538,17048655.226780027,17084960.55685381,-36305.330073777586,10.133826507632119,1.0
1.01176382511748e-20,3.247402347028583e-15,2.5934318663238877e-13,4.199292574254372e-21,1.0008350544973916e-07,20274181.485547096,-7.337859556549227e-08,1.7190531026660554e-21,7.431335940022234e-08,18782361.4949032,0.0,4.199292574254372e-21,1.0008350544973916e-07,20274181.4855471,7.337859556549227e-08,-2.0267653015264237e-08,-2.0267653015264237e-08,1.150580098812661e-07,1.150580098812661e-07,158.0445404550559,19334326.064152017,-9.440266390233849e-08,-2269868.3071330152,14794589.449885977,2.0267653015264237e-08,2.0267653015264237e-08,1.150580098812661e-07,1.150580098812661e-07,158.04454045505193,19334326.064154256,-9.44026639024364e-08,-2269868.3071353696,14794589.44988351,0.0017686312157576775,2.755517382941303e-05,11.0,17084704.121772144,17046233.507534467,17084704.12177219,-38470.61423769966,10.133826507632119,1.0
1.01176382511748e-20,5.551115123125783e-15,2.593429002800775e-13,4.199292574246236e-21,1.0008350544967452e-07,20274001.930834904,-7.337859471210136e-08,1.7190531026823276e-21,7.431335940045683e-08,18782697.281820875,7.297608725801932e-25,4.199292574246235e-21,1.0008350544967452e-07,20274001.93083492,7.337859471210137e-08,-2.0267653015264237e-08,-2.0267653015264237e-08,1.1506082215795495e-07,1.1506082215795495e-07,158.0171204370216,19282213.673532046,-9.229015472821673e-08,-2218965.528634727,14844282.616262589,2.0267653015264237e-08,2.0267653015264237e-08,1.1506082215795495e-07,1.1506082215795495e-07,158.01712043701892,19282213.67353474,-9.229015472833185e-08,-2218965.528637495,14844282.616259746,0.002200277233112697,3.42801942491708e-05,12.0,17085110.54266352,17049979.405057233,17085110.542663656,-35131.13760635629,10.133826507632119,1.0
1.01176382511748e-20,3.1086244689504383e-15,2.593427868821112e-13,4.199292574243006e-21,1.0008350544964886e-07,20273922.877824448,-7.33785943608339e-08,1.7190531026887866e-21,7.43133594005499e-08,18782834.195725814,-7.297608725774515e-25,4.199292574243006e-21,1.0008350544964886e-07,20273922.87782445,7.33785943608339e-08,-2.0267653015264237e-08,-2.0267653015264237e-08,1.1506191186747037e-07,1.1506191186747037e-07,158.02676307630804,19236239.78390064,-9.037486740834943e-08,-2172874.426141519,14890490.931617603,2.0267653015264237e-08,2.0267653015264237e-08,1.1506191186747035e-07,1.1506191186747037e-07,158.02676307629994,19236239.783910677,-9.037486740877661e-08,-2172874.4261517897,14890490.9316071,0.002388572382184218,3.721382197080878e-05,13.0,17085468.426408526,17053296.719639644,17085468.426408555,-32171.70676889643,10.133826507632119,1.0
1.0117638251174796e-20,5.551115123125783e-15,2.5934257683584064e-13,4.199292574237036e-21,1.0008350544960144e-07,20273763.75606499,-7.337859369132987e-08,1.7190531027007247e-21,7.431335940072192e-08,18783092.96154568,0.0,4.199292574237036e-21,1.0008350544960144e-07,20273763.756064985,7.337859369132987e-08,-2.0267653015264237e-08,-2.0267653015264237e-08,1.150638844688075e-07,1.150638844688075e-07,158.07366315161056,19116698.053589094,-8.536161378877816e-08,-2052270.873333428,15012156.306922236,2.0267653015264237e-08,2.0267653015264237e-08,1.1506388446880749e-07,1.150638844688075e-07,158.07366315160158,19116698.053600524,-8.536161378926423e-08,-2052270.8733451143,15012156.306910295,0.00276516268032726,4.308107741408473e-05,14.0,17086431.726143636,17062238.58819373,17086431.726143565,-24193.137949869037,10.133826507632119,1.0
1.0117638251174798e-20,3.3306690738754696e-15,2.593422599988645e-13,4.1992925742280575e-21,1.000835054495301e-07,20273491.279593408,-7.337859263555616e-08,1.719053102718682e-21,7.431335940098069e-08,18783493.36640269,0.0,4.199292574228058e-21,1.0008350544953012e-07,20273491.2795934,7.337859263555616e-08,-2.0267653015264237e-08,-2.0267653015264237e-08,1.1506675285219191e-07,1.1506675285219191e-07,158.20103902757148,18873043.73616793,-7.509616807256059e-08,-1805378.1787922382,15262287.378583452,2.0267653015264237e-08,2.0267653015264237e-08,1.1506675285219191e-07,1.1506675285219193e-07,158.2010390275688,18873043.73617152,-7.509616807271324e-08,-1805378.1787959076,15262287.3785797,0.0034046446628561975,5.304417035984263e-05,15.0,17088506.822724577,17081517.92221096,17088506.822724573,-6988.900513611734,10.133826507632119,1.0
1.01176382511748e-20,9.992007221626409e-16,2.593421787092297e-13,4.199292574225752e-21,1.0008350544951178e-07,20273414.992082562,-7.337859235552405e-08,1.7190531027232957e-21,7.431335940104717e-08,18783597.660301372,7.297608725628018e-25,4.199292574225751e-21,1.0008350544951178e-07,20273414.992082555,7.337859235552407e-08,-2.0267653015264237e-08,-2.0267653015264237e-08,1.1506747249363514e-07,1.1506747249363514e-07,158.24170093506618,18802153.39625383,-7.210430453133997e-08,-1733429.4556831159,15335294.484887596,2.0267653015264237e-08,2.0267653015264237e-08,1.1506747249363514e-07,1.1506747249363514e-07,158.24170093506788,18802153.396252144,-7.21043045312676e-08,-1733429.4556813762,15335294.484889386,0.003582858573276327,5.582073295621316e-05,16.0,17089128.671241473,17087296.817196593,17089128.671241455,-1831.8540448695421,10.133826507632119,1.0
1.01176382511748e-20,1.9984014443252818e-15,2.59342023861502e-13,4.199292574221365e-21,1.0008350544947694e-07,20273262.08634471,-7.337859181225986e-08,1.719053102732069e-21,7.431335940117359e-08,18783797.752119377,7.297608725590774e-25,4.199292574221365e-21,1.0008350544947694e-07,20273262.08634471,7.337859181225986e-08,-2.0267653015264237e-08,-2.0267653015264237e-08,1.1506882023865865e-07,1.1506882023865865e-07,158.3272353278621,18659280.31650644,-6.606951670723195e-08,-1588312.4363913871,15482655.443723664,2.0267653015264237e-08,2.0267653015264237e-08,1.1506882023865865e-07,1.1506882023865865e-07,158.327235327865,18659280.316501413,-6.606951670701918e-08,-1588312.4363862723,15482655.44372886,0.003939286394116586,6.137385814895422e-05,17.0,17090403.454072297,17099144.510651432,17090403.454072323,8741.056579120457,10.133826507632119,1.0
1.01176382511748e-20,3.219646771412954e-15,2.5934174011919504e-13,4.1992925742133535e-21,1.0008350544941329e-07,20272955.412092637,-7.337859078337595e-08,1.7190531027480932e-21,7.431335940140448e-08,18784168.146105964,0.0,4.1992925742133535e-21,1.0008350544941329e-07,20272955.412092637,7.337859078337595e-08,-2.0267653015264237e-08,-2.0267653015264237e-08,1.1507121388542962e-07,1.1507121388542962e-07,158.5049115164062,18379487.506547436,-5.423801781908549e-08,-1303828.7337053642,15771830.039136697,2.0267653015264237e-08,2.0267653015264237e-08,1.1507121388542962e-07,1.1507121388542962e-07,158.5049115163989,18379487.50655724,-5.423801781950204e-08,-1303828.7337153777,15771830.039126478,0.004652142035797104,7.248010853443636e-05,18.0,17092962.410522033,17122928.065539047,17092962.410522036,29965.655017010868,10.133826507632119,1.0
1.01176382511748e-20,7.771561172376096e-16,2.5934169334513235e-13,4.199292574212032e-21,1.000835054494028e-07,20272901.572102904,-7.337859060942853e-08,1.719053102750737e-21,7.431335940144259e-08,18784229.596328553,0.0,4.199292574212031e-21,1.0008350544940278e-07,20272901.5721029,7.337859060942854e-08,-2.0267653015264237e-08,-2.0267653015264237e-08,1.150716012318587e-07,1.150716012318587e-07,158.53599087427756,18332052.32694688,-5.223096092077394e-08,-1255572.602164168,15820907.12261853,2.0267653015264237e-08,2.0267653015264237e-08,1.1507160123185871e-07,1.1507160123185871e-07,158.53599087426645,18332052.326964013,-5.223096092149983e-08,-1255572.6021816172,15820907.122600768,0.004777144764368436,7.442764394161756e-05,19.0,17093400.985429812,17127004.105059553,17093400.98542981,33603.11962974444,10.133826507632119,1.0
1.01176382511748e-20,7.771561172376096e-16,2.593416021829646e-13,4.1992925742094565e-21,1.0008350544938233e-07,20272793.862521097,-7.337859026701727e-08,1.7190531027558842e-21,7.431335940151676e-08,18784349.586855408,0.0,4.199292574209458e-21,1.0008350544938235e-07,20272793.862521097,7.337859026701726e-08,-2.0267653015264237e-08,-2.0267653015264237e-08,1.1507234898975738e-07,1.1507234898975738e-07,158.59782416421493,18238872.46396586,-4.828744029342242e-08,-1160759.7878647745,15917352.888236295,2.0267653015264237e-08,2.0267653015264237e-08,1.1507234898975737e-07,1.1507234898975737e-07,158.5978241642124,18238872.463968225,-4.8287440293523765e-08,-1160759.7878672108,15917352.888233788,0.005027150221511101,7.832271475597995e-05,20.0,17094266.095398296,17135044.04129844,17094266.09539831,40777.94590013847,10.133826507632119,1.0
1.0117638251174798e-20,7.771561172376096e-16,2.593414285391087e-13,4.1992925742045635e-21,1.0008350544934346e-07,20272578.40916467,-7.337858960240367e-08,1.7190531027656715e-21,7.431335940165779e-08,18784578.772635944,0.0,4.1992925742045635e-21,1.0008350544934346e-07,20272578.40916467,7.337858960240367e-08,-2.0267653015264237e-08,-2.0267653015264237e-08,1.1507374740370955e-07,1.1507374740370955e-07,158.71921859717807,18059965.38345544,-4.071273044487069e-08,-978651.0010104068,16102663.381434612,2.0267653015264237e-08,2.0267653015264237e-08,1.1507374740370955e-07,1.1507374740370956e-07,158.71921859717153,18059965.38346315,-4.071273044519925e-08,-978651.0010183044,16102663.381426528,0.0055271611357964314,8.611285638470473e-05,21.0,17095936.55180269,17150567.183372006,17095936.55180268,54630.63156931847,10.133826507632119,1.0
1.0117638251174798e-20,7.771561172376096e-16,2.593412827794743e-13,4.199292574200458e-21,1.0008350544931084e-07,20272387.04881759,-7.337858903171951e-08,1.7190531027738822e-21,7.43133594017761e-08,18784771.61366809,0.0,4.199292574200457e-21,1.0008350544931084e-07,20272387.04881759,7.337858903171952e-08,-2.0267653015264237e-08,-2.0267653015264237e-08,1.1507489765773908e-07,1.1507489765773908e-07,158.82355622290865,17909714.691525336,-3.4348699668346105e-08,-825656.1751388386,16258402.341247644,2.0267653015264237e-08,2.0267653015264237e-08,1.1507489765773908e-07,1.150748976577391e-07,158.8235562229045,17909714.69152941,-3.434869966852047e-08,-825656.1751430295,16258402.341243334,0.0059714309554605455,9.303455492702195e-05,22.0,17097342.76995848,17163633.009057455,17097342.76995848,66290.23909897357,10.133826507632119,1.0
1.0117638251174798e-20,3.774758283725532e-15,2.593410116805643e-13,4.199292574192821e-21,1.0008350544925017e-07,20272004.88107507,-7.337858793949419e-08,1.719053102789157e-21,7.43133594019962e-08,18785130.478859693,7.2976087253484265e-25,4.19929257419282e-21,1.0008350544925016e-07,20272004.881075058,7.337858793949419e-08,-2.0267653015264237e-08,-2.0267653015264237e-08,1.1507697797599035e-07,1.1507697797599035e-07,159.02034928553672,17634102.476410657,-2.2669321391842668e-08,-544893.654202614,16544315.16800541,2.0267653015264237e-08,2.0267653015264237e-08,1.1507697797599034e-07,1.1507697797599035e-07,159.02034928553735,17634102.476407982,-2.2669321391730615e-08,-544893.6541999206,16544315.168008119,0.006859970594788774,0.00010687795201165638,23.0,17099914.092071835,17187518.469890423,17099914.092071857,87604.37781857699,10.133826507632119,1.0
1.0117638251174798e-20,8.881784197001252e-16,2.593409237740308e-13,4.199292574190337e-21,1.0008350544923044e-07,20271873.62728707,-7.337858757637984e-08,1.719053102794124e-21,7.431335940206778e-08,18785246.84356636,0.0,4.199292574190337e-21,1.0008350544923044e-07,20271873.62728707,7.337858757637982e-08,-2.0267653015264237e-08,-2.0267653015264237e-08,1.1507763917996862e-07,1.1507763917996863e-07,159.08432554434202,17546303.201258484,-1.894751039159168e-08,-455428.69833698124,16635445.8045845,2.0267653015264237e-08,2.0267653015264237e-08,1.1507763917996863e-07,1.1507763917996863e-07,159.0843255443418,17546303.201259192,-1.8947510391621284e-08,-455428.69833769277,16635445.804583782,0.007165717146552655,0.00011164146591242634,24.0,17100726.18640267,17195060.24398535,17100726.186402664,94334.05758268386,10.133826507632119,1.0
1.01176382511748e-20,9.992007221626409e-16,2.593407552303203e-13,4.199292574185571e-21,1.0008350544919257e-07,20271611.595715865,-7.337858686819387e-08,1.7190531028036567e-21,7.431335940220514e-08,18785469.61471214,7.297608725286875e-25,4.199292574185571e-21,1.0008350544919257e-07,20271611.59571587,7.337858686819387e-08,-2.0267653015264237e-08,-2.0267653015264237e-08,1.150788860721073e-07,1.150788860721073e-07,159.20644427556138,17381182.811197594,-1.1946398833254617e-08,-287141.416301433,16806899.9785947,2.0267653015264237e-08,2.0267653015264237e-08,1.150788860721073e-07,1.150788860721073e-07,159.20644427554873,17381182.811214767,-1.1946398833983377e-08,-287141.4163189493,16806899.978576835,0.007777210250080417,0.00012116849371396626,25.0,17102239.315573003,17209109.260356344,17102239.315573007,106869.94478333741,10.133826507632119,1.0
1.01176382511748e-20,9.992007221626409e-16,2.593406026457833e-13,4.1992925741812544e-21,1.0008350544915828e-07,20271362.528461628,-7.337858621321318e-08,1.7190531028122895e-21,7.431335940232954e-08,18785670.785599675,-7.297608725250226e-25,4.1992925741812544e-21,1.0008350544915828e-07,20271362.528461624,7.33785862132132e-08,-2.0267653015264237e-08,-2.0267653015264237e-08,1.1507999337152367e-07,1.1507999337152367e-07,159.3158836321675,17235752.88766467,-5.778507693361312e-09,-138888.46136109158,16957975.96494245,2.0267653015264237e-08,2.0267653015264237e-08,1.1507999337152368e-07,1.1507999337152368e-07,159.3158836321683,17235752.887663804,-5.77850769332458e-09,-138888.4613602087,16957975.96494335,0.008360003337644764,0.00013024837689783073,26.0,17103551.10245994,17221284.929508176,17103551.102459937,117733.82704823837,10.133826507632119,1.0
1.01176382511748e-20,1.7208456881689926e-15,2.5934031775183556e-13,4.199292574173269e-21,1.0008350544909485e-07,20270866.60330845,-7.337858495505091e-08,1.7190531028282604e-21,7.431335940255968e-08,18786044.243148647,0.0,4.19929257417327e-21,1.0008350544909485e-07,20270866.603308443,7.33785849550509e-08,-2.0267653015264237e-08,-2.0267653015264237e-08,1.150820051770264e-07,1.150820051770264e-07,159.51551551687064,16976609.08572495,5.216075080828317e-09,125365.81275876611,17227340.711242426,2.0267653015264237e-08,2.0267653015264237e-08,1.1508200517702638e-07,1.1508200517702638e-07,159.51551551687277,16976609.08572271,5.216075080923949e-09,125365.81276106462,17227340.711244784,0.009525589512773458,0.00014840814326555967,27.0,17105819.093926,17242324.014849346,17105819.093926005,136504.92092334107,10.133826507632119,1.0
1.01176382511748e-20,1.1102230246251565e-15,2.593403110360362e-13,4.199292574173083e-21,1.0008350544909336e-07,20270854.431279927,-7.337858492481238e-08,1.719053102828634e-21,7.431335940256506e-08,18786053.014626898,0.0,4.199292574173083e-21,1.0008350544909336e-07,20270854.431279924,7.337858492481238e-08,-2.0267653015264237e-08,-2.0267653015264237e-08,1.1508205192672771e-07,1.1508205192672771e-07,159.52014646344622,16970679.595530182,5.467693129528645e-09,131413.22269479558,17233506.040919717,2.0267653015264237e-08,2.0267653015264237e-08,1.1508205192672772e-07,1.1508205192672772e-07,159.52014646343662,16970679.59554378,5.4676931289520555e-09,131413.2226809375,17233506.0409056,0.009554289528736873,0.0001488552878832351,28.0,17105869.763738744,17242793.850661203,17105869.76373874,136924.0869224593,10.133826507632119,1.0
1.01176382511748e-20,1.1102230246251565e-15,2.593402976451196e-13,4.1992925741727104e-21,1.000835054490904e-07,20270830.09313294,-7.337858486444058e-08,1.719053102829379e-21,7.43133594025758e-08,18786070.49873458,7.2976087251776795e-25,4.1992925741727104e-21,1.000835054490904e-07,20270830.09313294,7.337858486444058e-08,-2.0267653015264237e-08,-2.0267653015264237e-08,1.1508214503346085e-07,1.1508214503346085e-07,159.52936747912057,16958885.124292564,5.968199480296547e-09,143442.40610105917,17245769.93649463,2.0267653015264237e-08,2.0267653015264237e-08,1.1508214503346084e-07,1.1508214503346084e-07,159.5293674791198,16958885.124293245,5.968199480267406e-09,143442.4061003588,17245769.936493907,0.009611689560663701,0.00014974957711858599,29.0,17105970.363097716,17243726.625927627,17105970.363097705,137756.2628299147,10.133826507632119,1.0
1.01176382511748e-20,1.1102230246251565e-15,2.5934027102422236e-13,4.199292574171971e-21,1.0008350544908452e-07,20270781.4406007,-7.337858474411443e-08,1.7190531028308567e-21,7.431335940259709e-08,18786105.23379261,0.0,4.199292574171971e-21,1.0008350544908452e-07,20270781.440600697,7.337858474411443e-08,-2.0267653015264237e-08,-2.0267653015264237e-08,1.1508232969421411e-07,1.1508232969421411e-07,159.54764712312536,16935551.877975047,6.9583918998982495e-09,167240.60193120688,17270033.0818374,2.0267653015264237e-08,2.0267653015264237e-08,1.1508232969421411e-07,1.1508232969421411e-07,159.54764712312124,16935551.877977908,6.95839189977456e-09,167240.6019282341,17270033.08183432,0.009726489624517358,0.00015153815558928774,30.0,17106168.624495562,17245564.81204307,17106168.624495555,139396.18754751235,10.133826507632119,1.0
1.0117638251174798e-20,1.1102230246251565e-15,2.5934021841219674e-13,4.199292574170515e-21,1.0008350544907296e-07,20270684.231457617,-7.337858450510206e-08,1.7190531028337678e-21,7.431335940263903e-08,18786173.788489755,0.0,4.199292574170515e-21,1.0008350544907296e-07,20270684.231457613,7.337858450510206e-08,-2.0267653015264237e-08,-2.0267653015264237e-08,1.150826929480874e-07,1.150826929480874e-07,159.58356600775073,16889889.28854602,8.89629197352487e-09,213815.46965605766,17317520.22785807,2.0267653015264237e-08,2.0267653015264237e-08,1.1508269294808739e-07,1.150826929480874e-07,159.58356600774187,16889889.28855949,8.896291972954472e-09,213815.4696423486,17317520.227844127,0.009956089752224671,0.0001551153125306912,31.0,17106553.588986713,17249133.504033517,17106553.588986713,142579.91504680365,10.133826507632119,1.0
1.0117638251174796e-20,1.1102230246251565e-15,2.593401156009539e-13,4.199292574167693e-21,1.0008350544905055e-07,20270490.20293039,-7.337858403340383e-08,1.719053102839411e-21,7.431335940272035e-08,18786307.366801385,0.0,4.199292574167693e-21,1.0008350544905055e-07,20270490.20293039,7.337858403340383e-08,-2.0267653015264237e-08,-2.0267653015264237e-08,1.1508339630265351e-07,1.1508339630265351e-07,159.65291772391697,16802427.379221514,1.2608580075229766e-08,303033.7274736911,17408494.83416882,2.0267653015264237e-08,2.0267653015264237e-08,1.1508339630265351e-07,1.1508339630265351e-07,159.6529177239116,16802427.379225943,1.2608580075039425e-08,303033.72746911645,17408494.834164105,0.010415290007639298,0.00016226962641349815,32.0,17107278.8312862,17255854.559437577,17107278.8312862,148575.7281513773,10.133826507632119,1.0
1.01176382511748e-20,1.1102230246251565e-15,2.5934004288060385e-13,4.199292574165716e-21,1.0008350544903484e-07,20270349.7066354,-7.337858369600666e-08,1.7190531028433666e-21,7.431335940277735e-08,18786401.526556212,0.0,4.199292574165716e-21,1.0008350544903484e-07,20270349.7066354,7.337858369600666e-08,-2.0267653015264237e-08,-2.0267653015264237e-08,1.1508388895941628e-07,1.1508388895941628e-07,159.7012950932122,16741949.734594423,1.5175863648309653e-08,364732.51770621166,17471414.770006772,2.0267653015264237e-08,2.0267653015264237e-08,1.1508388895941628e-07,1.1508388895941629e-07,159.70129509319955,16741949.734612059,1.5175863647561617e-08,364732.5176882334,17471414.76998845,0.010748575719828981,0.0001674621988686395,33.0,17107770.263113447,17260407.071623355,17107770.26311345,152636.80850990862,10.133826507632119,1.0
1.0117638251174798e-20,1.5543122344752192e-15,2.5933990190892725e-13,4.19929257416193e-21,1.0008350544900476e-07,20270069.564407155,-7.337858303310641e-08,1.7190531028509398e-21,7.431335940288647e-08,18786583.198661026,0.0,4.199292574161928e-21,1.0008350544900474e-07,20270069.564407162,7.337858303310644e-08,-2.0267653015264237e-08,-2.0267653015264237e-08,1.1508483220180916e-07,1.1508483220180916e-07,159.793332173305,16628146.766156128,2.0007604408846633e-08,480849.35912935995,17589845.48441477,2.0267653015264237e-08,2.0267653015264237e-08,1.1508483220180915e-07,1.1508483220180915e-07,159.7933321732962,16628146.766166186,2.000760440841835e-08,480849.35911906697,17589845.484404244,0.011415147144208347,0.00017784734377892215,34.0,17108669.503013056,17268732.893032666,17108669.503013063,160063.3900196068,10.133826507632119,1.0
1.01176382511748e-20,1.1102230246251565e-15,2.5933979420541065e-13,4.1992925741590626e-21,1.0008350544898198e-07,20269848.589646187,-7.337858251864499e-08,1.7190531028566743e-21,7.431335940296911e-08,18786721.196071018,0.0,4.1992925741590626e-21,1.0008350544898198e-07,20269848.589646194,7.337858251864497e-08,-2.0267653015264237e-08,-2.0267653015264237e-08,1.1508554321056538e-07,1.1508554321056538e-07,159.86210047337246,16544162.266968057,2.357399426300621e-08,566554.5828640275,17677271.432696037,2.0267653015264237e-08,2.0267653015264237e-08,1.1508554321056536e-07,1.1508554321056536e-07,159.86210047337013,16544162.26697084,2.357399426288793e-08,566554.5828611851,17677271.43269313,0.01194286191092109,0.00018606910985404388,35.0,17109309.619134292,17274655.23720852,17109309.619134296,165345.61807422712,10.133826507632119,1.0
1.01176382511748e-20,1.1657341758564144e-15,2.593395881735902e-13,4.1992925741535925e-21,1.0008350544893852e-07,20269408.832451805,-7.337858151519688e-08,1.7190531028676152e-21,7.431335940312677e-08,18786982.954544593,0.0,4.1992925741535925e-21,1.0008350544893852e-07,20269408.83245181,7.337858151519688e-08,-2.0267653015264237e-08,-2.0267653015264237e-08,1.1508687935458133e-07,1.1508687935458133e-07,159.9895793366658,16390978.221317979,3.0080520734452596e-08,722909.3624246735,17836796.946167264,2.0267653015264237e-08,2.0267653015264237e-08,1.1508687935458132e-07,1.1508687935458132e-07,159.98957933665503,16390978.221332863,3.0080520733821616e-08,722909.3624095097,17836796.946151823,0.012998291444346574,0.0002025126420042873,1.0,17110415.638021823,17284876.25520335,17110415.638021834,174460.61718152463,10.133826507632119,1.0
1.0117638251174796e-20,4.107825191113079e-15,2.593392082503418e-13,4.1992925741426004e-21,1.0008350544885119e-07,20268538.15569123,-7.337857959722958e-08,1.7190531028895968e-21,7.431335940344352e-08,18787456.76425204,-7.297608724922047e-25,4.1992925741426004e-21,1.0008350544885119e-07,20268538.15569123,7.337857959722957e-08,-2.0267653015264237e-08,-2.0267653015264237e-08,1.1508926458193737e-07,1.1508926458193737e-07,160.21008781634825,16133991.466439625,4.100120344784694e-08,985319.5538708139,18104630.574181244,2.0267653015264237e-08,2.0267653015264237e-08,1.1508926458193737e-07,1.1508926458193739e-07,160.21008781634742,16133991.466437947,4.10012034479157e-08,985319.5538724661,18104630.574182868,0.015109150511197543,0.0002353997063047742,2.0,17112045.551159933,17299892.29728648,17112045.55115993,187846.74612654746,10.133826507632119,1.0
1.0117638251174796e-20,4.9960036108132044e-15,2.593387107889611e-13,4.1992925741239016e-21,1.0008350544870264e-07,20267278.396349415,-7.33785769489384e-08,1.719053102926994e-21,7.43133594039824e-08,18788057.563471917,0.0,4.1992925741239016e-21,1.0008350544870264e-07,20267278.396349415,7.33785769489384e-08,-2.0267653015264237e-08,-2.0267653015264237e-08,1.1509225091129366e-07,1.1509225091129366e-07,160.4708090044838,15843979.229253907,5.33343782110276e-08,1281637.4698948525,18407254.1690436,2.0267653015264237e-08,2.0267653015264237e-08,1.1509225091129367e-07,1.1509225091129367e-07,160.4708090044813,15843979.229256699,5.333437821090863e-08,1281637.4698919933,18407254.169040676,0.018214499626173587,0.00028378086903774197,3.0,17113419.09290969,17312439.751902275,17113419.092909712,199020.65899257362,10.133826507632119,1.0
1.0117638251174796e-20,1.4988010832439613e-14,2.593381805860203e-13,4.1992925741025486e-21,1.00083505448533e-07,20265782.130353387,-7.337857394863287e-08,1.7190531029697e-21,7.431335940459778e-08,18788670.205121804,-1.4595217449163996e-24,4.1992925741025486e-21,1.00083505448533e-07,20265782.130353384,7.337857394863287e-08,-2.0267653015264237e-08,-2.0267653015264237e-08,1.1509528280593232e-07,1.1509528280593232e-07,160.71555733098032,15587062.798192631,6.427069318511825e-08,1544358.2858128957,18675779.36981841,2.0267653015264237e-08,2.0267653015264237e-08,1.150952828059323e-07,1.150952828059323e-07,160.7155573309775,15587062.798195418,6.427069318499947e-08,1544358.2858100422,18675779.369815487,0.02198279812678337,0.00034249074552317757,4.0,17114021.520818956,17317764.937810026,17114021.520818982,203743.416991055,10.133826507632119,1.0
1.01176382511748e-20,6.189493362285248e-15,2.5933762361319846e-13,4.199292574095453e-21,1.0008350544847663e-07,20264034.330868907,-7.337857059129824e-08,1.7190531029838932e-21,7.43133594048023e-08,18789278.042577602,0.0,4.199292574095453e-21,1.0008350544847663e-07,20264034.330868926,7.337857059129824e-08,-2.0267653015264237e-08,-2.0267653015264237e-08,1.1509831587194564e-07,1.1509831587194564e-07,160.93850816889875,15368390.763592795,7.359044556092213e-08,1768209.1012991257,18904808.966189887,2.0267653015264237e-08,2.0267653015264237e-08,1.1509831587194564e-07,1.1509831587194564e-07,160.93850816889773,15368390.763593115,7.35904455609077e-08,1768209.1012987792,18904808.966189515,0.026495410187127498,0.0004127969849696066,5.0,17113814.64977436,17315528.462457135,17113814.649774358,201713.81268277764,10.133826507632119,1.0
1.01176382511748e-20,9.520162436160717e-15,2.5933703944724646e-13,4.199292574116334e-21,1.0008350544864252e-07,20262001.7679371,-7.337856683432871e-08,1.7190531029421325e-21,7.431335940420054e-08,18789870.758122213,0.0,4.199292574116333e-21,1.0008350544864252e-07,20262001.767937116,7.337856683432872e-08,-2.0267653015264237e-08,-2.0267653015264237e-08,1.1510134540736287e-07,1.1510134540736287e-07,161.13847957943156,15187562.908225384,8.130963071394111e-08,1953580.518570032,19094723.945358865,2.0267653015264237e-08,2.0267653015264237e-08,1.1510134540736288e-07,1.1510134540736288e-07,161.13847957942846,15187562.908229627,8.130963071376127e-08,1953580.5185657106,19094723.945354465,0.03189321032102791,0.0004968944042964141,6.0,17112820.35630344,17305936.58752166,17112820.356303398,193116.23121824488,10.133826507632119,1.0
1.0117638251174796e-20,3.0253577421035516e-15,2.5933642720724265e-13,4.19929257412528e-21,1.0008350544871359e-07,20259646.038580544,-7.337856262735862e-08,1.719053102924237e-21,7.431335940394268e-08,18790439.514701378,0.0,4.1992925741252806e-21,1.000835054487136e-07,20259646.03858056,7.33785626273586e-08,-2.0267653015264237e-08,-2.0267653015264237e-08,1.1510436943214723e-07,1.1510436943214723e-07,161.3153068043873,15042944.65433601,8.749662120907474e-08,2102121.382285077,19247187.41889282,2.0267653015264237e-08,2.0267653015264237e-08,1.1510436943214723e-07,1.1510436943214723e-07,161.315306804382,15042944.654343821,8.749662120874416e-08,2102121.382277135,19247187.418884747,0.038348454524248995,0.0005974667421282251,7.0,17111089.671212286,17289438.046395082,17111089.671212297,178348.37518278882,10.133826507632119,1.0
1.0117638251174798e-20,9.325873406851315e-15,2.5933578598256213e-13,4.199292573983671e-21,1.0008350544758858e-07,20256923.82961386,-7.337855791416947e-08,1.7190531032074553e-21,7.431335940802378e-08,18790980.248662386,-1.4595217447145389e-24,4.199292573983671e-21,1.0008350544758858e-07,20256923.829613872,7.337855791416947e-08,-2.0267653015264237e-08,-2.0267653015264237e-08,1.1510738624688746e-07,1.1510738624688746e-07,161.4694554365264,14932193.025541436,9.224985022690465e-08,2216202.355321545,19364597.73617439,2.0267653015264237e-08,2.0267653015264237e-08,1.1510738624688747e-07,1.1510738624688747e-07,161.46945543652268,14932193.02554512,9.224985022674743e-08,2216202.3553177677,19364597.73617052,0.046068147250855736,0.0007177391160952176,8.0,17108694.97869582,17266646.664137024,17108694.97869567,157951.68544128165,10.133826507632119,1.0
1.0117638251174798e-20,1.2823075934420558e-14,2.593351148976286e-13,4.199292573494801e-21,1.0008350544370478e-07,20253786.5402902,-7.337855263144205e-08,1.7190531041851958e-21,7.431335942211277e-08,18791495.603242125,7.297608719422057e-25,4.199292573494801e-21,1.0008350544370478e-07,20253786.54029021,7.337855263144205e-08,-2.0267653015264237e-08,-2.0267653015264237e-08,1.1511039429454405e-07,1.1511039429454405e-07,161.60188645527876,14852460.655156884,9.56891672838705e-08,2298708.064600311,19449876.784357086,2.0267653015264237e-08,2.0267653015264237e-08,1.1511039429454406e-07,1.1511039429454406e-07,161.60188645528538,14852460.655146908,9.568916728429247e-08,2298708.0646104477,19449876.784367383,0.05530095685950203,0.0008615857650932871,9.0,17105723.687252752,17238299.50585821,17105723.687252726,132575.8186054714,10.133826507632119,1.0
1.01176382511748e-20,7.605027718682322e-15,2.5933441314404067e-13,4.199292572575607e-21,1.0008350543640226e-07,20250180.564326797,-7.337854670572733e-08,1.7190531060235862e-21,7.431335944860352e-08,18791992.63008037,0.0,4.199292572575607e-21,1.0008350543640226e-07,20250180.564326808,7.337854670572733e-08,-2.0267653015264237e-08,-2.0267653015264237e-08,1.1511339209970872e-07,1.1511339209970872e-07,161.71396203566354,14800518.023813304,9.795065176150579e-08,2352912.3762142844,19506342.776232302,2.0267653015264237e-08,2.0267653015264237e-08,1.1511339209970871e-07,1.1511339209970872e-07,161.71396203567954,14800518.023787966,9.795065176257654e-08,2352912.3762400057,19506342.77625841,0.06634567431595884,0.0010336618353887228,10.0,17102272.673070572,17205241.223566223,17102272.673070557,102968.55049565807,10.133826507632119,1.0
1.0117638251174796e-20,3.907985046680551e-14,2.5933368010238275e-13,4.199292571477784e-21,1.0008350542768064e-07,20246048.84491621,-7.337854005101024e-08,1.7190531082192287e-21,7.431335948024217e-08,18792477.52082237,0.0,4.199292571477784e-21,1.0008350542768064e-07,20246048.844916217,7.337854005101024e-08,-2.0267653015264237e-08,-2.0267653015264237e-08,1.1511637753217487e-07,1.1511637753217487e-07,161.80732779847858,14772872.22249771,9.918155961162502e-08,2382356.9403831623,19537586.10323145,2.0267653015264237e-08,2.0267653015264237e-08,1.1511637753217487e-07,1.1511637753217487e-07,161.80732779848037,14772872.222493572,9.918155961179895e-08,2382356.9403873403,19537586.10323567,0.07955896075839304,0.0012395240872449548,11.0,17098444.0503375,17168425.499565214,17098444.050337546,69981.4492276907,10.133826507632119,1.0
1.01176382511748e-20,1.687538997430238e-14,2.5933291543692277e-13,4.199292570831078e-21,1.0008350542254289e-07,20241332.65244061,-7.337853256921925e-08,1.7190531095126423e-21,7.431335949887992e-08,18792952.90836839,0.0,4.199292570831078e-21,1.0008350542254289e-07,20241332.652440615,7.337853256921924e-08,-2.0267653015264237e-08,-2.0267653015264237e-08,1.151193469419772e-07,1.1511934694197721e-07,161.88377814891476,14765909.80149181,9.953425756775413e-08,2390705.4643816706,19547320.730239086,2.0267653015264237e-08,2.0267653015264237e-08,1.1511934694197721e-07,1.1511934694197721e-07,161.88377814891524,14765909.8014889,9.953425756787573e-08,2390705.464384591,19547320.730242018,0.09536276202159813,0.0014857464127886982,12.0,17094341.676102117,17128907.9932835,17094341.676102098,34566.31718138978,10.133826507632119,1.0
1.0117638251174798e-20,4.884981308350689e-15,2.5933211890203824e-13,4.199292571247357e-21,1.0008350542585001e-07,20235970.845735706,-7.337852415404245e-08,1.7190531086800853e-21,7.4313359486883e-08,18793423.876763143,-7.297608700340653e-25,4.199292571247356e-21,1.0008350542585001e-07,20235970.845735714,7.337852415404245e-08,-2.0267653015264237e-08,-2.0267653015264237e-08,1.1512229533221388e-07,1.1512229533221388e-07,161.94512486970302,14776084.415632786,9.91582942716179e-08,2381553.239369193,19539190.89434708,2.0267653015264237e-08,2.0267653015264237e-08,1.1512229533221387e-07,1.1512229533221387e-07,161.94512486969262,14776084.415647393,9.915829427099946e-08,2381553.2393543404,19539190.89433198,0.11425747399955495,0.001780124951610455,13.0,17090066.79484987,17087798.170648538,17090066.794849843,-2268.6242013201118,10.133826507632119,1.0
1.0117638251174798e-20,2.2093438190040615e-14,2.593312900273763e-13,4.199292572395271e-21,1.0008350543496958e-07,20229896.295547243,-7.337851469914808e-08,1.7190531063842553e-21,7.431335945380066e-08,18793914.205705453,-7.2976087100867565e-25,4.199292572395271e-21,1.0008350543496958e-07,20229896.295547247,7.337851469914808e-08,-2.0267653015264237e-08,-2.0267653015264237e-08,1.151252170979546e-07,1.151252170979546e-07,161.99306357670042,14800134.583978217,9.819121273833804e-08,2358206.4717303924,19516547.526935667,2.0267653015264237e-08,2.0267653015264237e-08,1.1512521709795461e-07,1.1512521709795461e-07,161.9930635767117,14800134.583960528,9.819121273908578e-08,2358206.47174835,19516547.52695389,0.13684273158081214,0.0021320019811962984,14.0,17085713.960676763,17046175.638900705,17085713.960676875,-39538.321776114404,10.133826507632119,1.0
1.0117638251174798e-20,8.104628079763643e-15,2.593304276895822e-13,4.199292571772846e-21,1.0008350543002475e-07,20223029.281153947,-7.337850410638179e-08,1.7190531076291065e-21,7.431335947173866e-08,18794487.95105179,-7.297608704802199e-25,4.199292571772845e-21,1.0008350543002475e-07,20223029.281153955,7.337850410638179e-08,-2.0267653015264237e-08,-2.0267653015264237e-08,1.151281075543515e-07,1.151281075543515e-07,162.02908368883303,14835263.362059958,9.675098524765974e-08,2323500.615078248,19482264.589955572,2.0267653015264237e-08,2.0267653015264237e-08,1.151281075543515e-07,1.151281075543515e-07,162.02908368882464,14835263.362072265,9.675098524713907e-08,2323500.615065744,19482264.58994287,0.16385204638473982,0.002552805570890226,15.0,17081367.810235593,17004988.405820366,17081367.81023561,-76379.40441523492,10.133826507632119,1.0
1.0117638251174796e-20,7.549516567451064e-15,2.5932952978517577e-13,4.199292563676043e-21,1.0008350536569991e-07,20215270.082572665,-7.337849228882265e-08,1.719053123822711e-21,7.431335970508439e-08,18795267.366518803,-7.297608636058197e-25,4.199292563676043e-21,1.0008350536569991e-07,20215270.08257267,7.337849228882264e-08,-2.0267653015264237e-08,-2.0267653015264237e-08,1.1513096453924407e-07,1.1513096453924407e-07,162.05444109623633,14879221.780344684,9.493251242477394e-08,2279716.3601822853,19438654.494859207,2.0267653015264237e-08,2.0267653015264237e-08,1.1513096453924407e-07,1.1513096453924407e-07,162.05444109623758,14879221.780341987,9.49325124248875e-08,2279716.360185012,19438654.494861968,0.19620284011745132,0.0030568290987360034,16.0,17077101.86648933,16964968.618416827,17077101.86648939,-112133.24807253107,10.133826507632119,1.0
1.0117638251174798e-20,1.2434497875801753e-14,2.593285936457039e-13,4.1992925389489774e-21,1.0008350516925639e-07,20206498.26688617,-7.337847917071393e-08,1.7190531732768436e-21,7.43133604177059e-08,18796438.482468106,7.2976084261188485e-25,4.1992925389489774e-21,1.0008350516925639e-07,20206498.266886193,7.337847917071393e-08,-2.0267653015264237e-08,-2.0267653015264237e-08,1.1513378807134601e-07,1.1513378807134601e-07,162.07019143772845,14930248.066770736,9.281019222981853e-08,2228641.492291726,19387531.040733706,2.0267653015264237e-08,2.0267653015264237e-08,1.1513378807134601e-07,1.1513378807134601e-07,162.07019143772004,14930248.066785058,9.28101922292139e-08,2228641.492277207,19387531.04071899,0.23503910167219363,0.003661895846677026,17.0,17072981.432396334,16926608.9638796,17072981.432396304,-146372.4685167186,10.133826507632119,1.0
1.01176382511748e-20,4.551914400963142e-15,2.5932761541069106e-13,4.19929248595293e-21,1.000835047482307e-07,20196564.283731196,-7.337846465579212e-08,1.7190532792689405e-21,7.43133619450251e-08,18798242.151396364,0.0,4.19929248595293e-21,1.000835047482307e-07,20196564.283731204,7.337846465579212e-08,-2.0267653015264237e-08,-2.0267653015264237e-08,1.1513658333649551e-07,1.1513658333649551e-07,162.07730047424414,14986987.930771763,9.044133596246561e-08,2171652.9433071557,19330293.803076662,2.0267653015264237e-08,2.0267653015264237e-08,1.151365833364955e-07,1.151365833364955e-07,162.07730047424738,14986987.93076731,9.044133596265426e-08,2171652.9433116857,19330293.80308127,0.2818346870909955,0.004390968408088213,18.0,17069061.19485028,16890126.866797477,17069061.194850255,-178934.32805278897,10.133826507632119,1.0
1.01176382511748e-20,2.731148640577885e-14,2.5932659245493265e-13,4.1992923931835695e-21,1.0008350401122694e-07,20185314.323834203,-7.337844862183138e-08,1.7190534648076616e-21,7.43133646185908e-08,18800943.97200712,0.0,4.1992923931835695e-21,1.0008350401122694e-07,20185314.32383419,7.337844862183138e-08,-2.0267653015264237e-08,-2.0267653015264237e-08,1.1513935463455989e-07,1.151393546345599e-07,162.07673823611336,15048220.671336142,8.787769585806924e-08,2109993.934325831,19268208.525925167,2.0267653015264237e-08,2.0267653015264237e-08,1.1513935463455989e-07,1.1513935463455989e-07,162.07673823610438,15048220.671348423,8.787769585754908e-08,2109993.934313342,19268208.525912464,0.33837084657136013,0.00527179855981743,19.0,17065393.77597357,16855572.378756087,17065393.775973763,-209821.3972175792,10.133826507632119,1.0
1.0117638251174796e-20,1.176836406102666e-14,2.5932554754010655e-13,4.1992922570320345e-21,1.0008350292957465e-07,20172897.32595178,-7.337843128315478e-08,1.7190537371107283e-21,7.431336854240826e-08,18804691.215759944,0.0,4.1992922570320345e-21,1.0008350292957465e-07,20172897.32595179,7.337843128315478e-08,-2.0267653015264237e-08,-2.0267653015264237e-08,1.1514204608625704e-07,1.1514204608625704e-07,162.06983230644502,15111289.888149027,8.523145696839468e-08,2046360.548256144,19204010.975583896,2.0267653015264237e-08,2.0267653015264237e-08,1.1514204608625705e-07,1.1514204608625705e-07,162.0698323064387,15111289.888157196,8.523145696804808e-08,2046360.5482478216,19204010.97557542,0.40512753938825685,0.006311864040092402,20.0,17062094.84173524,16823548.87643905,17062094.841735166,-238545.96529615298,10.133826507632119,1.0
1.0117638251174796e-20,6.5503158452884236e-15,2.593244877283658e-13,4.199292082434207e-21,1.0008350154248675e-07,20159342.898990307,-7.337841253803882e-08,1.7190540863063847e-21,7.431337357422764e-08,18809554.93009258,0.0,4.199292082434206e-21,1.0008350154248674e-07,20159342.898990307,7.337841253803886e-08,-2.0267653015264237e-08,-2.0267653015264237e-08,1.1514465232357038e-07,1.1514465232357038e-07,162.05819689098664,15174605.552904475,8.257045492194209e-08,1982381.6048529968,19139368.76010351,2.0267653015264237e-08,2.0267653015264237e-08,1.1514465232357037e-07,1.1514465232357037e-07,162.05819689098846,15174605.552901253,8.257045492207816e-08,1982381.6048562638,19139368.760106824,0.48330077222987167,0.007529798565145481,21.0,17059186.823619377,16793886.15494484,17059186.823619362,-265300.6686745286,10.133826507632119,1.0
1.01176382511748e-20,1.587618925213974e-14,2.5932341292238e-13,4.199291882680267e-21,1.0008349995554673e-07,20144616.44440105,-7.337839205841064e-08,1.7190544858142653e-21,7.431337933103237e-08,18815535.99737907,0.0,4.199291882680267e-21,1.0008349995554673e-07,20144616.444401063,7.337839205841063e-08,-2.0267653015264237e-08,-2.0267653015264237e-08,1.1514718582622381e-07,1.1514718582622381e-07,162.043295759425,15237188.964803722,7.993683980178706e-08,1919068.361647673,19075325.687948346,2.0267653015264237e-08,2.0267653015264237e-08,1.1514718582622381e-07,1.1514718582622381e-07,162.04329575942893,15237188.96479784,7.993683980203596e-08,1919068.3616536483,19075325.687954415,0.5747037384805831,0.008953851584860702,22.0,17056653.493729103,16766190.875998294,17056653.49372922,-290462.61773086525,10.133826507632119,1.0
1.01176382511748e-20,2.2148949341271873e-14,2.5932232294507654e-13,4.199291678577283e-21,1.0008349833405578e-07,20128693.721584197,-7.337836942078507e-08,1.7190548940202328e-21,7.431338521317336e-08,18822558.4962271,0.0,4.199291678577283e-21,1.0008349833405578e-07,20128693.721584205,7.337836942078508e-08,-2.0267653015264237e-08,-2.0267653015264237e-08,1.1514965523280232e-07,1.1514965523280232e-07,162.02638091790837,15298220.073135749,7.736597010776275e-08,1857269.0386270694,19012758.14343991,2.0267653015264237e-08,2.0267653015264237e-08,1.1514965523280233e-07,1.1514965523280233e-07,162.02638091790485,15298220.073139995,7.73659701075823e-08,1857269.038622737,19012758.14343549,0.6814361659147148,0.010616736738633576,23.0,17054471.667655457,16740156.102969427,17054471.667655412,-314315.5646860078,10.133826507632119,1.0
1.01176382511748e-20,2.4424906541753444e-15,2.5932208967242316e-13,4.199291636979207e-21,1.0008349800358091e-07,20125157.915645316,-7.337836429657646e-08,1.7190549772163856e-21,7.431338641200799e-08,18824163.13389154,7.29760076816458e-25,4.199291636979207e-21,1.0008349800358091e-07,20125157.91564532,7.337836429657646e-08,-2.0267653015264237e-08,-2.0267653015264237e-08,1.151501732161643e-07,1.151501732161643e-07,162.02263898626416,15310946.52943075,7.682962549838107e-08,1844376.8071273565,18999700.133981995,2.0267653015264237e-08,2.0267653015264237e-08,1.1515017321616429e-07,1.1515017321616429e-07,162.0226389862697,15310946.529421821,7.68296254987586e-08,1844376.8071364202,18999700.133991193,0.7062466087139458,0.011003282027457196,24.0,17054047.660534944,16734799.220831478,17054047.660534967,-319248.43970347755,10.133826507632119,1.0
1.0117638251174798e-20,3.1086244689504383e-15,2.5932164293411687e-13,4.1992915608860475e-21,1.0008349739906074e-07,20118264.954331767,-7.337835418419893e-08,1.7190551294027025e-21,7.431338860497261e-08,18827339.20892097,0.0,4.1992915608860475e-21,1.0008349739906074e-07,20118264.954331774,7.337835418419893e-08,-2.0267653015264237e-08,-2.0267653015264237e-08,1.1515115229597607e-07,1.1515115229597607e-07,162.0153948014793,15334897.46815589,7.581998742278088e-08,1820108.4206134826,18975114.29328561,2.0267653015264237e-08,2.0267653015264237e-08,1.1515115229597607e-07,1.1515115229597607e-07,162.01539480146673,15334897.468172591,7.581998742207278e-08,1820108.420596484,18975114.29326831,0.7558674943124081,0.011776372605104437,25.0,17053281.54859515,16724780.192126004,17053281.548595127,-328501.35646913387,10.133826507632119,1.0
1.0117638251174798e-20,2.55351295663786e-15,2.593214710027348e-13,4.1992915331335806e-21,1.0008349717858197e-07,20115569.535683535,-7.33783501837536e-08,1.7190551849076368e-21,7.431338940478402e-08,18828592.124927305,0.0,4.1992915331335806e-21,1.0008349717858197e-07,20115569.53568354,7.33783501837536e-08,-2.0267653015264237e-08,-2.0267653015264237e-08,1.1515152510405355e-07,1.1515152510405355e-07,162.0125937741067,15343970.58917079,7.543744014909635e-08,1810913.3970609065,18965797.364411343,2.0267653015264237e-08,2.0267653015264237e-08,1.1515152510405355e-07,1.1515152510405355e-07,162.01259377410608,15343970.589170948,7.543744014908914e-08,1810913.3970607333,18965797.364411153,0.775715848551793,0.012085608836163332,26.0,17053001.274711717,16720999.346502548,17053001.274711695,-332001.92820915766,10.133826507632119,1.0
1.01176382511748e-20,4.440892098500626e-15,2.593211378872431e-13,4.199291482260639e-21,1.0008349677442316e-07,20110281.26067103,-7.33783422539528e-08,1.7190552866535197e-21,7.431339087091521e-08,18831067.990364373,0.0,4.19929148226064e-21,1.0008349677442316e-07,20110281.260671042,7.337834225395279e-08,-2.0267653015264237e-08,-2.0267653015264237e-08,1.1515224038932863e-07,1.1515224038932864e-07,162.0071547772296,15361301.547729995,7.470660221279672e-08,1793346.9881919473,18947995.499458276,2.0267653015264237e-08,2.0267653015264237e-08,1.1515224038932863e-07,1.1515224038932863e-07,162.00715477722514,15361301.547734756,7.470660221259404e-08,1793346.988187082,18947995.499453306,0.8154125570305628,0.012704081298281126,27.0,17052481.997516546,16713799.798797784,17052481.997516528,-338682.19871875085,10.133826507632119,1.0
1.0117638251174798e-20,6.106226635438361e-15,2.593205105060141e-13,4.199291398897841e-21,1.000834961121495e-07,20100089.230795927,-7.337832664885289e-08,1.719055453379116e-21,7.431339327338671e-08,18835882.892851878,-7.297598746795519e-25,4.199291398897841e-21,1.000834961121495e-07,20100089.23079593,7.33783266488529e-08,-2.0267653015264237e-08,-2.0267653015264237e-08,1.1515356214448382e-07,1.1515356214448382e-07,161.99694037731612,15393001.459434662,7.336945276406975e-08,1761208.01548028,18915417.454275608,2.0267653015264237e-08,2.0267653015264237e-08,1.1515356214448381e-07,1.1515356214448381e-07,161.9969403773238,15393001.45942125,7.33694527646361e-08,1761208.0154938754,18915417.454289388,0.8948059739881024,0.01394102622251671,28.0,17051586.226934366,16700685.086857535,17051586.226934355,-350901.14007682353,10.133826507632119,1.0
1.0117638251174798e-20,3.1086244689504383e-15,2.5932028977461367e-13,4.1992913737561776e-21,1.0008349591241218e-07,20096431.242667478,-7.337832094611475e-08,1.719055503662443e-21,7.431339399795604e-08,18837614.01926383,0.0,4.1992913737561776e-21,1.0008349591241218e-07,20096431.24266749,7.337832094611475e-08,-2.0267653015264237e-08,-2.0267653015264237e-08,1.1515402014768183e-07,1.1515402014768183e-07,161.99337094940492,15403878.069400903,7.291055962630578e-08,1750178.5243515186,18904235.07803388,2.0267653015264237e-08,2.0267653015264237e-08,1.1515402014768183e-07,1.1515402014768183e-07,161.99337094940708,15403878.069396049,7.291055962651017e-08,1750178.5243564248,18904235.078038834,0.924212280812989,0.014399174811675066,29.0,17051293.75143649,16696194.65601708,17051293.751436472,-355099.09541939944,10.133826507632119,1.0
1.01176382511748e-20,8.049116928532385e-15,2.5931986541743514e-13,4.19929133244213e-21,1.0008349558419377e-07,20089296.945049897,-7.337830965899398e-08,1.7190555862905404e-21,7.431339518860487e-08,18840994.910933804,0.0,4.19929133244213e-21,1.0008349558419377e-07,20089296.945049908,7.337830965899398e-08,-2.0267653015264237e-08,-2.0267653015264237e-08,1.1515488882111323e-07,1.1515488882111323e-07,161.9865611623977,15424342.091014706,7.20470167576344e-08,1729423.5529575124,18883189.14983103,2.0267653015264237e-08,2.0267653015264237e-08,1.1515488882111324e-07,1.1515488882111324e-07,161.98656116238982,15424342.091024635,7.204701675721299e-08,1729423.5529473964,18883189.14982073,0.9830248944627623,0.015315471989991777,30.0,17050766.033873446,16687760.362731876,17050766.033873398,-363005.6711415481,10.133826507632119,1.0
1.0117638251174796e-20,1.4988010832439613e-15,2.5931970155183044e-13,4.19929131897879e-21,1.0008349547723461e-07,20086506.144588668,-7.337830518653544e-08,1.7190556132172175e-21,7.431339557661109e-08,18842315.230484933,0.0,4.19929131897879e-21,1.0008349547723461e-07,20086506.14458868,7.337830518653544e-08,-2.0267653015264237e-08,-2.0267653015264237e-08,1.1515522038091062e-07,1.1515522038091062e-07,161.98395514401943,15432091.736050066,7.171994927892192e-08,1721562.6799548492,18875217.04644066,2.0267653015264237e-08,2.0267653015264237e-08,1.1515522038091062e-07,1.1515522038091062e-07,161.9839551440101,15432091.736063957,7.171994927833404e-08,1721562.6799407378,18875217.046426326,1.0065499399226716,0.01568199086131846,31.0,17050573.49595791,16684569.000945289,17050573.4959579,-366004.4950126149,10.133826507632119,1.0
1.0117638251174798e-20,3.219646771412954e-15,2.593193832209832e-13,4.1992912970752084e-21,1.0008349530322214e-07,20081029.04013815,-7.337829631264014e-08,1.7190556570243812e-21,7.431339620786061e-08,18844903.31269336,-7.297597882296789e-25,4.1992912970752084e-21,1.0008349530322214e-07,20081029.04013816,7.337829631264012e-08,-2.0267653015264237e-08,-2.0267653015264237e-08,1.1515585763372165e-07,1.1515585763372165e-07,161.97893313088377,15446890.477993596,7.109530350427057e-08,1706549.8210903928,18859990.06659284,2.0267653015264237e-08,2.0267653015264237e-08,1.1515585763372164e-07,1.1515585763372164e-07,161.97893313087604,15446890.478001699,7.109530350392555e-08,1706549.8210821114,18859990.066584375,1.0536000308424902,0.01641502860397183,32.0,17050217.91022644,16678481.126941942,17050217.910226453,-371736.78328450397,10.133826507632119,1.0
1.01176382511748e-20,5.218048215738236e-15,2.593187807954731e-13,4.199291271541394e-21,1.0008349510036939e-07,20070466.953725073,-7.337827884214264e-08,1.7190557080920116e-21,7.431339694373149e-08,18849868.700519975,0.0,4.199291271541394e-21,1.0008349510036939e-07,20070466.953725077,7.337827884214264e-08,-2.0267653015264237e-08,-2.0267653015264237e-08,1.1515703803360592e-07,1.1515703803360592e-07,161.96960926931456,15473937.66170293,6.995339732772703e-08,1679105.4327181764,18832148.468842242,2.0267653015264237e-08,2.0267653015264237e-08,1.1515703803360592e-07,1.1515703803360592e-07,161.96960926931743,15473937.661699204,6.995339732788509e-08,1679105.4327219706,18832148.468846105,1.1477002126821274,0.017881104089278562,33.0,17049610.265136477,16667371.84172812,17049610.265136473,-382238.4234083537,10.133826507632119,1.0
1.0117638251174798e-20,1.7763568394002505e-15,2.5931849755410916e-13,4.19929126625093e-21,1.0008349505833943e-07,20065412.081030812,-7.337827032939216e-08,1.7190557186729383e-21,7.431339709619982e-08,18852224.417286277,0.0,4.19929126625093e-21,1.0008349505833943e-07,20065412.08103082,7.337827032939216e-08,-2.0267653015264237e-08,-2.0267653015264237e-08,1.1515758203951805e-07,1.1515758203951805e-07,161.9653090896816,15486243.28362863,6.943375648268615e-08,1666616.6428960431,18819476.510442276,2.0267653015264237e-08,2.0267653015264237e-08,1.1515758203951805e-07,1.1515758203951805e-07,161.9653090896855,15486243.283620741,6.943375648301851e-08,1666616.6429040208,18819476.510450345,1.194286191092109,0.018606910985404387,34.0,17049351.629340097,16662325.215493757,17049351.629340123,-387026.41384635493,10.133826507632119,1.0
1.01176382511748e-20,5.329070518200751e-15,2.5931795778509735e-13,4.199291268384762e-21,1.000834950752916e-07,20055628.52261422,-7.33782535740426e-08,1.7190557144052754e-21,7.431339703470393e-08,18856744.8634489,-7.297597638708003e-25,4.1992912683847624e-21,1.0008349507529161e-07,20055628.522614222,7.33782535740426e-08,-2.0267653015264237e-08,-2.0267653015264237e-08,1.1515859674006536e-07,1.1515859674006536e-07,161.95728024730622,15508909.506180033,6.84764101590569e-08,1643608.5189594664,18796126.486907892,2.0267653015264237e-08,2.0267653015264237e-08,1.1515859674006536e-07,1.1515859674006536e-07,161.95728024729917,15508909.506188527,6.847641015869605e-08,1643608.518950805,18796126.486899063,1.2874581479120721,0.020058524777656038,1.0,17048908.32779405,16653050.930486217,17048908.32779406,-395857.3973078355,10.133826507632119,1.0
1.01176382511748e-20,6.106226635438361e-15,2.593169698099762e-13,4.1992913093244004e-21,1.0008349540053554e-07,20037226.694726087,-7.337822116436681e-08,1.7190556325259994e-21,7.431339585484548e-08,18865067.173297856,7.297597986295366e-25,4.199291309324399e-21,1.0008349540053552e-07,20037226.694726095,7.337822116436683e-08,-2.0267653015264237e-08,-2.0267653015264237e-08,1.1516037485157308e-07,1.1516037485157308e-07,161.94316896079272,15547710.549786486,6.683692521917654e-08,1604207.1582236663,18756124.82241821,2.0267653015264237e-08,2.0267653015264237e-08,1.1516037485157307e-07,1.1516037485157307e-07,161.94316896079457,15547710.549780156,6.68369252194421e-08,1604207.1582300402,18756124.822424628,1.4738020615519984,0.02296175236215934,2.0,17048260.599023357,16637285.061176946,17048260.599023305,-410975.53784638457,10.133826507632119,1.0
1.0117638251174798e-20,7.327471962526033e-15,2.5931584293396484e-13,4.199291391718286e-21,1.000834960551117e-07,20015487.984383825,-7.337818177755068e-08,1.719055467738226e-21,7.431339348029765e-08,18874541.047609415,0.0,4.1992913917182865e-21,1.0008349605511172e-07,20015487.984383836,7.337818177755067e-08,-2.0267653015264237e-08,-2.0267653015264237e-08,1.1516227291771503e-07,1.1516227291771503e-07,161.92801253899685,15587747.835155305,6.514417599582341e-08,1563526.5732206441,18714800.962238297,2.0267653015264237e-08,2.0267653015264237e-08,1.1516227291771503e-07,1.1516227291771504e-07,161.92801253899088,15587747.835162556,6.51441759955154e-08,1563526.5732132513,18714800.96223076,1.7131119772794487,0.02669018724910502,3.0,17047765.290001255,16621253.33755464,17047765.29000132,-426511.95244664885,10.133826507632119,1.0
1.01176382511748e-20,8.548717289613705e-15,2.593146937601527e-13,4.199291474045443e-21,1.0008349670915774e-07,19992547.515905503,-7.337813953636707e-08,1.7190553030839135e-21,7.431339110767282e-08,18884090.928752605,0.0,4.199291474045443e-21,1.0008349670915774e-07,19992547.515905507,7.337813953636707e-08,-2.0267653015264237e-08,-2.0267653015264237e-08,1.1516405540648109e-07,1.1516405540648109e-07,161.91353813640805,15623972.523684027,6.361142656575345e-08,1526691.764969768,18677356.052738547,2.0267653015264237e-08,2.0267653015264237e-08,1.1516405540648112e-07,1.1516405540648112e-07,161.91353813641783,15623972.523669615,6.36114265663634e-08,1526691.7649844065,18677356.052753415,1.9892200493484744,0.030991935320597,4.0,17047517.372681584,16607149.564089466,17047517.37268158,-440367.8085921146,10.133826507632119,1.0
1.01176382511748e-20,3.6637359812630166e-14,2.593135373589507e-13,4.1992914985820476e-21,1.0008349690408818e-07,19968734.15814823,-7.337809571012962e-08,1.7190552540107036e-21,7.431339040054089e-08,18893511.47405285,-7.297599593138691e-25,4.1992914985820476e-21,1.0008349690408818e-07,19968734.158148237,7.33780957101296e-08,-2.0267653015264237e-08,-2.0267653015264237e-08,1.1516568296182461e-07,1.1516568296182461e-07,161.8998818057974,15655812.84462845,6.226286349889702e-08,1494283.6435760222,18644380.11869308,2.0267653015264237e-08,2.0267653015264237e-08,1.1516568296182458e-07,1.1516568296182458e-07,161.8998818057831,15655812.844647426,6.226286349809231e-08,1494283.6435567103,18644380.11867343,2.3027887669025398,0.0358773181198409,5.0,17047521.08602291,16595341.002930257,17047521.08602318,-452180.0830927901,10.133826507632119,1.0
1.01176382511748e-20,9.769962616701378e-15,2.593123770644539e-13,4.199291395947503e-21,1.0008349608871062e-07,19944165.14678551,-7.337805136031061e-08,1.7190554592797943e-21,7.431339335841391e-08,18902712.420310084,0.0,4.199291395947503e-21,1.0008349608871062e-07,19944165.14678553,7.337805136031062e-08,-2.0267653015264237e-08,-2.0267653015264237e-08,1.1516714184315486e-07,1.1516714184315486e-07,161.88699364774868,15683258.668309443,6.109895814728479e-08,1466313.2341841012,18615885.054357797,2.0267653015264237e-08,2.0267653015264237e-08,1.1516714184315484e-07,1.1516714184315484e-07,161.88699364776184,15683258.668286217,6.109895814826574e-08,1466313.2342076432,18615885.054381654,2.6566349541977323,0.0413902216086652,6.0,17047768.880029485,16585945.897359667,17047768.8800294,-461822.9826697726,10.133826507632119,1.0
1.01176382511748e-20,1.4210854715202004e-14,2.5931121276211213e-13,4.199291088834479e-21,1.0008349364885883e-07,19918890.561977915,-7.337800753085076e-08,1.7190560735058406e-21,7.431340220924652e-08,18911641.711873498,0.0,4.199291088834479e-21,1.0008349364885883e-07,19918890.561977923,7.337800753085075e-08,-2.0267653015264237e-08,-2.0267653015264237e-08,1.1516842793720802e-07,1.1516842793720802e-07,161.87478423853912,15706478.52686054,6.011264590659517e-08,1442610.5174038168,18591699.330893088,2.0267653015264237e-08,2.0267653015264237e-08,1.1516842793720806e-07,1.1516842793720806e-07,161.8747842385261,15706478.526877362,6.011264590588106e-08,1442610.5173866786,18591699.330875635,3.054538379201269,0.04758953435719327,7.0,17048248.602227636,16578984.47358896,17048248.602227528,-469264.1286386233,10.133826507632119,1.0
1.0117638251174798e-20,1.2434497875801753e-14,2.5931004739119126e-13,4.199290498051132e-21,1.0008348895539486e-07,19893029.091742262,-7.337796542104585e-08,1.7190572550725334e-21,7.431341923529978e-08,18920229.09324387,7.297591098396616e-25,4.1992904980511325e-21,1.0008348895539487e-07,19893029.091742273,7.337796542104585e-08,-2.0267653015264237e-08,-2.0267653015264237e-08,1.151695386677645e-07,1.151695386677645e-07,161.86320765182325,15725652.030688524,5.929643200706869e-08,1422995.1983571984,18571641.956348445,2.0267653015264237e-08,2.0267653015264237e-08,1.1516953866776448e-07,1.1516953866776448e-07,161.86320765181762,15725652.030694317,5.9296432006821854e-08,1422995.1983512752,18571641.956342388,3.4992367164106684,0.05451790917851319,8.0,17048942.05244436,16574433.037878154,17048942.052444443,-474509.0145662483,10.133826507632119,1.0
1.01176382511748e-20,1.3100631690576847e-14,2.593088833149177e-13,4.1992895482894294e-21,1.0008348141003516e-07,19866691.216494035,-7.33779261703027e-08,1.71905915459594e-21,7.431344660689678e-08,18928412.262251653,-7.297583034715347e-25,4.1992895482894294e-21,1.0008348141003516e-07,19866691.216494024,7.33779261703027e-08,-2.0267653015264237e-08,-2.0267653015264237e-08,1.1517047754819282e-07,1.1517047754819283e-07,161.85222413869636,15741048.010491537,5.8639074621946644e-08,1407196.998743279,18555441.2043754,2.0267653015264237e-08,2.0267653015264237e-08,1.1517047754819283e-07,1.1517047754819284e-07,161.85222413869906,15741048.010484513,5.8639074622242e-08,1407196.9987503663,18555441.20438255,3.9933822631734994,0.06221666871456886,9.0,17049825.931952827,16572196.469707487,17049825.931952897,-477629.4622453768,10.133826507632119,1.0
1.01176382511748e-20,1.5931700403370996e-14,2.5930771956204375e-13,4.199288168496591e-21,1.0008347044830108e-07,19839912.426909544,-7.3377890719295e-08,1.719061914181616e-21,7.431348637171281e-08,18936152.332458775,0.0,4.199288168496592e-21,1.0008347044830109e-07,19839912.42690951,7.3377890719295e-08,-2.0267653015264237e-08,-2.0267653015264237e-08,1.1517125464395348e-07,1.1517125464395349e-07,161.8417776268239,15753020.059112716,5.8125745496965144e-08,1394859.5089649893,18542737.858873602,2.0267653015264237e-08,2.0267653015264237e-08,1.1517125464395348e-07,1.1517125464395348e-07,161.84177762683112,15753020.059102416,5.81257454974015e-08,1394859.5089754611,18542737.858884245,4.5409622142476875,0.07074793323309472,10.0,17050876.26623389,16572127.783070844,17050876.26623373,-478748.4831629656,10.133826507632119,1.0
1.01176382511748e-20,1.509903313490213e-14,2.593065623044156e-13,4.199286307665344e-21,1.0008345566496407e-07,19812892.647141464,-7.33778600845902e-08,1.71906563584411e-21,7.431353999970475e-08,18943363.958975755,0.0,4.199286307665344e-21,1.0008345566496407e-07,19812892.647141464,7.33778600845902e-08,-2.0267653015264237e-08,-2.0267653015264237e-08,1.1517187859965745e-07,1.1517187859965745e-07,161.83188732767658,15761879.636436094,5.774345070171214e-08,1385670.4614170194,18533218.866766512,2.0267653015264237e-08,2.0267653015264237e-08,1.1517187859965745e-07,1.1517187859965747e-07,161.831887327684,15761879.636423795,5.7743450702231964e-08,1385670.4614294935,18533218.86677916,5.142349344565478,0.08011751054635019,11.0,17052060.431654774,16574042.152339838,17052060.431654785,-478018.27931494266,10.133826507632119,1.0
1.0117638251174796e-20,1.687538997430238e-14,2.59305408193686e-13,4.199283914501237e-21,1.0008343665251276e-07,19785610.152088676,-7.337783485031964e-08,1.7190704221723225e-21,7.431360896908275e-08,18950024.574734524,0.0,4.199283914501237e-21,1.0008343665251276e-07,19785610.15208867,7.337783485031962e-08,-2.0267653015264237e-08,-2.0267653015264237e-08,1.1517236592554983e-07,1.1517236592554983e-07,161.82249772021038,15768033.421729054,5.747510981570095e-08,1379219.4093236625,18526470.038263902,2.0267653015264237e-08,2.0267653015264237e-08,1.1517236592554985e-07,1.1517236592554987e-07,161.82249772021527,15768033.421720121,5.747510981607792e-08,1379219.4093327075,18526470.03827306,5.802419498202586,0.09040136602793857,12.0,17053354.39478817,16577739.84669701,17053354.394788,-475614.5480910763,10.133826507632119,1.0
1.0117638251174798e-20,1.8707257964933888e-14,2.593042635725615e-13,4.19928097036431e-21,1.000834132628574e-07,19758268.661037598,-7.337781565162283e-08,1.719076310446179e-21,7.431369381695085e-08,18956057.30997382,0.0,4.19928097036431e-21,1.000834132628574e-07,19758268.661037575,7.337781565162283e-08,-2.0267653015264237e-08,-2.0267653015264237e-08,1.1517272979397135e-07,1.1517272979397135e-07,161.8136386702559,15771823.057686226,5.7306452455021363e-08,1375163.4811081607,18522147.30346954,2.0267653015264237e-08,2.0267653015264237e-08,1.1517272979397134e-07,1.1517272979397135e-07,161.81363867026934,15771823.057665404,5.730645245590244e-08,1375163.4811293036,18522147.303491004,6.520441147515667,0.10158810251874953,13.0,17054724.402880523,16582985.091316814,17054724.402880043,-471739.3115634676,10.133826507632119,1.0
1.0117638251174796e-20,1.687538997430238e-14,2.5930312331000857e-13,4.1992774424358324e-21,1.0008338523526371e-07,19730796.094606306,-7.337780274486053e-08,1.719083366303131e-21,7.431379548900821e-08,18961452.154415775,0.0,4.1992774424358324e-21,1.0008338523526371e-07,19730796.094606385,7.337780274486053e-08,-2.0267653015264237e-08,-2.0267653015264237e-08,1.1517298774766031e-07,1.1517298774766031e-07,161.8052525910871,15773619.200026585,5.722188720903167e-08,1373128.046786068,18519872.082398392,2.0267653015264237e-08,2.0267653015264237e-08,1.1517298774766031e-07,1.1517298774766033e-07,161.805252591073,15773619.20004407,5.722188720828893e-08,1373128.0467682444,18519872.082380228,7.302460497542834,0.11377191954966843,14.0,17056151.870194476,16589588.839093355,17056151.870194513,-466563.03110113926,10.133826507632119,1.0
1.01176382511748e-20,1.965094753586527e-14,2.5930199479064375e-13,4.199273346840101e-21,1.0008335269782329e-07,19703417.090415,-7.337779639580278e-08,1.719091557494597e-21,7.431391352042979e-08,18966143.31443356,-7.297445483668409e-25,4.199273346840101e-21,1.0008335269782329e-07,19703417.09041503,7.337779639580278e-08,-2.0267653015264237e-08,-2.0267653015264237e-08,1.1517315371261195e-07,1.1517315371261196e-07,161.79737641863304,15773739.18837496,5.720815620301595e-08,1372794.5935600493,18519324.715073638,2.0267653015264237e-08,2.0267653015264237e-08,1.1517315371261195e-07,1.1517315371261195e-07,161.7973764186339,15773739.188372072,5.720815620313726e-08,1372794.5935629606,18519324.71507657,8.145991499796486,0.12691408462654163,15.0,17057605.317727175,16597302.670953793,17057605.317727387,-460302.6467734892,10.133826507632119,1.0
1.0117638251174798e-20,2.453592884421596e-14,2.593008735898864e-13,4.199268672455774e-21,1.0008331556217385e-07,19676067.609731473,-7.337779661831694e-08,1.7191009062632505e-21,7.431404823156503e-08,18970126.064640637,-7.297405798895199e-25,4.199268672455773e-21,1.0008331556217385e-07,19676067.60973147,7.337779661831695e-08,-2.0267653015264237e-08,-2.0267653015264237e-08,1.1517324321551071e-07,1.1517324321551071e-07,161.78996116771182,15772484.123075496,5.725258320063346e-08,1373858.5499929562,18520197.174929813,2.0267653015264237e-08,2.0267653015264237e-08,1.1517324321551074e-07,1.1517324321551074e-07,161.78996116773158,15772484.123045973,5.725258320188336e-08,1373858.5500229485,18520197.174960278,9.056641630950637,0.14110196191727495,16.0,17059071.0097713,16605962.344212156,17059071.009771407,-453108.6655591987,10.133826507632119,1.0
1.0117638251174796e-20,1.208477762304483e-13,2.5929976187477685e-13,4.1992634397056545e-21,1.0008327399055428e-07,19648838.891701963,-7.337780336572765e-08,1.719111371763488e-21,7.431419903367102e-08,18973373.72975794,0.0,4.1992634397056545e-21,1.0008327399055428e-07,19648838.891701985,7.337780336572765e-08,-2.0267653015264237e-08,-2.0267653015264237e-08,1.1517326946649142e-07,1.1517326946649142e-07,161.78300389734824,15770118.025269128,5.734409458344302e-08,1376053.87071798,18522221.405496914,2.0267653015264237e-08,2.0267653015264237e-08,1.1517326946649146e-07,1.1517326946649146e-07,161.78300389733676,15770118.025286,5.734409458272816e-08,1376053.870700825,18522221.405479476,10.035109222708495,0.15634643139011786,17.0,17060529.801941194,16615377.279192867,17060529.801941928,-445152.52274869196,10.133826507632119,1.0
1.0117638251174796e-20,2.2648549702353193e-14,2.592986609017777e-13,4.199257675229318e-21,1.0008322819459215e-07,19621796.50824429,-7.337781647112479e-08,1.7191229007161605e-21,7.431436515883358e-08,18975873.258640964,0.0,4.199257675229318e-21,1.0008322819459215e-07,19621796.508244257,7.337781647112479e-08,-2.0267653015264237e-08,-2.0267653015264237e-08,1.1517324472019811e-07,1.1517324472019811e-07,161.77649288892775,15766876.122748367,5.747281249923366e-08,1379143.2345396504,18525157.999275368,2.0267653015264237e-08,2.0267653015264237e-08,1.151732447201981e-07,1.151732447201981e-07,161.77649288892027,15766876.122757576,5.7472812498842585e-08,1379143.2345302664,18525157.999265805,11.082351781728438,0.1726624109443923,18.0,17061966.62675169,16625377.682642207,17061966.62675133,-436588.94410930574,10.133826507632119,1.0
1.0117638251174798e-20,1.7541523789077473e-14,2.592978142186249e-13,4.199252858179702e-21,1.0008318992544257e-07,19600966.850412823,-7.337783082694657e-08,1.719132534815393e-21,7.431450397974638e-08,18977297.626550917,7.297271541428053e-25,4.199252858179703e-21,1.0008318992544257e-07,19600966.85041283,7.337783082694656e-08,-2.0267653015264237e-08,-2.0267653015264237e-08,1.1517319771029358e-07,1.1517319771029358e-07,161.77173322575337,15763893.42181701,5.759259417497099e-08,1382018.6972268466,18527926.101233713,2.0267653015264237e-08,2.0267653015264237e-08,1.151731977102936e-07,1.151731977102936e-07,161.7717332257504,15763893.421819987,5.759259417484402e-08,1382018.6972237993,18527926.10123059,11.94286191092109,0.18606910985404387,19.0,17063059.30538666,16633443.441963298,17063059.305386797,-429615.8634234313,10.133826507632119,1.0
1.0117638251174796e-20,5.6288307348495437e-14,2.592967690895793e-13,4.1992464526313184e-21,1.0008313903638657e-07,19575235.74572903,-7.337785370498172e-08,1.7191453459121605e-21,7.431468857826096e-08,18978442.680989023,0.0,4.1992464526313184e-21,1.0008313903638657e-07,19575235.74572892,7.337785370498172e-08,-2.0267653015264237e-08,-2.0267653015264237e-08,1.1517311182383111e-07,1.1517311182383113e-07,161.7661550042773,15759724.963214375,5.7761171364800343e-08,1386066.021162603,18531852.20788227,2.0267653015264237e-08,2.0267653015264237e-08,1.151731118238311e-07,1.151731118238311e-07,161.76615500426342,15759724.963232983,5.776117136401106e-08,1386066.0211436637,18531852.207863,13.07538696117852,0.20371378577515684,1.0,17064386.285740316,16643777.092823379,17064386.28574028,-420609.19291691855,10.133826507632119,1.0
1.0117638251174796e-20,3.341771304121721e-14,2.5929569814944577e-13,4.199239381906834e-21,1.000830828627606e-07,19548867.461538363,-7.337788289261659e-08,1.719159487361129e-21,7.431489234511078e-08,18978902.270844504,0.0,4.199239381906834e-21,1.000830828627606e-07,19548867.4615383,7.337788289261659e-08,-2.0267653015264237e-08,-2.0267653015264237e-08,1.1517299901576378e-07,1.1517299901576379e-07,161.7607634798651,15755025.425278058,5.7952204641206714e-08,1390652.875610849,18536326.37002779,2.0267653015264237e-08,2.0267653015264237e-08,1.1517299901576376e-07,1.1517299901576376e-07,161.76076347985236,15755025.42529764,5.795220464037808e-08,1390652.8755909652,18536326.370007608,14.31977391563309,0.22310126380649992,2.0,17065714.621556066,16654705.726438181,17065714.62155602,-411008.89511786215,10.133826507632119,1.0
1.0117638251174798e-20,4.1744385725905886e-14,2.5929462825809514e-13,4.1992318253070816e-21,1.0008302282901131e-07,19522543.962716367,-7.337791769202519e-08,1.719174600560635e-21,7.43151101128652e-08,18978631.930729087,7.297092987623499e-25,4.1992318253070816e-21,1.0008302282901131e-07,19522543.96271636,7.337791769202519e-08,-2.0267653015264237e-08,-2.0267653015264237e-08,1.1517286774848235e-07,1.1517286774848235e-07,161.75569294509776,15750010.228546776,5.815680714159111e-08,1395565.810548745,18541137.106342908,2.0267653015264237e-08,2.0267653015264237e-08,1.1517286774848233e-07,1.1517286774848233e-07,161.75569294508185,15750010.22856785,5.8156807140697053e-08,1395565.8105272911,18541137.10632107,15.651887906294077,0.2438555240763728,3.0,17067004.440807637,16665882.960171608,17067004.44080709,-401121.4806357566,10.133826507632119,1.0
1.0117638251174798e-20,3.0309088572266774e-14,2.59293569492915e-13,4.199223883329891e-21,1.0008295973353586e-07,19496531.13897177,-7.337795749769872e-08,1.719190484515017e-21,7.431533898513587e-08,18977643.088536814,-7.297025568280976e-25,4.199223883329891e-21,1.0008295973353586e-07,19496531.138971828,7.33779574976987e-08,-2.0267653015264237e-08,-2.0267653015264237e-08,1.1517272518380366e-07,1.1517272518380368e-07,161.75097368236007,15744826.854185581,5.836882609452369e-08,1400657.0127372332,18546136.26329922,2.0267653015264237e-08,2.0267653015264237e-08,1.1517272518380366e-07,1.1517272518380366e-07,161.75097368234282,15744826.854211913,5.8368826093409115e-08,1400657.0127104875,18546136.263272062,17.061991004664264,0.2658248502121997,4.0,17068240.0929795,16677125.786789246,17068240.09297961,-391114.3061903082,10.133826507632119,1.0
1.0117638251174796e-20,3.3362201889985954e-14,2.592925223677624e-13,4.1992155963098626e-21,1.0008289389676375e-07,19470856.355565477,-7.337800192754855e-08,1.7192070585550717e-21,7.431557779936424e-08,18975960.288310785,7.296955221202394e-25,4.1992155963098626e-21,1.0008289389676375e-07,19470856.3555655,7.337800192754855e-08,-2.0267653015264237e-08,-2.0267653015264237e-08,1.1517257654124734e-07,1.1517257654124734e-07,161.74658629473606,15739563.571122892,5.858453671777586e-08,1405836.9764927067,18551233.088869877,2.0267653015264237e-08,2.0267653015264237e-08,1.1517257654124734e-07,1.1517257654124734e-07,161.7465862947246,15739563.571140297,5.858453671703908e-08,1405836.9764750265,18551233.088851918,18.550851078322992,0.2890212055472284,5.0,17069419.33996737,16688360.121184947,17069419.33996812,-381059.2187827956,10.133826507632119,1.0
1.01176382511748e-20,3.5416114485542494e-14,2.5929148132864087e-13,4.199206953234934e-21,1.0008282523119796e-07,19445396.087037593,-7.337805089325231e-08,1.7192243447049323e-21,7.43158268726997e-08,18973596.935483515,-7.296881853080386e-25,4.199206953234934e-21,1.0008282523119796e-07,19445396.087037593,7.337805089325231e-08,-2.0267653015264237e-08,-2.0267653015264237e-08,1.1517242524514982e-07,1.1517242524514982e-07,161.7424880207815,15734261.755868362,5.880215431164585e-08,1411062.7931720633,18556383.133759987,2.0267653015264237e-08,2.0267653015264237e-08,1.151724252451498e-07,1.151724252451498e-07,161.7424880207689,15734261.755885182,5.880215431093249e-08,1411062.7931549456,18556383.13374257,20.128478459080686,0.31360055048217383,6.0,17070547.57019647,16699588.829160271,17070547.570196453,-370958.7410361897,10.133826507632119,1.0
1.0117638251174798e-20,3.6914915568786455e-14,2.592904475834323e-13,4.199197994034742e-21,1.0008275405405152e-07,19420190.308112524,-7.33781040474199e-08,1.7192422631053143e-21,7.431608505426833e-08,18970575.598634202,0.0,4.199197994034742e-21,1.0008275405405152e-07,19420190.308112487,7.33781040474199e-08,-2.0267653015264237e-08,-2.0267653015264237e-08,1.1517227490024376e-07,1.1517227490024376e-07,161.73866556891076,15728983.495910583,5.9019059719858166e-08,1416271.5236999113,18561522.5978142,2.0267653015264237e-08,2.0267653015264237e-08,1.1517227490024374e-07,1.1517227490024374e-07,161.73866556890889,15728983.495914526,5.901905971969211e-08,1416271.523695927,18561522.59781017,21.79577425591238,0.33957692424365654,7.0,17071623.306800023,16710752.491454184,17071623.30679981,-360870.81534573436,10.133826507632119,1.0
1.0117638251174798e-20,5.057065877167588e-14,2.592894241607036e-13,4.199188776290572e-21,1.0008268082277426e-07,19395320.586095404,-7.33781609244605e-08,1.7192606985936547e-21,7.431635068455052e-08,18966929.909852557,-7.29672755999899e-25,4.199188776290572e-21,1.0008268082277426e-07,19395320.586095266,7.337816092446052e-08,-2.0267653015264237e-08,-2.0267653015264237e-08,1.1517212867885935e-07,1.1517212867885935e-07,161.73511130493176,15723788.051757388,5.9232759558034885e-08,1421403.2558552176,18566590.9071498,2.0267653015264237e-08,2.0267653015264237e-08,1.1517212867885934e-07,1.1517212867885934e-07,161.73511130490036,15723788.051800666,5.923275955620002e-08,1421403.2558111865,18566590.907105017,23.549982553621366,0.36690738982953175,8.0,17072644.29785639,16721780.891936159,17072644.297856655,-350863.4059203658,10.133826507632119,1.0
1.0117638251174798e-20,4.5075054799781356e-14,2.5928840942414085e-13,4.199179315321346e-21,1.0008260565906012e-07,19370751.28530004,-7.337822131482677e-08,1.7192796205321057e-21,7.431662332194167e-08,18962681.650881384,0.0,4.199179315321346e-21,1.0008260565906012e-07,19370751.28529997,7.337822131482677e-08,-2.0267653015264237e-08,-2.0267653015264237e-08,1.1517198845976602e-07,1.1517198845976602e-07,161.731801974561,15718699.43296491,5.944222050127294e-08,1426433.1447444893,18571562.373387337,2.0267653015264237e-08,2.0267653015264237e-08,1.15171988459766e-07,1.15171988459766e-07,161.7318019745574,15718699.432969516,5.944222050107741e-08,1426433.1447397973,18571562.373382557,25.395948261296784,0.3956674306480699,9.0,17073613.73373239,16732662.01380383,17073613.733732656,-340951.71992869116,10.133826507632119,1.0
1.01176382511748e-20,3.802513859341161e-14,2.592874021054493e-13,4.19916962622986e-21,1.0008252868288649e-07,19346454.256736472,-7.33782850275291e-08,1.71929899871508e-21,7.431690253107419e-08,18957853.24692643,0.0,4.19916962622986e-21,1.0008252868288649e-07,19346454.256736286,7.33782850275291e-08,-2.0267653015264237e-08,-2.0267653015264237e-08,1.1517185575360308e-07,1.1517185575360308e-07,161.72871813521226,15713736.302856717,5.964663774409165e-08,1431341.8375658765,18576416.94688307,2.0267653015264237e-08,2.0267653015264237e-08,1.1517185575360307e-07,1.1517185575360308e-07,161.72871813521053,15713736.302857194,5.964663774407007e-08,1431341.8375653587,18576416.946882512,27.338553270793916,0.42593310629693626,10.0,17074534.49993009,16743384.754356956,17074534.49993016,-331149.7455731686,10.133826507632119,1.0
1.0117638251174796e-20,4.168887457467463e-14,2.592864085874954e-13,4.199159798243901e-21,1.0008245060312775e-07,19322584.7921419,-7.33783513777695e-08,1.719318654686995e-21,7.431718574056506e-08,18952508.771819893,0.0,4.199159798243901e-21,1.0008245060312775e-07,19322584.792141967,7.33783513777695e-08,-2.0267653015264237e-08,-2.0267653015264237e-08,1.1517173268304398e-07,1.1517173268304398e-07,161.72586265584053,15708949.877602056,5.984386916399205e-08,1436077.873947356,18581102.914045386,2.0267653015264237e-08,2.0267653015264237e-08,1.1517173268304401e-07,1.1517173268304401e-07,161.72586265586057,15708949.877572,5.984386916526458e-08,1436077.873977892,18581102.914076395,29.367182775030926,0.4575390386850399,11.0,17075402.99695937,16753861.479730425,17075402.996958602,-321541.5172285605,10.133826507632119,1.0
1.0117638251174796e-20,4.779510121011299e-14,2.5928542398817033e-13,4.199149809642696e-21,1.0008237124721471e-07,19299025.665721815,-7.33784204214348e-08,1.719338631889405e-21,7.43174735762353e-08,18946654.299652524,0.0,4.199149809642696e-21,1.0008237124721471e-07,19299025.665721767,7.33784204214348e-08,-2.0267653015264237e-08,-2.0267653015264237e-08,1.1517161956264385e-07,1.1517161956264386e-07,161.72320447191632,15704331.685730292,6.003423525451692e-08,1440648.9334589634,18585627.157980714,2.0267653015264237e-08,2.0267653015264237e-08,1.1517161956264382e-07,1.1517161956264382e-07,161.72320447192303,15704331.685717793,6.003423525504469e-08,1440648.9334716294,18585627.157993548,31.49329032577076,0.4906636734979373,12.0,17076226.08194331,16764129.333443837,17076226.081943862,-312096.7484997492,10.133826507632119,1.0
1.0117638251174796e-20,5.2735593669694936e-14,2.592844418376813e-13,4.199139615863811e-21,1.0008229026110764e-07,19275623.239461336,-7.337849241254714e-08,1.719359019447175e-21,7.431776732209179e-08,18940270.11781754,-7.296310299570256e-25,4.199139615863811e-21,1.0008229026110764e-07,19275623.23946132,7.337849241254714e-08,-2.0267653015264237e-08,-2.0267653015264237e-08,1.1517151636204328e-07,1.1517151636204328e-07,161.72071206998947,15699863.915608995,6.021844702649952e-08,1445072.0757665932,18590005.983110644,2.0267653015264237e-08,2.0267653015264237e-08,1.151715163620433e-07,1.151715163620433e-07,161.7207120699821,15699863.915618377,6.02184470261011e-08,1445072.0757570323,18590005.983100906,33.73431056564141,0.5255786414769539,13.0,17077011.39412611,16774244.378615119,17077011.394126683,-302767.01551127806,10.133826507632119,1.0
1.0117638251174796e-20,5.206945985491984e-14,2.5928345557185887e-13,4.199129166735828e-21,1.0008220724620276e-07,19252228.06510775,-7.337856768828377e-08,1.719379917703142e-21,7.431806842372605e-08,18933319.48913827,-7.2962216163428415e-25,4.199129166735828e-21,1.0008220724620276e-07,19252228.06510761,7.337856768828378e-08,-2.0267653015264237e-08,-2.0267653015264237e-08,1.151714229511746e-07,1.151714229511746e-07,161.7183583429012,15695527.756121043,6.039726204071409e-08,1449365.4804046527,18594256.934536796,2.0267653015264237e-08,2.0267653015264237e-08,1.1517142295117455e-07,1.1517142295117455e-07,161.718358342889,15695527.756136775,6.03972620400465e-08,1449365.480388634,18594256.93452049,36.110715264035555,0.5626028916258082,14.0,17077765.91868022,16784263.10596877,17077765.918679655,-293502.8127111681,10.133826507632119,1.0
1.0117638251174796e-20,5.4067861299245124e-14,2.592824770077692e-13,4.1991186039765865e-21,1.0008212332839475e-07,19229119.584473822,-7.337864520409669e-08,1.7194010432216234e-21,7.431837279727409e-08,18925894.00062565,0.0,4.199118603976587e-21,1.0008212332839475e-07,19229119.58447368,7.337864520409667e-08,-2.0267653015264237e-08,-2.0267653015264237e-08,1.1517134054116003e-07,1.1517134054116003e-07,161.71616047782064,15691377.475450628,6.0568430039351e-08,1453475.1140072607,18598326.205939192,2.0267653015264237e-08,2.0267653015264237e-08,1.1517134054116001e-07,1.1517134054116003e-07,161.71616047780753,15691377.475469457,6.056843003855316e-08,1453475.1139881145,18598326.205919728,38.599127813084905,0.6013722177224151,15.0,17078483.123866398,16794062.202154465,17078483.12386671,-284420.92171208933,10.133826507632119,1.0
1.01176382511748e-20,6.539213615042172e-14,2.592815048451739e-13,4.199107931618697e-21,1.0008203853971691e-07,19206263.58768037,-7.337872489066567e-08,1.7194223879374058e-21,7.431868032645447e-08,18918004.83110433,-7.296041397541771e-25,4.199107931618697e-21,1.0008203853971691e-07,19206263.587680392,7.337872489066567e-08,-2.0267653015264237e-08,-2.0267653015264237e-08,1.1517126877812336e-07,1.1517126877812336e-07,161.71410495954007,15687403.178850612,6.073235179839594e-08,1457410.599916065,18602223.146409087,2.0267653015264237e-08,2.0267653015264237e-08,1.1517126877812331e-07,1.1517126877812331e-07,161.71410495954638,15687403.17883628,6.073235179899978e-08,1457410.5999305565,18602223.146423742,41.20608052619023,0.6419883928383242,16.0,17079166.885276414,16803655.143453803,17079166.885276165,-275511.7418224849,10.133826507632119,1.0
1.0117638251174796e-20,6.195044477408373e-14,2.592805315283338e-13,4.199097082375936e-21,1.0008195234559465e-07,19183483.056340836,-7.337880723323431e-08,1.719444086422926e-21,7.431899295004963e-08,18909610.701871034,7.295949325313387e-25,4.199097082375936e-21,1.0008195234559465e-07,19183483.05634098,7.337880723323431e-08,-2.0267653015264237e-08,-2.0267653015264237e-08,1.1517120697575227e-07,1.1517120697575227e-07,161.7121682748291,15683571.734376157,6.089038807282783e-08,1461204.6071507204,18605979.96124451,2.0267653015264237e-08,2.0267653015264237e-08,1.1517120697575227e-07,1.1517120697575227e-07,161.71216827481626,15683571.734392997,6.089038807211318e-08,1461204.607133571,18605979.961227052,43.95676774136835,0.6848439433280324,17.0,17079824.788785677,16813113.783692867,17079824.7887865,-266711.00509322435,10.133826507632119,1.0
1.0117638251174798e-20,6.195044477408373e-14,2.592795530325629e-13,4.199086026321821e-21,1.0008186450826277e-07,19160691.84327695,-7.337889246682297e-08,1.719466198531153e-21,7.431931153025895e-08,18900692.906245492,0.0,4.1990860263218235e-21,1.0008186450826279e-07,19160691.84327717,7.337889246682296e-08,-2.0267653015264237e-08,-2.0267653015264237e-08,1.1517115489485127e-07,1.1517115489485127e-07,161.71033712573748,15679868.753545236,6.104312647271949e-08,1464871.2404370122,18609610.469611187,2.0267653015264237e-08,2.0267653015264237e-08,1.1517115489485133e-07,1.1517115489485133e-07,161.71033712573234,15679868.753546834,6.104312647264736e-08,1464871.24043528,18609610.46960932,46.86956873776912,0.7302252173161918,18.0,17080461.230491113,16822470.410827387,17080461.230491254,-257990.81966379657,10.133826507632119,1.0
1.0117638251174798e-20,2.999822612537173e-13,2.592785762154162e-13,4.199074859946669e-21,1.0008177579430385e-07,19138064.5729678,-7.337897985097249e-08,1.7194885312814602e-21,7.431963328659689e-08,18891336.410457622,-7.2957607416562485e-25,4.199074859946669e-21,1.0008177579430385e-07,19138064.57296801,7.337897985097249e-08,-2.0267653015264237e-08,-2.0267653015264237e-08,1.1517111274623722e-07,1.1517111274623722e-07,161.7086185018329,15676320.764997425,6.118946757098523e-08,1468384.108877631,18613088.414430056,2.0267653015264237e-08,2.0267653015264237e-08,1.1517111274623726e-07,1.1517111274623726e-07,161.70861850183167,15676320.764999758,6.118946757088646e-08,1468384.1088752598,18613088.414427646,49.9295477672361,0.7778995166953304,19.0,17081073.529331107,16831652.306549877,17081073.529330097,-249421.22278072685,10.133826507632119,1.0
1.0117638251174796e-20,7.649436639667329e-14,2.592776040753555e-13,4.199063648535208e-21,1.000816867223849e-07,19115702.286306545,-7.337906885483358e-08,1.71951095410438e-21,7.4319956337842e-08,18881609.95930742,-7.295665603238674e-25,4.199063648535208e-21,1.000816867223849e-07,19115702.28630667,7.337906885483358e-08,-2.0267653015264237e-08,-2.0267653015264237e-08,1.1517108017853164e-07,1.1517108017853164e-07,161.707011653039,15672936.669581769,6.132904163227033e-08,1471734.3466299605,18616404.962627992,2.0267653015264237e-08,2.0267653015264237e-08,1.1517108017853151e-07,1.1517108017853151e-07,161.7070116530429,15672936.669576086,6.132904163251166e-08,1471734.3466357552,18616404.9626339,53.12757916507291,0.8277246641280939,20.0,17081661.630842794,16840621.727176238,17081661.630843334,-241039.90366682783,10.133826507632119,1.0
1.0117638251174796e-20,1.199040866595169e-14,2.592774063737069e-13,4.199061361202001e-21,1.0008166855006314e-07,19111178.784720585,-7.337908716298807e-08,1.7195155287707956e-21,7.432002224586583e-08,18879585.16081162,0.0,4.199061361202001e-21,1.0008166855006314e-07,19111178.78472063,7.337908716298807e-08,-2.0267653015264237e-08,-2.0267653015264237e-08,1.1517107458467938e-07,1.1517107458467938e-07,161.70669670801342,15672265.915583381,6.135670539307653e-08,1472398.3465500306,18617062.239139047,2.0267653015264237e-08,2.0267653015264237e-08,1.1517107458467936e-07,1.1517107458467936e-07,161.70669670801934,15672265.91557376,6.135670539348346e-08,1472398.3465597965,18617062.239148956,53.79579327356744,0.8381354019635363,21.0,17081778.883325253,16842423.02775831,17081778.883325297,-239355.85556696355,10.133826507632119,1.0
1.0117638251174795e-20,2.248201624865942e-14,2.5927701693831363e-13,4.1990568428485466e-21,1.0008163265279341e-07,19102282.791686658,-7.337912347922417e-08,1.719524565477702e-21,7.432015243894841e-08,18875551.167991478,7.295607852375353e-25,4.1990568428485466e-21,1.0008163265279341e-07,19102282.791686706,7.337912347922417e-08,-2.0267653015264237e-08,-2.0267653015264237e-08,1.1517106456056501e-07,1.1517106456056501e-07,161.7060861176233,15670961.311559832,6.141050844444029e-08,1473689.7337458115,18618340.466495402,2.0267653015264237e-08,2.0267653015264237e-08,1.1517106456056501e-07,1.1517106456056501e-07,161.70608611761676,15670961.311569974,6.141050844401113e-08,1473689.733735513,18618340.46648495,55.1322214905565,0.8589568776344212,22.0,17082007.788243704,16845955.028743025,17082007.788244043,-236052.75950085,10.133826507632119,1.0
1.0117638251174796e-20,8.548717289613705e-15,2.592768633041849e-13,4.199055055988846e-21,1.000816184566006e-07,19098778.33774569,-7.33791378954286e-08,1.7195281391971056e-21,7.432020392589083e-08,18873942.832827143,0.0,4.199055055988846e-21,1.000816184566006e-07,19098778.337745696,7.337913789542862e-08,-2.0267653015264237e-08,-2.0267653015264237e-08,1.1517106098097448e-07,1.1517106098097448e-07,161.70584965217063,15670451.77031155,6.143152267443334e-08,1474194.111307755,18618839.701586846,2.0267653015264237e-08,2.0267653015264237e-08,1.1517106098097449e-07,1.1517106098097449e-07,161.70584965216676,15670451.770314857,6.14315226742916e-08,1474194.111304354,18618839.701583352,55.66679277735213,0.8672854679027753,23.0,17082097.382125117,16847341.916887265,17082097.3821252,-234755.46523789316,10.133826507632119,1.0
1.0117638251174796e-20,2.886579864025407e-15,2.5927680218596916e-13,4.1990543444830626e-21,1.0008161280384831e-07,19097385.038814712,-7.337914364436155e-08,1.71952956220867e-21,7.43202244273447e-08,18873300.436981626,0.0,4.199054344483063e-21,1.0008161280384831e-07,19097385.03881472,7.337914364436154e-08,-2.0267653015264237e-08,-2.0267653015264237e-08,1.1517105961358877e-07,1.1517105961358877e-07,161.70575626103573,15670249.852019459,6.14398501328173e-08,1474393.9833000228,18619037.535518557,2.0267653015264237e-08,2.0267653015264237e-08,1.1517105961358877e-07,1.1517105961358877e-07,161.70575626102425,15670249.852035966,6.14398501321178e-08,1474393.9832832366,18619037.53550149,55.88062129207038,0.8706169040101168,24.0,17082132.915181737,16847892.64736018,17082132.915181816,-234240.2678215988,10.133826507632119,1.0
1.0117638251174796e-20,6.2727600891321345e-15,2.592766805266855e-13,4.199052926995816e-21,1.0008160154223128e-07,19094612.886950545,-7.337915511214868e-08,1.7195323971831655e-21,7.432026527104009e-08,18872017.277436916,-1.4591149248251284e-24,4.199052926995816e-21,1.0008160154223128e-07,19094612.886950564,7.337915511214868e-08,-2.0267653015264237e-08,-2.0267653015264237e-08,1.1517105697849225e-07,1.1517105697849226e-07,161.7055711892696,15669849.498281641,6.145636111762862e-08,1474790.2707736846,18619429.77278763,2.0267653015264237e-08,2.0267653015264237e-08,1.1517105697849226e-07,1.1517105697849226e-07,161.70557118926004,15669849.49829312,6.145636111714064e-08,1474790.2707619742,18619429.77277569,56.308278321506876,0.8772797762247999,25.0,17082203.468297645,16848987.435733136,17082203.468297638,-233216.03256450593,10.133826507632119,1.0
1.0117638251174796e-20,1.2212453270876722e-15,2.5927667082648014e-13,4.199052813912019e-21,1.0008160064380587e-07,19094391.934220128,-7.337915602785717e-08,1.7195326233507594e-21,7.432026852945206e-08,18871914.72585046,7.2955736645494555e-25,4.199052813912019e-21,1.0008160064380587e-07,19094391.934220143,7.337915602785717e-08,-2.0267653015264237e-08,-2.0267653015264237e-08,1.1517105677445606e-07,1.1517105677445606e-07,161.70555653227254,15669817.611757953,6.14576762028568e-08,1474821.8345696665,18619461.015116856,2.0267653015264237e-08,2.0267653015264237e-08,1.1517105677445608e-07,1.1517105677445608e-07,161.70555653226452,15669817.611768944,6.145767620239072e-08,1474821.8345584814,18619461.01510548,56.34249088386179,0.8778128060019745,26.0,17082209.08428239,16849074.628215898,17082209.08428239,-233134.45606649294,10.133826507632119,1.0
1.01176382511748e-20,1.2212453270876722e-15,2.59276666947748e-13,4.199052768691585e-21,1.0008160028453965e-07,19094303.587189045,-7.337915639406894e-08,1.71953271379163e-21,7.432026983243978e-08,18871873.709274538,7.295573280830072e-25,4.199052768691585e-21,1.0008160028453965e-07,19094303.587189063,7.337915639406894e-08,-2.0267653015264237e-08,-2.0267653015264237e-08,1.1517105669306896e-07,1.1517105669306896e-07,161.7055506739808,15669804.865356013,6.145820189828072e-08,1474834.451955177,18619473.50398933,2.0267653015264237e-08,2.0267653015264237e-08,1.1517105669306897e-07,1.1517105669306897e-07,161.70555067396307,15669804.865381222,6.145820189721239e-08,1474834.4519295394,18619473.50396327,56.35617590880376,0.8780260179128444,27.0,17082211.32939709,16849109.488978356,17082211.329397094,-233101.84041873366,10.133826507632119,1.0
1.0117638251174796e-20,1.2212453270876722e-15,2.592766653964714e-13,4.1990527506055015e-21,1.0008160014084977e-07,19094268.253820874,-7.337915654054221e-08,1.7195327499637927e-21,7.432027035357456e-08,18871857.30328578,0.0,4.1990527506055015e-21,1.0008160014084977e-07,19094268.253820896,7.337915654054224e-08,-2.0267653015264237e-08,-2.0267653015264237e-08,1.151710566605504e-07,1.151710566605504e-07,161.70554833130166,15669799.768225726,6.145841211729293e-08,1474839.4974888414,18619478.498127572,2.0267653015264237e-08,2.0267653015264237e-08,1.151710566605504e-07,1.151710566605504e-07,161.70554833129358,15669799.76823708,6.145841211681169e-08,1474839.497477293,18619478.49811583,56.36164991878055,0.8781113026771924,28.0,17082212.22723583,16849123.430672254,17082212.227235842,-233088.79656358436,10.133826507632119,1.0
1.0117638251174796e-20,1.2212453270876722e-15,2.592766647759953e-13,4.199052743371405e-21,1.000816000833765e-07,19094254.121344645,-7.337915659912968e-08,1.719532764431988e-21,7.432027056201882e-08,18871850.740992602,-1.4591146131949873e-24,4.199052743371405e-21,1.000816000833765e-07,19094254.12134466,7.337915659912968e-08,-2.0267653015264237e-08,-2.0267653015264237e-08,1.1517105664754881e-07,1.1517105664754881e-07,161.7055473943466,15669797.729582433,6.145849619628286e-08,1474841.5154954232,18619480.495577894,2.0267653015264237e-08,2.0267653015264237e-08,1.1517105664754881e-07,1.1517105664754881e-07,161.7055473943466,15669797.729582429,6.145849619628302e-08,1474841.515495427,18619480.4955779,56.363839522771265,0.8781454165829315,29.0,17082212.586338647,16849129.006935313,17082212.58633865,-233083.57940333337,10.133826507632119,1.0
1.0117638251174796e-20,1.2212453270876722e-15,2.592766647263581e-13,4.1990527427926846e-21,1.000816000787787e-07,19094252.990768027,-7.337915660381664e-08,1.7195327655894277e-21,7.432027057869412e-08,18871850.21601175,0.0,4.1990527427926846e-21,1.000816000787787e-07,19094252.99076805,7.337915660381664e-08,-2.0267653015264237e-08,-2.0267653015264237e-08,1.1517105664650883e-07,1.1517105664650883e-07,161.7055473193973,15669797.566490363,6.145850292263366e-08,1474841.6769367047,18619480.655374825,2.0267653015264237e-08,2.0267653015264237e-08,1.1517105664650883e-07,1.1517105664650883e-07,161.7055473193892,15669797.56650098,6.145850292218301e-08,1474841.6769258901,18619480.655363817,56.364014691090524,0.8781481456953908,30.0,17082212.615066074,16849129.453026157,17082212.615066078,-233083.16203991696,10.133826507632119,1.0
1.0117638251174796e-20,1.2212453270876722e-15,2.5927666462708406e-13,4.19905274163525e-21,1.0008160006958314e-07,19094250.729624383,-7.33791566131905e-08,1.7195327679042988e-21,7.432027061204463e-08,18871849.16605106,0.0,4.199052741635248e-21,1.0008160006958312e-07,19094250.7296244,7.337915661319053e-08,-2.0267653015264237e-08,-2.0267653015264237e-08,1.1517105664442892e-07,1.1517105664442892e-07,161.70554716949624,15669797.240311587,6.145851637510907e-08,1474841.999813838,18619480.97496319,2.0267653015264237e-08,2.0267653015264237e-08,1.1517105664442892e-07,1.1517105664442892e-07,161.70554716948726,15669797.240326932,6.145851637446065e-08,1474841.9997982774,18619480.974947415,56.364365027729036,0.878153603920309,31.0,17082212.672520567,16849130.345203325,17082212.672520567,-233082.32731724158,10.133826507632119,1.0
1.0117638251174798e-20,1.2212453270876722e-15,2.592766645873745e-13,4.199052741172277e-21,1.0008160006590492e-07,19094249.82517049,-7.337915661694006e-08,1.7195327688302438e-21,7.432027062538477e-08,18871848.746067192,-7.295573047314173e-25,4.199052741172277e-21,1.0008160006590492e-07,19094249.825170517,7.337915661694006e-08,-2.0267653015264237e-08,-2.0267653015264237e-08,1.1517105664359699e-07,1.1517105664359699e-07,161.7055471095328,15669797.109848026,6.145852175576478e-08,1474842.1289566644,18619481.102790426,2.0267653015264237e-08,2.0267653015264237e-08,1.1517105664359699e-07,1.1517105664359699e-07,161.70554710953314,15669797.10984621,6.145852175584078e-08,1474842.1289584879,18619481.10279226,56.36450516238444,0.8781557872102762,32.0,17082212.695502244,16849130.702072486,17082212.695502248,-233081.99342975765,10.133826507632119,1.0
1.01176382511748e-20,1.2212453270876722e-15,2.5927666457149075e-13,4.1990527409870884e-21,1.0008160006443364e-07,19094249.46338951,-7.337915661843987e-08,1.719532769200622e-21,7.432027063072084e-08,18871848.578073706,0.0,4.1990527409870884e-21,1.0008160006443364e-07,19094249.46338953,7.337915661843987e-08,-2.0267653015264237e-08,-2.0267653015264237e-08,1.1517105664326421e-07,1.1517105664326421e-07,161.70554708554923,15669797.057660043,6.145852390813551e-08,1474842.1806163974,18619481.15392397,2.0267653015264237e-08,2.0267653015264237e-08,1.1517105664326423e-07,1.1517105664326423e-07,161.70554708554334,15669797.057667654,6.145852390781232e-08,1474842.1806086414,18619481.15391607,56.3645612162466,0.8781566605262632,33.0,17082212.704694882,16849130.844819907,17082212.704694886,-233081.85987497494,10.133826507632119,1.0
1.0117638251174798e-20,1.2212453270876722e-15,2.5927666456513725e-13,4.199052740913012e-21,1.0008160006384512e-07,19094249.318677213,-7.337915661903981e-08,1.7195327693487733e-21,7.432027063285527e-08,18871848.510876317,0.0,4.199052740913012e-21,1.0008160006384512e-07,19094249.31867724,7.337915661903981e-08,-2.0267653015264237e-08,-2.0267653015264237e-08,1.1517105664313111e-07,1.1517105664313111e-07,161.70554707596352,15669797.036772933,6.145852476958808e-08,1474842.2012923919,18619481.17438967,2.0267653015264237e-08,2.0267653015264237e-08,1.1517105664313111e-07,1.1517105664313111e-07,161.70554707594658,15669797.036795244,6.145852476864145e-08,1474842.201269675,18619481.17436655,56.36458363779146,0.8781570098526579,34.0,17082212.70837194,16849130.901918888,17082212.70837195,-233081.80645305663,10.133826507632119,1.0
1.0117638251174798e-20,1.2212453270876722e-15,2.5927666456259583e-13,4.199052740883382e-21,1.0008160006360971e-07,19094249.260792304,-7.337915661927979e-08,1.7195327694080337e-21,7.432027063370904e-08,18871848.483997367,0.0,4.199052740883382e-21,1.0008160006360971e-07,19094249.260792334,7.337915661927979e-08,-2.0267653015264237e-08,-2.0267653015264237e-08,1.1517105664307787e-07,1.1517105664307787e-07,161.70554707211807,15669797.028434105,6.145852511349042e-08,1474842.2095465027,18619481.182559397,2.0267653015264237e-08,2.0267653015264237e-08,1.1517105664307787e-07,1.1517105664307787e-07,161.7055470721081,15669797.028447023,6.145852511294219e-08,1474842.2095333468,18619481.182546,56.36459260640941,0.8781571495832158,35.0,17082212.70984276,16849130.924758397,17082212.709842768,-233081.7850843668,10.133826507632119,1.0
1.0117638251174798e-20,1.2212453270876722e-15,2.5927666456157933e-13,4.19905274087153e-21,1.0008160006351555e-07,19094249.237638343,-7.337915661937578e-08,1.7195327694317377e-21,7.432027063405054e-08,18871848.47324578,0.0,4.19905274087153e-21,1.0008160006351555e-07,19094249.237638373,7.337915661937578e-08,-2.0267653015264237e-08,-2.0267653015264237e-08,1.1517105664305657e-07,1.1517105664305658e-07,161.7055470705754,15669797.02510562,6.145852525075331e-08,1474842.2128409948,18619481.18582003,2.0267653015264237e-08,2.0267653015264237e-08,1.1517105664305656e-07,1.1517105664305657e-07,161.7055470705749,15669797.02510578,6.145852525074616e-08,1474842.2128408235,18619481.185819846,56.364596193856585,0.8781572054754389,36.0,17082212.710431084,16849130.933894213,17082212.710431095,-233081.7765368782,10.133826507632119,1.0
1.0117638251174796e-20,1.2212453270876722e-15,2.5927666455954616e-13,4.199052740847825e-21,1.0008160006332721e-07,19094249.19133042,-7.337915661956774e-08,1.719532769479146e-21,7.432027063473356e-08,18871848.451742623,-1.4591146089122066e-24,4.199052740847825e-21,1.0008160006332721e-07,19094249.191330455,7.337915661956774e-08,-2.0267653015264237e-08,-2.0267653015264237e-08,1.1517105664301398e-07,1.1517105664301398e-07,161.7055470675159,15669797.018409714,6.145852552692748e-08,1474842.219469536,18619481.192381468,2.0267653015264237e-08,2.0267653015264237e-08,1.1517105664301397e-07,1.1517105664301397e-07,161.70554706750065,15669797.01843137,6.145852552600986e-08,1474842.219447516,18619481.192359082,56.36460336875094,0.8781573172598852,37.0,17082212.711607743,16849130.952165812,17082212.71160775,-233081.75944193453,10.133826507632119,1.0
1.0117638251174796e-20,1.2212453270876722e-15,2.592766645593835e-13,4.199052740845929e-21,1.0008160006331215e-07,19094249.187625792,-7.33791566195831e-08,1.7195327694829388e-21,7.43202706347882e-08,18871848.450022362,0.0,4.199052740845929e-21,1.0008160006331215e-07,19094249.18762582,7.33791566195831e-08,-2.0267653015264237e-08,-2.0267653015264237e-08,1.1517105664301057e-07,1.1517105664301057e-07,161.7055470672715,15669797.0178743,6.145852554901103e-08,1474842.2199995704,18619481.192906145,2.0267653015264237e-08,2.0267653015264237e-08,1.1517105664301057e-07,1.1517105664301057e-07,161.70554706727114,15669797.017872822,6.145852554907219e-08,1474842.2200010382,18619481.1929076,56.36460394274249,0.878157326202641,38.0,17082212.711701877,16849130.95362758,17082212.71170189,-233081.75807430595,10.133826507632119,1.0
1.0117638251174796e-20,1.2212453270876722e-15,2.592766645593184e-13,4.199052740845171e-21,1.0008160006330613e-07,19094249.186143935,-7.337915661958924e-08,1.7195327694844555e-21,7.432027063481005e-08,18871848.449334268,7.295573044538506e-25,4.199052740845171e-21,1.0008160006330613e-07,19094249.18614396,7.337915661958923e-08,-2.0267653015264237e-08,-2.0267653015264237e-08,1.151710566430092e-07,1.151710566430092e-07,161.705547067174,15669797.017659925,6.145852555785346e-08,1474842.2202118002,18619481.193116236,2.0267653015264237e-08,2.0267653015264237e-08,1.1517105664300922e-07,1.1517105664300922e-07,161.70554706716638,15669797.017669652,6.145852555744038e-08,1474842.2202018872,18619481.193106137,56.364604172339114,0.8781573297797433,39.0,17082212.711739533,16849130.954212192,17082212.71173954,-233081.75752734393,10.133826507632119,1.0
1.0117638251174796e-20,1.2212453270876722e-15,2.5927666455918836e-13,4.199052740843653e-21,1.0008160006329407e-07,19094249.183180224,-7.337915661960154e-08,1.7195327694874896e-21,7.432027063485377e-08,18871848.447958067,-7.295573044525632e-25,4.199052740843653e-21,1.0008160006329407e-07,19094249.183180254,7.337915661960154e-08,-2.0267653015264237e-08,-2.0267653015264237e-08,1.1517105664300649e-07,1.1517105664300649e-07,161.70554706697743,15669797.017231658,6.145852557551644e-08,1474842.2206357345,18619481.193535857,2.0267653015264237e-08,2.0267653015264237e-08,1.1517105664300648e-07,1.1517105664300648e-07,161.70554706696367,15669797.017250448,6.145852557471973e-08,1474842.2206166163,18619481.193516407,56.36460463153235,0.8781573369339478,40.0,17082212.711814836,16849130.955381576,17082212.711814836,-233081.7564332597,10.133826507632119,1.0
1.01176382511748e-20,1.2212453270876722e-15,2.5927666455913626e-13,4.1990527408430484e-21,1.0008160006328927e-07,19094249.181994744,-7.337915661960644e-08,1.7195327694887034e-21,7.432027063487125e-08,18871848.447407585,0.0,4.1990527408430484e-21,1.0008160006328927e-07,19094249.181994773,7.337915661960646e-08,-2.0267653015264237e-08,-2.0267653015264237e-08,1.1517105664300539e-07,1.1517105664300539e-07,161.70554706688617,15669797.017078351,6.145852558181884e-08,1474842.2207870036,18619481.193685092,2.0267653015264237e-08,2.0267653015264237e-08,1.1517105664300539e-07,1.1517105664300539e-07,161.70554706689057,15669797.017070495,6.145852558215073e-08,1474842.2207949683,18619481.19369317,56.364604815209645,0.8781573397956296,41.0,17082212.71184496,16849130.955849268,17082212.71184497,-233081.75599569827,10.133826507632119,1.0
