total_volume_m3,mirror_error,energy_J,V_left_m3,R_left_m,mu_left_Pa,centroid_left_m,V_center_m3,R_center_m,mu_center_Pa,centroid_center_m,V_right_m3,R_right_m,mu_right_Pa,centroid_right_m,LEFT_gb_z_m,LEFT_tj_z_m,LEFT_tj_r_m,LEFT_neck_r_m,LEFT_psi_deg,LEFT_kappa_per_m,LEFT_CC_force_N,LEFT_CC_stress_Pa,LEFT_PF_geometric_stress_Pa,RIGHT_gb_z_m,RIGHT_tj_z_m,RIGHT_tj_r_m,RIGHT_neck_r_m,RIGHT_psi_deg,RIGHT_kappa_per_m,RIGHT_CC_force_N,RIGHT_CC_stress_Pa,RIGHT_PF_geometric_stress_Pa,t_model,t_s,step,mu_projected_left_Pa,mu_projected_center_Pa,mu_projected_right_Pa,delta_mu_projected_Pa,center_GB_separation_over_W,center_solid_core_f
9.836756271856841e-21,5.551115123125783e-16,2.5453901155141617e-13,4.1992923912350294e-21,1.0008350399574683e-07,20281042.0308823,-7.012281721486911e-08,1.4381714893867825e-21,7.002299600415282e-08,20379968.362569053,8.576766837117914e-25,4.1992923912350294e-21,1.0008350399574683e-07,20281042.030882303,7.012281721486911e-08,-1.7011870189681142e-08,-1.7011870189681142e-08,1.150289467011356e-07,1.150289467011356e-07,160.4081671369126,17297801.77863779,-6.832812450016661e-09,-164374.83934957907,16969051.598846972,1.7011870189681142e-08,1.7011870189681142e-08,1.150289467011356e-07,1.150289467011356e-07,160.40816713691626,17297801.778632145,-6.8328124497781845e-09,-164374.83934384212,16969051.598852802,0.0,0.0,0.0,17089658.25757474,18741714.639697954,17089658.257574745,1652056.3821232095,8.50593509484057,1.0
9.83675627185684e-21,2.9976021664879227e-15,2.545386709419329e-13,4.1992924143869545e-21,1.0008350417967669e-07,20281274.53217308,-7.012281652332917e-08,1.4381714430829296e-21,7.002299525265816e-08,20377858.51560843,-8.576767113258391e-25,4.1992924143869545e-21,1.0008350417967669e-07,20281274.532173075,7.012281652332917e-08,-1.7011870189681142e-08,-1.7011870189681142e-08,1.1503241984881229e-07,1.1503241984881229e-07,160.36063081429722,17386962.25729275,-1.061229339543819e-08,-255281.2184107527,16876399.333146125,1.7011870189681142e-08,1.7011870189681142e-08,1.1503241984881229e-07,1.1503241984881229e-07,160.36063081428094,17386962.257317245,-1.0612293396473921e-08,-255281.21843566746,16876399.333120786,7.472883508979904e-05,1.164271003826431e-06,1.0,17090028.1169714,18746343.35733107,17090028.11697139,1656315.2403596751,8.50593509484057,1.0
9.83675627185684e-21,2.55351295663786e-15,2.5453841504492247e-13,4.199292435561172e-21,1.0008350434789471e-07,20281465.950347587,-7.012281590876097e-08,1.4381714007344943e-21,7.002299456535849e-08,20376162.982828576,0.0,4.199292435561172e-21,1.0008350434789471e-07,20281465.95034759,7.012281590876098e-08,-1.7011870189681142e-08,-1.7011870189681142e-08,1.150351316075802e-07,1.150351316075802e-07,160.21097582036234,17605925.588979967,-1.989413111915392e-08,-478535.4499903843,16648854.194978617,1.7011870189681142e-08,1.7011870189681142e-08,1.1503513160758018e-07,1.1503513160758018e-07,160.210975820364,17605925.588976674,-1.9894131119014996e-08,-478535.4499870427,16648854.194982007,0.00014771049204959774,2.3013210716803604e-06,2.0,17090327.732319202,18750067.401630618,17090327.73231919,1659739.6693114191,8.50593509484057,1.0
9.83675627185684e-21,5.329070518200751e-15,2.5453816488834255e-13,4.199292459917952e-21,1.000835045413965e-07,20281653.67710569,-7.01228152200918e-08,1.4381713520209338e-21,7.002299377475513e-08,20374510.306621596,0.0,4.199292459917952e-21,1.000835045413965e-07,20281653.677105702,7.01228152200918e-08,-1.7011870189681142e-08,-1.7011870189681142e-08,1.1503784328526671e-07,1.1503784328526671e-07,159.96756879945482,17943352.221170153,-3.420576519545099e-08,-822750.1600792967,16297851.386371985,1.7011870189681142e-08,1.7011870189681142e-08,1.150378432852667e-07,1.150378432852667e-07,159.96756879945025,17943352.221177377,-3.420576519575625e-08,-822750.1600866392,16297851.38636452,0.0002366194865810754,3.6865181537434326e-06,3.0,17090446.764937893,18751523.54805372,17090446.764937818,1661076.7831158638,8.50593509484057,1.0
9.83675627185684e-21,7.771561172376096e-16,2.545379160676967e-13,4.199292488256173e-21,1.0008350476652875e-07,20281840.83230447,-7.012281444113633e-08,1.438171295344492e-21,7.002299285491708e-08,20372857.34799306,8.576767994320456e-25,4.199292488256174e-21,1.0008350476652876e-07,20281840.832304478,7.012281444113632e-08,-1.7011870189681142e-08,-1.7011870189681142e-08,1.1504057914931783e-07,1.1504057914931784e-07,159.65109315871274,18365732.861749217,-5.213551224196372e-08,-1253954.1393427886,15857824.05898736,1.7011870189681142e-08,1.7011870189681142e-08,1.1504057914931783e-07,1.1504057914931783e-07,159.6510931587186,18365732.861741893,-5.213551224165269e-08,-1253954.1393353082,15857824.058995,0.0003456800164276888,5.3856750107956855e-06,4.0,17090214.63122309,18748606.78504948,17090214.631223094,1658392.1538263895,8.50593509484057,1.0
9.83675627185684e-21,8.881784197001252e-16,2.5453766645267514e-13,4.1992925212907675e-21,1.0008350502897122e-07,20282028.13047633,-7.012281355922342e-08,1.4381712292753073e-21,7.00229917826382e-08,20371178.83389247,8.576768388334784e-25,4.199292521290766e-21,1.0008350502897119e-07,20282028.130476337,7.012281355922343e-08,-1.7011870189681142e-08,-1.7011870189681142e-08,1.1504334012184148e-07,1.1504334012184148e-07,159.29436834524188,18824235.912452243,-7.162007181288544e-08,-1722510.645961199,15379214.117154732,1.7011870189681142e-08,1.7011870189681142e-08,1.1504334012184148e-07,1.1504334012184148e-07,159.29436834524796,18824235.912444778,-7.162007181256823e-08,-1722510.6459535696,15379214.117162522,0.0004793130043338963,7.467669367952791e-06,5.0,17089545.82131546,18740229.75970282,17089545.821315456,1650683.9383873604,8.50593509484057,1.0
9.836756271856843e-21,3.885780586188048e-15,2.545374373270558e-13,4.199292556034862e-21,1.0008350530499474e-07,20282198.203836024,-7.012281265711755e-08,1.438171159787118e-21,7.002299065487008e-08,20369614.2338992,0.0,4.199292556034862e-21,1.0008350530499474e-07,20282198.20383603,7.012281265711754e-08,-1.7011870189681142e-08,-1.7011870189681142e-08,1.1504587099921564e-07,1.1504587099921565e-07,158.96660669020125,19228199.590216435,-8.88104308346691e-08,-2135856.3061082214,14956486.523639992,1.7011870189681142e-08,1.7011870189681142e-08,1.1504587099921564e-07,1.1504587099921564e-07,158.96660669019232,19228199.590228897,-8.881043083519743e-08,-2135856.3061209284,14956486.523627037,0.0006263849181458729,9.759041426981697e-06,6.0,17088601.064888444,18728350.567412507,17088601.06488839,1639749.502524089,8.50593509484057,1.0
9.83675627185684e-21,1.27675647831893e-15,2.5453722691862393e-13,4.199292591913132e-21,1.0008350559002871e-07,20282351.18008283,-7.012281174846374e-08,1.4381710880305752e-21,7.002298949028737e-08,20368156.051537644,0.0,4.1992925919131334e-21,1.0008350559002873e-07,20282351.180082835,7.012281174846372e-08,-1.7011870189681142e-08,-1.7011870189681142e-08,1.1504817777052004e-07,1.1504817777052006e-07,158.69010414312797,19552541.10546369,-1.0263556660612682e-07,-2468246.460121695,14616047.79581232,1.7011870189681142e-08,1.7011870189681142e-08,1.1504817777052006e-07,1.1504817777052006e-07,158.69010414313632,19552541.105453417,-1.0263556660568983e-07,-2468246.460111186,14616047.79582306,0.0007844640077735306,1.222190465967626e-05,7.0,17087580.469261732,18715443.022036545,17087580.46926171,1627862.5527748242,8.50593509484057,1.0
9.83675627185684e-21,1.2212453270876722e-15,2.545370211928134e-13,4.199292630843642e-21,1.0008350589931112e-07,20282496.141090274,-7.01228107846368e-08,1.4381710101695548e-21,7.002298822663116e-08,20366711.17880487,0.0,4.199292630843642e-21,1.0008350589931112e-07,20282496.14109027,7.01228107846368e-08,-1.7011870189681142e-08,-1.7011870189681142e-08,1.150504056715044e-07,1.150504056715044e-07,158.4589467073841,19806550.88922592,-1.1348710120869728e-07,-2729105.4808649495,14348339.611796547,1.7011870189681142e-08,1.7011870189681142e-08,1.1505040567150439e-07,1.1505040567150439e-07,158.458946707368,19806550.889250487,-1.1348710120973781e-07,-2729105.4808899723,14348339.611771073,0.0009624115367675627,1.4994317048566772e-05,8.0,17086591.647394612,18702839.99688978,17086591.647394612,1616248.3494951688,8.50593509484057,1.0
9.83675627185684e-21,2.55351295663786e-15,2.545368628354178e-13,4.1992926634803494e-21,1.0008350615859257e-07,20282603.72287319,-7.012280999160116e-08,1.4381709448961412e-21,7.00229871672672e-08,20365585.917764395,0.0,4.1992926634803494e-21,1.0008350615859257e-07,20282603.722873192,7.012280999160116e-08,-1.7011870189681142e-08,-1.7011870189681142e-08,1.1505209821420313e-07,1.1505209821420313e-07,158.31318056651355,19953736.95877362,-1.197940697090884e-07,-2880688.904635828,14192358.892003214,1.7011870189681142e-08,1.7011870189681142e-08,1.1505209821420313e-07,1.1505209821420313e-07,158.31318056651133,19953736.95877888,-1.197940697093098e-07,-2880688.9046411514,14192358.89199783,0.0011162617896462925,1.7391295245039693e-05,9.0,17085928.91909886,18694308.918491505,17085928.919098884,1608379.9993926324,8.50593509484057,1.0
9.83675627185684e-21,7.771561172376096e-16,2.5453664877022126e-13,4.199292711396761e-21,1.0008350653926323e-07,20282741.92279471,-7.01228088488163e-08,1.4381708490633164e-21,7.0022985611935e-08,20364050.691521265,8.576770655791526e-25,4.199292711396762e-21,1.0008350653926323e-07,20282741.922794722,7.012280884881629e-08,-1.7011870189681142e-08,-1.7011870189681142e-08,1.1505434427227126e-07,1.1505434427227126e-07,158.16654386914402,20080631.606529597,-1.2526436489223724e-07,-3012115.527712036,14056400.368101167,1.7011870189681142e-08,1.7011870189681142e-08,1.1505434427227126e-07,1.1505434427227126e-07,158.16654386914468,20080631.606529817,-1.2526436489224577e-07,-3012115.527712241,14056400.368100978,0.001349354542461907,2.1022867087143083e-05,10.0,17085286.685594402,18685881.257301785,17085286.685594406,1600594.5717073828,8.50593509484057,1.0
9.83675627185684e-21,2.4980018054066022e-15,2.5453641007811164e-13,4.199292770061735e-21,1.0008350700532554e-07,20282884.57061033,-7.012280747873327e-08,1.4381707317333684e-21,7.002298370771212e-08,20362319.88603568,0.0,4.199292770061735e-21,1.0008350700532554e-07,20282884.570610344,7.012280747873327e-08,-1.7011870189681142e-08,-1.7011870189681142e-08,1.1505678906245808e-07,1.1505678906245808e-07,158.07026958380644,20129975.96726447,-1.274522096540661e-07,-3064594.352689989,14000787.14957358,1.7011870189681142e-08,1.7011870189681142e-08,1.1505678906245806e-07,1.1505678906245808e-07,158.0702695838025,20129975.967270475,-1.2745220965432047e-07,-3064594.352696106,14000787.149567347,0.0016453765311650595,2.5634872848078092e-05,11.0,17085026.25503828,18682138.074381836,17085026.255038258,1597111.819343567,8.50593509484057,1.0
9.83675627185684e-21,4.9960036108132044e-15,2.545361353310906e-13,4.19929284453891e-21,1.0008350759700747e-07,20283031.1685189,-7.012280577706885e-08,1.4381705827790187e-21,7.002298129023642e-08,20360305.73493288,0.0,4.19929284453891e-21,1.0008350759700747e-07,20283031.168518916,7.012280577706885e-08,-1.7011870189681142e-08,-1.7011870189681142e-08,1.150595191522973e-07,1.150595191522973e-07,158.0403122213885,20080942.03024105,-1.2547172182417192e-07,-3016830.2604604103,14047281.45692505,1.7011870189681142e-08,1.7011870189681142e-08,1.1505951915229729e-07,1.1505951915229729e-07,158.04031222137831,20080942.030260377,-1.2547172182498793e-07,-3016830.2604800314,14047281.456905134,0.0020365250311146273,3.1728944248150696e-05,12.0,17085403.965781275,18686323.582285512,17085403.965781286,1600919.6165042333,8.50593509484057,1.0
9.83675627185684e-21,6.661338147750939e-16,2.5453601068021e-13,4.1992928807958324e-21,1.0008350788504961e-07,20283091.085882943,-7.012280496105849e-08,1.438170510265175e-21,7.002298011336268e-08,20359382.828196354,8.576772676270972e-25,4.1992928807958324e-21,1.0008350788504961e-07,20283091.08588295,7.012280496105849e-08,-1.7011870189681142e-08,-1.7011870189681142e-08,1.1506073124392872e-07,1.1506073124392872e-07,158.0506289922628,20028627.701350443,-1.2329361876559394e-07,-2964397.6986150444,14099832.270989427,1.7011870189681142e-08,1.7011870189681142e-08,1.1506073124392872e-07,1.1506073124392872e-07,158.05062899226527,20028627.70134932,-1.2329361876554436e-07,-2964397.6986138523,14099832.270990688,0.002232523579292585,3.4782590490079386e-05,13.0,17085802.526407197,18691094.98012133,17085802.5264072,1605292.4537141323,8.50593509484057,1.0
9.836756271856841e-21,2.9976021664879227e-15,2.545357818775502e-13,4.1992929514284766e-21,1.0008350844618874e-07,20283188.415771816,-7.012280339239708e-08,1.4381703689998885e-21,7.002297782067749e-08,20357680.645111118,8.576773518730442e-25,4.199292951428476e-21,1.0008350844618874e-07,20283188.415771835,7.012280339239709e-08,-1.7011870189681142e-08,-1.7011870189681142e-08,1.1506290150885138e-07,1.1506290150885138e-07,158.10570464002518,19889166.90505762,-1.1744499200284444e-07,-2823670.3097816147,14241826.27549057,1.7011870189681142e-08,1.7011870189681142e-08,1.1506290150885138e-07,1.1506290150885138e-07,158.1057046400202,19889166.905064095,-1.1744499200311962e-07,-2823670.309788231,14241826.27548381,0.0026245206756485002,4.088988297393677e-05,14.0,17086904.86882239,18704577.073221277,17086904.868822366,1617672.2043989003,8.50593509484057,1.0
9.83675627185684e-21,1.4155343563970746e-15,2.5453546717822037e-13,4.199293057264929e-21,1.0008350928700358e-07,20283293.882887553,-7.012280108514917e-08,1.4381701573269826e-21,7.002297438530149e-08,20355320.95474021,0.0,4.199293057264928e-21,1.0008350928700357e-07,20283293.882887565,7.012280108514918e-08,-1.7011870189681142e-08,-1.7011870189681142e-08,1.1506577768852508e-07,1.1506577768852508e-07,158.24108947380836,19629885.816828795,-1.0652206851458517e-07,-2560927.9759796932,14508029.864866104,1.7011870189681142e-08,1.7011870189681142e-08,1.150657776885251e-07,1.150657776885251e-07,158.24108947380145,19629885.816841297,-1.0652206851511357e-07,-2560927.9759923965,14508029.8648532,0.003235032153302591,5.0401617100151124e-05,15.0,17089067.77502002,18731460.969005175,17089067.775020037,1642393.1939851493,8.50593509484057,1.0
9.83675627185684e-21,6.661338147750939e-16,2.545354129335188e-13,4.199293076523184e-21,1.0008350944000025e-07,20283308.807983797,-7.012280066980753e-08,1.4381701188104714e-21,7.002297376019218e-08,20354910.79536391,0.0,4.199293076523184e-21,1.0008350944000025e-07,20283308.807983812,7.012280066980753e-08,-1.7011870189681142e-08,-1.7011870189681142e-08,1.150662635811343e-07,1.150662635811343e-07,158.26947252156063,19579840.670014452,-1.0441053813466103e-07,-2510142.8616749384,14559554.946337674,1.7011870189681142e-08,1.7011870189681142e-08,1.150662635811343e-07,1.150662635811343e-07,158.26947252155577,19579840.67002213,-1.0441053813498612e-07,-2510142.861682754,14559554.94632972,0.0033487853689388777,5.217388573511908e-05,16.0,17089495.89587375,18736819.053298857,17089495.895873763,1647323.1574251018,8.50593509484057,1.0
9.83675627185684e-21,6.661338147750939e-16,2.5453530802646655e-13,4.1992931146279575e-21,1.000835097427226e-07,20283334.595800966,-7.01227998519643e-08,1.4381700426009251e-21,7.002297252333823e-08,20354116.09869242,1.7153550930533196e-24,4.1992931146279575e-21,1.000835097427226e-07,20283334.59580098,7.01227998519643e-08,-1.7011870189681142e-08,-1.7011870189681142e-08,1.1506719259656046e-07,1.1506719259656046e-07,158.32831005167387,19479138.788589425,-1.0015926662844903e-07,-2407898.790616598,14663341.205030512,1.7011870189681142e-08,1.7011870189681142e-08,1.1506719259656045e-07,1.1506719259656046e-07,158.32831005166375,19479138.78860563,-1.0015926662913503e-07,-2407898.79063309,14663341.205013733,0.0035762918002114506,5.5718423005055e-05,17.0,17090366.766102307,18747749.562301368,17090366.766102307,1657382.796199061,8.50593509484057,1.0
9.83675627185684e-21,3.7192471324942744e-15,2.545351108787426e-13,4.1992931893180915e-21,1.0008351033609633e-07,20283371.76186307,-7.012279826295977e-08,1.438169893220656e-21,7.002297009894924e-08,20352617.691938687,0.0,4.1992931893180915e-21,1.0008351033609633e-07,20283371.761863083,7.012279826295977e-08,-1.7011870189681142e-08,-1.7011870189681142e-08,1.150689008848942e-07,1.150689008848942e-07,158.45061785581956,19279109.267659206,-9.170741340381453e-08,-2204644.869614098,14869819.518417258,1.7011870189681142e-08,1.7011870189681142e-08,1.150689008848942e-07,1.150689008848942e-07,158.45061785581788,19279109.267661706,-9.170741340392053e-08,-2204644.8696166463,14869819.518414663,0.0040313046627565964,6.280749754492683e-05,18.0,17092127.130394883,18769957.661135487,17092127.13039485,1677830.5307406187,8.50593509484057,1.0
9.836756271856841e-21,5.051514762044462e-15,2.545349362306211e-13,4.199293258855206e-21,1.0008351088853204e-07,20283392.31857864,-7.012279679820006e-08,1.4381697541464295e-21,7.002296784182353e-08,20351283.197636805,-8.576777185515151e-25,4.199293258855206e-21,1.0008351088853204e-07,20283392.318578657,7.012279679820007e-08,-1.7011870189681142e-08,-1.7011870189681142e-08,1.1507037756402077e-07,1.1507037756402077e-07,158.56842123755914,19094363.90430622,-8.389518707874525e-08,-2016787.3004507609,15060789.283551909,1.7011870189681142e-08,1.7011870189681142e-08,1.1507037756402075e-07,1.1507037756402075e-07,158.5684212375599,19094363.904305927,-8.389518707873193e-08,-2016787.3004504405,15060789.283552254,0.00446504715858517,6.956518098015877e-05,19.0,17093776.753989324,18790889.44734453,17093776.753989372,1697112.693355184,8.50593509484057,1.0
9.83675627185684e-21,1.1213252548714081e-14,2.5453461829557135e-13,4.1992933936688566e-21,1.0008351195955538e-07,20283397.915993836,-7.012279399384038e-08,1.4381694845191266e-21,7.002296346586696e-08,20348840.159774613,0.0,4.1992933936688566e-21,1.0008351195955538e-07,20283397.915993843,7.01227939938404e-08,-1.7011870189681142e-08,-1.7011870189681142e-08,1.1507297447779032e-07,1.1507297447779032e-07,158.7977266731299,18750512.772481825,-6.93430977074574e-08,-1666889.0268664397,15416734.677721476,1.7011870189681142e-08,1.7011870189681142e-08,1.1507297447779031e-07,1.1507297447779031e-07,158.79772667313972,18750512.772466403,-6.934309770680416e-08,-1666889.0268507376,15416734.677737456,0.005332532150242317,8.308054785062267e-05,20.0,17096877.72839512,18830546.52411874,17096877.72839511,1733668.7957236245,8.50593509484057,1.0
9.836756271856838e-21,7.771561172376096e-16,2.545345334448283e-13,4.199293431446851e-21,1.0008351225968162e-07,20283392.701092012,-7.012279321490579e-08,1.4381694089631347e-21,7.002296223961961e-08,20348183.10489604,0.0,4.199293431446853e-21,1.0008351225968163e-07,20283392.701092027,7.012279321490577e-08,-1.7011870189681142e-08,-1.7011870189681142e-08,1.1507365202954129e-07,1.1507365202954129e-07,158.86077668914538,18658570.3270467,-6.545013971327827e-08,-1573290.4725881144,15511989.334969632,1.7011870189681142e-08,1.7011870189681142e-08,1.1507365202954129e-07,1.1507365202954129e-07,158.86077668913077,18658570.327069104,-6.545013971422719e-08,-1573290.4726109244,15511989.334946414,0.005581308948231462,8.695647622519846e-05,21.0,17097706.20799847,18841207.059388183,17097706.207998473,1743500.8513897136,8.50593509484057,1.0
9.83675627185684e-21,8.881784197001252e-16,2.5453437104049323e-13,4.199293505898109e-21,1.0008351285115758e-07,20283374.129212074,-7.012279168829479e-08,1.438169260060621e-21,7.002295982298371e-08,20346921.74389135,8.57678013208341e-25,4.199293505898109e-21,1.0008351285115758e-07,20283374.129212096,7.012279168829479e-08,-1.7011870189681142e-08,-1.7011870189681142e-08,1.150749271625379e-07,1.150749271625379e-07,158.98263900438496,18483863.845372528,-5.805073625818153e-08,-1395392.6858245023,15693078.415986475,1.7011870189681142e-08,1.7011870189681142e-08,1.1507492716253788e-07,1.1507492716253788e-07,158.9826390043842,18483863.845376603,-5.8050736258352e-08,-1395392.6858286,15693078.415982358,0.006078862544209753,9.470833297435005e-05,22.0,17099275.33978375,18861485.14764763,17099275.33978375,1762209.80786388,8.50593509484057,1.0
9.83675627185684e-21,1.4432899320127035e-15,2.5453418100762787e-13,4.19929359661293e-21,1.0008351357183895e-07,20283337.974912543,-7.012278984193868e-08,1.4381690786309786e-21,7.002295687844363e-08,20345438.575509407,0.0,4.19929359661293e-21,1.0008351357183895e-07,20283337.974912558,7.012278984193868e-08,-1.7011870189681142e-08,-1.7011870189681142e-08,1.1507638561905306e-07,1.1507638561905306e-07,159.125849334709,18283026.294189587,-4.9541566681156436e-08,-1190823.6135896891,15901378.997783748,1.7011870189681142e-08,1.7011870189681142e-08,1.1507638561905306e-07,1.1507638561905306e-07,159.12584933470896,18283026.29419107,-4.9541566681218276e-08,-1190823.6135911755,15901378.997782262,0.0066975707378777545,0.00010434777147023815,23.0,17101061.430481493,18884718.250166655,17101061.430481467,1783656.819685176,8.50593509484057,1.0
9.83675627185684e-21,2.9976021664879227e-15,2.545338659780973e-13,4.1992937556474536e-21,1.0008351483528429e-07,20283242.55138441,-7.012278663741425e-08,1.4381687605619336e-21,7.002295171629291e-08,20342963.22145533,8.576783110934387e-25,4.1992937556474536e-21,1.0008351483528429e-07,20283242.55138443,7.012278663741425e-08,-1.7011870189681142e-08,-1.7011870189681142e-08,1.1507872521574452e-07,1.1507872521574452e-07,159.36079391566383,17963107.12737046,-3.5980908059790534e-08,-864832.8192663603,16233441.40502065,1.7011870189681142e-08,1.7011870189681142e-08,1.1507872521574452e-07,1.1507872521574452e-07,159.36079391565656,17963107.12738331,-3.5980908060333303e-08,-864832.8192794062,16233441.405007403,0.007813832527524047,0.00012173906671527784,24.0,17103835.399031512,18921197.08850062,17103835.39903148,1817361.6894691214,8.50593509484057,1.0
9.83675627185684e-21,2.7755575615628914e-15,2.54533579713536e-13,4.199293909637528e-21,1.0008351605865411e-07,20283117.186120044,-7.01227835676235e-08,1.4381684525817843e-21,7.002294671788075e-08,20340691.537966497,0.0,4.199293909637528e-21,1.0008351605865411e-07,20283117.18612006,7.012278356762349e-08,-1.7011870189681142e-08,-1.7011870189681142e-08,1.1508077721917456e-07,1.1508077721917456e-07,159.56846010076922,17689170.976596817,-2.4363931282817628e-08,-585587.6657653227,16517995.553797126,1.7011870189681142e-08,1.7011870189681142e-08,1.1508077721917456e-07,1.1508077721917456e-07,159.56846010076455,17689170.976605885,-2.4363931283199997e-08,-585587.665774513,16517995.553787809,0.00893009431717034,0.00013913036196031754,25.0,17106102.451538943,18951477.60848674,17106102.451538946,1845375.156947799,8.50593509484057,1.0
9.83675627185684e-21,2.6645352591003757e-15,2.545333165477252e-13,4.199294059302398e-21,1.0008351724766242e-07,20282968.503037125,-7.012278061097465e-08,1.4381681532520448e-21,7.002294185986109e-08,20338583.555817008,0.0,4.199294059302398e-21,1.0008351724766242e-07,20282968.50303714,7.012278061097465e-08,-1.7011870189681142e-08,-1.7011870189681142e-08,1.1508260492950289e-07,1.1508260492950289e-07,159.75231868116404,17453351.884016767,-1.4359371835258025e-08,-345116.8799883872,16763118.031229917,1.7011870189681142e-08,1.7011870189681142e-08,1.150826049295029e-07,1.150826049295029e-07,159.7523186811599,17453351.884026267,-1.4359371835657926e-08,-345116.8799979985,16763118.031220194,0.010046356106816633,0.00015652165720535726,26.0,17107938.076256253,18976448.19737012,17107938.07625625,1868510.1211138666,8.50593509484057,1.0
9.836756271856841e-21,2.4424906541753444e-15,2.5453307241916457e-13,4.199294205196051e-21,1.000835184067104e-07,20282801.26725038,-7.012277775126957e-08,1.4381678614647393e-21,7.002293712425191e-08,20336610.307827976,8.576788472868719e-25,4.199294205196051e-21,1.000835184067104e-07,20282801.267250396,7.012277775126957e-08,-1.7011870189681142e-08,-1.7011870189681142e-08,1.1508425277898233e-07,1.1508425277898233e-07,159.91565549690185,17249171.82303322,-5.693909751047105e-09,-136844.98995377868,16975481.752495706,1.7011870189681142e-08,1.7011870189681142e-08,1.1508425277898233e-07,1.1508425277898235e-07,159.91565549690057,17249171.823035758,-5.6939097511542145e-09,-136844.98995635286,16975481.75249309,0.011162617896462924,0.00017391295245039692,27.0,17109411.829706997,18996938.297872793,17109411.829706997,1887526.4681657963,8.50593509484057,1.0
9.83675627185684e-21,4.6629367034256575e-15,2.545326301614833e-13,4.1992944871778954e-21,1.0008352064690706e-07,20282423.547719736,-7.0122772279494e-08,1.4381672975010492e-21,7.002292797131035e-08,20332992.328858707,8.57679183617512e-25,4.1992944871778954e-21,1.0008352064690706e-07,20282423.547719754,7.0122772279494e-08,-1.7011870189681142e-08,-1.7011870189681142e-08,1.1508712162698594e-07,1.1508712162698594e-07,160.19116112472267,16916908.297539152,8.41481662628081e-09,202228.01873715967,17321364.257040787,1.7011870189681142e-08,1.7011870189681142e-08,1.1508712162698594e-07,1.1508712162698594e-07,160.19116112471758,16916908.297546603,8.41481662596536e-09,202228.0187295787,17321364.257033072,0.013395141475755507,0.00020869554294047628,1.0,17111482.186913513,19026971.554725364,17111482.186913528,1915489.3678118438,8.50593509484057,1.0
9.836756271856841e-21,1.1213252548714081e-14,2.5453214275944637e-13,4.199294824985358e-21,1.000835233306086e-07,20281894.70914773,-7.012276580330939e-08,1.4381666218861257e-21,7.002291700630356e-08,20328925.983996384,-8.57679586533869e-25,4.199294824985358e-21,1.000835233306086e-07,20281894.709147744,7.012276580330939e-08,-1.7011870189681142e-08,-1.7011870189681142e-08,1.1509013375490218e-07,1.1509013375490218e-07,160.46454707552985,16602881.414898869,2.1758841439575794e-08,522889.2401421964,17648659.839217447,1.7011870189681142e-08,1.7011870189681142e-08,1.1509013375490217e-07,1.1509013375490218e-07,160.46454707551686,16602881.414918536,2.175884143874357e-08,522889.2401221972,17648659.839197114,0.016188323628153693,0.0002522131621370671,2.0,17112915.04626194,19049884.21202961,17112915.04626202,1936969.1657676287,8.50593509484057,1.0
9.83675627185684e-21,7.105427357601002e-15,2.545316287833949e-13,4.199295212881574e-21,1.000835264122386e-07,20281205.281447142,-7.012275845320141e-08,1.4381658460936922e-21,7.002290441544469e-08,20324541.436008975,0.0,4.199295212881574e-21,1.000835264122386e-07,20281205.281447165,7.01227584532014e-08,-1.7011870189681142e-08,-1.7011870189681142e-08,1.1509315663053075e-07,1.1509315663053075e-07,160.7190865551614,16326486.822508223,3.351416064163275e-08,805340.3725926727,17937167.53672864,1.7011870189681142e-08,1.7011870189681142e-08,1.1509315663053075e-07,1.1509315663053076e-07,160.71908655516438,16326486.822505325,3.351416064175647e-08,805340.3725956455,17937167.536731686,0.01954206170716184,0.0003044642108136007,3.0,17113533.734371692,19063118.950568616,17113533.73437162,1949585.2161969617,8.50593509484057,1.0
9.83675627185684e-21,7.882583474838611e-15,2.545310887172074e-13,4.199295656665275e-21,1.0008352993786484e-07,20280329.694285378,-7.012275013632548e-08,1.4381649585262884e-21,7.002289001050884e-08,20319827.96505873,0.0,4.199295656665275e-21,1.0008352993786484e-07,20280329.69428539,7.012275013632548e-08,-1.7011870189681142e-08,-1.7011870189681142e-08,1.150961792266877e-07,1.150961792266877e-07,160.9515136150598,16090132.558342228,4.357774634000955e-08,1047111.8636858333,18184356.275881797,1.7011870189681142e-08,1.7011870189681142e-08,1.150961792266877e-07,1.150961792266877e-07,160.9515136150691,16090132.558331573,4.3577746340462716e-08,1047111.8636967223,18184356.27589292,0.02355593172193917,0.00036700007753382927,4.0,17113312.436973516,19066122.878560282,17113312.436973505,1952810.4415867701,8.50593509484057,1.0
9.836756271856841e-21,5.162537064506978e-15,2.5453052170276915e-13,4.199296164059378e-21,1.000835339688417e-07,20279237.083816346,-7.012274072644234e-08,1.4381639437380852e-21,7.002287354081273e-08,20314766.92102182,0.0,4.199296164059378e-21,1.000835339688417e-07,20279237.083816353,7.012274072644234e-08,-1.7011870189681142e-08,-1.7011870189681142e-08,1.150991997915812e-07,1.1509919979158122e-07,161.16066698717958,15893499.307924457,5.1962269554707235e-08,1248514.614146836,18390528.536189258,1.7011870189681142e-08,1.7011870189681142e-08,1.150991997915812e-07,1.150991997915812e-07,161.16066698716497,15893499.307948329,5.1962269553698663e-08,1248514.614122603,18390528.536164664,0.028358123767245922,0.0004418179566890178,5.0,17112268.21809184,19058935.50969174,17112268.218091823,1946667.2915999107,8.50593509484057,1.0
9.836756271856838e-21,1.27675647831893e-14,2.5452992692632097e-13,4.1992967441715876e-21,1.0008353857752492e-07,20277893.400055658,-7.012273007654036e-08,1.4381627835136633e-21,7.002285471072265e-08,20309334.344186835,0.0,4.1992967441715876e-21,1.0008353857752492e-07,20277893.400055673,7.012273007654034e-08,-1.7011870189681142e-08,-1.7011870189681142e-08,1.1510221710403376e-07,1.1510221710403376e-07,161.3464685597346,15734798.333673466,5.8742635892426685e-08,1411354.7177755646,18557507.757404584,1.7011870189681142e-08,1.7011870189681142e-08,1.1510221710403376e-07,1.1510221710403376e-07,161.3464685597309,15734798.333681058,5.874263589210681e-08,1411354.7177678794,18557507.757396806,0.03410253994815182,0.000531315634329828,6.0,17110449.08303091,19042098.56372644,17110449.08303101,1931649.4806954786,8.50593509484057,1.0
9.836756271856838e-21,1.1213252548714081e-14,2.545293038193931e-13,4.199297407631442e-21,1.0008354384836037e-07,20276263.22286624,-7.01227180183668e-08,1.438161456593953e-21,7.002283317520624e-08,20303491.733822066,8.576826669707939e-25,4.199297407631443e-21,1.0008354384836037e-07,20276263.222866252,7.012271801836678e-08,-1.7011870189681142e-08,-1.7011870189681142e-08,1.151052289648477e-07,1.1510522896484772e-07,161.5095807538261,15611212.983141115,6.403722287939273e-08,1538482.3230937626,18688177.568003308,1.7011870189681142e-08,1.7011870189681142e-08,1.1510522896484772e-07,1.1510522896484772e-07,161.50958075382306,15611212.983148167,6.403722287909611e-08,1538482.3230866361,18688177.567996107,0.040971540758590594,0.0006383342765881203,7.0,17107927.75758506,19016606.945825122,17107927.75758509,1908679.1882400475,8.50593509484057,1.0
9.83675627185684e-21,4.107825191113079e-15,2.5452865208446864e-13,4.199298166535447e-21,1.0008354987744813e-07,20274310.772893123,-7.01227043640987e-08,1.4381599387859458e-21,7.00228085416127e-08,20297183.8560993,8.576835721535796e-25,4.199298166535447e-21,1.0008354987744813e-07,20274310.77289314,7.01227043640987e-08,-1.7011870189681142e-08,-1.7011870189681142e-08,1.1510823135167701e-07,1.1510823135167701e-07,161.651103864913,15519327.290660352,6.798972059524832e-08,1633355.1332623065,18786037.385058846,1.7011870189681142e-08,1.7011870189681142e-08,1.1510823135167701e-07,1.1510823135167702e-07,161.65110386490417,15519327.290675074,6.79897205946265e-08,1633355.133247368,18786037.38504369,0.049179386608706105,0.0007662120484774223,8.0,17104795.78399345,18983805.54118972,17104795.783993464,1879009.7571962625,8.50593509484057,1.0
9.83675627185684e-21,1.199040866595169e-14,2.545279715366931e-13,4.199299034109274e-21,1.0008355676985878e-07,20271998.62009008,-7.012268891068932e-08,1.4381582036382933e-21,7.002278038063713e-08,20290351.70394632,8.576846069546418e-25,4.199299034109273e-21,1.0008355676985878e-07,20271998.620090086,7.012268891068933e-08,-1.7011870189681142e-08,-1.7011870189681142e-08,1.1511121845575567e-07,1.1511121845575567e-07,161.77232306410096,15455544.724834744,7.075144704156535e-08,1699613.4218720086,18854771.19526026,1.7011870189681142e-08,1.7011870189681142e-08,1.1511121845575566e-07,1.1511121845575566e-07,161.77232306410244,15455544.724832518,7.075144704165954e-08,1699613.4218742717,18854771.19526256,0.058977813908421016,0.0009188709889580381,9.0,17101156.945228495,18945222.936603703,17101156.945228305,1844065.9913753048,8.50593509484057,1.0
9.836756271856838e-21,6.161737786669619e-15,2.545272617659621e-13,4.199300024289531e-21,1.000835646363109e-07,20269283.53976903,-7.012267144346056e-08,1.438156223277776e-21,7.002274823989563e-08,20282958.87486594,0.0,4.199300024289531e-21,1.000835646363109e-07,20269283.539769046,7.012267144346056e-08,-1.7011870189681142e-08,-1.7011870189681142e-08,1.1511418388898379e-07,1.1511418388898379e-07,161.8745394405294,15416437.575651541,7.246663881999124e-08,1740726.607533928,18897890.097228445,1.7011870189681142e-08,1.7011870189681142e-08,1.151141838889838e-07,1.151141838889838e-07,161.87453944052066,15416437.575667087,7.246663881933527e-08,1740726.60751817,18897890.097212475,0.07066647451959712,0.001100979657008427,10.0,17097119.98669779,18902365.787864998,17097119.986697793,1805245.801167205,8.50593509484057,1.0
9.83675627185684e-21,4.551914400963142e-15,2.545265217417004e-13,4.199301151613021e-21,1.0008357359229107e-07,20266110.585879464,-7.012265173396592e-08,1.4381539686307985e-21,7.002271164751954e-08,20275020.329683192,0.0,4.199301151613021e-21,1.0008357359229107e-07,20266110.58587947,7.012265173396592e-08,-1.7011870189681142e-08,-1.7011870189681142e-08,1.1511712266521755e-07,1.1511712266521755e-07,161.95899415301915,15398969.384384817,7.326311814533226e-08,1759769.0453624744,18918506.322635632,1.7011870189681142e-08,1.7011870189681142e-08,1.1511712266521755e-07,1.1511712266521755e-07,161.9589941530095,15398969.384400865,7.326311814465452e-08,1759769.0453461949,18918506.32261912,0.08461045407265741,0.001318226066002602,11.0,17092791.891711026,18856525.028025124,17092791.891711067,1763733.1363140754,8.50593509484057,1.0
9.83675627185684e-21,6.6058269965196814e-15,2.545257495419969e-13,4.199302431786635e-21,1.0008358376258151e-07,20262407.52926988,-7.012262952837683e-08,1.4381514082835698e-21,7.002267009365581e-08,20266620.352162275,0.0,4.199302431786635e-21,1.0008358376258151e-07,20262407.52926989,7.012262952837683e-08,-1.7011870189681142e-08,-1.7011870189681142e-08,1.1512003309362078e-07,1.1512003309362079e-07,162.02687090241065,15400563.434708076,7.324944472634009e-08,1759351.6497792993,18919264.980033714,1.7011870189681142e-08,1.7011870189681142e-08,1.1512003309362079e-07,1.1512003309362079e-07,162.02687090240426,15400563.434717277,7.324944472595063e-08,1759351.649769945,18919264.980024207,0.10126532450155665,0.0015777080007812244,12.0,17088273.383445363,18808646.95037449,17088273.38344532,1720373.5669291504,8.50593509484057,1.0
9.836756271856838e-21,1.0103029524088925e-14,2.5452494234621375e-13,4.199303883126338e-21,1.0008359529269192e-07,20258081.730834458,-7.012260452558593e-08,1.4381485056041621e-21,7.002262298375761e-08,20257912.14733756,0.0,4.199303883126338e-21,1.0008359529269192e-07,20258081.730834473,7.012260452558593e-08,-1.7011870189681142e-08,-1.7011870189681142e-08,1.1512291780452872e-07,1.1512291780452872e-07,162.07934994399542,15419034.268529058,7.251782267139543e-08,1741691.798231937,18902415.381062523,1.7011870189681142e-08,1.7011870189681142e-08,1.1512291780452871e-07,1.1512291780452872e-07,162.079349944014,15419034.268501393,7.251782267256555e-08,1741691.7982600406,18902415.381091066,0.12120827225732643,0.0018884179934496059,13.0,17083657.393441122,18759295.416920003,17083657.393440932,1675638.0234789737,8.50593509484057,1.0
9.83675627185684e-21,7.271960811294775e-15,2.545240967422486e-13,4.1993055288261984e-21,1.0008360836688563e-07,20253020.782048818,-7.01225763471851e-08,1.4381452142044432e-21,7.00225695649309e-08,20249099.181595385,0.0,4.1993055288261984e-21,1.0008360836688563e-07,20253020.782048833,7.012257634718509e-08,-1.7011870189681142e-08,-1.7011870189681142e-08,1.1512578352882358e-07,1.1512578352882358e-07,162.11768634000242,15452430.149395268,7.115074336290869e-08,1708772.992219489,18869972.823106598,1.7011870189681142e-08,1.7011870189681142e-08,1.1512578352882358e-07,1.1512578352882358e-07,162.11768633999858,15452430.149402857,7.1150743362589e-08,1708772.9922118112,18869972.82309883,0.14517225376131176,0.0022617754633980653,14.0,17079029.835205324,18708698.83104804,17079029.835205264,1629668.9958427474,8.50593509484057,1.0
9.83675627185684e-21,8.382183835919932e-15,2.5452320933500285e-13,4.1993073997950434e-21,1.0008362323071521e-07,20247097.68000216,-7.012254450427204e-08,1.4381414722667534e-21,7.002250883385478e-08,20240403.01443492,-8.576945852774283e-25,4.199307399795043e-21,1.0008362323071521e-07,20247097.68000216,7.012254450427204e-08,-1.7011870189681142e-08,-1.7011870189681142e-08,1.1512863957579439e-07,1.1512863957579439e-07,162.14328896011702,15498841.095285865,6.922906929102683e-08,1662539.1258442942,18823915.15047986,1.7011870189681142e-08,1.7011870189681142e-08,1.1512863957579437e-07,1.1512863957579437e-07,162.14328896011065,15498841.095299218,6.922906929046457e-08,1662539.125830792,18823915.150466207,0.17407812815045381,0.002712127343647316,15.0,17074471.20122597,18656858.60969245,17074471.201225962,1582387.4084664844,8.50593509484057,1.0
9.83675627185684e-21,7.105427357601002e-15,2.545222786197193e-13,4.19930953505325e-21,1.000836401941746e-07,20240189.007660456,-7.012250841098784e-08,1.4381372017503397e-21,7.002243952389813e-08,20232032.553868152,0.0,4.19930953505325e-21,1.000836401941746e-07,20240189.007660463,7.012250841098782e-08,-1.7011870189681142e-08,-1.7011870189681142e-08,1.1513149206340989e-07,1.1513149206340989e-07,162.15776827906285,15556154.029623132,6.684231288189365e-08,1605141.5256820433,18766431.97249137,1.7011870189681142e-08,1.7011870189681142e-08,1.151314920634099e-07,1.151314920634099e-07,162.1577682790596,15556154.02962906,6.684231288164375e-08,1605141.5256760418,18766431.972485293,0.20901547635782436,0.00325644924321325,16.0,17070062.086555,18603752.30913527,17070062.086555015,1533690.2225802615,8.50593509484057,1.0
9.83675627185684e-21,8.881784197001252e-15,2.545213035098447e-13,4.199311988752548e-21,1.0008365968746732e-07,20232173.04929029,-7.01224672878586e-08,1.4381322943517432e-21,7.002235987725248e-08,20224122.111665294,8.577000589379805e-25,4.199311988752548e-21,1.0008365968746732e-07,20232173.04929029,7.012246728785861e-08,-1.7011870189681142e-08,-1.7011870189681142e-08,1.1513434781933826e-07,1.1513434781933826e-07,162.16299180937798,15622079.741248868,6.408755909261258e-08,1538912.9268173277,18699899.556952037,1.7011870189681142e-08,1.7011870189681142e-08,1.1513434781933826e-07,1.1513434781933827e-07,162.16299180937017,15622079.741260665,6.408755909211373e-08,1538912.926805349,18699899.556939874,0.2513249202455815,0.00391562797452016,17.0,17065870.45306887,18549354.01719744,17065870.453068905,1483483.5641285516,8.50593509484057,1.0
9.836756271856838e-21,1.0436096431476471e-14,2.5452028513946137e-13,4.199314828218806e-21,1.0008368224545708e-07,20222951.049181405,-7.012242021410429e-08,1.4381266154192258e-21,7.002226770845331e-08,20216716.343363237,0.0,4.199314828218806e-21,1.0008368224545708e-07,20222951.049181405,7.012242021410429e-08,-1.7011870189681142e-08,-1.7011870189681142e-08,1.1513720678639968e-07,1.1513720678639968e-07,162.1609585451214,15694101.142274005,6.107154692067115e-08,1466417.6166234557,18626929.362339415,1.7011870189681142e-08,1.7011870189681142e-08,1.1513720678639967e-07,1.1513720678639967e-07,162.16095854511676,15694101.142280445,6.107154692039845e-08,1466417.6166169085,18626929.362332758,0.3025563491496246,0.004713810725340465,18.0,17061956.08282519,18493841.096295692,17061956.082825165,1431885.0134705156,8.50593509484057,1.0
9.83675627185684e-21,7.771561172376096e-15,2.5451924481035126e-13,4.199318072093907e-21,1.0008370801623911e-07,20212642.80273318,-7.012236713961905e-08,1.4381201276690245e-21,7.002216241228543e-08,20209875.822623655,1.7154146303833437e-24,4.199318072093907e-21,1.0008370801623911e-07,20212642.80273319,7.012236713961905e-08,-1.7011870189681142e-08,-1.7011870189681142e-08,1.1514001248325395e-07,1.1514001248325395e-07,162.15376291416894,15768397.270744542,5.795571850114106e-08,1391534.1765654106,18551457.540975273,1.7011870189681142e-08,1.7011870189681142e-08,1.1514001248325395e-07,1.1514001248325395e-07,162.15376291417726,15768397.270735037,5.7955718501545e-08,1391534.1765751094,18551457.540985167,0.36331893031019274,0.005660488286657846,19.0,17058424.134215124,18438604.349517163,17058424.134215035,1380180.2153020836,8.50593509484057,1.0
9.83675627185684e-21,1.0047518372857667e-14,2.5451819269824064e-13,4.199321760938915e-21,1.0008373732204323e-07,20201321.811981108,-7.012230767331636e-08,1.4381127499790087e-21,7.0022042672012e-08,20203486.01641838,0.0,4.199321760938915e-21,1.0008373732204323e-07,20201321.811981134,7.012230767331636e-08,-1.7011870189681142e-08,-1.7011870189681142e-08,1.1514273824721823e-07,1.1514273824721823e-07,162.14340770878943,15842132.818365917,5.486025758880711e-08,1317148.86831465,18476421.205767028,1.7011870189681142e-08,1.7011870189681142e-08,1.1514273824721823e-07,1.1514273824721823e-07,162.14340770877828,15842132.818385903,5.4860257587963806e-08,1317148.868294403,18476421.20574652,0.4345985162786688,0.006771020185196413,20.0,17055303.226355776,18384536.817704905,17055303.226355642,1329233.5913491957,8.50593509484057,1.0
9.83675627185684e-21,1.9262369477246466e-14,2.5451717097864014e-13,4.199325785123839e-21,1.0008376929191529e-07,20189482.735370655,-7.012224378924093e-08,1.4381047016091589e-21,7.002191204610468e-08,20197595.08820501,0.0,4.199325785123841e-21,1.000837692919153e-07,20189482.735370666,7.012224378924091e-08,-1.7011870189681142e-08,-1.7011870189681142e-08,1.1514527626604906e-07,1.1514527626604906e-07,162.13182082732234,15910920.370005097,5.197038463686808e-08,1247710.4318796843,18406330.355009966,1.7011870189681142e-08,1.7011870189681142e-08,1.1514527626604906e-07,1.1514527626604906e-07,162.13182082731626,15910920.370016959,5.197038463636812e-08,1247710.4318676814,18406330.354997814,0.5145114005023317,0.008016058379916645,21.0,17052679.257985592,18334133.569574572,17052679.257985562,1281454.3115889952,8.50593509484057,1.0
9.83675627185684e-21,1.942890293094024e-15,2.54516958378774e-13,4.199326680063016e-21,1.0008377640169784e-07,20186915.214416567,-7.01222297050879e-08,1.4381029117308086e-21,7.002188299612053e-08,20196387.00958945,-8.577175830494345e-25,4.199326680063016e-21,1.0008377640169784e-07,20186915.214416582,7.012222970508789e-08,-1.7011870189681142e-08,-1.7011870189681142e-08,1.1514579198685072e-07,1.1514579198685073e-07,162.12931054768978,15924837.229655076,5.138550904470126e-08,1233657.6266583353,18392141.2382911,1.7011870189681142e-08,1.7011870189681142e-08,1.1514579198685072e-07,1.1514579198685073e-07,162.12931054768475,15924837.22966149,5.1385509044428936e-08,1233657.6266517974,18392141.238284443,0.5325627622176323,0.008297297569574187,22.0,17052177.845357887,18323909.494511724,17052177.845357846,1271731.6491538584,8.50593509484057,1.0
9.83675627185684e-21,5.10702591327572e-15,2.54516550705425e-13,4.199328455061128e-21,1.0008379050304493e-07,20181893.977429155,-7.01222019009798e-08,1.4380993617345847e-21,7.002182537909771e-08,20194094.050369363,0.0,4.199328455061128e-21,1.0008379050304493e-07,20181893.97742917,7.01222019009798e-08,-1.7011870189681142e-08,-1.7011870189681142e-08,1.1514676561007457e-07,1.1514676561007457e-07,162.124428720884,15951026.805431336,5.028465468107678e-08,1207208.021314986,18365430.846988,1.7011870189681142e-08,1.7011870189681142e-08,1.1514676561007457e-07,1.1514676561007457e-07,162.12442872088437,15951026.80543343,5.0284654680989885e-08,1207208.0213129,18365430.84698592,0.5686654856482336,0.008859775948889268,23.0,17051264.36973046,18304639.83149034,17051264.369730506,1253375.4617598578,8.50593509484057,1.0
9.83675627185684e-21,8.215650382226158e-15,2.5451579670393195e-13,4.199331947746329e-21,1.0008381825042413e-07,20172271.300581,-7.012214766426019e-08,1.4380923763641825e-21,7.002171200510992e-08,20189907.218299344,0.0,4.199331947746329e-21,1.0008381825042413e-07,20172271.30058103,7.012214766426019e-08,-1.7011870189681142e-08,-1.7011870189681142e-08,1.1514851092025039e-07,1.1514851092025039e-07,162.1152856942367,15997587.11633094,4.8326908142317566e-08,1160172.283095561,18317918.06674938,1.7011870189681142e-08,1.7011870189681142e-08,1.1514851092025037e-07,1.1514851092025039e-07,162.11528569423044,15997587.116341842,4.832690814185739e-08,1160172.2830845136,18317918.06673819,0.6408709325094362,0.009984732707519432,24.0,17049737.95327534,18270252.804826304,17049737.953275226,1220514.8515510187,8.50593509484057,1.0
9.83675627185684e-21,2.220446049250313e-15,2.545155884816729e-13,4.199332960050098e-21,1.0008382629259366e-07,20169536.555488672,-7.012213204817271e-08,1.4380903517566454e-21,7.002167914524761e-08,20188754.02306861,0.0,4.1993329600500965e-21,1.0008382629259365e-07,20169536.55548869,7.012213204817272e-08,-1.7011870189681142e-08,-1.7011870189681142e-08,1.1514898138744055e-07,1.1514898138744055e-07,162.11275083563427,16010042.501853168,4.780306242115035e-08,1147587.0692722686,18305202.525321644,1.7011870189681142e-08,1.7011870189681142e-08,1.1514898138744055e-07,1.1514898138744055e-07,162.1127508356381,16010042.501850866,4.780306242124997e-08,1147587.0692746602,18305202.525324125,0.6620920979926991,0.010315357259740478,25.0,17049349.675618783,18261024.368750125,17049349.67561878,1211674.6931313425,8.50593509484057,1.0
9.83675627185684e-21,6.994405055138486e-15,2.5451518832265637e-13,4.19933496547329e-21,1.0008384222452033e-07,20164189.3077986,-7.012210124587779e-08,1.4380863409102604e-21,7.002161404816489e-08,20186547.758014135,0.0,4.19933496547329e-21,1.0008384222452033e-07,20164189.307798613,7.012210124587779e-08,-1.7011870189681142e-08,-1.7011870189681142e-08,1.1514986894677519e-07,1.1514986894677519e-07,162.10787753534157,16033418.363903085,4.681976320470135e-08,1123964.1110612284,18281331.438617148,1.7011870189681142e-08,1.7011870189681142e-08,1.1514986894677519e-07,1.1514986894677519e-07,162.10787753533492,16033418.363914348,4.6819763204225645e-08,1123964.1110498086,18281331.438605573,0.7045344289592249,0.010976606364182575,26.0,17048647.279302858,18243675.035059754,17048647.279302895,1195027.7557568774,8.50593509484057,1.0
9.836756271856837e-21,7.993605777301127e-15,2.5451444533258183e-13,4.199338899958107e-21,1.000838734817105e-07,20153943.918735117,-7.012204129652993e-08,1.4380784719406229e-21,7.002148633238404e-08,20182476.676167756,-8.577321597489521e-25,4.199338899958107e-21,1.000838734817105e-07,20153943.91873514,7.012204129652993e-08,-1.7011870189681142e-08,-1.7011870189681142e-08,1.1515145630275142e-07,1.1515145630275142e-07,162.09887404036564,16074777.311385283,4.507946674850721e-08,1082156.388887981,18239072.748220097,1.7011870189681142e-08,1.7011870189681142e-08,1.1515145630275142e-07,1.1515145630275142e-07,162.09887404036496,16074777.31138923,4.507946674834217e-08,1082156.388884019,18239072.748216122,0.7894190908922765,0.012299104573066764,27.0,17047494.56127973,18212882.32453134,17047494.56127973,1165387.76325161,8.50593509484057,1.0
9.836756271856841e-21,3.9968028886505635e-15,2.5451423397231623e-13,4.199340068095884e-21,1.0008388276188097e-07,20150953.2302392,-7.012202360586074e-08,1.4380761356650736e-21,7.002144841382855e-08,20181319.872927856,8.577335532069361e-25,4.199340068095884e-21,1.0008388276188097e-07,20150953.230239216,7.012202360586074e-08,-1.7011870189681142e-08,-1.7011870189681142e-08,1.1515189453095813e-07,1.1515189453095813e-07,162.09632504940006,16086096.108427387,4.460307424849441e-08,1070712.1859550327,18227502.446867324,1.7011870189681142e-08,1.7011870189681142e-08,1.1515189453095811e-07,1.1515189453095813e-07,162.09632504939734,16086096.108432952,4.460307424825993e-08,1070712.1859494038,18227502.446861632,0.8150496698611003,0.012698427536803938,28.0,17047199.325673632,18204437.162828784,17047199.325673617,1157237.8371551596,8.50593509484057,1.0
9.83675627185684e-21,5.773159728050814e-15,2.5451382744682704e-13,4.199342376780835e-21,1.0008390110302569e-07,20145108.984393764,-7.012198878436314e-08,1.43807151829517e-21,7.002137347220653e-08,20179104.27669335,8.57736307223717e-25,4.199342376780835e-21,1.0008390110302569e-07,20145108.984393775,7.012198878436314e-08,-1.7011870189681142e-08,-1.7011870189681142e-08,1.1515271825468778e-07,1.1515271825468778e-07,162.0914415988368,16107249.290385954,4.371260230095601e-08,1049321.0872196108,18205872.006134357,1.7011870189681142e-08,1.7011870189681142e-08,1.1515271825468778e-07,1.1515271825468778e-07,162.09144159882823,16107249.29040035,4.3712602300347746e-08,1049321.0872050095,18205872.006119553,0.8663108277987479,0.013497073464278286,29.0,17046675.345629174,18188641.96938114,17046675.345629126,1141966.6237519905,8.50593509484057,1.0
9.836756271856841e-21,2.3869795029440866e-15,2.5451367040225096e-13,4.199343290017978e-21,1.0008390835815606e-07,20142818.561209228,-7.012197505858765e-08,1.4380696918208846e-21,7.002134382780878e-08,20178250.397120453,0.0,4.199343290017978e-21,1.0008390835815606e-07,20142818.561209243,7.012197505858765e-08,-1.7011870189681142e-08,-1.7011870189681142e-08,1.1515303001575951e-07,1.1515303001575951e-07,162.0895633644223,16115212.223314598,4.337733654713201e-08,1041267.3940690942,18197726.96887114,1.7011870189681142e-08,1.7011870189681142e-08,1.1515303001575953e-07,1.1515303001575953e-07,162.08956336440937,16115212.22333543,4.3377336546251475e-08,1041267.3940479569,18197726.968849692,0.886815290973807,0.013816531835268027,30.0,17046487.575756248,18182691.29772154,17046487.575756226,1136203.7219653018,8.50593509484057,1.0
9.83675627185684e-21,2.9976021664879227e-15,2.545133652107865e-13,4.1993450989874e-21,1.0008392272934788e-07,20138316.322701868,-7.012194794975261e-08,1.4380660738820404e-21,7.002128510716085e-08,20176597.145567685,8.577395545507335e-25,4.1993450989874e-21,1.0008392272934788e-07,20138316.322701875,7.012194794975261e-08,-1.7011870189681142e-08,-1.7011870189681142e-08,1.1515362473797514e-07,1.1515362473797514e-07,162.08592476064888,16130338.763203908,4.274036571479559e-08,1025966.3935366049,18182250.31728509,1.7011870189681142e-08,1.7011870189681142e-08,1.1515362473797513e-07,1.1515362473797513e-07,162.08592476063794,16130338.763222745,4.274036571400015e-08,1025966.393517511,18182250.31726574,0.9278242173239251,0.014455448577247506,31.0,17046147.000469547,18171385.67760969,17046147.00046959,1125238.6771401204,8.50593509484057,1.0
9.83675627185684e-21,9.298117831235686e-15,2.54512787228202e-13,4.199348647305325e-21,1.0008395091862253e-07,20129606.196047023,-7.012189506819433e-08,1.4380589772461892e-21,7.00211699255317e-08,20173490.931280114,8.577437873849704e-25,4.1993486473053245e-21,1.0008395091862252e-07,20129606.196047027,7.012189506819436e-08,-1.7011870189681142e-08,-1.7011870189681142e-08,1.1515470957184637e-07,1.1515470957184639e-07,162.07908542702074,16157702.280018322,4.158776470146278e-08,998279.8308116309,18154238.245436437,1.7011870189681142e-08,1.7011870189681142e-08,1.1515470957184639e-07,1.1515470957184639e-07,162.079085427014,16157702.2800309,4.158776470093209e-08,998279.8307988923,18154238.24542354,1.0098420700241613,0.015733282061206465,32.0,17045590.019743048,18150933.391404893,17045590.019743063,1105343.3716618381,8.50593509484057,1.0
9.836756271856838e-21,1.4432899320127035e-15,2.5451264356395535e-13,4.199349553219393e-21,1.0008395811556823e-07,20127403.36876208,-7.012188162345649e-08,1.438057165418052e-21,7.002114051867585e-08,20172722.767430846,0.0,4.199349553219393e-21,1.0008395811556823e-07,20127403.36876209,7.012188162345649e-08,-1.7011870189681142e-08,-1.7011870189681142e-08,1.1515497134610698e-07,1.1515497134610698e-07,162.07739466561563,16164262.874181736,4.131135441105053e-08,991640.3223545179,18147519.167922985,1.7011870189681142e-08,1.7011870189681142e-08,1.1515497134610698e-07,1.1515497134610698e-07,162.07739466560236,16164262.874203872,4.1311354410115174e-08,991640.3223320656,18147519.167900212,1.0311260139485876,0.01606488469797311,33.0,17045468.164453473,18146030.765894245,17045468.16445346,1100562.6014407761,8.50593509484057,1.0
9.83675627185684e-21,1.6653345369377348e-15,2.545123634875405e-13,4.1993513467425424e-21,1.0008397236403441e-07,20123066.89299781,-7.012185507272692e-08,1.4380535783717559e-21,7.002108229908913e-08,20171233.050118737,8.577470076064377e-25,4.1993513467425424e-21,1.0008397236403441e-07,20123066.892997824,7.012185507272691e-08,-1.7011870189681142e-08,-1.7011870189681142e-08,1.1515547176948351e-07,1.1515547176948351e-07,162.0741065389286,16176761.449075524,4.0784682956139144e-08,978989.5592592433,18134714.889259003,1.7011870189681142e-08,1.7011870189681142e-08,1.1515547176948351e-07,1.1515547176948351e-07,162.07410653893118,16176761.4490726,4.078468295626361e-08,978989.559262231,18134714.88926205,1.07369390179744,0.0167280899715064,34.0,17045250.67696689,18136698.154395405,17045250.676966887,1091447.4774285145,8.50593509484057,1.0
9.83675627185684e-21,1.4988010832439613e-15,2.5451209246041926e-13,4.199353116151932e-21,1.0008398642092724e-07,20118817.61168019,-7.012182896269935e-08,1.4380500395529745e-21,7.002102486216463e-08,20169801.292009674,0.0,4.199353116151932e-21,1.0008398642092724e-07,20118817.6116802,7.012182896269935e-08,-1.7011870189681142e-08,-1.7011870189681142e-08,1.1515594369239526e-07,1.1515594369239526e-07,162.07093790319374,16188492.399133608,4.0290255828683915e-08,967113.4761269055,18122692.324116893,1.7011870189681142e-08,1.7011870189681142e-08,1.1515594369239527e-07,1.1515594369239527e-07,162.0709379031859,16188492.39914519,4.0290255828193655e-08,967113.4761151373,18122692.324104935,1.1162617896462925,0.017391295245039694,35.0,17045064.98012802,18127946.565753724,17045064.980128046,1082881.5856256895,8.50593509484057,1.0
9.83675627185684e-21,6.106226635438361e-15,2.545115752299e-13,4.1993565835742064e-21,1.000840139674992e-07,20110566.12089791,-7.012177802975513e-08,1.4380431047084264e-21,7.002091230564951e-08,20167101.516854472,0.0,4.1993565835742064e-21,1.000840139674992e-07,20110566.12089792,7.012177802975513e-08,-1.7011870189681142e-08,-1.7011870189681142e-08,1.1515680926808844e-07,1.1515680926808844e-07,162.06492669133394,16209867.91903113,3.93890495947135e-08,945467.0175590236,18100772.17265465,1.7011870189681142e-08,1.7011870189681142e-08,1.1515680926808845e-07,1.1515680926808845e-07,162.06492669132507,16209867.91904646,3.9389049594066023e-08,945467.0175434817,18100772.1726389,1.2013975653439974,0.018717705792106278,1.0,17044779.05466101,18112031.334027067,17044779.054661013,1067252.2793660536,8.50593509484057,1.0
9.836756271856843e-21,7.271960811294775e-15,2.5451062605335877e-13,4.1993632414930564e-21,1.0008406686059347e-07,20094946.084051535,-7.012168104183442e-08,1.4380297888707293e-21,7.002069618093149e-08,20162278.67267147,0.0,4.1993632414930564e-21,1.0008406686059347e-07,20094946.084051546,7.012168104183442e-08,-1.7011870189681142e-08,-1.7011870189681142e-08,1.1515827565303295e-07,1.1515827565303295e-07,162.054009829508,16245677.65315242,3.787829832639222e-08,909180.8528254721,18064003.902994797,1.7011870189681142e-08,1.7011870189681142e-08,1.1515827565303292e-07,1.1515827565303292e-07,162.05400982950292,16245677.653160911,3.787829832603361e-08,909180.8528168648,18064003.902986076,1.3716691167394073,0.021370526886239444,2.0,17044484.62175064,18085515.287896965,17044484.62175087,1041030.6661462076,8.50593509484057,1.0
9.83675627185684e-21,9.43689570931383e-15,2.545095267132415e-13,4.1993713880900686e-21,1.0008413158024944e-07,20076097.904100724,-7.012156367105199e-08,1.4380134956767013e-21,7.002043172996614e-08,20156935.663629495,8.577709161523887e-25,4.19937138809007e-21,1.0008413158024945e-07,20076097.90410075,7.012156367105199e-08,-1.7011870189681142e-08,-1.7011870189681142e-08,1.1515978037710798e-07,1.1515978037710798e-07,162.0415141536112,16281962.806605967,3.6345887035607446e-08,872376.0696555059,18026671.92956631,1.7011870189681142e-08,1.7011870189681142e-08,1.1515978037710798e-07,1.1515978037710798e-07,162.04151415360252,16281962.80662014,3.634588703500842e-08,872376.0696411282,18026671.92955172,1.5931431257908957,0.024821079360796073,3.0,17044495.96023442,18058958.5230953,17044495.96023471,1014462.5628607348,8.50593509484057,1.0
9.836756271856841e-21,4.207745263329343e-14,2.5450839910901276e-13,4.199380173725758e-21,1.0008420137657718e-07,20055954.841253154,-7.012143856728401e-08,1.4379959244053252e-21,7.002014653259194e-08,20151760.13701666,0.0,4.199380173725758e-21,1.0008420137657718e-07,20055954.841253094,7.012143856728402e-08,-1.7011870189681142e-08,-1.7011870189681142e-08,1.1516111071996678e-07,1.1516111071996678e-07,162.02889961364468,16313661.976479527,3.500531792904736e-08,840180.2410233319,17993970.645942993,1.7011870189681142e-08,1.7011870189681142e-08,1.1516111071996679e-07,1.151611107199668e-07,162.0288996136493,16313661.97647255,3.500531792934259e-08,840180.2410304174,17993970.645950187,1.8497183528725385,0.028818506817444817,4.0,17044877.932500076,18036134.543172166,17044877.9325003,991256.6106719784,8.50593509484057,1.0
9.836756271856838e-21,1.1324274851176597e-14,2.545072634500882e-13,4.199389402258364e-21,1.0008427469133642e-07,20034882.088371206,-7.012130872000879e-08,1.43797746734011e-21,7.001984695549338e-08,20146868.61273706,0.0,4.199389402258364e-21,1.0008427469133642e-07,20034882.088371202,7.012130872000879e-08,-1.7011870189681142e-08,-1.7011870189681142e-08,1.1516223785016686e-07,1.1516223785016686e-07,162.01643686552757,16340288.282313507,3.3877331028413246e-08,813090.9439132288,17966408.53571298,1.7011870189681142e-08,1.7011870189681142e-08,1.1516223785016685e-07,1.1516223785016685e-07,162.01643686552848,16340288.28231261,3.3877331028451574e-08,813090.943914149,17966408.535713926,2.1409377874899542,0.03335568905865532,5.0,17045614.52528949,18017387.87976898,17045614.525289103,971773.3544796817,8.50593509484057,1.0
9.83675627185684e-21,1.7541523789077473e-14,2.5450611948982e-13,4.1993990265653945e-21,1.0008435115015463e-07,20012907.675545875,-7.01211749785163e-08,1.4379582187260505e-21,7.001953452801452e-08,20142240.7688961,0.0,4.1993990265653945e-21,1.0008435115015463e-07,20012907.675545875,7.01211749785163e-08,-1.7011870189681142e-08,-1.7011870189681142e-08,1.1516316660485858e-07,1.1516316660485858e-07,162.00417339826785,16362153.24365257,3.294899095711125e-08,790797.0679052826,17943675.015034053,1.7011870189681142e-08,1.7011870189681142e-08,1.151631666048586e-07,1.151631666048586e-07,162.0041733982473,16362153.243682696,3.294899095583568e-08,790797.0678746682,17943675.01500295,2.4704919013279802,0.03849012342354621,6.0,17046680.795329213,18002453.04268492,17046680.795329284,955772.2473556697,8.50593509484057,1.0
9.83675627185684e-21,1.9317880628477724e-14,2.5450496941353483e-13,4.199408983292381e-21,1.000844302497088e-07,19990113.668294337,-7.012103843607903e-08,1.4379383052720782e-21,7.001921130647343e-08,20137830.051674824,-8.578157693578587e-25,4.199408983292381e-21,1.000844302497088e-07,19990113.668294344,7.012103843607903e-08,-1.7011870189681142e-08,-1.7011870189681142e-08,1.1516390379226335e-07,1.1516390379226335e-07,161.99219518291702,16379584.782871021,3.2206700533136846e-08,772971.7222216409,17925444.394636158,1.7011870189681142e-08,1.7011870189681142e-08,1.1516390379226336e-07,1.1516390379226336e-07,161.99219518290266,16379584.782890849,3.2206700532296424e-08,772971.7222014703,17925444.39461565,2.841526568307057,0.044270822449016554,7.0,17048043.820472054,17991025.853486396,17048043.820471875,942982.0330144316,8.50593509484057,1.0
9.83675627185684e-21,1.7319479184152442e-14,2.5450381570775245e-13,4.199419212243309e-21,1.0008451151177041e-07,19966598.030387823,-7.012090015399798e-08,1.4379178473702205e-21,7.001887924471966e-08,20133558.579842426,0.0,4.199419212243309e-21,1.0008451151177041e-07,19966598.03038784,7.012090015399798e-08,-1.7011870189681142e-08,-1.7011870189681142e-08,1.1516446000667998e-07,1.1516446000667998e-07,161.98059410081956,16392970.551139096,3.1634353643829095e-08,759227.8692065123,17911330.440811362,1.7011870189681142e-08,1.7011870189681142e-08,1.1516446000667997e-07,1.1516446000667997e-07,161.9805941008144,16392970.551148161,3.1634353643446395e-08,759227.8691973276,17911330.44080206,3.2569983448441215,0.05074384911601982,8.0,17049665.09209832,17982742.113192834,17049665.09209844,933077.0210944526,8.50593509484057,1.0
9.83675627185684e-21,1.6542323066914832e-14,2.545026581139365e-13,4.199429686225863e-21,1.0008459472030497e-07,19942408.88819085,-7.012076076421406e-08,1.4378968994051144e-21,7.001853922525688e-08,20129314.41574599,8.578404711328192e-25,4.199429686225862e-21,1.0008459472030496e-07,19942408.888190836,7.012076076421408e-08,-1.7011870189681142e-08,-1.7011870189681142e-08,1.1516484944111943e-07,1.1516484944111943e-07,161.96943098614915,16402757.191948796,3.12133308664066e-08,749118.2111697588,17900885.3636554,1.7011870189681142e-08,1.7011870189681142e-08,1.1516484944111944e-07,1.1516484944111944e-07,161.96943098615353,16402757.191942781,3.1213330866661555e-08,749118.2111758776,17900885.363661624,3.7208419903005496,0.05797050675179214,9.0,17051507.828969173,17977191.396513637,17051507.828969058,925683.5675445236,8.50593509484057,1.0
9.83675627185684e-21,1.715294573045867e-14,2.5450150204118947e-13,4.199440336179786e-21,1.0008467932666827e-07,19917717.610779166,-7.012062146585929e-08,1.4378755994972675e-21,7.00181934898063e-08,20124992.020025596,0.0,4.1994403361797865e-21,1.0008467932666827e-07,19917717.610779192,7.012062146585928e-08,-1.7011870189681142e-08,-1.7011870189681142e-08,1.1516508587848232e-07,1.1516508587848232e-07,161.95881120540642,16409354.79628275,3.0926578621041335e-08,742233.1255078316,17893700.2187953,1.7011870189681142e-08,1.7011870189681142e-08,1.151650858784823e-07,1.151650858784823e-07,161.95881120540514,16409354.79628407,3.092657862098522e-08,742233.1255064849,17893700.218793932,4.234579455922423,0.0659745072702543,10.0,17053525.880783904,17973982.200107187,17053525.880783986,920456.3193232417,8.50593509484057,1.0
9.83675627185684e-21,1.7708057242771247e-14,2.545003479058412e-13,4.199451147222852e-21,1.0008476521262476e-07,19892594.950914066,-7.012048274101577e-08,1.4378539774111364e-21,7.001784252133596e-08,20120463.45131211,0.0,4.199451147222852e-21,1.0008476521262476e-07,19892594.95091407,7.012048274101577e-08,-1.7011870189681142e-08,-1.7011870189681142e-08,1.1516518547027837e-07,1.1516518547027837e-07,161.94877772844248,16413210.859531337,3.0755406913323404e-08,738123.7542545479,17889324.920590434,1.7011870189681142e-08,1.7011870189681142e-08,1.1516518547027835e-07,1.1516518547027835e-07,161.94877772844563,16413210.859529806,3.075540691339029e-08,738123.7542561535,17889324.920592118,4.801466206450276,0.07480657062705434,11.0,17055682.32508318,17972707.683863804,17055682.325083043,917025.3587806895,8.50593509484057,1.0
9.83675627185684e-21,2.4868995751603507e-14,2.5449919774061843e-13,4.199462098280337e-21,1.0008485221074475e-07,19867146.378641248,-7.012034515667872e-08,1.4378320752961653e-21,7.001748700386626e-08,20115611.28504635,0.0,4.199462098280337e-21,1.0008485221074475e-07,19867146.378641233,7.012034515667872e-08,-1.7011870189681142e-08,-1.7011870189681142e-08,1.1516516359228393e-07,1.1516516359228393e-07,161.9393737820977,16414736.452744462,3.068264601911832e-08,736377.7867961451,17887346.044051513,1.7011870189681142e-08,1.7011870189681142e-08,1.151651635922839e-07,1.1516516359228392e-07,161.9393737820973,16414736.452745914,3.0682646019057464e-08,736377.7867946848,17887346.044050056,5.42384930822919,0.08450326398246381,12.0,17057940.48515325,17972993.800169103,17057940.485153075,915053.3150159419,8.50593509484057,1.0
9.83675627185684e-21,2.325917236589703e-14,2.544980531897234e-13,4.199473178866769e-21,1.000849402377233e-07,19841468.3670146,-7.012020913812249e-08,1.4378099141233024e-21,7.001712727766653e-08,20110328.210995216,0.0,4.199473178866769e-21,1.000849402377233e-07,19841468.36701466,7.012020913812249e-08,-1.7011870189681142e-08,-1.7011870189681142e-08,1.1516503488708374e-07,1.1516503488708374e-07,161.9306240479964,16414311.536864158,3.069240685397605e-08,736613.6914484948,17887380.579625987,1.7011870189681142e-08,1.7011870189681142e-08,1.1516503488708374e-07,1.1516503488708374e-07,161.93062404799596,16414311.536864782,3.0692406853949585e-08,736613.6914478596,17887380.57962535,6.103957071636365,0.09509930428552361,13.0,17060268.041826256,17974499.919094454,17060268.04182532,914231.8772686683,8.50593509484057,1.0
9.83675627185684e-21,1.8540724511240114e-14,2.5449691542743006e-13,4.199484388423886e-21,1.0008502928911999e-07,19815644.726723537,-7.012007497783938e-08,1.4377874950090686e-21,7.0016763360731e-08,20104521.040085364,-8.579057460910266e-25,4.199484388423886e-21,1.0008502928911999e-07,19815644.72672353,7.012007497783938e-08,-1.7011870189681142e-08,-1.7011870189681142e-08,1.151648127462914e-07,1.151648127462914e-07,161.92253620975498,16412276.318143567,3.077044612721764e-08,738489.4725786205,17889084.803725325,1.7011870189681142e-08,1.7011870189681142e-08,1.1516481274629138e-07,1.1516481274629138e-07,161.92253620976416,16412276.318132624,3.0770446127682746e-08,738489.4725897834,17889084.80373671,6.84399711498852,0.10662908610414833,14.0,17062637.728451997,17976925.672569983,17062637.72845206,914287.9441179559,8.50593509484057,1.0
9.83675627185684e-21,1.138533711753098e-13,2.544957841261465e-13,4.199495745373109e-21,1.0008511951127314e-07,19789721.48594014,-7.011994273560391e-08,1.4377647811106227e-21,7.001639465487036e-08,20098106.4116829,0.0,4.199495745373109e-21,1.0008511951127314e-07,19789721.48594012,7.011994273560391e-08,-1.7011870189681142e-08,-1.7011870189681142e-08,1.1516450867960946e-07,1.1516450867960946e-07,161.91509743908162,16408923.352896525,3.0904495760013863e-08,741710.5750212092,17892162.185333457,1.7011870189681142e-08,1.7011870189681142e-08,1.1516450867960949e-07,1.1516450867960949e-07,161.915097439068,16408923.352917109,3.090449575914255e-08,741710.5750002973,17892162.1853122,7.647007910704594,0.11913994866594728,15.0,17065029.631417934,17980016.588138696,17065029.631418288,914986.9567205869,8.50593509484057,1.0
9.83675627185684e-21,2.1593837828959295e-14,2.5449466279538716e-13,4.199507231748986e-21,1.0008521076145524e-07,19763828.81932478,-7.011981287795386e-08,1.4377418083588669e-21,7.001602174319496e-08,20091042.725705888,0.0,4.199507231748986e-21,1.0008521076145524e-07,19763828.81932477,7.011981287795385e-08,-1.7011870189681142e-08,-1.7011870189681142e-08,1.1516413381057853e-07,1.1516413381057853e-07,161.90831100803567,16404515.92403837,3.108352530032986e-08,746012.1561374366,17896346.36652463,1.7011870189681142e-08,1.7011870189681142e-08,1.1516413381057855e-07,1.1516413381057855e-07,161.9083110080294,16404515.924047511,3.10835252999426e-08,746012.156128142,17896346.366515182,8.5129930178581,0.13263194742108356,16.0,17067419.63668312,17983547.37552029,17067419.63668258,916127.7388374358,8.50593509484057,1.0
9.83675627185684e-21,2.4202861936828413e-14,2.5449354572048653e-13,4.199518925796232e-21,1.0008530366125136e-07,19737879.4192934,-7.011968478135837e-08,1.4377184202643766e-21,7.001564208527067e-08,20083247.044633888,0.0,4.199518925796232e-21,1.0008530366125136e-07,19737879.419293396,7.011968478135837e-08,-1.7011870189681142e-08,-1.7011870189681142e-08,1.151636945805161e-07,1.151636945805161e-07,161.9020975880007,16399272.234933883,3.129832703731457e-08,751173.1798522621,17901413.42590217,1.7011870189681142e-08,1.7011870189681142e-08,1.1516369458051607e-07,1.1516369458051607e-07,161.90209758799165,16399272.234948656,3.1298327036690193e-08,751173.1798372772,17901413.425886974,9.449052076468444,0.1472156943575838,17.0,17069806.82341347,17987359.329878107,17069806.823413003,917552.5064648688,8.50593509484057,1.0
9.83675627185684e-21,3.0531133177191805e-14,2.544924415469742e-13,4.199530756122142e-21,1.0008539764349631e-07,19712114.64414154,-7.011955945867792e-08,1.4376947596125558e-21,7.001525799874538e-08,20074752.087578192,0.0,4.199530756122142e-21,1.0008539764349631e-07,19712114.644141596,7.011955945867791e-08,-1.7011870189681142e-08,-1.7011870189681142e-08,1.151632015701918e-07,1.151632015701918e-07,161.89645574043183,16393438.965187186,3.153856068603008e-08,756945.3706253339,17907113.575460818,1.7011870189681142e-08,1.7011870189681142e-08,1.1516320157019181e-07,1.1516320157019181e-07,161.8964557404243,16393438.965200733,3.153856068545804e-08,756945.3706116043,17907113.57544691,10.45024063740883,0.1628141552390478,18.0,17072162.690086145,17991279.026012577,17072162.690085817,919116.3359265961,8.50593509484057,1.0
9.83675627185684e-21,1.554312234475219e-14,2.54491703932494e-13,4.199538820064728e-21,1.00085461704811e-07,19694856.250918172,-7.011947647665318e-08,1.4376786317273834e-21,7.001499619021331e-08,20068628.81449459,0.0,4.199538820064728e-21,1.00085461704811e-07,19694856.250918135,7.011947647665318e-08,-1.7011870189681142e-08,-1.7011870189681142e-08,1.1516284230426468e-07,1.1516284230426468e-07,161.89296623311975,16389227.601393843,3.171259395101125e-08,761127.0277268235,17911258.296180286,1.7011870189681142e-08,1.7011870189681142e-08,1.1516284230426468e-07,1.151628423042647e-07,161.89296623313606,16389227.6013723,3.1712593951925014e-08,761127.0277487542,17911258.29620261,11.162617896462924,0.17391295245039692,19.0,17073730.577441122,17993926.386942167,17073730.577440813,920195.8095011972,8.50593509484057,1.0
9.83675627185684e-21,7.471800955727304e-14,2.5449067118709354e-13,4.199550347941753e-21,1.0008555328406038e-07,19670651.54856355,-7.011936133985206e-08,1.4376555759733352e-21,7.001462191622156e-08,20059425.765744098,8.579844673791195e-25,4.199550347941753e-21,1.0008555328406038e-07,19670651.548563477,7.011936133985206e-08,-1.7011870189681142e-08,-1.7011870189681142e-08,1.1516230052289457e-07,1.1516230052289459e-07,161.88845867014322,16382965.18557024,3.197210091164025e-08,767362.6175690517,17917457.061495107,1.7011870189681142e-08,1.7011870189681142e-08,1.1516230052289457e-07,1.1516230052289457e-07,161.8884586701443,16382965.185565643,3.197210091183286e-08,767362.6175736748,17917457.06149976,12.222651315850445,0.19042821288228803,1.0,17075913.76195688,17997605.651869077,17075913.76195783,921691.8899117224,8.50593509484057,1.0
9.83675627185684e-21,3.241851231905457e-14,2.5448959693857177e-13,4.199562651373436e-21,1.0008565102425182e-07,19645445.26710878,-7.011924291052671e-08,1.4376309691099678e-21,7.001422245798936e-08,20049068.84609408,-8.579991528630956e-25,4.199562651373435e-21,1.000856510242518e-07,19645445.267108876,7.011924291052672e-08,-1.7011870189681142e-08,-1.7011870189681142e-08,1.151616920202016e-07,1.151616920202016e-07,161.88421036058406,16376084.796350032,3.225798377902134e-08,774232.2761330083,17924305.71639765,1.7011870189681142e-08,1.7011870189681142e-08,1.1516169202020162e-07,1.1516169202020162e-07,161.8842103605802,16376084.796360176,3.225798377859483e-08,774232.2761227712,17924305.716387313,13.405534766288334,0.20885746981632244,2.0,17078166.03649818,18001337.610609874,17078166.03649717,923171.5741121992,8.50593509484057,1.0
9.83675627185684e-21,3.164135620181696e-14,2.544885255039271e-13,4.1995752617957755e-21,1.0008575120302207e-07,19620299.763963845,-7.011912621285703e-08,1.437605748265288e-21,7.001381302789357e-08,20037938.798346087,8.580142052955136e-25,4.1995752617957755e-21,1.0008575120302207e-07,19620299.763963815,7.011912621285704e-08,-1.7011870189681142e-08,-1.7011870189681142e-08,1.1516104171636616e-07,1.1516104171636618e-07,161.8803994526501,16368921.015172973,3.255633751224323e-08,781401.9667801633,17931471.174797397,1.7011870189681142e-08,1.7011870189681142e-08,1.1516104171636615e-07,1.1516104171636615e-07,161.8803994526664,16368921.01515104,3.255633751317331e-08,781401.9668024871,17931471.1748201,14.670653020691224,0.22856794032269143,3.0,17080390.550040495,18004906.727291,17080390.550040375,924516.1772505641,8.50593509484057,1.0
9.83675627185684e-21,4.474198789239381e-14,2.544874578231225e-13,4.1995881867405385e-21,1.0008585388018965e-07,19595259.02355165,-7.011901141906559e-08,1.4375798983757638e-21,7.001339338104161e-08,20026056.51977872,0.0,4.1995881867405385e-21,1.0008585388018965e-07,19595259.02355174,7.011901141906559e-08,-1.7011870189681142e-08,-1.7011870189681142e-08,1.1516035224953548e-07,1.1516035224953548e-07,161.87700575699742,16361539.953603595,3.286437194094638e-08,788804.7099723034,17938885.57277215,1.7011870189681142e-08,1.7011870189681142e-08,1.151603522495355e-07,1.151603522495355e-07,161.87700575699824,16361539.953605901,3.286437194085094e-08,788804.7099700123,17938885.572769873,16.020184890887144,0.24959357016585282,4.0,17082583.48012529,18008265.571817745,17082583.48012507,925682.0916925631,8.50593509484057,1.0
9.83675627185684e-21,3.519406988061746e-14,2.5448640382075306e-13,4.199601317155027e-21,1.0008595818941537e-07,19570575.0995296,-7.011889965788481e-08,1.4375536375467871e-21,7.001296705785143e-08,20013562.95572893,8.58045307951828e-25,4.199601317155027e-21,1.0008595818941537e-07,19570575.09952964,7.011889965788482e-08,-1.7011870189681142e-08,-1.7011870189681142e-08,1.1515963224603976e-07,1.1515963224603976e-07,161.87403187812043,16354061.509803511,3.317704505322076e-08,796319.3908853382,17946426.646772992,1.7011870189681142e-08,1.7011870189681142e-08,1.1515963224603977e-07,1.1515963224603977e-07,161.87403187811472,16354061.509813774,3.317704505278742e-08,796319.3908749372,17946426.646762446,17.443450911478088,0.2717679738818244,5.0,17084723.71240782,18011353.13232286,17084723.712408237,926629.4199148305,8.50593509484057,1.0
9.836756271856838e-21,4.807265696626928e-14,2.5448535957605235e-13,4.199614707704885e-21,1.0008606456495657e-07,19546172.99329214,-7.011879057493098e-08,1.4375268564470677e-21,7.001253228314176e-08,20000453.13836347,8.580612933206249e-25,4.199614707704885e-21,1.0008606456495657e-07,19546172.99329209,7.011879057493098e-08,-1.7011870189681142e-08,-1.7011870189681142e-08,1.1515888115582068e-07,1.151588811558207e-07,161.87143627523056,16346500.0676357,3.349371889542587e-08,803930.7209060043,17954078.143347356,1.7011870189681142e-08,1.7011870189681142e-08,1.1515888115582073e-07,1.1515888115582073e-07,161.87143627523795,16346500.067622732,3.34937188959733e-08,803930.7209191434,17954078.143360652,18.94676069346472,0.2951894548514186,6.0,17086819.30142797,18014162.72501832,17086819.301428102,927343.4235902838,8.50593509484057,1.0
9.83675627185684e-21,3.574918139293004e-14,2.544843187282995e-13,4.199628449709937e-21,1.0008617373224932e-07,19521918.78187413,-7.011868359987642e-08,1.4374993724369663e-21,7.001208609149924e-08,19986680.02203133,0.0,4.199628449709936e-21,1.0008617373224932e-07,19521918.78187416,7.011868359987643e-08,-1.7011870189681142e-08,-1.7011870189681142e-08,1.1515809559969187e-07,1.1515809559969187e-07,161.86917900120767,16338840.372169271,3.3815007758533444e-08,811653.508446183,17961854.343991574,1.7011870189681142e-08,1.7011870189681142e-08,1.1515809559969187e-07,1.1515809559969187e-07,161.86917900121455,16338840.3721592,3.381500775895986e-08,811653.5084564183,17961854.34400196,20.541619940835393,0.32003727128889964,7.0,17088883.338710055,18016698.59834119,17088883.33870997,927815.2596311793,8.50593509484057,1.0
9.83675627185684e-21,4.0190073491430667e-14,2.544832870881931e-13,4.1996424753906044e-21,1.0008628515283221e-07,19497958.802922994,-7.01185794303307e-08,1.43747132107563e-21,7.00116306832773e-08,19972353.658914387,0.0,4.1996424753906044e-21,1.0008628515283221e-07,19497958.802922864,7.01185794303307e-08,-1.7011870189681142e-08,-1.7011870189681142e-08,1.1515728078460171e-07,1.1515728078460171e-07,161.86725001416954,16331147.339648686,3.413816730769259e-08,819421.8252739869,17969688.342716236,1.7011870189681142e-08,1.7011870189681142e-08,1.1515728078460166e-07,1.1515728078460166e-07,161.8672500141395,16331147.339694077,3.4138167305772026e-08,819421.8252278883,17969688.342669442,22.221581707886344,0.3462109801465857,8.0,17090905.19354923,18018941.496890657,17090905.19355014,928036.3033409715,8.50593509484057,1.0
9.836756271856838e-21,4.3853809472693683e-14,2.544822656812004e-13,4.199656774899387e-21,1.0008639874846149e-07,19474323.579301964,-7.011847825644655e-08,1.4374427220580638e-21,7.001116637786702e-08,19957529.170880754,0.0,4.199656774899387e-21,1.0008639874846149e-07,19474323.579301815,7.011847825644655e-08,-1.7011870189681142e-08,-1.7011870189681142e-08,1.1515643842373784e-07,1.1515643842373784e-07,161.86562791540965,16323444.608431526,3.446218139860965e-08,827211.2695709728,17977554.966059178,1.7011870189681142e-08,1.7011870189681142e-08,1.1515643842373784e-07,1.1515643842373784e-07,161.8656279154453,16323444.608378079,3.4462181400871666e-08,827211.2696252689,17977554.966114312,23.98653936244312,0.37370892010125883,9.0,17092884.336674243,18020891.55071806,17092884.33667415,928007.2140438631,8.50593509484057,1.0
9.83675627185684e-21,5.1181281435219717e-14,2.544812504697609e-13,4.19967140941787e-21,1.000865150051486e-07,19450924.986950126,-7.01183797803113e-08,1.4374134530211007e-21,7.001069118830676e-08,19942187.635451313,0.0,4.19967140941787e-21,1.000865150051486e-07,19450924.98695005,7.01183797803113e-08,-1.7011870189681142e-08,-1.7011870189681142e-08,1.1515556578956803e-07,1.1515556578956803e-07,161.86428645797182,16315713.172196647,3.47878305822716e-08,835040.6291901227,17985472.730326653,1.7011870189681142e-08,1.7011870189681142e-08,1.1515556578956801e-07,1.1515556578956801e-07,161.86428645793083,16315713.172255497,3.478783057977922e-08,835040.6291302964,17985472.730265863,25.845495819216072,0.40267135605246657,10.0,17094830.07608136,18022559.931298412,17094830.076081857,927729.8552168012,8.50593509484057,1.0
9.83675627185684e-21,5.062616992290714e-14,2.54480241390455e-13,4.199686385787227e-21,1.0008663397722114e-07,19427766.39835947,-7.011828411713525e-08,1.437383500282385e-21,7.001020489201253e-08,19926364.483528387,8.5814687130037e-25,4.199686385787227e-21,1.0008663397722114e-07,19427766.39835931,7.011828411713526e-08,-1.7011870189681142e-08,-1.7011870189681142e-08,1.151546631305208e-07,1.151546631305208e-07,161.8632085801652,16307961.137531567,3.5114758259533664e-08,842901.3547727205,17993432.62908954,1.7011870189681142e-08,1.7011870189681142e-08,1.1515466313052077e-07,1.1515466313052079e-07,161.86320858014912,16307961.137554327,3.511475825856952e-08,842901.3547495771,17993432.629066046,27.801222324630935,0.43314146386203073,11.0,17096743.97865915,18023950.71181586,17096743.978659116,927206.7331567295,8.50593509484057,1.0
9.83675627185684e-21,5.967448757360216e-14,2.54479243965674e-13,4.199701622043395e-21,1.0008675501354068e-07,19404979.315369956,-7.011819190634352e-08,1.437353027770053e-21,7.000971015002531e-08,19910186.819585737,0.0,4.1997016220433926e-21,1.0008675501354065e-07,19404979.315369915,7.011819190634354e-08,-1.7011870189681142e-08,-1.7011870189681142e-08,1.1515373595529426e-07,1.1515373595529426e-07,161.8623820870692,16300238.339057598,3.544084494595737e-08,850742.501350347,18001382.648242228,1.7011870189681142e-08,1.7011870189681142e-08,1.1515373595529414e-07,1.1515373595529414e-07,161.8623820870706,16300238.339050772,3.544084494624402e-08,850742.5013572294,18001382.648249157,29.844613782672454,0.4649773866514803,12.0,17098617.155634724,18025065.053976055,17098617.155634057,926447.8983416669,8.50593509484057,1.0
9.83675627185684e-21,7.30526750203353e-14,2.5447825373947624e-13,4.199717184307204e-21,1.0008687863935203e-07,19382465.48142429,-7.011810285293246e-08,1.437321903242431e-21,7.000920481490728e-08,19893620.582613796,0.0,4.199717184307204e-21,1.0008687863935203e-07,19382465.48142434,7.011810285293246e-08,-1.7011870189681142e-08,-1.7011870189681142e-08,1.1515278064315479e-07,1.1515278064315479e-07,161.86178577832115,16292515.354099993,3.576731511832326e-08,858593.5255084634,18009352.226888224,1.7011870189681142e-08,1.7011870189681142e-08,1.1515278064315472e-07,1.1515278064315472e-07,161.8617857783189,16292515.354103869,3.576731511816005e-08,858593.5255045462,18009352.226884253,31.986188480418416,0.49834299873572835,13.0,17100459.697552457,18025919.88770268,17100459.697552692,925460.1901501045,8.50593509484057,1.0
9.83675627185684e-21,7.360778653264788e-14,2.5447726477588923e-13,4.1997331691510566e-21,1.0008700562179924e-07,19360094.182463437,-7.011801658743675e-08,1.4372899335547265e-21,7.000868575024874e-08,19876594.171524182,-8.582027361559733e-25,4.1997331691510566e-21,1.0008700562179924e-07,19360094.182463486,7.011801658743676e-08,-1.7011870189681142e-08,-1.7011870189681142e-08,1.1515179133823241e-07,1.1515179133823241e-07,161.86140282469762,16284747.310875285,3.609605346475284e-08,866499.7700296119,18017387.113523036,1.7011870189681142e-08,1.7011870189681142e-08,1.1515179133823235e-07,1.1515179133823235e-07,161.8614028246494,16284747.310943116,3.609605346187953e-08,866499.7699606381,18017387.11345296,34.241890891770154,0.5334867141120261,14.0,17102284.215006385,18026531.88025735,17102284.215005945,924247.6652511843,8.50593509484057,1.0
9.83675627185684e-21,6.961098364399732e-14,2.544762774013429e-13,4.199749576504062e-21,1.000871359602936e-07,19337877.187507182,-7.011793333706195e-08,1.4372571188487157e-21,7.000815295774089e-08,19859137.640198354,8.582223301938912e-25,4.199749576504062e-21,1.000871359602936e-07,19337877.18750737,7.011793333706195e-08,-1.7011870189681142e-08,-1.7011870189681142e-08,1.1515076788653135e-07,1.1515076788653135e-07,161.86122338342426,16276934.591248544,3.642703446815458e-08,874460.6415278893,18025486.49943195,1.7011870189681142e-08,1.7011870189681142e-08,1.1515076788653135e-07,1.1515076788653136e-07,161.86122338346686,16276934.591194995,3.642703447042762e-08,874460.6415824555,18025486.499487486,36.615031829481175,0.5704601150549182,15.0,17104091.56317444,18026912.806563843,17104091.563174196,922821.2433895245,8.50593509484057,1.0
9.83675627185684e-21,1.192379528447418e-13,2.544752967747784e-13,4.199766322069274e-21,1.0008726898516441e-07,19315931.84072409,-7.011785371157703e-08,1.4372236277182902e-21,7.000760917417732e-08,19841373.04801636,8.582423290551958e-25,4.199766322069274e-21,1.0008726898516441e-07,19315931.840724144,7.011785371157703e-08,-1.7011870189681142e-08,-1.7011870189681142e-08,1.1514971543324284e-07,1.1514971543324284e-07,161.86123896771804,16269114.322528765,3.6758673786780235e-08,882438.044091098,18033611.365720775,1.7011870189681142e-08,1.7011870189681142e-08,1.1514971543324281e-07,1.1514971543324281e-07,161.861238967734,16269114.322514486,3.6758673787391164e-08,882438.0441057645,18033611.365735825,39.096434238014105,0.6091202235606686,16.0,17105873.85495902,18027073.45973645,17105873.85495974,921199.6047770716,8.50593509484057,1.0
9.836756271856837e-21,8.060219158778636e-14,2.5447432364808976e-13,4.199783392940797e-21,1.0008740459386769e-07,19294271.6600033,-7.011777790461462e-08,1.4371894859752436e-21,7.000705481815264e-08,19823348.274612628,0.0,4.199783392940797e-21,1.0008740459386769e-07,19294271.66000353,7.011777790461462e-08,-1.7011870189681142e-08,-1.7011870189681142e-08,1.1514863484378655e-07,1.1514863484378655e-07,161.8614401467081,16261289.260982858,3.709084188577672e-08,890428.8675757926,18041758.251557477,1.7011870189681142e-08,1.7011870189681142e-08,1.1514863484378652e-07,1.1514863484378652e-07,161.86144014668466,16261289.261018872,3.709084188425341e-08,890428.8675392233,18041758.251520354,41.68678456974487,0.6494777345182828,17.0,17107631.456647865,18027024.958368372,17107631.456646767,919393.501721058,8.50593509484057,1.0
9.83675627185684e-21,7.771561172376096e-14,2.5447335247696714e-13,4.199800890028511e-21,1.0008754358799361e-07,19272771.041716006,-7.011770563934981e-08,1.437154491799817e-21,7.000648661215861e-08,19804989.734369718,8.582836157589084e-25,4.199800890028511e-21,1.0008754358799361e-07,19272771.041715886,7.011770563934981e-08,-1.7011870189681142e-08,-1.7011870189681142e-08,1.1514751978118766e-07,1.1514751978118766e-07,161.86182017563797,16253412.848809093,3.742550607173967e-08,898480.4527867138,18049975.22057556,1.7011870189681142e-08,1.7011870189681142e-08,1.1514751978118786e-07,1.1514751978118786e-07,161.86182017569172,16253412.848729502,3.742550607510739e-08,898480.4528675601,18049975.220657647,44.404550340732776,0.6918203707784477,18.0,17109375.950579736,18026775.1282389,17109375.950579993,917399.1776590347,8.50593509484057,1.0
9.836756271856837e-21,3.22741833258533e-13,2.544723799569016e-13,4.199818879203812e-21,1.0008768649078381e-07,19251359.95535757,-7.011763689191521e-08,1.4371185134492128e-21,7.000590241633907e-08,19786257.60124701,0.0,4.199818879203812e-21,1.0008768649078381e-07,19251359.95535877,7.011763689191521e-08,-1.7011870189681142e-08,-1.7011870189681142e-08,1.1514636591229197e-07,1.1514636591229197e-07,161.8623742595696,16245456.684260372,3.776386790370299e-08,906621.7325399555,18058291.698787507,1.7011870189681142e-08,1.7011870189681142e-08,1.1514636591229214e-07,1.1514636591229214e-07,161.86237425937838,16245456.684537344,3.7763867891974974e-08,906621.7322583906,18058291.698501546,47.26416406948243,0.7363729901592586,19.0,17111114.47806974,18026330.419801272,17111114.478070877,915215.9417309612,8.50593509484057,1.0
9.836756271856838e-21,1.0635936575909e-13,2.544714142634952e-13,4.199837215142138e-21,1.0008783214777749e-07,19230214.80576161,-7.011757242879409e-08,1.4370818415725617e-21,7.000530694940733e-08,19767325.351087894,0.0,4.199837215142138e-21,1.0008783214777749e-07,19230214.805761624,7.011757242879409e-08,-1.7011870189681142e-08,-1.7011870189681142e-08,1.1514518229712611e-07,1.1514518229712611e-07,161.86308973280714,16237483.04722038,3.8103269540498556e-08,914788.7748676687,18066642.180350736,1.7011870189681142e-08,1.7011870189681142e-08,1.1514518229712623e-07,1.1514518229712623e-07,161.8630897328148,16237483.04721331,3.8103269540800054e-08,914788.7748749051,18066642.180358138,50.246475981495955,0.7828372402623288,20.0,17112834.271295324,18025707.299560063,17112834.271295562,912873.0282646194,8.50593509484057,1.0
9.83675627185684e-21,1.1929346399597307e-13,2.544704568048637e-13,4.199855868078027e-21,1.0008798032250084e-07,19209362.999234878,-7.011751247388464e-08,1.437044535700785e-21,7.000470117745843e-08,19748242.909897245,-8.583492877098515e-25,4.199855868078026e-21,1.0008798032250084e-07,19209362.99923487,7.011751247388465e-08,-1.7011870189681142e-08,-1.7011870189681142e-08,1.1514397062916073e-07,1.1514397062916073e-07,161.86395643804292,16229497.468928043,3.844346051866843e-08,922975.5535599403,18075020.15848187,1.7011870189681142e-08,1.7011870189681142e-08,1.1514397062916073e-07,1.1514397062916073e-07,161.86395643809033,16229497.468854183,3.844346052179197e-08,922975.5536349323,18075020.15855796,53.349571051797945,0.8311832851073732,21.0,17114534.59917254,18024924.75462243,17114534.599172227,910390.1554500461,8.50593509484057,1.0
9.836756271856841e-21,1.0103029524088925e-13,2.5446950181231116e-13,4.199874944953347e-21,1.000881318644498e-07,19188678.601446815,-7.011745686285966e-08,1.4370063819501474e-21,7.000408162682652e-08,19728922.972648658,0.0,4.199874944953347e-21,1.000881318644498e-07,19188678.601446986,7.011745686285966e-08,-1.7011870189681142e-08,-1.7011870189681142e-08,1.1514272354528662e-07,1.1514272354528662e-07,161.86497405943163,16221445.247059343,3.878675908771013e-08,931237.8601492587,18083482.454964355,1.7011870189681142e-08,1.7011870189681142e-08,1.1514272354528641e-07,1.1514272354528642e-07,161.86497405946596,16221445.247017117,3.878675908950412e-08,931237.8601923343,18083482.45500829,56.595192953989475,0.8817498898933938,22.0,17116226.802503746,18023994.18629846,17116226.802503154,907767.3837950081,8.50593509484057,1.0
9.836756271856837e-21,1.3050671654468715e-13,2.544685419319002e-13,4.19989459882439e-21,1.0008828798942922e-07,19168005.196198422,-7.011740542216422e-08,1.436967074208058e-21,7.000344332590903e-08,19709243.580779847,-8.583955580930083e-25,4.19989459882439e-21,1.0008828798942922e-07,19168005.196198378,7.011740542216423e-08,-1.7011870189681142e-08,-1.7011870189681142e-08,1.1514143072918978e-07,1.1514143072918979e-07,161.86614884536914,16213257.81506516,3.913608340202285e-08,939645.947170116,18092100.93128988,1.7011870189681142e-08,1.7011870189681142e-08,1.1514143072918991e-07,1.1514143072918991e-07,161.86614884542774,16213257.814989042,3.9136083405250834e-08,939645.947247617,18092100.931368724,60.01455469127759,0.9350233514365078,23.0,17117924.915507555,18022915.318533406,17117924.91550753,904990.4030258656,8.50593509484057,1.0
9.83675627185684e-21,7.327471962526033e-15,2.544685340245751e-13,4.199894762500899e-21,1.0008828928962861e-07,19167835.503344838,-7.011740501774478e-08,1.4369667468550423e-21,7.000343801012033e-08,19709080.618924636,0.0,4.199894762500899e-21,1.0008828928962861e-07,19167835.503344852,7.011740501774478e-08,-1.7011870189681142e-08,-1.7011870189681142e-08,1.1514141992645323e-07,1.1514141992645323e-07,161.8661589558237,16213190.142499115,3.913897169442673e-08,939715.4705592059,18092172.22053397,1.7011870189681142e-08,1.7011870189681142e-08,1.1514141992645321e-07,1.1514141992645323e-07,161.86615895582594,16213190.14249843,3.913897169445761e-08,939715.4705599472,18092172.220534775,60.04334689416693,0.9354719323212503,24.0,17117938.878020145,18022906.10201664,17117938.878020126,904967.2239965014,8.50593509484057,1.0
9.83675627185684e-21,7.327471962526033e-15,2.544685182185548e-13,4.199895089762957e-21,1.0008829188930477e-07,19167496.332201384,-7.011740421032794e-08,1.4369660923309244e-21,7.000342738149454e-08,19708754.883131526,-8.583961446336194e-25,4.199895089762957e-21,1.0008829188930477e-07,19167496.33220139,7.011740421032793e-08,-1.7011870189681142e-08,-1.7011870189681142e-08,1.1514139832634203e-07,1.1514139832634203e-07,161.8661794018423,16213054.556604045,3.9144758498071314e-08,939854.7626795042,18092315.049001597,1.7011870189681142e-08,1.7011870189681142e-08,1.1514139832634205e-07,1.1514139832634205e-07,161.86617940184044,16213054.556609225,3.914475849785371e-08,939854.7626742795,18092315.048996326,60.100931299945614,0.936369094090735,25.0,17117966.79199511,18022887.652625654,17117966.791995093,904920.8606305532,8.50593509484057,1.0
9.83675627185684e-21,7.327471962526033e-15,2.544685169545861e-13,4.199895115938744e-21,1.0008829209723773e-07,19167469.211191397,-7.011740414581604e-08,1.4369660399793508e-21,7.00034265313725e-08,19708728.83250002,0.0,4.199895115938744e-21,1.0008829209723773e-07,19167469.21119141,7.011740414581604e-08,-1.7011870189681142e-08,-1.7011870189681142e-08,1.1514139659856461e-07,1.1514139659856461e-07,161.8661810400068,16213043.713429164,3.914522128940035e-08,939865.9023772739,18092326.47163697,1.7011870189681142e-08,1.7011870189681142e-08,1.151413965985646e-07,1.1514139659856461e-07,161.86618104000266,16213043.71343713,3.914522128906436e-08,939865.9023692068,18092326.4716288,60.10553805240791,0.9364408670322937,26.0,17117969.024107065,18022886.172968507,17117969.024107046,904917.1488614529,8.50593509484057,1.0
9.83675627185684e-21,7.327471962526033e-15,2.544685164490199e-13,4.199895126408844e-21,1.000882921804092e-07,19167458.3633121,-7.011740412001464e-08,1.4369660190391516e-21,7.000342619133067e-08,19708718.412602775,0.0,4.199895126408844e-21,1.000882921804092e-07,19167458.36331211,7.011740412001464e-08,-1.7011870189681142e-08,-1.7011870189681142e-08,1.1514139590746417e-07,1.1514139590746417e-07,161.8661816953283,16213039.376240473,3.9145406402536766e-08,939870.3581748791,18092331.040609553,1.7011870189681142e-08,1.7011870189681142e-08,1.1514139590746417e-07,1.1514139590746417e-07,161.86618169532838,16213039.3762426,3.9145406402448324e-08,939870.3581727557,18092331.040607423,60.107380753392825,0.9364695762089172,27.0,17117969.916914586,18022885.581035063,17117969.916914575,904915.6641204804,8.50593509484057,1.0
9.83675627185684e-21,7.327471962526033e-15,2.5446851543792407e-13,4.199895147348674e-21,1.0008829234674922e-07,19167436.66845256,-7.011740406841766e-08,1.4369659771594907e-21,7.000342551125896e-08,19708697.573426258,0.0,4.199895147348674e-21,1.0008829234674922e-07,19167436.668452565,7.011740406841766e-08,-1.7011870189681142e-08,-1.7011870189681142e-08,1.1514139452528158e-07,1.1514139452528158e-07,161.86618300596058,16213030.702127814,3.91457766176592e-08,939879.2695023939,18092340.178284302,1.7011870189681142e-08,1.7011870189681142e-08,1.1514139452528158e-07,1.1514139452528158e-07,161.86618300595745,16213030.702134931,3.9145776617359825e-08,939879.269495206,18092340.178277034,60.11106615536266,0.9365269945621642,28.0,17117971.702466402,18022884.39705777,17117971.702466387,904912.6945913769,8.50593509484057,1.0
9.83675627185684e-21,7.327471962526033e-15,2.5446851535703854e-13,4.19989514902384e-21,1.0008829236005625e-07,19167434.932915732,-7.011740406429024e-08,1.4369659738091603e-21,7.000342545685392e-08,19708695.9063252,0.0,4.19989514902384e-21,1.0008829236005625e-07,19167434.932915743,7.011740406429024e-08,-1.7011870189681142e-08,-1.7011870189681142e-08,1.1514139441470799e-07,1.1514139441470799e-07,161.8661831108494,16213030.008165147,3.914580623630239e-08,939879.9824430123,18092340.909333464,1.7011870189681142e-08,1.7011870189681142e-08,1.15141394414708e-07,1.15141394414708e-07,161.86618311084084,16213030.008177824,3.914580623576571e-08,939879.9824301265,18092340.909320373,60.11136098752024,0.9365315880304239,29.0,17117971.84530731,18022884.302337673,17117971.845307294,904912.4570303708,8.50593509484057,1.0
9.836756271856838e-21,7.327471962526033e-15,2.5446851519526834e-13,4.1998951523741596e-21,1.0008829238667023e-07,19167431.46186508,-7.011740405603555e-08,1.4369659671085182e-21,7.000342534804413e-08,19708692.572139163,0.0,4.19989515237416e-21,1.0008829238667024e-07,19167431.461865086,7.011740405603553e-08,-1.7011870189681142e-08,-1.7011870189681142e-08,1.1514139419356128e-07,1.1514139419356128e-07,161.8661833206344,16213028.620239742,3.914586547359603e-08,939881.4083244242,18092342.37143211,1.7011870189681142e-08,1.7011870189681142e-08,1.1514139419356128e-07,1.1514139419356128e-07,161.86618332062662,16213028.620252104,3.9145865473073385e-08,939881.4083118755,18092342.371419378,60.111950651835414,0.9365407749669434,30.0,17117972.130987618,18022884.112895355,17117972.13098759,904911.9819077514,8.50593509484057,1.0
9.83675627185684e-21,7.327471962526033e-15,2.544685151947507e-13,4.1998951523848816e-21,1.000882923867554e-07,19167431.450757768,-7.011740405600913e-08,1.4369659670870762e-21,7.000342534769594e-08,19708692.56146981,-8.583962194501697e-25,4.1998951523848816e-21,1.000882923867554e-07,19167431.45075778,7.011740405600913e-08,-1.7011870189681142e-08,-1.7011870189681142e-08,1.1514139419285361e-07,1.1514139419285361e-07,161.86618332130232,16213028.61580123,3.9145865663033296e-08,939881.4128843136,18092342.376107812,1.7011870189681142e-08,1.7011870189681142e-08,1.1514139419285361e-07,1.1514139419285361e-07,161.86618332129734,16213028.615812112,3.914586566257511e-08,939881.4128733128,18092342.376096703,60.11195253876122,0.9365408043651403,31.0,17117972.13190179,18022884.1122891,17117972.131901767,904911.9803873226,8.50593509484057,1.0
9.83675627185684e-21,7.327471962526033e-15,2.5446851519371536e-13,4.199895152406323e-21,1.0008829238692573e-07,19167431.428543143,-7.011740405595628e-08,1.4369659670441921e-21,7.000342534699956e-08,19708692.540131085,0.0,4.199895152406323e-21,1.0008829238692573e-07,19167431.428543154,7.011740405595628e-08,-1.7011870189681142e-08,-1.7011870189681142e-08,1.1514139419143827e-07,1.1514139419143827e-07,161.86618332264987,16213028.60691191,3.91458660424317e-08,939881.4220166709,18092342.385472078,1.7011870189681142e-08,1.7011870189681142e-08,1.1514139419143827e-07,1.1514139419143827e-07,161.86618332263558,16213028.606934931,3.914586604145863e-08,939881.4219933078,18092342.385448378,60.11195631261284,0.936540863161534,32.0,17117972.13373013,18022884.111076716,17117972.133730106,904911.9773465991,8.50593509484057,1.0
9.836756271856838e-21,7.327471962526033e-15,2.5446851519330116e-13,4.1998951524149e-21,1.0008829238699386e-07,19167431.419657294,-7.011740405593516e-08,1.4369659670270386e-21,7.0003425346721e-08,19708692.53159559,8.583962194860342e-25,4.1998951524149e-21,1.0008829238699386e-07,19167431.419657305,7.011740405593517e-08,-1.7011870189681142e-08,-1.7011870189681142e-08,1.1514139419087214e-07,1.1514139419087214e-07,161.86618332318386,16213028.603364594,3.914586619383562e-08,939881.4256610796,18092342.389209136,1.7011870189681142e-08,1.7011870189681142e-08,1.1514139419087215e-07,1.1514139419087215e-07,161.86618332316996,16213028.603386387,3.9145866192914145e-08,939881.4256389551,18092342.389186673,60.111957822153485,0.9365408866800915,33.0,17117972.13446145,18022884.11059176,17117972.134461436,904911.9761303179,8.50593509484057,1.0
9.83675627185684e-21,7.327471962526033e-15,2.544685151924729e-13,4.199895152432053e-21,1.0008829238713013e-07,19167431.401885595,-7.01174040558929e-08,1.436965966992731e-21,7.000342534616389e-08,19708692.5145246,0.0,4.199895152432054e-21,1.0008829238713013e-07,19167431.40188561,7.011740405589289e-08,-1.7011870189681142e-08,-1.7011870189681142e-08,1.1514139418973987e-07,1.1514139418973987e-07,161.86618332425837,16213028.596255124,3.9145866497268257e-08,939881.4329648986,18092342.396698393,1.7011870189681142e-08,1.7011870189681142e-08,1.1514139418973987e-07,1.1514139418973988e-07,161.86618332425286,16213028.59626564,3.914586649682452e-08,939881.4329542443,18092342.396687604,60.111960841234776,0.9365409337172064,34.0,17117972.135924123,18022884.109621845,17117972.13592411,904911.9736977294,8.50593509484057,1.0
9.83675627185684e-21,7.327471962526033e-15,2.5446851519214167e-13,4.1998951524389145e-21,1.0008829238718463e-07,19167431.394776914,-7.0117404055876e-08,1.4369659669790086e-21,7.000342534594106e-08,19708692.50769621,0.0,4.199895152438916e-21,1.0008829238718464e-07,19167431.39477693,7.0117404055876e-08,-1.7011870189681142e-08,-1.7011870189681142e-08,1.1514139418928695e-07,1.1514139418928695e-07,161.8661833246844,16213028.593421197,3.9145866618226725e-08,939881.4358764719,18092342.39968405,1.7011870189681142e-08,1.7011870189681142e-08,1.1514139418928697e-07,1.1514139418928697e-07,161.8661833246846,16213028.59342092,3.9145866618238365e-08,939881.4358767513,18092342.39968434,60.11196204886729,0.9365409525320524,35.0,17117972.13650919,18022884.109233823,17117972.136509184,904911.9727246352,8.50593509484057,1.0
9.83675627185684e-21,7.327471962526033e-15,2.5446851519147903e-13,4.199895152452639e-21,1.0008829238729366e-07,19167431.380559556,-7.011740405584218e-08,1.4369659669515626e-21,7.000342534549537e-08,19708692.494039442,8.583962195311212e-25,4.199895152452638e-21,1.0008829238729364e-07,19167431.38055957,7.011740405584218e-08,-1.7011870189681142e-08,-1.7011870189681142e-08,1.1514139418838114e-07,1.1514139418838114e-07,161.86618332553837,16213028.587742677,3.9145866860589884e-08,939881.4417103324,18092342.405666135,1.7011870189681142e-08,1.7011870189681142e-08,1.1514139418838116e-07,1.1514139418838116e-07,161.86618332553306,16213028.587753192,3.914586686014653e-08,939881.4416996874,18092342.405655358,60.11196446413233,0.9365409901617444,36.0,17117972.137679342,18022884.10845781,17117972.137679335,904911.9707784727,8.50593509484057,1.0
9.83675627185684e-21,7.327471962526033e-15,2.5446851519015374e-13,4.199895152480084e-21,1.0008829238751166e-07,19167431.352124847,-7.011740405577455e-08,1.4369659668966714e-21,7.000342534460401e-08,19708692.466725867,0.0,4.1998951524800835e-21,1.0008829238751166e-07,19167431.352124862,7.011740405577457e-08,-1.7011870189681142e-08,-1.7011870189681142e-08,1.1514139418656951e-07,1.1514139418656953e-07,161.8661833272619,16213028.576364709,3.914586734620324e-08,939881.4533993509,18092342.41765196,1.7011870189681142e-08,1.7011870189681142e-08,1.1514139418656951e-07,1.1514139418656951e-07,161.8661833272594,16213028.576369504,3.914586734600122e-08,939881.4533945005,18092342.417647053,60.111969294662394,0.9365410654211282,37.0,17117972.140019637,18022884.1069059,17117972.14001963,904911.9668862671,8.50593509484057,1.0
9.83675627185684e-21,7.327471962526033e-15,2.5446851518962373e-13,4.199895152491062e-21,1.0008829238759888e-07,19167431.34075096,-7.011740405574751e-08,1.4369659668747146e-21,7.000342534424745e-08,19708692.455800448,0.0,4.199895152491062e-21,1.0008829238759888e-07,19167431.340750977,7.011740405574751e-08,-1.7011870189681142e-08,-1.7011870189681142e-08,1.1514139418584485e-07,1.1514139418584486e-07,161.8661833279568,16213028.571804713,3.914586754082106e-08,939881.4580839016,18092342.422455367,1.7011870189681142e-08,1.7011870189681142e-08,1.1514139418584486e-07,1.1514139418584486e-07,161.86618332794637,16213028.571823563,3.914586754002557e-08,939881.458064802,18092342.422436018,60.111971226874424,0.9365410955248819,38.0,17117972.140955746,18022884.106285214,17117972.140955742,904911.9653294683,8.50593509484057,1.0
9.836756271856841e-21,7.327471962526033e-15,2.5446851518856355e-13,4.19989515251302e-21,1.000882923877733e-07,19167431.318003196,-7.011740405569341e-08,1.4369659668308014e-21,7.000342534353437e-08,19708692.433949597,8.5839621960326e-25,4.19989515251302e-21,1.000882923877733e-07,19167431.318003207,7.011740405569341e-08,-1.7011870189681142e-08,-1.7011870189681142e-08,1.1514139418439555e-07,1.1514139418439555e-07,161.86618332933224,16213028.562707584,3.9145867929090084e-08,939881.4674297944,18092342.432038635,1.7011870189681142e-08,1.7011870189681142e-08,1.1514139418439556e-07,1.1514139418439556e-07,161.8661833293175,16213028.562734723,3.914586792794503e-08,939881.4674023017,18092342.432010785,60.11197509129848,0.9365411557323892,39.0,17117972.14282798,18022884.105043616,17117972.14282797,904911.9622156434,8.50593509484057,1.0
9.836756271856841e-21,7.327471962526033e-15,2.544685151881395e-13,4.1998951525218024e-21,1.0008829238784306e-07,19167431.308904085,-7.011740405567176e-08,1.4369659668132361e-21,7.000342534324913e-08,19708692.425209254,0.0,4.1998951525218024e-21,1.0008829238784306e-07,19167431.3089041,7.011740405567177e-08,-1.7011870189681142e-08,-1.7011870189681142e-08,1.1514139418381584e-07,1.1514139418381584e-07,161.86618332987496,16213028.559082361,3.9145868083822516e-08,939881.4711543415,18092342.43585794,1.7011870189681142e-08,1.7011870189681142e-08,1.1514139418381584e-07,1.1514139418381584e-07,161.86618332987425,16213028.559083669,3.914586808376743e-08,939881.471153019,18092342.435856603,60.1119766370681,0.936541179815392,40.0,17117972.143576864,18022884.104547027,17117972.143576857,904911.9609701671,8.50593509484057,1.0
9.83675627185684e-21,7.327471962526033e-15,2.5446851518729133e-13,4.199895152539366e-21,1.0008829238798258e-07,19167431.290705875,-7.01174040556285e-08,1.4369659667781054e-21,7.000342534267864e-08,19708692.407728583,0.0,4.1998951525393675e-21,1.0008829238798258e-07,19167431.29070589,7.011740405562848e-08,-1.7011870189681142e-08,-1.7011870189681142e-08,1.1514139418265639e-07,1.1514139418265639e-07,161.86618333097323,16213028.551807761,3.914586839430636e-08,939881.4786279015,18092342.44352135,1.7011870189681142e-08,1.7011870189681142e-08,1.1514139418265639e-07,1.1514139418265639e-07,161.8661833309688,16213028.5518155,3.9145868393979677e-08,939881.4786200579,18092342.443513397,60.111979728607345,0.9365412279813976,41.0,17117972.14507465,18022884.103553746,17117972.145074636,904911.9584791027,8.50593509484057,1.0
9.83675627185684e-21,7.327471962526033e-15,2.544685151869521e-13,4.199895152546393e-21,1.000882923880384e-07,19167431.283426587,-7.011740405561118e-08,1.4369659667640532e-21,7.000342534245046e-08,19708692.400736313,8.583962196431332e-25,4.199895152546393e-21,1.000882923880384e-07,19167431.2834266,7.011740405561117e-08,-1.7011870189681142e-08,-1.7011870189681142e-08,1.151413941821926e-07,1.1514139418219262e-07,161.86618333141396,16213028.54889613,3.914586851857602e-08,939881.4816191532,18092342.446588576,1.7011870189681142e-08,1.7011870189681142e-08,1.1514139418219262e-07,1.1514139418219262e-07,161.86618333140623,16213028.548909232,3.914586851802257e-08,939881.4816058651,18092342.446575098,60.11198096522304,0.9365412472477999,42.0,17117972.14567376,18022884.103156433,17117972.14567374,904911.9574826807,8.50593509484057,1.0
9.83675627185684e-21,7.327471962526033e-15,2.5446851518627356e-13,4.199895152560445e-21,1.0008829238815003e-07,19167431.268868018,-7.011740405557656e-08,1.4369659667359484e-21,7.000342534199407e-08,19708692.38675176,0.0,4.199895152560445e-21,1.0008829238815003e-07,19167431.268868033,7.011740405557656e-08,-1.7011870189681142e-08,-1.7011870189681142e-08,1.1514139418126506e-07,1.1514139418126506e-07,161.86618333229134,16213028.543077046,3.914586876693698e-08,939881.4875973742,18092342.452718638,1.7011870189681142e-08,1.7011870189681142e-08,1.1514139418126506e-07,1.1514139418126506e-07,161.86618333229106,16213028.543079667,3.914586876682752e-08,939881.487594746,18092342.452716,60.11198343845444,0.9365412857806046,43.0,17117972.146872,18022884.102361817,17117972.146871965,904911.9554898329,8.50593509484057,1.0
9.836756271856837e-21,7.327471962526033e-15,2.5446851518600214e-13,4.199895152566065e-21,1.0008829238819467e-07,19167431.263044592,-7.011740405556273e-08,1.436965966724707e-21,7.000342534181153e-08,19708692.381157942,0.0,4.199895152566065e-21,1.0008829238819467e-07,19167431.26304461,7.011740405556273e-08,-1.7011870189681142e-08,-1.7011870189681142e-08,1.1514139418089404e-07,1.1514139418089404e-07,161.8661833326444,16213028.54074956,3.914586886627739e-08,939881.4899885673,18092342.455170613,1.7011870189681142e-08,1.7011870189681142e-08,1.1514139418089404e-07,1.1514139418089404e-07,161.86618333264,16213028.540755115,3.9145868866041633e-08,939881.4899829067,18092342.45516485,60.111984427747,0.9365413011937264,44.0,17117972.14735128,18022884.102044053,17117972.14735125,904911.9546927884,8.50593509484057,1.0
