total_volume_m3,mirror_error,energy_J,V_left_m3,R_left_m,mu_left_Pa,centroid_left_m,V_center_m3,R_center_m,mu_center_Pa,centroid_center_m,V_right_m3,R_right_m,mu_right_Pa,centroid_right_m,LEFT_gb_z_m,LEFT_tj_z_m,LEFT_tj_r_m,LEFT_neck_r_m,LEFT_psi_deg,LEFT_kappa_per_m,LEFT_CC_force_N,LEFT_CC_stress_Pa,LEFT_PF_geometric_stress_Pa,RIGHT_gb_z_m,RIGHT_tj_z_m,RIGHT_tj_r_m,RIGHT_neck_r_m,RIGHT_psi_deg,RIGHT_kappa_per_m,RIGHT_CC_force_N,RIGHT_CC_stress_Pa,RIGHT_PF_geometric_stress_Pa,t_model,t_s,step,mu_projected_left_Pa,mu_projected_center_Pa,mu_projected_right_Pa,delta_mu_projected_Pa,center_GB_separation_over_W,center_solid_core_f
9.83675627185684e-21,1.4988010832439613e-15,2.5451209246041926e-13,4.199353116151932e-21,1.0008398642092724e-07,20118817.61168019,-7.012182896269935e-08,1.4380500395529745e-21,7.002102486216463e-08,20169801.292009674,0.0,4.199353116151932e-21,1.0008398642092724e-07,20118817.6116802,7.012182896269935e-08,-1.7011870189681142e-08,-1.7011870189681142e-08,1.1515594369239526e-07,1.1515594369239526e-07,162.07093790319374,16188492.399133608,4.0290255828683915e-08,967113.4761269055,18122692.324116893,1.7011870189681142e-08,1.7011870189681142e-08,1.1515594369239527e-07,1.1515594369239527e-07,162.0709379031859,16188492.39914519,4.0290255828193655e-08,967113.4761151373,18122692.324104935,1.1162617896462925,0.017391295245039694,0.0,17045064.98012802,18127946.565753724,17045064.980128046,1082881.5856256895,8.50593509484057,1.0
9.83675627185684e-21,6.106226635438361e-15,2.545115752299e-13,4.1993565835742064e-21,1.000840139674992e-07,20110566.12089791,-7.012177802975513e-08,1.4380431047084264e-21,7.002091230564951e-08,20167101.516854472,0.0,4.1993565835742064e-21,1.000840139674992e-07,20110566.12089792,7.012177802975513e-08,-1.7011870189681142e-08,-1.7011870189681142e-08,1.1515680926808844e-07,1.1515680926808844e-07,162.06492669133394,16209867.91903113,3.93890495947135e-08,945467.0175590236,18100772.17265465,1.7011870189681142e-08,1.7011870189681142e-08,1.1515680926808845e-07,1.1515680926808845e-07,162.06492669132507,16209867.91904646,3.9389049594066023e-08,945467.0175434817,18100772.1726389,1.2013975653439974,0.018717705792106278,1.0,17044779.05466101,18112031.334027067,17044779.054661013,1067252.2793660536,8.50593509484057,1.0
9.83675627185684e-21,3.219646771412954e-15,2.545110509717686e-13,4.19936021446431e-21,1.0008404281270788e-07,20102012.94161212,-7.012172500462915e-08,1.4380358429282204e-21,7.00207944423928e-08,20164411.454615295,8.577575862882527e-25,4.19936021446431e-21,1.0008404281270788e-07,20102012.941612124,7.012172500462915e-08,-1.7011870189681142e-08,-1.7011870189681142e-08,1.1515764037414001e-07,1.1515764037414001e-07,162.05887625760897,16230228.636857059,3.8530244951089343e-08,924839.5259777643,18079874.874194067,1.7011870189681142e-08,1.7011870189681142e-08,1.1515764037414e-07,1.1515764037414e-07,162.05887625759638,16230228.636876006,3.853024495028757e-08,924839.5259585194,18079874.874174524,1.2930831367194018,0.02014616178360364,2.0,17044577.762505986,18096923.841886275,17044577.762505956,1052346.0793803036,8.50593509484057,1.0
9.836756271856841e-21,4.773959005888173e-15,2.5451052608003635e-13,4.1993639616862565e-21,1.0008407258208473e-07,20093261.383471757,-7.012167059307547e-08,1.438028348484328e-21,7.002067280244215e-08,20161771.977857433,0.0,4.1993639616862565e-21,1.0008407258208473e-07,20093261.38347177,7.012167059307547e-08,-1.7011870189681142e-08,-1.7011870189681142e-08,1.1515842539085556e-07,1.1515842539085556e-07,162.05285813654405,16249318.931524567,3.77246298994474e-08,905490.0432407223,18060262.922308724,1.7011870189681142e-08,1.7011870189681142e-08,1.1515842539085556e-07,1.1515842539085557e-07,162.05285813653808,16249318.931533761,3.772462989905847e-08,905490.0432313867,18060262.922299244,1.390565543248295,0.021664932137355666,3.0,17044464.01165737,18082824.89117859,17044464.011657372,1038360.8795212172,8.50593509484057,1.0
9.83675627185684e-21,3.1086244689504383e-15,2.545100003459245e-13,4.199367821421164e-21,1.0008410324528943e-07,20084310.62819828,-7.01216148629062e-08,1.438020629014513e-21,7.002054750972501e-08,20159188.400381405,0.0,4.199367821421164e-21,1.0008410324528943e-07,20084310.628198296,7.01216148629062e-08,-1.7011870189681142e-08,-1.7011870189681142e-08,1.1515916418224931e-07,1.1515916418224931e-07,162.04686405653464,16267172.753689019,3.6970786697862635e-08,887384.4436415527,18041902.014663868,1.7011870189681142e-08,1.7011870189681142e-08,1.151591641822493e-07,1.151591641822493e-07,162.0468640565271,16267172.753701944,3.6970786697316855e-08,887384.4436284527,18041902.01465059,1.4941625345680623,0.023278967374654957,4.0,17044436.38489474,18069721.85783122,17044436.384894814,1025285.472936444,8.50593509484057,1.0
9.836756271856843e-21,2.1094237467877974e-15,2.5450947310315216e-13,4.19937179321759e-21,1.000841347987339e-07,20075151.825699273,-7.012155783411005e-08,1.4380126854216614e-21,7.002041857885674e-08,20156662.754404657,8.577713994674632e-25,4.1993717932175905e-21,1.0008413479873392e-07,20075151.82569928,7.012155783411004e-08,-1.7011870189681142e-08,-1.7011870189681142e-08,1.151598573609998e-07,1.151598573609998e-07,162.04089395016211,16283821.25996057,3.626741759661287e-08,870491.477829501,18024760.80920513,1.7011870189681142e-08,1.7011870189681142e-08,1.151598573609998e-07,1.151598573609998e-07,162.04089395016564,16283821.259955237,3.626741759683846e-08,870491.4778349157,18024760.80921063,1.6043075218368683,0.02499502001671478,5.0,17044493.36135369,18057587.75101079,17044493.361353673,1013094.38965711,8.50593509484057,1.0
9.836756271856841e-21,3.6637359812630166e-15,2.5450894367529726e-13,4.199375876991011e-21,1.0008416724174501e-07,20065775.346251376,-7.01214995231665e-08,1.4380045178748198e-21,7.002028601254094e-08,20154195.950384147,8.577762714188355e-25,4.19937587699101e-21,1.0008416724174501e-07,20065775.346251383,7.012149952316652e-08,-1.7011870189681142e-08,-1.7011870189681142e-08,1.1516050555242382e-07,1.1516050555242382e-07,162.03494682711454,16299297.386270203,3.5613149397571054e-08,854778.0934326239,18008806.1382553,1.7011870189681142e-08,1.7011870189681142e-08,1.1516050555242382e-07,1.1516050555242382e-07,162.03494682711292,16299297.386270538,3.5613149397555536e-08,854778.0934322514,18008806.138254892,1.7214778430972142,0.026820526963109964,6.0,17044633.506574713,18046394.866287395,17044633.5065748,1001761.359712638,8.50593509484057,1.0
9.83675627185684e-21,2.942091015256665e-15,2.545084134727941e-13,4.199380056365805e-21,1.000842004442271e-07,20056208.982249983,-7.012144017926283e-08,1.43799615912523e-21,7.002015034232022e-08,20151796.9621103,0.0,4.199380056365805e-21,1.000842004442271e-07,20056208.98225,7.012144017926283e-08,-1.7011870189681142e-08,-1.7011870189681142e-08,1.1516110710700197e-07,1.1516110710700197e-07,162.02904077874055,16313586.919346731,3.500860455860971e-08,840259.1777955443,17994053.581706412,1.7011870189681142e-08,1.7011870189681142e-08,1.1516110710700197e-07,1.1516110710700197e-07,162.02904077873112,16313586.919361651,3.5008604557978784e-08,840259.177780401,17994053.581691045,1.8456937038120116,0.028755803013804388,7.0,17044854.41600534,18036153.555791866,17044854.41600537,991299.1397865117,8.50593509484057,1.0
9.83675627185684e-21,3.497202527569243e-15,2.54507882242231e-13,4.199384327559852e-21,1.0008423437613217e-07,20046451.87319085,-7.01213798713977e-08,1.4379876167371343e-21,7.002001169093386e-08,20149465.123668395,0.0,4.199384327559852e-21,1.0008423437613217e-07,20046451.873190865,7.012137987139769e-08,-1.7011870189681142e-08,-1.7011870189681142e-08,1.1516166275623276e-07,1.1516166275623276e-07,162.0231762356979,16326730.900005199,3.445207251122377e-08,826893.5918907747,17980461.910973467,1.7011870189681142e-08,1.7011870189681142e-08,1.1516166275623276e-07,1.1516166275623276e-07,162.02317623569564,16326730.900010005,3.445207251102153e-08,826893.5918859206,17980461.91096856,1.9773342486613565,0.030806755221366992,8.0,17045153.596699424,18026832.001443952,17045153.596699428,981678.4047445282,8.50593509484057,1.0
9.83675627185684e-21,3.1086244689504383e-15,2.545073493920625e-13,4.199388689862231e-21,1.0008426903181091e-07,20036496.747578543,-7.012131862684003e-08,1.4379788921323776e-21,7.00198700814245e-08,20147196.72820836,0.0,4.199388689862231e-21,1.0008426903181091e-07,20036496.747578554,7.012131862684003e-08,-1.7011870189681142e-08,-1.7011870189681142e-08,1.1516217365037109e-07,1.1516217365037109e-07,162.0173510743002,16338778.303616367,3.394150689543747e-08,814632.1392929517,17967981.715708394,1.7011870189681142e-08,1.7011870189681142e-08,1.1516217365037109e-07,1.1516217365037109e-07,162.01735107429096,16338778.303631296,3.394150689480629e-08,814632.1392778028,17967981.715693027,2.1168923894024405,0.03298106312296243,9.0,17045528.68424477,18018391.32808546,17045528.684244644,972862.6438407525,8.50593509484057,1.0
9.836756271856837e-21,3.1086244689504383e-15,2.545068147087366e-13,4.199393139905799e-21,1.0008430438451208e-07,20026343.119051635,-7.012125651220351e-08,1.437969992045239e-21,7.001972562306139e-08,20144988.135442637,8.577968667285634e-25,4.1993931399058e-21,1.0008430438451209e-07,20026343.119051654,7.012125651220351e-08,-1.7011870189681142e-08,-1.7011870189681142e-08,1.1516264060712013e-07,1.1516264060712013e-07,162.01156837267874,16349768.461424546,3.3475269846139516e-08,803435.4404424187,17956573.57951005,1.7011870189681142e-08,1.7011870189681142e-08,1.1516264060712012e-07,1.1516264060712012e-07,162.0115683726712,16349768.461438382,3.3475269845555745e-08,803435.4404284079,17956573.579495862,2.2647982090103276,0.03528542738690038,10.0,17045977.03067088,18010798.28295664,17045977.03067096,964821.2522857226,8.50593509484057,1.0
9.83675627185684e-21,3.2751579226442118e-15,2.545062794881697e-13,4.199397661829396e-21,1.0008434030822773e-07,20016019.860293396,-7.012119376854921e-08,1.4379609481980485e-21,7.001957883070135e-08,20142840.01760185,8.578022617177618e-25,4.199397661829396e-21,1.0008434030822773e-07,20016019.86029341,7.012119376854921e-08,-1.7011870189681142e-08,-1.7011870189681142e-08,1.1516306341442109e-07,1.1516306341442109e-07,162.00584805548598,16359714.897989545,3.305282089917574e-08,793290.4752229266,17946225.01382889,1.7011870189681142e-08,1.7011870189681142e-08,1.1516306341442109e-07,1.1516306341442109e-07,162.00584805548618,16359714.897990704,3.3052820899127625e-08,793290.4752217717,17946225.01382774,2.421053771121002,0.03771988016451222,11.0,17046494.29810556,18004035.859513845,17046494.29810544,957541.5614083447,8.50593509484057,1.0
9.83675627185684e-21,4.440892098500626e-15,2.5450574333211143e-13,4.199402254097171e-21,1.0008437679075534e-07,20005524.191694383,-7.012113043744497e-08,1.437951763662497e-21,7.001942975417251e-08,20140744.32654005,0.0,4.1994022540971705e-21,1.0008437679075532e-07,20005524.191694394,7.012113043744497e-08,-1.7011870189681142e-08,-1.7011870189681142e-08,1.151634435490659e-07,1.151634435490659e-07,162.000192114571,16368669.2666865,3.267200350133219e-08,784145.4186056964,17936884.034837585,1.7011870189681142e-08,1.7011870189681142e-08,1.151634435490659e-07,1.151634435490659e-07,162.00019211456072,16368669.266703818,3.267200350060034e-08,784145.4185881317,17936884.034819774,2.5861252345355648,0.04029168418342708,12.0,17047077.281526577,17998059.55890734,17047077.28152669,950982.2773807086,8.50593509484057,1.0
9.83675627185684e-21,3.552713678800501e-15,2.545052056063661e-13,4.199406917821047e-21,1.0008441384092712e-07,19994848.35380679,-7.01210665264956e-08,1.4379424362147452e-21,7.001927835734977e-08,20138690.790886577,0.0,4.199406917821047e-21,1.0008441384092712e-07,19994848.353806805,7.012106652649561e-08,-1.7011870189681142e-08,-1.7011870189681142e-08,1.1516378261157073e-07,1.1516378261157073e-07,161.99460063643133,16376684.661079329,3.233059822775221e-08,775946.941832874,17928497.089178886,1.7011870189681142e-08,1.7011870189681142e-08,1.1516378261157073e-07,1.1516378261157073e-07,161.99460063643647,16376684.661073867,3.233059822798488e-08,775946.9418384582,17928497.08918459,2.7605921246602896,0.043009868416540024,13.0,17047723.13415686,17992823.608233266,17047723.134156734,945100.4740764685,8.50593509484057,1.0
9.83675627185684e-21,4.385380947269368e-15,2.5450466762327595e-13,4.199411637633902e-21,1.0008445133666048e-07,19984023.503230073,-7.012100227003898e-08,1.4379329965890361e-21,7.001912513906375e-08,20136675.165869072,0.0,4.199411637633902e-21,1.0008445133666048e-07,19984023.503230084,7.012100227003898e-08,-1.7011870189681142e-08,-1.7011870189681142e-08,1.1516408110329114e-07,1.1516408110329114e-07,161.9890940135288,16383786.752252135,3.2027554260828626e-08,768669.7840514295,17921039.35667975,1.7011870189681142e-08,1.7011870189681142e-08,1.1516408110329114e-07,1.1516408110329116e-07,161.98909401353012,16383786.752249751,3.202755426092922e-08,768669.7840538435,17921039.356682193,2.944405232847462,0.04587366619591621,14.0,17048426.527716137,17988299.4869608,17048426.527716044,939872.9592447057,8.50593509484057,1.0
9.836756271856838e-21,4.6629367034256575e-15,2.545041294864312e-13,4.199416408916596e-21,1.0008448924125846e-07,19973057.526629195,-7.012093775462661e-08,1.4379234540236452e-21,7.00189702492416e-08,20134687.285999034,-8.578246291028367e-25,4.199416408916596e-21,1.0008448924125846e-07,19973057.52662921,7.012093775462661e-08,-1.7011870189681142e-08,-1.7011870189681142e-08,1.1516434051658356e-07,1.1516434051658356e-07,161.9836796830763,16390023.099551678,3.1760890193079486e-08,762266.341709543,17914463.20831749,1.7011870189681142e-08,1.7011870189681142e-08,1.1516434051658354e-07,1.1516434051658354e-07,161.98367968308884,16390023.099535206,3.1760890193778196e-08,762266.3417263124,17914463.208334558,3.1378778976434694,0.04888795931830118,15.0,17049183.31803666,17984443.61304747,17049183.318036646,935260.2950108163,8.50593509484057,1.0
9.836756271856837e-21,3.774758283725532e-15,2.5450359064055596e-13,4.199421233460954e-21,1.0008452756895499e-07,19961944.820391215,-7.012087298175021e-08,1.4379138049349298e-21,7.001881362969298e-08,20132713.645062968,0.0,4.199421233460954e-21,1.0008452756895499e-07,19961944.820391238,7.012087298175021e-08,-1.7011870189681142e-08,-1.7011870189681142e-08,1.1516456265812923e-07,1.1516456265812923e-07,161.9783583737594,16395447.629953355,3.1528350678888035e-08,756682.4377828389,17908714.228358053,1.7011870189681142e-08,1.7011870189681142e-08,1.1516456265812923e-07,1.1516456265812923e-07,161.97835837375507,16395447.629960574,3.1528350678583024e-08,756682.4377755187,17908714.228350632,3.341578209551916,0.05206159860145627,16.0,17049990.357862353,17981208.533503283,17049990.35786235,931218.1756409295,8.50593509484057,1.0
9.83675627185684e-21,3.774758283725532e-15,2.54503051667976e-13,4.199426103441919e-21,1.0008456625758441e-07,19950703.16656653,-7.012080808359546e-08,1.4379040649730013e-21,7.001865553442179e-08,20130744.155266963,0.0,4.199426103441919e-21,1.0008456625758441e-07,19950703.166566547,7.012080808359546e-08,-1.7011870189681142e-08,-1.7011870189681142e-08,1.1516474885494934e-07,1.1516474885494936e-07,161.9731418386588,16400101.510380927,3.132822546239971e-08,751876.9885006361,17903751.43882438,1.7011870189681142e-08,1.7011870189681142e-08,1.1516474885494936e-07,1.1516474885494936e-07,161.97314183866035,16400101.510378703,3.1328225462493777e-08,751876.9885028936,17903751.43882667,3.5556609229760094,0.055396995110188675,17.0,17050842.8835088,17978554.60958026,17050842.88350885,927711.726071436,8.50593509484057,1.0
9.83675627185684e-21,5.218048215738236e-15,2.5450251348820463e-13,4.1994310082834126e-21,1.0008460522312638e-07,19939358.055218544,-7.012074322753373e-08,1.4378942552900155e-21,7.00184963067439e-08,20128769.40872802,0.0,4.1994310082834126e-21,1.0008460522312638e-07,19939358.05521858,7.012074322753374e-08,-1.7011870189681142e-08,-1.7011870189681142e-08,1.1516490050619944e-07,1.1516490050619944e-07,161.9680441349792,16404026.002749065,3.115880204806702e-08,747808.8593813684,17899533.858370345,1.7011870189681142e-08,1.7011870189681142e-08,1.1516490050619944e-07,1.1516490050619946e-07,161.9680441349808,16404026.002746655,3.1158802048168856e-08,747808.8593838122,17899533.858372822,3.7800985645295095,0.058893720810702106,18.0,17051735.448498204,17976441.71034543,17051735.448498096,924706.2618472762,8.50593509484057,1.0
9.83675627185684e-21,3.941291737419306e-15,2.5450197559998484e-13,4.199435950759243e-21,1.000846444876162e-07,19927905.33957226,-7.01206784039128e-08,1.4378843703383538e-21,7.001833585659608e-08,20126774.521309163,0.0,4.199435950759243e-21,1.000846444876162e-07,19927905.339572262,7.01206784039128e-08,-1.7011870189681142e-08,-1.7011870189681142e-08,1.1516501948352312e-07,1.1516501948352312e-07,161.96306507369997,16407273.233067004,3.101789835402587e-08,744425.6433921363,17896008.80834229,1.7011870189681142e-08,1.7011870189681142e-08,1.1516501948352312e-07,1.1516501948352312e-07,161.9630650736835,16407273.233091414,3.1017898352992485e-08,744425.6433673352,17896008.80831709,4.015430556454927,0.06256017987087928,19.0,17052664.978481326,17974823.98561444,17052664.97848135,922159.0071331039,8.50593509484057,1.0
9.83675627185684e-21,4.274358644806853e-15,2.5450143733102554e-13,4.199440935886338e-21,1.0008468409090907e-07,19916336.702344093,-7.012061357679777e-08,1.4378744000841643e-21,7.001817402109331e-08,20124743.74300108,8.578538942997403e-25,4.199440935886338e-21,1.0008468409090907e-07,19916336.702344123,7.012061357679777e-08,-1.7011870189681142e-08,-1.7011870189681142e-08,1.1516510752668064e-07,1.1516510752668066e-07,161.95820285158078,16409891.922512855,3.090347317719813e-08,741678.3195783421,17893126.974208828,1.7011870189681142e-08,1.7011870189681142e-08,1.1516510752668064e-07,1.1516510752668064e-07,161.9582028515767,16409891.922521941,3.0903473176815505e-08,741678.3195691593,17893126.97419955,4.262322598155723,0.06640674384959412,20.0,17053628.99656896,17973658.614566993,17053628.996569037,920029.6179979928,8.50593509484057,1.0
9.83675627185684e-21,1.099120794378905e-14,2.5450090068081174e-13,4.199445944323483e-21,1.0008472387935219e-07,19904701.423463996,-7.012054902642118e-08,1.4378643832098749e-21,7.00180114281075e-08,20122671.52122206,-8.5785987053416e-25,4.1994459443234825e-21,1.0008472387935218e-07,19904701.423464004,7.01205490264212e-08,-1.7011870189681142e-08,-1.7011870189681142e-08,1.1516516597327527e-07,1.1516516597327527e-07,161.9534789285344,16411917.620953385,3.0814059323746226e-08,739531.6510395408,17890853.46615201,1.7011870189681142e-08,1.7011870189681142e-08,1.1516516597327527e-07,1.1516516597327527e-07,161.9534789285224,16411917.620974652,3.081405932284812e-08,739531.6510179862,17890853.46613017,4.520190248742614,0.07042430719100563,21.0,17054620.320319377,17972909.06786119,17054620.320319284,918288.747541856,8.50593509484057,1.0
9.83675627185684e-21,7.66053886991358e-15,2.545003655059279e-13,4.1994509768346635e-21,1.0008476385901436e-07,19893003.105625805,-7.012048476939281e-08,1.4378543181875127e-21,7.001784805282598e-08,20120544.710729346,-8.578658755783925e-25,4.1994509768346635e-21,1.0008476385901436e-07,19893003.105625823,7.012048476939281e-08,-1.7011870189681142e-08,-1.7011870189681142e-08,1.1516519658601095e-07,1.1516519658601095e-07,161.9488942460996,16413396.859240182,3.074770924416234e-08,737938.8692477383,17889141.28738675,1.7011870189681142e-08,1.7011870189681142e-08,1.1516519658601095e-07,1.1516519658601095e-07,161.94889424610108,16413396.859240487,3.074770924415116e-08,737938.86924747,17889141.28738652,4.789377024355193,0.0746182218570465,22.0,17055635.66255825,17972534.276534364,17055635.662558395,916898.613976039,8.50593509484057,1.0
9.83675627185684e-21,1.0602629885170245e-14,2.544998311362257e-13,4.19945603964904e-21,1.0008480407938131e-07,19881233.42792694,-7.012042075448745e-08,1.4378441925587582e-21,7.001768369301315e-08,20118348.34688073,8.57871916866748e-25,4.19945603964904e-21,1.0008480407938131e-07,19881233.427926958,7.012042075448746e-08,-1.7011870189681142e-08,-1.7011870189681142e-08,1.1516520101016933e-07,1.1516520101016933e-07,161.94444498171984,16414373.816946344,3.0702569221174807e-08,736855.4611148257,17887945.593567014,1.7011870189681142e-08,1.7011870189681142e-08,1.1516520101016932e-07,1.1516520101016933e-07,161.94444498172163,16414373.816944145,3.070256922126817e-08,736855.4611170664,17887945.593569294,5.070522692084358,0.07899845538263467,23.0,17056673.022875454,17972496.00178646,17056673.022875436,915822.9789110161,8.50593509484057,1.0
9.836756271856841e-21,5.10702591327572e-15,2.5449929686406775e-13,4.199461139924941e-21,1.0008484459732004e-07,19869382.64296812,-7.012035692246221e-08,1.437833992006959e-21,7.001751811626475e-08,20116067.38881926,0.0,4.1994611399249414e-21,1.0008484459732005e-07,19869382.642968137,7.01203569224622e-08,-1.7011870189681142e-08,-1.7011870189681142e-08,1.1516518068569316e-07,1.1516518068569316e-07,161.94012711141485,16414887.987169083,3.067698170136341e-08,736241.6256719679,17887226.27643264,1.7011870189681142e-08,1.7011870189681142e-08,1.1516518068569316e-07,1.1516518068569316e-07,161.94012711140027,16414887.987193845,3.0676981700317214e-08,736241.6256468594,17887226.276407193,5.3643525209864515,0.0835763074184506,24.0,17057730.796971016,17972759.768134065,17057730.796970885,915028.9711631164,8.50593509484057,1.0
9.83675627185684e-21,5.717648576819556e-15,2.544987649161619e-13,4.199466257039616e-21,1.0008488524899749e-07,19857506.162282396,-7.012029356018685e-08,1.437823757777608e-21,7.001735199207074e-08,20113700.13665249,0.0,4.199466257039616e-21,1.0008488524899749e-07,19857506.162282415,7.012029356018685e-08,-1.7011870189681142e-08,-1.7011870189681142e-08,1.1516513716322843e-07,1.1516513716322843e-07,161.9359593915347,16414975.205811718,3.0669463410710725e-08,736061.7444859724,17886947.966184717,1.7011870189681142e-08,1.7011870189681142e-08,1.1516513716322843e-07,1.1516513716322843e-07,161.93595939154025,16414975.205802914,3.066946341108302e-08,736061.7444949076,17886947.966193788,5.669940809932785,0.08833735559351731,25.0,17058801.71648856,17973290.8315347,17058801.7164887,914489.115046069,8.50593509484057,1.0
9.836756271856838e-21,6.217248937900877e-15,2.5449823516856536e-13,4.199471392880902e-21,1.0008492604941074e-07,19845607.497476935,-7.012023066914807e-08,1.4378134860950349e-21,7.00171852591354e-08,20111236.10361742,8.57890237889015e-25,4.199471392880902e-21,1.0008492604941074e-07,19845607.497476965,7.012023066914807e-08,-1.7011870189681142e-08,-1.7011870189681142e-08,1.1516507194322536e-07,1.1516507194322538e-07,161.9319403650137,16414673.382037602,3.0678424903296047e-08,736277.6526699997,17887072.246413685,1.7011870189681142e-08,1.7011870189681142e-08,1.1516507194322536e-07,1.1516507194322536e-07,161.93194036500307,16414673.382055704,3.067842490253126e-08,736277.6526516452,17887072.246395078,5.987580228092769,0.09328615967686171,26.0,17059883.296331074,17974056.462917775,17059883.29633113,914173.1665866747,8.50593509484057,1.0
9.836756271856841e-21,5.218048215738236e-15,2.544977069313723e-13,4.199476555176056e-21,1.0008496705994665e-07,19833677.02743553,-7.012016818103604e-08,1.4378031615047285e-21,7.001701766658612e-08,20108662.705623765,8.578963982352092e-25,4.199476555176056e-21,1.0008496705994665e-07,19833677.02743554,7.012016818103604e-08,-1.7011870189681142e-08,-1.7011870189681142e-08,1.1516498630589647e-07,1.1516498630589647e-07,161.92806416431804,16414016.506093733,3.070243686160469e-08,736855.0319698714,17887564.46785076,1.7011870189681142e-08,1.7011870189681142e-08,1.1516498630589645e-07,1.1516498630589646e-07,161.92806416431594,16414016.506099857,3.0702436861347486e-08,736855.0319636986,17887564.46784454,6.317933920961693,0.09843305143761356,27.0,17060974.47643697,17975027.752170738,17060974.47643685,914053.2757338285,8.50593509484057,1.0
9.83675627185684e-21,6.8833827526759706e-15,2.544971794875884e-13,4.199481752356722e-21,1.0008500834758765e-07,19821703.960490413,-7.012010602290047e-08,1.4377927671433962e-21,7.001684894067743e-08,20105967.3825574,-8.579026003008702e-25,4.199481752356722e-21,1.0008500834758765e-07,19821703.960490417,7.012010602290047e-08,-1.7011870189681142e-08,-1.7011870189681142e-08,1.1516488133220061e-07,1.1516488133220061e-07,161.92432500551436,16413034.330156252,3.0740247736760784e-08,737763.8336747587,17888394.281074382,1.7011870189681142e-08,1.7011870189681142e-08,1.151648813322006e-07,1.1516488133220061e-07,161.9243250055144,16413034.330158558,3.074024773666486e-08,737763.8336724564,17888394.281072088,6.661753189677249,0.10378973610480133,28.0,17062074.528015025,17976179.08158393,17062074.528015118,914104.5535688587,8.50593509484057,1.0
9.836756271856843e-21,5.662137425588298e-15,2.544966533743109e-13,4.199486980770238e-21,1.0008504988331546e-07,19809705.665498033,-7.01200442678175e-08,1.4377823103163665e-21,7.001667919997714e-08,20103144.51111101,-8.579088397287971e-25,4.199486980770237e-21,1.0008504988331546e-07,19809705.665498056,7.01200442678175e-08,-1.7011870189681142e-08,-1.7011870189681142e-08,1.1516475823772994e-07,1.1516475823772994e-07,161.92072585701376,16411756.22690133,3.079062968772437e-08,738974.5767477565,17889532.104964502,1.7011870189681142e-08,1.7011870189681142e-08,1.1516475823772994e-07,1.1516475823772994e-07,161.9207258570186,16411756.226894757,3.0790629688003066e-08,738974.5767544452,17889532.10497131,7.018997527480826,0.10935558258542787,29.0,17063180.31745952,17977484.39161076,17063180.3174595,914304.0741512515,8.50593509484057,1.0
9.83675627185684e-21,5.662137425588298e-15,2.544961302129401e-13,4.19949222581967e-21,1.0008509155116822e-07,19797724.417371187,-7.011998311249873e-08,1.4377718202174995e-21,7.001650891836401e-08,20100196.07026751,8.579150991007094e-25,4.19949222581967e-21,1.0008509155116822e-07,19797724.41737121,7.011998311249875e-08,-1.7011870189681142e-08,-1.7011870189681142e-08,1.1516461854089735e-07,1.1516461854089736e-07,161.91727583330976,16410214.160590306,3.085225126221021e-08,740455.2898321152,17890945.97962657,1.7011870189681142e-08,1.7011870189681142e-08,1.1516461854089736e-07,1.1516461854089736e-07,161.91727583331053,16410214.160591692,3.0852251262153085e-08,740455.2898307443,17890945.979625218,7.388785182911954,0.11511685324184939,30.0,17064286.564707886,17978915.824310437,17064286.564707972,914629.2596025094,8.50593509484057,1.0
9.83675627185684e-21,5.828670879282072e-15,2.54495609478059e-13,4.199497494249471e-21,1.0008513340472497e-07,19785753.391337767,-7.01199224996175e-08,1.4377612833578955e-21,7.001633787686857e-08,20097113.68063388,8.57921386466391e-25,4.199497494249472e-21,1.0008513340472497e-07,19785753.391337782,7.011992249961749e-08,-1.7011870189681142e-08,-1.7011870189681142e-08,1.1516446320505922e-07,1.1516446320505922e-07,161.9139688312687,16408433.138857368,3.09240589109365e-08,742180.6784615405,17892610.3187793,1.7011870189681142e-08,1.7011870189681142e-08,1.1516446320505922e-07,1.1516446320505922e-07,161.9139688312632,16408433.138864689,3.092405891062606e-08,742180.6784540899,17892610.31877172,7.771657683226227,0.1210819850379328,31.0,17065392.685109656,17980452.666907016,17065392.685109787,915059.9817972966,8.50593509484057,1.0
9.83675627185684e-21,7.049916206369744e-15,2.5449509042471604e-13,4.199502795323749e-21,1.0008517551758123e-07,19773780.248646285,-7.011986234625137e-08,1.4377506812093411e-21,7.001616577471489e-08,20093887.828968015,0.0,4.199502795323749e-21,1.0008517551758123e-07,19773780.248646293,7.011986234625138e-08,-1.7011870189681142e-08,-1.7011870189681142e-08,1.1516429296859375e-07,1.1516429296859375e-07,161.91079771125712,16406434.119029926,3.1005168083127005e-08,744129.5071041156,17894503.600939706,1.7011870189681142e-08,1.7011870189681142e-08,1.1516429296859375e-07,1.1516429296859375e-07,161.91079771126005,16406434.119027698,3.100516808322277e-08,744129.5071064141,17894503.60094208,8.168382465656826,0.1272629346021573,32.0,17066498.76726255,17982077.347311735,17066498.76726246,915578.5800492316,8.50593509484057,1.0
9.836756271856838e-21,6.439293542825908e-15,2.544945723350399e-13,4.199508138377401e-21,1.0008521796389467e-07,19761792.827145208,-7.011980257318465e-08,1.4377399951020356e-21,7.001599230882263e-08,20090509.07906652,0.0,4.199508138377401e-21,1.0008521796389467e-07,19761792.827145223,7.011980257318465e-08,-1.7011870189681142e-08,-1.7011870189681142e-08,1.1516410841867922e-07,1.1516410841867922e-07,161.90775599637897,16404235.034824211,3.1094821716588445e-08,746283.6019588895,17896607.404409915,1.7011870189681142e-08,1.7011870189681142e-08,1.1516410841867922e-07,1.1516410841867922e-07,161.9077559963787,16404235.034826001,3.1094821716513555e-08,746283.6019570921,17896607.40440812,8.579789551479708,0.13367263361883175,33.0,17067605.022526532,17983774.447526593,17067605.02252649,916169.4250000827,8.50593509484057,1.0
9.83675627185684e-21,8.659739592076221e-15,2.544940552423002e-13,4.199513525227969e-21,1.0008526075810333e-07,19749796.0318765,-7.011974318811633e-08,1.4377292214009014e-21,7.001581742016346e-08,20086973.0831042,8.579405184685704e-25,4.19951352522797e-21,1.0008526075810334e-07,19749796.03187653,7.011974318811632e-08,-1.7011870189681142e-08,-1.7011870189681142e-08,1.1516391029624803e-07,1.1516391029624803e-07,161.9048418464291,16401854.680739565,3.119223061019197e-08,748624.0158795435,17898902.628900338,1.7011870189681142e-08,1.7011870189681142e-08,1.1516391029624802e-07,1.1516391029624802e-07,161.90484184642025,16401854.680754445,3.119223060956325e-08,748624.0158644542,17898902.628885034,9.006163777436745,0.1403155198282072,34.0,17068710.20809177,17985527.86156976,17068710.208091866,916817.6534779407,8.50593509484057,1.0
9.83675627185684e-21,6.38378239159465e-15,2.544935414703559e-13,4.1995189334734136e-21,1.0008530372224032e-07,19737847.92761066,-7.01196844594712e-08,1.4377184049100126e-21,7.00156418360226e-08,20083293.023367293,0.0,4.199518933473414e-21,1.0008530372224032e-07,19737847.92761067,7.011968445947118e-08,-1.7011870189681142e-08,-1.7011870189681142e-08,1.1516370025197814e-07,1.1516370025197815e-07,161.90204338809988,16399354.109266277,3.1294829730051515e-08,751089.1690106131,17901327.20057912,1.7011870189681142e-08,1.7011870189681142e-08,1.1516370025197815e-07,1.1516370025197815e-07,161.9020433880946,16399354.109274697,3.12948297296956e-08,751089.169002071,17901327.20057045,9.445788730356375,0.14716485161061515,35.0,17069808.315889046,17987314.81803072,17069808.3158889,917506.5021417476,8.50593509484057,1.0
9.836756271856841e-21,8.548717289613705e-15,2.5449303059738776e-13,4.1995243690311726e-21,1.000853469033144e-07,19725942.78423148,-7.011962633885244e-08,1.4377075337944952e-21,7.001546536427257e-08,20079464.80371181,0.0,4.199524369031173e-21,1.000853469033144e-07,19725942.784231454,7.011962633885242e-08,-1.7011870189681142e-08,-1.7011870189681142e-08,1.1516347887771393e-07,1.1516347887771393e-07,161.89937011878882,16396726.048585726,3.140292807894708e-08,753686.472726984,17903888.65629027,1.7011870189681142e-08,1.7011870189681142e-08,1.1516347887771392e-07,1.1516347887771392e-07,161.8993701187718,16396726.048610084,3.140292807791542e-08,753686.4727022238,17903888.656265106,9.899132321761003,0.15422791900098315,36.0,17070899.34304013,17989123.192591894,17070899.343040086,918223.8495517857,8.50593509484057,1.0
9.83675627185684e-21,7.882583474838611e-15,2.54492521911332e-13,4.1995298410999434e-21,1.0008539037440107e-07,19714067.768177398,-7.011956874591466e-08,1.4376965896569526e-21,7.001528770625118e-08,20075482.156617876,1.7159199827001388e-24,4.1995298410999434e-21,1.0008539037440107e-07,19714067.768177427,7.011956874591466e-08,-1.7011870189681142e-08,-1.7011870189681142e-08,1.15163246523608e-07,1.15163246523608e-07,161.89681869635297,16393976.660955567,3.1516263529533086e-08,756409.6342684478,17906580.561524753,1.7011870189681142e-08,1.7011870189681142e-08,1.1516324652360799e-07,1.1516324652360799e-07,161.89681869634916,16393976.660962993,3.1516263529219936e-08,756409.634260932,17906580.56151715,10.366980482174268,0.16151696675220464,37.0,17071984.028267246,17990943.477521967,17071984.028266985,918959.4492548518,8.50593509484057,1.0
9.83675627185684e-21,7.438494264988549e-15,2.544920147128672e-13,4.199535359028186e-21,1.0008543420976527e-07,19702210.02466138,-7.01195116033882e-08,1.4376855538004675e-21,7.001510855842785e-08,20071338.605256602,0.0,4.199535359028186e-21,1.0008543420976527e-07,19702210.02466139,7.01195116033882e-08,-1.7011870189681142e-08,-1.7011870189681142e-08,1.1516300342412666e-07,1.1516300342412666e-07,161.8943825294311,16391115.72231061,3.1634420811629146e-08,759248.6868429892,17909392.749499653,1.7011870189681142e-08,1.7011870189681142e-08,1.1516300342412664e-07,1.1516300342412664e-07,161.8943825294265,16391115.722319294,3.1634420811262824e-08,759248.6868341975,17909392.749490753,10.850194084785834,0.16904540721965078,38.0,17073063.18207218,17992767.49120213,17073063.18207239,919704.3091298454,8.50593509484057,1.0
9.83675627185684e-21,7.993605777301127e-15,2.5449150833297293e-13,4.199540932132346e-21,1.0008547848341743e-07,19690357.1416907,-7.011945483916308e-08,1.4376744075921464e-21,7.001492761830494e-08,20067027.564634807,0.0,4.199540932132346e-21,1.0008547848341743e-07,19690357.141690735,7.011945483916308e-08,-1.7011870189681142e-08,-1.7011870189681142e-08,1.1516274971884422e-07,1.1516274971884422e-07,161.8920557086133,16388151.349755263,3.1757054982361636e-08,762195.3527475912,17912316.77309724,1.7011870189681142e-08,1.7011870189681142e-08,1.1516274971884422e-07,1.1516274971884422e-07,161.89205570860693,16388151.349765392,3.175705498193324e-08,762195.3527373094,17912316.77308681,11.349693922273126,0.17682758630090686,39.0,17074137.631199732,17994588.080452383,17074137.63119986,920450.4492525868,8.50593509484057,1.0
9.83675627185684e-21,8.215650382226158e-15,2.5449100362108747e-13,4.199546553023221e-21,1.0008552313665539e-07,19678532.076556265,-7.011939855186413e-08,1.4376631658103978e-21,7.001474512575939e-08,20062555.783638768,0.0,4.199546553023221e-21,1.0008552313665539e-07,19678532.07655628,7.011939855186412e-08,-1.7011870189681142e-08,-1.7011870189681142e-08,1.151624862571135e-07,1.151624862571135e-07,161.88983933401445,16385099.410453847,3.188350114437733e-08,765233.6655895505,17915336.572557263,1.7011870189681142e-08,1.7011870189681142e-08,1.1516248625711349e-07,1.1516248625711349e-07,161.88983933400075,16385099.410477638,3.188350114337254e-08,765233.6655654348,17915336.57253282,11.864914412916752,0.18485469226492696,40.0,17075205.062457085,17996393.627491355,17075205.06245702,921188.5650343001,8.50593509484057,1.0
9.83675627185684e-21,8.493206138382448e-15,2.544905021420027e-13,4.1995522056944895e-21,1.000855680423216e-07,19666774.462993592,-7.011934291765056e-08,1.4376518604678598e-21,7.001456160044553e-08,20057938.391744606,-8.579866847768595e-25,4.1995522056944895e-21,1.000855680423216e-07,19666774.462993618,7.011934291765056e-08,-1.7011870189681142e-08,-1.7011870189681142e-08,1.151622143128126e-07,1.151622143128126e-07,161.88773672677203,16381979.895297732,3.2012922409251716e-08,768343.5249766409,17918431.95039327,1.7011870189681142e-08,1.7011870189681142e-08,1.1516221431281261e-07,1.1516221431281261e-07,161.8877367267714,16381979.895301208,3.201292240910613e-08,768343.5249731466,17918431.95038977,12.394402361761609,0.1931040844168963,41.0,17076261.762011025,17998171.02574351,17076261.762010884,921909.2637325563,8.50593509484057,1.0
9.836756271856838e-21,9.547918011776346e-15,2.5449000339082523e-13,4.199557896964591e-21,1.00085613254582e-07,19655075.253105987,-7.01192878815574e-08,1.4376404779276558e-21,7.00143768209711e-08,20053172.98199286,8.579934778993988e-25,4.199557896964591e-21,1.00085613254582e-07,19655075.253106017,7.01192878815574e-08,-1.7011870189681142e-08,-1.7011870189681142e-08,1.1516193405771454e-07,1.1516193405771454e-07,161.88574195369125,16378799.381574908,3.214503780960641e-08,771518.1874515507,17921595.989253286,1.7011870189681142e-08,1.7011870189681142e-08,1.1516193405771457e-07,1.1516193405771457e-07,161.8857419537003,16378799.381562667,3.21450378101253e-08,771518.1874640044,17921595.989265956,12.93877535993072,0.2015853847914136,42.0,17077308.479580596,17999915.579718243,17077308.47958044,922607.1001377255,8.50593509484057,1.0
9.83675627185684e-21,1.0436096431476471e-14,2.5448950844182463e-13,4.199563615475869e-21,1.0008565868320904e-07,19643462.223413065,-7.011923356299697e-08,1.4376290409051018e-21,7.001419115607028e-08,20048272.760632128,8.580003036454562e-25,4.199563615475869e-21,1.0008565868320904e-07,19643462.22341309,7.011923356299697e-08,-1.7011870189681142e-08,-1.7011870189681142e-08,1.1516164651739902e-07,1.1516164651739902e-07,161.88385538704458,16375573.541496344,3.227918889250435e-08,774741.8378218524,17924812.738337092,1.7011870189681142e-08,1.7011870189681142e-08,1.1516164651739902e-07,1.1516164651739902e-07,161.88385538703267,16375573.541515667,3.2279188891687314e-08,774741.8378022425,17924812.7383172,13.496906254753865,0.21028103241393345,43.0,17078342.72436842,18001618.026511278,17078342.72436866,923275.3021427356,8.50593509484057,1.0
9.836756271856838e-21,9.547918011776346e-15,2.5448902890537913e-13,4.199569225068824e-21,1.0008570324653414e-07,19632210.17546232,-7.011918122584531e-08,1.4376178217191902e-21,7.001400902650185e-08,20043362.516525105,8.58006999489632e-25,4.199569225068824e-21,1.0008570324653414e-07,19632210.175462373,7.011918122584531e-08,-1.7011870189681142e-08,-1.7011870189681142e-08,1.1516135917286477e-07,1.1516135917286477e-07,161.88211394777724,16372388.305157341,3.2411789899449075e-08,777928.3137412369,17927995.90986367,1.7011870189681142e-08,1.7011870189681142e-08,1.1516135917286479e-07,1.1516135917286479e-07,161.8821139477687,16372388.305172812,3.241178989879595e-08,777928.3137255609,17927995.909847785,14.05503714957701,0.2189766800364533,44.0,17079340.24184146,18003235.14074314,17079340.241841234,923894.8989017941,8.50593509484057,1.0
9.83675627185684e-21,9.547918011776346e-15,2.5448856371236686e-13,4.19957473380067e-21,1.0008574700856702e-07,19621296.017849963,-7.011913073366435e-08,1.4376068042554991e-21,7.00138301707213e-08,20038446.391751274,0.0,4.19957473380067e-21,1.0008574700856702e-07,19621296.017849974,7.011913073366435e-08,-1.7011870189681142e-08,-1.7011870189681142e-08,1.1516107233666426e-07,1.1516107233666426e-07,161.88050411268406,16369247.174264088,3.25426797933959e-08,781073.7452471256,17931141.25146564,1.7011870189681142e-08,1.7011870189681142e-08,1.1516107233666427e-07,1.1516107233666427e-07,161.88050411267096,16369247.174284002,3.2542679792553194e-08,781073.7452268992,17931141.251445107,14.613168044400156,0.22767232765897313,45.0,17080303.480975512,18004769.39470953,17080303.48097556,924465.9137339927,8.50593509484057,1.0
9.83675627185684e-21,8.215650382226158e-15,2.5448811190598216e-13,4.1995801487998866e-21,1.0008579002593927e-07,19610698.87620856,-7.01190819647754e-08,1.4375959742570661e-21,7.001365435733179e-08,20033528.182692666,0.0,4.1995801487998866e-21,1.0008579002593927e-07,19610698.87620858,7.01190819647754e-08,-1.7011870189681142e-08,-1.7011870189681142e-08,1.151607862522636e-07,1.151607862522636e-07,161.8790140125687,16366152.453331983,3.2671749449071675e-08,784175.5091417078,17934245.80876707,1.7011870189681142e-08,1.7011870189681142e-08,1.1516078625226358e-07,1.1516078625226358e-07,161.87901401255968,16366152.453347903,3.267174944839952e-08,784175.5091255754,17934245.80875073,15.171298939223302,0.23636797528149295,46.0,17081234.668535363,18006223.610583518,17081234.668535292,924988.9420481883,8.50593509484057,1.0
9.83675627185684e-21,8.326672684688674e-15,2.544876726259532e-13,4.199585476402211e-21,1.0008583234898452e-07,19600399.816782523,-7.011903481016946e-08,1.4375853190524173e-21,7.001348138066987e-08,20028611.34734054,0.0,4.199585476402212e-21,1.0008583234898454e-07,19600399.816782538,7.011903481016944e-08,-1.7011870189681142e-08,-1.7011870189681142e-08,1.1516050110842272e-07,1.1516050110842272e-07,161.87763316810344,16363105.551966608,3.279892871454915e-08,787231.9183023386,17937307.606046118,1.7011870189681142e-08,1.7011870189681142e-08,1.1516050110842273e-07,1.1516050110842273e-07,161.87763316808923,16363105.55198817,3.2798928713636526e-08,787231.9182804339,17937307.606023874,15.729429834046448,0.2450636229040128,47.0,17082135.83386989,18007600.815078598,17082135.833870023,925464.9812086411,8.50593509484057,1.0
9.836756271856838e-21,9.825473767932635e-15,2.5448724509542647e-13,4.1995907222629716e-21,1.0008587402263105e-07,19590381.611137535,-7.011898917177642e-08,1.437574827330895e-21,7.001331105715893e-08,20023699.02348501,8.580326604050813e-25,4.1995907222629716e-21,1.0008587402263105e-07,19590381.61113755,7.011898917177642e-08,-1.7011870189681142e-08,-1.7011870189681142e-08,1.1516021705089751e-07,1.1516021705089751e-07,161.8763522898638,16360107.20425957,3.292417700527173e-08,790241.9957995526,17940325.413671546,1.7011870189681142e-08,1.7011870189681142e-08,1.151602170508975e-07,1.151602170508975e-07,161.87635228985806,16360107.204272635,3.292417700472183e-08,790241.995786354,17940325.4136582,16.287560728869593,0.25375927052653263,48.0,17083008.83003907,18008904.13355189,17083008.830039043,925895.303512834,8.50593509484057,1.0
9.83675627185684e-21,8.326672684688674e-15,2.544868286100985e-13,4.199595891450611e-21,1.0008591508714461e-07,19580628.535567548,-7.011894496101967e-08,1.437564488955617e-21,7.00131432222735e-08,20018794.045553617,0.0,4.199595891450611e-21,1.0008591508714461e-07,19580628.535567574,7.011894496101968e-08,-1.7011870189681142e-08,-1.7011870189681142e-08,1.1515993419144457e-07,1.1515993419144458e-07,161.87516310946737,16357157.637375595,3.304747606125995e-08,793205.3009618465,17943298.568654645,1.7011870189681142e-08,1.7011870189681142e-08,1.1515993419144457e-07,1.1515993419144457e-07,161.8751631094788,16357157.637359347,3.304747606194821e-08,793205.3009783663,17943298.568671443,16.84569162369274,0.2624549181490525,49.0,17083855.352537446,18010136.717419278,17083855.35253725,926281.364881929,8.50593509484057,1.0
9.836756271856837e-21,7.882583474838611e-15,2.5448642252929963e-13,4.199600988524877e-21,1.0008595557874975e-07,19571126.198850293,-7.011890209760302e-08,1.4375542948070832e-21,7.001297772800087e-08,20013898.958913032,0.0,4.199600988524877e-21,1.0008595557874975e-07,19571126.198850326,7.011890209760302e-08,-1.7011870189681142e-08,-1.7011870189681142e-08,1.1515965261470477e-07,1.1515965261470478e-07,161.87405823751556,16354256.698373366,3.3168824483174415e-08,796121.7981575765,17946226.838894334,1.7011870189681142e-08,1.7011870189681142e-08,1.151596526147048e-07,1.151596526147048e-07,161.87405823751052,16354256.698383257,3.316882448275723e-08,796121.7981475629,17946226.838884205,17.403822518515888,0.27115056577157237,50.0,17084676.956063803,18011301.697472364,17084676.956063885,926624.7414085194,8.50593509484057,1.0
9.83675627185684e-21,9.103828801926284e-15,2.54486026268721e-13,4.1996060176024555e-21,1.0008599553015114e-07,19561861.39329845,-7.011886050848802e-08,1.4375442366519287e-21,7.001281444071084e-08,20009016.03310789,0.0,4.1996060176024555e-21,1.0008599553015114e-07,19561861.393298436,7.011886050848802e-08,-1.7011870189681142e-08,-1.7011870189681142e-08,1.1515937238346463e-07,1.1515937238346463e-07,161.87303104515354,16351403.947526235,3.3288233696821056e-08,798991.7598786987,17949110.322546717,1.7011870189681142e-08,1.7011870189681142e-08,1.1515937238346464e-07,1.1515937238346464e-07,161.87303104514876,16351403.94753426,3.328823369648193e-08,798991.759870559,17949110.322538454,17.961953413339035,0.2798462133940922,51.0,17085475.069484983,18012402.15548538,17085475.069485202,926927.0860002898,8.50593509484057,1.0
9.836756271856838e-21,7.549516567451064e-15,2.5448563929438463e-13,4.1996109824122345e-21,1.000860349709726e-07,19552821.965200543,-7.011882012702816e-08,1.4375343070323688e-21,7.001265323936143e-08,20004147.27580624,0.0,4.1996109824122345e-21,1.000860349709726e-07,19552821.96520055,7.011882012702816e-08,-1.7011870189681142e-08,-1.7011870189681142e-08,1.1515909354270143e-07,1.1515909354270143e-07,161.87207556574822,16348598.72598597,3.340572501351727e-08,801815.6961398497,17951949.374386508,1.7011870189681142e-08,1.7011870189681142e-08,1.1515909354270145e-07,1.1515909354270145e-07,161.87207556573406,16348598.726007825,3.340572501259265e-08,801815.6961176563,17951949.374363974,18.520084308162183,0.2885418610166121,52.0,17086251.009082966,18013441.107771903,17086251.009083126,927190.0986888558,8.50593509484057,1.0
9.836756271856841e-21,8.43769498715119e-15,2.544852611174439e-13,4.1996158863420845e-21,1.0008607392812883e-07,19543996.70164452,-7.011878089223187e-08,1.4375244991726718e-21,7.001249401398079e-08,19999294.449104328,0.0,4.1996158863420845e-21,1.0008607392812883e-07,19543996.701644517,7.011878089223187e-08,-1.7011870189681142e-08,-1.7011870189681142e-08,1.1515881612274181e-07,1.1515881612274181e-07,161.8711864139291,16345840.204243127,3.35213275128241e-08,804594.3036250286,17954744.552475605,1.7011870189681142e-08,1.7011870189681142e-08,1.1515881612274182e-07,1.1515881612274182e-07,161.87118641391544,16345840.204265673,3.352132751187115e-08,804594.3036021553,17954744.55245241,19.07821520298533,0.29723750863913195,53.0,17087005.99015469,18014421.49525279,17087005.990154527,927415.5050981827,8.50593509484057,1.0
9.83675627185684e-21,7.882583474838611e-15,2.5448489128955313e-13,4.1996207324786144e-21,1.0008611242614116e-07,19535375.23146018,-7.011874274813186e-08,1.437514806899611e-21,7.001233666437617e-08,19994459.0897611,0.0,4.1996207324786144e-21,1.0008611242614116e-07,19535375.231460202,7.011874274813186e-08,-1.7011870189681142e-08,-1.7011870189681142e-08,1.1515854014180769e-07,1.151585401418077e-07,161.87035871950593,16343127.416960273,3.363507651129e-08,807328.42890599,17957496.579361126,1.7011870189681142e-08,1.7011870189681142e-08,1.1515854014180767e-07,1.1515854014180767e-07,161.87035871950613,16343127.416959897,3.363507651130628e-08,807328.4289063811,17957496.579361532,19.636346097808477,0.3059331562616518,54.0,17087741.136993356,18015346.17543005,17087741.136993054,927605.0384368412,8.50593509484057,1.0
9.83675627185684e-21,7.827072323607354e-15,2.544845293987141e-13,4.199625523641269e-21,1.0008615048740846e-07,19526947.938656025,-7.01187056432411e-08,1.4375052245743021e-21,7.001218109902755e-08,19989642.53445612,8.580742056025457e-25,4.199625523641269e-21,1.0008615048740846e-07,19526947.93865606,7.011870564324109e-08,-1.7011870189681142e-08,-1.7011870189681142e-08,1.151582656081789e-07,1.151582656081789e-07,161.86958807300928,16340459.290353231,3.374701235539753e-08,810019.0394457579,17960206.31140291,1.7011870189681142e-08,1.7011870189681142e-08,1.1515826560817891e-07,1.1515826560817891e-07,161.86958807299817,16340459.290371424,3.3747012354628424e-08,810019.0394272972,17960206.31138418,20.194476992631625,0.3146288038841717,55.0,17088457.49131553,18016217.91264108,17088457.491315573,927760.4213255271,8.50593509484057,1.0
9.836756271856838e-21,7.993605777301127e-15,2.544841750655047e-13,4.1996302624118096e-21,1.0008618813244136e-07,19518705.887184463,-7.011866953007969e-08,1.4374957470332193e-21,7.001202723413033e-08,19984845.94952021,0.0,4.1996302624118096e-21,1.0008618813244136e-07,19518705.887184463,7.01186695300797e-08,-1.7011870189681142e-08,-1.7011870189681142e-08,1.1515799252213859e-07,1.1515799252213859e-07,161.86887047929594,16337834.66741315,3.3857179313721334e-08,812667.19698493,17962874.710716825,1.7011870189681142e-08,1.7011870189681142e-08,1.1515799252213859e-07,1.1515799252213859e-07,161.86887047930756,16337834.667396016,3.385717931444667e-08,812667.1970023401,17962874.710734505,20.752607887454772,0.32332445150669153,56.0,17089156.01932528,18017039.365305748,17089156.019325428,927883.3459803946,8.50593509484057,1.0
9.836756271856837e-21,9.43689570931383e-15,2.5448382793950427e-13,4.199634951160145e-21,1.0008622538006746e-07,19510640.756002516,-7.01186343647597e-08,1.4374863695365456e-21,7.001187499275697e-08,19980070.362238783,8.580854606807763e-25,4.199634951160145e-21,1.0008622538006746e-07,19510640.756002534,7.01186343647597e-08,-1.7011870189681142e-08,-1.7011870189681142e-08,1.1515772087777685e-07,1.1515772087777685e-07,161.86820231572736,16335252.33434616,3.396562442372811e-08,815274.0298398286,17965502.81616669,1.7011870189681142e-08,1.7011870189681142e-08,1.1515772087777684e-07,1.1515772087777684e-07,161.86820231572653,16335252.334349105,3.396562442360464e-08,815274.0298368651,17965502.816163708,21.31073878227792,0.33202009912921143,57.0,17089837.61774644,18017813.071641605,17089837.617746364,927975.4538952038,8.50593509484057,1.0
9.836756271856838e-21,1.432187701766452e-14,2.544834876958494e-13,4.19963959206716e-21,1.0008626224761268e-07,19502744.78321732,-7.011860010661809e-08,1.4374770877225178e-21,7.001172430411606e-08,19975316.689270385,8.580910013532043e-25,4.19963959206716e-21,1.0008626224761268e-07,19502744.783217296,7.011860010661809e-08,-1.7011870189681142e-08,-1.7011870189681142e-08,1.151574506646337e-07,1.151574506646337e-07,161.86758029266414,16332711.048461607,3.407239628145178e-08,817840.7038303781,17968091.71306953,1.7011870189681142e-08,1.7011870189681142e-08,1.1515745066463371e-07,1.1515745066463371e-07,161.8675802926613,16332711.048470046,3.407239628109723e-08,817840.7038218677,17968091.713060953,21.868869677101067,0.3407157467517313,58.0,17090503.119223814,18018541.43718171,17090503.119223908,928038.3179578483,8.50593509484057,1.0
9.83675627185684e-21,7.93809462606987e-15,2.54483154032308e-13,4.199644187144979e-21,1.0008629875106223e-07,19495010.717815515,-7.01185667178907e-08,1.4374678975668816e-21,7.001157510289413e-08,19970585.758208662,0.0,4.1996441871449786e-21,1.0008629875106222e-07,19495010.71781551,7.01185667178907e-08,-1.7011870189681142e-08,-1.7011870189681142e-08,1.1515718186910629e-07,1.1515718186910629e-07,161.86700141589293,16330209.56467181,3.417754389228729e-08,820368.3946770467,17970642.50445413,1.7011870189681142e-08,1.7011870189681142e-08,1.1515718186910628e-07,1.1515718186910628e-07,161.86700141587565,16330209.564694904,3.417754389130813e-08,820368.3946535438,17970642.504430216,22.427000571924214,0.3494113943742511,59.0,17091153.297406115,18019226.727335002,17091153.29740601,928073.4299289398,8.50593509484057,1.0
9.83675627185684e-21,9.769962616701378e-15,2.544828266672055e-13,4.199648738254934e-21,1.0008633490520337e-07,19487431.77735016,-7.01185341634227e-08,1.4374587953469719e-21,7.001142732867277e-08,19965878.320523486,0.0,4.1996487382549335e-21,1.0008633490520337e-07,19487431.777350176,7.011853416342271e-08,-1.7011870189681142e-08,-1.7011870189681142e-08,1.1515691447554768e-07,1.1515691447554768e-07,161.86646295177056,16327746.657195065,3.42811157260803e-08,822858.2653047703,17973156.28733965,1.7011870189681142e-08,1.7011870189681142e-08,1.1515691447554768e-07,1.1515691447554768e-07,161.86646295175726,16327746.657215288,3.4281115725224615e-08,822858.2652842309,17973156.287318796,22.98513146674736,0.358107041996771,60.0,17091788.871868096,18019871.066740148,17091788.871868204,928082.1948719993,8.50593509484057,1.0
9.83675627185684e-21,8.43769498715119e-15,2.544825053378692e-13,4.1996532471233556e-21,1.0008637072375085e-07,19480001.61011289,-7.011850241041359e-08,1.4374497776101278e-21,7.001128092541587e-08,19961195.056845058,8.581073042265658e-25,4.1996532471233556e-21,1.0008637072375085e-07,19480001.61011291,7.011850241041359e-08,-1.7011870189681142e-08,-1.7011870189681142e-08,1.1515664846703353e-07,1.1515664846703354e-07,161.8659623959895,16325321.13450022,3.438315905926071e-08,825311.4500407167,17975634.136046007,1.7011870189681142e-08,1.7011870189681142e-08,1.1515664846703354e-07,1.1515664846703354e-07,161.8659623959822,16325321.134514302,3.4383159058666923e-08,825311.4500264637,17975634.136031583,23.54326236157051,0.36680268961929086,61.0,17092410.51287307,18020476.444964994,17092410.512873318,928065.9320917986,8.50593509484057,1.0
9.836756271856841e-21,7.494005416219807e-15,2.544821897991236e-13,4.199657715355339e-21,1.0008640621945633e-07,19472714.260702506,-7.011847142819438e-08,1.4374408411461642e-21,7.00111358410228e-08,19956536.57739261,0.0,4.1996577153553375e-21,1.0008640621945631e-07,19472714.260702517,7.011847142819439e-08,-1.7011870189681142e-08,-1.7011870189681142e-08,1.1515638382583292e-07,1.1515638382583292e-07,161.86549744672908,16322931.847067347,3.4483719622296484e-08,827729.0461444128,17978077.092987962,1.7011870189681142e-08,1.7011870189681142e-08,1.1515638382583293e-07,1.1515638382583293e-07,161.86549744672425,16322931.847074894,3.44837196219771e-08,827729.0461367462,17978077.092980176,24.101393256393656,0.37549833724181075,62.0,17093018.84586281,18021044.726499505,17093018.845862746,928025.8806367293,8.50593509484057,1.0
9.83675627185684e-21,8.43769498715119e-15,2.544818798216992e-13,4.199662144446657e-21,1.0008644140420289e-07,19465564.138349842,-7.011844118803367e-08,1.4374319829635254e-21,7.001099202694151e-08,19951903.420683157,-1.7162358542809783e-24,4.199662144446657e-21,1.0008644140420289e-07,19465564.138349872,7.011844118803367e-08,-1.7011870189681142e-08,-1.7011870189681142e-08,1.1515612053366301e-07,1.1515612053366301e-07,161.86506598221587,16320577.689468488,3.4582841489370326e-08,830112.111154858,17980486.165426392,1.7011870189681142e-08,1.7011870189681142e-08,1.1515612053366304e-07,1.1515612053366304e-07,161.86506598219893,16320577.689494612,3.45828414882651e-08,830112.1111283284,17980486.16539946,24.659524151216804,0.3841939848643306,63.0,17093614.45556713,18021577.662479065,17093614.455567498,927963.2069117501,8.50593509484057,1.0
9.83675627185684e-21,8.326672684688674e-15,2.5448157519060403e-13,4.199666535794092e-21,1.0008647628908723e-07,19458545.987712584,-7.011841166296785e-08,1.4374232002686554e-21,7.00108494378335e-08,19947296.052725654,0.0,4.1996665357940916e-21,1.0008647628908723e-07,19458545.987712596,7.011841166296785e-08,-1.7011870189681142e-08,-1.7011870189681142e-08,1.151558585718144e-07,1.151558585718144e-07,161.86466604177727,16318257.59935844,3.468056710098385e-08,832461.6634301394,17982862.325517755,1.7011870189681142e-08,1.7011870189681142e-08,1.151558585718144e-07,1.1515585857181441e-07,161.8646660417596,16318257.599387955,3.4680567099736544e-08,832461.6634001993,17982862.325487394,25.21765504603995,0.39288963248685044,64.0,17094197.889679488,18022076.90222855,17094197.889679626,927879.0125489905,8.50593509484057,1.0
9.83675627185684e-21,7.771561172376096e-15,2.54481275703552e-13,4.1996708907043796e-21,1.0008651088449069e-07,19451654.862030726,-7.011838282765256e-08,1.4374144904480787e-21,7.00107080312831e-08,19942714.867649246,0.0,4.19967089070438e-21,1.0008651088449069e-07,19451654.86203074,7.011838282765256e-08,-1.7011870189681142e-08,-1.7011870189681142e-08,1.1515559792121356e-07,1.1515559792121357e-07,161.86429580981297,16315970.554934446,3.477693735358845e-08,834778.6842968501,17985206.5120551,1.7011870189681142e-08,1.7011870189681142e-08,1.1515559792121355e-07,1.1515559792121355e-07,161.86429580982045,16315970.554925118,3.477693735398465e-08,834778.6843063608,17985206.51206479,25.7757859408631,0.40158528010937034,65.0,17094769.662107036,18022544.003653463,17094769.662106976,927774.3415464573,8.50593509484057,1.0
9.83675627185684e-21,7.549516567451064e-15,2.54480981169562e-13,4.19967521040206e-21,1.000865452001416e-07,19444886.098573305,-7.011835465823021e-08,1.4374058510527196e-21,7.001056776754292e-08,19938160.189881004,0.0,4.19967521040206e-21,1.000865452001416e-07,19444886.09857332,7.011835465823021e-08,-1.7011870189681142e-08,-1.7011870189681142e-08,1.1515533856246459e-07,1.151553385624646e-07,161.8639536020922,16313715.571928885,3.4871991711095253e-08,837064.120725058,17987519.632795624,1.7011870189681142e-08,1.7011870189681142e-08,1.151553385624646e-07,1.151553385624646e-07,161.86395360208448,16313715.571940424,3.487199171060693e-08,837064.1207133364,17987519.63278373,26.333916835686246,0.4102809277318902,66.0,17095330.25583685,18022980.442149136,17095330.25583688,927650.1863122694,8.50593509484057,1.0
9.83675627185684e-21,7.438494264988549e-15,2.5448069140787014e-13,4.199679496036383e-21,1.0008657924517016e-07,19438235.29628136,-7.011832713221224e-08,1.437397279784074e-21,7.001042860930943e-08,19933632.27765122,8.58138644739468e-25,4.199679496036383e-21,1.0008657924517016e-07,19438235.29628137,7.011832713221225e-08,-1.7011870189681142e-08,-1.7011870189681142e-08,1.1515508047589172e-07,1.1515508047589172e-07,161.86363785374095,16311491.701040437,3.4965768299783094e-08,839318.8876048196,17989802.56643202,1.7011870189681142e-08,1.7011870189681142e-08,1.1515508047589172e-07,1.1515508047589172e-07,161.86363785373274,16311491.701052407,3.496576829927623e-08,839318.8875926528,17989802.566419665,26.892047730509393,0.4189765753544101,67.0,17095880.12545762,18023387.617924783,17095880.12545754,927507.492467206,8.50593509484057,1.0
9.83675627185684e-21,7.771561172376096e-15,2.544804062473637e-13,4.199683748687468e-21,1.0008661302815737e-07,19431698.295495175,-7.01183002283728e-08,1.4373887744819052e-21,7.001029052152322e-08,19929131.327428073,0.0,4.199683748687467e-21,1.0008661302815736e-07,19431698.295495167,7.01183002283728e-08,-1.7011870189681142e-08,-1.7011870189681142e-08,1.1515482364159247e-07,1.1515482364159247e-07,161.86334710884773,16309298.02560105,3.505830399492663e-08,841543.86982386,17992056.164403506,1.7011870189681142e-08,1.7011870189681142e-08,1.1515482364159249e-07,1.1515482364159249e-07,161.8633471088354,16309298.025618443,3.505830399418962e-08,841543.8698061686,17992056.164385512,27.45017862533254,0.4276722229769299,68.0,17096419.699384574,18023766.861922838,17096419.69938437,927347.1625383645,8.50593509484057,1.0
9.83675627185684e-21,7.882583474838611e-15,2.544801255263161e-13,4.199687969371814e-21,1.000866465571788e-07,19425271.159620766,-7.011827392665295e-08,1.4373803331132112e-21,7.001015347119e-08,19924657.478798512,8.5814876216826e-25,4.199687969371814e-21,1.000866465571788e-07,19425271.159620762,7.011827392665295e-08,-1.7011870189681142e-08,-1.7011870189681142e-08,1.151545680395012e-07,1.151545680395012e-07,161.86308001092584,16307133.660137465,3.5149634470944776e-08,843739.9234694894,17994281.251851372,1.7011870189681142e-08,1.7011870189681142e-08,1.1515456803950119e-07,1.1515456803950119e-07,161.8630800109095,16307133.660164202,3.514963446981465e-08,843739.9234423619,17994281.25182386,28.008309520155688,0.43636787059944976,69.0,17096949.381843463,18024119.440696817,17096949.38184366,927170.0588532574,8.50593509484057,1.0
9.836756271856841e-21,6.716849298982197e-15,2.5447984909178745e-13,4.199692159047283e-21,1.0008667983984421e-07,19418950.158572298,-7.011824820807382e-08,1.4373719537622753e-21,7.001001742721903e-08,19920210.819390073,0.0,4.199692159047283e-21,1.0008667983984421e-07,19418950.158572298,7.011824820807382e-08,-1.7011870189681142e-08,-1.7011870189681142e-08,1.151543136494552e-07,1.151543136494552e-07,161.86283529413046,16304997.74954636,3.523979422671806e-08,845907.8764344603,17996478.62799701,1.7011870189681142e-08,1.7011870189681142e-08,1.151543136494552e-07,1.151543136494552e-07,161.86283529412677,16304997.749553673,3.5239794226409694e-08,845907.8764270581,17996478.627989527,28.566440414978835,0.44506351822196966,70.0,17097469.554671247,18024446.56074962,17097469.55467148,926977.0060782582,8.50593509484057,1.0
9.83675627185684e-21,6.827871601444713e-15,2.5447957679892e-13,4.19969631861759e-21,1.0008671288333316e-07,19412731.753797907,-7.011822305465801e-08,1.4373636346216596e-21,7.000988236027698e-08,19915791.3895556,8.581587316634591e-25,4.19969631861759e-21,1.0008671288333316e-07,19412731.75379792,7.011822305465801e-08,-1.7011870189681142e-08,-1.7011870189681142e-08,1.1515406045125433e-07,1.1515406045125433e-07,161.86261177536412,16302889.468197055,3.532881661483892e-08,848048.5291173421,17998649.06663747,1.7011870189681142e-08,1.7011870189681142e-08,1.1515406045125435e-07,1.1515406045125435e-07,161.86261177535357,16302889.468211383,3.532881661423135e-08,848048.5291027576,17998649.066622637,29.124571309801983,0.4537591658444895,71.0,17097980.578958526,18024749.372581437,17097980.578958496,926768.7936229259,8.50593509484057,1.0
9.83675627185684e-21,7.993605777301127e-15,2.54479308510414e-13,4.1997004489363974e-21,1.0008674569442754e-07,19406612.584679212,-7.011819844935771e-08,1.4373553739840446e-21,7.000974824265551e-08,19911399.186541464,-8.581636635949959e-25,4.1997004489363974e-21,1.0008674569442754e-07,19406612.584679212,7.011819844935771e-08,-1.7011870189681142e-08,-1.7011870189681142e-08,1.1515380842470465e-07,1.1515380842470465e-07,161.86240834661393,16300808.019579954,3.541673384844381e-08,850162.654585015,18000793.316111594,1.7011870189681142e-08,1.7011870189681142e-08,1.1515380842470467e-07,1.1515380842470468e-07,161.86240834660487,16300808.019594695,3.541673384782058e-08,850162.6545700543,18000793.316096414,29.68270220462513,0.4624548134670094,72.0,17098482.796576634,18025028.974739235,17098482.796576522,926546.1781626567,8.50593509484057,1.0
9.83675627185684e-21,8.43769498715119e-15,2.5447904409605366e-13,4.199704550811006e-21,1.0008677827954103e-07,19400589.45608144,-7.011817437598975e-08,1.4373471702348275e-21,7.000961504815112e-08,19907034.167763628,0.0,4.199704550811006e-21,1.0008677827954103e-07,19400589.456081435,7.011817437598974e-08,-1.7011870189681142e-08,-1.7011870189681142e-08,1.151535575496342e-07,1.151535575496342e-07,161.86222396792107,16298752.635469068,3.55035770290704e-08,852250.9992402829,18002912.099791132,1.7011870189681142e-08,1.7011870189681142e-08,1.151535575496342e-07,1.151535575496342e-07,161.86222396791203,16298752.635486133,3.550357702835047e-08,852250.9992230013,18002912.099773638,30.240833099448277,0.47115046108952924,73.0,17098976.53162851,18025286.418396812,17098976.531628553,926309.8867682777,8.50593509484057,1.0
9.83675627185684e-21,8.104628079763643e-15,2.5447878343221357e-13,4.19970862500569e-21,1.0008681064474539e-07,19394659.32681931,-7.011815081917649e-08,1.4373390218454593e-21,7.000948275195697e-08,19902696.253170624,-8.581734266438959e-25,4.19970862500569e-21,1.0008681064474539e-07,19394659.32681931,7.011815081917649e-08,-1.7011870189681142e-08,-1.7011870189681142e-08,1.1515330780587132e-07,1.1515330780587133e-07,161.8620576611859,16296722.574037619,3.558937621916314e-08,854314.2845618427,18005006.117670212,1.7011870189681142e-08,1.7011870189681142e-08,1.151533078058713e-07,1.1515330780587132e-07,161.8620576611805,16296722.574047327,3.5589376218753276e-08,854314.2845520042,18005006.11766025,30.798963994271425,0.47984610871204914,74.0,17099462.09184356,18025522.712642785,17099462.09184366,926060.6207991727,8.50593509484057,1.0
9.83675627185684e-21,7.882583474838611e-15,2.544785264013801e-13,4.199712672244678e-21,1.000868427957943e-07,19388819.29886322,-7.011812776429251e-08,1.4373309273674829e-21,7.000935133056613e-08,19898385.327575076,0.0,4.199712672244679e-21,1.000868427957943e-07,19388819.298863236,7.01181277642925e-08,-1.7011870189681142e-08,-1.7011870189681142e-08,1.1515305917319565e-07,1.1515305917319565e-07,161.86190850577927,16294717.116043996,3.567416059691324e-08,856353.2108211517,18007076.04997946,1.7011870189681142e-08,1.7011870189681142e-08,1.1515305917319563e-07,1.1515305917319563e-07,161.86190850577373,16294717.116054526,3.5674160596469316e-08,856353.2108104955,18007076.049968675,31.357094889094572,0.488541756334569,75.0,17099939.769854836,18025738.829658724,17099939.769855082,925799.0598037653,8.50593509484057,1.0
9.83675627185684e-21,7.105427357601002e-15,2.544782728918456e-13,4.199716693214816e-21,1.0008687473814441e-07,19383066.60726838,-7.011810519741621e-08,1.4373228854272082e-21,7.00092207616852e-08,19894101.24440045,-8.581830611146781e-25,4.199716693214816e-21,1.0008687473814441e-07,19383066.607268393,7.011810519741621e-08,-1.7011870189681142e-08,-1.7011870189681142e-08,1.1515281163129743e-07,1.1515281163129743e-07,161.86177563592148,16292735.560068347,3.575795865235109e-08,858368.4617895484,18009122.561832152,1.7011870189681142e-08,1.7011870189681142e-08,1.1515281163129743e-07,1.1515281163129743e-07,161.86177563591235,16292735.560081549,3.575795865179194e-08,858368.4617761262,18009122.561818507,31.91522578391772,0.4972374039570888,76.0,17100409.844269715,18025935.708378125,17100409.84426951,925525.864108514,8.50593509484057,1.0
9.83675627185684e-21,7.993605777301127e-15,2.544780228009115e-13,4.199720688567987e-21,1.0008690647697465e-07,19377398.610932373,-7.011808310528517e-08,1.4373148947208652e-21,7.000909102415562e-08,19889843.83133092,0.0,4.199720688567987e-21,1.0008690647697465e-07,19377398.610932354,7.011808310528517e-08,-1.7011870189681142e-08,-1.7011870189681142e-08,1.1515256515978806e-07,1.1515256515978808e-07,161.8616582390373,16290777.218611382,3.5840798348199335e-08,860360.7085988298,18011146.307040457,1.7011870189681142e-08,1.7011870189681142e-08,1.1515256515978806e-07,1.1515256515978806e-07,161.86165823902905,16290777.218624545,3.584079834764274e-08,860360.708585469,18011146.30702689,32.47335667874086,0.5059330515796087,77.0,17100872.58049328,18026114.255706277,17100872.58049326,925241.6752130054,8.50593509484057,1.0
9.83675627185684e-21,8.548717289613705e-15,2.5447777602563537e-13,4.199724658923395e-21,1.0008693801720431e-07,19371812.784550015,-7.011806147525563e-08,1.4373069540100502e-21,7.000896209787972e-08,19885612.899145637,-8.581925733989583e-25,4.199724658923395e-21,1.0008693801720431e-07,19371812.78455001,7.011806147525563e-08,-1.7011870189681142e-08,-1.7011870189681142e-08,1.1515231973828304e-07,1.1515231973828304e-07,161.86155555492664,16288841.415452976,3.592270722864905e-08,862330.6123507321,18013147.930689834,1.7011870189681142e-08,1.7011870189681142e-08,1.1515231973828305e-07,1.1515231973828305e-07,161.86155555492425,16288841.415458122,3.592270722843219e-08,862330.612345526,18013147.93068458,33.03148757356401,0.5146286992021285,78.0,17101328.231352348,18026275.345396034,17101328.231352307,924947.1140437052,8.50593509484057,1.0
9.83675627185684e-21,7.438494264988549e-15,2.5447753246571536e-13,4.19972860486977e-21,1.000869693635106e-07,19366306.711691897,-7.011804029526162e-08,1.437299062117299e-21,7.000883396374892e-08,19881408.251682,0.0,4.19972860486977e-21,1.000869693635106e-07,19366306.711691882,7.011804029526161e-08,-1.7011870189681142e-08,-1.7011870189681142e-08,1.1515207534657292e-07,1.1515207534657292e-07,161.86146687463247,16286927.486118859,3.6003712397863317e-08,864278.8235979173,18015128.06856522,1.7011870189681142e-08,1.7011870189681142e-08,1.1515207534657292e-07,1.1515207534657292e-07,161.8614668746338,16286927.486119378,3.600371239784291e-08,864278.8235974275,18015128.068564765,33.58961846838715,0.5233243468246482,79.0,17101777.03744488,18026419.81362462,17101777.03744527,924642.7761795446,8.50593509484057,1.0
9.83675627185684e-21,7.771561172376096e-15,2.5447729202715277e-13,4.199732526967584e-21,1.0008700052034624e-07,19360878.078851093,-7.011801955377533e-08,1.4372912179216716e-21,7.000870660357206e-08,19877229.692691434,0.0,4.199732526967583e-21,1.0008700052034624e-07,19360878.078851108,7.011801955377534e-08,-1.7011870189681142e-08,-1.7011870189681142e-08,1.1515183196483996e-07,1.1515183196483996e-07,161.86139153521296,16285034.784509726,3.6083840237441046e-08,866205.9755578823,18017087.340205405,1.7011870189681142e-08,1.7011870189681142e-08,1.1515183196483996e-07,1.1515183196483996e-07,161.86139153520747,16285034.784519438,3.608384023703105e-08,866205.9755480401,18017087.34019543,34.147749363210295,0.5320199944471681,80.0,17102219.227516692,18026548.454602484,17102219.22751672,924329.2270857804,8.50593509484057,1.0
9.83675627185684e-21,8.770761894538737e-15,2.5447705462074117e-13,4.1997364257512265e-21,1.0008703149195672e-07,19355524.670455933,-7.011799923976959e-08,1.4372834203543858e-21,7.000858000000447e-08,19873077.02823679,0.0,4.1997364257512265e-21,1.0008703149195672e-07,19355524.670455918,7.01179992397696e-08,-1.7011870189681142e-08,-1.7011870189681142e-08,1.1515158957379039e-07,1.151515895737904e-07,161.86132891407385,16283162.68693068,3.616311623221635e-08,868112.6799285728,18019026.34456026,1.7011870189681142e-08,1.7011870189681142e-08,1.1515158957379038e-07,1.1515158957379038e-07,161.8613289140609,16283162.686950793,3.616311623136576e-08,868112.6799081545,18019026.344539545,34.70588025803344,0.5407156420696879,81.0,17102655.019366246,18026662.023400202,17102655.019366216,924007.0040339716,8.50593509484057,1.0
9.836756271856838e-21,7.605027718682322e-15,2.5447682016174575e-13,4.199740301730954e-21,1.000870622823958e-07,19350244.363813546,-7.011797934268427e-08,1.43727566839493e-21,7.000845413648498e-08,19868950.066479784,-8.582112539368265e-25,4.199740301730954e-21,1.000870622823958e-07,19350244.36381356,7.011797934268429e-08,-1.7011870189681142e-08,-1.7011870189681142e-08,1.1515134815467273e-07,1.1515134815467273e-07,161.86127842934124,16281310.58694168,3.624156518507741e-08,869999.5320442412,18020945.66514874,1.7011870189681142e-08,1.7011870189681142e-08,1.1515134815467272e-07,1.1515134815467272e-07,161.86127842934985,16281310.586931325,3.6241565185517273e-08,869999.5320548005,18020945.66515951,35.26401115285658,0.5494112896922076,82.0,17103084.620643187,18026761.239435893,17103084.620643213,923676.6187926941,8.50593509484057,1.0
9.836756271856841e-21,8.548717289613705e-15,2.544765885698198e-13,4.199744155394572e-21,1.000870928955389e-07,19345035.124193225,-7.011795985239671e-08,1.4372679610676977e-21,7.000832899718117e-08,19864848.621535957,0.0,4.199744155394572e-21,1.000870928955389e-07,19345035.12419322,7.011795985239671e-08,-1.7011870189681142e-08,-1.7011870189681142e-08,1.1515110768933226e-07,1.1515110768933226e-07,161.86123954125657,16279477.891636938,3.6319211373069355e-08,871867.114621371,18022845.87382706,1.7011870189681142e-08,1.7011870189681142e-08,1.1515110768933227e-07,1.1515110768933227e-07,161.86123954125492,16279477.891637346,3.631921137305051e-08,871867.1146209184,18022845.87382657,35.822142047679726,0.5581069373147275,83.0,17103508.229108263,18026846.784189764,17103508.229108058,923338.5550816022,8.50593509484057,1.0
9.83675627185684e-21,7.327471962526033e-15,2.544763597688905e-13,4.199747987209043e-21,1.0008712333509585e-07,19339895.000697095,-7.011794075919322e-08,1.4372602974387527e-21,7.000820456693698e-08,19860772.51972096,0.0,4.199747987209043e-21,1.0008712333509585e-07,19339895.000697058,7.011794075919322e-08,-1.7011870189681142e-08,-1.7011870189681142e-08,1.1515086816036897e-07,1.1515086816036898e-07,161.86121175057536,16277664.024364106,3.63960784316753e-08,873715.9949778393,18024727.527944487,1.7011870189681142e-08,1.7011870189681142e-08,1.1515086816036897e-07,1.1515086816036897e-07,161.8612117505584,16277664.024390984,3.639607843053888e-08,873715.994950559,18024727.527916808,36.38027294250287,0.5668025849372473,84.0,17103926.0327278,18026919.296217237,17103926.03272775,922993.2634894624,8.50593509484057,1.0
9.83675627185684e-21,7.882583474838611e-15,2.544761336866957e-13,4.199751797622143e-21,1.0008715360462407e-07,19334822.12296385,-7.011792205374142e-08,1.4372526766125523e-21,7.000808083121944e-08,19856721.60378345,0.0,4.199751797622143e-21,1.0008715360462407e-07,19334822.122963823,7.011792205374142e-08,-1.7011870189681142e-08,-1.7011870189681142e-08,1.1515062955132722e-07,1.1515062955132722e-07,161.86119459481742,16275868.430424487,3.6472189112605574e-08,875546.7192149553,18026591.164405465,1.7011870189681142e-08,1.7011870189681142e-08,1.1515062955132721e-07,1.1515062955132721e-07,161.86119459481247,16275868.430431677,3.647218911230125e-08,875546.71920765,18026591.164398044,36.938403837326014,0.5754982325597671,85.0,17104338.20989293,18026979.36736374,17104338.209893174,922641.1574706882,8.50593509484057,1.0
9.83675627185684e-21,8.382183835919932e-15,2.54475910254096e-13,4.199755587064055e-21,1.0008718370754117e-07,19329814.69833303,-7.01179037270639e-08,1.4372450977287296e-21,7.000795777606648e-08,19852695.73329694,0.0,4.199755587064055e-21,1.0008718370754117e-07,19329814.698333,7.01179037270639e-08,-1.7011870189681142e-08,-1.7011870189681142e-08,1.1515039184683486e-07,1.1515039184683487e-07,161.86118764357886,16274090.582493749,3.654756505258346e-08,877359.8066640832,18028437.29398101,1.7011870189681142e-08,1.7011870189681142e-08,1.1515039184683488e-07,1.1515039184683488e-07,161.8611876435894,16274090.582481146,3.6547565053118695e-08,877359.8066769317,18028437.2939941,37.49653473214916,0.5841938801822869,86.0,17104744.929812215,18027027.54165564,17104744.929812193,922282.611843437,8.50593509484057,1.0
9.836756271856838e-21,7.93809462606987e-15,2.544756894044808e-13,4.199759355948858e-21,1.0008721364713686e-07,19324871.009073425,-7.011788577051386e-08,1.4372375599591217e-21,7.000783538803868e-08,19848694.78174928,0.0,4.199759355948858e-21,1.0008721364713686e-07,19324871.009073395,7.011788577051386e-08,-1.7011870189681142e-08,-1.7011870189681142e-08,1.1515015503265491e-07,1.1515015503265491e-07,161.86119049370936,16272329.984360106,3.662222661257822e-08,879155.7460256144,18030266.397321466,1.7011870189681142e-08,1.7011870189681142e-08,1.1515015503265492e-07,1.1515015503265492e-07,161.8611904937104,16272329.984360835,3.6622226612548824e-08,879155.7460249085,18030266.397320792,38.0546656269723,0.5928895278048067,87.0,17105146.3530461,18027064.31689252,17105146.353046115,921917.9638464116,8.50593509484057,1.0
9.83675627185684e-21,1.0047518372857667e-14,2.5447547107336834e-13,4.19976310467583e-21,1.0008724342658325e-07,19319989.409448095,-7.01178681757539e-08,1.4372300625051798e-21,7.00077136541772e-08,19844718.631454,0.0,4.19976310467583e-21,1.0008724342658325e-07,19319989.409448057,7.011786817575391e-08,-1.7011870189681142e-08,-1.7011870189681142e-08,1.1514991909564959e-07,1.1514991909564959e-07,161.86120276465988,16270586.172673069,3.66961928005706e-08,880934.9935144819,18032078.922993105,1.7011870189681142e-08,1.7011870189681142e-08,1.151499190956496e-07,1.151499190956496e-07,161.8612027646457,16270586.172695331,3.6696192799629134e-08,880934.9934918806,18032078.92297016,38.612796521795445,0.6015851754273266,88.0,17105542.63213619,18027090.148426186,17105542.63213635,921547.5162899159,8.50593509484057,1.0
9.836756271856841e-21,8.326672684688674e-15,2.544752551981421e-13,4.199766833630516e-21,1.0008727304894334e-07,19315168.322512977,-7.011785093473764e-08,1.4372226045958093e-21,7.000759256196879e-08,19840767.167419128,8.582429400162384e-25,4.199766833630516e-21,1.0008727304894334e-07,19315168.32251297,7.011785093473764e-08,-1.7011870189681142e-08,-1.7011870189681142e-08,1.1514968402367243e-07,1.1514968402367243e-07,161.8612240942813,16268858.716847077,3.676948127202808e-08,882697.9728722759,18033875.287402708,1.7011870189681142e-08,1.7011870189681142e-08,1.1514968402367243e-07,1.1514968402367243e-07,161.8612240942669,16268858.716868844,3.676948127110709e-08,882697.9728501663,18033875.287380245,39.17092741661859,0.6102808230498463,89.0,17105933.91228909,18027105.454540435,17105933.91228925,921171.5422512628,8.50593509484057,1.0
9.83675627185684e-21,7.771561172376096e-15,2.5447504171786715e-13,4.199770543185597e-21,1.0008730251717793e-07,19310406.23665596,-7.011783403969436e-08,1.4372151854856439e-21,7.000747209931773e-08,19836840.27096234,8.582473703889377e-25,4.199770543185597e-21,1.0008730251717793e-07,19310406.236655943,7.011783403969436e-08,-1.7011870189681142e-08,-1.7011870189681142e-08,1.1514944980540814e-07,1.1514944980540814e-07,161.86125413534094,16267147.21719772,3.684210840500521e-08,884445.0771716721,18035655.87654001,1.7011870189681142e-08,1.7011870189681142e-08,1.1514944980540814e-07,1.1514944980540814e-07,161.8612541353397,16267147.217202876,3.684210840478936e-08,884445.0771664903,18035655.87653479,39.72905831144173,0.6189764706723662,90.0,17106320.33207533,18027110.62275504,17106320.332075223,920790.290679764,8.50593509484057,1.0
9.83675627185684e-21,7.771561172376096e-15,2.5447483057316495e-13,4.19977423370156e-21,1.0008733183415098e-07,19305701.701915573,-7.011781748311627e-08,1.4372078044537205e-21,7.000735225452431e-08,19832937.81386791,0.0,4.19977423370156e-21,1.0008733183415098e-07,19305701.701915532,7.011781748311627e-08,-1.7011870189681142e-08,-1.7011870189681142e-08,1.151492164301818e-07,1.1514921643018181e-07,161.86129255264166,16265451.30204603,3.6914089418997454e-08,886176.6716717854,18037421.048790313,1.7011870189681142e-08,1.7011870189681142e-08,1.151492164301818e-07,1.151492164301818e-07,161.86129255264288,16265451.302045897,3.691408941900428e-08,886176.6716719493,18037421.04879051,40.28718920626488,0.627672118294886,91.0,17106702.02410846,18027106.01646699,17106702.024108365,920403.9923585802,8.50593509484057,1.0
9.83675627185684e-21,7.438494264988549e-15,2.544746217061517e-13,4.199777905527177e-21,1.0008736100263333e-07,19301053.32616964,-7.011780125774794e-08,1.4372004608024867e-21,7.000723301626876e-08,19829059.653557338,-8.582561634703095e-25,4.199777905527176e-21,1.0008736100263332e-07,19301053.326169632,7.011780125774794e-08,-1.7011870189681142e-08,-1.7011870189681142e-08,1.1514898388775751e-07,1.1514898388775751e-07,161.86133902092968,16263770.623851947,3.698543853507286e-08,887893.0976647399,18039171.13875942,1.7011870189681142e-08,1.7011870189681142e-08,1.1514898388775748e-07,1.151489838877575e-07,161.86133902092396,16263770.623863209,3.6985438534598165e-08,887893.0976533443,18039171.13874789,40.84532010108802,0.6363677659174057,92.0,17107079.11567863,18027091.981407687,17107079.115678817,920012.8657289632,8.50593509484057,1.0
9.836756271856837e-21,7.993605777301127e-15,2.54474415060466e-13,4.199781558999883e-21,1.0008739002530578e-07,19296459.771295033,-7.011778535657732e-08,1.4371931538570714e-21,7.00071143735994e-08,19825205.62954981,0.0,4.199781558999883e-21,1.0008739002530578e-07,19296459.77129501,7.011778535657732e-08,-1.7011870189681142e-08,-1.7011870189681142e-08,1.1514875216814274e-07,1.1514875216814274e-07,161.86139322339747,16262104.855119519,3.7056169146067035e-08,889594.6765638739,18040906.461353887,1.7011870189681142e-08,1.7011870189681142e-08,1.1514875216814273e-07,1.1514875216814273e-07,161.86139322339403,16262104.855126284,3.705616914578181e-08,889594.6765570268,18040906.461346954,41.403450995911165,0.6450634135399256,93.0,17107451.729322214,18027068.851554006,17107451.729322214,919617.1222317927,8.50593509484057,1.0
9.836756271856837e-21,8.548717289613705e-15,2.544742105814251e-13,4.199785194446049e-21,1.0008741890476124e-07,19291919.749388367,-7.011776977282786e-08,1.437185882964738e-21,7.000699631592375e-08,19821375.561331198,-8.582648690380765e-25,4.199785194446049e-21,1.0008741890476124e-07,19291919.749388363,7.011776977282786e-08,-1.7011870189681142e-08,-1.7011870189681142e-08,1.1514852126141013e-07,1.1514852126141013e-07,161.86145485078725,16260453.684067905,3.712629399702855e-08,891281.7142378986,18042627.316119567,1.7011870189681142e-08,1.7011870189681142e-08,1.1514852126141012e-07,1.1514852126141012e-07,161.86145485078197,16260453.684077874,3.712629399660801e-08,891281.714227803,18042627.316109344,41.96158189073431,0.6537590611624454,94.0,17107819.983323254,18027036.954270225,17107819.983323354,919216.9709469192,8.50593509484057,1.0
9.83675627185684e-21,7.771561172376096e-15,2.544740082163386e-13,4.199788812181191e-21,1.0008744764350634e-07,19287432.019131314,-7.011775449995144e-08,1.437178647494457e-21,7.000687883300167e-08,19817569.247536696,0.0,4.199788812181191e-21,1.0008744764350634e-07,19287432.019131303,7.011775449995144e-08,-1.7011870189681142e-08,-1.7011870189681142e-08,1.1514829115754261e-07,1.1514829115754261e-07,161.86152360094405,16258816.810535233,3.7195825356276416e-08,892954.5051194578,18044333.991362125,1.7011870189681142e-08,1.7011870189681142e-08,1.1514829115754261e-07,1.1514829115754261e-07,161.8615236009395,16258816.810541956,3.71958253559919e-08,892954.5051126275,18044333.99135518,42.51971278555745,0.6624547087849653,95.0,17108183.99214616,18026996.614636894,17108183.992145978,918812.622490827,8.50593509484057,1.0
9.836756271856838e-21,7.66053886991358e-15,2.5447380791495736e-13,4.199792412510151e-21,1.0008747624396298e-07,19282995.38233847,-7.011773953162169e-08,1.4371714468365354e-21,7.000676191493923e-08,19813786.466450166,0.0,4.199792412510151e-21,1.0008747624396298e-07,19282995.382338453,7.011773953162169e-08,-1.7011870189681142e-08,-1.7011870189681142e-08,1.1514806184630612e-07,1.1514806184630612e-07,161.8615991788286,16257193.941976521,3.726477518283847e-08,894613.336226508,18046026.768187474,1.7011870189681142e-08,1.7011870189681142e-08,1.151480618463061e-07,1.151480618463061e-07,161.86159917882804,16257193.941977143,3.726477518281208e-08,894613.3362258747,18046026.768186837,43.077843680380596,0.671150356407485,96.0,17108543.86680517,18026948.158931743,17108543.866805147,918404.2921265848,8.50593509484057,1.0
9.83675627185684e-21,7.549516567451064e-15,2.5447360962989617e-13,4.199795995727288e-21,1.000875047084697e-07,19278608.68074674,-7.011772486172734e-08,1.4371642804022633e-21,7.000664555218309e-08,19810026.97751446,-8.582777699434956e-25,4.199795995727289e-21,1.000875047084697e-07,19278608.680746768,7.011772486172734e-08,-1.7011870189681142e-08,-1.7011870189681142e-08,1.151478333171506e-07,1.151478333171506e-07,161.86168129714716,16255584.7895043,3.73331552925621e-08,896258.4911515042,18047705.92452082,1.7011870189681142e-08,1.7011870189681142e-08,1.1514783331715061e-07,1.1514783331715061e-07,161.86168129713056,16255584.789528891,3.733315529152119e-08,896258.491126515,18047705.924495447,43.63597457520374,0.6798460040300048,97.0,17108899.715165474,18026891.917213757,17108899.71516544,917992.202048298,8.50593509484057,1.0
9.836756271856838e-21,8.326672684688674e-15,2.544734133167242e-13,4.1997995621166485e-21,1.0008753303928317e-07,19274270.79303327,-7.011771048436605e-08,1.4371571476235413e-21,7.000652973551441e-08,19806290.524009105,0.0,4.1997995621166485e-21,1.0008753303928317e-07,19274270.79303328,7.011771048436605e-08,-1.7011870189681142e-08,-1.7011870189681142e-08,1.1514760555914359e-07,1.1514760555914359e-07,161.86176967746437,16253989.064113982,3.740097751682582e-08,897890.2538725585,18049371.73895451,1.7011870189681142e-08,1.7011870189681142e-08,1.151476055591436e-07,1.151476055591436e-07,161.86176967745857,16253989.06412361,3.740097751641889e-08,897890.2538627889,18049371.738944605,44.194105470026884,0.6885416516525247,98.0,17109251.64217617,18026828.22494767,17109251.642176222,917576.5827714726,8.50593509484057,1.0
9.836756271856838e-21,6.772360450213455e-15,2.5447321893348644e-13,4.19980311195219e-21,1.0008756123857988e-07,19269980.63211431,-7.011769639383787e-08,1.4371500479524603e-21,7.000641445604204e-08,19802576.836848285,-8.582862696789933e-25,4.199803111952188e-21,1.0008756123857986e-07,19269980.63211431,7.01176963938379e-08,-1.7011870189681142e-08,-1.7011870189681142e-08,1.1514737856094397e-07,1.1514737856094397e-07,161.8618640523866,16252406.472628852,3.74682538737655e-08,899508.9128645156,18051024.494915526,1.7011870189681142e-08,1.7011870189681142e-08,1.1514737856094397e-07,1.1514737856094397e-07,161.86186405239073,16252406.472623436,3.746825387399531e-08,899508.9128700327,18051024.494921133,44.75223636485003,0.6972372992750444,99.0,17109599.75000144,18026757.423282422,17109599.750001535,917157.673280932,8.50593509484057,1.0
9.836756271856838e-21,7.216449660063518e-15,2.54473026439945e-13,4.199806645498018e-21,1.0008758930845807e-07,19265737.14279255,-7.011768258463857e-08,1.4371429808608023e-21,7.00062997051944e-08,19798885.640038643,8.582904902665182e-25,4.199806645498018e-21,1.0008758930845807e-07,19265737.14279256,7.011768258463857e-08,-1.7011870189681142e-08,-1.7011870189681142e-08,1.1514715231083408e-07,1.1514715231083408e-07,161.86196416873418,16250836.713906616,3.753499672926382e-08,901114.7649634592,18052664.48460155,1.7011870189681142e-08,1.7011870189681142e-08,1.1514715231083407e-07,1.1514715231083407e-07,161.86196416872073,16250836.713926138,3.753499672843728e-08,901114.7649436165,18052664.484581392,45.31036725967317,0.7059329468975643,100.0,17109944.138002336,18026679.857224774,17109944.13800248,916735.7192223631,8.50593509484057,1.0
9.836756271856837e-21,1.0547118733938987e-14,2.54472835797283e-13,4.1998101630087225e-21,1.0008761725094037e-07,19261539.299934044,-7.01176690514514e-08,1.4371359458393926e-21,7.000618547470901e-08,19795216.658188965,0.0,4.1998101630087225e-21,1.0008761725094037e-07,19261539.299934067,7.01176690514514e-08,-1.7011870189681142e-08,-1.7011870189681142e-08,1.1514692679683603e-07,1.1514692679683603e-07,161.86206979114718,16249279.476686245,3.760121888957329e-08,902708.1175886784,18054292.01127262,1.7011870189681142e-08,1.7011870189681142e-08,1.1514692679683604e-07,1.1514692679683604e-07,161.86206979113834,16249279.476698827,3.760121888904036e-08,902708.1175758839,18054292.011259608,45.868498154496315,0.7146285945200841,101.0,17110284.90251843,18026595.870889198,17110284.902518503,916310.9683707319,8.50593509484057,1.0
9.83675627185684e-21,6.8833827526759706e-15,2.5447264696849094e-13,4.1998136647298175e-21,1.0008764506797729e-07,19257386.1073824,-7.011765578913742e-08,1.437128942397205e-21,7.000607175661793e-08,19791569.6258139,0.0,4.199813664729817e-21,1.0008764506797729e-07,19257386.107382413,7.011765578913744e-08,-1.7011870189681142e-08,-1.7011870189681142e-08,1.1514670200692667e-07,1.1514670200692667e-07,161.86218070525885,16247734.440317098,3.7666933572904516e-08,904289.2880573757,18055907.388610523,1.7011870189681142e-08,1.7011870189681142e-08,1.1514670200692666e-07,1.1514670200692666e-07,161.86218070525237,16247734.440326106,3.7666933572522934e-08,904289.2880482152,18055907.38860121,46.42662904931946,0.7233242421426038,102.0,17110622.136460412,18026505.79974399,17110622.136460453,915883.6632835604,8.50593509484057,1.0
9.83675627185684e-21,8.326672684688674e-15,2.5447245991846173e-13,4.199817150898359e-21,1.0008767276145221e-07,19253276.597731408,-7.011764279272386e-08,1.437121970060121e-21,7.000595854322763e-08,19787944.296614185,0.0,4.199817150898359e-21,1.0008767276145221e-07,19253276.597731393,7.011764279272386e-08,-1.7011870189681142e-08,-1.7011870189681142e-08,1.1514647792933129e-07,1.1514647792933129e-07,161.86229671864086,16246201.279900782,3.773215419455529e-08,905858.5984216444,18057510.93553534,1.7011870189681142e-08,1.7011870189681142e-08,1.151464779293313e-07,1.151464779293313e-07,161.86229671863512,16246201.279910788,3.7732154194132606e-08,905858.5984114967,18057510.935525056,46.9847599441426,0.7320198897651237,103.0,17110955.92884293,18026409.96130231,17110955.928842835,915454.0324594304,8.50593509484057,1.0
9.836756271856838e-21,6.772360450213455e-15,2.544722746134004e-13,4.199820621743728e-21,1.0008770033318746e-07,19249209.832803827,-7.011763005739179e-08,1.4371150283693817e-21,7.000584582709389e-08,19784340.45012254,-8.583071843773526e-25,4.199820621743728e-21,1.0008770033318746e-07,19249209.832803823,7.011763005739179e-08,-1.7011870189681142e-08,-1.7011870189681142e-08,1.1514625455283326e-07,1.1514625455283326e-07,161.8624176591647,16244679.674526937,3.7796894020513547e-08,907416.3671473861,18059102.967798997,1.7011870189681142e-08,1.7011870189681142e-08,1.1514625455283324e-07,1.1514625455283324e-07,161.86241765916955,16244679.674521655,3.779689402073854e-08,907416.3671527877,18059102.967804518,47.54289083896575,0.7407155373876435,104.0,17111286.364440136,18026308.64693677,17111286.3644401,915022.2824966535,8.50593509484057,1.0
9.83675627185684e-21,8.881784197001252e-15,2.5447209102034257e-13,4.199824077488414e-21,1.0008772778495066e-07,19245184.904435884,-7.011761757846419e-08,1.4371081168800118e-21,7.000573360099614e-08,19780757.893688336,0.0,4.199824077488413e-21,1.0008772778495066e-07,19245184.904435877,7.01176175784642e-08,-1.7011870189681142e-08,-1.7011870189681142e-08,1.1514603186701893e-07,1.1514603186701894e-07,161.86254337137098,16243169.315937549,3.786116580160004e-08,908962.9003268108,18060683.789073456,1.7011870189681142e-08,1.7011870189681142e-08,1.1514603186701891e-07,1.1514603186701891e-07,161.86254337136785,16243169.315944735,3.7861165801297907e-08,908962.9003195576,18060683.789066132,48.10102173378889,0.7494111850101633,105.0,17111613.523698885,18026202.117072735,17111613.523698777,914588.5933739059,8.50593509484057,1.0
9.836756271856838e-21,7.105427357601002e-15,2.544719091070193e-13,4.199827518348132e-21,1.0008775511845563e-07,19241200.93508369,-7.011760535140259e-08,1.4371012351605747e-21,7.000562185793359e-08,19777196.459673636,8.583154223566438e-25,4.199827518348132e-21,1.0008775511845563e-07,19241200.935083687,7.01176053514026e-08,-1.7011870189681142e-08,-1.7011870189681142e-08,1.151458098624032e-07,1.151458098624032e-07,161.86267371199318,16241669.915291071,3.792498148658798e-08,910498.4847886562,18062253.68393307,1.7011870189681142e-08,1.7011870189681142e-08,1.151458098624032e-07,1.151458098624032e-07,161.86267371198898,16241669.915299568,3.792498148622985e-08,910498.4847800583,18062253.683924373,48.659152628612034,0.7581068326326831,106.0,17111937.482916698,18026090.60056011,17111937.48291657,914153.1176434755,8.50593509484057,1.0
9.83675627185684e-21,7.438494264988549e-15,2.5447172884188187e-13,4.199830944523734e-21,1.0008778233529806e-07,19237257.07789557,-7.011759337190563e-08,1.4370943828093707e-21,7.000551059138815e-08,19773655.999491915,0.0,4.199830944523734e-21,1.0008778233529806e-07,19237257.077895578,7.011759337190563e-08,-1.7011870189681142e-08,-1.7011870189681142e-08,1.1514558853042624e-07,1.1514558853042625e-07,161.8628085460456,16240181.2062989,3.7988352087706796e-08,912023.3848687056,18063812.914529555,1.7011870189681142e-08,1.7011870189681142e-08,1.1514558853042625e-07,1.1514558853042625e-07,161.86280854602575,16240181.206330042,3.79883520863898e-08,912023.3848370872,18063812.91449747,49.21728352343518,0.7668024802552029,107.0,17112258.314592667,18025974.29756984,17112258.314592566,913715.9829772264,8.50593509484057,1.0
9.836756271856837e-21,8.326672684688674e-15,2.544715501943662e-13,4.199834356176344e-21,1.0008780943675808e-07,19233352.516115643,-7.011758163621453e-08,1.4370875595041514e-21,7.000539979613176e-08,19770136.376938973,0.0,4.199834356176342e-21,1.0008780943675807e-07,19233352.516115602,7.011758163621454e-08,-1.7011870189681142e-08,-1.7011870189681142e-08,1.1514536786335142e-07,1.1514536786335142e-07,161.86294774364833,16238702.945517233,3.8051287665919386e-08,913537.8420573417,18065361.720175568,1.7011870189681142e-08,1.7011870189681142e-08,1.151453678633514e-07,1.151453678633514e-07,161.86294774365206,16238702.945512917,3.805128766610302e-08,913537.8420617506,18065361.720180076,49.77541441825832,0.7754981278777228,108.0,17112576.087691065,18025853.38640595,17112576.08769072,913277.2987150587,8.50593509484057,1.0
9.83675627185684e-21,6.661338147750939e-15,2.5447137313415904e-13,4.1998377535731165e-21,1.0008783642495811e-07,19229486.46214716,-7.011757013931287e-08,1.4370807647106061e-21,7.000528946349284e-08,19766637.459740452,8.583276486026156e-25,4.1998377535731165e-21,1.0008783642495811e-07,19229486.46214716,7.011757013931287e-08,-1.7011870189681142e-08,-1.7011870189681142e-08,1.151451478541067e-07,1.151451478541067e-07,161.8630911780657,16237234.910116106,3.8113797422796785e-08,915042.0772072151,18066900.31952724,1.7011870189681142e-08,1.7011870189681142e-08,1.151451478541067e-07,1.151451478541067e-07,161.8630911780578,16237234.910128094,3.8113797422289544e-08,915042.0771950372,18066900.319514874,50.333545313081466,0.7841937755002425,109.0,17112890.86814884,18025728.028283127,17112890.868148796,912837.160134308,8.50593509484057,1.0
9.83675627185684e-21,8.382183835919932e-15,2.5447119763026847e-13,4.199841137099465e-21,1.0008786330295996e-07,19225658.155361116,-7.011755887477275e-08,1.4370739976579077e-21,7.000517958095917e-08,19763159.120911635,0.0,4.199841137099466e-21,1.0008786330295998e-07,19225658.155361094,7.011755887477274e-08,-1.7011870189681142e-08,-1.7011870189681142e-08,1.1514492849611295e-07,1.1514492849611295e-07,161.86323872465138,16235776.894500274,3.817588984119134e-08,916536.2939127758,18068428.9139589,1.7011870189681142e-08,1.7011870189681142e-08,1.1514492849611296e-07,1.1514492849611297e-07,161.86323872466363,16235776.89448388,3.81758898418862e-08,916536.2939294577,18068428.913975876,50.89167620790461,0.7928894231227623,110.0,17113202.718983002,18025598.377444204,17113202.718983036,912395.658461187,8.50593509484057,1.0
9.83675627185684e-21,9.048317650695026e-15,2.544710236563563e-13,4.199844506720297e-21,1.0008789007048505e-07,19221866.86321089,-7.011754784141788e-08,1.437067258416246e-21,7.000507014967472e-08,19759701.205212735,0.0,4.199844506720297e-21,1.0008789007048505e-07,19221866.863210894,7.011754784141788e-08,-1.7011870189681142e-08,-1.7011870189681142e-08,1.1514470978306964e-07,1.1514470978306964e-07,161.8633902642275,16234328.69940068,3.823757314416802e-08,918020.6895314399,18069947.698742293,1.7011870189681142e-08,1.7011870189681142e-08,1.1514470978306964e-07,1.1514470978306964e-07,161.86339026421928,16234328.699415043,3.823757314356171e-08,918020.6895168833,18069947.698727556,51.44980710272775,0.8015850707452822,111.0,17113511.71319451,18025464.44731854,17113511.713194534,911952.734124016,8.50593509484057,1.0
9.83675627185684e-21,8.659739592076221e-15,2.5447085118146263e-13,4.199847862520157e-21,1.0008791672820516e-07,19218111.87379978,-7.011753703664237e-08,1.437060546816525e-21,7.000496116689794e-08,19756263.578003366,0.0,4.199847862520157e-21,1.0008791672820516e-07,19218111.87379974,7.011753703664237e-08,-1.7011870189681142e-08,-1.7011870189681142e-08,1.1514449170911373e-07,1.1514449170911373e-07,161.86354566602557,16232890.164007254,3.829885393876184e-08,919495.4226196073,18071456.829974737,1.7011870189681142e-08,1.7011870189681142e-08,1.1514449170911373e-07,1.1514449170911373e-07,161.86354566601793,16232890.16401869,3.829885393827788e-08,919495.4226079881,18071456.82996294,52.0079379975509,0.8102807183678019,112.0,17113817.89897085,18025326.469796028,17113817.898971014,911508.5708250962,8.50593509484057,1.0
9.83675627185684e-21,7.494005416219807e-15,2.544706801797285e-13,4.199851204885058e-21,1.0008794327918686e-07,19214392.49850687,-7.011752645415738e-08,1.4370538620867232e-21,7.00048526200969e-08,19752846.107848614,0.0,4.199851204885058e-21,1.0008794327918686e-07,19214392.498506885,7.011752645415738e-08,-1.7011870189681142e-08,-1.7011870189681142e-08,1.1514427426853817e-07,1.1514427426853817e-07,161.863704807049,16231461.129767593,3.835973874468971e-08,920960.6496384554,18072956.46177949,1.7011870189681142e-08,1.7011870189681142e-08,1.1514427426853815e-07,1.1514427426853815e-07,161.86370480704855,16231461.12976922,3.8359738744621664e-08,920960.6496368218,18072956.461777844,52.56606889237404,0.8189763659903218,113.0,17114121.322410654,18025184.689664144,17114121.322410796,911063.367253419,8.50593509484057,1.0
9.836756271856837e-21,7.993605777301127e-15,2.5447051062298246e-13,4.1998545339594556e-21,1.0008796972457783e-07,19210708.07274559,-7.011751609069396e-08,1.4370472039379263e-21,7.000474450458422e-08,19749448.631278295,0.0,4.1998545339594556e-21,1.0008796972457783e-07,19210708.07274559,7.011751609069396e-08,-1.7011870189681142e-08,-1.7011870189681142e-08,1.1514405745517643e-07,1.1514405745517643e-07,161.8638675769299,16230041.41071727,3.842023523839055e-08,922416.5548313912,18074446.776463438,1.7011870189681142e-08,1.7011870189681142e-08,1.1514405745517643e-07,1.1514405745517643e-07,161.8638675769299,16230041.410715898,3.8420235238447644e-08,922416.5548327621,18074446.776464805,53.124199787197185,0.8276720136128416,114.0,17114422.049854144,18025039.15187444,17114422.04985429,910617.1020202227,8.50593509484057,1.0
9.836756271856841e-21,7.105427357601002e-15,2.544703424842662e-13,4.1998578499119325e-21,1.0008799606571742e-07,19207057.950348493,-7.011750594273967e-08,1.4370405720329758e-21,7.000463681488909e-08,19746070.970443834,0.0,4.1998578499119325e-21,1.0008799606571742e-07,19207057.950348504,7.011750594273967e-08,-1.7011870189681142e-08,-1.7011870189681142e-08,1.1514384126271391e-07,1.1514384126271391e-07,161.86403385792005,16228630.834377363,3.848035052792028e-08,923863.3088020757,18075927.942585677,1.7011870189681142e-08,1.7011870189681142e-08,1.1514384126271391e-07,1.1514384126271392e-07,161.8640338579136,16228630.834388478,3.848035052745084e-08,923863.3087908048,18075927.94257424,53.68233068202033,0.8363676612353614,115.0,17114720.143933315,18024889.91174527,17114720.143933382,910169.7678119205,8.50593509484057,1.0
9.836756271856837e-21,6.2727600891321345e-15,2.5447017573710984e-13,4.199861152915716e-21,1.0008802230398189e-07,19203441.501025397,-7.01174960067659e-08,1.4370339660254056e-21,7.000452954538946e-08,19742712.958012268,0.0,4.199861152915716e-21,1.0008802230398189e-07,19203441.501025397,7.01174960067659e-08,-1.7011870189681142e-08,-1.7011870189681142e-08,1.1514362568515109e-07,1.151436256851511e-07,161.86420352951154,16227229.251502734,3.854009074897001e-08,925301.0588075928,18077400.105235748,1.7011870189681142e-08,1.7011870189681142e-08,1.1514362568515109e-07,1.1514362568515109e-07,161.8642035294948,16227229.2515275,3.854009074792187e-08,925301.0587824285,18077400.10521018,54.24046157684347,0.8450633088578812,116.0,17115015.65552383,18024737.115191907,17115015.65552375,909721.4596681148,8.50593509484057,1.0
9.836756271856837e-21,7.993605777301127e-15,2.5447001035558054e-13,4.199864443151518e-21,1.0008804844080694e-07,19199858.112134025,-7.011748627919072e-08,1.4370273855538008e-21,7.000442269022043e-08,19739374.421976876,8.583595316457682e-25,4.199864443151518e-21,1.0008804844080694e-07,19199858.112134013,7.011748627919072e-08,-1.7011870189681142e-08,-1.7011870189681142e-08,1.1514341071652749e-07,1.1514341071652749e-07,161.86437647866717,16225836.51224509,3.8599462069430664e-08,926729.9528808687,18078863.410446472,1.7011870189681142e-08,1.7011870189681142e-08,1.151434107165275e-07,1.151434107165275e-07,161.8643764786593,16225836.512258716,3.859946206885509e-08,926729.9528670497,18078863.41043246,54.798592471666616,0.853758956480401,117.0,17115308.63535099,18024580.895758282,17115308.63535087,909272.260407351,8.50593509484057,1.0
9.836756271856837e-21,7.66053886991358e-15,2.544698463145131e-13,4.1998677208045616e-21,1.0008807447766405e-07,19196307.18785331,-7.011747675641493e-08,1.4370208302477142e-21,7.000431624337036e-08,19736055.18455567,-8.583634472532137e-25,4.1998677208045616e-21,1.0008807447766405e-07,19196307.187853303,7.011747675641493e-08,-1.7011870189681142e-08,-1.7011870189681142e-08,1.151431963507457e-07,1.151431963507457e-07,161.86455259697146,16224452.463952439,3.865847077918887e-08,928150.1419893969,18080318.007320013,1.7011870189681142e-08,1.7011870189681142e-08,1.151431963507457e-07,1.151431963507457e-07,161.86455259696612,16224452.463962022,3.8658470778784285e-08,928150.1419796832,18080318.00731017,55.35672336648976,0.8624546041029209,118.0,17115599.134333078,18024421.37562433,17115599.13433311,908822.2412912324,8.50593509484057,1.0
9.83675627185684e-21,1.8318679906315083e-14,2.5446968358918134e-13,4.1998709859952e-21,1.0008810041550947e-07,19192788.147967875,-7.011746743567783e-08,1.4370142998664395e-21,7.000421020093432e-08,19732755.0652693,0.0,4.1998709859952e-21,1.0008810041550947e-07,19192788.147967894,7.011746743567783e-08,-1.7011870189681142e-08,-1.7011870189681142e-08,1.1514298258161105e-07,1.1514298258161106e-07,161.86473177939672,16223076.953975968,3.8717123171768294e-08,929561.7771929651,18081764.0451544,1.7011870189681142e-08,1.7011870189681142e-08,1.1514298258161106e-07,1.1514298258161106e-07,161.86473177938208,16223076.953999076,3.871712317079124e-08,929561.777169507,18081764.045130588,55.914854261312904,0.8711502517254406,119.0,17115887.202838384,18024258.67000085,17115887.20283849,908371.4671624154,8.50593509484057,1.0
9.83675627185684e-21,9.769962616701378e-15,2.54469522154877e-13,4.199874238859293e-21,1.0008812625542257e-07,19189300.42714101,-7.011745831406493e-08,1.4370077941382534e-21,7.000410455850363e-08,19729473.882824983,0.0,4.199874238859293e-21,1.0008812625542257e-07,19189300.427141003,7.011745831406493e-08,-1.7011870189681142e-08,-1.7011870189681142e-08,1.1514276940290465e-07,1.1514276940290465e-07,161.86491392383343,16221709.83260011,3.877542542141955e-08,930965.0066914968,18083201.67046772,1.7011870189681142e-08,1.7011870189681142e-08,1.1514276940290466e-07,1.1514276940290466e-07,161.86491392384002,16221709.832591446,3.8775425421786906e-08,930965.0067003164,18083201.670476705,56.47298515613605,0.8798458993479604,120.0,17116172.88897632,18024092.900941957,17116172.88897639,907920.0119655989,8.50593509484057,1.0
9.836756271856837e-21,3.752553823233029e-14,2.5446936198770506e-13,4.199877479553858e-21,1.0008815199865081e-07,19185843.474273555,-7.011744938843445e-08,1.4370013127491201e-21,7.000399931098245e-08,19726211.46043148,8.58375105633221e-25,4.199877479553858e-21,1.0008815199865081e-07,19185843.47427355,7.011744938843445e-08,-1.7011870189681142e-08,-1.7011870189681142e-08,1.1514255680842456e-07,1.1514255680842456e-07,161.8650989311299,16220350.953872684,3.883338354835891e-08,932359.974989716,18084631.02614923,1.7011870189681142e-08,1.7011870189681142e-08,1.1514255680842456e-07,1.1514255680842456e-07,161.86509893111855,16220350.953889657,3.883338354764067e-08,932359.9749724716,18084631.026131716,57.03111605095919,0.8885415469704803,121.0,17116456.237292074,18023924.211265873,17116456.237292096,907467.9739737883,8.50593509484057,1.0
9.836756271856838e-21,2.220446049250313e-14,2.5446920306440773e-13,4.199880708233135e-21,1.0008817764641958e-07,19182416.752453,-7.011744065571011e-08,1.4369948553905684e-21,7.000389445336526e-08,19722967.624789376,-8.583789628744689e-25,4.199880708233135e-21,1.0008817764641958e-07,19182416.752452996,7.011744065571011e-08,-1.7011870189681142e-08,-1.7011870189681142e-08,1.1514234479195573e-07,1.1514234479195573e-07,161.86528670672385,16219000.171280023,3.8891003600695125e-08,933746.8272654824,18086052.255873166,1.7011870189681142e-08,1.7011870189681142e-08,1.1514234479195573e-07,1.1514234479195573e-07,161.86528670672072,16219000.171285456,3.8891003600465566e-08,933746.8272599708,18086052.25586758,57.589246945782335,0.897237194593,122.0,17116737.29188263,18023752.73633746,17116737.29188276,907015.4444547668,8.50593509484057,1.0
9.83675627185684e-21,3.164135620181696e-14,2.5446904536228647e-13,4.1998839250471455e-21,1.0008820319992076e-07,19179019.738606133,-7.011743211289833e-08,1.436988421762548e-21,7.000378998078315e-08,19719742.204254147,0.0,4.1998839250471455e-21,1.0008820319992076e-07,19179019.738606118,7.011743211289833e-08,-1.7011870189681142e-08,-1.7011870189681142e-08,1.151421333472619e-07,1.151421333472619e-07,161.86547716075327,16217657.336436033,3.894829170918551e-08,935125.7106845751,18087465.505424313,1.7011870189681142e-08,1.7011870189681142e-08,1.1514213334726191e-07,1.1514213334726191e-07,161.86547716074736,16217657.336447835,3.894829170868808e-08,935125.7106726319,18087465.50541224,58.14737784060548,0.9059328422155198,123.0,17117016.097526815,18023578.592662457,17117016.097526845,906562.4951356277,8.50593509484057,1.0
9.83675627185684e-21,8.881784197001252e-15,2.5446888885941357e-13,4.19988713014137e-21,1.0008822866031015e-07,19175651.92281525,-7.011742375709163e-08,1.4369820115741002e-21,7.000368588851484e-08,19716535.029940385,0.0,4.199887130141369e-21,1.0008822866031014e-07,19175651.92281525,7.011742375709163e-08,-1.7011870189681142e-08,-1.7011870189681142e-08,1.1514192246815166e-07,1.1514192246815166e-07,161.86567020714978,16216322.30212373,3.9005253959288644e-08,936496.7713276818,18088870.919595726,1.7011870189681142e-08,1.7011870189681142e-08,1.1514192246815166e-07,1.1514192246815166e-07,161.8656702071519,16216322.302122692,3.900525395933403e-08,936496.7713287715,18088870.919596866,58.70550873542862,0.9146284898380397,124.0,17117292.698581383,18023401.88585397,17117292.698581327,906109.1872726157,8.50593509484057,1.0
9.836756271856837e-21,7.438494264988549e-15,2.544687335556202e-13,4.1998903236567925e-21,1.0008825402870784e-07,19172312.80779208,-7.011741558545323e-08,1.4369756245432517e-21,7.000358217198484e-08,19713345.936883006,8.58390450442172e-25,4.1998903236567925e-21,1.0008825402870784e-07,19172312.807792068,7.011741558545323e-08,-1.7011870189681142e-08,-1.7011870189681142e-08,1.1514171214854828e-07,1.1514171214854828e-07,161.8658657637664,16214994.92411412,3.906189631514963e-08,937860.1523641311,18090268.640353587,1.7011870189681142e-08,1.7011870189681142e-08,1.1514171214854827e-07,1.1514171214854827e-07,161.86586576376183,16214994.924122365,3.906189631480168e-08,937860.1523557771,18090268.640345134,59.26363963025177,0.9233241374605595,125.0,17117567.13811245,18023222.71681233,17117567.138112564,905655.5786998235,8.50593509484057,1.0
9.83675627185684e-21,9.325873406851315e-15,2.544685794294399e-13,4.199893505731415e-21,1.000882793062102e-07,19169001.90868207,-7.011740759522744e-08,1.4369692603940094e-21,7.000347882671474e-08,19710174.765237857,0.0,4.199893505731414e-21,1.0008827930621019e-07,19169001.908682063,7.011740759522746e-08,-1.7011870189681142e-08,-1.7011870189681142e-08,1.1514150238252252e-07,1.1514150238252252e-07,161.86606375235723,16213675.061995462,3.911822458486489e-08,939215.9932172857,18091658.805995375,1.7011870189681142e-08,1.7011870189681142e-08,1.1514150238252253e-07,1.1514150238252253e-07,161.8660637523502,16213675.062005775,3.911822458442836e-08,939215.9932068046,18091658.805984728,59.82177052507491,0.9320197850830793,126.0,17117839.4576286,18023041.18375499,17117839.457628556,905201.7261264138,8.50593509484057,1.0
9.836756271856838e-21,5.329070518200751e-15,2.544684997358383e-13,4.199895155858208e-21,1.0008829241434651e-07,19167291.2887561,-7.011740351123017e-08,1.4369659601404219e-21,7.000342523489122e-08,19708532.875918016,0.0,4.199895155858208e-21,1.0008829241434651e-07,19167291.288756084,7.011740351123017e-08,-1.7011870189681142e-08,-1.7011870189681142e-08,1.151413935255905e-07,1.151413935255905e-07,161.86616759358864,16212991.68021652,3.9147392061314815e-08,939918.0721790437,18092378.725775998,1.7011870189681142e-08,1.7011870189681142e-08,1.1514139352559052e-07,1.1514139352559052e-07,161.86616759357477,16212991.680238282,3.914739206039458e-08,939918.072156949,18092378.72575357,60.11198442774699,0.9365413011937262,127.0,17117980.23175333,18022945.986533027,17117980.231753334,904965.7547796927,8.50593509484057,1.0
