z_m,distance_from_right_GB_over_W,resultant_N,bulk_force_per_length_N_per_m
-4.305638736263737e-07,-130.3284684065934,6.4213578072563555e-25,-3.189943127973806e-14
-4.3006524725274733e-07,-130.20381181318683,-2.9086597308786297e-27,2.3563690513702744e-16
-4.295666208791209e-07,-130.07915521978023,-3.7205782269057586e-27,3.8794750569114276e-16
-4.2906799450549454e-07,-129.95449862637363,-4.1902417608882066e-27,6.396570805485698e-16
-4.2856936813186817e-07,-129.82984203296704,-3.358217243955829e-27,1.0544408829591749e-15
-4.280707417582418e-07,-129.70518543956047,9.880323257482083e-28,1.739754217301741e-15
-4.2757211538461543e-07,-129.58052884615387,1.447358118133786e-26,2.874596593149015e-15
-4.2707348901098906e-07,-129.45587225274727,4.488669392968226e-26,4.7365798957876454e-15
-4.265748626373627e-07,-129.33121565934067,1.0140605865204094e-25,7.789330720853754e-15
-4.2607623626373633e-07,-129.20655906593407,2.0038382129947583e-25,1.2806189336907297e-14
-4.2557760989010996e-07,-129.0819024725275,3.8865605263221807e-25,2.1120148030871912e-14
-4.250789835164836e-07,-128.9572458791209,7.414765394728263e-25,3.4770329202723435e-14
-4.2458035714285717e-07,-128.83258928571428,1.4019716357701075e-24,5.734028845264278e-14
-4.240817307692308e-07,-128.70793269230768,2.61147893966468e-24,9.442684102103227e-14
-4.2358310439560443e-07,-128.5832760989011,4.798901559113842e-24,1.5561446329531993e-13
-4.2308447802197806e-07,-128.4586195054945,8.783680772731204e-24,2.5657948506801404e-13
-4.225858516483517e-07,-128.3339629120879,1.6249182340717823e-23,4.2401738166470546e-13
-4.220872252747253e-07,-128.2093063186813,2.9453289089501644e-23,6.974272470777458e-13
-4.2158859890109896e-07,-128.08464972527472,5.184848763690333e-23,1.1470266149182012e-12
-4.210899725274726e-07,-127.95999313186813,9.036779950839124e-23,1.888859582955535e-12
-4.205913461538462e-07,-127.83533653846155,1.5739627735580544e-22,3.111679995669118e-12
-4.2009271978021985e-07,-127.71067994505495,2.74557288515573e-22,5.128377571495064e-12
-4.195940934065935e-07,-127.58602335164836,4.747154377861477e-22,8.434084336361366e-12
-4.1909546703296706e-07,-127.46136675824177,8.239783898354129e-22,1.3919777993875466e-11
-4.185968406593407e-07,-127.33671016483518,1.4270023743008416e-21,2.2906211488799124e-11
-4.180982142857143e-07,-127.21205357142858,2.492435893543238e-21,3.786742005675029e-11
-4.1759958791208795e-07,-127.08739697802199,4.378773293225699e-21,6.24762377061177e-11
-4.171009615384616e-07,-126.9627403846154,7.658789177779301e-21,1.0302543919420463e-10
-4.166023351648352e-07,-126.8380837912088,1.3177666024011492e-20,1.6926807199783454e-10
-4.1610370879120885e-07,-126.71342719780222,2.249988926032365e-20,2.7888946727991636e-10
-4.156050824175825e-07,-126.58877060439562,3.838140325826813e-20,4.592983034187987e-10
-4.151064560439561e-07,-126.46411401098904,6.517405364555432e-20,7.556824106536485e-10
-4.1460782967032974e-07,-126.33945741758244,1.108557100440468e-19,1.246085861827481e-09
-4.141092032967033e-07,-126.21480082417582,1.8852997109059225e-19,2.0514769111024863e-09
-4.1361057692307695e-07,-126.09014423076923,3.2146126741946033e-19,3.384628959029715e-09
-4.131119505494506e-07,-125.96548763736264,5.491602691627255e-19,5.5789532707728385e-09
-4.126133241758242e-07,-125.84083104395604,9.421997426600337e-19,9.215304431955565e-09
-4.1211469780219785e-07,-125.71617445054945,1.6153206578541527e-18,1.5186397012141018e-08
-4.116160714285715e-07,-125.59151785714286,2.7420453855854954e-18,2.4963719704985625e-08
-4.111174450549451e-07,-125.46686126373626,4.62449520824315e-18,4.1085809644699147e-08
-4.1061881868131874e-07,-125.34220467032968,7.777722836839185e-18,6.760419562244561e-08
-4.1012019230769237e-07,-125.21754807692308,1.3090205652531881e-17,1.113800284939005e-07
-4.09621565934066e-07,-125.0928914835165,2.2079090693922207e-17,1.8352586424230651e-07
-4.0912293956043963e-07,-124.9682348901099,3.7365574435066e-17,3.027153256749278e-07
-4.086243131868132e-07,-124.8435782967033,6.321653815956236e-17,4.984854263137019e-07
-4.0812568681318684e-07,-124.71892170329672,1.0668898308969557e-16,8.207572227196117e-07
-4.076270604395605e-07,-124.59426510989012,1.8080958434973007e-16,1.3555188737834042e-06
-4.071284340659341e-07,-124.46960851648353,3.0746439652281755e-16,2.2359026253717943e-06
-4.0662980769230774e-07,-124.34495192307693,5.235843451786657e-16,3.690042741082653e-06
-4.0613118131868137e-07,-124.22029532967035,8.853992123282471e-16,6.060295955867402e-06
-4.05632554945055e-07,-124.09563873626375,1.488724568869363e-15,9.970565118947681e-06
-4.0513392857142863e-07,-123.97098214285717,2.4898729810127253e-15,1.63610001207398e-05
-4.0463530219780226e-07,-123.84632554945057,4.42416630840949e-15,2.796934549412565e-05
-4.041366758241759e-07,-123.72166895604397,7.560823092565221e-15,4.45162188706714e-05
-4.036380494505495e-07,-123.59701236263736,7.661078205005598e-15,5.3984702364673166e-05
-4.031394230769231e-07,-123.47235576923076,1.510303039147027e-14,0.0001363516524069036
-4.0264079670329674e-07,-123.34769917582418,8.162489852268028e-14,0.00039196777797432776
-4.0214217032967037e-07,-123.22304258241758,2.1768224404924493e-13,0.000579588225894713
-4.01643543956044e-07,-123.09838598901099,3.240393460831115e-13,0.0005389335390861491
-4.0114491758241763e-07,-122.9737293956044,4.5323259439570995e-13,0.0011002942714210936
-4.0064629120879126e-07,-122.84907280219781,1.3579228423668455e-12,0.0043192783509147
-4.001476648351649e-07,-122.72441620879121,4.918646638962076e-12,0.012763394851854864
-3.996490384615385e-07,-122.59975961538463,1.4159025070015855e-11,0.028634429171104196
-3.9915041208791216e-07,-122.47510302197803,3.2957784175529143e-11,0.053472435906780025
-3.986517857142858e-07,-122.35044642857143,6.574155908036013e-11,0.0883790724918251
-3.9815315934065937e-07,-122.22578983516485,1.1731538230894994e-10,0.13437320240863104
-3.97654532967033e-07,-122.10113324175825,1.9283930311926801e-10,0.1926878743265245
-3.9715590659340663e-07,-121.97647664835166,2.979239990954995e-10,0.26502393840929084
-3.9665728021978026e-07,-121.85182005494507,4.3885194304774774e-10,0.35382238486723955
-3.961586538461539e-07,-121.72716346153848,6.22973802537302e-10,0.46257613379518603
-3.956600274725275e-07,-121.60250686813188,8.593636339944271e-10,0.5961503795361918
-3.9516140109890115e-07,-121.47785027472528,1.1598442817737487e-09,0.7610449968744462
-3.946627747252748e-07,-121.3531936813187,1.5405085830922273e-09,0.965508044919353
-3.941641483516484e-07,-121.2285370879121,2.0238161339645767e-09,1.2193859218955052
-3.9366552197802205e-07,-121.10388049450552,2.6411394192113608e-09,1.533574657489668
-3.9316689560439563e-07,-120.97922390109889,3.435143314502711e-09,1.9189376532396336
-3.9266826923076926e-07,-120.8545673076923,4.460597462998608e-09,2.384614063523606
-3.921696428571429e-07,-120.72991071428571,5.781507678072986e-09,2.935797580429624
-3.916710164835165e-07,-120.60525412087912,7.462735301897984e-09,3.571325884262831
-3.9117239010989015e-07,-120.48059752747253,9.556584086524558e-09,4.281718725899323
-3.906737637362638e-07,-120.35594093406594,1.208886915089005e-08,5.0484722936369915
-3.901751373626374e-07,-120.23128434065934,1.5051843826276915e-08,5.845257786706373
-3.8967651098901105e-07,-120.10662774725274,1.8409174210196188e-08,6.64110582363856
-3.891778846153847e-07,-119.98197115384616,2.2110813747037494e-08,7.404881038876249
-3.886792582417583e-07,-119.85731456043956,2.610897734709341e-08,8.109783186943522
-3.8818063186813194e-07,-119.73265796703298,3.036671926612662e-08,8.736607246957622
-3.876820054945055e-07,-119.60800137362638,3.485719848742869e-08,9.275054034889873
-3.8718337912087915e-07,-119.4833447802198,3.9557953478488016e-08,9.723150700832473
-3.866847527472528e-07,-119.3586881868132,4.44456930052795e-08,10.085403243261657
-3.861861263736264e-07,-119.23403159340661,4.9494328404442647e-08,10.370468301516592
-3.8568750000000004e-07,-119.10937500000001,5.4675888516263164e-08,10.588972977182078
-3.851888736263737e-07,-118.98471840659342,5.99626499438164e-08,10.75182347771703
-3.846902472527473e-07,-118.86006181318683,6.53290702616285e-08,10.869087608141486
-3.8419162087912094e-07,-118.73540521978023,7.075289525190404e-08,10.949381941891215
-3.8369299450549457e-07,-118.61074862637365,7.621542566909859e-08,10.999639430136714
-3.831943681318682e-07,-118.48609203296705,8.170120643546962e-08,11.025144993978612
-3.826957417582418e-07,-118.36143543956044,8.71974450428778e-08,11.029771269582499
-3.821971153846154e-07,-118.23677884615384,9.269341588293414e-08,11.016392746091212
-3.8169848901098904e-07,-118.11212225274726,9.818004195414999e-08,10.987464446812549
-3.811998626373627e-07,-117.98746565934066,1.0364977083045065e-07,10.945670914705337
-3.807012362637363e-07,-117.86280906593407,1.0909673917363389e-07,10.894380769921076
-3.8020260989010994e-07,-117.73815247252747,1.1451704193956289e-07,10.837556335542352
-3.7970398351648357e-07,-117.61349587912088,1.1990880731543902e-07,10.779061626018573
-3.792053571428572e-07,-117.48883928571429,1.2527189530731187e-07,10.721843752914978
-3.7870673076923083e-07,-117.3641826923077,1.3060730839453027e-07,10.667508028461723
-3.7820810439560446e-07,-117.23952609890111,1.3591654885191777e-07,10.616426590193033
-3.7770947802197804e-07,-117.11486950549451,1.4120116978904748e-07,10.568404107153404
-3.7721085164835167e-07,-116.99021291208793,1.4646266027078877e-07,10.523360411396126
-3.767122252747253e-07,-116.86555631868133,1.5170249686098683e-07,10.48131258036488
-3.7621359890109894e-07,-116.74089972527474,1.569221499149379e-07,10.442211677999627
-3.7571497252747257e-07,-116.61624313186815,1.6212306499045894e-07,10.40600232697543
-3.752163461538462e-07,-116.49158653846155,1.6730666245147994e-07,10.372635547188441
-3.7471771978021983e-07,-116.36692994505496,1.7247433864383464e-07,10.342061712147949
-3.7421909340659346e-07,-116.24227335164836,1.7762746586177693e-07,10.314232338034927
-3.737204670329671e-07,-116.11761675824178,1.8276739293919464e-07,10.289100573425621
-3.732218406593407e-07,-115.99296016483518,1.878954458925855e-07,10.266620785410195
-3.7272321428571435e-07,-115.8683035714286,1.9301292844324428e-07,10.246748400254383
-3.7222458791208793e-07,-115.74364697802197,1.9812112249092804e-07,10.229439812784396
-3.7172596153846156e-07,-115.61899038461539,2.0322128853034507e-07,10.214652212947001
-3.712273351648352e-07,-115.49433379120879,2.0831466598745452e-07,10.202343414564211
-3.7072870879120883e-07,-115.36967719780219,2.1340247349003086e-07,10.19247174692917
-3.7023008241758246e-07,-115.2450206043956,2.184859090635907e-07,10.184995853498073
-3.697314560439561e-07,-115.12036401098901,2.2356615024137378e-07,10.179874539924871
-3.692328296703297e-07,-114.99570741758242,2.2864435410563838e-07,10.177066644170024
-3.6873420329670335e-07,-114.87105082417582,2.337216572531021e-07,10.176530857112851
-3.68235576923077e-07,-114.74639423076924,2.3879917567729985e-07,10.17822556405158
-3.677369505494506e-07,-114.62173763736264,2.43878004586121e-07,10.18210873906544
-3.672383241758242e-07,-114.49708104395606,2.489592181504476e-07,10.188137770975128
-3.667396978021978e-07,-114.37242445054946,2.540438691777652e-07,10.196269332934351
-3.6624107142857146e-07,-114.24776785714286,2.591329887231195e-07,10.206459258350334
-3.657424450549451e-07,-114.12311126373628,2.6422758563883146e-07,10.21866241643751
-3.652438186813187e-07,-113.99845467032968,2.6932864606117807e-07,10.232832581048646
-3.6474519230769235e-07,-113.8737980769231,2.744371328412465e-07,10.24892233522243
-3.64246565934066e-07,-113.7491414835165,2.7955398492283063e-07,10.266882951835122
-3.637479395604396e-07,-113.62448489010991,2.846801166698274e-07,10.286664307997043
-3.6324931318681325e-07,-113.49982829670331,2.89816417150122e-07,10.3082147940032
-3.627506868131869e-07,-113.37517170329673,2.9496374937489317e-07,10.331481223561337
-3.622520604395605e-07,-113.25051510989013,3.001229495059974e-07,10.35640879360118
-3.617534340659341e-07,-113.12585851648352,3.0529482602858285e-07,10.382940983432892
-3.612548076923077e-07,-113.00120192307692,3.104801588966507e-07,10.41101954535582
-3.6075618131868135e-07,-112.87654532967032,3.1567969865808154e-07,10.440584430503865
-3.60257554945055e-07,-112.75188873626374,3.208941655626526e-07,10.47157379334418
-3.597589285714286e-07,-112.62723214285714,3.261242486612961e-07,10.503923951169002
-3.5926030219780224e-07,-112.50257554945055,3.3137060489581924e-07,10.537569385346972
-3.587616758241759e-07,-112.37791895604396,3.3663385819096785e-07,10.572442748730126
-3.582630494505495e-07,-112.25326236263737,3.419145985532081e-07,10.60847488464698
-3.5776442307692314e-07,-112.12860576923077,3.472133811768798e-07,10.645594837039233
-3.5726579670329677e-07,-112.00394917582419,3.525307255708766e-07,10.683729922297296
-3.5676717032967035e-07,-111.87929258241759,3.578671147042565e-07,10.722805733371782
-3.56268543956044e-07,-111.75463598901099,3.6322299417939565e-07,10.762746245930593
-3.557699175824176e-07,-111.62997939560441,3.685987714402079e-07,10.80347385318084
-3.5527129120879124e-07,-111.50532280219781,3.739948150129388e-07,10.844909461843972
-3.5477266483516487e-07,-111.38066620879123,3.7941145379004553e-07,10.886972569413308
-3.542740384615385e-07,-111.25600961538463,3.848489763623919e-07,10.929581381149653
-3.5377541208791214e-07,-111.13135302197804,3.903076304001827e-07,10.972652889243882
-3.5327678571428577e-07,-111.00669642857144,3.9578762208657177e-07,11.016103005528022
-3.527781593406594e-07,-110.88203983516485,4.0128911561175285e-07,11.059846672216114
-3.5227953296703303e-07,-110.75738324175826,4.0681223272453274e-07,11.10379798256276
-3.5178090659340666e-07,-110.63272664835166,4.123570523502852e-07,11.147870327340234
-3.5128228021978024e-07,-110.50807005494505,4.179236102741124e-07,11.19197651098661
-3.5078365384615387e-07,-110.38341346153845,4.235118988909006e-07,11.236028904777033
-3.502850274725275e-07,-110.25875686813187,4.2912186702640675e-07,11.279939579632796
-3.4978640109890113e-07,-110.13410027472527,4.347534198315612e-07,11.323620468147801
-3.4928777472527477e-07,-110.00944368131869,4.404064187437823e-07,11.366983472580491
-3.487891483516484e-07,-109.88478708791209,4.460806815244997e-07,11.40994066355753
-3.4829052197802203e-07,-109.7601304945055,4.517759823720506e-07,11.45240438512302
-3.4779189560439566e-07,-109.6354739010989,4.574920521003682e-07,11.494287414673519
-3.472932692307693e-07,-109.5108173076923,4.632285783959256e-07,11.535503118155406
-3.467946428571429e-07,-109.38616071428572,4.6898520614482516e-07,11.57596557752636
-3.462960164835165e-07,-109.26150412087912,4.7476153782839485e-07,11.61558973926912
-3.4579739010989013e-07,-109.13684752747254,4.8055713398824e-07,11.654291545706839
-3.4529876373626376e-07,-109.01219093406594,4.863715137590003e-07,11.69198807646273
-3.448001373626374e-07,-108.88753434065936,4.92204155465632e-07,11.728597667067403
-3.44301510989011e-07,-108.76287774725276,4.980544972827053e-07,11.764040040226378
-3.4380288461538466e-07,-108.63822115384617,5.039219379559609e-07,11.798236425477324
-3.433042582417583e-07,-108.51356456043958,5.098058375785293e-07,11.831109659978958
-3.428056318681319e-07,-108.38890796703298,5.157055184218614e-07,11.862584308217334
-3.4230700549450555e-07,-108.2642513736264,5.216202658222863e-07,11.892586766539441
-3.418083791208792e-07,-108.1395947802198,5.275493291114714e-07,11.921045335894146
-3.413097527472528e-07,-108.01493818681321,5.334919225916858e-07,11.947890329677785
-3.408111263736264e-07,-107.89028159340658,5.394472265573313e-07,11.973054152588317
-3.403125e-07,-107.765625,5.454143883507621e-07,11.996471360316985
-3.3981387362637366e-07,-107.6409684065934,5.513925234530002e-07,12.018078740679039
-3.393152472527473e-07,-107.51631181318682,5.573807166087079e-07,12.037815370880418
-3.388166208791209e-07,-107.39165521978022,5.633780229766172e-07,12.055622663276266
-3.3831799450549455e-07,-107.26699862637363,5.693834693036105e-07,12.071444415279467
-3.378193681318682e-07,-107.14234203296704,5.753960551224793e-07,12.085226855263704
-3.373207417582418e-07,-107.01768543956044,5.814147539648231e-07,12.096918658249729
-3.3682211538461544e-07,-106.89302884615385,5.874385145891003e-07,12.106470991654227
-3.363234890109891e-07,-106.76837225274726,5.93466262220539e-07,12.11383751796169
-3.3582486263736265e-07,-106.64371565934067,5.994968997971275e-07,12.118974417040645
-3.353262362637363e-07,-106.51905906593407,6.055293092216441e-07,12.121840388788934
-3.348276098901099e-07,-106.39440247252749,6.115623526152347e-07,12.122396657283023
-3.3432898351648355e-07,-106.26974587912089,6.17594873570639e-07,12.12060696586332
-3.338303571428572e-07,-106.14508928571429,6.236256984001345e-07,12.116437561443808
-3.333317307692308e-07,-106.02043269230771,6.296536373788742e-07,12.109857192205919
-3.3283310439560444e-07,-105.89577609890111,6.35677485980374e-07,12.100837079015953
-3.3233447802197807e-07,-105.77111950549453,6.416960260987717e-07,12.089350891388142
-3.318358516483517e-07,-105.64646291208793,6.477080272605586e-07,12.075374729715543
-3.3133722527472534e-07,-105.52180631868134,6.537122478209616e-07,12.05888708198282
-3.308385989010989e-07,-105.39714972527472,6.597074361424034e-07,12.039868795483262
-3.3033997252747255e-07,-105.27249313186813,6.656923317562754e-07,12.018303038562255
-3.298413461538462e-07,-105.14783653846153,6.716656665044275e-07,11.994175257868253
-3.293427197802198e-07,-105.02317994505495,6.776261656592456e-07,11.967473135505376
-3.2884409340659344e-07,-104.89852335164835,6.83572549021619e-07,11.938186543484465
-3.2834546703296707e-07,-104.77386675824175,6.89503531995622e-07,11.906307496123326
-3.278468406593407e-07,-104.64921016483517,6.954178266386317e-07,11.871830099357476
-3.2734821428571433e-07,-104.52455357142857,7.01314142686321e-07,11.834750500834822
-3.2684958791208797e-07,-104.39989697802199,7.071911885519544e-07,11.79506683694258
-3.263509615384616e-07,-104.27524038461539,7.130476722991357e-07,11.752779179433217
-3.2585233516483523e-07,-104.1505837912088,7.188823025876799e-07,11.707889481123855
-3.253537087912088e-07,-104.0259271978022,7.24693789592626e-07,11.660401522564241
-3.2485508241758244e-07,-103.90127060439562,7.304808458955518e-07,11.610320854356381
-3.2435645604395607e-07,-103.77661401098902,7.362421873483782e-07,11.557654744526493
-3.238578296703297e-07,-103.65195741758242,7.419765339100009e-07,11.502412122206367
-3.2335920329670333e-07,-103.52730082417584,7.476826104552195e-07,11.44460352283449
-3.2286057692307696e-07,-103.40264423076924,7.533591475562395e-07,11.384241032938696
-3.223619505494506e-07,-103.27798763736266,7.590048822369615e-07,11.321338236160141
-3.218633241758242e-07,-103.15333104395606,7.646185587013778e-07,11.255910163302884
-3.2136469780219786e-07,-103.02867445054947,7.701989290343123e-07,11.187973231336853
-3.208660714285715e-07,-102.90401785714288,7.757447538764514e-07,11.11754520107467
-3.2036744505494507e-07,-102.77936126373626,7.812548030749267e-07,11.044645121420642
-3.198688186813187e-07,-102.65470467032966,7.867278563071501e-07,10.969293277658931
-3.1937019230769233e-07,-102.53004807692308,7.921627036810694e-07,10.891511148408016
-3.1887156593406596e-07,-102.40539148351648,7.975581463114021e-07,10.811321352207715
-3.183729395604396e-07,-102.28073489010988,8.029129968726759e-07,10.728747607641527
-3.178743131868132e-07,-102.1560782967033,8.082260801296582e-07,10.643814682399658
-3.1737568681318686e-07,-102.0314217032967,8.13496233445717e-07,10.556548355404603
-3.168770604395605e-07,-101.90676510989012,8.187223072701867e-07,10.466975370298265
-3.163784340659341e-07,-101.78210851648352,8.239031656049874e-07,10.375123398447393
-3.1587980769230775e-07,-101.65745192307693,8.290376864510461e-07,10.281020994711662
-3.153811813186814e-07,-101.53279532967034,8.341247622367155e-07,10.184697569083399
-3.1488255494505496e-07,-101.40813873626374,8.391633002278329e-07,10.086183341261803
-3.143839285714286e-07,-101.28348214285715,8.441522229179827e-07,9.985509306284037
-3.138853021978022e-07,-101.15882554945055,8.490904684055518e-07,9.882707215522773
-3.1338667582417585e-07,-101.03416895604397,8.539769907524722e-07,9.777809522158472
-3.128880494505495e-07,-100.90951236263737,8.588107603265973e-07,9.670849369428357
-3.123894230769231e-07,-100.78485576923079,8.635907641327967e-07,9.561860556950464
-3.1189079670329675e-07,-100.66019917582419,8.683160061262727e-07,9.450877502771647
-3.113921703296704e-07,-100.5355425824176,8.729855075156332e-07,9.337935239601991
-3.10893543956044e-07,-100.410885989011,8.775983070522202e-07,9.223069363465529
-3.1039491758241764e-07,-100.28622939560441,8.821534613062569e-07,9.106316031414318
-3.098962912087912e-07,-100.1615728021978,8.866500449347216e-07,8.98771193046544
-3.0939766483516485e-07,-100.0369162087912,8.910871509352717e-07,8.867294252268607
-3.088990384615385e-07,-99.91225961538461,8.954638908924077e-07,8.745100686786754
-3.084004120879121e-07,-99.78760302197801,8.99779395213163e-07,8.621169386415806
-3.0790178571428575e-07,-99.66294642857143,9.040328133536679e-07,8.495538964552127
-3.074031593406594e-07,-99.53828983516483,9.082233140378445e-07,8.36824846533659
-3.06904532967033e-07,-99.41363324175825,9.123500854669638e-07,8.23933735659534
-3.0640590659340664e-07,-99.28897664835165,9.16412335523376e-07,8.108845513189724
-3.0590728021978027e-07,-99.16432005494507,9.204092919655685e-07,7.976813198511869
-3.054086538461539e-07,-99.03966346153847,9.243402026165207e-07,7.84328105554733
-3.0491002747252753e-07,-98.91500686813187,9.282043355466126e-07,7.7082900935858225
-3.044114010989011e-07,-98.79035027472528,9.320009792502826e-07,7.571881676008871
-3.0391277472527474e-07,-98.66569368131869,9.357294428156329e-07,7.43409750379284
-3.034141483516484e-07,-98.5410370879121,9.393890560892213e-07,7.294979612200707
-3.02915521978022e-07,-98.4163804945055,9.429791698362062e-07,7.154570355067944
-3.0241689560439564e-07,-98.29172390109892,9.464991558941814e-07,7.012912394748259
-3.0191826923076927e-07,-98.16706730769232,9.499484073221267e-07,6.870048692181714
-3.014196428571429e-07,-98.04241071428574,9.533263385446961e-07,6.726022497622285
-3.0092101648351653e-07,-97.91775412087914,9.566323854917729e-07,6.58087734056943
-3.0042239010989016e-07,-97.79309752747254,9.598660057326646e-07,6.43465701789188
-2.999237637362638e-07,-97.66844093406596,9.630266786052977e-07,6.287405585219392
-2.994251373626374e-07,-97.54378434065933,9.661139053405014e-07,6.13916734544312
-2.98926510989011e-07,-97.41912774725274,9.691272091823836e-07,5.989986844051754
-2.9842788461538464e-07,-97.29447115384615,9.720661355028054e-07,5.839908849912543
-2.9792925824175827e-07,-97.16981456043956,9.749302519097256e-07,5.688978349268538
-2.974306318681319e-07,-97.04515796703296,9.77719148351538e-07,5.537240535408795
-2.9693200549450553e-07,-96.92050137362638,9.804324372152082e-07,5.384740793667589
-2.9643337912087916e-07,-96.79584478021978,9.830697534187886e-07,5.231524693480615
-2.959347527472528e-07,-96.67118818681318,9.856307544981332e-07,5.07763797269593
-2.954361263736264e-07,-96.5465315934066,9.881151206860123e-07,4.923126522428406
-2.9493750000000006e-07,-96.421875,9.905225549867374e-07,4.7680363835844375
-2.944388736263737e-07,-96.29721840659342,9.928527832431482e-07,4.612413719639499
-2.9394024725274727e-07,-96.17256181318682,9.951055541949563e-07,4.456304808589828
-2.934416208791209e-07,-96.04790521978023,9.972806395320918e-07,4.299756030535023
-2.9294299450549453e-07,-95.92324862637363,9.99377833939418e-07,4.142813845238783
-2.9244436813186816e-07,-95.79859203296705,1.001396955132488e-06,3.9855247782041903
-2.919457417582418e-07,-95.67393543956045,1.003337843887103e-06,3.8279354091456685
-2.914471153846154e-07,-95.54927884615385,1.0052003640585649e-06,3.6700923422538207
-2.9094848901098905e-07,-95.42462225274727,1.0069844025925137e-06,3.512042201255469
-2.904498626373627e-07,-95.29996565934067,1.0086898695276375e-06,3.3538316018209495
-2.899512362637363e-07,-95.17530906593409,1.0103166979887875e-06,3.1955071399960584
-2.8945260989010995e-07,-95.05065247252749,1.0118648441700412e-06,3.037115363439161
-2.8895398351648353e-07,-94.92599587912088,1.0133342873089318e-06,2.8787027639634406
-2.8845535714285716e-07,-94.80133928571428,1.0147250296514262e-06,2.720315747986385
-2.879567307692308e-07,-94.6766826923077,1.0160370964055683e-06,2.5620006200628946
-2.874581043956044e-07,-94.5520260989011,1.017270535686646e-06,2.403803565068205
-2.8695947802197805e-07,-94.42736950549451,1.0184254184517281e-06,2.2457706232104173
-2.864608516483517e-07,-94.30271291208791,1.0195018384236667e-06,2.0879476724110053
-2.859622252747253e-07,-94.17805631868131,1.0204999120058652e-06,1.9303804086820375
-2.8546359890109895e-07,-94.05339972527473,1.0214197781855991e-06,1.773114319888488
-2.849649725274726e-07,-93.92874313186813,1.0222615984273016e-06,1.6161946713255697
-2.844663461538462e-07,-93.80408653846155,1.023025556555611e-06,1.4596664794183685
-2.8396771978021984e-07,-93.67942994505495,1.0237118586271848e-06,1.3035744928563797
-2.834690934065934e-07,-93.55477335164836,1.0243207327919924e-06,1.1479631695218788
-2.8297046703296705e-07,-93.43011675824177,1.0248524291436371e-06,0.9928766556666438
-2.824718406593407e-07,-93.30546016483518,1.0253072195587324e-06,0.8383587629510284
-2.819732142857143e-07,-93.18080357142858,1.0256853975247154e-06,0.6844529451535467
-2.8147458791208794e-07,-93.05614697802199,1.0259872779566101e-06,0.5312022767472667
-2.809759615384616e-07,-92.9314903846154,1.0262131970021959e-06,0.37864942760672865
-2.804773351648352e-07,-92.8068337912088,1.0263635118356174e-06,0.22683664098458356
-2.7997870879120884e-07,-92.68217719780222,1.026438600439438e-06,0.0758057083882372
-2.7948008241758247e-07,-92.55752060439562,1.0264388613752804e-06,-0.07440205267699744
-2.789814560439561e-07,-92.43286401098904,1.0263647135431834e-06,-0.22374582254168005
-2.784828296703297e-07,-92.30820741758241,1.0262165959300271e-06,-0.3721853014448966
-2.779842032967033e-07,-92.18355082417582,1.0259949673473928e-06,-0.51968073028925
-2.7748557692307694e-07,-92.05889423076923,1.0257003061594065e-06,-0.666192911880514
-2.769869505494506e-07,-91.93423763736263,1.0253331100010958e-06,-0.8116832276674519
-2.764883241758242e-07,-91.80958104395604,1.0248938954879472e-06,-0.956113657460736
-2.7598969780219784e-07,-91.68492445054945,1.0243831979168884e-06,-1.0994467937111088
-2.7549107142857147e-07,-91.56026785714286,1.0238015709600096e-06,-1.241645856624942
-2.749924450549451e-07,-91.43561126373626,1.0231495863507183e-06,-1.3826747092013005
-2.7449381868131873e-07,-91.31095467032968,1.0224278335636162e-06,-1.5224978669489042
-2.7399519230769236e-07,-91.18629807692308,1.021636919488117e-06,-1.6610805133464666
-2.7349656593406594e-07,-91.0616414835165,1.0207774680957736e-06,-1.798388509145233
-2.7299793956043957e-07,-90.9369848901099,1.0198501201032797e-06,-1.9343884002052802
-2.724993131868132e-07,-90.8123282967033,1.0188555326294666e-06,-2.0690474339939517
-2.7200068681318683e-07,-90.68767170329672,1.0177943788476724e-06,-2.20233356102707
-2.7150206043956047e-07,-90.56301510989012,1.0166673476340253e-06,-2.3342154504230654
-2.710034340659341e-07,-90.43835851648353,1.0154751432109508e-06,-2.464662492999855
-2.7050480769230773e-07,-90.31370192307693,1.0142184847865039e-06,-2.5936448154639744
-2.7000618131868136e-07,-90.18904532967035,1.0128981061898431e-06,-2.721133281415492
-2.69507554945055e-07,-90.06438873626375,1.0115147555031598e-06,-2.8470995049931913
-2.690089285714286e-07,-89.93973214285717,1.0100691946893236e-06,-2.9715158543305877
-2.6851030219780225e-07,-89.81507554945057,1.008562199216672e-06,-3.0943554598155565
-2.6801167582417583e-07,-89.69041895604396,1.006994557679496e-06,-3.2155922232721985
-2.6751304945054946e-07,-89.56576236263736,1.005367071415629e-06,-3.335200820398027
-2.670144230769231e-07,-89.44110576923076,1.0036805541211331e-06,-3.453156710307244
-2.6651579670329673e-07,-89.31644917582418,1.0019358314604657e-06,-3.569436144255595
-2.6601717032967036e-07,-89.19179258241758,1.0001337406746911e-06,-3.684016164677091
-2.65518543956044e-07,-89.06713598901099,9.982751301864807e-07,-3.796874619571295
-2.650199175824176e-07,-88.9424793956044,9.96360859200778e-07,-3.907990165367393
-2.6452129120879125e-07,-88.81782280219781,9.94391797303862e-07,-4.017342270699086
-2.640226648351649e-07,-88.69316620879121,9.923688240584756e-07,-4.124911228674488
-2.635240384615385e-07,-88.56850961538463,9.902928285967467e-07,-4.230678153376551
-2.630254120879121e-07,-88.44385302197803,9.88164709209023e-07,-4.334625000237899
-2.625267857142857e-07,-88.31919642857143,9.859853729308425e-07,-4.436734552784001
-2.6202815934065936e-07,-88.19453983516485,9.837557351264564e-07,-4.536990450435252
-2.61529532967033e-07,-88.06988324175825,9.81476719069091e-07,-4.635377173274317
-2.610309065934066e-07,-87.94522664835166,9.791492555195157e-07,-4.731880064769185
-2.6053228021978025e-07,-87.82057005494507,9.767742823002884e-07,-4.826485326004388
-2.600336538461539e-07,-87.69591346153848,9.743527438683826e-07,-4.919180028373365
-2.595350274725275e-07,-87.57125686813188,9.718855908839308e-07,-5.009952116349887
-2.5903640109890114e-07,-87.44660027472528,9.693737797774702e-07,-5.0987904108608015
-2.585377747252748e-07,-87.3219436813187,9.668182723132379e-07,-5.185684621876366
-2.580391483516484e-07,-87.1972870879121,9.642200351506278e-07,-5.270625343085512
-2.57540521978022e-07,-87.07263049450549,9.61580039402828e-07,-5.353604068802872
-2.570418956043956e-07,-86.94797390109889,9.588992601927209e-07,-5.434613187824411
-2.5654326923076925e-07,-86.8233173076923,9.561786762066659e-07,-5.513645998294194
-2.560446428571429e-07,-86.69866071428571,9.53419269245494e-07,-5.590696703854091
-2.555460164835165e-07,-86.57400412087912,9.506220237739238e-07,-5.665760423953476
-2.5504739010989014e-07,-86.44934752747253,9.477879264672275e-07,-5.738833194467902
-2.545487637362638e-07,-86.32469093406594,9.449179657562383e-07,-5.809911973736558
-2.540501373626374e-07,-86.20003434065934,9.420131313703067e-07,-5.87899464471785
-2.5355151098901104e-07,-86.07537774725274,9.39074413878751e-07,-5.946080018757843
-2.5305288461538467e-07,-85.95072115384616,9.36102804230885e-07,-6.011167837521633
-2.5255425824175825e-07,-85.82606456043956,9.330992932947057e-07,-6.074258776326928
-2.520556318681319e-07,-85.70140796703298,9.300648713941483e-07,-6.135354446464666
-2.515570054945055e-07,-85.57675137362638,9.27000527845912e-07,-6.194457394451589
-2.5105837912087914e-07,-85.4520947802198,9.239072504959034e-07,-6.25157110423205
-2.5055975274725277e-07,-85.3274381868132,9.207860252547698e-07,-6.306699998477626
-2.500611263736264e-07,-85.20278159340661,9.176378356336334e-07,-6.359849436301972
-2.4956250000000004e-07,-85.07812500000001,9.14463662280524e-07,-6.411025712582508
-2.4906387362637367e-07,-84.95346840659342,9.112644825169452e-07,-6.460236057961901
-2.485652472527473e-07,-84.82881181318683,9.080412698755533e-07,-6.507488634128701
-2.4806662087912093e-07,-84.70415521978023,9.047949936392978e-07,-6.552792532489918
-2.4756799450549456e-07,-84.57949862637365,9.015266183822569e-07,-6.596157768483419
-2.4706936813186814e-07,-84.45484203296702,8.982371035125992e-07,-6.637595278499554
-2.4657074175824177e-07,-84.33018543956044,8.949274028179045e-07,-6.677116913219522
-2.460721153846154e-07,-84.20552884615384,8.915984640138899e-07,-6.714735430379885
-2.4557348901098903e-07,-84.08087225274726,8.882512282963395e-07,-6.75046448888366
-2.4507486263736266e-07,-83.95621565934066,8.848866298969468e-07,-6.784318638670415
-2.445762362637363e-07,-83.83155906593407,8.815055956437551e-07,-6.816313312140819
-2.4407760989010993e-07,-83.70690247252747,8.781090445264305e-07,-6.846464813006777
-2.4357898351648356e-07,-83.58224587912088,8.746978872669836e-07,-6.8747903052628905
-2.430803571428572e-07,-83.45758928571429,8.712730258965331e-07,-6.901307799641048
-2.425817307692308e-07,-83.3329326923077,8.678353533385666e-07,-6.9260361407432445
-2.420831043956044e-07,-83.20827609890111,8.643857529992905e-07,-6.948994991106784
-2.4158447802197803e-07,-83.08361950549451,8.609250983655776e-07,-6.970204816298134
-2.4108585164835166e-07,-82.95896291208793,8.574542526111993e-07,-6.989686866181161
-2.405872252747253e-07,-82.83430631868133,8.539740682119334e-07,-7.007463157681125
-2.400885989010989e-07,-82.70964972527473,8.504853865698e-07,-7.02355645498013
-2.3958997252747256e-07,-82.58499313186815,8.469890376473917e-07,-7.0379902484209955
-2.390913461538462e-07,-82.46033653846155,8.434858396128889e-07,-7.050788732322614
-2.385927197802198e-07,-82.33567994505496,8.399765984959431e-07,-7.061976783140299
-2.3809409340659342e-07,-82.21102335164835,8.364621078552947e-07,-7.071579933787556
-2.3759546703296706e-07,-82.08636675824177,8.32943148459045e-07,-7.079624348110368
-2.370968406593407e-07,-81.96171016483517,8.294204879772184e-07,-7.08613679667148
-2.3659821428571432e-07,-81.83705357142858,8.258948806881722e-07,-7.0911446249325865
-2.3609958791208795e-07,-81.71239697802199,8.223670671986582e-07,-7.094675729883218
-2.3560096153846156e-07,-81.58774038461539,8.188377741788168e-07,-7.096758522979309
-2.3510233516483519e-07,-81.46308379120879,8.153077141120213e-07,-7.097421907245091
-2.3460370879120882e-07,-81.33842719780219,8.117775850598411e-07,-7.0966952389558635
-2.3410508241758245e-07,-81.2137706043956,8.082480704437036e-07,-7.094608298559931
-2.3360645604395608e-07,-81.08911401098901,8.047198388431965e-07,-7.09119125245245
-2.3310782967032969e-07,-80.96445741758242,8.01193543810442e-07,-7.086474626335917
-2.3260920329670332e-07,-80.83980082417582,7.976698237023954e-07,-7.08048925934943
-2.3211057692307695e-07,-80.71514423076924,7.941493015312765e-07,-7.073266276833103
-2.3161195054945058e-07,-80.59048763736264,7.906325848327944e-07,-7.064837045596434
-2.311133241758242e-07,-80.46583104395606,7.871202655531793e-07,-7.055233142798171
-2.3061469780219784e-07,-80.34117445054946,7.836129199542574e-07,-7.044486314152585
-2.3011607142857145e-07,-80.21651785714286,7.801111085387495e-07,-7.032628434129649
-2.2961744505494508e-07,-80.09186126373628,7.766153759945179e-07,-7.019691469271421
-2.291188186813187e-07,-79.96720467032968,7.731262511578011e-07,-7.005707438225054
-2.2862019230769234e-07,-79.8425480769231,7.696442469972103e-07,-6.990708367941538
-2.2812156593406597e-07,-79.7178914835165,7.661698606171314e-07,-6.9747262592032095
-2.2762293956043958e-07,-79.5932348901099,7.627035732808158e-07,-6.957793041615757
-2.271243131868132e-07,-79.4685782967033,7.592458504537909e-07,-6.93994053668574
-2.2662568681318684e-07,-79.34392170329672,7.557971418677788e-07,-6.921200412001909
-2.2612706043956047e-07,-79.21926510989012,7.523578816041509e-07,-6.901604148291223
-2.256284340659341e-07,-79.09460851648352,7.489284881968071e-07,-6.881182993984274
-2.251298076923077e-07,-78.96995192307692,7.455093647559726e-07,-6.859967926339165
-2.2463118131868134e-07,-78.84529532967032,7.421008991111706e-07,-6.8379896129946305
-2.2413255494505497e-07,-78.72063873626374,7.387034639737408e-07,-6.815278371611242
-2.236339285714286e-07,-78.59598214285714,7.353174171183086e-07,-6.791864133846861
-2.2313530219780223e-07,-78.47132554945055,7.319431015833479e-07,-6.7677764044058515
-2.2263667582417584e-07,-78.34666895604396,7.285808458905143e-07,-6.743044226362174
-2.2213804945054947e-07,-78.22201236263737,7.252309642824224e-07,-6.717696141487576
-2.216394230769231e-07,-78.09735576923077,7.218937569777435e-07,-6.691760160171068
-2.2114079670329673e-07,-77.97269917582418,7.185695104433355e-07,-6.665263722822511
-2.2064217032967036e-07,-77.84804258241759,7.152584976841892e-07,-6.638233666738452
-2.20143543956044e-07,-77.72338598901099,7.11960978548832e-07,-6.610696196977388
-2.196449175824176e-07,-77.59872939560441,7.08677200050796e-07,-6.582676850737191
-2.1914629120879123e-07,-77.47407280219781,7.05407396705599e-07,-6.5542004706027654
-2.1864766483516486e-07,-77.34941620879123,7.021517908807197e-07,-6.525291178879258
-2.181490384615385e-07,-77.22475961538463,6.98910593161014e-07,-6.49597234116171
-2.1765041208791213e-07,-77.10010302197804,6.956840027258782e-07,-6.46626655549073
-2.1715178571428573e-07,-76.97544642857143,6.924722077389319e-07,-6.436195612759621
-2.1665315934065936e-07,-76.85078983516485,6.892753857504565e-07,-6.405780485079153
-2.16154532967033e-07,-76.72613324175825,6.860937041078589e-07,-6.375041305064712
-2.1565590659340662e-07,-76.60147664835165,6.829273203780142e-07,-6.343997338800893
-2.1515728021978026e-07,-76.47682005494507,6.797763827783448e-07,-6.312666977802568
-2.1465865384615386e-07,-76.35216346153845,6.766410306142003e-07,-6.28106772170231
-2.141600274725275e-07,-76.22750686813187,6.735213947255842e-07,-6.2492161580179415
-2.1366140109890112e-07,-76.10285027472527,6.704175979388991e-07,-6.217127962324645
-2.1316277472527476e-07,-75.97819368131869,6.673297555233487e-07,-6.1848178793339
-2.126641483516484e-07,-75.85353708791209,6.642579756524313e-07,-6.152299721495471
-2.12165521978022e-07,-75.7288804945055,6.612023598692509e-07,-6.119586355081994
-2.1166689560439562e-07,-75.6042239010989,6.581630035520604e-07,-6.0866897133334055
-2.1116826923076925e-07,-75.4795673076923,6.551399963823988e-07,-6.053620772904383
-2.1066964285714289e-07,-75.35491071428572,6.521334228147465e-07,-6.0203895715545555
-2.1017101648351652e-07,-75.23025412087912,6.491433625424386e-07,-5.987005205557897
-2.0967239010989012e-07,-75.10559752747254,6.461698909633688e-07,-5.953475833297676
-2.0917376373626375e-07,-74.98094093406594,6.432130796447223e-07,-5.919808675754
-2.0867513736263738e-07,-74.85628434065936,6.402729967797246e-07,-5.886010048322881
-2.0817651098901102e-07,-74.73162774725276,6.373497076426983e-07,-5.852085335840417
-2.0767788461538465e-07,-74.60697115384617,6.344432750384802e-07,-5.81803904064117
-2.0717925824175828e-07,-74.48231456043958,6.31553759741998e-07,-5.78387477406043
-2.0668063186813188e-07,-74.35765796703296,6.286812209336462e-07,-5.749595282158265
-2.0618200549450552e-07,-74.23300137362638,6.258257166230072e-07,-5.7152024670370745
-2.0568337912087915e-07,-74.10834478021978,6.229873040644329e-07,-5.680697398457266
-2.0518475274725278e-07,-73.9836881868132,6.201660401609682e-07,-5.646080349381218
-2.046861263736264e-07,-73.8590315934066,6.173619818568515e-07,-5.6113508065386455
-2.0418750000000001e-07,-73.734375,6.14575186517684e-07,-5.576507509760406
-2.0368887362637365e-07,-73.6097184065934,6.118057122962956e-07,-5.5415484703539954
-2.0319024725274728e-07,-73.48506181318682,6.090536184849597e-07,-5.506471007920567
-2.026916208791209e-07,-73.36040521978022,6.063189658513225e-07,-5.471271779277438
-2.0219299450549454e-07,-73.23574862637362,6.036018169595417e-07,-5.435946809261172
-2.0169436813186814e-07,-73.11109203296704,6.009022364729231e-07,-5.400491534657349
-2.0119574175824178e-07,-72.98643543956044,5.982202914394645e-07,-5.364900829206632
-2.006971153846154e-07,-72.86177884615385,5.955560515597013e-07,-5.3291690501244595
-2.0019848901098904e-07,-72.73712225274726,5.929095894332696e-07,-5.293290077416578
-1.9969986263736267e-07,-72.61246565934067,5.90280980787114e-07,-5.25725734865813
-1.9920123626373628e-07,-72.48780906593407,5.876703046828573e-07,-5.221063908344394
-1.987026098901099e-07,-72.36315247252749,5.850776437015534e-07,-5.184702449744232
-1.9820398351648354e-07,-72.23849587912089,5.825030841085729e-07,-5.148165353260632
-1.9770535714285717e-07,-72.11383928571429,5.79946715994454e-07,-5.111444745051485
-1.972067307692308e-07,-71.98918269230771,5.774086333928971e-07,-5.074532530549285
-1.9670810439560443e-07,-71.86452609890111,5.74888934376728e-07,-5.037420449921588
-1.9620947802197804e-07,-71.73986950549451,5.723877211282926e-07,-5.000100125698584
-1.9571085164835167e-07,-71.61521291208791,5.69905099985991e-07,-4.962563111397519
-1.952122252747253e-07,-71.49055631868133,5.674411814674087e-07,-4.9248009373187305
-1.9471359890109893e-07,-71.36589972527473,5.649960802664269e-07,-4.886805169723938
-1.9421497252747256e-07,-71.24124313186815,5.625699152253988e-07,-4.848567452171493
-1.9371634615384617e-07,-71.11658653846153,5.601628092827149e-07,-4.81007956350517
-1.932177197802198e-07,-70.99192994505495,5.577748893944941e-07,-4.771333464174674
-1.9271909340659343e-07,-70.86727335164835,5.554062864313384e-07,-4.732321350509663
-1.9222046703296706e-07,-70.74261675824175,5.530571350496445e-07,-4.693035703046893
-1.917218406593407e-07,-70.61796016483517,5.507275735376612e-07,-4.653469340038457
-1.912232142857143e-07,-70.49330357142857,5.484177436364587e-07,-4.6136154651097065
-1.9072458791208793e-07,-70.36864697802199,5.461277903366402e-07,-4.5734677174422425
-1.9022596153846156e-07,-70.24399038461539,5.43857861649803e-07,-4.533020223379283
-1.897273351648352e-07,-70.1193337912088,5.416081083566431e-07,-4.492267639003715
-1.8922870879120882e-07,-69.9946771978022,5.393786837311995e-07,-4.451205203784092
-1.8873008241758243e-07,-69.87002060439562,5.371697432417497e-07,-4.409828781025502
-1.8823145604395606e-07,-69.74536401098902,5.34981444230027e-07,-4.368134904858888
-1.877328296703297e-07,-69.62070741758242,5.328139455682306e-07,-4.326120822750383
-1.8723420329670332e-07,-69.49605082417584,5.306674072951864e-07,-4.283784537049717
-1.8673557692307695e-07,-69.37139423076924,5.2854199023266e-07,-4.241124843442241
-1.8623695054945056e-07,-69.24673763736264,5.264378555827734e-07,-4.198141368671731
-1.857383241758242e-07,-69.12208104395604,5.24355164507187e-07,-4.15483460630236
-1.8523969780219782e-07,-68.99742445054946,5.222940776894709e-07,-4.111205948705324
-1.8474107142857145e-07,-68.87276785714286,5.202547548819504e-07,-4.067257717639817
-1.8424244505494508e-07,-68.74811126373628,5.182373544382311e-07,-4.022993191363211
-1.8374381868131872e-07,-68.62345467032968,5.162420328327704e-07,-3.978416629717679
-1.8324519230769232e-07,-68.49879807692307,5.142689441686952e-07,-3.9335332963731378
-1.8274656593406595e-07,-68.37414148351648,5.123182396759193e-07,-3.88834947564111
-1.8224793956043958e-07,-68.24948489010988,5.103900672006371e-07,-3.8428724903946576
-1.8174931318681321e-07,-68.1248282967033,5.08484570688085e-07,-3.79711071120038
-1.8125068681318685e-07,-68.0001717032967,5.06601889660265e-07,-3.7510735674654936
-1.8075206043956045e-07,-67.87551510989012,5.047421586902803e-07,-3.70477154985847
-1.8025343406593408e-07,-67.75085851648352,5.029055068752106e-07,-3.6582162137206917
-1.7975480769230771e-07,-67.62620192307693,5.010920573091897e-07,-3.611420174754186
-1.7925618131868135e-07,-67.50154532967034,4.993019265588101e-07,-3.564397103877017
-1.7875755494505498e-07,-67.37688873626374,4.975352241424766e-07,-3.5171617163678084
-1.7825892857142858e-07,-67.25223214285715,4.957920520158114e-07,-3.4697297582314435
-1.777603021978022e-07,-67.12757554945055,4.940725040649817e-07,-3.42211798781325
-1.7726167582417584e-07,-67.00291895604397,4.923766656098153e-07,-3.3743441546278086
-1.7676304945054948e-07,-66.87826236263737,4.907046129186118e-07,-3.3264269732862397
-1.762644230769231e-07,-66.75360576923079,4.890564127367567e-07,-3.2783860938335234
-1.757657967032967e-07,-66.62894917582418,4.874321218307184e-07,-3.2302420692967173
-1.7526717032967034e-07,-66.50429258241759,4.858317865492765e-07,-3.182016318567425
-1.7476854395604397e-07,-66.37963598901099,4.842554424038763e-07,-3.133731086326967
-1.742699175824176e-07,-66.2549793956044,4.827031136700023e-07,-3.0854093982793533
-1.7377129120879124e-07,-66.13032280219781,4.811748130106675e-07,-3.037075016675373
-1.7327266483516487e-07,-66.00566620879121,4.796705411242415e-07,-2.9887523865622065
-1.7277403846153847e-07,-65.88100961538461,4.781902864177212e-07,-2.94046658689369
-1.722754120879121e-07,-65.75635302197801,4.7673402470659647e-07,-2.8922432720981512
-1.7177678571428574e-07,-65.63169642857143,4.753017189435083e-07,-2.844108614365096
-1.7127815934065937e-07,-65.50703983516483,4.738933189760502e-07,-2.796089243800121
-1.70779532967033e-07,-65.38238324175825,4.725087613348051e-07,-2.7482121862854116
-1.702809065934066e-07,-65.25772664835165,4.711479690531608e-07,-2.700504797459167
-1.6978228021978024e-07,-65.13307005494507,4.6981085151920103e-07,-2.6529946993616456
-1.6928365384615387e-07,-65.00841346153847,4.684973043606933e-07,-2.6057097103050673
-1.687850274725275e-07,-64.88375686813187,4.6720720936332663e-07,-2.5586777809265993
-1.6828640109890113e-07,-64.75910027472528,4.6594043442272554e-07,-2.5119269219145983
-1.6778777472527473e-07,-64.63444368131869,4.6469683353144395e-07,-2.4654851352539557
-1.6728914835164837e-07,-64.5097870879121,4.634762467993646e-07,-2.419380348287089
-1.66790521978022e-07,-64.3851304945055,4.622785005084284e-07,-2.3736403412207006
-1.6629189560439563e-07,-64.26047390109892,4.611034072022624e-07,-2.328292678954033
-1.6579326923076926e-07,-64.13581730769232,4.599507658088788e-07,-2.2833646459248143
-1.6529464285714287e-07,-64.01116071428572,4.588203617966802e-07,-2.238883176986647
-1.647960164835165e-07,-63.886504120879124,4.5771196736398756e-07,-2.1948747914362667
-1.6429739010989013e-07,-63.76184752747253,4.56625341660318e-07,-2.1513655310135253
-1.6379876373626376e-07,-63.63719093406594,4.5556023103828364e-07,-2.108380898477689
-1.633001373626374e-07,-63.51253434065935,4.545163693367511e-07,-2.065945793059984
-1.62801510989011e-07,-63.387877747252745,4.534934781930959e-07,-2.0240844577844057
-1.6230288461538463e-07,-63.26322115384615,4.5249126738258815e-07,-1.982820422797467
-1.6180425824175826e-07,-63.138564560439555,4.5150943518557863e-07,-1.9421764500405052
-1.613056318681319e-07,-63.013907967032964,4.505476687797292e-07,-1.902174487683431
-1.6080700549450552e-07,-62.88925137362637,4.496056446562611e-07,-1.8628356189265418
-1.6030837912087915e-07,-62.76459478021978,4.4868302905879986e-07,-1.8241800221901738
-1.5980975274725276e-07,-62.63993818681319,4.477794784420517e-07,-1.78622693102223
-1.593111263736264e-07,-62.5152815934066,4.4689463995114086e-07,-1.7489945909915838
-1.5881250000000002e-07,-62.39062500000001,4.4602815191817243e-07,-1.7125002334567048
-1.5831387362637365e-07,-62.265968406593416,4.451796443732764e-07,-1.6767600434297132
-1.5781524725274728e-07,-62.14131181318682,4.443487395714093e-07,-1.6417891283204842
-1.573166208791209e-07,-62.016655219780226,4.4353505253002394e-07,-1.6076015054196102
-1.5681799450549452e-07,-61.891998626373635,4.4273819157842266e-07,-1.5742100673892563
-1.5631936813186815e-07,-61.76734203296704,4.419577589159928e-07,-1.5416265810699539
-1.5582074175824178e-07,-61.64268543956045,4.411933511745307e-07,-1.5098616721839524
-1.553221153846154e-07,-61.51802884615386,4.404445599897796e-07,-1.4789248035846903
-1.5482348901098902e-07,-61.393372252747255,4.3971097257485023e-07,-1.448824289518459
-1.5432486263736265e-07,-61.268715659340664,4.389921722938719e-07,-1.419567280389777
-1.5382623626373628e-07,-61.14405906593407,4.382877392381796e-07,-1.3911597678756065
-1.533276098901099e-07,-61.01940247252748,4.375972508004194e-07,-1.3636065882492703
-1.5282898351648354e-07,-60.89474587912088,4.369202822450303e-07,-1.336911433662556
-1.5233035714285715e-07,-60.77008928571428,4.362564072741814e-07,-1.3110768592243136
-1.5183173076923078e-07,-60.645432692307686,4.3560519858935464e-07,-1.2861042935085127
-1.513331043956044e-07,-60.520776098901095,4.34966228444794e-07,-1.2619940608576752
-1.5083447802197804e-07,-60.396119505494504,4.34339069191637e-07,-1.2387453966266129
-1.5033585164835167e-07,-60.27146291208791,4.3372329381408927e-07,-1.2163564640310454
-1.498372252747253e-07,-60.14680631868132,4.331184764535384e-07,-1.1948243859604122
-1.493385989010989e-07,-60.02214972527473,4.3252419292075316e-07,-1.1741452611067338
-1.4883997252747254e-07,-59.89749313186814,4.3194002119680563e-07,-1.1543141934050138
-1.4834134615384617e-07,-59.77283653846154,4.313655419184404e-07,-1.1353253251853144
-1.478427197802198e-07,-59.64817994505495,4.3080033884992183e-07,-1.117171858572572
-1.4734409340659344e-07,-59.52352335164836,4.3024399933905556e-07,-1.099846097846958
-1.4684546703296704e-07,-59.39886675824176,4.296961147578773e-07,-1.083339468879645
-1.4634684065934067e-07,-59.27421016483517,4.291562809268145e-07,-1.0676425663434406
-1.458482142857143e-07,-59.14955357142858,4.286240985211007e-07,-1.0527451779473904
-1.4534958791208793e-07,-59.024896978021985,4.280991734605649e-07,-1.0386363272920567
-1.4485096153846157e-07,-58.900240384615394,4.2758111728110943e-07,-1.0253043047465162
-1.4435233516483517e-07,-58.775583791208796,4.270695474887231e-07,-1.012736706998817
-1.438537087912088e-07,-58.650927197802204,4.2656408789431817e-07,-1.0009204747736324
-1.4335508241758243e-07,-58.526270604395606,4.2606436893111093e-07,-0.9898419254754126
-1.4285645604395607e-07,-58.401614010989015,4.255700279525862e-07,-0.9794867988177817
-1.423578296703297e-07,-58.27695741758242,4.2508070951187956e-07,-0.9698402860456948
-1.418592032967033e-07,-58.152300824175825,4.2459606562331116e-07,-0.9608870727129724
-1.4136057692307693e-07,-58.02764423076923,4.241157560044143e-07,-0.9526113744903838
-1.4086195054945056e-07,-57.90298763736264,4.2363944830015063e-07,-0.9449969731741511
-1.403633241758242e-07,-57.77833104395605,4.231668182882876e-07,-0.9380272566238667
-1.3986469780219783e-07,-57.65367445054946,4.2269755006657187e-07,-0.9316852521843234
-1.3936607142857143e-07,-57.52901785714286,4.222313362229793e-07,-0.9259536615231456
-1.3886744505494506e-07,-57.40436126373626,4.2176787798671744e-07,-0.9208149033673284
-1.383688186813187e-07,-57.27970467032967,4.21306885361785e-07,-0.9162511410870671
-1.3787019230769233e-07,-57.15504807692308,4.208480772454138e-07,-0.9122443160835232
-1.3737156593406596e-07,-57.03039148351649,4.2039118152685223e-07,-0.9087761936636457
-1.368729395604396e-07,-56.9057348901099,4.1993593517143625e-07,-0.9058283764477106
-1.363743131868132e-07,-56.7810782967033,4.194820842878686e-07,-0.90338235874169
-1.3587568681318683e-07,-56.65642170329671,4.190293841780598e-07,-0.9014195423963518
-1.3537706043956046e-07,-56.53176510989012,4.18577599374601e-07,-0.8999212708767692
-1.348784340659341e-07,-56.407108516483525,4.18126503660438e-07,-0.8988688669817633
-1.3437980769230772e-07,-56.28245192307693,4.176758800735571e-07,-0.8982436554896192
-1.3388118131868132e-07,-56.15779532967033,4.172255208987891e-07,-0.8980269925285195
-1.3338255494505496e-07,-56.03313873626374,4.167752276438665e-07,-0.8982002996806637
-1.328839285714286e-07,-55.908482142857146,4.1632481100249583e-07,-0.8987450822283444
-1.3238530219780222e-07,-55.783825549450555,4.1587409080360455e-07,-0.8996429667005067
-1.3188667582417585e-07,-55.65916895604396,4.154228959464393e-07,-0.9008757203057218
-1.3138804945054945e-07,-55.534512362637365,4.149710643244235e-07,-0.9024252769116643
-1.3088942307692309e-07,-55.409855769230774,4.145184427349045e-07,-0.9042737679026142
-1.3039079670329672e-07,-55.28519917582418,4.140648867771305e-07,-0.9064035388110454
-1.2989217032967035e-07,-55.16054258241759,4.136102607376305e-07,-0.9087971834715741
-1.2939354395604398e-07,-55.03588598901099,4.1315443746429446e-07,-0.9114375554148043
-1.2889491758241759e-07,-54.911229395604394,4.1269729822891555e-07,-0.9143078030371663
-1.2839629120879122e-07,-54.7865728021978,4.1223873257675617e-07,-0.9173913866865855
-1.2789766483516485e-07,-54.66191620879121,4.1177863816708575e-07,-0.9206720980386339
-1.2739903846153848e-07,-54.53725961538462,4.113169206014465e-07,-0.9241340901619486
-1.269004120879121e-07,-54.41260302197803,4.1085349324083097e-07,-0.9277618921849193
-1.2640178571428574e-07,-54.28794642857144,4.1038827701303484e-07,-0.9315404341947533
-1.2590315934065935e-07,-54.16328983516484,4.0992120020916655e-07,-0.935455066144253
-1.2540453296703298e-07,-54.03863324175825,4.0945219826977585e-07,-0.939491580685102
-1.249059065934066e-07,-53.91397664835165,4.0898121356131884e-07,-0.9436362294427945
-1.2440728021978024e-07,-53.78932005494506,4.0850819514231155e-07,-0.9478757481851217
-1.2390865384615387e-07,-53.66466346153847,4.080330985200044e-07,-0.9521973699814686
-1.2341002747252748e-07,-53.54000686813187,4.075558853988231e-07,-0.9565888451773773
-1.229114010989011e-07,-53.41535027472528,4.0707652341748724e-07,-0.9610384672193957
-1.2241277472527474e-07,-53.290693681318686,4.065949858789842e-07,-0.9655350753870999
-1.2191414835164837e-07,-53.166037087912095,4.061112514724532e-07,-0.9700680849822909
-1.21415521978022e-07,-53.0413804945055,4.056253039858746e-07,-0.9746274940457331
-1.209168956043956e-07,-52.916723901098905,4.051371320121783e-07,-0.979203903229975
-1.2041826923076924e-07,-52.792067307692314,4.0464672864795797e-07,-0.9837885256998842
-1.1991964285714287e-07,-52.667410714285715,4.04154091186197e-07,-0.9883732013681388
-1.194210164835165e-07,-52.542754120879124,4.036592208027613e-07,-0.9929504077957413
-1.1892239010989012e-07,-52.418097527472526,4.0316212223813875e-07,-0.9975132683555135
-1.1842376373626375e-07,-52.293440934065934,4.026628034749292e-07,-1.0020555610508395
-1.1792513736263738e-07,-52.16878434065934,4.021612754117831e-07,-1.0065717238887548
-1.17426510989011e-07,-52.04412774725275,4.016575515347854e-07,-1.0110568596470333
-1.1692788461538463e-07,-51.91947115384616,4.011516475873365e-07,-1.0155067368987316
-1.1642925824175825e-07,-51.79481456043957,4.006435812392249e-07,-1.0199177918041444
-1.1593063186813188e-07,-51.67015796703298,4.0013337175599726e-07,-1.0242871246083667
-1.1543200549450551e-07,-51.54550137362638,3.9962103967007065e-07,-1.0286124956427158
-1.1493337912087913e-07,-51.42084478021978,3.991066064538645e-07,-1.032892320346752
-1.1443475274725276e-07,-51.29618818681319,3.9859009419663335e-07,-1.0371256583325177
-1.1393612637362638e-07,-51.17153159340659,3.9807152528604916e-07,-1.0413122040423746
-1.1343750000000001e-07,-51.046875,3.975509220953244e-07,-1.0454522722140687
-1.1293887362637364e-07,-50.92221840659341,3.9702830667702803e-07,-1.0495467836991514
-1.1244024725274726e-07,-50.79756181318682,3.9650370046496774e-07,-1.0535972450160331
-1.1194162087912089e-07,-50.672905219780226,3.9597712398477805e-07,-1.0576057310392162
-1.1144299450549452e-07,-50.548248626373635,3.9544859657435695e-07,-1.0615748594603882
-1.1094436813186814e-07,-50.423592032967036,3.949181361150517e-07,-1.0655077694506765
-1.1044574175824177e-07,-50.298935439560445,3.9438575877407407e-07,-1.069408093368513
-1.0994711538461539e-07,-50.17427884615385,3.93851478759098e-07,-1.0732799308792118
-1.0944848901098902e-07,-50.049622252747255,3.933153080846756e-07,-1.0771278213650566
-1.0894986263736266e-07,-49.924965659340664,3.9277725635018295e-07,-1.0809567184143627
-1.0845123626373627e-07,-49.800309065934066,3.922373305278905e-07,-1.0847719669101297
-1.079526098901099e-07,-49.675652472527474,3.9169553475857644e-07,-1.0885792869144448
-1.0745398351648352e-07,-49.55099587912088,3.9115187015012755e-07,-1.0923847681232124
-1.0695535714285715e-07,-49.42633928571429,3.906063345718482e-07,-1.0961948821750118
-1.0645673076923079e-07,-49.3016826923077,3.900589224331928e-07,-1.1000165217888833
-1.059581043956044e-07,-49.1770260989011,3.895096244302106e-07,-1.1038570797967888
-1.0545947802197804e-07,-49.05236950549451,3.8895842723506336e-07,-1.1077245872478765
-1.0496085164835167e-07,-48.92771291208792,3.8840531309310826e-07,-1.1116279357180943
-1.0446222527472528e-07,-48.80305631868132,3.878502592773334e-07,-1.1155772188177655
-1.0396359890109892e-07,-48.67839972527473,3.8729323732929625e-07,-1.1195842422803939
-1.0346497252747253e-07,-48.55374313186813,3.8673421198854526e-07,-1.1236632641133848
-1.0296634615384617e-07,-48.42908653846154,3.8617313967557874e-07,-1.1278320540756677
-1.024677197802198e-07,-48.30442994505495,3.8560996634351813e-07,-1.1321133868486213
-1.0196909340659342e-07,-48.17977335164836,3.850446244463547e-07,-1.1365371291627495
-1.0147046703296705e-07,-48.05511675824176,3.844770286800648e-07,-1.141143133541266
-1.0097184065934068e-07,-47.93046016483517,3.8390707002552826e-07,-1.145985244316986
-1.004732142857143e-07,-47.80580357142858,3.833346074453614e-07,-1.1511368281900747
-9.997458791208793e-08,-47.681146978021985,3.827594563349892e-07,-1.1566984395574302
-9.947596153846155e-08,-47.55649038461539,3.8218137246615177e-07,-1.162808481489805
-9.897733516483518e-08,-47.431833791208796,3.8160002963225046e-07,-1.1696581426314316
-9.847870879120881e-08,-47.307177197802204,3.8101498841546033e-07,-1.177512517004581
-9.798008241758243e-08,-47.182520604395606,3.8042565228954734e-07,-1.1867408562018766
-9.748145604395606e-08,-47.057864010989015,3.7983120539903856e-07,-1.1978604419600136
-9.698282967032968e-08,-46.93320741758242,3.7923052339050514e-07,-1.2116012544829147
-9.648420329670331e-08,-46.808550824175825,3.786220437054126e-07,-1.2290039087194327
-9.598557692307694e-08,-46.68389423076923,3.7800357284378633e-07,-1.2515739776881452
-9.548695054945056e-08,-46.55923763736264,3.7737199064460384e-07,-1.2815411157560554
-9.498832417582419e-08,-46.43458104395605,3.7672276978948864e-07,-1.3223512697475437
-9.448969780219782e-08,-46.30992445054946,3.760491269592695e-07,-1.3797293460283653
-9.399107142857144e-08,-46.18526785714286,3.7534025688899946e-07,-1.4646170098470983
-9.349244505494507e-08,-46.06061126373627,3.7457700031120846e-07,-1.6010121720178905
-9.299381868131869e-08,-45.93595467032967,3.730621437113034e-07,33.69270979622439
-9.249519230769232e-08,-45.81129807692308,3.6525898220400544e-07,44.30706066055799
-9.199656593406595e-08,-45.68664148351648,3.8935441998621006e-07,12.182985637174683
-9.149793956043957e-08,-45.56198489010989,4.1159173740249406e-07,16.437893029502753
-9.09993131868132e-08,-45.4373282967033,4.2867831160243187e-07,9.038540393309008
-9.050068681318682e-08,-45.31267170329671,4.296818381074463e-07,-5.003802654205879
-9.000206043956045e-08,-45.18801510989012,4.1432824279375993e-07,-13.587371181817716
-8.950343406593408e-08,-45.063358516483525,3.931470033798419e-07,-11.031212922273278
-8.90048076923077e-08,-44.93870192307693,3.694351464225663e-07,-44.182392212678074
-8.850618131868133e-08,-44.814045329670336,3.7712782978016976e-07,-33.801860784689
-8.800755494505496e-08,-44.689388736263744,3.784849497921554e-07,1.294325884446164
-8.750892857142858e-08,-44.564732142857146,3.7909365238215474e-07,1.159173526823969
-8.701030219780221e-08,-44.44007554945055,3.796487875838239e-07,1.0753998793869002
-8.651167582417583e-08,-44.315418956043956,3.801693699671611e-07,1.0188101439331334
-8.601304945054946e-08,-44.190762362637365,3.8066611488889746e-07,0.978815332546365
-8.551442307692309e-08,-44.066105769230774,3.8114585242517796e-07,0.9498867321692952
-8.501579670329671e-08,-43.94144917582418,3.816132178358472e-07,0.9286449782956419
-8.451717032967034e-08,-43.81679258241759,3.8207145015436355e-07,0.912840429188446
-8.401854395604397e-08,-43.692135989011,3.8252284054096987e-07,0.9009004081219124
-8.351991758241759e-08,-43.5674793956044,3.8296901168229537e-07,0.8916959860631279
-8.302129120879122e-08,-43.44282280219781,3.8341110452307e-07,0.8844042272068171
-8.252266483516484e-08,-43.318166208791204,3.83849908289864e-07,0.8784198319394695
-8.202403846153847e-08,-43.19350961538461,3.842859533878436e-07,0.8732952951229105
-8.15254120879121e-08,-43.06885302197802,3.8471957887405766e-07,0.868698905006617
-8.102678571428572e-08,-42.94419642857143,3.851509820399412e-07,0.8643846840272037
-8.052815934065935e-08,-42.81953983516484,3.855802551684231e-07,0.8601705715475456
-8.002953296703297e-08,-42.69488324175825,3.860074129671582e-07,0.8559224095895808
-7.95309065934066e-08,-42.57022664835166,3.864324131507445e-07,0.8515420847688339
-7.903228021978023e-08,-42.445570054945065,3.8685517194875077e-07,0.8469587036046371
-7.853365384615385e-08,-42.32091346153847,3.872755758321795e-07,0.8421219855585569
-7.803502747252748e-08,-42.19625686813187,3.876934904046229e-07,0.8369972921131156
-7.753640109890111e-08,-42.07160027472528,3.881087671581891e-07,0.8315618759662574
-7.703777472527473e-08,-41.94694368131868,3.88521248613682e-07,0.8258020324019117
-7.653914835164836e-08,-41.82228708791209,3.889307722337105e-07,0.8197109366410458
-7.604052197802198e-08,-41.697630494505496,3.8933717340105875e-07,0.8132869904244537
-7.554189560439561e-08,-41.572973901098905,3.8974028768230566e-07,0.8065325588545247
-7.504326923076924e-08,-41.448317307692314,3.9013995254446066e-07,0.799453003163175
-7.454464285714286e-08,-41.32366071428572,3.905360086523118e-07,0.7920559396007419
-7.40460164835165e-08,-41.19900412087913,3.9092830084416097e-07,0.7843506712679471
-7.354739010989011e-08,-41.07434752747253,3.9131667885991643e-07,0.7763477494730072
-7.304876373626374e-08,-40.949690934065934,3.9170099787959984e-07,0.7680586421421459
-7.255013736263738e-08,-40.82503434065934,3.920811189162975e-07,0.7594954752309109
-7.2051510989011e-08,-40.700377747252745,3.924569090965606e-07,0.7506708354216062
-7.155288461538462e-08,-40.57572115384615,3.928282418547433e-07,0.7415976195728039
-7.105425824175826e-08,-40.45106456043956,3.9319499706073354e-07,0.7322889166705612
-7.055563186813187e-08,-40.32640796703297,3.9355706109653843e-07,0.7227579200408876
-7.00570054945055e-08,-40.20175137362638,3.9391432689272437e-07,0.7130178542514651
-6.955837912087912e-08,-40.07709478021979,3.942666939339328e-07,0.7030819242815285
-6.905975274725276e-08,-39.9524381868132,3.946140682397938e-07,0.6929632685948496
-6.856112637362639e-08,-39.8277815934066,3.9495636232647786e-07,0.6826749288242121
-6.80625e-08,-39.703125,3.9529349515259125e-07,0.6722298184016741
-6.756387362637364e-08,-39.57846840659341,3.956253920522234e-07,0.6616407029595228
-6.706524725274725e-08,-39.45381181318681,3.959519846576685e-07,0.6509201794558266
-6.656662087912089e-08,-39.32915521978022,3.9627321081291704e-07,0.6400806606659779
-6.606799450549452e-08,-39.20449862637363,3.965890144798355e-07,0.6291343620371851
-6.556936813186814e-08,-39.079842032967036,3.968993456376155e-07,0.6180932884154521
-6.507074175824177e-08,-38.955185439560445,3.972041601762692e-07,0.606969223974497
-6.45721153846154e-08,-38.830528846153854,3.9750341978515414e-07,0.595773722737235
-6.407348901098902e-08,-38.705872252747255,3.977970918366186e-07,0.584518098917364
-6.357486263736265e-08,-38.581215659340664,3.9808514926566677e-07,0.5732134208231366
-6.307623626373627e-08,-38.456559065934066,3.9836757044554363e-07,0.5618705010239025
-6.25776098901099e-08,-38.331902472527474,3.9864433905992323e-07,0.5504998925345882
-6.207898351648353e-08,-38.20724587912088,3.989154439721014e-07,0.5391118809931419
-6.158035714285715e-08,-38.082589285714285,3.9918087909108004e-07,0.527716480036757
-6.108173076923078e-08,-37.95793269230769,3.9944064323540204e-07,0.516323427011518
-6.058310439560441e-08,-37.8332760989011,3.996947399944117e-07,0.5049421771285179
-6.008447802197803e-08,-37.70861950549451,3.999431775877417e-07,0.4935819020700285
-5.958585164835165e-08,-37.58396291208792,4.0018596872311036e-07,0.48225148485820735
-5.9087225274725284e-08,-37.45930631868132,4.004231304524358e-07,0.4709595181410457
-5.858859890109891e-08,-37.33464972527473,4.006546840270017e-07,0.4597143021472939
-5.808997252747253e-08,-37.20999313186813,4.008806547515452e-07,0.4485238424896979
-5.759134615384616e-08,-37.08533653846154,4.011010718377315e-07,0.4373958498448649
-5.709271978021979e-08,-36.96067994505495,4.0131596825724886e-07,0.4263377388039999
-5.6594093406593414e-08,-36.83602335164836,4.015253805944985e-07,0.41535662743789886
-5.609546703296704e-08,-36.71136675824176,4.017293488995294e-07,0.40445933862759254
-5.5596840659340664e-08,-36.58671016483517,4.0192791654121526e-07,0.39365239984136036
-5.5098214285714295e-08,-36.46205357142858,4.0212113006078295e-07,0.38294204469382204
-5.459958791208792e-08,-36.33739697802198,4.023090390261659e-07,0.37233421473640194
-5.4100961538461544e-08,-36.21274038461539,4.0249169588721715e-07,0.36183456114516604
-5.360233516483517e-08,-36.088083791208796,4.026691558319998e-07,0.3514484473493009
-5.31037087912088e-08,-35.963427197802204,4.0284147664438834e-07,0.3411809516915796
-5.2605082417582425e-08,-35.838770604395606,4.030087185631457e-07,0.3310368706990033
-5.210645604395605e-08,-35.714114010989015,4.031709441425982e-07,0.321020722268726
-5.1607829670329675e-08,-35.58945741758242,4.0332821811514375e-07,0.3111367498248412
-5.11092032967033e-08,-35.464800824175825,4.03480607255718e-07,0.30138892607380113
-5.061057692307693e-08,-35.34014423076923,4.0362818024828593e-07,0.29178095739214366
-5.0111950549450556e-08,-35.21548763736264,4.037710075546732e-07,0.28231628882598997
-4.961332417582418e-08,-35.090831043956044,4.0390916128567774e-07,0.2729981083339526
-4.9114697802197805e-08,-34.96617445054945,4.0404271507465305e-07,0.2638293524125508
-4.861607142857144e-08,-34.84151785714286,4.0417174395372635e-07,0.25481271113545173
-4.811744505494506e-08,-34.71686126373627,4.0429632423261366e-07,0.24595063354030808
-4.7618818681318686e-08,-34.59220467032967,4.0441653338030767e-07,0.23724533376702542
-4.712019230769231e-08,-34.46754807692308,4.045324499095112e-07,0.22869879606548635
-4.662156593406594e-08,-34.34289148351649,4.046441532640324e-07,0.22031278157487935
-4.612293956043957e-08,-34.2182348901099,4.0475172370920356e-07,0.2120888338131056
-4.562431318681319e-08,-34.0935782967033,4.048552422252647e-07,0.20402828506603501
-4.5125686813186817e-08,-33.9689217032967,4.04954790403872e-07,0.19613226258486022
-4.462706043956045e-08,-33.84426510989011,4.050504503477226e-07,0.18840169491815656
-4.412843406593407e-08,-33.71960851648352,4.0514230457334663e-07,0.1808373183225744
-4.36298076923077e-08,-33.59495192307693,4.052304359170428e-07,0.17343968302276733
-4.313118131868132e-08,-33.470295329670336,4.053149274440217e-07,0.16620915981142997
-4.263255494505495e-08,-33.34563873626374,4.0539586236076604e-07,0.15914594642469204
-4.213392857142858e-08,-33.220982142857146,4.0547332393057335e-07,0.15225007395899048
-4.16353021978022e-08,-33.096325549450555,4.0554739539229045e-07,0.14552141329517027
-4.113667582417583e-08,-32.97166895604396,4.0561815988225215e-07,0.13895968155111807
-4.063804945054945e-08,-32.847012362637365,4.056857003593849e-07,0.13256444837771883
-4.0139423076923084e-08,-32.72235576923077,4.057500995334433e-07,0.1263351422615516
-3.964079670329671e-08,-32.597699175824175,4.0581143979637655e-07,0.12027105679693359
-3.9142170329670334e-08,-32.473042582417584,4.0586980315678293e-07,0.11437135685093797
-3.864354395604396e-08,-32.34838598901099,4.059252711774031e-07,0.10863508462223369
-3.814491758241759e-08,-32.2237293956044,4.0597792491562263e-07,0.10306116567152715
-3.7646291208791215e-08,-32.09907280219781,4.0602784486693314e-07,0.09764841480987863
-3.714766483516484e-08,-31.97441620879121,4.060751109113035e-07,0.09239554190246252
-3.6649038461538464e-08,-31.849759615384617,4.06119802262404e-07,0.08730115754816327
-3.6150412087912096e-08,-31.725103021978025,4.0616199741962893e-07,0.08236377865505592
-3.565178571428572e-08,-31.600446428571434,4.0620177412285917e-07,0.07758183388499139
-3.5153159340659345e-08,-31.475789835164836,4.062392093098999e-07,0.07295366897070418
-3.465453296703297e-08,-31.35113324175824,4.062743790765277e-07,0.06847755189977471
-3.4155906593406595e-08,-31.22647664835165,4.0630735863908476e-07,0.0641516779685401
-3.3657280219780226e-08,-31.10182005494506,4.0633822229954577e-07,0.059974174685561536
-3.315865384615385e-08,-30.977163461538467,4.06367043412992e-07,0.05594310654236439
-3.2660027472527475e-08,-30.852506868131876,4.063938943574169e-07,0.052056479632448034
-3.21614010989011e-08,-30.727850274725274,4.0641884650579504e-07,0.04831224612765962
-3.166277472527473e-08,-30.603193681318682,4.064419702003348e-07,0.04470830859818889
-3.1164148351648356e-08,-30.47853708791209,4.064633347288469e-07,0.04124252419693671
-3.066552197802198e-08,-30.3538804945055,4.0648300830315016e-07,0.03791270867753857
-3.0166895604395606e-08,-30.2292239010989,4.0650105803944036e-07,0.034716640271156195
-2.9668269230769234e-08,-30.104567307692307,4.065175499405464e-07,0.03165206341007447
-2.9169642857142862e-08,-29.979910714285715,4.06532548880003e-07,0.028716692303614583
-2.8671016483516487e-08,-29.855254120879124,4.065461185878586e-07,0.025908214357253847
-2.8172390109890115e-08,-29.730597527472533,4.0655832163814907e-07,0.0232242934492914
-2.767376373626374e-08,-29.605940934065934,4.0656921943796515e-07,0.02066257306468601
-2.7175137362637364e-08,-29.481284340659343,4.0657887221803265e-07,0.018220679263812947
-2.6676510989010992e-08,-29.356627747252748,4.065873390247413e-07,0.015896223531285773
-2.6177884615384617e-08,-29.231971153846157,4.0659467771355095e-07,0.013686805470270982
-2.5679258241758245e-08,-29.107314560439566,4.066009449436955e-07,0.011590015347804914
-2.518063186813187e-08,-28.982657967032967,4.0660619617412814e-07,0.009603436523658592
-2.4682005494505498e-08,-28.858001373626376,4.0661048566062987e-07,0.007724647725433308
-2.4183379120879123e-08,-28.73334478021978,4.066138664540216e-07,0.00595122520055853
-2.368475274725275e-08,-28.60868818681319,4.066163903994094e-07,0.0042807447336268975
-2.3186126373626376e-08,-28.4840315934066,4.066181081364015e-07,0.002710783536630694
-2.2687500000000004e-08,-28.359375000000004,4.0661906910023347e-07,0.001238922020588782
-2.218887362637363e-08,-28.23471840659341,4.06619321523744e-07,-0.00013725456226535104
-2.1690247252747257e-08,-28.110061813186817,4.06618912440133e-07,-0.0014201545904949885
-2.119162087912088e-08,-27.985405219780223,4.066178876864569e-07,-0.0026121786593558036
-2.069299450549451e-08,-27.860748626373628,4.0661629190778974e-07,-0.0037157182839779135
-2.0194368131868134e-08,-27.736092032967036,4.0661416856200974e-07,-0.004733154706516642
-1.969574175824176e-08,-27.61143543956044,4.0661155992514416e-07,-0.005666857810908632
-1.9197115384615387e-08,-27.48677884615385,4.066085070972345e-07,-0.006519185138307007
-1.8698489010989012e-08,-27.362122252747255,4.06605050008661e-07,-0.007292481011074566
-1.819986263736264e-08,-27.23746565934066,4.066012274268788e-07,-0.007989075738348273
-1.7701236263736265e-08,-27.11280906593407,4.065970769635287e-07,-0.008611284925055734
-1.7202609890109893e-08,-26.988152472527474,4.0659263508186417e-07,-0.009161408871825639
-1.6703983516483518e-08,-26.863495879120883,4.0658793710445814e-07,-0.009641732050776284
-1.6205357142857146e-08,-26.73883928571429,4.0658301722114883e-07,-0.01005452267912414
-1.570673076923077e-08,-26.614182692307693,4.0657790849717357e-07,-0.010402032365402315
-1.52081043956044e-08,-26.489526098901102,4.065726428814642e-07,-0.010686495830828348
-1.4709478021978023e-08,-26.364869505494507,4.0656725121506045e-07,-0.010910130714769567
-1.421085164835165e-08,-26.240212912087916,4.0656176323959915e-07,-0.011075137442693799
-1.3712225274725276e-08,-26.11555631868132,4.0655620760585685e-07,-0.011183699169130566
-1.3213598901098902e-08,-25.990899725274726,4.0655061188230175e-07,-0.011237981781069066
-1.2714972527472529e-08,-25.866243131868135,4.0654500256362787e-07,-0.011240133971565473
-1.2216346153846155e-08,-25.74158653846154,4.065394050792397e-07,-0.0111922873683545
-1.1717719780219782e-08,-25.61692994505495,4.065338438016578e-07,-0.011096556719959447
-1.1219093406593408e-08,-25.492273351648354,4.065283420548193e-07,-0.010955040139523527
-1.0720467032967035e-08,-25.36761675824176,4.065229221222424e-07,-0.010769819405663657
-1.0221840659340661e-08,-25.242960164835168,4.0651760525503406e-07,-0.01054296029536603
-9.723214285714287e-09,-25.118303571428577,4.0651241167971553e-07,-0.010276512989741552
-9.224587912087914e-09,-24.99364697802198,4.0650736060584006e-07,-0.009972512503925762
-8.72596153846154e-09,-24.868990384615387,4.065024702333845e-07,-0.00963297916808998
-8.227335164835167e-09,-24.744333791208792,4.064977577598943e-07,-0.009259919151125295
-7.728708791208791e-09,-24.6196771978022,4.064932393873581e-07,-0.008855325011724343
-7.230082417582419e-09,-24.49502060439561,4.0648893032880333e-07,-0.008421176298386443
-6.731456043956045e-09,-24.370364010989015,4.064848448145816e-07,-0.00795944017178861
-6.2328296703296714e-09,-24.24570741758242,4.0648099609834374e-07,-0.007472072064036157
-5.734203296703297e-09,-24.121050824175825,4.064773964626769e-07,-0.006961016363866339
-5.2355769230769234e-09,-23.996394230769234,4.064740572243972e-07,-0.006428207130422661
-4.73695054945055e-09,-23.871737637362642,4.064709887394835e-07,-0.005875568827282212
-4.238324175824176e-09,-23.747081043956044,4.0646820040764164e-07,-0.005305017090847664
-3.739697802197803e-09,-23.622424450549453,4.0646570067647903e-07,-0.004718459499665693
-3.241071428571429e-09,-23.497767857142858,4.0646349704530343e-07,-0.004117796382022989
-2.742445054945055e-09,-23.373111263736266,4.0646159606850503e-07,-0.0035049216272022075
-2.2438186813186815e-09,-23.248454670329675,4.064600033585448e-07,-0.0028817235113873098
-1.745192307692308e-09,-23.123798076923077,4.0645872358852445e-07,-0.0022500855487069217
-1.2465659340659342e-09,-22.999141483516485,4.0645776049432973e-07,-0.0016118873370000802
-7.479395604395606e-10,-22.874484890109894,4.0645711687636265e-07,-0.0009690054176988501
-2.4931318681318684e-10,-22.7498282967033,4.064567946008365e-07,-0.0003233141519615632
2.4931318681318684e-10,-22.625171703296708,4.0645679460063786e-07,0.00032331341512383595
7.479395604395606e-10,-22.50051510989011,4.0645711687576697e-07,0.0009690046819866333
1.2465659340659342e-09,-22.375858516483518,4.0645776049333796e-07,0.001611886601579772
1.745192307692308e-09,-22.251201923076927,4.0645872358713595e-07,0.0022500848129796266
2.2438186813186815e-09,-22.126545329670332,4.0646000335676e-07,0.002881722776776298
2.742445054945055e-09,-22.001888736263737,4.0646159606632466e-07,0.0035049208936193984
3.241071428571429e-09,-21.877232142857146,4.064634970427275e-07,0.004117795649668454
3.739697802197803e-09,-21.75257554945055,4.064657006735089e-07,0.004718458769998469
4.238324175824176e-09,-21.62791895604396,4.0646820040427866e-07,0.005305016363589387
4.73695054945055e-09,-21.503262362637365,4.0647098873572906e-07,0.005875568101736741
5.2355769230769234e-09,-21.37860576923077,4.0647405722025113e-07,0.006428206406792424
5.734203296703297e-09,-21.25394917582418,4.0647739645814117e-07,0.0069610156446352905
6.2328296703296714e-09,-21.129292582417584,4.0648099609342163e-07,0.007472071350444401
6.731456043956045e-09,-21.004635989010993,4.0648484480927504e-07,0.007959439462565167
7.230082417582419e-09,-20.879979395604398,4.0648893032311455e-07,0.008421175594288106
7.728708791208791e-09,-20.755322802197803,4.064932393812903e-07,0.008855324313848228
8.227335164835167e-09,-20.63066620879121,4.064977577534504e-07,0.009259918460493042
8.72596153846154e-09,-20.506009615384617,4.06502470226569e-07,0.009632978486292076
9.224587912087914e-09,-20.381353021978025,4.065073605986566e-07,0.009972511830707123
9.723214285714287e-09,-20.25669642857143,4.065124116721699e-07,0.01027651232802916
1.0221840659340661e-08,-20.132039835164836,4.065176052471316e-07,0.010542959645245152
1.0720467032967035e-08,-20.007383241758244,4.06522922113989e-07,0.010769818767947211
1.1219093406593408e-08,-19.88272664835165,4.0652834204622274e-07,0.010955039518021032
1.1717719780219782e-08,-19.75807005494506,4.065338437927249e-07,0.011096556112900374
1.2216346153846155e-08,-19.633413461538463,4.065394050699795e-07,0.011192286779701537
1.2714972527472529e-08,-19.50875686813187,4.0654500255404915e-07,0.01124013340246058
1.3213598901098902e-08,-19.384100274725277,4.0655061187241566e-07,0.01123798123399064
1.3712225274725276e-08,-19.259443681318686,4.0655620759567323e-07,0.011183698643583276
1.421085164835165e-08,-19.13478708791209,4.0656176322913093e-07,0.01107513694421114
1.4709478021978023e-08,-19.010130494505496,4.065672512043209e-07,0.010910130243375244
1.52081043956044e-08,-18.8854739010989,4.065726428704675e-07,0.010686495389136427
1.570673076923077e-08,-18.76081730769231,4.065779084859352e-07,0.01040203195577777
1.6205357142857146e-08,-18.63616071428572,4.065830172096855e-07,0.010054522304176942
1.6703983516483518e-08,-18.511504120879124,4.065879370927878e-07,0.009641731711528698
1.7202609890109893e-08,-18.38684752747253,4.065926350700038e-07,0.009161408571406677
1.7701236263736265e-08,-18.262190934065934,4.065970769515019e-07,0.00861128467036232
1.819986263736264e-08,-18.137534340659343,4.0660122741470527e-07,0.007989075525407775
1.8698489010989012e-08,-18.01287774725275,4.066050499963648e-07,0.0072924808468280925
1.9197115384615387e-08,-17.888221153846157,4.0660850708483903e-07,0.006519185022380693
1.969574175824176e-08,-17.763564560439562,4.066115599126744e-07,0.005666857747710757
2.0194368131868134e-08,-17.638907967032967,4.066141685494939e-07,0.0047331547000443955
2.069299450549451e-08,-17.514251373626376,4.066162918952562e-07,0.0037157183350781573
2.119162087912088e-08,-17.389594780219785,4.066178876739345e-07,0.0026121787709476717
2.1690247252747257e-08,-17.264938186813186,4.0661891242765327e-07,0.0014201547657845314
2.218887362637363e-08,-17.140281593406595,4.066193215113394e-07,0.00013725480430636547
2.2687500000000004e-08,-17.015625,4.066190690879381e-07,-0.0012389217097853328
2.3186126373626376e-08,-16.89096840659341,4.066181081242501e-07,-0.0027107831544100273
2.368475274725275e-08,-16.766311813186817,4.066163903874386e-07,-0.004280744277885118
2.4183379120879123e-08,-16.641655219780223,4.0661386644226804e-07,-0.005951224669766078
2.4682005494505498e-08,-16.516998626373628,4.066104856491321e-07,-0.007724647115844182
2.518063186813187e-08,-16.392342032967036,4.066061961629261e-07,-0.00960343583361504
2.5679258241758245e-08,-16.26768543956044,4.0660094493282975e-07,-0.01159001457579737
2.6177884615384617e-08,-16.14302884615385,4.0659467770306267e-07,-0.01368680461602611
2.6676510989010992e-08,-16.018372252747255,4.0658733901467207e-07,-0.015896222591598674
2.7175137362637364e-08,-15.89371565934066,4.0657887220842587e-07,-0.018220678237260955
2.767376373626374e-08,-15.76905906593407,4.065692194288642e-07,-0.02066257195112317
2.8172390109890115e-08,-15.644402472527473,4.065583216295975e-07,-0.023224292249085753
2.8671016483516487e-08,-15.519745879120881,4.065461185798999e-07,-0.025908213068714367
2.9169642857142862e-08,-15.395089285714288,4.065325488726816e-07,-0.02871669092665909
2.9668269230769234e-08,-15.270432692307693,4.06517549933906e-07,-0.031652061947403165
3.0166895604395606e-08,-15.145776098901102,4.0650105803352405e-07,-0.03471663872087067
3.066552197802198e-08,-15.021119505494505,4.0648300829800147e-07,-0.03791270704150424
3.1164148351648356e-08,-14.896462912087914,4.0646333472450807e-07,-0.04124252247774879
3.166277472527473e-08,-14.77180631868132,4.06441970196847e-07,-0.044708306798558195
3.21614010989011e-08,-14.647149725274728,4.064188465031984e-07,-0.0483122442473151
3.2660027472527475e-08,-14.522493131868133,4.063938943557506e-07,-0.0520564776779321
3.315865384615385e-08,-14.39783653846154,4.063670434122925e-07,-0.05594310451513681
3.3657280219780226e-08,-14.273179945054947,4.0633822229984864e-07,-0.05997417259071967
3.4155906593406595e-08,-14.148523351648354,4.063073586404227e-07,-0.06415167581023518
3.465453296703297e-08,-14.02386675824176,4.062743790789312e-07,-0.06847754968451095
3.5153159340659345e-08,-13.899210164835166,4.062392093133963e-07,-0.07295366670312314
3.565178571428572e-08,-13.774553571428573,4.062017741274734e-07,-0.07758183157178329
3.6150412087912096e-08,-13.64989697802198,4.061619974253815e-07,-0.08236377630620065
3.6649038461538464e-08,-13.525240384615387,4.061198022693123e-07,-0.08730115516572834
3.714766483516484e-08,-13.400583791208794,4.0607511091938125e-07,-0.09239553950101714
3.7646291208791215e-08,-13.275927197802199,4.060278448761882e-07,-0.09764841239636587
3.814491758241759e-08,-13.151270604395606,4.0597792492605977e-07,-0.1030611632524285
3.864354395604396e-08,-13.026614010989013,4.059252711890213e-07,-0.1086350822157381
3.9142170329670334e-08,-12.90195741758242,4.05869803169575e-07,-0.11437135446073231
3.964079670329671e-08,-12.777300824175827,4.0581143981033073e-07,-0.12027105444080718
4.0139423076923084e-08,-12.652644230769232,4.057500995485411e-07,-0.12633513994524614
4.063804945054945e-08,-12.52798763736264,4.056857003756029e-07,-0.13256444611840404
4.113667582417583e-08,-12.403331043956046,4.0561815989955904e-07,-0.1389596793631234
4.16353021978022e-08,-12.278674450549453,4.0554739541064724e-07,-0.14552141119369627
4.213392857142858e-08,-12.154017857142858,4.0547332394993546e-07,-0.15225007195057097
4.263255494505495e-08,-12.029361263736266,4.0539586238107905e-07,-0.15914594454715014
4.313118131868132e-08,-11.904704670329673,4.053149274652255e-07,-0.16620915804091024
4.36298076923077e-08,-11.780048076923078,4.052304359390717e-07,-0.1734396814161057
4.412843406593407e-08,-11.655391483516485,4.051423045961207e-07,-0.18083731687117433
4.462706043956045e-08,-11.53073489010989,4.0505045037115595e-07,-0.18840169366321755
4.5125686813186817e-08,-11.4060782967033,4.049547904278687e-07,-0.19613226151530347
4.562431318681319e-08,-11.281421703296704,4.048552422497256e-07,-0.2040282842125455
4.612293956043957e-08,-11.156765109890111,4.0475172373401707e-07,-0.21208883319658187
4.662156593406594e-08,-11.032108516483518,4.046441532890771e-07,-0.22031278120914088
4.712019230769231e-08,-10.907451923076925,4.045324499346537e-07,-0.22869879598735707
4.7618818681318686e-08,-10.782795329670332,4.044165334054152e-07,-0.23724533393411987
4.811744505494506e-08,-10.658138736263737,4.042963242575358e-07,-0.24595063407615583
4.861607142857144e-08,-10.533482142857144,4.0417174397830164e-07,-0.2548127119425858
4.9114697802197805e-08,-10.408825549450551,4.0404271509872636e-07,-0.26382935358021015
4.961332417582418e-08,-10.284168956043958,4.039091613090667e-07,-0.2729981098763094
5.0111950549450556e-08,-10.159512362637365,4.0377100757719675e-07,-0.2823162907188926
5.061057692307693e-08,-10.03485576923077,4.0362818026975965e-07,-0.2917809596804914
5.11092032967033e-08,-9.910199175824179,4.03480607275938e-07,-0.30138892878963625
5.1607829670329675e-08,-9.785542582417584,4.033282181339032e-07,-0.31113675294173454
5.210645604395605e-08,-9.66088598901099,4.031709441596837e-07,-0.32102072584716446
5.2605082417582425e-08,-9.536229395604398,4.0300871857834066e-07,-0.3310368746863203
5.31037087912088e-08,-9.411572802197803,4.028414766574747e-07,-0.3411809561490576
5.360233516483517e-08,-9.286916208791212,4.026691558427349e-07,-0.3514484523131741
5.4100961538461544e-08,-9.162259615384617,4.0249169589537175e-07,-0.36183456652484236
5.459958791208792e-08,-9.037603021978024,4.023090390315109e-07,-0.3723342206255611
5.5098214285714295e-08,-8.912946428571429,4.0212113006305983e-07,-0.38294205111828356
5.5596840659340664e-08,-8.788289835164838,4.0192791654018357e-07,-0.3936524066898927
5.609546703296704e-08,-8.663633241758243,4.017293488949552e-07,-0.40445934599898725
5.6594093406593414e-08,-8.53897664835165,4.0152538058611085e-07,-0.41535663538269235
5.709271978021979e-08,-8.414320054945057,4.013159682448287e-07,-0.4263377470406962
5.759134615384616e-08,-8.289663461538463,4.0110107182104294e-07,-0.43739585876252407
5.808997252747253e-08,-8.16500686813187,4.008806547303e-07,-0.4485238518762391
5.858859890109891e-08,-8.040350274725276,4.0065468400099217e-07,-0.45971431189836204
5.9087225274725284e-08,-7.9156936813186825,4.004231304214464e-07,-0.4709595284043312
5.958585164835165e-08,-7.79103708791209,4.0018596868690356e-07,-0.48225149556200697
6.008447802197803e-08,-7.666380494505496,3.9994317754610136e-07,-0.49358191320993866
6.058310439560441e-08,-7.541723901098901,3.9969473994711205e-07,-0.5049421887450684
6.108173076923078e-08,-7.417067307692309,3.994406431822639e-07,-0.5163234388660703
6.158035714285715e-08,-7.292410714285717,3.9918087903193994e-07,-0.5277164923242857
6.207898351648353e-08,-7.167754120879121,3.989154439067708e-07,-0.539111893609349
6.25776098901099e-08,-7.043097527472529,3.9864433898823836e-07,-0.5504999054865617
6.307623626373627e-08,-6.918440934065937,3.9836757036738144e-07,-0.5618705141364322
6.357486263736265e-08,-6.793784340659341,3.980851491809173e-07,-0.5732134342270754
6.407348901098902e-08,-6.669127747252749,3.977970917451539e-07,-0.584518112556673
6.45721153846154e-08,-6.544471153846154,3.975034196869145e-07,-0.5957737363791442
6.507074175824177e-08,-6.419814560439562,3.9720416007120936e-07,-0.6069692378166711
6.556936813186814e-08,-6.29515796703297,3.9689934552569927e-07,-0.6180933022105509
6.606799450549452e-08,-6.170501373626374,3.9658901436109497e-07,-0.6291343757599154
6.656662087912089e-08,-6.045844780219782,3.962732106873603e-07,-0.6400806744422308
6.706524725274725e-08,-5.92118818681319,3.9595198452533904e-07,-0.6509201930176731
6.756387362637364e-08,-5.796531593406594,3.95625391913241e-07,-0.6616407162673549
6.80625e-08,-5.671875000000003,3.952934950071091e-07,-0.672229831365052
6.856112637362639e-08,-5.547218406593407,3.949563621746699e-07,-0.6826749414520018
6.905975274725276e-08,-5.422561813186815,3.9461406808185615e-07,-0.6929632807854026
6.955837912087912e-08,-5.2979052197802226,3.942666937701654e-07,-0.7030819357168034
7.00570054945055e-08,-5.173248626373627,3.93914326723432e-07,-0.7130178652465584
7.055563186813187e-08,-5.048592032967035,3.9355706092207976e-07,-0.7227579300286842
7.105425824175826e-08,-4.92393543956044,3.931949968815607e-07,-0.7322889258778851
7.155288461538462e-08,-4.799278846153848,3.928282416713953e-07,-0.7415976273799229
7.2051510989011e-08,-4.674622252747255,3.9245690890968963e-07,-0.7506708420211958
7.255013736263738e-08,-4.54996565934066,3.920811187265091e-07,-0.7594954806042026
7.304876373626374e-08,-4.4253090659340675,3.917009976877198e-07,-0.7680586453801831
7.354739010989011e-08,-4.300652472527475,3.9131667866690007e-07,-0.7763477509943171
7.40460164835165e-08,-4.1759958791208796,3.9092830065113053e-07,-0.7843506699015762
7.454464285714286e-08,-4.051339285714287,3.905360084605953e-07,-0.7920559357356355
7.504326923076924e-08,-3.9266826923076925,3.901399523554783e-07,-0.7994529959600202
7.554189560439561e-08,-3.8020260989011003,3.8974028749786604e-07,-0.8065325475757344
7.604052197802198e-08,-3.677369505494508,3.8933717322321545e-07,-0.8132869747772172
7.653914835164836e-08,-3.5527129120879124,3.889307720648673e-07,-0.8197109154646532
7.703777472527473e-08,-3.4280563186813207,3.8852124845670324e-07,-0.8258020049691875
7.753640109890111e-08,-3.303399725274725,3.881087670164062e-07,-0.8315618410680075
7.803502747252748e-08,-3.1787431318681327,3.876934902818249e-07,-0.8369972491054352
7.853365384615385e-08,-3.0540865384615405,3.8727557573272617e-07,-0.8421219327468941
7.903228021978023e-08,-2.9294299450549453,3.868551718776357e-07,-0.846958640157092
7.95309065934066e-08,-2.804773351648353,3.86432413113485e-07,-0.8515420094310063
8.002953296703297e-08,-2.680116758241761,3.8600741296977203e-07,-0.8559223217005257
8.052815934065935e-08,-2.5554601648351656,3.8558025521725094e-07,-0.8601704706160853
8.102678571428572e-08,-2.4308035714285734,3.8515098214157287e-07,-0.8643845697547399
8.15254120879121e-08,-2.306146978021978,3.8471957903491256e-07,-0.8686987787162735
8.202403846153847e-08,-2.181490384615386,3.842859536135167e-07,-0.8732951592351638
8.252266483516484e-08,-2.0568337912087937,3.838499085845199e-07,-0.8784196903338778
8.302129120879122e-08,-1.9321771978021982,3.834111048884207e-07,-0.8844040865733191
8.351991758241759e-08,-1.807520604395606,3.829690121160122e-07,-0.8916958567963139
8.401854395604397e-08,-1.6828640109890105,3.825228410341116e-07,-0.9009003074444416
8.451717032967034e-08,-1.5582074175824183,3.8207145068827573e-07,-0.9128403799985354
8.501579670329671e-08,-1.4335508241758261,3.81613218377514e-07,-0.9286450166541219
8.551442307692309e-08,-1.3088942307692308,3.8114585291986e-07,-0.9498869103779252
8.601304945054946e-08,-1.1842376373626387,3.806661152510653e-07,-0.9788157225780372
8.651167582417583e-08,-1.0595810439560465,3.8016937006885694e-07,-1.0188108438815362
8.701030219780221e-08,-0.9349244505494511,3.7964878724182567e-07,-1.075401011138401
8.750892857142858e-08,-0.8102678571428589,3.790936513477229e-07,-1.1591752280273675
8.800755494505496e-08,-0.6856112637362635,3.784849477470162e-07,-1.2943282920483978
8.850618131868133e-08,-0.5609546703296713,3.771278263508425e-07,33.8018573491763
8.90048076923077e-08,-0.43629807692307915,3.694351416868453e-07,44.18238916608535
8.950343406593408e-08,-0.3116414835164837,3.931469990262445e-07,11.031217046207528
9.000206043956045e-08,-0.18698489010989153,4.1432824338921795e-07,13.587380413823617
9.050068681318682e-08,-0.06232829670329938,4.2968184083307297e-07,5.003797776577469
9.09993131868132e-08,0.06232829670329607,4.2867830977961104e-07,-9.038543420925661
9.149793956043957e-08,0.18698489010988822,4.1159173959722864e-07,-16.43788411206052
9.199656593406595e-08,0.3116414835164837,3.8935442555392354e-07,-12.182985193360881
9.249519230769232e-08,0.4362980769230758,3.6525898645821317e-07,-44.30706600105814
9.299381868131869e-08,0.560954670329668,3.7306214581345485e-07,-33.69271377324789
9.349244505494507e-08,0.6856112637362635,3.745770008831755e-07,1.60100984318127
9.399107142857144e-08,0.8102678571428555,3.7534025658619143e-07,1.464615731357032
9.448969780219782e-08,0.9349244505494511,3.7604912620769003e-07,1.3797287464689227
9.498832417582419e-08,1.0595810439560431,3.76722768859394e-07,1.322351092689046
9.548695054945056e-08,1.1842376373626353,3.7737198969923143e-07,1.28154118637212
9.598557692307694e-08,1.3088942307692308,3.7800357197463365e-07,1.2515741811723002
9.648420329670331e-08,1.433550824175823,3.78622042957869e-07,1.2290041727284533
9.698282967032968e-08,1.558207417582415,3.7923052278214623e-07,1.2116015374092362
9.748145604395606e-08,1.6828640109890105,3.7983120493150284e-07,1.1978607192369128
9.798008241758243e-08,1.8075206043956027,3.8042565195617375e-07,1.1867411171101105
9.847870879120881e-08,1.9321771978021982,3.810149882058632e-07,1.1775127557333869
9.897733516483518e-08,2.05683379120879,3.816000295346071e-07,1.1696583579321727
9.947596153846155e-08,2.1814903846153824,3.8218137246889653e-07,1.1628086746733202
9.997458791208793e-08,2.306146978021978,3.8275945642738493e-07,1.1566986119449691
1.004732142857143e-07,2.43080357142857,3.83334607617696e-07,1.151136982105862
1.0097184065934068e-07,2.5554601648351656,3.839070702692154e-07,1.1459853816824332
1.0147046703296705e-07,2.6801167582417578,3.844770289877488e-07,1.1411432572325055
1.0196909340659342e-07,2.80477335164835,3.850446248117476e-07,1.1365372405754721
1.024677197802198e-07,2.9294299450549453,3.856099667611958e-07,1.1321134880857995
1.0296634615384617e-07,3.0540865384615374,3.8617314014086214e-07,1.1278321461110987
1.0346497252747253e-07,3.1787431318681296,3.867342124972904e-07,1.1236633482137415
1.0396359890109892e-07,3.303399725274725,3.8729323787783897e-07,1.119584319204678
1.0446222527472528e-07,3.428056318681317,3.878502598623186e-07,1.1155772891373257
1.0496085164835167e-07,3.5527129120879124,3.8840531371140393e-07,1.1116279998385812
1.0545947802197804e-07,3.6773695054945046,3.8895842788370293e-07,1.1077246454930736
1.059581043956044e-07,3.8020260989010968,3.8950962510630127e-07,1.1038571321957757
1.0645673076923079e-07,3.9266826923076925,3.9005892313389574e-07,1.1000165685696686
1.0695535714285715e-07,4.051339285714285,3.906063352943935e-07,1.0961949234198691
1.0745398351648352e-07,4.175995879120877,3.9115187089174936e-07,1.0923848037911221
1.079526098901099e-07,4.300652472527472,3.9169553551652333e-07,1.0885793171198905
1.0845123626373627e-07,4.425309065934064,3.9223733129943994e-07,1.0847719916675336
1.0894986263736266e-07,4.54996565934066,3.92777257132624e-07,1.0809567377625091
1.0944848901098902e-07,4.674622252747252,3.93315308875329e-07,1.0771278353954756
1.0994711538461539e-07,4.799278846153844,3.9385147955530735e-07,1.073279939593565
1.1044574175824177e-07,4.92393543956044,3.9438575957324426e-07,1.0694080970080866
1.1094436813186814e-07,5.048592032967032,3.949181369146346e-07,1.065507767963511
1.1144299450549452e-07,5.173248626373627,3.954485973718604e-07,1.0615748531150198
1.1194162087912089e-07,5.297905219780219,3.959771247777369e-07,1.0576057196751922
1.1244024725274726e-07,5.422561813186811,3.965037012510369e-07,1.0535972292672229
1.1293887362637364e-07,5.547218406593407,3.9702830745393126e-07,1.0495467632064641
1.1343750000000001e-07,5.671874999999999,3.9755092286085787e-07,1.045452247618717
1.1393612637362638e-07,5.796531593406591,3.9807152603812177e-07,1.041312175154363
1.1443475274725276e-07,5.921188186813186,3.985900949332355e-07,1.037125625662113
1.1493337912087913e-07,6.045844780219778,3.9910660717308394e-07,1.032892283772371
1.1543200549450551e-07,6.170501373626374,3.996210403700717e-07,1.0286124555901826
1.1593063186813188e-07,6.295157967032966,4.0013337243508157e-07,1.0242870811968559
1.1642925824175825e-07,6.4198145604395584,4.0064358189578714e-07,1.0199177452883392
1.1692788461538463e-07,6.544471153846154,4.011516482198961e-07,1.0155066875215517
1.17426510989011e-07,6.669127747252746,4.016575521419336e-07,1.0110568074510609
1.1792513736263738e-07,6.793784340659341,4.021612759922686e-07,1.0065716694614053
1.1842376373626375e-07,6.918440934065933,4.026628040276236e-07,1.0020555042989394
1.1892239010989012e-07,7.043097527472526,4.0316212276196695e-07,0.9975132095855149
1.194210164835165e-07,7.167754120879121,4.036592212967104e-07,0.992950346950677
1.1991964285714287e-07,7.2924107142857135,4.041540916494854e-07,0.9883731394286311
1.2041826923076924e-07,7.417067307692306,4.046467290798612e-07,0.9837884619246572
1.209168956043956e-07,7.541723901098898,4.051371324119974e-07,0.979203838454079
1.21415521978022e-07,7.666380494505496,4.0562530435315104e-07,0.9746274283992499
1.2191414835164837e-07,7.7910370879120885,4.061112518068518e-07,0.9700680188370135
1.2241277472527474e-07,7.915693681318681,4.0659498618013984e-07,0.9655350082519194
1.229114010989011e-07,8.040350274725274,4.070765236851561e-07,0.9610384000662331
1.2341002747252748e-07,8.165006868131865,4.075558856330574e-07,0.9565887782326733
1.2390865384615387e-07,8.289663461538463,4.0803309872061883e-07,0.9521973020664398
1.2440728021978024e-07,8.414320054945057,4.085081953092391e-07,0.9478756809437974
1.249059065934066e-07,8.538976648351648,4.08981213695056e-07,0.9436361634973995
1.2540453296703298e-07,8.663633241758241,4.094521983704904e-07,0.939491514112922
1.2590315934065935e-07,8.788289835164832,4.0992120027720193e-07,0.9354550015523183
1.2640178571428574e-07,8.91294642857143,4.103882770488154e-07,0.9315403693163037
1.269004120879121e-07,9.037603021978024,4.108534932448225e-07,0.9277618294471489
1.2739903846153848e-07,9.162259615384615,4.113169205742736e-07,0.9241340277816925
1.2789766483516485e-07,9.286916208791208,4.117786381093751e-07,0.9206720378032972
1.2839629120879122e-07,9.4115728021978,4.12238732489268e-07,0.9173913273537337
1.2889491758241759e-07,9.536229395604392,4.126972981123435e-07,0.9143077455760171
1.2939354395604398e-07,9.66088598901099,4.131544373196567e-07,0.9114375001636026
1.2989217032967035e-07,9.785542582417582,4.136102605656883e-07,0.908797129065533
1.3039079670329672e-07,9.910199175824175,4.1406488657882587e-07,0.9064034873378264
1.3088942307692309e-07,10.034855769230766,4.145184425113588e-07,0.9042737179961046
1.3138804945054945e-07,10.15951236263736,4.1497106407665247e-07,0.9024252295137775
1.3188667582417585e-07,10.284168956043958,4.154228956755097e-07,0.90087567468891
1.3238530219780222e-07,10.408825549450551,4.158740905105968e-07,0.8996429236346924
1.328839285714286e-07,10.533482142857142,4.163248106885637e-07,0.8987450412512915
1.3338255494505496e-07,10.658138736263734,4.1677522731030025e-07,0.8982002617946434
1.3388118131868132e-07,10.782795329670327,4.172255205467937e-07,0.8980269563991587
1.3437980769230772e-07,10.907451923076925,4.1767587970422864e-07,0.8982436220060657
1.348784340659341e-07,11.032108516483518,4.1812650327504506e-07,0.8988688359521538
1.3537706043956046e-07,11.15676510989011,4.1857759897475175e-07,0.8999212438502814
1.3587568681318683e-07,11.281421703296703,4.190293837644422e-07,0.9014195141566147
1.363743131868132e-07,11.406078296703294,4.194820838617562e-07,0.9033823368081593
1.368729395604396e-07,11.530734890109892,4.199359347348587e-07,0.9058283563825751
1.3737156593406596e-07,11.655391483516485,4.203911810803373e-07,0.9087761738565977
1.3787019230769233e-07,11.780048076923077,4.208480767902017e-07,0.9122443009974137
1.383688186813187e-07,11.90470467032967,4.2130688489944214e-07,0.9162511275856976
1.3886744505494506e-07,12.029361263736261,4.217678775182303e-07,0.920814892249217
1.3936607142857143e-07,12.154017857142854,4.222313357497687e-07,0.9259536537342702
1.3986469780219783e-07,12.278674450549453,4.226975495896825e-07,0.9316852452715844
1.403633241758242e-07,12.403331043956044,4.2316681780851533e-07,0.9380272520406391
1.4086195054945056e-07,12.527987637362637,4.2363944781903814e-07,0.9449969724591417
1.4136057692307693e-07,12.652644230769228,4.241157555230184e-07,0.9526113741650225
1.418592032967033e-07,12.777300824175821,4.2459606514248126e-07,0.9608870754117279
1.423578296703297e-07,12.90195741758242,4.25080709032743e-07,0.9698402902562698
1.4285645604395607e-07,13.026614010989011,4.255700274759256e-07,0.9794868046672833
1.4335508241758243e-07,13.151270604395604,4.260643684580597e-07,0.9898419342397416
1.438537087912088e-07,13.275927197802195,4.265640874255933e-07,1.0009204835194268
1.4435233516483517e-07,13.400583791208788,4.2706954702525807e-07,1.0127367195076944
1.4485096153846157e-07,13.525240384615387,4.2758111682362196e-07,1.0253043163877185
1.4534958791208793e-07,13.64989697802198,4.280991730097724e-07,1.0386363426772043
1.458482142857143e-07,13.774553571428571,4.286240980778228e-07,1.052745192892747
1.4634684065934067e-07,13.899210164835164,4.2915628049141894e-07,1.0676425832061784
1.4684546703296704e-07,14.023866758241756,4.2969611433095507e-07,1.0833394862032861
1.4734409340659344e-07,14.148523351648354,4.302439989210996e-07,1.099846116691889
1.478427197802198e-07,14.273179945054947,4.308003384417766e-07,1.117171879283639
1.4834134615384617e-07,14.397836538461538,4.313655415203253e-07,1.1353253449200331
1.4883997252747254e-07,14.522493131868131,4.3194002080886856e-07,1.1543142147067005
1.493385989010989e-07,14.647149725274723,4.3252419254343513e-07,1.1741452826156786
1.498372252747253e-07,14.771806318681321,4.3311847608704516e-07,1.194824408089105
1.5033585164835167e-07,14.896462912087914,4.3372329345882745e-07,1.2163564871665833
1.5083447802197804e-07,15.021119505494505,4.343390688476793e-07,1.2387454190504223
1.513331043956044e-07,15.145776098901099,4.3496622811222325e-07,1.2619940843194344
1.5183173076923078e-07,15.27043269230769,4.3560519826820517e-07,1.286104316075168
1.5233035714285715e-07,15.395089285714283,4.362564069643666e-07,1.3110768823296997
1.5282898351648354e-07,15.519745879120881,4.369202819466798e-07,1.3369114567483942
1.533276098901099e-07,15.644402472527473,4.375972505135538e-07,1.36360661143242
1.5382623626373628e-07,15.769059065934066,4.38287738962548e-07,1.3911597899497161
1.5432486263736265e-07,15.893715659340657,4.3899217202929694e-07,1.4195673028553006
1.5482348901098902e-07,16.01837225274725,4.397109723211536e-07,1.4488243108722842
1.553221153846154e-07,16.14302884615385,4.404445597468797e-07,1.4789248257151957
1.5582074175824178e-07,16.26768543956044,4.4119335094203624e-07,1.5098616919665628
1.5631936813186815e-07,16.392342032967033,4.41957758693819e-07,1.5416266028411436
1.5681799450549452e-07,16.516998626373624,4.427381913663206e-07,1.5742100861792296
1.573166208791209e-07,16.641655219780215,4.435350523271445e-07,1.6076015237681271
1.5781524725274728e-07,16.766311813186817,4.443487393778957e-07,1.6417891476742525
1.5831387362637365e-07,16.89096840659341,4.4517964418863884e-07,1.6767600598130445
1.5881250000000002e-07,17.015625,4.4602815174211494e-07,1.7125002516059613
1.593111263736264e-07,17.14028159340659,4.4689463978344856e-07,1.7489946065086768
1.5980975274725276e-07,17.264938186813186,4.4777947828188803e-07,1.7862269458066822
1.6030837912087915e-07,17.389594780219785,4.4868302890597547e-07,1.8241800369354673
1.6080700549450552e-07,17.514251373626376,4.4960564451053263e-07,1.862835632727002
1.613056318681319e-07,17.638907967032967,4.5054766864039405e-07,1.9021744996052437
1.6180425824175826e-07,17.76356456043956,4.515094350523226e-07,1.9421764625646736
1.6230288461538463e-07,17.888221153846153,4.524912672551661e-07,1.9828204337312367
1.62801510989011e-07,18.012877747252745,4.5349347807093656e-07,2.0240844680064622
1.633001373626374e-07,18.137534340659343,4.545163692195508e-07,2.065945802766493
1.6379876373626376e-07,18.262190934065934,4.5556023092554133e-07,2.108380906683747
1.6429739010989013e-07,18.386847527472526,4.566253415517254e-07,2.1513655394704334
1.647960164835165e-07,18.51150412087912,4.577119672591818e-07,2.1948747981843595
1.6529464285714287e-07,18.63616071428571,4.588203616951464e-07,2.2388831833673946
1.6579326923076926e-07,18.76081730769231,4.599507657104233e-07,2.283364651888376
1.6629189560439563e-07,18.8854739010989,4.6110340710668167e-07,2.328292684510842
1.66790521978022e-07,19.010130494505493,4.622785004151935e-07,2.373640345059855
1.6728914835164837e-07,19.134787087912088,4.634762467081215e-07,2.419380352412541
1.6778777472527473e-07,19.25944368131868,4.6469683344212407e-07,2.465485138813502
1.6828640109890113e-07,19.384100274725277,4.6594043433494863e-07,2.511926924511638
1.687850274725275e-07,19.50875686813187,4.672072092767549e-07,2.5586777831230174
1.6928365384615387e-07,19.633413461538463,4.684973042753518e-07,2.605709712997874
1.6978228021978024e-07,19.758070054945055,4.698108514347721e-07,2.6529947002836147
1.702809065934066e-07,19.882726648351646,4.711479689693211e-07,2.7005047988469295
1.70779532967033e-07,20.007383241758244,4.7250876125151457e-07,2.7482121870445537
1.7127815934065937e-07,20.132039835164836,4.7389331889306467e-07,2.79608924420626
1.7177678571428574e-07,20.25669642857143,4.75301718860789e-07,2.8441086149632593
1.722754120879121e-07,20.381353021978022,4.767340246240328e-07,2.8922432720620352
1.7277403846153847e-07,20.506009615384613,4.781902863351645e-07,2.9404665868906346
1.7327266483516487e-07,20.63066620879121,4.796705410416764e-07,2.988752386464235
1.7377129120879124e-07,20.755322802197803,4.811748129279866e-07,3.0370750162407716
1.742699175824176e-07,20.879979395604398,4.827031135871442e-07,3.0854093979331427
1.7476854395604397e-07,21.00463598901099,4.842554423208132e-07,3.1337310857816822
1.7526717032967034e-07,21.12929258241758,4.858317864659821e-07,3.1820163181147336
1.757657967032967e-07,21.25394917582417,4.874321217472646e-07,3.2302420690397495
1.762644230769231e-07,21.37860576923077,4.890564126530828e-07,3.2783860931384643
1.7676304945054948e-07,21.503262362637365,4.907046128347015e-07,3.3264269729642217
1.7726167582417584e-07,21.627918956043956,4.923766655257529e-07,3.3743441542719497
1.777603021978022e-07,21.752575549450547,4.94072503980811e-07,3.422117987666377
1.7825892857142858e-07,21.87723214285714,4.95792051931594e-07,3.46972975812595
1.7875755494505498e-07,22.001888736263737,4.975352240582295e-07,3.517161716289649
1.7925618131868135e-07,22.126545329670332,4.993019264746403e-07,3.5643971042021407
1.7975480769230771e-07,22.251201923076923,5.010920572251281e-07,3.6114201748031474
1.8025343406593408e-07,22.375858516483515,5.029055067912805e-07,3.6582162141389873
1.8075206043956045e-07,22.500515109890106,5.0474215860663e-07,3.7047715505049337
1.8125068681318685e-07,22.625171703296708,5.066018895769511e-07,3.751073568113169
1.8174931318681321e-07,22.7498282967033,5.084845706051988e-07,3.797110712214771
1.8224793956043958e-07,22.87448489010989,5.103900671182672e-07,3.8428724914000805
1.8274656593406595e-07,22.999141483516482,5.123182395941239e-07,3.888349476890774
1.8324519230769232e-07,23.123798076923077,5.142689440875693e-07,3.9335332977627733
1.8374381868131872e-07,23.248454670329675,5.162420327523868e-07,3.978416631259662
1.8424244505494508e-07,23.373111263736266,5.182373543586629e-07,4.022993193049932
1.8474107142857145e-07,23.497767857142858,5.202547548032523e-07,4.067257719402413
1.8523969780219782e-07,23.62242445054945,5.222940776117528e-07,4.111205950834045
1.857383241758242e-07,23.747081043956044,5.24355164430565e-07,4.154834608534446
1.8623695054945056e-07,23.871737637362635,5.264378555072868e-07,4.198141370959407
1.8673557692307695e-07,23.996394230769234,5.285419901583205e-07,4.2411248457231405
1.8723420329670332e-07,24.121050824175825,5.306674072220657e-07,4.283784539626352
1.877328296703297e-07,24.245707417582416,5.328139454964244e-07,4.32612082541733
1.8823145604395606e-07,24.37036401098901,5.34981444159599e-07,4.368134907692382
1.8873008241758243e-07,24.495020604395602,5.371697431726616e-07,4.40982878354233
1.8922870879120882e-07,24.6196771978022,5.393786836635507e-07,4.451205207014351
1.897273351648352e-07,24.744333791208792,5.416081082905359e-07,4.492267641935484
1.9022596153846156e-07,24.868990384615383,5.438578615851342e-07,4.533020226196282
1.9072458791208793e-07,24.993646978021978,5.46127790273497e-07,4.573467720723003
1.912232142857143e-07,25.11830357142857,5.484177435749132e-07,4.613615468218947
1.917218406593407e-07,25.242960164835168,5.50727573477693e-07,4.6534693432387
1.9222046703296706e-07,25.36761675824176,5.530571349912942e-07,4.693035706317863
1.9271909340659343e-07,25.49227335164835,5.554062863745429e-07,4.732321353460238
1.932177197802198e-07,25.616929945054945,5.577748893392932e-07,4.771333467605135
1.9371634615384617e-07,25.741586538461537,5.601628092290988e-07,4.810079566418451
1.9421497252747256e-07,25.866243131868135,5.625699151734043e-07,4.848567455747023
1.9471359890109893e-07,25.990899725274726,5.649960802160691e-07,4.886805172701296
1.952122252747253e-07,26.11555631868132,5.674411814186629e-07,4.924800940795482
1.9571085164835167e-07,26.240212912087912,5.699050999386738e-07,4.962563113641362
1.9620947802197804e-07,26.364869505494504,5.723877210825072e-07,5.0001001295827265
1.9670810439560443e-07,26.489526098901102,5.748889343325915e-07,5.037420452643675
1.972067307692308e-07,26.614182692307693,5.774086333501439e-07,5.07453253336467
1.9770535714285717e-07,26.73883928571429,5.799467159531647e-07,5.111444748096438
1.9820398351648354e-07,26.86349587912088,5.825030840688041e-07,5.148165356303836
1.987026098901099e-07,26.98815247252747,5.850776436631765e-07,5.184702452278388
1.9920123626373628e-07,27.112809065934062,5.876703046458417e-07,5.221063911258507
1.9969986263736267e-07,27.23746565934066,5.902809807515276e-07,5.257257351465981
2.0019848901098904e-07,27.362122252747255,5.929095893989604e-07,5.2932900797233495
2.006971153846154e-07,27.486778846153847,5.955560515267254e-07,5.329169053155502
2.0119574175824178e-07,27.611435439560438,5.982202914077323e-07,5.364900831157563
2.0169436813186814e-07,27.73609203296703,6.00902236442262e-07,5.4004915369914155
2.0219299450549454e-07,27.860748626373628,6.036018169301566e-07,5.435946812034485
2.026916208791209e-07,27.985405219780223,6.063189658230586e-07,5.471271780995758
2.0319024725274728e-07,28.110061813186814,6.090536184577614e-07,5.506471010463806
2.0368887362637365e-07,28.234718406593405,6.118057122703011e-07,5.541548472631668
2.0418750000000001e-07,28.359374999999996,6.145751864926183e-07,5.576507511200437
2.046861263736264e-07,28.4840315934066,6.173619818326836e-07,5.611350808688946
2.0518475274725278e-07,28.60868818681319,6.201660401377522e-07,5.646080351040073
2.0568337912087915e-07,28.73334478021978,6.229873040422089e-07,5.680697400766986
2.0618200549450552e-07,28.858001373626372,6.258257166016607e-07,5.715202468240484
2.0668063186813188e-07,28.982657967032967,6.286812209131029e-07,5.7495952841654505
2.0717925824175828e-07,29.107314560439566,6.315537597223307e-07,5.783874775557277
2.0767788461538465e-07,29.231971153846157,6.344432750195382e-07,5.818039042045077
2.0817651098901102e-07,29.356627747252748,6.373497076245862e-07,5.852085337755776
2.0867513736263738e-07,29.48128434065934,6.402729967619254e-07,5.886010047659715
2.0917376373626375e-07,29.605940934065934,6.432130796280048e-07,5.919808680729705
2.0967239010989012e-07,29.730597527472526,6.461698909476093e-07,5.953475832172931
2.1017101648351652e-07,29.855254120879124,6.491433625266835e-07,5.987005206684986
2.1066964285714289e-07,29.979910714285715,6.521334227997966e-07,6.020389573645647
2.1116826923076925e-07,30.104567307692307,6.55139996368077e-07,6.0536207733291985
2.1166689560439562e-07,30.2292239010989,6.581630035380891e-07,6.086689714303641
2.12165521978022e-07,30.353880494505493,6.612023598560619e-07,6.119586357236718
2.126641483516484e-07,30.47853708791209,6.642579756398046e-07,6.1522997215926045
2.1316277472527476e-07,30.603193681318682,6.673297555109756e-07,6.184817880243024
2.1366140109890112e-07,30.727850274725274,6.704175979270418e-07,6.2171279634765
2.141600274725275e-07,30.85250686813187,6.735213947142765e-07,6.249216159061485
2.1465865384615386e-07,30.97716346153846,6.766410306031531e-07,6.281067721698758
2.1515728021978026e-07,31.10182005494506,6.797763827676396e-07,6.312666979164376
2.1565590659340662e-07,31.22647664835165,6.829273203677789e-07,6.3439973393203895
2.16154532967033e-07,31.35113324175824,6.860937040979976e-07,6.375041306036583
2.1665315934065936e-07,31.475789835164836,6.892753857410338e-07,6.405780485858747
2.1715178571428573e-07,31.600446428571427,6.924722077298077e-07,6.436195613170089
2.1765041208791213e-07,31.725103021978025,6.956840027168578e-07,6.466266555491155
2.181490384615385e-07,31.849759615384617,6.989105931524923e-07,6.4959723431478045
2.1864766483516486e-07,31.97441620879121,7.021517908726219e-07,6.5252911785939025
2.1914629120879123e-07,32.0990728021978,7.054073966976646e-07,6.554200471532038
2.196449175824176e-07,32.223729395604394,7.086772000431677e-07,6.582676851029819
2.20143543956044e-07,32.34838598901099,7.119609785413958e-07,6.610696197452066
2.2064217032967036e-07,32.473042582417584,7.152584976770029e-07,6.638233667255236
2.2114079670329673e-07,32.597699175824175,7.185695104364632e-07,6.665263723559275
2.216394230769231e-07,32.72235576923077,7.218937569712089e-07,6.691760160782588
2.2213804945054947e-07,32.847012362637365,7.252309642761271e-07,6.717696141830883
2.2263667582417584e-07,32.971668956043956,7.285808458842067e-07,6.74304422596752
2.2313530219780223e-07,33.096325549450555,7.319431015772878e-07,6.767776405778996
2.236339285714286e-07,33.220982142857146,7.353174171125974e-07,6.791864133874835
2.2413255494505497e-07,33.34563873626374,7.38703463968258e-07,6.815278372490122
2.2463118131868134e-07,33.47029532967033,7.421008991059645e-07,6.837989613222884
2.251298076923077e-07,33.59495192307692,7.455093647508316e-07,6.859967926367202
2.256284340659341e-07,33.71960851648352,7.48928488191822e-07,6.88118299457535
2.2612706043956047e-07,33.84426510989011,7.523578815994194e-07,6.901604148713513
2.2662568681318684e-07,33.9689217032967,7.557971418631611e-07,6.921200412033143
2.271243131868132e-07,34.0935782967033,7.59245850449317e-07,6.939940537224389
2.2762293956043958e-07,34.21823489010989,7.627035732765342e-07,6.957793041844685
2.2812156593406597e-07,34.34289148351649,7.661698606129354e-07,6.974726259314696
2.2862019230769234e-07,34.46754807692308,7.696442469932463e-07,6.990708368752267
2.291188186813187e-07,34.59220467032967,7.73126251154055e-07,7.005707438287372
2.2961744505494508e-07,34.71686126373626,7.766153759907958e-07,7.019691469302434
2.3011607142857145e-07,34.841517857142854,7.801111085353502e-07,7.032628435384796
2.3061469780219784e-07,34.96617445054945,7.836129199509076e-07,7.044486313102481
2.311133241758242e-07,35.090831043956044,7.871202655498609e-07,7.055233143962741
2.3161195054945058e-07,35.21548763736264,7.906325848297745e-07,7.064837045629421
2.3211057692307695e-07,35.34014423076923,7.941493015282139e-07,7.073266276627326
2.3260920329670332e-07,35.464800824175825,7.976698236994446e-07,7.080489259994237
2.3310782967032969e-07,35.589457417582416,8.011935438076845e-07,7.086474626467641
2.3360645604395608e-07,35.714114010989015,8.047198388406364e-07,7.091191253106814
2.3410508241758245e-07,35.838770604395606,8.08248070441209e-07,7.0946082981717495
2.3460370879120882e-07,35.9634271978022,8.117775850573675e-07,7.09669523942021
2.3510233516483519e-07,36.08808379120879,8.153077141097501e-07,7.0974219075910625
2.3560096153846156e-07,36.21274038461538,8.188377741766203e-07,7.096758522932506
2.3609958791208795e-07,36.33739697802198,8.223670671964528e-07,7.094675729892369
2.3659821428571432e-07,36.46205357142858,8.258948806861312e-07,7.091144625576307
2.370968406593407e-07,36.58671016483517,8.294204879753137e-07,7.086136796576373
2.3759546703296706e-07,36.71136675824176,8.329431484572078e-07,7.079624348471295
2.3809409340659342e-07,36.83602335164835,8.364621078535543e-07,7.07157993381421
2.385927197802198e-07,36.96067994505495,8.399765984942688e-07,7.061976783374941
2.390913461538462e-07,37.08533653846154,8.434858396112711e-07,7.050788732314299
2.3958997252747256e-07,37.20999313186813,8.469890376458464e-07,7.037990248716193
2.400885989010989e-07,37.33464972527472,8.50485386568334e-07,7.023556455002726
2.405872252747253e-07,37.459306318681314,8.539740682105423e-07,7.007463157955394
2.4108585164835166e-07,37.58396291208791,8.574542526098921e-07,6.989686866243138
2.4158447802197803e-07,37.708619505494504,8.609250983643496e-07,6.970204816551133
2.420831043956044e-07,37.833276098901095,8.643857529981211e-07,6.948994991088123
2.425817307692308e-07,37.9579326923077,8.678353533374408e-07,6.926036140934226
2.430803571428572e-07,38.08258928571429,8.71273025895481e-07,6.90130779974415
2.4357898351648356e-07,38.20724587912088,8.746978872659712e-07,6.874790305318092
2.4407760989010993e-07,38.331902472527474,8.78109044525472e-07,6.846464813164912
2.445762362637363e-07,38.456559065934066,8.815055956428555e-07,6.816313312217814
2.4507486263736266e-07,38.58121565934066,8.848866298960968e-07,6.784318638790985
2.4557348901098903e-07,38.705872252747255,8.882512282955403e-07,6.750464488965308
2.460721153846154e-07,38.83052884615385,8.915984640131384e-07,6.71473543048806
2.4657074175824177e-07,38.95518543956044,8.949274028171689e-07,6.6771169131744905
2.4706936813186814e-07,39.07984203296703,8.982371035119098e-07,6.637595278727815
2.4756799450549456e-07,39.204498626373635,9.015266183816345e-07,6.596157768523961
2.4806662087912093e-07,39.329155219780226,9.047949936386835e-07,6.552792532479849
2.485652472527473e-07,39.45381181318682,9.080412698749746e-07,6.507488634279483
2.4906387362637367e-07,39.57846840659341,9.1126448251641e-07,6.460236057983842
2.4956250000000004e-07,39.703125,9.144636622800358e-07,6.411025712747369
2.500611263736264e-07,39.82778159340659,9.176378356331627e-07,6.359849436209052
2.5055975274725277e-07,39.95243818681319,9.207860252543191e-07,6.306699998646386
2.5105837912087914e-07,40.07709478021978,9.239072504955263e-07,6.251571104358454
2.515570054945055e-07,40.20175137362637,9.270005278455437e-07,6.194457394359162
2.520556318681319e-07,40.326407967032964,9.300648713937101e-07,6.135354446278167
2.5255425824175825e-07,40.451064560439555,9.330992932943663e-07,6.074258776901575
2.5305288461538467e-07,40.57572115384616,9.361028042305871e-07,6.011167837120178
2.5355151098901104e-07,40.70037774725275,9.390744138784037e-07,5.946080018955101
2.540501373626374e-07,40.82503434065934,9.420131313700038e-07,5.8789946447007075
2.545487637362638e-07,40.949690934065934,9.449179657560092e-07,5.8099119740425165
2.5504739010989014e-07,41.07434752747253,9.477879264670409e-07,5.73883319433899
2.555460164835165e-07,41.199004120879124,9.506220237737381e-07,5.665760424081569
2.560446428571429e-07,41.323660714285715,9.534192692452721e-07,5.590696703583255
2.5654326923076925e-07,41.44831730769231,9.561786762064406e-07,5.513645998543115
2.570418956043956e-07,41.5729739010989,9.588992601925392e-07,5.434613187753972
2.57540521978022e-07,41.69763049450549,9.61580039402662e-07,5.3536040689309035
2.580391483516484e-07,41.822287087912095,9.642200351504868e-07,5.270625343060676
2.585377747252748e-07,41.946943681318686,9.668182723129761e-07,5.1856846214214425
2.5903640109890114e-07,42.07160027472528,9.693737797773084e-07,5.098790411699081
2.595350274725275e-07,42.19625686813187,9.718855908838285e-07,5.009952115766354
2.600336538461539e-07,42.32091346153847,9.743527438682491e-07,4.919180028819807
2.6053228021978025e-07,42.44557005494506,9.767742823002368e-07,4.826485325893139
2.610309065934066e-07,42.57022664835165,9.791492555194592e-07,4.731880064854968
2.61529532967033e-07,42.69488324175824,9.814767190690186e-07,4.6353771731257645
2.6202815934065936e-07,42.81953983516483,9.837557351262825e-07,4.536990450184183
2.625267857142857e-07,42.94419642857142,9.859853729308158e-07,4.436734553603083
2.630254120879121e-07,43.068853021978015,9.881647092089413e-07,4.334624999225167
2.635240384615385e-07,43.19350961538462,9.902928285966558e-07,4.230678154322925
2.640226648351649e-07,43.31816620879121,9.923688240584103e-07,4.124911227858509
2.6452129120879125e-07,43.44282280219781,9.943917973037792e-07,4.017342271419584
2.650199175824176e-07,43.5674793956044,9.963608592007857e-07,3.907990165021256
2.65518543956044e-07,43.69213598901099,9.98275130186438e-07,3.7968746197103136
2.6601717032967036e-07,43.816792582417584,1.000133740674675e-06,3.68401616464534
2.6651579670329673e-07,43.941449175824175,1.0019358314604136e-06,3.5694361441434084
2.670144230769231e-07,44.06610576923077,1.0036805541210575e-06,3.4531567103186385
2.6751304945054946e-07,44.19076236263736,1.0053670714156266e-06,3.3352008206803605
2.6801167582417583e-07,44.31541895604395,1.006994557679466e-06,3.2155922228916713
2.6851030219780225e-07,44.440075549450555,1.0085621992166415e-06,3.0943554601762933
2.690089285714286e-07,44.564732142857146,1.010069194689341e-06,2.9715158541702587
2.69507554945055e-07,44.689388736263744,1.0115147555031088e-06,2.847099504881183
2.7000618131868136e-07,44.814045329670336,1.0128981061897932e-06,2.721133281520601
2.7050480769230773e-07,44.93870192307693,1.0142184847864382e-06,2.5936448153021905
2.710034340659341e-07,45.06335851648352,1.015475143210987e-06,2.4646624935565704
2.7150206043956047e-07,45.18801510989011,1.016667347634048e-06,2.3342154498401517
2.7200068681318683e-07,45.3126717032967,1.0177943788476563e-06,2.2023335614175115
2.724993131868132e-07,45.43732829670329,1.018855532629471e-06,2.0690474337155074
2.7299793956043957e-07,45.56198489010988,1.0198501201032555e-06,1.9343884003485081
2.7349656593406594e-07,45.68664148351648,1.0207774680957332e-06,1.7983885089493905
2.7399519230769236e-07,45.81129807692309,1.0216369194880857e-06,1.6610805135614246
2.7449381868131873e-07,45.93595467032968,1.022427833563651e-06,1.522497867008157
2.749924450549451e-07,46.06061126373627,1.0231495863507242e-06,1.382674709036354
2.7549107142857147e-07,46.18526785714286,1.0238015709599937e-06,1.2416458566867365
2.7598969780219784e-07,46.30992445054945,1.0243831979168634e-06,1.0994467936217673
2.764883241758242e-07,46.434581043956044,1.0248938954879296e-06,0.9561136575724928
2.769869505494506e-07,46.559237637362635,1.025333110001112e-06,0.8116832276865245
2.7748557692307694e-07,46.683894230769226,1.025700306159389e-06,0.6661929117516703
2.779842032967033e-07,46.80855082417582,1.0259949673473884e-06,0.5196807304272096
2.784828296703297e-07,46.933207417582416,1.026216595930013e-06,0.37218530132105065
2.789814560439561e-07,47.05786401098902,1.0263647135431724e-06,0.2237458226182851
2.7948008241758247e-07,47.18252060439561,1.0264388613752727e-06,0.07440205266132145
2.7997870879120884e-07,47.307177197802204,1.0264386004394302e-06,-0.07580570840623933
2.804773351648352e-07,47.431833791208796,1.0263635118356072e-06,-0.22683664095018766
2.809759615384616e-07,47.55649038461539,1.0262131970021819e-06,-0.3786494276749709
2.8147458791208794e-07,47.68114697802198,1.0259872779565953e-06,-0.531202276670547
2.819732142857143e-07,47.80580357142857,1.0256853975247029e-06,-0.6844529452379771
2.824718406593407e-07,47.93046016483516,1.0253072195587366e-06,-0.8383587627808184
2.8297046703296705e-07,48.05511675824176,1.024852429143635e-06,-0.992876655896562
2.834690934065934e-07,48.17977335164835,1.0243207327919537e-06,-1.1479631694036223
2.8396771978021984e-07,48.304429945054956,1.0237118586271818e-06,-1.3035744928488282
2.844663461538462e-07,48.42908653846155,1.02302555655562e-06,-1.4596664793759138
2.849649725274726e-07,48.55374313186814,1.022261598427302e-06,-1.6161946714074176
2.8546359890109895e-07,48.67839972527473,1.0214197781855862e-06,-1.7731143198502022
2.859622252747253e-07,48.80305631868132,1.020499912005863e-06,-1.9303804086828187
2.864608516483517e-07,48.92771291208791,1.0195018384236533e-06,-2.087947672454136
2.8695947802197805e-07,49.052369505494504,1.0184254184516892e-06,-2.24577062327742
2.874581043956044e-07,49.177026098901095,1.017270535686687e-06,-2.40380356466282
2.879567307692308e-07,49.30168269230769,1.0160370964056496e-06,-2.5620006203227916
2.8845535714285716e-07,49.426339285714285,1.014725029651365e-06,-2.720315748304268
2.8895398351648353e-07,49.550995879120876,1.0133342873088545e-06,-2.878702763692826
2.8945260989010995e-07,49.67565247252748,1.0118648441699626e-06,-3.037115363726315
2.899512362637363e-07,49.80030906593407,1.0103166979887767e-06,-3.195507139423194
2.904498626373627e-07,49.924965659340664,1.0086898695276697e-06,-3.3538316022453634
2.9094848901098905e-07,50.049622252747255,1.0069844025924862e-06,-3.512042201053929
2.914471153846154e-07,50.17427884615385,1.0052003640585602e-06,-3.6700923423697294
2.919457417582418e-07,50.29893543956044,1.0033378438872665e-06,-3.8279354083297323
2.9244436813186816e-07,50.423592032967036,1.0013969551325184e-06,-3.9855247795964535
2.9294299450549453e-07,50.54824862637363,9.993778339393427e-07,-4.142813844235719
2.934416208791209e-07,50.67290521978022,9.97280639532086e-07,-4.299756031290006
2.9394024725274727e-07,50.79756181318681,9.951055541948032e-07,-4.456304808413818
2.944388736263737e-07,50.922218406593416,9.928527832431423e-07,-4.612413719217623
2.9493750000000006e-07,51.04687500000001,9.905225549867353e-07,-4.768036384010147
2.954361263736264e-07,51.1715315934066,9.881151206859424e-07,-4.92312652226218
2.959347527472528e-07,51.29618818681319,9.85630754498201e-07,-5.0776379723038545
2.9643337912087916e-07,51.42084478021978,9.830697534188453e-07,-5.2315246939358655
2.9693200549450553e-07,51.54550137362637,9.80432437215084e-07,-5.384740793931954
2.974306318681319e-07,51.67015796703297,9.777191483514856e-07,-5.537240534839763
2.9792925824175827e-07,51.79481456043956,9.749302519097025e-07,-5.6889783497403865
2.9842788461538464e-07,51.91947115384615,9.72066135502896e-07,-5.839908848970029
2.98926510989011e-07,52.044127747252745,9.691272091824537e-07,-5.989986845096603
2.994251373626374e-07,52.168784340659336,9.661139053402183e-07,-6.13916734581017
2.999237637362638e-07,52.29344093406594,9.63026678605232e-07,-6.287405583958079
3.0042239010989016e-07,52.41809752747253,9.598660057328238e-07,-6.434657018268073
3.0092101648351653e-07,52.542754120879124,9.566323854918576e-07,-6.580877340490726
3.014196428571429e-07,52.667410714285715,9.533263385447382e-07,-6.7260224978762295
3.0191826923076927e-07,52.792067307692314,9.49948407322006e-07,-6.870048692581354
3.0241689560439564e-07,52.916723901098905,9.464991558940934e-07,-7.012912394206506
3.02915521978022e-07,53.041380494505496,9.429791698361855e-07,-7.1545703553519155
3.034141483516484e-07,53.16603708791209,9.393890560891827e-07,-7.294979611981816
3.0391277472527474e-07,53.29069368131868,9.357294428157123e-07,-7.434097503537599
3.044114010989011e-07,53.41535027472527,9.320009792503029e-07,-7.57188167650973
3.0491002747252753e-07,53.540006868131876,9.28204335546589e-07,-7.70829009325813
3.054086538461539e-07,53.66466346153847,9.243402026164692e-07,-7.843281055988479
3.0590728021978027e-07,53.78932005494506,9.204092919654999e-07,-7.9768131981336134
3.0640590659340664e-07,53.91397664835165,9.164123355234625e-07,-8.10884551294851
3.06904532967033e-07,54.03863324175825,9.123500854670056e-07,-8.239337357019618
3.074031593406594e-07,54.16328983516484,9.082233140377357e-07,-8.368248465513277
3.0790178571428575e-07,54.28794642857143,9.040328133537215e-07,-8.49553896371675
3.084004120879121e-07,54.41260302197802,8.997793952132748e-07,-8.621169387032136
3.088990384615385e-07,54.53725961538461,8.954638908924799e-07,-8.745100686315647
3.0939766483516485e-07,54.661916208791204,8.910871509352546e-07,-8.86729425311311
3.098962912087912e-07,54.786572802197796,8.866500449346555e-07,-8.987711929806014
3.1039491758241764e-07,54.9112293956044,8.82153461306299e-07,-9.106316031644853
3.10893543956044e-07,55.03588598901099,8.775983070521038e-07,-9.22306936387364
3.113921703296704e-07,55.16054258241759,8.729855075156025e-07,-9.337935238839682
3.1189079670329675e-07,55.28519917582418,8.683160061262763e-07,-9.450877503409071
3.123894230769231e-07,55.409855769230774,8.635907641328342e-07,-9.561860556164392
3.128880494505495e-07,55.534512362637365,8.588107603265678e-07,-9.670849370497532
3.1338667582417585e-07,55.659168956043956,8.539769907523334e-07,-9.777809521517009
3.138853021978022e-07,55.78382554945055,8.490904684057675e-07,-9.882707214738158
3.143839285714286e-07,55.90848214285714,8.441522229179735e-07,-9.985509307991236
3.1488255494505496e-07,56.03313873626373,8.391633002277198e-07,-10.086183339949788
3.153811813186814e-07,56.157795329670336,8.341247622369037e-07,-10.18469756919509
3.1587980769230775e-07,56.28245192307693,8.290376864509565e-07,-10.28102099572201
3.163784340659341e-07,56.407108516483525,8.239031656050007e-07,-10.375123397006359
3.168770604395605e-07,56.53176510989012,8.187223072703419e-07,-10.466975371186
3.1737568681318686e-07,56.65642170329671,8.134962334457629e-07,-10.556548354949028
3.178743131868132e-07,56.7810782967033,8.082260801296885e-07,-10.643814682921613
3.183729395604396e-07,56.90573489010989,8.029129968726307e-07,-10.728747607419066
3.1887156593406596e-07,57.03039148351648,7.975581463113838e-07,-10.811321352322869
3.1937019230769233e-07,57.15504807692307,7.921627036810928e-07,-10.89151114812394
3.198688186813187e-07,57.279704670329664,7.867278563071834e-07,-10.969293277906175
3.2036744505494507e-07,57.40436126373626,7.812548030749526e-07,-11.044645121200002
3.208660714285715e-07,57.52901785714287,7.757447538764647e-07,-11.117545201349992
3.2136469780219786e-07,57.65367445054946,7.701989290342942e-07,-11.187973231184461
3.218633241758242e-07,57.77833104395605,7.646185587014631e-07,-11.25591016303911
3.223619505494506e-07,57.90298763736264,7.59004882237032e-07,-11.321338236486907
3.2286057692307696e-07,58.02764423076923,7.53359147556247e-07,-11.384241032862874
3.2335920329670333e-07,58.152300824175825,7.476826104552329e-07,-11.444603522888285
3.238578296703297e-07,58.276957417582416,7.419765339100515e-07,-11.502412122000552
3.2435645604395607e-07,58.40161401098901,7.362421873484169e-07,-11.557654744782685
3.2485508241758244e-07,58.5262706043956,7.304808458955812e-07,-11.610320854135086
3.253537087912088e-07,58.6509271978022,7.246937895926961e-07,-11.66040152262388
3.2585233516483523e-07,58.7755837912088,7.188823025877056e-07,-11.707889481242207
3.263509615384616e-07,58.900240384615394,7.130476722991589e-07,-11.752779179324236
3.2684958791208797e-07,59.024896978021985,7.071911885520139e-07,-11.795066836906031
3.2734821428571433e-07,59.14955357142858,7.013141426863608e-07,-11.834750500950793
3.278468406593407e-07,59.27421016483517,6.954178266386612e-07,-11.871830099282622
3.2834546703296707e-07,59.39886675824176,6.895035319956612e-07,-11.906307496158673
3.2884409340659344e-07,59.52352335164835,6.83572549021651e-07,-11.938186543478567
3.293427197802198e-07,59.64817994505495,6.776261656592864e-07,-11.967473135475483
3.298413461538462e-07,59.77283653846154,6.716656665044899e-07,-11.994175257811301
3.3033997252747255e-07,59.89749313186814,6.656923317563119e-07,-12.01830303872347
3.308385989010989e-07,60.02214972527473,6.59707436142388e-07,-12.039868795530541
3.3133722527472534e-07,60.14680631868132,6.537122478209612e-07,-12.058887081874614
3.318358516483517e-07,60.27146291208791,6.477080272606356e-07,-12.075374729512879
3.3233447802197807e-07,60.396119505494504,6.416960260987908e-07,-12.089350891826411
3.3283310439560444e-07,60.520776098901095,6.356774859804116e-07,-12.10083707849875
3.333317307692308e-07,60.645432692307686,6.296536373790388e-07,-12.109857192215669
3.338303571428572e-07,60.77008928571428,6.236256984002018e-07,-12.116437561826704
3.3432898351648355e-07,60.894745879120876,6.175948735707744e-07,-12.120606965203175
3.348276098901099e-07,61.01940247252747,6.115623526153688e-07,-12.122396657951414
3.353262362637363e-07,61.14405906593406,6.055293092215337e-07,-12.121840389100461
3.3582486263736265e-07,61.26871565934065,5.994968997971024e-07,-12.118974416382306
3.363234890109891e-07,61.39337225274727,5.934662622206338e-07,-12.113837518143441
3.3682211538461544e-07,61.51802884615386,5.874385145892132e-07,-12.106470991397865
3.373207417582418e-07,61.64268543956045,5.814147539649014e-07,-12.096918658647871
3.378193681318682e-07,61.76734203296704,5.753960551224911e-07,-12.085226855129706
3.3831799450549455e-07,61.891998626373635,5.693834693035604e-07,-12.071444415662924
3.388166208791209e-07,62.016655219780226,5.633780229766054e-07,-12.055622662738257
3.393152472527473e-07,62.14131181318682,5.573807166088145e-07,-12.03781537094498
3.3981387362637366e-07,62.265968406593416,5.51392523452931e-07,-12.018078741322437
3.403125e-07,62.39062500000001,5.454143883508092e-07,-11.996471359199155
3.408111263736264e-07,62.5152815934066,5.394472265575973e-07,-11.973054152833932
3.413097527472528e-07,62.63993818681319,5.334919225918014e-07,-11.947890330036786
3.418083791208792e-07,62.76459478021978,5.275493291114354e-07,-11.921045336141766
3.4230700549450555e-07,62.88925137362637,5.21620265822495e-07,-11.892586765305046
3.428056318681319e-07,63.013907967032964,5.157055184219768e-07,-11.862584309834679
3.433042582417583e-07,63.138564560439555,5.098058375784003e-07,-11.831109659334924
3.4380288461538466e-07,63.26322115384615,5.039219379562261e-07,-11.798236424539029
3.44301510989011e-07,63.387877747252745,4.980544972828094e-07,-11.764040041819547
3.448001373626374e-07,63.512534340659336,4.92204155465412e-07,-11.728597666767417
3.4529876373626376e-07,63.63719093406593,4.863715137590104e-07,-11.691988075839134
3.4579739010989013e-07,63.76184752747252,4.805571339884644e-07,-11.654291545474273
3.462960164835165e-07,63.88650412087911,4.747615378286454e-07,-11.615589739396382
3.467946428571429e-07,64.01116071428572,4.6898520614496185e-07,-11.57596557785441
3.472932692307693e-07,64.13581730769232,4.632285783956711e-07,-11.535503119399365
3.4779189560439566e-07,64.26047390109892,4.5749205209994855e-07,-11.494287414086628
3.4829052197802203e-07,64.3851304945055,4.517759823721002e-07,-11.452404383827506
3.487891483516484e-07,64.5097870879121,4.460806815248975e-07,-11.409940663460313
3.4928777472527477e-07,64.63444368131869,4.4040641874372493e-07,-11.366983474511137
3.4978640109890113e-07,64.75910027472528,4.347534198316484e-07,-11.323620465624815
3.502850274725275e-07,64.88375686813187,4.29121867026732e-07,-11.279939581208595
3.5078365384615387e-07,65.00841346153847,4.23511898891027e-07,-11.236028903995015
3.5128228021978024e-07,65.13307005494507,4.1792361027402124e-07,-11.191976512645892
3.5178090659340666e-07,65.25772664835165,4.1235705235017054e-07,-11.147870325768556
3.5227953296703303e-07,65.38238324175825,4.0681223272461977e-07,-11.103797983330063
3.527781593406594e-07,65.50703983516483,4.0128911561188854e-07,-11.059846671250009
3.5327678571428577e-07,65.63169642857143,3.957876220865464e-07,-11.016103007146498
3.5377541208791214e-07,65.75635302197801,3.9030763040010796e-07,-10.972652887815755
3.542740384615385e-07,65.88100961538461,3.8484897636248277e-07,-10.929581381918887
3.5477266483516487e-07,66.0056662087912,3.7941145378996597e-07,-10.886972569325069
3.5527129120879124e-07,66.1303228021978,3.73994815013031e-07,-10.844909461240752
3.557699175824176e-07,66.2549793956044,3.685987714405356e-07,-10.80347385284085
3.56268543956044e-07,66.37963598901098,3.632229941795544e-07,-10.76274624695421
3.5676717032967035e-07,66.50429258241758,3.578671147039167e-07,-10.722805734347585
3.5726579670329677e-07,66.62894917582419,3.5253072557088716e-07,-10.683729919905373
3.5776442307692314e-07,66.75360576923079,3.4721338117690694e-07,-10.645594839376647
3.582630494505495e-07,66.87826236263737,3.419145985531188e-07,-10.60847488276626
3.587616758241759e-07,67.00291895604397,3.366338581911496e-07,-10.572442749531708
3.5926030219780224e-07,67.12757554945055,3.313706048959007e-07,-10.537569384947206
3.597589285714286e-07,67.25223214285715,3.261242486613731e-07,-10.503923951585941
3.60257554945055e-07,67.37688873626374,3.208941655626173e-07,-10.471573793375509
3.6075618131868135e-07,67.50154532967034,3.15679698657981e-07,-10.440584430735882
3.612548076923077e-07,67.62620192307693,3.1048015889685887e-07,-10.411019543880949
3.617534340659341e-07,67.75085851648352,3.052948260287811e-07,-10.38294098495654
3.622520604395605e-07,67.87551510989012,3.0012294950603794e-07,-10.356408792705004
3.627506868131869e-07,68.0001717032967,2.9496374937483594e-07,-10.331481224852448
3.6324931318681325e-07,68.1248282967033,2.898164171500719e-07,-10.308214792678724
3.637479395604396e-07,68.24948489010988,2.846801166699745e-07,-10.286664308534858
3.64246565934066e-07,68.37414148351648,2.7955398492284545e-07,-10.26688295182647
3.6474519230769235e-07,68.49879807692307,2.744371328413726e-07,-10.248922334783288
3.652438186813187e-07,68.62345467032966,2.6932864606109776e-07,-10.232832582320707
3.657424450549451e-07,68.74811126373626,2.642275856387509e-07,-10.21866241515855
3.6624107142857146e-07,68.87276785714285,2.5913298872318265e-07,-10.206459259058795
3.667396978021978e-07,68.99742445054945,2.5404386917768694e-07,-10.196269332790887
3.672383241758242e-07,69.12208104395603,2.489592181504659e-07,-10.188137770732599
3.677369505494506e-07,69.24673763736266,2.4387800458620773e-07,-10.182108739031815
3.68235576923077e-07,69.37139423076924,2.387991756772046e-07,-10.178225564818248
3.6873420329670335e-07,69.49605082417584,2.3372165725316124e-07,-10.176530855722552
3.692328296703297e-07,69.62070741758242,2.2864435410581832e-07,-10.177066645080124
3.697314560439561e-07,69.74536401098902,2.2356615024128553e-07,-10.179874540089344
3.7023008241758246e-07,69.87002060439562,2.184859090636932e-07,-10.18499585256614
3.7072870879120883e-07,69.9946771978022,2.1340247349010006e-07,-10.192471747999296
3.712273351648352e-07,70.1193337912088,2.0831466598748374e-07,-10.202343413649352
3.7172596153846156e-07,70.24399038461539,2.0322128853038382e-07,-10.214652213828456
3.7222458791208793e-07,70.36864697802199,1.981211224907754e-07,-10.229439812667689
3.7272321428571435e-07,70.49330357142857,1.9301292844333227e-07,-10.246748399403556
3.732218406593407e-07,70.61796016483517,1.8789544589268202e-07,-10.266620786231355
3.737204670329671e-07,70.74261675824175,1.8276739293916372e-07,-10.289100573112957
3.7421909340659346e-07,70.86727335164835,1.7762746586179752e-07,-10.314232338140854
3.7471771978021983e-07,70.99192994505495,1.7247433864378508e-07,-10.342061712324753
3.752163461538462e-07,71.11658653846153,1.6730666245149428e-07,-10.372635546753385
3.7571497252747257e-07,71.24124313186813,1.6212306499052114e-07,-10.406002327221367
3.7621359890109894e-07,71.36589972527472,1.5692214991492938e-07,-10.442211678035655
3.767122252747253e-07,71.49055631868131,1.5170249686100424e-07,-10.48131258022578
3.7721085164835167e-07,71.6152129120879,1.4646266027081683e-07,-10.523360411491142
3.7770947802197804e-07,71.7398695054945,1.4120116978903133e-07,-10.568404107236255
3.7820810439560446e-07,71.86452609890111,1.3591654885192026e-07,-10.616426590035037
3.7870673076923083e-07,71.98918269230771,1.306073083945551e-07,-10.667508028530847
3.792053571428572e-07,72.11383928571429,1.252718953072997e-07,-10.721843752994065
3.7970398351648357e-07,72.23849587912089,1.1990880731543537e-07,-10.779061625904893
3.8020260989010994e-07,72.36315247252749,1.1451704193958946e-07,-10.83755633553542
3.807012362637363e-07,72.48780906593407,1.0909673917364267e-07,-10.894380769999174
3.811998626373627e-07,72.61246565934067,1.0364977083045732e-07,-10.945670914634919
3.8169848901098904e-07,72.73712225274726,9.818004195416661e-08,-10.987464446843944
3.821971153846154e-07,72.86177884615385,9.269341588293075e-08,-11.016392746139806
3.826957417582418e-07,72.98643543956044,8.719744504288457e-08,-11.029771269492906
3.831943681318682e-07,73.11109203296704,8.17012064354962e-08,-11.0251449939891
3.8369299450549457e-07,73.23574862637362,7.62154256690789e-08,-10.99963943031288
3.8419162087912094e-07,73.36040521978022,7.075289525186031e-08,-10.949381941809857
3.846902472527473e-07,73.48506181318682,6.532907026160827e-08,-10.86908760812867
3.851888736263737e-07,73.6097184065934,5.996264994382434e-08,-10.751823477616375
3.8568750000000004e-07,73.734375,5.4675888516315044e-08,-10.588972977107666
3.861861263736264e-07,73.85903159340658,4.949432840447335e-08,-10.370468301676224
3.866847527472528e-07,73.98368818681318,4.444569300532376e-08,-10.085403243047514
3.8718337912087915e-07,74.10834478021977,3.9557953478498233e-08,-9.723150701183297
3.876820054945055e-07,74.23300137362637,3.485719848747697e-08,-9.275054034385258
3.8818063186813194e-07,74.35765796703298,3.036671926612826e-08,-8.736607247651806
3.886792582417583e-07,74.48231456043958,2.6108977347037136e-08,-8.109783186478854
3.891778846153847e-07,74.60697115384617,2.211081374704083e-08,-7.404881039103338
3.8967651098901105e-07,74.73162774725276,1.840917421016199e-08,-6.641105823560844
3.901751373626374e-07,74.85628434065936,1.5051843826261933e-08,-5.8452577867072515
3.906737637362638e-07,74.98094093406594,1.2088869150898547e-08,-5.048472293541666
3.9117239010989015e-07,75.10559752747254,9.556584086560028e-09,-4.28171872588695
3.916710164835165e-07,75.23025412087912,7.462735301901187e-09,-3.5713258844055185
3.921696428571429e-07,75.35491071428572,5.781507678058295e-09,-2.93579758035764
3.9266826923076926e-07,75.4795673076923,4.460597463001255e-09,-2.38461406352637
3.9316689560439563e-07,75.6042239010989,3.435143314503803e-09,-1.9189376532430618
3.9366552197802205e-07,75.7288804945055,2.6411394192112417e-09,-1.5335746574911218
3.941641483516484e-07,75.85353708791209,2.02381613396458e-09,-1.2193859218934797
3.946627747252748e-07,75.97819368131869,1.5405085830922091e-09,-0.9655080449215014
3.9516140109890115e-07,76.10285027472527,1.1598442817734558e-09,-0.761044996873396
3.956600274725275e-07,76.22750686813187,8.593636339944114e-10,-0.5961503795361269
3.961586538461539e-07,76.35216346153845,6.229738025373037e-10,-0.46257613379518975
3.9665728021978026e-07,76.47682005494505,4.3885194304775767e-10,-0.3538223848672011
3.9715590659340663e-07,76.60147664835164,2.979239990955156e-10,-0.26502393840930744
3.97654532967033e-07,76.72613324175823,1.9283930311928042e-10,-0.19268787432652398
3.9815315934065937e-07,76.85078983516483,1.1731538230895894e-10,-0.13437320240864428
3.986517857142858e-07,76.97544642857144,6.574155908036442e-11,-0.08837907249182984
3.9915041208791216e-07,77.10010302197804,3.2957784175531677e-11,-0.053472435906783036
3.996490384615385e-07,77.22475961538463,1.4159025070017225e-11,-0.028634429171105986
4.001476648351649e-07,77.34941620879123,4.918646638962903e-12,-0.01276339485185535
4.0064629120879126e-07,77.47407280219781,1.3579228423673496e-12,-0.004319278350915389
4.0114491758241763e-07,77.59872939560441,4.5323259439592967e-13,-0.0011002942714215611
4.01643543956044e-07,77.72338598901099,3.2403934608317614e-13,-0.0005389335390863434
4.0214217032967037e-07,77.84804258241759,2.1768224404926754e-13,-0.0005795882258947134
4.0264079670329674e-07,77.97269917582418,8.162489852272228e-14,-0.0003919677779742495
4.031394230769231e-07,78.09735576923077,1.5103030391534087e-14,-0.00013635165240690597
4.036380494505495e-07,78.22201236263737,7.661078205050834e-15,-5.398470236475418e-05
4.041366758241759e-07,78.34666895604396,7.560823092577742e-15,-4.4516218870725165e-05
4.0463530219780226e-07,78.47132554945055,4.424166308389497e-15,-2.7969345494205683e-05
4.0513392857142863e-07,78.59598214285714,2.489872980982736e-15,-1.6361000120702078e-05
4.05632554945055e-07,78.72063873626374,1.488724568861285e-15,-9.970565118898774e-06
4.0613118131868137e-07,78.84529532967032,8.8539921234576615e-16,-6.060295955813895e-06
4.0662980769230774e-07,78.96995192307692,5.235843451879048e-16,-3.690042741169572e-06
4.071284340659341e-07,79.09460851648352,3.074643965139066e-16,-2.2359026253578237e-06
4.076270604395605e-07,79.2192651098901,1.8080958434652414e-16,-1.3555188737747443e-06
4.0812568681318684e-07,79.3439217032967,1.0668898308975236e-16,-8.207572227152333e-07
4.086243131868132e-07,79.46857829670328,6.321653816069201e-17,-4.984854263137934e-07
4.0912293956043963e-07,79.59323489010991,3.7365574435652914e-17,-3.0271532567701166e-07
4.09621565934066e-07,79.7178914835165,2.2079090693565642e-17,-1.8352586424402615e-07
4.1012019230769237e-07,79.8425480769231,1.3090205652429329e-17,-1.1138002849117272e-07
4.1061881868131874e-07,79.96720467032968,7.777722838210225e-18,-6.760419561925427e-08
4.111174450549451e-07,80.09186126373628,4.624495208500319e-18,-4.108580965236155e-08
4.116160714285715e-07,80.21651785714286,2.742045384758572e-18,-2.4963719701679864e-08
4.1211469780219785e-07,80.34117445054946,1.6153206578532652e-18,-1.5186397012141137e-08
4.126133241758242e-07,80.46583104395606,9.421997427382295e-19,-9.21530443163734e-09
4.131119505494506e-07,80.59048763736264,5.491602691938855e-19,-5.578953271280428e-09
4.1361057692307695e-07,80.71514423076924,3.2146126749551145e-19,-3.3846289583406087e-09
4.141092032967033e-07,80.83980082417582,1.8852997113935371e-19,-2.0514769119018017e-09
4.1460782967032974e-07,80.96445741758242,1.1085570996874757e-19,-1.246085861526451e-09
4.151064560439561e-07,81.08911401098901,6.517405364551734e-20,-7.556824106534675e-10
4.156050824175825e-07,81.2137706043956,3.838140325827429e-20,-4.592983034188098e-10
4.1610370879120885e-07,81.33842719780219,2.249988926032365e-20,-2.7888946727991636e-10
4.166023351648352e-07,81.46308379120879,1.3177666024011492e-20,-1.6926807199783454e-10
4.171009615384616e-07,81.58774038461539,7.658789177779301e-21,-1.0302543919420463e-10
4.1759958791208795e-07,81.71239697802197,4.378773293225699e-21,-6.24762377061177e-11
4.180982142857143e-07,81.83705357142857,2.492435893543238e-21,-3.786742005675029e-11
4.185968406593407e-07,81.96171016483515,1.4270023743008416e-21,-2.2906211488799124e-11
4.1909546703296706e-07,82.08636675824175,8.239783898354129e-22,-1.3919777993875466e-11
4.195940934065935e-07,82.21102335164836,4.747154377861477e-22,-8.434084336361366e-12
4.2009271978021985e-07,82.33567994505496,2.74557288515573e-22,-5.128377571495064e-12
4.205913461538462e-07,82.46033653846155,1.5739627735580544e-22,-3.111679995669118e-12
4.210899725274726e-07,82.58499313186815,9.036779950839124e-23,-1.888859582955535e-12
4.2158859890109896e-07,82.70964972527473,5.184848763690333e-23,-1.1470266149182012e-12
4.220872252747253e-07,82.83430631868133,2.9453289089501644e-23,-6.974272470777458e-13
4.225858516483517e-07,82.95896291208793,1.6249182340717823e-23,-4.2401738166470546e-13
4.2308447802197806e-07,83.08361950549451,8.783680772731204e-24,-2.5657948506801404e-13
4.2358310439560443e-07,83.20827609890111,4.798901559113842e-24,-1.5561446329531993e-13
4.240817307692308e-07,83.3329326923077,2.61147893966468e-24,-9.442684102103227e-14
4.2458035714285717e-07,83.45758928571429,1.4019716357701075e-24,-5.734028845264278e-14
4.250789835164836e-07,83.58224587912088,7.414765394728263e-25,-3.4770329202723435e-14
4.2557760989010996e-07,83.70690247252747,3.8865605263221807e-25,-2.1120148030871912e-14
4.2607623626373633e-07,83.83155906593407,2.0038382129947583e-25,-1.2806189336907297e-14
4.265748626373627e-07,83.95621565934066,1.0140605865204094e-25,-7.789330720853754e-15
4.2707348901098906e-07,84.08087225274726,4.488669392968226e-26,-4.7365798957876454e-15
4.2757211538461543e-07,84.20552884615384,1.447358118133786e-26,-2.874596593149015e-15
4.280707417582418e-07,84.33018543956044,9.880323257482083e-28,-1.739754217301741e-15
4.2856936813186817e-07,84.45484203296702,-3.358217243955829e-27,-1.0544408829591749e-15
4.2906799450549454e-07,84.57949862637362,-4.1902417608882066e-27,-6.396570805485698e-16
4.295666208791209e-07,84.7041552197802,-3.7205782269057586e-27,-3.8794750569114276e-16
4.3006524725274733e-07,84.82881181318683,-2.9086597308786297e-27,-2.3563690513702744e-16
4.305638736263737e-07,84.95346840659342,6.421357807256326e-25,3.189943127973806e-14
